K,N,L,T,delta_stab,delta_val,target_bias,influence_mode,coupled_generation,K_requested,K_actual,K_master,N_master,L_master,T_master,budget,method,objective,curve_type,seed_count,seed_values,certified_fraction,certified_fraction_min,certified_fraction_max,certified_fraction_minus,certified_fraction_plus,attacked_fraction,attacked_fraction_min,attacked_fraction_max,attacked_fraction_minus,attacked_fraction_plus,mean_radius,mean_radius_min,mean_radius_max,mean_radius_minus,mean_radius_plus,median_radius,median_radius_min,median_radius_max,median_radius_minus,median_radius_plus,min_radius,min_radius_min,min_radius_max,min_radius_minus,min_radius_plus,max_radius,max_radius_min,max_radius_max,max_radius_minus,max_radius_plus,num_certified,num_certified_min,num_certified_max,num_certified_minus,num_certified_plus,num_known,num_known_min,num_known_max,num_known_minus,num_known_plus,num_unknown,num_unknown_min,num_unknown_max,num_unknown_minus,num_unknown_plus,num_total,num_total_min,num_total_max,num_total_minus,num_total_plus
20,4,5,3,0.2,0.2,0.3,dense,True,20,20,20,4,5,15,0,DPA token margin,full_response_stable_against_any_token_change,radius_derived,5,"0,10,20,30,40",1.0,1.0,1.0,0.0,0.0,0.0,0.0,0.0,0.0,0.0,7.45,6.5,8.75,0.9500000000000002,1.2999999999999998,7.6,6.0,9.0,1.5999999999999996,1.4000000000000004,5.4,3.0,8.0,2.4000000000000004,2.5999999999999996,9.2,9.0,10.0,0.1999999999999993,0.8000000000000007,4.0,4.0,4.0,0.0,0.0,4.0,4.0,4.0,0.0,0.0,0.0,0.0,0.0,0.0,0.0,4.0,4.0,4.0,0.0,0.0
20,4,5,3,0.2,0.2,0.3,dense,True,20,20,20,4,5,15,1,DPA token margin,full_response_stable_against_any_token_change,radius_derived,5,"0,10,20,30,40",1.0,1.0,1.0,0.0,0.0,0.0,0.0,0.0,0.0,0.0,7.45,6.5,8.75,0.9500000000000002,1.2999999999999998,7.6,6.0,9.0,1.5999999999999996,1.4000000000000004,5.4,3.0,8.0,2.4000000000000004,2.5999999999999996,9.2,9.0,10.0,0.1999999999999993,0.8000000000000007,4.0,4.0,4.0,0.0,0.0,4.0,4.0,4.0,0.0,0.0,0.0,0.0,0.0,0.0,0.0,4.0,4.0,4.0,0.0,0.0
20,4,5,3,0.2,0.2,0.3,dense,True,20,20,20,4,5,15,2,DPA token margin,full_response_stable_against_any_token_change,radius_derived,5,"0,10,20,30,40",1.0,1.0,1.0,0.0,0.0,0.0,0.0,0.0,0.0,0.0,7.45,6.5,8.75,0.9500000000000002,1.2999999999999998,7.6,6.0,9.0,1.5999999999999996,1.4000000000000004,5.4,3.0,8.0,2.4000000000000004,2.5999999999999996,9.2,9.0,10.0,0.1999999999999993,0.8000000000000007,4.0,4.0,4.0,0.0,0.0,4.0,4.0,4.0,0.0,0.0,0.0,0.0,0.0,0.0,0.0,4.0,4.0,4.0,0.0,0.0
20,4,5,3,0.2,0.2,0.3,dense,True,20,20,20,4,5,15,3,DPA token margin,full_response_stable_against_any_token_change,radius_derived,5,"0,10,20,30,40",0.95,0.75,1.0,0.19999999999999996,0.050000000000000044,0.05,0.0,0.25,0.05,0.2,7.45,6.5,8.75,0.9500000000000002,1.2999999999999998,7.6,6.0,9.0,1.5999999999999996,1.4000000000000004,5.4,3.0,8.0,2.4000000000000004,2.5999999999999996,9.2,9.0,10.0,0.1999999999999993,0.8000000000000007,3.8,3.0,4.0,0.7999999999999998,0.20000000000000018,4.0,4.0,4.0,0.0,0.0,0.0,0.0,0.0,0.0,0.0,4.0,4.0,4.0,0.0,0.0
20,4,5,3,0.2,0.2,0.3,dense,True,20,20,20,4,5,15,4,DPA token margin,full_response_stable_against_any_token_change,radius_derived,5,"0,10,20,30,40",0.95,0.75,1.0,0.19999999999999996,0.050000000000000044,0.05,0.0,0.25,0.05,0.2,7.45,6.5,8.75,0.9500000000000002,1.2999999999999998,7.6,6.0,9.0,1.5999999999999996,1.4000000000000004,5.4,3.0,8.0,2.4000000000000004,2.5999999999999996,9.2,9.0,10.0,0.1999999999999993,0.8000000000000007,3.8,3.0,4.0,0.7999999999999998,0.20000000000000018,4.0,4.0,4.0,0.0,0.0,0.0,0.0,0.0,0.0,0.0,4.0,4.0,4.0,0.0,0.0
20,4,5,3,0.2,0.2,0.3,dense,True,20,20,20,4,5,15,5,DPA token margin,full_response_stable_against_any_token_change,radius_derived,5,"0,10,20,30,40",0.8,0.5,1.0,0.30000000000000004,0.19999999999999996,0.2,0.0,0.5,0.2,0.3,7.45,6.5,8.75,0.9500000000000002,1.2999999999999998,7.6,6.0,9.0,1.5999999999999996,1.4000000000000004,5.4,3.0,8.0,2.4000000000000004,2.5999999999999996,9.2,9.0,10.0,0.1999999999999993,0.8000000000000007,3.2,2.0,4.0,1.2000000000000002,0.7999999999999998,4.0,4.0,4.0,0.0,0.0,0.0,0.0,0.0,0.0,0.0,4.0,4.0,4.0,0.0,0.0
20,4,5,3,0.2,0.2,0.3,dense,True,20,20,20,4,5,15,6,DPA token margin,full_response_stable_against_any_token_change,radius_derived,5,"0,10,20,30,40",0.65,0.5,1.0,0.15000000000000002,0.35,0.35,0.0,0.5,0.35,0.15000000000000002,7.45,6.5,8.75,0.9500000000000002,1.2999999999999998,7.6,6.0,9.0,1.5999999999999996,1.4000000000000004,5.4,3.0,8.0,2.4000000000000004,2.5999999999999996,9.2,9.0,10.0,0.1999999999999993,0.8000000000000007,2.6,2.0,4.0,0.6000000000000001,1.4,4.0,4.0,4.0,0.0,0.0,0.0,0.0,0.0,0.0,0.0,4.0,4.0,4.0,0.0,0.0
20,4,5,3,0.2,0.2,0.3,dense,True,20,20,20,4,5,15,7,DPA token margin,full_response_stable_against_any_token_change,radius_derived,5,"0,10,20,30,40",0.55,0.25,1.0,0.30000000000000004,0.44999999999999996,0.45,0.0,0.75,0.45,0.3,7.45,6.5,8.75,0.9500000000000002,1.2999999999999998,7.6,6.0,9.0,1.5999999999999996,1.4000000000000004,5.4,3.0,8.0,2.4000000000000004,2.5999999999999996,9.2,9.0,10.0,0.1999999999999993,0.8000000000000007,2.2,1.0,4.0,1.2000000000000002,1.7999999999999998,4.0,4.0,4.0,0.0,0.0,0.0,0.0,0.0,0.0,0.0,4.0,4.0,4.0,0.0,0.0
20,4,5,3,0.2,0.2,0.3,dense,True,20,20,20,4,5,15,8,DPA token margin,full_response_stable_against_any_token_change,radius_derived,5,"0,10,20,30,40",0.5,0.25,0.75,0.25,0.25,0.5,0.25,0.75,0.25,0.25,7.45,6.5,8.75,0.9500000000000002,1.2999999999999998,7.6,6.0,9.0,1.5999999999999996,1.4000000000000004,5.4,3.0,8.0,2.4000000000000004,2.5999999999999996,9.2,9.0,10.0,0.1999999999999993,0.8000000000000007,2.0,1.0,3.0,1.0,1.0,4.0,4.0,4.0,0.0,0.0,0.0,0.0,0.0,0.0,0.0,4.0,4.0,4.0,0.0,0.0
20,4,5,3,0.2,0.2,0.3,dense,True,20,20,20,4,5,15,9,DPA token margin,full_response_stable_against_any_token_change,radius_derived,5,"0,10,20,30,40",0.05,0.0,0.25,0.05,0.2,0.95,0.75,1.0,0.19999999999999996,0.050000000000000044,7.45,6.5,8.75,0.9500000000000002,1.2999999999999998,7.6,6.0,9.0,1.5999999999999996,1.4000000000000004,5.4,3.0,8.0,2.4000000000000004,2.5999999999999996,9.2,9.0,10.0,0.1999999999999993,0.8000000000000007,0.2,0.0,1.0,0.2,0.8,4.0,4.0,4.0,0.0,0.0,0.0,0.0,0.0,0.0,0.0,4.0,4.0,4.0,0.0,0.0
20,4,5,3,0.2,0.2,0.3,dense,True,20,20,20,4,5,15,10,DPA token margin,full_response_stable_against_any_token_change,radius_derived,5,"0,10,20,30,40",0.0,0.0,0.0,0.0,0.0,1.0,1.0,1.0,0.0,0.0,7.45,6.5,8.75,0.9500000000000002,1.2999999999999998,7.6,6.0,9.0,1.5999999999999996,1.4000000000000004,5.4,3.0,8.0,2.4000000000000004,2.5999999999999996,9.2,9.0,10.0,0.1999999999999993,0.8000000000000007,0.0,0.0,0.0,0.0,0.0,4.0,4.0,4.0,0.0,0.0,0.0,0.0,0.0,0.0,0.0,4.0,4.0,4.0,0.0,0.0
20,4,5,3,0.2,0.2,0.3,dense,True,20,20,20,4,5,15,11,DPA token margin,full_response_stable_against_any_token_change,radius_derived,5,"0,10,20,30,40",0.0,0.0,0.0,0.0,0.0,1.0,1.0,1.0,0.0,0.0,7.45,6.5,8.75,0.9500000000000002,1.2999999999999998,7.6,6.0,9.0,1.5999999999999996,1.4000000000000004,5.4,3.0,8.0,2.4000000000000004,2.5999999999999996,9.2,9.0,10.0,0.1999999999999993,0.8000000000000007,0.0,0.0,0.0,0.0,0.0,4.0,4.0,4.0,0.0,0.0,0.0,0.0,0.0,0.0,0.0,4.0,4.0,4.0,0.0,0.0
20,4,5,3,0.2,0.2,0.3,dense,True,20,20,20,4,5,15,12,DPA token margin,full_response_stable_against_any_token_change,radius_derived,5,"0,10,20,30,40",0.0,0.0,0.0,0.0,0.0,1.0,1.0,1.0,0.0,0.0,7.45,6.5,8.75,0.9500000000000002,1.2999999999999998,7.6,6.0,9.0,1.5999999999999996,1.4000000000000004,5.4,3.0,8.0,2.4000000000000004,2.5999999999999996,9.2,9.0,10.0,0.1999999999999993,0.8000000000000007,0.0,0.0,0.0,0.0,0.0,4.0,4.0,4.0,0.0,0.0,0.0,0.0,0.0,0.0,0.0,4.0,4.0,4.0,0.0,0.0
20,4,5,3,0.2,0.2,0.3,dense,True,20,20,20,4,5,15,13,DPA token margin,full_response_stable_against_any_token_change,radius_derived,5,"0,10,20,30,40",0.0,0.0,0.0,0.0,0.0,1.0,1.0,1.0,0.0,0.0,7.45,6.5,8.75,0.9500000000000002,1.2999999999999998,7.6,6.0,9.0,1.5999999999999996,1.4000000000000004,5.4,3.0,8.0,2.4000000000000004,2.5999999999999996,9.2,9.0,10.0,0.1999999999999993,0.8000000000000007,0.0,0.0,0.0,0.0,0.0,4.0,4.0,4.0,0.0,0.0,0.0,0.0,0.0,0.0,0.0,4.0,4.0,4.0,0.0,0.0
20,4,5,3,0.2,0.2,0.3,dense,True,20,20,20,4,5,15,14,DPA token margin,full_response_stable_against_any_token_change,radius_derived,5,"0,10,20,30,40",0.0,0.0,0.0,0.0,0.0,1.0,1.0,1.0,0.0,0.0,7.45,6.5,8.75,0.9500000000000002,1.2999999999999998,7.6,6.0,9.0,1.5999999999999996,1.4000000000000004,5.4,3.0,8.0,2.4000000000000004,2.5999999999999996,9.2,9.0,10.0,0.1999999999999993,0.8000000000000007,0.0,0.0,0.0,0.0,0.0,4.0,4.0,4.0,0.0,0.0,0.0,0.0,0.0,0.0,0.0,4.0,4.0,4.0,0.0,0.0
20,4,5,3,0.2,0.2,0.3,dense,True,20,20,20,4,5,15,15,DPA token margin,full_response_stable_against_any_token_change,radius_derived,5,"0,10,20,30,40",0.0,0.0,0.0,0.0,0.0,1.0,1.0,1.0,0.0,0.0,7.45,6.5,8.75,0.9500000000000002,1.2999999999999998,7.6,6.0,9.0,1.5999999999999996,1.4000000000000004,5.4,3.0,8.0,2.4000000000000004,2.5999999999999996,9.2,9.0,10.0,0.1999999999999993,0.8000000000000007,0.0,0.0,0.0,0.0,0.0,4.0,4.0,4.0,0.0,0.0,0.0,0.0,0.0,0.0,0.0,4.0,4.0,4.0,0.0,0.0
20,4,5,3,0.2,0.2,0.3,dense,True,20,20,20,4,5,15,16,DPA token margin,full_response_stable_against_any_token_change,radius_derived,5,"0,10,20,30,40",0.0,0.0,0.0,0.0,0.0,1.0,1.0,1.0,0.0,0.0,7.45,6.5,8.75,0.9500000000000002,1.2999999999999998,7.6,6.0,9.0,1.5999999999999996,1.4000000000000004,5.4,3.0,8.0,2.4000000000000004,2.5999999999999996,9.2,9.0,10.0,0.1999999999999993,0.8000000000000007,0.0,0.0,0.0,0.0,0.0,4.0,4.0,4.0,0.0,0.0,0.0,0.0,0.0,0.0,0.0,4.0,4.0,4.0,0.0,0.0
20,4,5,3,0.2,0.2,0.3,dense,True,20,20,20,4,5,15,17,DPA token margin,full_response_stable_against_any_token_change,radius_derived,5,"0,10,20,30,40",0.0,0.0,0.0,0.0,0.0,1.0,1.0,1.0,0.0,0.0,7.45,6.5,8.75,0.9500000000000002,1.2999999999999998,7.6,6.0,9.0,1.5999999999999996,1.4000000000000004,5.4,3.0,8.0,2.4000000000000004,2.5999999999999996,9.2,9.0,10.0,0.1999999999999993,0.8000000000000007,0.0,0.0,0.0,0.0,0.0,4.0,4.0,4.0,0.0,0.0,0.0,0.0,0.0,0.0,0.0,4.0,4.0,4.0,0.0,0.0
20,4,5,3,0.2,0.2,0.3,dense,True,20,20,20,4,5,15,18,DPA token margin,full_response_stable_against_any_token_change,radius_derived,5,"0,10,20,30,40",0.0,0.0,0.0,0.0,0.0,1.0,1.0,1.0,0.0,0.0,7.45,6.5,8.75,0.9500000000000002,1.2999999999999998,7.6,6.0,9.0,1.5999999999999996,1.4000000000000004,5.4,3.0,8.0,2.4000000000000004,2.5999999999999996,9.2,9.0,10.0,0.1999999999999993,0.8000000000000007,0.0,0.0,0.0,0.0,0.0,4.0,4.0,4.0,0.0,0.0,0.0,0.0,0.0,0.0,0.0,4.0,4.0,4.0,0.0,0.0
20,4,5,3,0.2,0.2,0.3,dense,True,20,20,20,4,5,15,19,DPA token margin,full_response_stable_against_any_token_change,radius_derived,5,"0,10,20,30,40",0.0,0.0,0.0,0.0,0.0,1.0,1.0,1.0,0.0,0.0,7.45,6.5,8.75,0.9500000000000002,1.2999999999999998,7.6,6.0,9.0,1.5999999999999996,1.4000000000000004,5.4,3.0,8.0,2.4000000000000004,2.5999999999999996,9.2,9.0,10.0,0.1999999999999993,0.8000000000000007,0.0,0.0,0.0,0.0,0.0,4.0,4.0,4.0,0.0,0.0,0.0,0.0,0.0,0.0,0.0,4.0,4.0,4.0,0.0,0.0
20,4,5,3,0.2,0.2,0.3,dense,True,20,20,20,4,5,15,20,DPA token margin,full_response_stable_against_any_token_change,radius_derived,5,"0,10,20,30,40",0.0,0.0,0.0,0.0,0.0,1.0,1.0,1.0,0.0,0.0,7.45,6.5,8.75,0.9500000000000002,1.2999999999999998,7.6,6.0,9.0,1.5999999999999996,1.4000000000000004,5.4,3.0,8.0,2.4000000000000004,2.5999999999999996,9.2,9.0,10.0,0.1999999999999993,0.8000000000000007,0.0,0.0,0.0,0.0,0.0,4.0,4.0,4.0,0.0,0.0,0.0,0.0,0.0,0.0,0.0,4.0,4.0,4.0,0.0,0.0
20,4,5,3,0.2,0.2,0.3,dense,True,20,20,20,4,5,15,0,Shared MILP,stability_one_token_per_prompt,radius_derived,5,"0,10,20,30,40",1.0,1.0,1.0,0.0,0.0,0.0,0.0,0.0,0.0,0.0,7.45,6.5,8.75,0.9500000000000002,1.2999999999999998,7.6,6.0,9.0,1.5999999999999996,1.4000000000000004,5.4,3.0,8.0,2.4000000000000004,2.5999999999999996,9.2,9.0,10.0,0.1999999999999993,0.8000000000000007,4.0,4.0,4.0,0.0,0.0,4.0,4.0,4.0,0.0,0.0,0.0,0.0,0.0,0.0,0.0,4.0,4.0,4.0,0.0,0.0
20,4,5,3,0.2,0.2,0.3,dense,True,20,20,20,4,5,15,1,Shared MILP,stability_one_token_per_prompt,radius_derived,5,"0,10,20,30,40",1.0,1.0,1.0,0.0,0.0,0.0,0.0,0.0,0.0,0.0,7.45,6.5,8.75,0.9500000000000002,1.2999999999999998,7.6,6.0,9.0,1.5999999999999996,1.4000000000000004,5.4,3.0,8.0,2.4000000000000004,2.5999999999999996,9.2,9.0,10.0,0.1999999999999993,0.8000000000000007,4.0,4.0,4.0,0.0,0.0,4.0,4.0,4.0,0.0,0.0,0.0,0.0,0.0,0.0,0.0,4.0,4.0,4.0,0.0,0.0
20,4,5,3,0.2,0.2,0.3,dense,True,20,20,20,4,5,15,2,Shared MILP,stability_one_token_per_prompt,radius_derived,5,"0,10,20,30,40",1.0,1.0,1.0,0.0,0.0,0.0,0.0,0.0,0.0,0.0,7.45,6.5,8.75,0.9500000000000002,1.2999999999999998,7.6,6.0,9.0,1.5999999999999996,1.4000000000000004,5.4,3.0,8.0,2.4000000000000004,2.5999999999999996,9.2,9.0,10.0,0.1999999999999993,0.8000000000000007,4.0,4.0,4.0,0.0,0.0,4.0,4.0,4.0,0.0,0.0,0.0,0.0,0.0,0.0,0.0,4.0,4.0,4.0,0.0,0.0
20,4,5,3,0.2,0.2,0.3,dense,True,20,20,20,4,5,15,3,Shared MILP,stability_one_token_per_prompt,radius_derived,5,"0,10,20,30,40",0.95,0.75,1.0,0.19999999999999996,0.050000000000000044,0.05,0.0,0.25,0.05,0.2,7.45,6.5,8.75,0.9500000000000002,1.2999999999999998,7.6,6.0,9.0,1.5999999999999996,1.4000000000000004,5.4,3.0,8.0,2.4000000000000004,2.5999999999999996,9.2,9.0,10.0,0.1999999999999993,0.8000000000000007,3.8,3.0,4.0,0.7999999999999998,0.20000000000000018,4.0,4.0,4.0,0.0,0.0,0.0,0.0,0.0,0.0,0.0,4.0,4.0,4.0,0.0,0.0
20,4,5,3,0.2,0.2,0.3,dense,True,20,20,20,4,5,15,4,Shared MILP,stability_one_token_per_prompt,radius_derived,5,"0,10,20,30,40",0.95,0.75,1.0,0.19999999999999996,0.050000000000000044,0.05,0.0,0.25,0.05,0.2,7.45,6.5,8.75,0.9500000000000002,1.2999999999999998,7.6,6.0,9.0,1.5999999999999996,1.4000000000000004,5.4,3.0,8.0,2.4000000000000004,2.5999999999999996,9.2,9.0,10.0,0.1999999999999993,0.8000000000000007,3.8,3.0,4.0,0.7999999999999998,0.20000000000000018,4.0,4.0,4.0,0.0,0.0,0.0,0.0,0.0,0.0,0.0,4.0,4.0,4.0,0.0,0.0
20,4,5,3,0.2,0.2,0.3,dense,True,20,20,20,4,5,15,5,Shared MILP,stability_one_token_per_prompt,radius_derived,5,"0,10,20,30,40",0.8,0.5,1.0,0.30000000000000004,0.19999999999999996,0.2,0.0,0.5,0.2,0.3,7.45,6.5,8.75,0.9500000000000002,1.2999999999999998,7.6,6.0,9.0,1.5999999999999996,1.4000000000000004,5.4,3.0,8.0,2.4000000000000004,2.5999999999999996,9.2,9.0,10.0,0.1999999999999993,0.8000000000000007,3.2,2.0,4.0,1.2000000000000002,0.7999999999999998,4.0,4.0,4.0,0.0,0.0,0.0,0.0,0.0,0.0,0.0,4.0,4.0,4.0,0.0,0.0
20,4,5,3,0.2,0.2,0.3,dense,True,20,20,20,4,5,15,6,Shared MILP,stability_one_token_per_prompt,radius_derived,5,"0,10,20,30,40",0.65,0.5,1.0,0.15000000000000002,0.35,0.35,0.0,0.5,0.35,0.15000000000000002,7.45,6.5,8.75,0.9500000000000002,1.2999999999999998,7.6,6.0,9.0,1.5999999999999996,1.4000000000000004,5.4,3.0,8.0,2.4000000000000004,2.5999999999999996,9.2,9.0,10.0,0.1999999999999993,0.8000000000000007,2.6,2.0,4.0,0.6000000000000001,1.4,4.0,4.0,4.0,0.0,0.0,0.0,0.0,0.0,0.0,0.0,4.0,4.0,4.0,0.0,0.0
20,4,5,3,0.2,0.2,0.3,dense,True,20,20,20,4,5,15,7,Shared MILP,stability_one_token_per_prompt,radius_derived,5,"0,10,20,30,40",0.55,0.25,1.0,0.30000000000000004,0.44999999999999996,0.45,0.0,0.75,0.45,0.3,7.45,6.5,8.75,0.9500000000000002,1.2999999999999998,7.6,6.0,9.0,1.5999999999999996,1.4000000000000004,5.4,3.0,8.0,2.4000000000000004,2.5999999999999996,9.2,9.0,10.0,0.1999999999999993,0.8000000000000007,2.2,1.0,4.0,1.2000000000000002,1.7999999999999998,4.0,4.0,4.0,0.0,0.0,0.0,0.0,0.0,0.0,0.0,4.0,4.0,4.0,0.0,0.0
20,4,5,3,0.2,0.2,0.3,dense,True,20,20,20,4,5,15,8,Shared MILP,stability_one_token_per_prompt,radius_derived,5,"0,10,20,30,40",0.5,0.25,0.75,0.25,0.25,0.5,0.25,0.75,0.25,0.25,7.45,6.5,8.75,0.9500000000000002,1.2999999999999998,7.6,6.0,9.0,1.5999999999999996,1.4000000000000004,5.4,3.0,8.0,2.4000000000000004,2.5999999999999996,9.2,9.0,10.0,0.1999999999999993,0.8000000000000007,2.0,1.0,3.0,1.0,1.0,4.0,4.0,4.0,0.0,0.0,0.0,0.0,0.0,0.0,0.0,4.0,4.0,4.0,0.0,0.0
20,4,5,3,0.2,0.2,0.3,dense,True,20,20,20,4,5,15,9,Shared MILP,stability_one_token_per_prompt,radius_derived,5,"0,10,20,30,40",0.05,0.0,0.25,0.05,0.2,0.95,0.75,1.0,0.19999999999999996,0.050000000000000044,7.45,6.5,8.75,0.9500000000000002,1.2999999999999998,7.6,6.0,9.0,1.5999999999999996,1.4000000000000004,5.4,3.0,8.0,2.4000000000000004,2.5999999999999996,9.2,9.0,10.0,0.1999999999999993,0.8000000000000007,0.2,0.0,1.0,0.2,0.8,4.0,4.0,4.0,0.0,0.0,0.0,0.0,0.0,0.0,0.0,4.0,4.0,4.0,0.0,0.0
20,4,5,3,0.2,0.2,0.3,dense,True,20,20,20,4,5,15,10,Shared MILP,stability_one_token_per_prompt,radius_derived,5,"0,10,20,30,40",0.0,0.0,0.0,0.0,0.0,1.0,1.0,1.0,0.0,0.0,7.45,6.5,8.75,0.9500000000000002,1.2999999999999998,7.6,6.0,9.0,1.5999999999999996,1.4000000000000004,5.4,3.0,8.0,2.4000000000000004,2.5999999999999996,9.2,9.0,10.0,0.1999999999999993,0.8000000000000007,0.0,0.0,0.0,0.0,0.0,4.0,4.0,4.0,0.0,0.0,0.0,0.0,0.0,0.0,0.0,4.0,4.0,4.0,0.0,0.0
20,4,5,3,0.2,0.2,0.3,dense,True,20,20,20,4,5,15,11,Shared MILP,stability_one_token_per_prompt,radius_derived,5,"0,10,20,30,40",0.0,0.0,0.0,0.0,0.0,1.0,1.0,1.0,0.0,0.0,7.45,6.5,8.75,0.9500000000000002,1.2999999999999998,7.6,6.0,9.0,1.5999999999999996,1.4000000000000004,5.4,3.0,8.0,2.4000000000000004,2.5999999999999996,9.2,9.0,10.0,0.1999999999999993,0.8000000000000007,0.0,0.0,0.0,0.0,0.0,4.0,4.0,4.0,0.0,0.0,0.0,0.0,0.0,0.0,0.0,4.0,4.0,4.0,0.0,0.0
20,4,5,3,0.2,0.2,0.3,dense,True,20,20,20,4,5,15,12,Shared MILP,stability_one_token_per_prompt,radius_derived,5,"0,10,20,30,40",0.0,0.0,0.0,0.0,0.0,1.0,1.0,1.0,0.0,0.0,7.45,6.5,8.75,0.9500000000000002,1.2999999999999998,7.6,6.0,9.0,1.5999999999999996,1.4000000000000004,5.4,3.0,8.0,2.4000000000000004,2.5999999999999996,9.2,9.0,10.0,0.1999999999999993,0.8000000000000007,0.0,0.0,0.0,0.0,0.0,4.0,4.0,4.0,0.0,0.0,0.0,0.0,0.0,0.0,0.0,4.0,4.0,4.0,0.0,0.0
20,4,5,3,0.2,0.2,0.3,dense,True,20,20,20,4,5,15,13,Shared MILP,stability_one_token_per_prompt,radius_derived,5,"0,10,20,30,40",0.0,0.0,0.0,0.0,0.0,1.0,1.0,1.0,0.0,0.0,7.45,6.5,8.75,0.9500000000000002,1.2999999999999998,7.6,6.0,9.0,1.5999999999999996,1.4000000000000004,5.4,3.0,8.0,2.4000000000000004,2.5999999999999996,9.2,9.0,10.0,0.1999999999999993,0.8000000000000007,0.0,0.0,0.0,0.0,0.0,4.0,4.0,4.0,0.0,0.0,0.0,0.0,0.0,0.0,0.0,4.0,4.0,4.0,0.0,0.0
20,4,5,3,0.2,0.2,0.3,dense,True,20,20,20,4,5,15,14,Shared MILP,stability_one_token_per_prompt,radius_derived,5,"0,10,20,30,40",0.0,0.0,0.0,0.0,0.0,1.0,1.0,1.0,0.0,0.0,7.45,6.5,8.75,0.9500000000000002,1.2999999999999998,7.6,6.0,9.0,1.5999999999999996,1.4000000000000004,5.4,3.0,8.0,2.4000000000000004,2.5999999999999996,9.2,9.0,10.0,0.1999999999999993,0.8000000000000007,0.0,0.0,0.0,0.0,0.0,4.0,4.0,4.0,0.0,0.0,0.0,0.0,0.0,0.0,0.0,4.0,4.0,4.0,0.0,0.0
20,4,5,3,0.2,0.2,0.3,dense,True,20,20,20,4,5,15,15,Shared MILP,stability_one_token_per_prompt,radius_derived,5,"0,10,20,30,40",0.0,0.0,0.0,0.0,0.0,1.0,1.0,1.0,0.0,0.0,7.45,6.5,8.75,0.9500000000000002,1.2999999999999998,7.6,6.0,9.0,1.5999999999999996,1.4000000000000004,5.4,3.0,8.0,2.4000000000000004,2.5999999999999996,9.2,9.0,10.0,0.1999999999999993,0.8000000000000007,0.0,0.0,0.0,0.0,0.0,4.0,4.0,4.0,0.0,0.0,0.0,0.0,0.0,0.0,0.0,4.0,4.0,4.0,0.0,0.0
20,4,5,3,0.2,0.2,0.3,dense,True,20,20,20,4,5,15,16,Shared MILP,stability_one_token_per_prompt,radius_derived,5,"0,10,20,30,40",0.0,0.0,0.0,0.0,0.0,1.0,1.0,1.0,0.0,0.0,7.45,6.5,8.75,0.9500000000000002,1.2999999999999998,7.6,6.0,9.0,1.5999999999999996,1.4000000000000004,5.4,3.0,8.0,2.4000000000000004,2.5999999999999996,9.2,9.0,10.0,0.1999999999999993,0.8000000000000007,0.0,0.0,0.0,0.0,0.0,4.0,4.0,4.0,0.0,0.0,0.0,0.0,0.0,0.0,0.0,4.0,4.0,4.0,0.0,0.0
20,4,5,3,0.2,0.2,0.3,dense,True,20,20,20,4,5,15,17,Shared MILP,stability_one_token_per_prompt,radius_derived,5,"0,10,20,30,40",0.0,0.0,0.0,0.0,0.0,1.0,1.0,1.0,0.0,0.0,7.45,6.5,8.75,0.9500000000000002,1.2999999999999998,7.6,6.0,9.0,1.5999999999999996,1.4000000000000004,5.4,3.0,8.0,2.4000000000000004,2.5999999999999996,9.2,9.0,10.0,0.1999999999999993,0.8000000000000007,0.0,0.0,0.0,0.0,0.0,4.0,4.0,4.0,0.0,0.0,0.0,0.0,0.0,0.0,0.0,4.0,4.0,4.0,0.0,0.0
20,4,5,3,0.2,0.2,0.3,dense,True,20,20,20,4,5,15,18,Shared MILP,stability_one_token_per_prompt,radius_derived,5,"0,10,20,30,40",0.0,0.0,0.0,0.0,0.0,1.0,1.0,1.0,0.0,0.0,7.45,6.5,8.75,0.9500000000000002,1.2999999999999998,7.6,6.0,9.0,1.5999999999999996,1.4000000000000004,5.4,3.0,8.0,2.4000000000000004,2.5999999999999996,9.2,9.0,10.0,0.1999999999999993,0.8000000000000007,0.0,0.0,0.0,0.0,0.0,4.0,4.0,4.0,0.0,0.0,0.0,0.0,0.0,0.0,0.0,4.0,4.0,4.0,0.0,0.0
20,4,5,3,0.2,0.2,0.3,dense,True,20,20,20,4,5,15,19,Shared MILP,stability_one_token_per_prompt,radius_derived,5,"0,10,20,30,40",0.0,0.0,0.0,0.0,0.0,1.0,1.0,1.0,0.0,0.0,7.45,6.5,8.75,0.9500000000000002,1.2999999999999998,7.6,6.0,9.0,1.5999999999999996,1.4000000000000004,5.4,3.0,8.0,2.4000000000000004,2.5999999999999996,9.2,9.0,10.0,0.1999999999999993,0.8000000000000007,0.0,0.0,0.0,0.0,0.0,4.0,4.0,4.0,0.0,0.0,0.0,0.0,0.0,0.0,0.0,4.0,4.0,4.0,0.0,0.0
20,4,5,3,0.2,0.2,0.3,dense,True,20,20,20,4,5,15,20,Shared MILP,stability_one_token_per_prompt,radius_derived,5,"0,10,20,30,40",0.0,0.0,0.0,0.0,0.0,1.0,1.0,1.0,0.0,0.0,7.45,6.5,8.75,0.9500000000000002,1.2999999999999998,7.6,6.0,9.0,1.5999999999999996,1.4000000000000004,5.4,3.0,8.0,2.4000000000000004,2.5999999999999996,9.2,9.0,10.0,0.1999999999999993,0.8000000000000007,0.0,0.0,0.0,0.0,0.0,4.0,4.0,4.0,0.0,0.0,0.0,0.0,0.0,0.0,0.0,4.0,4.0,4.0,0.0,0.0
20,4,5,3,0.2,0.2,0.3,dense,True,20,20,20,4,5,15,0,Shared MILP,stability_full_sequence_per_prompt,radius_derived,5,"0,10,20,30,40",1.0,1.0,1.0,0.0,0.0,0.0,0.0,0.0,0.0,0.0,9.95,9.75,10.0,0.1999999999999993,0.05000000000000071,10.0,10.0,10.0,0.0,0.0,9.8,9.0,10.0,0.8000000000000007,0.1999999999999993,10.0,10.0,10.0,0.0,0.0,4.0,4.0,4.0,0.0,0.0,4.0,4.0,4.0,0.0,0.0,0.0,0.0,0.0,0.0,0.0,4.0,4.0,4.0,0.0,0.0
20,4,5,3,0.2,0.2,0.3,dense,True,20,20,20,4,5,15,1,Shared MILP,stability_full_sequence_per_prompt,radius_derived,5,"0,10,20,30,40",1.0,1.0,1.0,0.0,0.0,0.0,0.0,0.0,0.0,0.0,9.95,9.75,10.0,0.1999999999999993,0.05000000000000071,10.0,10.0,10.0,0.0,0.0,9.8,9.0,10.0,0.8000000000000007,0.1999999999999993,10.0,10.0,10.0,0.0,0.0,4.0,4.0,4.0,0.0,0.0,4.0,4.0,4.0,0.0,0.0,0.0,0.0,0.0,0.0,0.0,4.0,4.0,4.0,0.0,0.0
20,4,5,3,0.2,0.2,0.3,dense,True,20,20,20,4,5,15,2,Shared MILP,stability_full_sequence_per_prompt,radius_derived,5,"0,10,20,30,40",1.0,1.0,1.0,0.0,0.0,0.0,0.0,0.0,0.0,0.0,9.95,9.75,10.0,0.1999999999999993,0.05000000000000071,10.0,10.0,10.0,0.0,0.0,9.8,9.0,10.0,0.8000000000000007,0.1999999999999993,10.0,10.0,10.0,0.0,0.0,4.0,4.0,4.0,0.0,0.0,4.0,4.0,4.0,0.0,0.0,0.0,0.0,0.0,0.0,0.0,4.0,4.0,4.0,0.0,0.0
20,4,5,3,0.2,0.2,0.3,dense,True,20,20,20,4,5,15,3,Shared MILP,stability_full_sequence_per_prompt,radius_derived,5,"0,10,20,30,40",1.0,1.0,1.0,0.0,0.0,0.0,0.0,0.0,0.0,0.0,9.95,9.75,10.0,0.1999999999999993,0.05000000000000071,10.0,10.0,10.0,0.0,0.0,9.8,9.0,10.0,0.8000000000000007,0.1999999999999993,10.0,10.0,10.0,0.0,0.0,4.0,4.0,4.0,0.0,0.0,4.0,4.0,4.0,0.0,0.0,0.0,0.0,0.0,0.0,0.0,4.0,4.0,4.0,0.0,0.0
20,4,5,3,0.2,0.2,0.3,dense,True,20,20,20,4,5,15,4,Shared MILP,stability_full_sequence_per_prompt,radius_derived,5,"0,10,20,30,40",1.0,1.0,1.0,0.0,0.0,0.0,0.0,0.0,0.0,0.0,9.95,9.75,10.0,0.1999999999999993,0.05000000000000071,10.0,10.0,10.0,0.0,0.0,9.8,9.0,10.0,0.8000000000000007,0.1999999999999993,10.0,10.0,10.0,0.0,0.0,4.0,4.0,4.0,0.0,0.0,4.0,4.0,4.0,0.0,0.0,0.0,0.0,0.0,0.0,0.0,4.0,4.0,4.0,0.0,0.0
20,4,5,3,0.2,0.2,0.3,dense,True,20,20,20,4,5,15,5,Shared MILP,stability_full_sequence_per_prompt,radius_derived,5,"0,10,20,30,40",1.0,1.0,1.0,0.0,0.0,0.0,0.0,0.0,0.0,0.0,9.95,9.75,10.0,0.1999999999999993,0.05000000000000071,10.0,10.0,10.0,0.0,0.0,9.8,9.0,10.0,0.8000000000000007,0.1999999999999993,10.0,10.0,10.0,0.0,0.0,4.0,4.0,4.0,0.0,0.0,4.0,4.0,4.0,0.0,0.0,0.0,0.0,0.0,0.0,0.0,4.0,4.0,4.0,0.0,0.0
20,4,5,3,0.2,0.2,0.3,dense,True,20,20,20,4,5,15,6,Shared MILP,stability_full_sequence_per_prompt,radius_derived,5,"0,10,20,30,40",1.0,1.0,1.0,0.0,0.0,0.0,0.0,0.0,0.0,0.0,9.95,9.75,10.0,0.1999999999999993,0.05000000000000071,10.0,10.0,10.0,0.0,0.0,9.8,9.0,10.0,0.8000000000000007,0.1999999999999993,10.0,10.0,10.0,0.0,0.0,4.0,4.0,4.0,0.0,0.0,4.0,4.0,4.0,0.0,0.0,0.0,0.0,0.0,0.0,0.0,4.0,4.0,4.0,0.0,0.0
20,4,5,3,0.2,0.2,0.3,dense,True,20,20,20,4,5,15,7,Shared MILP,stability_full_sequence_per_prompt,radius_derived,5,"0,10,20,30,40",1.0,1.0,1.0,0.0,0.0,0.0,0.0,0.0,0.0,0.0,9.95,9.75,10.0,0.1999999999999993,0.05000000000000071,10.0,10.0,10.0,0.0,0.0,9.8,9.0,10.0,0.8000000000000007,0.1999999999999993,10.0,10.0,10.0,0.0,0.0,4.0,4.0,4.0,0.0,0.0,4.0,4.0,4.0,0.0,0.0,0.0,0.0,0.0,0.0,0.0,4.0,4.0,4.0,0.0,0.0
20,4,5,3,0.2,0.2,0.3,dense,True,20,20,20,4,5,15,8,Shared MILP,stability_full_sequence_per_prompt,radius_derived,5,"0,10,20,30,40",1.0,1.0,1.0,0.0,0.0,0.0,0.0,0.0,0.0,0.0,9.95,9.75,10.0,0.1999999999999993,0.05000000000000071,10.0,10.0,10.0,0.0,0.0,9.8,9.0,10.0,0.8000000000000007,0.1999999999999993,10.0,10.0,10.0,0.0,0.0,4.0,4.0,4.0,0.0,0.0,4.0,4.0,4.0,0.0,0.0,0.0,0.0,0.0,0.0,0.0,4.0,4.0,4.0,0.0,0.0
20,4,5,3,0.2,0.2,0.3,dense,True,20,20,20,4,5,15,9,Shared MILP,stability_full_sequence_per_prompt,radius_derived,5,"0,10,20,30,40",0.95,0.75,1.0,0.19999999999999996,0.050000000000000044,0.05,0.0,0.25,0.05,0.2,9.95,9.75,10.0,0.1999999999999993,0.05000000000000071,10.0,10.0,10.0,0.0,0.0,9.8,9.0,10.0,0.8000000000000007,0.1999999999999993,10.0,10.0,10.0,0.0,0.0,3.8,3.0,4.0,0.7999999999999998,0.20000000000000018,4.0,4.0,4.0,0.0,0.0,0.0,0.0,0.0,0.0,0.0,4.0,4.0,4.0,0.0,0.0
20,4,5,3,0.2,0.2,0.3,dense,True,20,20,20,4,5,15,10,Shared MILP,stability_full_sequence_per_prompt,radius_derived,5,"0,10,20,30,40",0.0,0.0,0.0,0.0,0.0,1.0,1.0,1.0,0.0,0.0,9.95,9.75,10.0,0.1999999999999993,0.05000000000000071,10.0,10.0,10.0,0.0,0.0,9.8,9.0,10.0,0.8000000000000007,0.1999999999999993,10.0,10.0,10.0,0.0,0.0,0.0,0.0,0.0,0.0,0.0,4.0,4.0,4.0,0.0,0.0,0.0,0.0,0.0,0.0,0.0,4.0,4.0,4.0,0.0,0.0
20,4,5,3,0.2,0.2,0.3,dense,True,20,20,20,4,5,15,11,Shared MILP,stability_full_sequence_per_prompt,radius_derived,5,"0,10,20,30,40",0.0,0.0,0.0,0.0,0.0,1.0,1.0,1.0,0.0,0.0,9.95,9.75,10.0,0.1999999999999993,0.05000000000000071,10.0,10.0,10.0,0.0,0.0,9.8,9.0,10.0,0.8000000000000007,0.1999999999999993,10.0,10.0,10.0,0.0,0.0,0.0,0.0,0.0,0.0,0.0,4.0,4.0,4.0,0.0,0.0,0.0,0.0,0.0,0.0,0.0,4.0,4.0,4.0,0.0,0.0
20,4,5,3,0.2,0.2,0.3,dense,True,20,20,20,4,5,15,12,Shared MILP,stability_full_sequence_per_prompt,radius_derived,5,"0,10,20,30,40",0.0,0.0,0.0,0.0,0.0,1.0,1.0,1.0,0.0,0.0,9.95,9.75,10.0,0.1999999999999993,0.05000000000000071,10.0,10.0,10.0,0.0,0.0,9.8,9.0,10.0,0.8000000000000007,0.1999999999999993,10.0,10.0,10.0,0.0,0.0,0.0,0.0,0.0,0.0,0.0,4.0,4.0,4.0,0.0,0.0,0.0,0.0,0.0,0.0,0.0,4.0,4.0,4.0,0.0,0.0
20,4,5,3,0.2,0.2,0.3,dense,True,20,20,20,4,5,15,13,Shared MILP,stability_full_sequence_per_prompt,radius_derived,5,"0,10,20,30,40",0.0,0.0,0.0,0.0,0.0,1.0,1.0,1.0,0.0,0.0,9.95,9.75,10.0,0.1999999999999993,0.05000000000000071,10.0,10.0,10.0,0.0,0.0,9.8,9.0,10.0,0.8000000000000007,0.1999999999999993,10.0,10.0,10.0,0.0,0.0,0.0,0.0,0.0,0.0,0.0,4.0,4.0,4.0,0.0,0.0,0.0,0.0,0.0,0.0,0.0,4.0,4.0,4.0,0.0,0.0
20,4,5,3,0.2,0.2,0.3,dense,True,20,20,20,4,5,15,14,Shared MILP,stability_full_sequence_per_prompt,radius_derived,5,"0,10,20,30,40",0.0,0.0,0.0,0.0,0.0,1.0,1.0,1.0,0.0,0.0,9.95,9.75,10.0,0.1999999999999993,0.05000000000000071,10.0,10.0,10.0,0.0,0.0,9.8,9.0,10.0,0.8000000000000007,0.1999999999999993,10.0,10.0,10.0,0.0,0.0,0.0,0.0,0.0,0.0,0.0,4.0,4.0,4.0,0.0,0.0,0.0,0.0,0.0,0.0,0.0,4.0,4.0,4.0,0.0,0.0
20,4,5,3,0.2,0.2,0.3,dense,True,20,20,20,4,5,15,15,Shared MILP,stability_full_sequence_per_prompt,radius_derived,5,"0,10,20,30,40",0.0,0.0,0.0,0.0,0.0,1.0,1.0,1.0,0.0,0.0,9.95,9.75,10.0,0.1999999999999993,0.05000000000000071,10.0,10.0,10.0,0.0,0.0,9.8,9.0,10.0,0.8000000000000007,0.1999999999999993,10.0,10.0,10.0,0.0,0.0,0.0,0.0,0.0,0.0,0.0,4.0,4.0,4.0,0.0,0.0,0.0,0.0,0.0,0.0,0.0,4.0,4.0,4.0,0.0,0.0
20,4,5,3,0.2,0.2,0.3,dense,True,20,20,20,4,5,15,16,Shared MILP,stability_full_sequence_per_prompt,radius_derived,5,"0,10,20,30,40",0.0,0.0,0.0,0.0,0.0,1.0,1.0,1.0,0.0,0.0,9.95,9.75,10.0,0.1999999999999993,0.05000000000000071,10.0,10.0,10.0,0.0,0.0,9.8,9.0,10.0,0.8000000000000007,0.1999999999999993,10.0,10.0,10.0,0.0,0.0,0.0,0.0,0.0,0.0,0.0,4.0,4.0,4.0,0.0,0.0,0.0,0.0,0.0,0.0,0.0,4.0,4.0,4.0,0.0,0.0
20,4,5,3,0.2,0.2,0.3,dense,True,20,20,20,4,5,15,17,Shared MILP,stability_full_sequence_per_prompt,radius_derived,5,"0,10,20,30,40",0.0,0.0,0.0,0.0,0.0,1.0,1.0,1.0,0.0,0.0,9.95,9.75,10.0,0.1999999999999993,0.05000000000000071,10.0,10.0,10.0,0.0,0.0,9.8,9.0,10.0,0.8000000000000007,0.1999999999999993,10.0,10.0,10.0,0.0,0.0,0.0,0.0,0.0,0.0,0.0,4.0,4.0,4.0,0.0,0.0,0.0,0.0,0.0,0.0,0.0,4.0,4.0,4.0,0.0,0.0
20,4,5,3,0.2,0.2,0.3,dense,True,20,20,20,4,5,15,18,Shared MILP,stability_full_sequence_per_prompt,radius_derived,5,"0,10,20,30,40",0.0,0.0,0.0,0.0,0.0,1.0,1.0,1.0,0.0,0.0,9.95,9.75,10.0,0.1999999999999993,0.05000000000000071,10.0,10.0,10.0,0.0,0.0,9.8,9.0,10.0,0.8000000000000007,0.1999999999999993,10.0,10.0,10.0,0.0,0.0,0.0,0.0,0.0,0.0,0.0,4.0,4.0,4.0,0.0,0.0,0.0,0.0,0.0,0.0,0.0,4.0,4.0,4.0,0.0,0.0
20,4,5,3,0.2,0.2,0.3,dense,True,20,20,20,4,5,15,19,Shared MILP,stability_full_sequence_per_prompt,radius_derived,5,"0,10,20,30,40",0.0,0.0,0.0,0.0,0.0,1.0,1.0,1.0,0.0,0.0,9.95,9.75,10.0,0.1999999999999993,0.05000000000000071,10.0,10.0,10.0,0.0,0.0,9.8,9.0,10.0,0.8000000000000007,0.1999999999999993,10.0,10.0,10.0,0.0,0.0,0.0,0.0,0.0,0.0,0.0,4.0,4.0,4.0,0.0,0.0,0.0,0.0,0.0,0.0,0.0,4.0,4.0,4.0,0.0,0.0
20,4,5,3,0.2,0.2,0.3,dense,True,20,20,20,4,5,15,20,Shared MILP,stability_full_sequence_per_prompt,radius_derived,5,"0,10,20,30,40",0.0,0.0,0.0,0.0,0.0,1.0,1.0,1.0,0.0,0.0,9.95,9.75,10.0,0.1999999999999993,0.05000000000000071,10.0,10.0,10.0,0.0,0.0,9.8,9.0,10.0,0.8000000000000007,0.1999999999999993,10.0,10.0,10.0,0.0,0.0,0.0,0.0,0.0,0.0,0.0,4.0,4.0,4.0,0.0,0.0,0.0,0.0,0.0,0.0,0.0,4.0,4.0,4.0,0.0,0.0
20,4,5,3,0.2,0.2,0.3,dense,True,20,20,20,4,5,15,0,Plain DPA max token,validity_full_harmful_sequence_per_prompt,radius_derived,5,"0,10,20,30,40",1.0,1.0,1.0,0.0,0.0,0.0,0.0,0.0,0.0,0.0,9.95,9.75,10.0,0.1999999999999993,0.05000000000000071,10.0,10.0,10.0,0.0,0.0,9.8,9.0,10.0,0.8000000000000007,0.1999999999999993,10.0,10.0,10.0,0.0,0.0,4.0,4.0,4.0,0.0,0.0,4.0,4.0,4.0,0.0,0.0,0.0,0.0,0.0,0.0,0.0,4.0,4.0,4.0,0.0,0.0
20,4,5,3,0.2,0.2,0.3,dense,True,20,20,20,4,5,15,1,Plain DPA max token,validity_full_harmful_sequence_per_prompt,radius_derived,5,"0,10,20,30,40",1.0,1.0,1.0,0.0,0.0,0.0,0.0,0.0,0.0,0.0,9.95,9.75,10.0,0.1999999999999993,0.05000000000000071,10.0,10.0,10.0,0.0,0.0,9.8,9.0,10.0,0.8000000000000007,0.1999999999999993,10.0,10.0,10.0,0.0,0.0,4.0,4.0,4.0,0.0,0.0,4.0,4.0,4.0,0.0,0.0,0.0,0.0,0.0,0.0,0.0,4.0,4.0,4.0,0.0,0.0
20,4,5,3,0.2,0.2,0.3,dense,True,20,20,20,4,5,15,2,Plain DPA max token,validity_full_harmful_sequence_per_prompt,radius_derived,5,"0,10,20,30,40",1.0,1.0,1.0,0.0,0.0,0.0,0.0,0.0,0.0,0.0,9.95,9.75,10.0,0.1999999999999993,0.05000000000000071,10.0,10.0,10.0,0.0,0.0,9.8,9.0,10.0,0.8000000000000007,0.1999999999999993,10.0,10.0,10.0,0.0,0.0,4.0,4.0,4.0,0.0,0.0,4.0,4.0,4.0,0.0,0.0,0.0,0.0,0.0,0.0,0.0,4.0,4.0,4.0,0.0,0.0
20,4,5,3,0.2,0.2,0.3,dense,True,20,20,20,4,5,15,3,Plain DPA max token,validity_full_harmful_sequence_per_prompt,radius_derived,5,"0,10,20,30,40",1.0,1.0,1.0,0.0,0.0,0.0,0.0,0.0,0.0,0.0,9.95,9.75,10.0,0.1999999999999993,0.05000000000000071,10.0,10.0,10.0,0.0,0.0,9.8,9.0,10.0,0.8000000000000007,0.1999999999999993,10.0,10.0,10.0,0.0,0.0,4.0,4.0,4.0,0.0,0.0,4.0,4.0,4.0,0.0,0.0,0.0,0.0,0.0,0.0,0.0,4.0,4.0,4.0,0.0,0.0
20,4,5,3,0.2,0.2,0.3,dense,True,20,20,20,4,5,15,4,Plain DPA max token,validity_full_harmful_sequence_per_prompt,radius_derived,5,"0,10,20,30,40",1.0,1.0,1.0,0.0,0.0,0.0,0.0,0.0,0.0,0.0,9.95,9.75,10.0,0.1999999999999993,0.05000000000000071,10.0,10.0,10.0,0.0,0.0,9.8,9.0,10.0,0.8000000000000007,0.1999999999999993,10.0,10.0,10.0,0.0,0.0,4.0,4.0,4.0,0.0,0.0,4.0,4.0,4.0,0.0,0.0,0.0,0.0,0.0,0.0,0.0,4.0,4.0,4.0,0.0,0.0
20,4,5,3,0.2,0.2,0.3,dense,True,20,20,20,4,5,15,5,Plain DPA max token,validity_full_harmful_sequence_per_prompt,radius_derived,5,"0,10,20,30,40",1.0,1.0,1.0,0.0,0.0,0.0,0.0,0.0,0.0,0.0,9.95,9.75,10.0,0.1999999999999993,0.05000000000000071,10.0,10.0,10.0,0.0,0.0,9.8,9.0,10.0,0.8000000000000007,0.1999999999999993,10.0,10.0,10.0,0.0,0.0,4.0,4.0,4.0,0.0,0.0,4.0,4.0,4.0,0.0,0.0,0.0,0.0,0.0,0.0,0.0,4.0,4.0,4.0,0.0,0.0
20,4,5,3,0.2,0.2,0.3,dense,True,20,20,20,4,5,15,6,Plain DPA max token,validity_full_harmful_sequence_per_prompt,radius_derived,5,"0,10,20,30,40",1.0,1.0,1.0,0.0,0.0,0.0,0.0,0.0,0.0,0.0,9.95,9.75,10.0,0.1999999999999993,0.05000000000000071,10.0,10.0,10.0,0.0,0.0,9.8,9.0,10.0,0.8000000000000007,0.1999999999999993,10.0,10.0,10.0,0.0,0.0,4.0,4.0,4.0,0.0,0.0,4.0,4.0,4.0,0.0,0.0,0.0,0.0,0.0,0.0,0.0,4.0,4.0,4.0,0.0,0.0
20,4,5,3,0.2,0.2,0.3,dense,True,20,20,20,4,5,15,7,Plain DPA max token,validity_full_harmful_sequence_per_prompt,radius_derived,5,"0,10,20,30,40",1.0,1.0,1.0,0.0,0.0,0.0,0.0,0.0,0.0,0.0,9.95,9.75,10.0,0.1999999999999993,0.05000000000000071,10.0,10.0,10.0,0.0,0.0,9.8,9.0,10.0,0.8000000000000007,0.1999999999999993,10.0,10.0,10.0,0.0,0.0,4.0,4.0,4.0,0.0,0.0,4.0,4.0,4.0,0.0,0.0,0.0,0.0,0.0,0.0,0.0,4.0,4.0,4.0,0.0,0.0
20,4,5,3,0.2,0.2,0.3,dense,True,20,20,20,4,5,15,8,Plain DPA max token,validity_full_harmful_sequence_per_prompt,radius_derived,5,"0,10,20,30,40",1.0,1.0,1.0,0.0,0.0,0.0,0.0,0.0,0.0,0.0,9.95,9.75,10.0,0.1999999999999993,0.05000000000000071,10.0,10.0,10.0,0.0,0.0,9.8,9.0,10.0,0.8000000000000007,0.1999999999999993,10.0,10.0,10.0,0.0,0.0,4.0,4.0,4.0,0.0,0.0,4.0,4.0,4.0,0.0,0.0,0.0,0.0,0.0,0.0,0.0,4.0,4.0,4.0,0.0,0.0
20,4,5,3,0.2,0.2,0.3,dense,True,20,20,20,4,5,15,9,Plain DPA max token,validity_full_harmful_sequence_per_prompt,radius_derived,5,"0,10,20,30,40",0.95,0.75,1.0,0.19999999999999996,0.050000000000000044,0.05,0.0,0.25,0.05,0.2,9.95,9.75,10.0,0.1999999999999993,0.05000000000000071,10.0,10.0,10.0,0.0,0.0,9.8,9.0,10.0,0.8000000000000007,0.1999999999999993,10.0,10.0,10.0,0.0,0.0,3.8,3.0,4.0,0.7999999999999998,0.20000000000000018,4.0,4.0,4.0,0.0,0.0,0.0,0.0,0.0,0.0,0.0,4.0,4.0,4.0,0.0,0.0
20,4,5,3,0.2,0.2,0.3,dense,True,20,20,20,4,5,15,10,Plain DPA max token,validity_full_harmful_sequence_per_prompt,radius_derived,5,"0,10,20,30,40",0.0,0.0,0.0,0.0,0.0,1.0,1.0,1.0,0.0,0.0,9.95,9.75,10.0,0.1999999999999993,0.05000000000000071,10.0,10.0,10.0,0.0,0.0,9.8,9.0,10.0,0.8000000000000007,0.1999999999999993,10.0,10.0,10.0,0.0,0.0,0.0,0.0,0.0,0.0,0.0,4.0,4.0,4.0,0.0,0.0,0.0,0.0,0.0,0.0,0.0,4.0,4.0,4.0,0.0,0.0
20,4,5,3,0.2,0.2,0.3,dense,True,20,20,20,4,5,15,11,Plain DPA max token,validity_full_harmful_sequence_per_prompt,radius_derived,5,"0,10,20,30,40",0.0,0.0,0.0,0.0,0.0,1.0,1.0,1.0,0.0,0.0,9.95,9.75,10.0,0.1999999999999993,0.05000000000000071,10.0,10.0,10.0,0.0,0.0,9.8,9.0,10.0,0.8000000000000007,0.1999999999999993,10.0,10.0,10.0,0.0,0.0,0.0,0.0,0.0,0.0,0.0,4.0,4.0,4.0,0.0,0.0,0.0,0.0,0.0,0.0,0.0,4.0,4.0,4.0,0.0,0.0
20,4,5,3,0.2,0.2,0.3,dense,True,20,20,20,4,5,15,12,Plain DPA max token,validity_full_harmful_sequence_per_prompt,radius_derived,5,"0,10,20,30,40",0.0,0.0,0.0,0.0,0.0,1.0,1.0,1.0,0.0,0.0,9.95,9.75,10.0,0.1999999999999993,0.05000000000000071,10.0,10.0,10.0,0.0,0.0,9.8,9.0,10.0,0.8000000000000007,0.1999999999999993,10.0,10.0,10.0,0.0,0.0,0.0,0.0,0.0,0.0,0.0,4.0,4.0,4.0,0.0,0.0,0.0,0.0,0.0,0.0,0.0,4.0,4.0,4.0,0.0,0.0
20,4,5,3,0.2,0.2,0.3,dense,True,20,20,20,4,5,15,13,Plain DPA max token,validity_full_harmful_sequence_per_prompt,radius_derived,5,"0,10,20,30,40",0.0,0.0,0.0,0.0,0.0,1.0,1.0,1.0,0.0,0.0,9.95,9.75,10.0,0.1999999999999993,0.05000000000000071,10.0,10.0,10.0,0.0,0.0,9.8,9.0,10.0,0.8000000000000007,0.1999999999999993,10.0,10.0,10.0,0.0,0.0,0.0,0.0,0.0,0.0,0.0,4.0,4.0,4.0,0.0,0.0,0.0,0.0,0.0,0.0,0.0,4.0,4.0,4.0,0.0,0.0
20,4,5,3,0.2,0.2,0.3,dense,True,20,20,20,4,5,15,14,Plain DPA max token,validity_full_harmful_sequence_per_prompt,radius_derived,5,"0,10,20,30,40",0.0,0.0,0.0,0.0,0.0,1.0,1.0,1.0,0.0,0.0,9.95,9.75,10.0,0.1999999999999993,0.05000000000000071,10.0,10.0,10.0,0.0,0.0,9.8,9.0,10.0,0.8000000000000007,0.1999999999999993,10.0,10.0,10.0,0.0,0.0,0.0,0.0,0.0,0.0,0.0,4.0,4.0,4.0,0.0,0.0,0.0,0.0,0.0,0.0,0.0,4.0,4.0,4.0,0.0,0.0
20,4,5,3,0.2,0.2,0.3,dense,True,20,20,20,4,5,15,15,Plain DPA max token,validity_full_harmful_sequence_per_prompt,radius_derived,5,"0,10,20,30,40",0.0,0.0,0.0,0.0,0.0,1.0,1.0,1.0,0.0,0.0,9.95,9.75,10.0,0.1999999999999993,0.05000000000000071,10.0,10.0,10.0,0.0,0.0,9.8,9.0,10.0,0.8000000000000007,0.1999999999999993,10.0,10.0,10.0,0.0,0.0,0.0,0.0,0.0,0.0,0.0,4.0,4.0,4.0,0.0,0.0,0.0,0.0,0.0,0.0,0.0,4.0,4.0,4.0,0.0,0.0
20,4,5,3,0.2,0.2,0.3,dense,True,20,20,20,4,5,15,16,Plain DPA max token,validity_full_harmful_sequence_per_prompt,radius_derived,5,"0,10,20,30,40",0.0,0.0,0.0,0.0,0.0,1.0,1.0,1.0,0.0,0.0,9.95,9.75,10.0,0.1999999999999993,0.05000000000000071,10.0,10.0,10.0,0.0,0.0,9.8,9.0,10.0,0.8000000000000007,0.1999999999999993,10.0,10.0,10.0,0.0,0.0,0.0,0.0,0.0,0.0,0.0,4.0,4.0,4.0,0.0,0.0,0.0,0.0,0.0,0.0,0.0,4.0,4.0,4.0,0.0,0.0
20,4,5,3,0.2,0.2,0.3,dense,True,20,20,20,4,5,15,17,Plain DPA max token,validity_full_harmful_sequence_per_prompt,radius_derived,5,"0,10,20,30,40",0.0,0.0,0.0,0.0,0.0,1.0,1.0,1.0,0.0,0.0,9.95,9.75,10.0,0.1999999999999993,0.05000000000000071,10.0,10.0,10.0,0.0,0.0,9.8,9.0,10.0,0.8000000000000007,0.1999999999999993,10.0,10.0,10.0,0.0,0.0,0.0,0.0,0.0,0.0,0.0,4.0,4.0,4.0,0.0,0.0,0.0,0.0,0.0,0.0,0.0,4.0,4.0,4.0,0.0,0.0
20,4,5,3,0.2,0.2,0.3,dense,True,20,20,20,4,5,15,18,Plain DPA max token,validity_full_harmful_sequence_per_prompt,radius_derived,5,"0,10,20,30,40",0.0,0.0,0.0,0.0,0.0,1.0,1.0,1.0,0.0,0.0,9.95,9.75,10.0,0.1999999999999993,0.05000000000000071,10.0,10.0,10.0,0.0,0.0,9.8,9.0,10.0,0.8000000000000007,0.1999999999999993,10.0,10.0,10.0,0.0,0.0,0.0,0.0,0.0,0.0,0.0,4.0,4.0,4.0,0.0,0.0,0.0,0.0,0.0,0.0,0.0,4.0,4.0,4.0,0.0,0.0
20,4,5,3,0.2,0.2,0.3,dense,True,20,20,20,4,5,15,19,Plain DPA max token,validity_full_harmful_sequence_per_prompt,radius_derived,5,"0,10,20,30,40",0.0,0.0,0.0,0.0,0.0,1.0,1.0,1.0,0.0,0.0,9.95,9.75,10.0,0.1999999999999993,0.05000000000000071,10.0,10.0,10.0,0.0,0.0,9.8,9.0,10.0,0.8000000000000007,0.1999999999999993,10.0,10.0,10.0,0.0,0.0,0.0,0.0,0.0,0.0,0.0,4.0,4.0,4.0,0.0,0.0,0.0,0.0,0.0,0.0,0.0,4.0,4.0,4.0,0.0,0.0
20,4,5,3,0.2,0.2,0.3,dense,True,20,20,20,4,5,15,20,Plain DPA max token,validity_full_harmful_sequence_per_prompt,radius_derived,5,"0,10,20,30,40",0.0,0.0,0.0,0.0,0.0,1.0,1.0,1.0,0.0,0.0,9.95,9.75,10.0,0.1999999999999993,0.05000000000000071,10.0,10.0,10.0,0.0,0.0,9.8,9.0,10.0,0.8000000000000007,0.1999999999999993,10.0,10.0,10.0,0.0,0.0,0.0,0.0,0.0,0.0,0.0,4.0,4.0,4.0,0.0,0.0,0.0,0.0,0.0,0.0,0.0,4.0,4.0,4.0,0.0,0.0
20,4,5,3,0.2,0.2,0.3,dense,True,20,20,20,4,5,15,0,Shard-aware weakest-token diagnostic,weakest_harmful_token_not_full_sequence_validity,radius_derived,5,"0,10,20,30,40",0.45,0.25,0.75,0.2,0.3,0.55,0.25,0.75,0.30000000000000004,0.19999999999999996,2.3,1.0,4.0,1.2999999999999998,1.7000000000000002,1.5,0.0,4.0,1.5,2.5,0.0,0.0,0.0,0.0,0.0,6.2,4.0,9.0,2.2,2.8,1.8,1.0,3.0,0.8,1.2,4.0,4.0,4.0,0.0,0.0,0.0,0.0,0.0,0.0,0.0,4.0,4.0,4.0,0.0,0.0
20,4,5,3,0.2,0.2,0.3,dense,True,20,20,20,4,5,15,1,Shard-aware weakest-token diagnostic,weakest_harmful_token_not_full_sequence_validity,radius_derived,5,"0,10,20,30,40",0.4,0.25,0.75,0.15000000000000002,0.35,0.6,0.25,0.75,0.35,0.15000000000000002,2.3,1.0,4.0,1.2999999999999998,1.7000000000000002,1.5,0.0,4.0,1.5,2.5,0.0,0.0,0.0,0.0,0.0,6.2,4.0,9.0,2.2,2.8,1.6,1.0,3.0,0.6000000000000001,1.4,4.0,4.0,4.0,0.0,0.0,0.0,0.0,0.0,0.0,0.0,4.0,4.0,4.0,0.0,0.0
20,4,5,3,0.2,0.2,0.3,dense,True,20,20,20,4,5,15,2,Shard-aware weakest-token diagnostic,weakest_harmful_token_not_full_sequence_validity,radius_derived,5,"0,10,20,30,40",0.4,0.25,0.75,0.15000000000000002,0.35,0.6,0.25,0.75,0.35,0.15000000000000002,2.3,1.0,4.0,1.2999999999999998,1.7000000000000002,1.5,0.0,4.0,1.5,2.5,0.0,0.0,0.0,0.0,0.0,6.2,4.0,9.0,2.2,2.8,1.6,1.0,3.0,0.6000000000000001,1.4,4.0,4.0,4.0,0.0,0.0,0.0,0.0,0.0,0.0,0.0,4.0,4.0,4.0,0.0,0.0
20,4,5,3,0.2,0.2,0.3,dense,True,20,20,20,4,5,15,3,Shard-aware weakest-token diagnostic,weakest_harmful_token_not_full_sequence_validity,radius_derived,5,"0,10,20,30,40",0.35,0.25,0.5,0.09999999999999998,0.15000000000000002,0.65,0.5,0.75,0.15000000000000002,0.09999999999999998,2.3,1.0,4.0,1.2999999999999998,1.7000000000000002,1.5,0.0,4.0,1.5,2.5,0.0,0.0,0.0,0.0,0.0,6.2,4.0,9.0,2.2,2.8,1.4,1.0,2.0,0.3999999999999999,0.6000000000000001,4.0,4.0,4.0,0.0,0.0,0.0,0.0,0.0,0.0,0.0,4.0,4.0,4.0,0.0,0.0
20,4,5,3,0.2,0.2,0.3,dense,True,20,20,20,4,5,15,4,Shard-aware weakest-token diagnostic,weakest_harmful_token_not_full_sequence_validity,radius_derived,5,"0,10,20,30,40",0.3,0.0,0.5,0.3,0.2,0.7,0.5,1.0,0.19999999999999996,0.30000000000000004,2.3,1.0,4.0,1.2999999999999998,1.7000000000000002,1.5,0.0,4.0,1.5,2.5,0.0,0.0,0.0,0.0,0.0,6.2,4.0,9.0,2.2,2.8,1.2,0.0,2.0,1.2,0.8,4.0,4.0,4.0,0.0,0.0,0.0,0.0,0.0,0.0,0.0,4.0,4.0,4.0,0.0,0.0
20,4,5,3,0.2,0.2,0.3,dense,True,20,20,20,4,5,15,5,Shard-aware weakest-token diagnostic,weakest_harmful_token_not_full_sequence_validity,radius_derived,5,"0,10,20,30,40",0.25,0.0,0.5,0.25,0.25,0.75,0.5,1.0,0.25,0.25,2.3,1.0,4.0,1.2999999999999998,1.7000000000000002,1.5,0.0,4.0,1.5,2.5,0.0,0.0,0.0,0.0,0.0,6.2,4.0,9.0,2.2,2.8,1.0,0.0,2.0,1.0,1.0,4.0,4.0,4.0,0.0,0.0,0.0,0.0,0.0,0.0,0.0,4.0,4.0,4.0,0.0,0.0
20,4,5,3,0.2,0.2,0.3,dense,True,20,20,20,4,5,15,6,Shard-aware weakest-token diagnostic,weakest_harmful_token_not_full_sequence_validity,radius_derived,5,"0,10,20,30,40",0.05,0.0,0.25,0.05,0.2,0.95,0.75,1.0,0.19999999999999996,0.050000000000000044,2.3,1.0,4.0,1.2999999999999998,1.7000000000000002,1.5,0.0,4.0,1.5,2.5,0.0,0.0,0.0,0.0,0.0,6.2,4.0,9.0,2.2,2.8,0.2,0.0,1.0,0.2,0.8,4.0,4.0,4.0,0.0,0.0,0.0,0.0,0.0,0.0,0.0,4.0,4.0,4.0,0.0,0.0
20,4,5,3,0.2,0.2,0.3,dense,True,20,20,20,4,5,15,7,Shard-aware weakest-token diagnostic,weakest_harmful_token_not_full_sequence_validity,radius_derived,5,"0,10,20,30,40",0.05,0.0,0.25,0.05,0.2,0.95,0.75,1.0,0.19999999999999996,0.050000000000000044,2.3,1.0,4.0,1.2999999999999998,1.7000000000000002,1.5,0.0,4.0,1.5,2.5,0.0,0.0,0.0,0.0,0.0,6.2,4.0,9.0,2.2,2.8,0.2,0.0,1.0,0.2,0.8,4.0,4.0,4.0,0.0,0.0,0.0,0.0,0.0,0.0,0.0,4.0,4.0,4.0,0.0,0.0
20,4,5,3,0.2,0.2,0.3,dense,True,20,20,20,4,5,15,8,Shard-aware weakest-token diagnostic,weakest_harmful_token_not_full_sequence_validity,radius_derived,5,"0,10,20,30,40",0.05,0.0,0.25,0.05,0.2,0.95,0.75,1.0,0.19999999999999996,0.050000000000000044,2.3,1.0,4.0,1.2999999999999998,1.7000000000000002,1.5,0.0,4.0,1.5,2.5,0.0,0.0,0.0,0.0,0.0,6.2,4.0,9.0,2.2,2.8,0.2,0.0,1.0,0.2,0.8,4.0,4.0,4.0,0.0,0.0,0.0,0.0,0.0,0.0,0.0,4.0,4.0,4.0,0.0,0.0
20,4,5,3,0.2,0.2,0.3,dense,True,20,20,20,4,5,15,9,Shard-aware weakest-token diagnostic,weakest_harmful_token_not_full_sequence_validity,radius_derived,5,"0,10,20,30,40",0.0,0.0,0.0,0.0,0.0,1.0,1.0,1.0,0.0,0.0,2.3,1.0,4.0,1.2999999999999998,1.7000000000000002,1.5,0.0,4.0,1.5,2.5,0.0,0.0,0.0,0.0,0.0,6.2,4.0,9.0,2.2,2.8,0.0,0.0,0.0,0.0,0.0,4.0,4.0,4.0,0.0,0.0,0.0,0.0,0.0,0.0,0.0,4.0,4.0,4.0,0.0,0.0
20,4,5,3,0.2,0.2,0.3,dense,True,20,20,20,4,5,15,10,Shard-aware weakest-token diagnostic,weakest_harmful_token_not_full_sequence_validity,radius_derived,5,"0,10,20,30,40",0.0,0.0,0.0,0.0,0.0,1.0,1.0,1.0,0.0,0.0,2.3,1.0,4.0,1.2999999999999998,1.7000000000000002,1.5,0.0,4.0,1.5,2.5,0.0,0.0,0.0,0.0,0.0,6.2,4.0,9.0,2.2,2.8,0.0,0.0,0.0,0.0,0.0,4.0,4.0,4.0,0.0,0.0,0.0,0.0,0.0,0.0,0.0,4.0,4.0,4.0,0.0,0.0
20,4,5,3,0.2,0.2,0.3,dense,True,20,20,20,4,5,15,11,Shard-aware weakest-token diagnostic,weakest_harmful_token_not_full_sequence_validity,radius_derived,5,"0,10,20,30,40",0.0,0.0,0.0,0.0,0.0,1.0,1.0,1.0,0.0,0.0,2.3,1.0,4.0,1.2999999999999998,1.7000000000000002,1.5,0.0,4.0,1.5,2.5,0.0,0.0,0.0,0.0,0.0,6.2,4.0,9.0,2.2,2.8,0.0,0.0,0.0,0.0,0.0,4.0,4.0,4.0,0.0,0.0,0.0,0.0,0.0,0.0,0.0,4.0,4.0,4.0,0.0,0.0
20,4,5,3,0.2,0.2,0.3,dense,True,20,20,20,4,5,15,12,Shard-aware weakest-token diagnostic,weakest_harmful_token_not_full_sequence_validity,radius_derived,5,"0,10,20,30,40",0.0,0.0,0.0,0.0,0.0,1.0,1.0,1.0,0.0,0.0,2.3,1.0,4.0,1.2999999999999998,1.7000000000000002,1.5,0.0,4.0,1.5,2.5,0.0,0.0,0.0,0.0,0.0,6.2,4.0,9.0,2.2,2.8,0.0,0.0,0.0,0.0,0.0,4.0,4.0,4.0,0.0,0.0,0.0,0.0,0.0,0.0,0.0,4.0,4.0,4.0,0.0,0.0
20,4,5,3,0.2,0.2,0.3,dense,True,20,20,20,4,5,15,13,Shard-aware weakest-token diagnostic,weakest_harmful_token_not_full_sequence_validity,radius_derived,5,"0,10,20,30,40",0.0,0.0,0.0,0.0,0.0,1.0,1.0,1.0,0.0,0.0,2.3,1.0,4.0,1.2999999999999998,1.7000000000000002,1.5,0.0,4.0,1.5,2.5,0.0,0.0,0.0,0.0,0.0,6.2,4.0,9.0,2.2,2.8,0.0,0.0,0.0,0.0,0.0,4.0,4.0,4.0,0.0,0.0,0.0,0.0,0.0,0.0,0.0,4.0,4.0,4.0,0.0,0.0
20,4,5,3,0.2,0.2,0.3,dense,True,20,20,20,4,5,15,14,Shard-aware weakest-token diagnostic,weakest_harmful_token_not_full_sequence_validity,radius_derived,5,"0,10,20,30,40",0.0,0.0,0.0,0.0,0.0,1.0,1.0,1.0,0.0,0.0,2.3,1.0,4.0,1.2999999999999998,1.7000000000000002,1.5,0.0,4.0,1.5,2.5,0.0,0.0,0.0,0.0,0.0,6.2,4.0,9.0,2.2,2.8,0.0,0.0,0.0,0.0,0.0,4.0,4.0,4.0,0.0,0.0,0.0,0.0,0.0,0.0,0.0,4.0,4.0,4.0,0.0,0.0
20,4,5,3,0.2,0.2,0.3,dense,True,20,20,20,4,5,15,15,Shard-aware weakest-token diagnostic,weakest_harmful_token_not_full_sequence_validity,radius_derived,5,"0,10,20,30,40",0.0,0.0,0.0,0.0,0.0,1.0,1.0,1.0,0.0,0.0,2.3,1.0,4.0,1.2999999999999998,1.7000000000000002,1.5,0.0,4.0,1.5,2.5,0.0,0.0,0.0,0.0,0.0,6.2,4.0,9.0,2.2,2.8,0.0,0.0,0.0,0.0,0.0,4.0,4.0,4.0,0.0,0.0,0.0,0.0,0.0,0.0,0.0,4.0,4.0,4.0,0.0,0.0
20,4,5,3,0.2,0.2,0.3,dense,True,20,20,20,4,5,15,16,Shard-aware weakest-token diagnostic,weakest_harmful_token_not_full_sequence_validity,radius_derived,5,"0,10,20,30,40",0.0,0.0,0.0,0.0,0.0,1.0,1.0,1.0,0.0,0.0,2.3,1.0,4.0,1.2999999999999998,1.7000000000000002,1.5,0.0,4.0,1.5,2.5,0.0,0.0,0.0,0.0,0.0,6.2,4.0,9.0,2.2,2.8,0.0,0.0,0.0,0.0,0.0,4.0,4.0,4.0,0.0,0.0,0.0,0.0,0.0,0.0,0.0,4.0,4.0,4.0,0.0,0.0
20,4,5,3,0.2,0.2,0.3,dense,True,20,20,20,4,5,15,17,Shard-aware weakest-token diagnostic,weakest_harmful_token_not_full_sequence_validity,radius_derived,5,"0,10,20,30,40",0.0,0.0,0.0,0.0,0.0,1.0,1.0,1.0,0.0,0.0,2.3,1.0,4.0,1.2999999999999998,1.7000000000000002,1.5,0.0,4.0,1.5,2.5,0.0,0.0,0.0,0.0,0.0,6.2,4.0,9.0,2.2,2.8,0.0,0.0,0.0,0.0,0.0,4.0,4.0,4.0,0.0,0.0,0.0,0.0,0.0,0.0,0.0,4.0,4.0,4.0,0.0,0.0
20,4,5,3,0.2,0.2,0.3,dense,True,20,20,20,4,5,15,18,Shard-aware weakest-token diagnostic,weakest_harmful_token_not_full_sequence_validity,radius_derived,5,"0,10,20,30,40",0.0,0.0,0.0,0.0,0.0,1.0,1.0,1.0,0.0,0.0,2.3,1.0,4.0,1.2999999999999998,1.7000000000000002,1.5,0.0,4.0,1.5,2.5,0.0,0.0,0.0,0.0,0.0,6.2,4.0,9.0,2.2,2.8,0.0,0.0,0.0,0.0,0.0,4.0,4.0,4.0,0.0,0.0,0.0,0.0,0.0,0.0,0.0,4.0,4.0,4.0,0.0,0.0
20,4,5,3,0.2,0.2,0.3,dense,True,20,20,20,4,5,15,19,Shard-aware weakest-token diagnostic,weakest_harmful_token_not_full_sequence_validity,radius_derived,5,"0,10,20,30,40",0.0,0.0,0.0,0.0,0.0,1.0,1.0,1.0,0.0,0.0,2.3,1.0,4.0,1.2999999999999998,1.7000000000000002,1.5,0.0,4.0,1.5,2.5,0.0,0.0,0.0,0.0,0.0,6.2,4.0,9.0,2.2,2.8,0.0,0.0,0.0,0.0,0.0,4.0,4.0,4.0,0.0,0.0,0.0,0.0,0.0,0.0,0.0,4.0,4.0,4.0,0.0,0.0
20,4,5,3,0.2,0.2,0.3,dense,True,20,20,20,4,5,15,20,Shard-aware weakest-token diagnostic,weakest_harmful_token_not_full_sequence_validity,radius_derived,5,"0,10,20,30,40",0.0,0.0,0.0,0.0,0.0,1.0,1.0,1.0,0.0,0.0,2.3,1.0,4.0,1.2999999999999998,1.7000000000000002,1.5,0.0,4.0,1.5,2.5,0.0,0.0,0.0,0.0,0.0,6.2,4.0,9.0,2.2,2.8,0.0,0.0,0.0,0.0,0.0,4.0,4.0,4.0,0.0,0.0,0.0,0.0,0.0,0.0,0.0,4.0,4.0,4.0,0.0,0.0
20,4,5,3,0.2,0.2,0.3,dense,True,20,20,20,4,5,15,0,Shard-aware independent max-token diagnostic,most_difficult_harmful_token_not_full_sequence_validity,radius_derived,5,"0,10,20,30,40",1.0,1.0,1.0,0.0,0.0,0.0,0.0,0.0,0.0,0.0,9.95,9.75,10.0,0.1999999999999993,0.05000000000000071,10.0,10.0,10.0,0.0,0.0,9.8,9.0,10.0,0.8000000000000007,0.1999999999999993,10.0,10.0,10.0,0.0,0.0,4.0,4.0,4.0,0.0,0.0,4.0,4.0,4.0,0.0,0.0,0.0,0.0,0.0,0.0,0.0,4.0,4.0,4.0,0.0,0.0
20,4,5,3,0.2,0.2,0.3,dense,True,20,20,20,4,5,15,1,Shard-aware independent max-token diagnostic,most_difficult_harmful_token_not_full_sequence_validity,radius_derived,5,"0,10,20,30,40",1.0,1.0,1.0,0.0,0.0,0.0,0.0,0.0,0.0,0.0,9.95,9.75,10.0,0.1999999999999993,0.05000000000000071,10.0,10.0,10.0,0.0,0.0,9.8,9.0,10.0,0.8000000000000007,0.1999999999999993,10.0,10.0,10.0,0.0,0.0,4.0,4.0,4.0,0.0,0.0,4.0,4.0,4.0,0.0,0.0,0.0,0.0,0.0,0.0,0.0,4.0,4.0,4.0,0.0,0.0
20,4,5,3,0.2,0.2,0.3,dense,True,20,20,20,4,5,15,2,Shard-aware independent max-token diagnostic,most_difficult_harmful_token_not_full_sequence_validity,radius_derived,5,"0,10,20,30,40",1.0,1.0,1.0,0.0,0.0,0.0,0.0,0.0,0.0,0.0,9.95,9.75,10.0,0.1999999999999993,0.05000000000000071,10.0,10.0,10.0,0.0,0.0,9.8,9.0,10.0,0.8000000000000007,0.1999999999999993,10.0,10.0,10.0,0.0,0.0,4.0,4.0,4.0,0.0,0.0,4.0,4.0,4.0,0.0,0.0,0.0,0.0,0.0,0.0,0.0,4.0,4.0,4.0,0.0,0.0
20,4,5,3,0.2,0.2,0.3,dense,True,20,20,20,4,5,15,3,Shard-aware independent max-token diagnostic,most_difficult_harmful_token_not_full_sequence_validity,radius_derived,5,"0,10,20,30,40",1.0,1.0,1.0,0.0,0.0,0.0,0.0,0.0,0.0,0.0,9.95,9.75,10.0,0.1999999999999993,0.05000000000000071,10.0,10.0,10.0,0.0,0.0,9.8,9.0,10.0,0.8000000000000007,0.1999999999999993,10.0,10.0,10.0,0.0,0.0,4.0,4.0,4.0,0.0,0.0,4.0,4.0,4.0,0.0,0.0,0.0,0.0,0.0,0.0,0.0,4.0,4.0,4.0,0.0,0.0
20,4,5,3,0.2,0.2,0.3,dense,True,20,20,20,4,5,15,4,Shard-aware independent max-token diagnostic,most_difficult_harmful_token_not_full_sequence_validity,radius_derived,5,"0,10,20,30,40",1.0,1.0,1.0,0.0,0.0,0.0,0.0,0.0,0.0,0.0,9.95,9.75,10.0,0.1999999999999993,0.05000000000000071,10.0,10.0,10.0,0.0,0.0,9.8,9.0,10.0,0.8000000000000007,0.1999999999999993,10.0,10.0,10.0,0.0,0.0,4.0,4.0,4.0,0.0,0.0,4.0,4.0,4.0,0.0,0.0,0.0,0.0,0.0,0.0,0.0,4.0,4.0,4.0,0.0,0.0
20,4,5,3,0.2,0.2,0.3,dense,True,20,20,20,4,5,15,5,Shard-aware independent max-token diagnostic,most_difficult_harmful_token_not_full_sequence_validity,radius_derived,5,"0,10,20,30,40",1.0,1.0,1.0,0.0,0.0,0.0,0.0,0.0,0.0,0.0,9.95,9.75,10.0,0.1999999999999993,0.05000000000000071,10.0,10.0,10.0,0.0,0.0,9.8,9.0,10.0,0.8000000000000007,0.1999999999999993,10.0,10.0,10.0,0.0,0.0,4.0,4.0,4.0,0.0,0.0,4.0,4.0,4.0,0.0,0.0,0.0,0.0,0.0,0.0,0.0,4.0,4.0,4.0,0.0,0.0
20,4,5,3,0.2,0.2,0.3,dense,True,20,20,20,4,5,15,6,Shard-aware independent max-token diagnostic,most_difficult_harmful_token_not_full_sequence_validity,radius_derived,5,"0,10,20,30,40",1.0,1.0,1.0,0.0,0.0,0.0,0.0,0.0,0.0,0.0,9.95,9.75,10.0,0.1999999999999993,0.05000000000000071,10.0,10.0,10.0,0.0,0.0,9.8,9.0,10.0,0.8000000000000007,0.1999999999999993,10.0,10.0,10.0,0.0,0.0,4.0,4.0,4.0,0.0,0.0,4.0,4.0,4.0,0.0,0.0,0.0,0.0,0.0,0.0,0.0,4.0,4.0,4.0,0.0,0.0
20,4,5,3,0.2,0.2,0.3,dense,True,20,20,20,4,5,15,7,Shard-aware independent max-token diagnostic,most_difficult_harmful_token_not_full_sequence_validity,radius_derived,5,"0,10,20,30,40",1.0,1.0,1.0,0.0,0.0,0.0,0.0,0.0,0.0,0.0,9.95,9.75,10.0,0.1999999999999993,0.05000000000000071,10.0,10.0,10.0,0.0,0.0,9.8,9.0,10.0,0.8000000000000007,0.1999999999999993,10.0,10.0,10.0,0.0,0.0,4.0,4.0,4.0,0.0,0.0,4.0,4.0,4.0,0.0,0.0,0.0,0.0,0.0,0.0,0.0,4.0,4.0,4.0,0.0,0.0
20,4,5,3,0.2,0.2,0.3,dense,True,20,20,20,4,5,15,8,Shard-aware independent max-token diagnostic,most_difficult_harmful_token_not_full_sequence_validity,radius_derived,5,"0,10,20,30,40",1.0,1.0,1.0,0.0,0.0,0.0,0.0,0.0,0.0,0.0,9.95,9.75,10.0,0.1999999999999993,0.05000000000000071,10.0,10.0,10.0,0.0,0.0,9.8,9.0,10.0,0.8000000000000007,0.1999999999999993,10.0,10.0,10.0,0.0,0.0,4.0,4.0,4.0,0.0,0.0,4.0,4.0,4.0,0.0,0.0,0.0,0.0,0.0,0.0,0.0,4.0,4.0,4.0,0.0,0.0
20,4,5,3,0.2,0.2,0.3,dense,True,20,20,20,4,5,15,9,Shard-aware independent max-token diagnostic,most_difficult_harmful_token_not_full_sequence_validity,radius_derived,5,"0,10,20,30,40",0.95,0.75,1.0,0.19999999999999996,0.050000000000000044,0.05,0.0,0.25,0.05,0.2,9.95,9.75,10.0,0.1999999999999993,0.05000000000000071,10.0,10.0,10.0,0.0,0.0,9.8,9.0,10.0,0.8000000000000007,0.1999999999999993,10.0,10.0,10.0,0.0,0.0,3.8,3.0,4.0,0.7999999999999998,0.20000000000000018,4.0,4.0,4.0,0.0,0.0,0.0,0.0,0.0,0.0,0.0,4.0,4.0,4.0,0.0,0.0
20,4,5,3,0.2,0.2,0.3,dense,True,20,20,20,4,5,15,10,Shard-aware independent max-token diagnostic,most_difficult_harmful_token_not_full_sequence_validity,radius_derived,5,"0,10,20,30,40",0.0,0.0,0.0,0.0,0.0,1.0,1.0,1.0,0.0,0.0,9.95,9.75,10.0,0.1999999999999993,0.05000000000000071,10.0,10.0,10.0,0.0,0.0,9.8,9.0,10.0,0.8000000000000007,0.1999999999999993,10.0,10.0,10.0,0.0,0.0,0.0,0.0,0.0,0.0,0.0,4.0,4.0,4.0,0.0,0.0,0.0,0.0,0.0,0.0,0.0,4.0,4.0,4.0,0.0,0.0
20,4,5,3,0.2,0.2,0.3,dense,True,20,20,20,4,5,15,11,Shard-aware independent max-token diagnostic,most_difficult_harmful_token_not_full_sequence_validity,radius_derived,5,"0,10,20,30,40",0.0,0.0,0.0,0.0,0.0,1.0,1.0,1.0,0.0,0.0,9.95,9.75,10.0,0.1999999999999993,0.05000000000000071,10.0,10.0,10.0,0.0,0.0,9.8,9.0,10.0,0.8000000000000007,0.1999999999999993,10.0,10.0,10.0,0.0,0.0,0.0,0.0,0.0,0.0,0.0,4.0,4.0,4.0,0.0,0.0,0.0,0.0,0.0,0.0,0.0,4.0,4.0,4.0,0.0,0.0
20,4,5,3,0.2,0.2,0.3,dense,True,20,20,20,4,5,15,12,Shard-aware independent max-token diagnostic,most_difficult_harmful_token_not_full_sequence_validity,radius_derived,5,"0,10,20,30,40",0.0,0.0,0.0,0.0,0.0,1.0,1.0,1.0,0.0,0.0,9.95,9.75,10.0,0.1999999999999993,0.05000000000000071,10.0,10.0,10.0,0.0,0.0,9.8,9.0,10.0,0.8000000000000007,0.1999999999999993,10.0,10.0,10.0,0.0,0.0,0.0,0.0,0.0,0.0,0.0,4.0,4.0,4.0,0.0,0.0,0.0,0.0,0.0,0.0,0.0,4.0,4.0,4.0,0.0,0.0
20,4,5,3,0.2,0.2,0.3,dense,True,20,20,20,4,5,15,13,Shard-aware independent max-token diagnostic,most_difficult_harmful_token_not_full_sequence_validity,radius_derived,5,"0,10,20,30,40",0.0,0.0,0.0,0.0,0.0,1.0,1.0,1.0,0.0,0.0,9.95,9.75,10.0,0.1999999999999993,0.05000000000000071,10.0,10.0,10.0,0.0,0.0,9.8,9.0,10.0,0.8000000000000007,0.1999999999999993,10.0,10.0,10.0,0.0,0.0,0.0,0.0,0.0,0.0,0.0,4.0,4.0,4.0,0.0,0.0,0.0,0.0,0.0,0.0,0.0,4.0,4.0,4.0,0.0,0.0
20,4,5,3,0.2,0.2,0.3,dense,True,20,20,20,4,5,15,14,Shard-aware independent max-token diagnostic,most_difficult_harmful_token_not_full_sequence_validity,radius_derived,5,"0,10,20,30,40",0.0,0.0,0.0,0.0,0.0,1.0,1.0,1.0,0.0,0.0,9.95,9.75,10.0,0.1999999999999993,0.05000000000000071,10.0,10.0,10.0,0.0,0.0,9.8,9.0,10.0,0.8000000000000007,0.1999999999999993,10.0,10.0,10.0,0.0,0.0,0.0,0.0,0.0,0.0,0.0,4.0,4.0,4.0,0.0,0.0,0.0,0.0,0.0,0.0,0.0,4.0,4.0,4.0,0.0,0.0
20,4,5,3,0.2,0.2,0.3,dense,True,20,20,20,4,5,15,15,Shard-aware independent max-token diagnostic,most_difficult_harmful_token_not_full_sequence_validity,radius_derived,5,"0,10,20,30,40",0.0,0.0,0.0,0.0,0.0,1.0,1.0,1.0,0.0,0.0,9.95,9.75,10.0,0.1999999999999993,0.05000000000000071,10.0,10.0,10.0,0.0,0.0,9.8,9.0,10.0,0.8000000000000007,0.1999999999999993,10.0,10.0,10.0,0.0,0.0,0.0,0.0,0.0,0.0,0.0,4.0,4.0,4.0,0.0,0.0,0.0,0.0,0.0,0.0,0.0,4.0,4.0,4.0,0.0,0.0
20,4,5,3,0.2,0.2,0.3,dense,True,20,20,20,4,5,15,16,Shard-aware independent max-token diagnostic,most_difficult_harmful_token_not_full_sequence_validity,radius_derived,5,"0,10,20,30,40",0.0,0.0,0.0,0.0,0.0,1.0,1.0,1.0,0.0,0.0,9.95,9.75,10.0,0.1999999999999993,0.05000000000000071,10.0,10.0,10.0,0.0,0.0,9.8,9.0,10.0,0.8000000000000007,0.1999999999999993,10.0,10.0,10.0,0.0,0.0,0.0,0.0,0.0,0.0,0.0,4.0,4.0,4.0,0.0,0.0,0.0,0.0,0.0,0.0,0.0,4.0,4.0,4.0,0.0,0.0
20,4,5,3,0.2,0.2,0.3,dense,True,20,20,20,4,5,15,17,Shard-aware independent max-token diagnostic,most_difficult_harmful_token_not_full_sequence_validity,radius_derived,5,"0,10,20,30,40",0.0,0.0,0.0,0.0,0.0,1.0,1.0,1.0,0.0,0.0,9.95,9.75,10.0,0.1999999999999993,0.05000000000000071,10.0,10.0,10.0,0.0,0.0,9.8,9.0,10.0,0.8000000000000007,0.1999999999999993,10.0,10.0,10.0,0.0,0.0,0.0,0.0,0.0,0.0,0.0,4.0,4.0,4.0,0.0,0.0,0.0,0.0,0.0,0.0,0.0,4.0,4.0,4.0,0.0,0.0
20,4,5,3,0.2,0.2,0.3,dense,True,20,20,20,4,5,15,18,Shard-aware independent max-token diagnostic,most_difficult_harmful_token_not_full_sequence_validity,radius_derived,5,"0,10,20,30,40",0.0,0.0,0.0,0.0,0.0,1.0,1.0,1.0,0.0,0.0,9.95,9.75,10.0,0.1999999999999993,0.05000000000000071,10.0,10.0,10.0,0.0,0.0,9.8,9.0,10.0,0.8000000000000007,0.1999999999999993,10.0,10.0,10.0,0.0,0.0,0.0,0.0,0.0,0.0,0.0,4.0,4.0,4.0,0.0,0.0,0.0,0.0,0.0,0.0,0.0,4.0,4.0,4.0,0.0,0.0
20,4,5,3,0.2,0.2,0.3,dense,True,20,20,20,4,5,15,19,Shard-aware independent max-token diagnostic,most_difficult_harmful_token_not_full_sequence_validity,radius_derived,5,"0,10,20,30,40",0.0,0.0,0.0,0.0,0.0,1.0,1.0,1.0,0.0,0.0,9.95,9.75,10.0,0.1999999999999993,0.05000000000000071,10.0,10.0,10.0,0.0,0.0,9.8,9.0,10.0,0.8000000000000007,0.1999999999999993,10.0,10.0,10.0,0.0,0.0,0.0,0.0,0.0,0.0,0.0,4.0,4.0,4.0,0.0,0.0,0.0,0.0,0.0,0.0,0.0,4.0,4.0,4.0,0.0,0.0
20,4,5,3,0.2,0.2,0.3,dense,True,20,20,20,4,5,15,20,Shard-aware independent max-token diagnostic,most_difficult_harmful_token_not_full_sequence_validity,radius_derived,5,"0,10,20,30,40",0.0,0.0,0.0,0.0,0.0,1.0,1.0,1.0,0.0,0.0,9.95,9.75,10.0,0.1999999999999993,0.05000000000000071,10.0,10.0,10.0,0.0,0.0,9.8,9.0,10.0,0.8000000000000007,0.1999999999999993,10.0,10.0,10.0,0.0,0.0,0.0,0.0,0.0,0.0,0.0,4.0,4.0,4.0,0.0,0.0,0.0,0.0,0.0,0.0,0.0,4.0,4.0,4.0,0.0,0.0
20,4,5,3,0.2,0.2,0.3,dense,True,20,20,20,4,5,15,0,TPA max-token phrase baseline,validity_full_harmful_sequence_per_prompt,radius_derived,5,"0,10,20,30,40",1.0,1.0,1.0,0.0,0.0,0.0,0.0,0.0,0.0,0.0,9.95,9.75,10.0,0.1999999999999993,0.05000000000000071,10.0,10.0,10.0,0.0,0.0,9.8,9.0,10.0,0.8000000000000007,0.1999999999999993,10.0,10.0,10.0,0.0,0.0,4.0,4.0,4.0,0.0,0.0,4.0,4.0,4.0,0.0,0.0,0.0,0.0,0.0,0.0,0.0,4.0,4.0,4.0,0.0,0.0
20,4,5,3,0.2,0.2,0.3,dense,True,20,20,20,4,5,15,1,TPA max-token phrase baseline,validity_full_harmful_sequence_per_prompt,radius_derived,5,"0,10,20,30,40",1.0,1.0,1.0,0.0,0.0,0.0,0.0,0.0,0.0,0.0,9.95,9.75,10.0,0.1999999999999993,0.05000000000000071,10.0,10.0,10.0,0.0,0.0,9.8,9.0,10.0,0.8000000000000007,0.1999999999999993,10.0,10.0,10.0,0.0,0.0,4.0,4.0,4.0,0.0,0.0,4.0,4.0,4.0,0.0,0.0,0.0,0.0,0.0,0.0,0.0,4.0,4.0,4.0,0.0,0.0
20,4,5,3,0.2,0.2,0.3,dense,True,20,20,20,4,5,15,2,TPA max-token phrase baseline,validity_full_harmful_sequence_per_prompt,radius_derived,5,"0,10,20,30,40",1.0,1.0,1.0,0.0,0.0,0.0,0.0,0.0,0.0,0.0,9.95,9.75,10.0,0.1999999999999993,0.05000000000000071,10.0,10.0,10.0,0.0,0.0,9.8,9.0,10.0,0.8000000000000007,0.1999999999999993,10.0,10.0,10.0,0.0,0.0,4.0,4.0,4.0,0.0,0.0,4.0,4.0,4.0,0.0,0.0,0.0,0.0,0.0,0.0,0.0,4.0,4.0,4.0,0.0,0.0
20,4,5,3,0.2,0.2,0.3,dense,True,20,20,20,4,5,15,3,TPA max-token phrase baseline,validity_full_harmful_sequence_per_prompt,radius_derived,5,"0,10,20,30,40",1.0,1.0,1.0,0.0,0.0,0.0,0.0,0.0,0.0,0.0,9.95,9.75,10.0,0.1999999999999993,0.05000000000000071,10.0,10.0,10.0,0.0,0.0,9.8,9.0,10.0,0.8000000000000007,0.1999999999999993,10.0,10.0,10.0,0.0,0.0,4.0,4.0,4.0,0.0,0.0,4.0,4.0,4.0,0.0,0.0,0.0,0.0,0.0,0.0,0.0,4.0,4.0,4.0,0.0,0.0
20,4,5,3,0.2,0.2,0.3,dense,True,20,20,20,4,5,15,4,TPA max-token phrase baseline,validity_full_harmful_sequence_per_prompt,radius_derived,5,"0,10,20,30,40",1.0,1.0,1.0,0.0,0.0,0.0,0.0,0.0,0.0,0.0,9.95,9.75,10.0,0.1999999999999993,0.05000000000000071,10.0,10.0,10.0,0.0,0.0,9.8,9.0,10.0,0.8000000000000007,0.1999999999999993,10.0,10.0,10.0,0.0,0.0,4.0,4.0,4.0,0.0,0.0,4.0,4.0,4.0,0.0,0.0,0.0,0.0,0.0,0.0,0.0,4.0,4.0,4.0,0.0,0.0
20,4,5,3,0.2,0.2,0.3,dense,True,20,20,20,4,5,15,5,TPA max-token phrase baseline,validity_full_harmful_sequence_per_prompt,radius_derived,5,"0,10,20,30,40",1.0,1.0,1.0,0.0,0.0,0.0,0.0,0.0,0.0,0.0,9.95,9.75,10.0,0.1999999999999993,0.05000000000000071,10.0,10.0,10.0,0.0,0.0,9.8,9.0,10.0,0.8000000000000007,0.1999999999999993,10.0,10.0,10.0,0.0,0.0,4.0,4.0,4.0,0.0,0.0,4.0,4.0,4.0,0.0,0.0,0.0,0.0,0.0,0.0,0.0,4.0,4.0,4.0,0.0,0.0
20,4,5,3,0.2,0.2,0.3,dense,True,20,20,20,4,5,15,6,TPA max-token phrase baseline,validity_full_harmful_sequence_per_prompt,radius_derived,5,"0,10,20,30,40",1.0,1.0,1.0,0.0,0.0,0.0,0.0,0.0,0.0,0.0,9.95,9.75,10.0,0.1999999999999993,0.05000000000000071,10.0,10.0,10.0,0.0,0.0,9.8,9.0,10.0,0.8000000000000007,0.1999999999999993,10.0,10.0,10.0,0.0,0.0,4.0,4.0,4.0,0.0,0.0,4.0,4.0,4.0,0.0,0.0,0.0,0.0,0.0,0.0,0.0,4.0,4.0,4.0,0.0,0.0
20,4,5,3,0.2,0.2,0.3,dense,True,20,20,20,4,5,15,7,TPA max-token phrase baseline,validity_full_harmful_sequence_per_prompt,radius_derived,5,"0,10,20,30,40",1.0,1.0,1.0,0.0,0.0,0.0,0.0,0.0,0.0,0.0,9.95,9.75,10.0,0.1999999999999993,0.05000000000000071,10.0,10.0,10.0,0.0,0.0,9.8,9.0,10.0,0.8000000000000007,0.1999999999999993,10.0,10.0,10.0,0.0,0.0,4.0,4.0,4.0,0.0,0.0,4.0,4.0,4.0,0.0,0.0,0.0,0.0,0.0,0.0,0.0,4.0,4.0,4.0,0.0,0.0
20,4,5,3,0.2,0.2,0.3,dense,True,20,20,20,4,5,15,8,TPA max-token phrase baseline,validity_full_harmful_sequence_per_prompt,radius_derived,5,"0,10,20,30,40",1.0,1.0,1.0,0.0,0.0,0.0,0.0,0.0,0.0,0.0,9.95,9.75,10.0,0.1999999999999993,0.05000000000000071,10.0,10.0,10.0,0.0,0.0,9.8,9.0,10.0,0.8000000000000007,0.1999999999999993,10.0,10.0,10.0,0.0,0.0,4.0,4.0,4.0,0.0,0.0,4.0,4.0,4.0,0.0,0.0,0.0,0.0,0.0,0.0,0.0,4.0,4.0,4.0,0.0,0.0
20,4,5,3,0.2,0.2,0.3,dense,True,20,20,20,4,5,15,9,TPA max-token phrase baseline,validity_full_harmful_sequence_per_prompt,radius_derived,5,"0,10,20,30,40",0.95,0.75,1.0,0.19999999999999996,0.050000000000000044,0.05,0.0,0.25,0.05,0.2,9.95,9.75,10.0,0.1999999999999993,0.05000000000000071,10.0,10.0,10.0,0.0,0.0,9.8,9.0,10.0,0.8000000000000007,0.1999999999999993,10.0,10.0,10.0,0.0,0.0,3.8,3.0,4.0,0.7999999999999998,0.20000000000000018,4.0,4.0,4.0,0.0,0.0,0.0,0.0,0.0,0.0,0.0,4.0,4.0,4.0,0.0,0.0
20,4,5,3,0.2,0.2,0.3,dense,True,20,20,20,4,5,15,10,TPA max-token phrase baseline,validity_full_harmful_sequence_per_prompt,radius_derived,5,"0,10,20,30,40",0.0,0.0,0.0,0.0,0.0,1.0,1.0,1.0,0.0,0.0,9.95,9.75,10.0,0.1999999999999993,0.05000000000000071,10.0,10.0,10.0,0.0,0.0,9.8,9.0,10.0,0.8000000000000007,0.1999999999999993,10.0,10.0,10.0,0.0,0.0,0.0,0.0,0.0,0.0,0.0,4.0,4.0,4.0,0.0,0.0,0.0,0.0,0.0,0.0,0.0,4.0,4.0,4.0,0.0,0.0
20,4,5,3,0.2,0.2,0.3,dense,True,20,20,20,4,5,15,11,TPA max-token phrase baseline,validity_full_harmful_sequence_per_prompt,radius_derived,5,"0,10,20,30,40",0.0,0.0,0.0,0.0,0.0,1.0,1.0,1.0,0.0,0.0,9.95,9.75,10.0,0.1999999999999993,0.05000000000000071,10.0,10.0,10.0,0.0,0.0,9.8,9.0,10.0,0.8000000000000007,0.1999999999999993,10.0,10.0,10.0,0.0,0.0,0.0,0.0,0.0,0.0,0.0,4.0,4.0,4.0,0.0,0.0,0.0,0.0,0.0,0.0,0.0,4.0,4.0,4.0,0.0,0.0
20,4,5,3,0.2,0.2,0.3,dense,True,20,20,20,4,5,15,12,TPA max-token phrase baseline,validity_full_harmful_sequence_per_prompt,radius_derived,5,"0,10,20,30,40",0.0,0.0,0.0,0.0,0.0,1.0,1.0,1.0,0.0,0.0,9.95,9.75,10.0,0.1999999999999993,0.05000000000000071,10.0,10.0,10.0,0.0,0.0,9.8,9.0,10.0,0.8000000000000007,0.1999999999999993,10.0,10.0,10.0,0.0,0.0,0.0,0.0,0.0,0.0,0.0,4.0,4.0,4.0,0.0,0.0,0.0,0.0,0.0,0.0,0.0,4.0,4.0,4.0,0.0,0.0
20,4,5,3,0.2,0.2,0.3,dense,True,20,20,20,4,5,15,13,TPA max-token phrase baseline,validity_full_harmful_sequence_per_prompt,radius_derived,5,"0,10,20,30,40",0.0,0.0,0.0,0.0,0.0,1.0,1.0,1.0,0.0,0.0,9.95,9.75,10.0,0.1999999999999993,0.05000000000000071,10.0,10.0,10.0,0.0,0.0,9.8,9.0,10.0,0.8000000000000007,0.1999999999999993,10.0,10.0,10.0,0.0,0.0,0.0,0.0,0.0,0.0,0.0,4.0,4.0,4.0,0.0,0.0,0.0,0.0,0.0,0.0,0.0,4.0,4.0,4.0,0.0,0.0
20,4,5,3,0.2,0.2,0.3,dense,True,20,20,20,4,5,15,14,TPA max-token phrase baseline,validity_full_harmful_sequence_per_prompt,radius_derived,5,"0,10,20,30,40",0.0,0.0,0.0,0.0,0.0,1.0,1.0,1.0,0.0,0.0,9.95,9.75,10.0,0.1999999999999993,0.05000000000000071,10.0,10.0,10.0,0.0,0.0,9.8,9.0,10.0,0.8000000000000007,0.1999999999999993,10.0,10.0,10.0,0.0,0.0,0.0,0.0,0.0,0.0,0.0,4.0,4.0,4.0,0.0,0.0,0.0,0.0,0.0,0.0,0.0,4.0,4.0,4.0,0.0,0.0
20,4,5,3,0.2,0.2,0.3,dense,True,20,20,20,4,5,15,15,TPA max-token phrase baseline,validity_full_harmful_sequence_per_prompt,radius_derived,5,"0,10,20,30,40",0.0,0.0,0.0,0.0,0.0,1.0,1.0,1.0,0.0,0.0,9.95,9.75,10.0,0.1999999999999993,0.05000000000000071,10.0,10.0,10.0,0.0,0.0,9.8,9.0,10.0,0.8000000000000007,0.1999999999999993,10.0,10.0,10.0,0.0,0.0,0.0,0.0,0.0,0.0,0.0,4.0,4.0,4.0,0.0,0.0,0.0,0.0,0.0,0.0,0.0,4.0,4.0,4.0,0.0,0.0
20,4,5,3,0.2,0.2,0.3,dense,True,20,20,20,4,5,15,16,TPA max-token phrase baseline,validity_full_harmful_sequence_per_prompt,radius_derived,5,"0,10,20,30,40",0.0,0.0,0.0,0.0,0.0,1.0,1.0,1.0,0.0,0.0,9.95,9.75,10.0,0.1999999999999993,0.05000000000000071,10.0,10.0,10.0,0.0,0.0,9.8,9.0,10.0,0.8000000000000007,0.1999999999999993,10.0,10.0,10.0,0.0,0.0,0.0,0.0,0.0,0.0,0.0,4.0,4.0,4.0,0.0,0.0,0.0,0.0,0.0,0.0,0.0,4.0,4.0,4.0,0.0,0.0
20,4,5,3,0.2,0.2,0.3,dense,True,20,20,20,4,5,15,17,TPA max-token phrase baseline,validity_full_harmful_sequence_per_prompt,radius_derived,5,"0,10,20,30,40",0.0,0.0,0.0,0.0,0.0,1.0,1.0,1.0,0.0,0.0,9.95,9.75,10.0,0.1999999999999993,0.05000000000000071,10.0,10.0,10.0,0.0,0.0,9.8,9.0,10.0,0.8000000000000007,0.1999999999999993,10.0,10.0,10.0,0.0,0.0,0.0,0.0,0.0,0.0,0.0,4.0,4.0,4.0,0.0,0.0,0.0,0.0,0.0,0.0,0.0,4.0,4.0,4.0,0.0,0.0
20,4,5,3,0.2,0.2,0.3,dense,True,20,20,20,4,5,15,18,TPA max-token phrase baseline,validity_full_harmful_sequence_per_prompt,radius_derived,5,"0,10,20,30,40",0.0,0.0,0.0,0.0,0.0,1.0,1.0,1.0,0.0,0.0,9.95,9.75,10.0,0.1999999999999993,0.05000000000000071,10.0,10.0,10.0,0.0,0.0,9.8,9.0,10.0,0.8000000000000007,0.1999999999999993,10.0,10.0,10.0,0.0,0.0,0.0,0.0,0.0,0.0,0.0,4.0,4.0,4.0,0.0,0.0,0.0,0.0,0.0,0.0,0.0,4.0,4.0,4.0,0.0,0.0
20,4,5,3,0.2,0.2,0.3,dense,True,20,20,20,4,5,15,19,TPA max-token phrase baseline,validity_full_harmful_sequence_per_prompt,radius_derived,5,"0,10,20,30,40",0.0,0.0,0.0,0.0,0.0,1.0,1.0,1.0,0.0,0.0,9.95,9.75,10.0,0.1999999999999993,0.05000000000000071,10.0,10.0,10.0,0.0,0.0,9.8,9.0,10.0,0.8000000000000007,0.1999999999999993,10.0,10.0,10.0,0.0,0.0,0.0,0.0,0.0,0.0,0.0,4.0,4.0,4.0,0.0,0.0,0.0,0.0,0.0,0.0,0.0,4.0,4.0,4.0,0.0,0.0
20,4,5,3,0.2,0.2,0.3,dense,True,20,20,20,4,5,15,20,TPA max-token phrase baseline,validity_full_harmful_sequence_per_prompt,radius_derived,5,"0,10,20,30,40",0.0,0.0,0.0,0.0,0.0,1.0,1.0,1.0,0.0,0.0,9.95,9.75,10.0,0.1999999999999993,0.05000000000000071,10.0,10.0,10.0,0.0,0.0,9.8,9.0,10.0,0.8000000000000007,0.1999999999999993,10.0,10.0,10.0,0.0,0.0,0.0,0.0,0.0,0.0,0.0,4.0,4.0,4.0,0.0,0.0,0.0,0.0,0.0,0.0,0.0,4.0,4.0,4.0,0.0,0.0
20,4,5,3,0.2,0.2,0.3,dense,True,20,20,20,4,5,15,0,Shared MILP,validity_full_harmful_sequence_per_prompt,radius_derived,5,"0,10,20,30,40",1.0,1.0,1.0,0.0,0.0,0.0,0.0,0.0,0.0,0.0,9.95,9.75,10.0,0.1999999999999993,0.05000000000000071,10.0,10.0,10.0,0.0,0.0,9.8,9.0,10.0,0.8000000000000007,0.1999999999999993,10.0,10.0,10.0,0.0,0.0,4.0,4.0,4.0,0.0,0.0,4.0,4.0,4.0,0.0,0.0,0.0,0.0,0.0,0.0,0.0,4.0,4.0,4.0,0.0,0.0
20,4,5,3,0.2,0.2,0.3,dense,True,20,20,20,4,5,15,1,Shared MILP,validity_full_harmful_sequence_per_prompt,radius_derived,5,"0,10,20,30,40",1.0,1.0,1.0,0.0,0.0,0.0,0.0,0.0,0.0,0.0,9.95,9.75,10.0,0.1999999999999993,0.05000000000000071,10.0,10.0,10.0,0.0,0.0,9.8,9.0,10.0,0.8000000000000007,0.1999999999999993,10.0,10.0,10.0,0.0,0.0,4.0,4.0,4.0,0.0,0.0,4.0,4.0,4.0,0.0,0.0,0.0,0.0,0.0,0.0,0.0,4.0,4.0,4.0,0.0,0.0
20,4,5,3,0.2,0.2,0.3,dense,True,20,20,20,4,5,15,2,Shared MILP,validity_full_harmful_sequence_per_prompt,radius_derived,5,"0,10,20,30,40",1.0,1.0,1.0,0.0,0.0,0.0,0.0,0.0,0.0,0.0,9.95,9.75,10.0,0.1999999999999993,0.05000000000000071,10.0,10.0,10.0,0.0,0.0,9.8,9.0,10.0,0.8000000000000007,0.1999999999999993,10.0,10.0,10.0,0.0,0.0,4.0,4.0,4.0,0.0,0.0,4.0,4.0,4.0,0.0,0.0,0.0,0.0,0.0,0.0,0.0,4.0,4.0,4.0,0.0,0.0
20,4,5,3,0.2,0.2,0.3,dense,True,20,20,20,4,5,15,3,Shared MILP,validity_full_harmful_sequence_per_prompt,radius_derived,5,"0,10,20,30,40",1.0,1.0,1.0,0.0,0.0,0.0,0.0,0.0,0.0,0.0,9.95,9.75,10.0,0.1999999999999993,0.05000000000000071,10.0,10.0,10.0,0.0,0.0,9.8,9.0,10.0,0.8000000000000007,0.1999999999999993,10.0,10.0,10.0,0.0,0.0,4.0,4.0,4.0,0.0,0.0,4.0,4.0,4.0,0.0,0.0,0.0,0.0,0.0,0.0,0.0,4.0,4.0,4.0,0.0,0.0
20,4,5,3,0.2,0.2,0.3,dense,True,20,20,20,4,5,15,4,Shared MILP,validity_full_harmful_sequence_per_prompt,radius_derived,5,"0,10,20,30,40",1.0,1.0,1.0,0.0,0.0,0.0,0.0,0.0,0.0,0.0,9.95,9.75,10.0,0.1999999999999993,0.05000000000000071,10.0,10.0,10.0,0.0,0.0,9.8,9.0,10.0,0.8000000000000007,0.1999999999999993,10.0,10.0,10.0,0.0,0.0,4.0,4.0,4.0,0.0,0.0,4.0,4.0,4.0,0.0,0.0,0.0,0.0,0.0,0.0,0.0,4.0,4.0,4.0,0.0,0.0
20,4,5,3,0.2,0.2,0.3,dense,True,20,20,20,4,5,15,5,Shared MILP,validity_full_harmful_sequence_per_prompt,radius_derived,5,"0,10,20,30,40",1.0,1.0,1.0,0.0,0.0,0.0,0.0,0.0,0.0,0.0,9.95,9.75,10.0,0.1999999999999993,0.05000000000000071,10.0,10.0,10.0,0.0,0.0,9.8,9.0,10.0,0.8000000000000007,0.1999999999999993,10.0,10.0,10.0,0.0,0.0,4.0,4.0,4.0,0.0,0.0,4.0,4.0,4.0,0.0,0.0,0.0,0.0,0.0,0.0,0.0,4.0,4.0,4.0,0.0,0.0
20,4,5,3,0.2,0.2,0.3,dense,True,20,20,20,4,5,15,6,Shared MILP,validity_full_harmful_sequence_per_prompt,radius_derived,5,"0,10,20,30,40",1.0,1.0,1.0,0.0,0.0,0.0,0.0,0.0,0.0,0.0,9.95,9.75,10.0,0.1999999999999993,0.05000000000000071,10.0,10.0,10.0,0.0,0.0,9.8,9.0,10.0,0.8000000000000007,0.1999999999999993,10.0,10.0,10.0,0.0,0.0,4.0,4.0,4.0,0.0,0.0,4.0,4.0,4.0,0.0,0.0,0.0,0.0,0.0,0.0,0.0,4.0,4.0,4.0,0.0,0.0
20,4,5,3,0.2,0.2,0.3,dense,True,20,20,20,4,5,15,7,Shared MILP,validity_full_harmful_sequence_per_prompt,radius_derived,5,"0,10,20,30,40",1.0,1.0,1.0,0.0,0.0,0.0,0.0,0.0,0.0,0.0,9.95,9.75,10.0,0.1999999999999993,0.05000000000000071,10.0,10.0,10.0,0.0,0.0,9.8,9.0,10.0,0.8000000000000007,0.1999999999999993,10.0,10.0,10.0,0.0,0.0,4.0,4.0,4.0,0.0,0.0,4.0,4.0,4.0,0.0,0.0,0.0,0.0,0.0,0.0,0.0,4.0,4.0,4.0,0.0,0.0
20,4,5,3,0.2,0.2,0.3,dense,True,20,20,20,4,5,15,8,Shared MILP,validity_full_harmful_sequence_per_prompt,radius_derived,5,"0,10,20,30,40",1.0,1.0,1.0,0.0,0.0,0.0,0.0,0.0,0.0,0.0,9.95,9.75,10.0,0.1999999999999993,0.05000000000000071,10.0,10.0,10.0,0.0,0.0,9.8,9.0,10.0,0.8000000000000007,0.1999999999999993,10.0,10.0,10.0,0.0,0.0,4.0,4.0,4.0,0.0,0.0,4.0,4.0,4.0,0.0,0.0,0.0,0.0,0.0,0.0,0.0,4.0,4.0,4.0,0.0,0.0
20,4,5,3,0.2,0.2,0.3,dense,True,20,20,20,4,5,15,9,Shared MILP,validity_full_harmful_sequence_per_prompt,radius_derived,5,"0,10,20,30,40",0.95,0.75,1.0,0.19999999999999996,0.050000000000000044,0.05,0.0,0.25,0.05,0.2,9.95,9.75,10.0,0.1999999999999993,0.05000000000000071,10.0,10.0,10.0,0.0,0.0,9.8,9.0,10.0,0.8000000000000007,0.1999999999999993,10.0,10.0,10.0,0.0,0.0,3.8,3.0,4.0,0.7999999999999998,0.20000000000000018,4.0,4.0,4.0,0.0,0.0,0.0,0.0,0.0,0.0,0.0,4.0,4.0,4.0,0.0,0.0
20,4,5,3,0.2,0.2,0.3,dense,True,20,20,20,4,5,15,10,Shared MILP,validity_full_harmful_sequence_per_prompt,radius_derived,5,"0,10,20,30,40",0.0,0.0,0.0,0.0,0.0,1.0,1.0,1.0,0.0,0.0,9.95,9.75,10.0,0.1999999999999993,0.05000000000000071,10.0,10.0,10.0,0.0,0.0,9.8,9.0,10.0,0.8000000000000007,0.1999999999999993,10.0,10.0,10.0,0.0,0.0,0.0,0.0,0.0,0.0,0.0,4.0,4.0,4.0,0.0,0.0,0.0,0.0,0.0,0.0,0.0,4.0,4.0,4.0,0.0,0.0
20,4,5,3,0.2,0.2,0.3,dense,True,20,20,20,4,5,15,11,Shared MILP,validity_full_harmful_sequence_per_prompt,radius_derived,5,"0,10,20,30,40",0.0,0.0,0.0,0.0,0.0,1.0,1.0,1.0,0.0,0.0,9.95,9.75,10.0,0.1999999999999993,0.05000000000000071,10.0,10.0,10.0,0.0,0.0,9.8,9.0,10.0,0.8000000000000007,0.1999999999999993,10.0,10.0,10.0,0.0,0.0,0.0,0.0,0.0,0.0,0.0,4.0,4.0,4.0,0.0,0.0,0.0,0.0,0.0,0.0,0.0,4.0,4.0,4.0,0.0,0.0
20,4,5,3,0.2,0.2,0.3,dense,True,20,20,20,4,5,15,12,Shared MILP,validity_full_harmful_sequence_per_prompt,radius_derived,5,"0,10,20,30,40",0.0,0.0,0.0,0.0,0.0,1.0,1.0,1.0,0.0,0.0,9.95,9.75,10.0,0.1999999999999993,0.05000000000000071,10.0,10.0,10.0,0.0,0.0,9.8,9.0,10.0,0.8000000000000007,0.1999999999999993,10.0,10.0,10.0,0.0,0.0,0.0,0.0,0.0,0.0,0.0,4.0,4.0,4.0,0.0,0.0,0.0,0.0,0.0,0.0,0.0,4.0,4.0,4.0,0.0,0.0
20,4,5,3,0.2,0.2,0.3,dense,True,20,20,20,4,5,15,13,Shared MILP,validity_full_harmful_sequence_per_prompt,radius_derived,5,"0,10,20,30,40",0.0,0.0,0.0,0.0,0.0,1.0,1.0,1.0,0.0,0.0,9.95,9.75,10.0,0.1999999999999993,0.05000000000000071,10.0,10.0,10.0,0.0,0.0,9.8,9.0,10.0,0.8000000000000007,0.1999999999999993,10.0,10.0,10.0,0.0,0.0,0.0,0.0,0.0,0.0,0.0,4.0,4.0,4.0,0.0,0.0,0.0,0.0,0.0,0.0,0.0,4.0,4.0,4.0,0.0,0.0
20,4,5,3,0.2,0.2,0.3,dense,True,20,20,20,4,5,15,14,Shared MILP,validity_full_harmful_sequence_per_prompt,radius_derived,5,"0,10,20,30,40",0.0,0.0,0.0,0.0,0.0,1.0,1.0,1.0,0.0,0.0,9.95,9.75,10.0,0.1999999999999993,0.05000000000000071,10.0,10.0,10.0,0.0,0.0,9.8,9.0,10.0,0.8000000000000007,0.1999999999999993,10.0,10.0,10.0,0.0,0.0,0.0,0.0,0.0,0.0,0.0,4.0,4.0,4.0,0.0,0.0,0.0,0.0,0.0,0.0,0.0,4.0,4.0,4.0,0.0,0.0
20,4,5,3,0.2,0.2,0.3,dense,True,20,20,20,4,5,15,15,Shared MILP,validity_full_harmful_sequence_per_prompt,radius_derived,5,"0,10,20,30,40",0.0,0.0,0.0,0.0,0.0,1.0,1.0,1.0,0.0,0.0,9.95,9.75,10.0,0.1999999999999993,0.05000000000000071,10.0,10.0,10.0,0.0,0.0,9.8,9.0,10.0,0.8000000000000007,0.1999999999999993,10.0,10.0,10.0,0.0,0.0,0.0,0.0,0.0,0.0,0.0,4.0,4.0,4.0,0.0,0.0,0.0,0.0,0.0,0.0,0.0,4.0,4.0,4.0,0.0,0.0
20,4,5,3,0.2,0.2,0.3,dense,True,20,20,20,4,5,15,16,Shared MILP,validity_full_harmful_sequence_per_prompt,radius_derived,5,"0,10,20,30,40",0.0,0.0,0.0,0.0,0.0,1.0,1.0,1.0,0.0,0.0,9.95,9.75,10.0,0.1999999999999993,0.05000000000000071,10.0,10.0,10.0,0.0,0.0,9.8,9.0,10.0,0.8000000000000007,0.1999999999999993,10.0,10.0,10.0,0.0,0.0,0.0,0.0,0.0,0.0,0.0,4.0,4.0,4.0,0.0,0.0,0.0,0.0,0.0,0.0,0.0,4.0,4.0,4.0,0.0,0.0
20,4,5,3,0.2,0.2,0.3,dense,True,20,20,20,4,5,15,17,Shared MILP,validity_full_harmful_sequence_per_prompt,radius_derived,5,"0,10,20,30,40",0.0,0.0,0.0,0.0,0.0,1.0,1.0,1.0,0.0,0.0,9.95,9.75,10.0,0.1999999999999993,0.05000000000000071,10.0,10.0,10.0,0.0,0.0,9.8,9.0,10.0,0.8000000000000007,0.1999999999999993,10.0,10.0,10.0,0.0,0.0,0.0,0.0,0.0,0.0,0.0,4.0,4.0,4.0,0.0,0.0,0.0,0.0,0.0,0.0,0.0,4.0,4.0,4.0,0.0,0.0
20,4,5,3,0.2,0.2,0.3,dense,True,20,20,20,4,5,15,18,Shared MILP,validity_full_harmful_sequence_per_prompt,radius_derived,5,"0,10,20,30,40",0.0,0.0,0.0,0.0,0.0,1.0,1.0,1.0,0.0,0.0,9.95,9.75,10.0,0.1999999999999993,0.05000000000000071,10.0,10.0,10.0,0.0,0.0,9.8,9.0,10.0,0.8000000000000007,0.1999999999999993,10.0,10.0,10.0,0.0,0.0,0.0,0.0,0.0,0.0,0.0,4.0,4.0,4.0,0.0,0.0,0.0,0.0,0.0,0.0,0.0,4.0,4.0,4.0,0.0,0.0
20,4,5,3,0.2,0.2,0.3,dense,True,20,20,20,4,5,15,19,Shared MILP,validity_full_harmful_sequence_per_prompt,radius_derived,5,"0,10,20,30,40",0.0,0.0,0.0,0.0,0.0,1.0,1.0,1.0,0.0,0.0,9.95,9.75,10.0,0.1999999999999993,0.05000000000000071,10.0,10.0,10.0,0.0,0.0,9.8,9.0,10.0,0.8000000000000007,0.1999999999999993,10.0,10.0,10.0,0.0,0.0,0.0,0.0,0.0,0.0,0.0,4.0,4.0,4.0,0.0,0.0,0.0,0.0,0.0,0.0,0.0,4.0,4.0,4.0,0.0,0.0
20,4,5,3,0.2,0.2,0.3,dense,True,20,20,20,4,5,15,20,Shared MILP,validity_full_harmful_sequence_per_prompt,radius_derived,5,"0,10,20,30,40",0.0,0.0,0.0,0.0,0.0,1.0,1.0,1.0,0.0,0.0,9.95,9.75,10.0,0.1999999999999993,0.05000000000000071,10.0,10.0,10.0,0.0,0.0,9.8,9.0,10.0,0.8000000000000007,0.1999999999999993,10.0,10.0,10.0,0.0,0.0,0.0,0.0,0.0,0.0,0.0,4.0,4.0,4.0,0.0,0.0,0.0,0.0,0.0,0.0,0.0,4.0,4.0,4.0,0.0,0.0
20,4,5,3,0.2,0.2,0.3,dense,True,20,20,20,4,5,15,0,Atomic phrase aggregation,validity_full_harmful_sequence_per_prompt,radius_derived,5,"0,10,20,30,40",1.0,1.0,1.0,0.0,0.0,0.0,0.0,0.0,0.0,0.0,6.7,6.0,7.25,0.7000000000000002,0.5499999999999998,6.7,5.5,7.5,1.2000000000000002,0.7999999999999998,5.0,4.0,6.0,1.0,1.0,8.4,7.0,9.0,1.4000000000000004,0.5999999999999996,4.0,4.0,4.0,0.0,0.0,4.0,4.0,4.0,0.0,0.0,0.0,0.0,0.0,0.0,0.0,4.0,4.0,4.0,0.0,0.0
20,4,5,3,0.2,0.2,0.3,dense,True,20,20,20,4,5,15,1,Atomic phrase aggregation,validity_full_harmful_sequence_per_prompt,radius_derived,5,"0,10,20,30,40",1.0,1.0,1.0,0.0,0.0,0.0,0.0,0.0,0.0,0.0,6.7,6.0,7.25,0.7000000000000002,0.5499999999999998,6.7,5.5,7.5,1.2000000000000002,0.7999999999999998,5.0,4.0,6.0,1.0,1.0,8.4,7.0,9.0,1.4000000000000004,0.5999999999999996,4.0,4.0,4.0,0.0,0.0,4.0,4.0,4.0,0.0,0.0,0.0,0.0,0.0,0.0,0.0,4.0,4.0,4.0,0.0,0.0
20,4,5,3,0.2,0.2,0.3,dense,True,20,20,20,4,5,15,2,Atomic phrase aggregation,validity_full_harmful_sequence_per_prompt,radius_derived,5,"0,10,20,30,40",1.0,1.0,1.0,0.0,0.0,0.0,0.0,0.0,0.0,0.0,6.7,6.0,7.25,0.7000000000000002,0.5499999999999998,6.7,5.5,7.5,1.2000000000000002,0.7999999999999998,5.0,4.0,6.0,1.0,1.0,8.4,7.0,9.0,1.4000000000000004,0.5999999999999996,4.0,4.0,4.0,0.0,0.0,4.0,4.0,4.0,0.0,0.0,0.0,0.0,0.0,0.0,0.0,4.0,4.0,4.0,0.0,0.0
20,4,5,3,0.2,0.2,0.3,dense,True,20,20,20,4,5,15,3,Atomic phrase aggregation,validity_full_harmful_sequence_per_prompt,radius_derived,5,"0,10,20,30,40",1.0,1.0,1.0,0.0,0.0,0.0,0.0,0.0,0.0,0.0,6.7,6.0,7.25,0.7000000000000002,0.5499999999999998,6.7,5.5,7.5,1.2000000000000002,0.7999999999999998,5.0,4.0,6.0,1.0,1.0,8.4,7.0,9.0,1.4000000000000004,0.5999999999999996,4.0,4.0,4.0,0.0,0.0,4.0,4.0,4.0,0.0,0.0,0.0,0.0,0.0,0.0,0.0,4.0,4.0,4.0,0.0,0.0
20,4,5,3,0.2,0.2,0.3,dense,True,20,20,20,4,5,15,4,Atomic phrase aggregation,validity_full_harmful_sequence_per_prompt,radius_derived,5,"0,10,20,30,40",0.9,0.5,1.0,0.4,0.09999999999999998,0.1,0.0,0.5,0.1,0.4,6.7,6.0,7.25,0.7000000000000002,0.5499999999999998,6.7,5.5,7.5,1.2000000000000002,0.7999999999999998,5.0,4.0,6.0,1.0,1.0,8.4,7.0,9.0,1.4000000000000004,0.5999999999999996,3.6,2.0,4.0,1.6,0.3999999999999999,4.0,4.0,4.0,0.0,0.0,0.0,0.0,0.0,0.0,0.0,4.0,4.0,4.0,0.0,0.0
20,4,5,3,0.2,0.2,0.3,dense,True,20,20,20,4,5,15,5,Atomic phrase aggregation,validity_full_harmful_sequence_per_prompt,radius_derived,5,"0,10,20,30,40",0.7,0.5,1.0,0.19999999999999996,0.30000000000000004,0.3,0.0,0.5,0.3,0.2,6.7,6.0,7.25,0.7000000000000002,0.5499999999999998,6.7,5.5,7.5,1.2000000000000002,0.7999999999999998,5.0,4.0,6.0,1.0,1.0,8.4,7.0,9.0,1.4000000000000004,0.5999999999999996,2.8,2.0,4.0,0.7999999999999998,1.2000000000000002,4.0,4.0,4.0,0.0,0.0,0.0,0.0,0.0,0.0,0.0,4.0,4.0,4.0,0.0,0.0
20,4,5,3,0.2,0.2,0.3,dense,True,20,20,20,4,5,15,6,Atomic phrase aggregation,validity_full_harmful_sequence_per_prompt,radius_derived,5,"0,10,20,30,40",0.65,0.5,0.75,0.15000000000000002,0.09999999999999998,0.35,0.25,0.5,0.09999999999999998,0.15000000000000002,6.7,6.0,7.25,0.7000000000000002,0.5499999999999998,6.7,5.5,7.5,1.2000000000000002,0.7999999999999998,5.0,4.0,6.0,1.0,1.0,8.4,7.0,9.0,1.4000000000000004,0.5999999999999996,2.6,2.0,3.0,0.6000000000000001,0.3999999999999999,4.0,4.0,4.0,0.0,0.0,0.0,0.0,0.0,0.0,0.0,4.0,4.0,4.0,0.0,0.0
20,4,5,3,0.2,0.2,0.3,dense,True,20,20,20,4,5,15,7,Atomic phrase aggregation,validity_full_harmful_sequence_per_prompt,radius_derived,5,"0,10,20,30,40",0.3,0.0,0.5,0.3,0.2,0.7,0.5,1.0,0.19999999999999996,0.30000000000000004,6.7,6.0,7.25,0.7000000000000002,0.5499999999999998,6.7,5.5,7.5,1.2000000000000002,0.7999999999999998,5.0,4.0,6.0,1.0,1.0,8.4,7.0,9.0,1.4000000000000004,0.5999999999999996,1.2,0.0,2.0,1.2,0.8,4.0,4.0,4.0,0.0,0.0,0.0,0.0,0.0,0.0,0.0,4.0,4.0,4.0,0.0,0.0
20,4,5,3,0.2,0.2,0.3,dense,True,20,20,20,4,5,15,8,Atomic phrase aggregation,validity_full_harmful_sequence_per_prompt,radius_derived,5,"0,10,20,30,40",0.15,0.0,0.25,0.15,0.1,0.85,0.75,1.0,0.09999999999999998,0.15000000000000002,6.7,6.0,7.25,0.7000000000000002,0.5499999999999998,6.7,5.5,7.5,1.2000000000000002,0.7999999999999998,5.0,4.0,6.0,1.0,1.0,8.4,7.0,9.0,1.4000000000000004,0.5999999999999996,0.6,0.0,1.0,0.6,0.4,4.0,4.0,4.0,0.0,0.0,0.0,0.0,0.0,0.0,0.0,4.0,4.0,4.0,0.0,0.0
20,4,5,3,0.2,0.2,0.3,dense,True,20,20,20,4,5,15,9,Atomic phrase aggregation,validity_full_harmful_sequence_per_prompt,radius_derived,5,"0,10,20,30,40",0.0,0.0,0.0,0.0,0.0,1.0,1.0,1.0,0.0,0.0,6.7,6.0,7.25,0.7000000000000002,0.5499999999999998,6.7,5.5,7.5,1.2000000000000002,0.7999999999999998,5.0,4.0,6.0,1.0,1.0,8.4,7.0,9.0,1.4000000000000004,0.5999999999999996,0.0,0.0,0.0,0.0,0.0,4.0,4.0,4.0,0.0,0.0,0.0,0.0,0.0,0.0,0.0,4.0,4.0,4.0,0.0,0.0
20,4,5,3,0.2,0.2,0.3,dense,True,20,20,20,4,5,15,10,Atomic phrase aggregation,validity_full_harmful_sequence_per_prompt,radius_derived,5,"0,10,20,30,40",0.0,0.0,0.0,0.0,0.0,1.0,1.0,1.0,0.0,0.0,6.7,6.0,7.25,0.7000000000000002,0.5499999999999998,6.7,5.5,7.5,1.2000000000000002,0.7999999999999998,5.0,4.0,6.0,1.0,1.0,8.4,7.0,9.0,1.4000000000000004,0.5999999999999996,0.0,0.0,0.0,0.0,0.0,4.0,4.0,4.0,0.0,0.0,0.0,0.0,0.0,0.0,0.0,4.0,4.0,4.0,0.0,0.0
20,4,5,3,0.2,0.2,0.3,dense,True,20,20,20,4,5,15,11,Atomic phrase aggregation,validity_full_harmful_sequence_per_prompt,radius_derived,5,"0,10,20,30,40",0.0,0.0,0.0,0.0,0.0,1.0,1.0,1.0,0.0,0.0,6.7,6.0,7.25,0.7000000000000002,0.5499999999999998,6.7,5.5,7.5,1.2000000000000002,0.7999999999999998,5.0,4.0,6.0,1.0,1.0,8.4,7.0,9.0,1.4000000000000004,0.5999999999999996,0.0,0.0,0.0,0.0,0.0,4.0,4.0,4.0,0.0,0.0,0.0,0.0,0.0,0.0,0.0,4.0,4.0,4.0,0.0,0.0
20,4,5,3,0.2,0.2,0.3,dense,True,20,20,20,4,5,15,12,Atomic phrase aggregation,validity_full_harmful_sequence_per_prompt,radius_derived,5,"0,10,20,30,40",0.0,0.0,0.0,0.0,0.0,1.0,1.0,1.0,0.0,0.0,6.7,6.0,7.25,0.7000000000000002,0.5499999999999998,6.7,5.5,7.5,1.2000000000000002,0.7999999999999998,5.0,4.0,6.0,1.0,1.0,8.4,7.0,9.0,1.4000000000000004,0.5999999999999996,0.0,0.0,0.0,0.0,0.0,4.0,4.0,4.0,0.0,0.0,0.0,0.0,0.0,0.0,0.0,4.0,4.0,4.0,0.0,0.0
20,4,5,3,0.2,0.2,0.3,dense,True,20,20,20,4,5,15,13,Atomic phrase aggregation,validity_full_harmful_sequence_per_prompt,radius_derived,5,"0,10,20,30,40",0.0,0.0,0.0,0.0,0.0,1.0,1.0,1.0,0.0,0.0,6.7,6.0,7.25,0.7000000000000002,0.5499999999999998,6.7,5.5,7.5,1.2000000000000002,0.7999999999999998,5.0,4.0,6.0,1.0,1.0,8.4,7.0,9.0,1.4000000000000004,0.5999999999999996,0.0,0.0,0.0,0.0,0.0,4.0,4.0,4.0,0.0,0.0,0.0,0.0,0.0,0.0,0.0,4.0,4.0,4.0,0.0,0.0
20,4,5,3,0.2,0.2,0.3,dense,True,20,20,20,4,5,15,14,Atomic phrase aggregation,validity_full_harmful_sequence_per_prompt,radius_derived,5,"0,10,20,30,40",0.0,0.0,0.0,0.0,0.0,1.0,1.0,1.0,0.0,0.0,6.7,6.0,7.25,0.7000000000000002,0.5499999999999998,6.7,5.5,7.5,1.2000000000000002,0.7999999999999998,5.0,4.0,6.0,1.0,1.0,8.4,7.0,9.0,1.4000000000000004,0.5999999999999996,0.0,0.0,0.0,0.0,0.0,4.0,4.0,4.0,0.0,0.0,0.0,0.0,0.0,0.0,0.0,4.0,4.0,4.0,0.0,0.0
20,4,5,3,0.2,0.2,0.3,dense,True,20,20,20,4,5,15,15,Atomic phrase aggregation,validity_full_harmful_sequence_per_prompt,radius_derived,5,"0,10,20,30,40",0.0,0.0,0.0,0.0,0.0,1.0,1.0,1.0,0.0,0.0,6.7,6.0,7.25,0.7000000000000002,0.5499999999999998,6.7,5.5,7.5,1.2000000000000002,0.7999999999999998,5.0,4.0,6.0,1.0,1.0,8.4,7.0,9.0,1.4000000000000004,0.5999999999999996,0.0,0.0,0.0,0.0,0.0,4.0,4.0,4.0,0.0,0.0,0.0,0.0,0.0,0.0,0.0,4.0,4.0,4.0,0.0,0.0
20,4,5,3,0.2,0.2,0.3,dense,True,20,20,20,4,5,15,16,Atomic phrase aggregation,validity_full_harmful_sequence_per_prompt,radius_derived,5,"0,10,20,30,40",0.0,0.0,0.0,0.0,0.0,1.0,1.0,1.0,0.0,0.0,6.7,6.0,7.25,0.7000000000000002,0.5499999999999998,6.7,5.5,7.5,1.2000000000000002,0.7999999999999998,5.0,4.0,6.0,1.0,1.0,8.4,7.0,9.0,1.4000000000000004,0.5999999999999996,0.0,0.0,0.0,0.0,0.0,4.0,4.0,4.0,0.0,0.0,0.0,0.0,0.0,0.0,0.0,4.0,4.0,4.0,0.0,0.0
20,4,5,3,0.2,0.2,0.3,dense,True,20,20,20,4,5,15,17,Atomic phrase aggregation,validity_full_harmful_sequence_per_prompt,radius_derived,5,"0,10,20,30,40",0.0,0.0,0.0,0.0,0.0,1.0,1.0,1.0,0.0,0.0,6.7,6.0,7.25,0.7000000000000002,0.5499999999999998,6.7,5.5,7.5,1.2000000000000002,0.7999999999999998,5.0,4.0,6.0,1.0,1.0,8.4,7.0,9.0,1.4000000000000004,0.5999999999999996,0.0,0.0,0.0,0.0,0.0,4.0,4.0,4.0,0.0,0.0,0.0,0.0,0.0,0.0,0.0,4.0,4.0,4.0,0.0,0.0
20,4,5,3,0.2,0.2,0.3,dense,True,20,20,20,4,5,15,18,Atomic phrase aggregation,validity_full_harmful_sequence_per_prompt,radius_derived,5,"0,10,20,30,40",0.0,0.0,0.0,0.0,0.0,1.0,1.0,1.0,0.0,0.0,6.7,6.0,7.25,0.7000000000000002,0.5499999999999998,6.7,5.5,7.5,1.2000000000000002,0.7999999999999998,5.0,4.0,6.0,1.0,1.0,8.4,7.0,9.0,1.4000000000000004,0.5999999999999996,0.0,0.0,0.0,0.0,0.0,4.0,4.0,4.0,0.0,0.0,0.0,0.0,0.0,0.0,0.0,4.0,4.0,4.0,0.0,0.0
20,4,5,3,0.2,0.2,0.3,dense,True,20,20,20,4,5,15,19,Atomic phrase aggregation,validity_full_harmful_sequence_per_prompt,radius_derived,5,"0,10,20,30,40",0.0,0.0,0.0,0.0,0.0,1.0,1.0,1.0,0.0,0.0,6.7,6.0,7.25,0.7000000000000002,0.5499999999999998,6.7,5.5,7.5,1.2000000000000002,0.7999999999999998,5.0,4.0,6.0,1.0,1.0,8.4,7.0,9.0,1.4000000000000004,0.5999999999999996,0.0,0.0,0.0,0.0,0.0,4.0,4.0,4.0,0.0,0.0,0.0,0.0,0.0,0.0,0.0,4.0,4.0,4.0,0.0,0.0
20,4,5,3,0.2,0.2,0.3,dense,True,20,20,20,4,5,15,20,Atomic phrase aggregation,validity_full_harmful_sequence_per_prompt,radius_derived,5,"0,10,20,30,40",0.0,0.0,0.0,0.0,0.0,1.0,1.0,1.0,0.0,0.0,6.7,6.0,7.25,0.7000000000000002,0.5499999999999998,6.7,5.5,7.5,1.2000000000000002,0.7999999999999998,5.0,4.0,6.0,1.0,1.0,8.4,7.0,9.0,1.4000000000000004,0.5999999999999996,0.0,0.0,0.0,0.0,0.0,4.0,4.0,4.0,0.0,0.0,0.0,0.0,0.0,0.0,0.0,4.0,4.0,4.0,0.0,0.0
20,4,5,3,0.2,0.2,0.3,dense,True,20,20,20,4,5,15,0,Independent shard-aware composition diagnostic,validity_full_harmful_sequence_per_prompt,radius_derived,5,"0,10,20,30,40",1.0,1.0,1.0,0.0,0.0,0.0,0.0,0.0,0.0,0.0,35.55,32.75,40.25,2.799999999999997,4.700000000000003,36.2,32.5,40.5,3.700000000000003,4.299999999999997,23.8,19.0,35.0,4.800000000000001,11.2,46.0,44.0,49.0,2.0,3.0,4.0,4.0,4.0,0.0,0.0,4.0,4.0,4.0,0.0,0.0,0.0,0.0,0.0,0.0,0.0,4.0,4.0,4.0,0.0,0.0
20,4,5,3,0.2,0.2,0.3,dense,True,20,20,20,4,5,15,1,Independent shard-aware composition diagnostic,validity_full_harmful_sequence_per_prompt,radius_derived,5,"0,10,20,30,40",1.0,1.0,1.0,0.0,0.0,0.0,0.0,0.0,0.0,0.0,35.55,32.75,40.25,2.799999999999997,4.700000000000003,36.2,32.5,40.5,3.700000000000003,4.299999999999997,23.8,19.0,35.0,4.800000000000001,11.2,46.0,44.0,49.0,2.0,3.0,4.0,4.0,4.0,0.0,0.0,4.0,4.0,4.0,0.0,0.0,0.0,0.0,0.0,0.0,0.0,4.0,4.0,4.0,0.0,0.0
20,4,5,3,0.2,0.2,0.3,dense,True,20,20,20,4,5,15,2,Independent shard-aware composition diagnostic,validity_full_harmful_sequence_per_prompt,radius_derived,5,"0,10,20,30,40",1.0,1.0,1.0,0.0,0.0,0.0,0.0,0.0,0.0,0.0,35.55,32.75,40.25,2.799999999999997,4.700000000000003,36.2,32.5,40.5,3.700000000000003,4.299999999999997,23.8,19.0,35.0,4.800000000000001,11.2,46.0,44.0,49.0,2.0,3.0,4.0,4.0,4.0,0.0,0.0,4.0,4.0,4.0,0.0,0.0,0.0,0.0,0.0,0.0,0.0,4.0,4.0,4.0,0.0,0.0
20,4,5,3,0.2,0.2,0.3,dense,True,20,20,20,4,5,15,3,Independent shard-aware composition diagnostic,validity_full_harmful_sequence_per_prompt,radius_derived,5,"0,10,20,30,40",1.0,1.0,1.0,0.0,0.0,0.0,0.0,0.0,0.0,0.0,35.55,32.75,40.25,2.799999999999997,4.700000000000003,36.2,32.5,40.5,3.700000000000003,4.299999999999997,23.8,19.0,35.0,4.800000000000001,11.2,46.0,44.0,49.0,2.0,3.0,4.0,4.0,4.0,0.0,0.0,4.0,4.0,4.0,0.0,0.0,0.0,0.0,0.0,0.0,0.0,4.0,4.0,4.0,0.0,0.0
20,4,5,3,0.2,0.2,0.3,dense,True,20,20,20,4,5,15,4,Independent shard-aware composition diagnostic,validity_full_harmful_sequence_per_prompt,radius_derived,5,"0,10,20,30,40",1.0,1.0,1.0,0.0,0.0,0.0,0.0,0.0,0.0,0.0,35.55,32.75,40.25,2.799999999999997,4.700000000000003,36.2,32.5,40.5,3.700000000000003,4.299999999999997,23.8,19.0,35.0,4.800000000000001,11.2,46.0,44.0,49.0,2.0,3.0,4.0,4.0,4.0,0.0,0.0,4.0,4.0,4.0,0.0,0.0,0.0,0.0,0.0,0.0,0.0,4.0,4.0,4.0,0.0,0.0
20,4,5,3,0.2,0.2,0.3,dense,True,20,20,20,4,5,15,5,Independent shard-aware composition diagnostic,validity_full_harmful_sequence_per_prompt,radius_derived,5,"0,10,20,30,40",1.0,1.0,1.0,0.0,0.0,0.0,0.0,0.0,0.0,0.0,35.55,32.75,40.25,2.799999999999997,4.700000000000003,36.2,32.5,40.5,3.700000000000003,4.299999999999997,23.8,19.0,35.0,4.800000000000001,11.2,46.0,44.0,49.0,2.0,3.0,4.0,4.0,4.0,0.0,0.0,4.0,4.0,4.0,0.0,0.0,0.0,0.0,0.0,0.0,0.0,4.0,4.0,4.0,0.0,0.0
20,4,5,3,0.2,0.2,0.3,dense,True,20,20,20,4,5,15,6,Independent shard-aware composition diagnostic,validity_full_harmful_sequence_per_prompt,radius_derived,5,"0,10,20,30,40",1.0,1.0,1.0,0.0,0.0,0.0,0.0,0.0,0.0,0.0,35.55,32.75,40.25,2.799999999999997,4.700000000000003,36.2,32.5,40.5,3.700000000000003,4.299999999999997,23.8,19.0,35.0,4.800000000000001,11.2,46.0,44.0,49.0,2.0,3.0,4.0,4.0,4.0,0.0,0.0,4.0,4.0,4.0,0.0,0.0,0.0,0.0,0.0,0.0,0.0,4.0,4.0,4.0,0.0,0.0
20,4,5,3,0.2,0.2,0.3,dense,True,20,20,20,4,5,15,7,Independent shard-aware composition diagnostic,validity_full_harmful_sequence_per_prompt,radius_derived,5,"0,10,20,30,40",1.0,1.0,1.0,0.0,0.0,0.0,0.0,0.0,0.0,0.0,35.55,32.75,40.25,2.799999999999997,4.700000000000003,36.2,32.5,40.5,3.700000000000003,4.299999999999997,23.8,19.0,35.0,4.800000000000001,11.2,46.0,44.0,49.0,2.0,3.0,4.0,4.0,4.0,0.0,0.0,4.0,4.0,4.0,0.0,0.0,0.0,0.0,0.0,0.0,0.0,4.0,4.0,4.0,0.0,0.0
20,4,5,3,0.2,0.2,0.3,dense,True,20,20,20,4,5,15,8,Independent shard-aware composition diagnostic,validity_full_harmful_sequence_per_prompt,radius_derived,5,"0,10,20,30,40",1.0,1.0,1.0,0.0,0.0,0.0,0.0,0.0,0.0,0.0,35.55,32.75,40.25,2.799999999999997,4.700000000000003,36.2,32.5,40.5,3.700000000000003,4.299999999999997,23.8,19.0,35.0,4.800000000000001,11.2,46.0,44.0,49.0,2.0,3.0,4.0,4.0,4.0,0.0,0.0,4.0,4.0,4.0,0.0,0.0,0.0,0.0,0.0,0.0,0.0,4.0,4.0,4.0,0.0,0.0
20,4,5,3,0.2,0.2,0.3,dense,True,20,20,20,4,5,15,9,Independent shard-aware composition diagnostic,validity_full_harmful_sequence_per_prompt,radius_derived,5,"0,10,20,30,40",1.0,1.0,1.0,0.0,0.0,0.0,0.0,0.0,0.0,0.0,35.55,32.75,40.25,2.799999999999997,4.700000000000003,36.2,32.5,40.5,3.700000000000003,4.299999999999997,23.8,19.0,35.0,4.800000000000001,11.2,46.0,44.0,49.0,2.0,3.0,4.0,4.0,4.0,0.0,0.0,4.0,4.0,4.0,0.0,0.0,0.0,0.0,0.0,0.0,0.0,4.0,4.0,4.0,0.0,0.0
20,4,5,3,0.2,0.2,0.3,dense,True,20,20,20,4,5,15,10,Independent shard-aware composition diagnostic,validity_full_harmful_sequence_per_prompt,radius_derived,5,"0,10,20,30,40",1.0,1.0,1.0,0.0,0.0,0.0,0.0,0.0,0.0,0.0,35.55,32.75,40.25,2.799999999999997,4.700000000000003,36.2,32.5,40.5,3.700000000000003,4.299999999999997,23.8,19.0,35.0,4.800000000000001,11.2,46.0,44.0,49.0,2.0,3.0,4.0,4.0,4.0,0.0,0.0,4.0,4.0,4.0,0.0,0.0,0.0,0.0,0.0,0.0,0.0,4.0,4.0,4.0,0.0,0.0
20,4,5,3,0.2,0.2,0.3,dense,True,20,20,20,4,5,15,11,Independent shard-aware composition diagnostic,validity_full_harmful_sequence_per_prompt,radius_derived,5,"0,10,20,30,40",1.0,1.0,1.0,0.0,0.0,0.0,0.0,0.0,0.0,0.0,35.55,32.75,40.25,2.799999999999997,4.700000000000003,36.2,32.5,40.5,3.700000000000003,4.299999999999997,23.8,19.0,35.0,4.800000000000001,11.2,46.0,44.0,49.0,2.0,3.0,4.0,4.0,4.0,0.0,0.0,4.0,4.0,4.0,0.0,0.0,0.0,0.0,0.0,0.0,0.0,4.0,4.0,4.0,0.0,0.0
20,4,5,3,0.2,0.2,0.3,dense,True,20,20,20,4,5,15,12,Independent shard-aware composition diagnostic,validity_full_harmful_sequence_per_prompt,radius_derived,5,"0,10,20,30,40",1.0,1.0,1.0,0.0,0.0,0.0,0.0,0.0,0.0,0.0,35.55,32.75,40.25,2.799999999999997,4.700000000000003,36.2,32.5,40.5,3.700000000000003,4.299999999999997,23.8,19.0,35.0,4.800000000000001,11.2,46.0,44.0,49.0,2.0,3.0,4.0,4.0,4.0,0.0,0.0,4.0,4.0,4.0,0.0,0.0,0.0,0.0,0.0,0.0,0.0,4.0,4.0,4.0,0.0,0.0
20,4,5,3,0.2,0.2,0.3,dense,True,20,20,20,4,5,15,13,Independent shard-aware composition diagnostic,validity_full_harmful_sequence_per_prompt,radius_derived,5,"0,10,20,30,40",1.0,1.0,1.0,0.0,0.0,0.0,0.0,0.0,0.0,0.0,35.55,32.75,40.25,2.799999999999997,4.700000000000003,36.2,32.5,40.5,3.700000000000003,4.299999999999997,23.8,19.0,35.0,4.800000000000001,11.2,46.0,44.0,49.0,2.0,3.0,4.0,4.0,4.0,0.0,0.0,4.0,4.0,4.0,0.0,0.0,0.0,0.0,0.0,0.0,0.0,4.0,4.0,4.0,0.0,0.0
20,4,5,3,0.2,0.2,0.3,dense,True,20,20,20,4,5,15,14,Independent shard-aware composition diagnostic,validity_full_harmful_sequence_per_prompt,radius_derived,5,"0,10,20,30,40",1.0,1.0,1.0,0.0,0.0,0.0,0.0,0.0,0.0,0.0,35.55,32.75,40.25,2.799999999999997,4.700000000000003,36.2,32.5,40.5,3.700000000000003,4.299999999999997,23.8,19.0,35.0,4.800000000000001,11.2,46.0,44.0,49.0,2.0,3.0,4.0,4.0,4.0,0.0,0.0,4.0,4.0,4.0,0.0,0.0,0.0,0.0,0.0,0.0,0.0,4.0,4.0,4.0,0.0,0.0
20,4,5,3,0.2,0.2,0.3,dense,True,20,20,20,4,5,15,15,Independent shard-aware composition diagnostic,validity_full_harmful_sequence_per_prompt,radius_derived,5,"0,10,20,30,40",1.0,1.0,1.0,0.0,0.0,0.0,0.0,0.0,0.0,0.0,35.55,32.75,40.25,2.799999999999997,4.700000000000003,36.2,32.5,40.5,3.700000000000003,4.299999999999997,23.8,19.0,35.0,4.800000000000001,11.2,46.0,44.0,49.0,2.0,3.0,4.0,4.0,4.0,0.0,0.0,4.0,4.0,4.0,0.0,0.0,0.0,0.0,0.0,0.0,0.0,4.0,4.0,4.0,0.0,0.0
20,4,5,3,0.2,0.2,0.3,dense,True,20,20,20,4,5,15,16,Independent shard-aware composition diagnostic,validity_full_harmful_sequence_per_prompt,radius_derived,5,"0,10,20,30,40",1.0,1.0,1.0,0.0,0.0,0.0,0.0,0.0,0.0,0.0,35.55,32.75,40.25,2.799999999999997,4.700000000000003,36.2,32.5,40.5,3.700000000000003,4.299999999999997,23.8,19.0,35.0,4.800000000000001,11.2,46.0,44.0,49.0,2.0,3.0,4.0,4.0,4.0,0.0,0.0,4.0,4.0,4.0,0.0,0.0,0.0,0.0,0.0,0.0,0.0,4.0,4.0,4.0,0.0,0.0
20,4,5,3,0.2,0.2,0.3,dense,True,20,20,20,4,5,15,17,Independent shard-aware composition diagnostic,validity_full_harmful_sequence_per_prompt,radius_derived,5,"0,10,20,30,40",1.0,1.0,1.0,0.0,0.0,0.0,0.0,0.0,0.0,0.0,35.55,32.75,40.25,2.799999999999997,4.700000000000003,36.2,32.5,40.5,3.700000000000003,4.299999999999997,23.8,19.0,35.0,4.800000000000001,11.2,46.0,44.0,49.0,2.0,3.0,4.0,4.0,4.0,0.0,0.0,4.0,4.0,4.0,0.0,0.0,0.0,0.0,0.0,0.0,0.0,4.0,4.0,4.0,0.0,0.0
20,4,5,3,0.2,0.2,0.3,dense,True,20,20,20,4,5,15,18,Independent shard-aware composition diagnostic,validity_full_harmful_sequence_per_prompt,radius_derived,5,"0,10,20,30,40",1.0,1.0,1.0,0.0,0.0,0.0,0.0,0.0,0.0,0.0,35.55,32.75,40.25,2.799999999999997,4.700000000000003,36.2,32.5,40.5,3.700000000000003,4.299999999999997,23.8,19.0,35.0,4.800000000000001,11.2,46.0,44.0,49.0,2.0,3.0,4.0,4.0,4.0,0.0,0.0,4.0,4.0,4.0,0.0,0.0,0.0,0.0,0.0,0.0,0.0,4.0,4.0,4.0,0.0,0.0
20,4,5,3,0.2,0.2,0.3,dense,True,20,20,20,4,5,15,19,Independent shard-aware composition diagnostic,validity_full_harmful_sequence_per_prompt,radius_derived,5,"0,10,20,30,40",0.9,0.75,1.0,0.15000000000000002,0.09999999999999998,0.1,0.0,0.25,0.1,0.15,35.55,32.75,40.25,2.799999999999997,4.700000000000003,36.2,32.5,40.5,3.700000000000003,4.299999999999997,23.8,19.0,35.0,4.800000000000001,11.2,46.0,44.0,49.0,2.0,3.0,3.6,3.0,4.0,0.6000000000000001,0.3999999999999999,4.0,4.0,4.0,0.0,0.0,0.0,0.0,0.0,0.0,0.0,4.0,4.0,4.0,0.0,0.0
20,4,5,3,0.2,0.2,0.3,dense,True,20,20,20,4,5,15,20,Independent shard-aware composition diagnostic,validity_full_harmful_sequence_per_prompt,radius_derived,5,"0,10,20,30,40",0.85,0.75,1.0,0.09999999999999998,0.15000000000000002,0.15,0.0,0.25,0.15,0.1,35.55,32.75,40.25,2.799999999999997,4.700000000000003,36.2,32.5,40.5,3.700000000000003,4.299999999999997,23.8,19.0,35.0,4.800000000000001,11.2,46.0,44.0,49.0,2.0,3.0,3.4,3.0,4.0,0.3999999999999999,0.6000000000000001,4.0,4.0,4.0,0.0,0.0,0.0,0.0,0.0,0.0,0.0,4.0,4.0,4.0,0.0,0.0
20,4,5,5,0.2,0.2,0.3,dense,True,20,20,20,4,5,15,0,DPA token margin,full_response_stable_against_any_token_change,radius_derived,5,"0,10,20,30,40",1.0,1.0,1.0,0.0,0.0,0.0,0.0,0.0,0.0,0.0,6.9,6.5,7.75,0.40000000000000036,0.8499999999999996,6.9,6.0,8.5,0.9000000000000004,1.5999999999999996,5.2,4.0,6.0,1.2000000000000002,0.7999999999999998,8.6,8.0,9.0,0.5999999999999996,0.40000000000000036,4.0,4.0,4.0,0.0,0.0,4.0,4.0,4.0,0.0,0.0,0.0,0.0,0.0,0.0,0.0,4.0,4.0,4.0,0.0,0.0
20,4,5,5,0.2,0.2,0.3,dense,True,20,20,20,4,5,15,1,DPA token margin,full_response_stable_against_any_token_change,radius_derived,5,"0,10,20,30,40",1.0,1.0,1.0,0.0,0.0,0.0,0.0,0.0,0.0,0.0,6.9,6.5,7.75,0.40000000000000036,0.8499999999999996,6.9,6.0,8.5,0.9000000000000004,1.5999999999999996,5.2,4.0,6.0,1.2000000000000002,0.7999999999999998,8.6,8.0,9.0,0.5999999999999996,0.40000000000000036,4.0,4.0,4.0,0.0,0.0,4.0,4.0,4.0,0.0,0.0,0.0,0.0,0.0,0.0,0.0,4.0,4.0,4.0,0.0,0.0
20,4,5,5,0.2,0.2,0.3,dense,True,20,20,20,4,5,15,2,DPA token margin,full_response_stable_against_any_token_change,radius_derived,5,"0,10,20,30,40",1.0,1.0,1.0,0.0,0.0,0.0,0.0,0.0,0.0,0.0,6.9,6.5,7.75,0.40000000000000036,0.8499999999999996,6.9,6.0,8.5,0.9000000000000004,1.5999999999999996,5.2,4.0,6.0,1.2000000000000002,0.7999999999999998,8.6,8.0,9.0,0.5999999999999996,0.40000000000000036,4.0,4.0,4.0,0.0,0.0,4.0,4.0,4.0,0.0,0.0,0.0,0.0,0.0,0.0,0.0,4.0,4.0,4.0,0.0,0.0
20,4,5,5,0.2,0.2,0.3,dense,True,20,20,20,4,5,15,3,DPA token margin,full_response_stable_against_any_token_change,radius_derived,5,"0,10,20,30,40",1.0,1.0,1.0,0.0,0.0,0.0,0.0,0.0,0.0,0.0,6.9,6.5,7.75,0.40000000000000036,0.8499999999999996,6.9,6.0,8.5,0.9000000000000004,1.5999999999999996,5.2,4.0,6.0,1.2000000000000002,0.7999999999999998,8.6,8.0,9.0,0.5999999999999996,0.40000000000000036,4.0,4.0,4.0,0.0,0.0,4.0,4.0,4.0,0.0,0.0,0.0,0.0,0.0,0.0,0.0,4.0,4.0,4.0,0.0,0.0
20,4,5,5,0.2,0.2,0.3,dense,True,20,20,20,4,5,15,4,DPA token margin,full_response_stable_against_any_token_change,radius_derived,5,"0,10,20,30,40",0.95,0.75,1.0,0.19999999999999996,0.050000000000000044,0.05,0.0,0.25,0.05,0.2,6.9,6.5,7.75,0.40000000000000036,0.8499999999999996,6.9,6.0,8.5,0.9000000000000004,1.5999999999999996,5.2,4.0,6.0,1.2000000000000002,0.7999999999999998,8.6,8.0,9.0,0.5999999999999996,0.40000000000000036,3.8,3.0,4.0,0.7999999999999998,0.20000000000000018,4.0,4.0,4.0,0.0,0.0,0.0,0.0,0.0,0.0,0.0,4.0,4.0,4.0,0.0,0.0
20,4,5,5,0.2,0.2,0.3,dense,True,20,20,20,4,5,15,5,DPA token margin,full_response_stable_against_any_token_change,radius_derived,5,"0,10,20,30,40",0.85,0.75,1.0,0.09999999999999998,0.15000000000000002,0.15,0.0,0.25,0.15,0.1,6.9,6.5,7.75,0.40000000000000036,0.8499999999999996,6.9,6.0,8.5,0.9000000000000004,1.5999999999999996,5.2,4.0,6.0,1.2000000000000002,0.7999999999999998,8.6,8.0,9.0,0.5999999999999996,0.40000000000000036,3.4,3.0,4.0,0.3999999999999999,0.6000000000000001,4.0,4.0,4.0,0.0,0.0,0.0,0.0,0.0,0.0,0.0,4.0,4.0,4.0,0.0,0.0
20,4,5,5,0.2,0.2,0.3,dense,True,20,20,20,4,5,15,6,DPA token margin,full_response_stable_against_any_token_change,radius_derived,5,"0,10,20,30,40",0.45,0.25,0.75,0.2,0.3,0.55,0.25,0.75,0.30000000000000004,0.19999999999999996,6.9,6.5,7.75,0.40000000000000036,0.8499999999999996,6.9,6.0,8.5,0.9000000000000004,1.5999999999999996,5.2,4.0,6.0,1.2000000000000002,0.7999999999999998,8.6,8.0,9.0,0.5999999999999996,0.40000000000000036,1.8,1.0,3.0,0.8,1.2,4.0,4.0,4.0,0.0,0.0,0.0,0.0,0.0,0.0,0.0,4.0,4.0,4.0,0.0,0.0
20,4,5,5,0.2,0.2,0.3,dense,True,20,20,20,4,5,15,7,DPA token margin,full_response_stable_against_any_token_change,radius_derived,5,"0,10,20,30,40",0.45,0.25,0.75,0.2,0.3,0.55,0.25,0.75,0.30000000000000004,0.19999999999999996,6.9,6.5,7.75,0.40000000000000036,0.8499999999999996,6.9,6.0,8.5,0.9000000000000004,1.5999999999999996,5.2,4.0,6.0,1.2000000000000002,0.7999999999999998,8.6,8.0,9.0,0.5999999999999996,0.40000000000000036,1.8,1.0,3.0,0.8,1.2,4.0,4.0,4.0,0.0,0.0,0.0,0.0,0.0,0.0,0.0,4.0,4.0,4.0,0.0,0.0
20,4,5,5,0.2,0.2,0.3,dense,True,20,20,20,4,5,15,8,DPA token margin,full_response_stable_against_any_token_change,radius_derived,5,"0,10,20,30,40",0.2,0.0,0.5,0.2,0.3,0.8,0.5,1.0,0.30000000000000004,0.19999999999999996,6.9,6.5,7.75,0.40000000000000036,0.8499999999999996,6.9,6.0,8.5,0.9000000000000004,1.5999999999999996,5.2,4.0,6.0,1.2000000000000002,0.7999999999999998,8.6,8.0,9.0,0.5999999999999996,0.40000000000000036,0.8,0.0,2.0,0.8,1.2,4.0,4.0,4.0,0.0,0.0,0.0,0.0,0.0,0.0,0.0,4.0,4.0,4.0,0.0,0.0
20,4,5,5,0.2,0.2,0.3,dense,True,20,20,20,4,5,15,9,DPA token margin,full_response_stable_against_any_token_change,radius_derived,5,"0,10,20,30,40",0.0,0.0,0.0,0.0,0.0,1.0,1.0,1.0,0.0,0.0,6.9,6.5,7.75,0.40000000000000036,0.8499999999999996,6.9,6.0,8.5,0.9000000000000004,1.5999999999999996,5.2,4.0,6.0,1.2000000000000002,0.7999999999999998,8.6,8.0,9.0,0.5999999999999996,0.40000000000000036,0.0,0.0,0.0,0.0,0.0,4.0,4.0,4.0,0.0,0.0,0.0,0.0,0.0,0.0,0.0,4.0,4.0,4.0,0.0,0.0
20,4,5,5,0.2,0.2,0.3,dense,True,20,20,20,4,5,15,10,DPA token margin,full_response_stable_against_any_token_change,radius_derived,5,"0,10,20,30,40",0.0,0.0,0.0,0.0,0.0,1.0,1.0,1.0,0.0,0.0,6.9,6.5,7.75,0.40000000000000036,0.8499999999999996,6.9,6.0,8.5,0.9000000000000004,1.5999999999999996,5.2,4.0,6.0,1.2000000000000002,0.7999999999999998,8.6,8.0,9.0,0.5999999999999996,0.40000000000000036,0.0,0.0,0.0,0.0,0.0,4.0,4.0,4.0,0.0,0.0,0.0,0.0,0.0,0.0,0.0,4.0,4.0,4.0,0.0,0.0
20,4,5,5,0.2,0.2,0.3,dense,True,20,20,20,4,5,15,11,DPA token margin,full_response_stable_against_any_token_change,radius_derived,5,"0,10,20,30,40",0.0,0.0,0.0,0.0,0.0,1.0,1.0,1.0,0.0,0.0,6.9,6.5,7.75,0.40000000000000036,0.8499999999999996,6.9,6.0,8.5,0.9000000000000004,1.5999999999999996,5.2,4.0,6.0,1.2000000000000002,0.7999999999999998,8.6,8.0,9.0,0.5999999999999996,0.40000000000000036,0.0,0.0,0.0,0.0,0.0,4.0,4.0,4.0,0.0,0.0,0.0,0.0,0.0,0.0,0.0,4.0,4.0,4.0,0.0,0.0
20,4,5,5,0.2,0.2,0.3,dense,True,20,20,20,4,5,15,12,DPA token margin,full_response_stable_against_any_token_change,radius_derived,5,"0,10,20,30,40",0.0,0.0,0.0,0.0,0.0,1.0,1.0,1.0,0.0,0.0,6.9,6.5,7.75,0.40000000000000036,0.8499999999999996,6.9,6.0,8.5,0.9000000000000004,1.5999999999999996,5.2,4.0,6.0,1.2000000000000002,0.7999999999999998,8.6,8.0,9.0,0.5999999999999996,0.40000000000000036,0.0,0.0,0.0,0.0,0.0,4.0,4.0,4.0,0.0,0.0,0.0,0.0,0.0,0.0,0.0,4.0,4.0,4.0,0.0,0.0
20,4,5,5,0.2,0.2,0.3,dense,True,20,20,20,4,5,15,13,DPA token margin,full_response_stable_against_any_token_change,radius_derived,5,"0,10,20,30,40",0.0,0.0,0.0,0.0,0.0,1.0,1.0,1.0,0.0,0.0,6.9,6.5,7.75,0.40000000000000036,0.8499999999999996,6.9,6.0,8.5,0.9000000000000004,1.5999999999999996,5.2,4.0,6.0,1.2000000000000002,0.7999999999999998,8.6,8.0,9.0,0.5999999999999996,0.40000000000000036,0.0,0.0,0.0,0.0,0.0,4.0,4.0,4.0,0.0,0.0,0.0,0.0,0.0,0.0,0.0,4.0,4.0,4.0,0.0,0.0
20,4,5,5,0.2,0.2,0.3,dense,True,20,20,20,4,5,15,14,DPA token margin,full_response_stable_against_any_token_change,radius_derived,5,"0,10,20,30,40",0.0,0.0,0.0,0.0,0.0,1.0,1.0,1.0,0.0,0.0,6.9,6.5,7.75,0.40000000000000036,0.8499999999999996,6.9,6.0,8.5,0.9000000000000004,1.5999999999999996,5.2,4.0,6.0,1.2000000000000002,0.7999999999999998,8.6,8.0,9.0,0.5999999999999996,0.40000000000000036,0.0,0.0,0.0,0.0,0.0,4.0,4.0,4.0,0.0,0.0,0.0,0.0,0.0,0.0,0.0,4.0,4.0,4.0,0.0,0.0
20,4,5,5,0.2,0.2,0.3,dense,True,20,20,20,4,5,15,15,DPA token margin,full_response_stable_against_any_token_change,radius_derived,5,"0,10,20,30,40",0.0,0.0,0.0,0.0,0.0,1.0,1.0,1.0,0.0,0.0,6.9,6.5,7.75,0.40000000000000036,0.8499999999999996,6.9,6.0,8.5,0.9000000000000004,1.5999999999999996,5.2,4.0,6.0,1.2000000000000002,0.7999999999999998,8.6,8.0,9.0,0.5999999999999996,0.40000000000000036,0.0,0.0,0.0,0.0,0.0,4.0,4.0,4.0,0.0,0.0,0.0,0.0,0.0,0.0,0.0,4.0,4.0,4.0,0.0,0.0
20,4,5,5,0.2,0.2,0.3,dense,True,20,20,20,4,5,15,16,DPA token margin,full_response_stable_against_any_token_change,radius_derived,5,"0,10,20,30,40",0.0,0.0,0.0,0.0,0.0,1.0,1.0,1.0,0.0,0.0,6.9,6.5,7.75,0.40000000000000036,0.8499999999999996,6.9,6.0,8.5,0.9000000000000004,1.5999999999999996,5.2,4.0,6.0,1.2000000000000002,0.7999999999999998,8.6,8.0,9.0,0.5999999999999996,0.40000000000000036,0.0,0.0,0.0,0.0,0.0,4.0,4.0,4.0,0.0,0.0,0.0,0.0,0.0,0.0,0.0,4.0,4.0,4.0,0.0,0.0
20,4,5,5,0.2,0.2,0.3,dense,True,20,20,20,4,5,15,17,DPA token margin,full_response_stable_against_any_token_change,radius_derived,5,"0,10,20,30,40",0.0,0.0,0.0,0.0,0.0,1.0,1.0,1.0,0.0,0.0,6.9,6.5,7.75,0.40000000000000036,0.8499999999999996,6.9,6.0,8.5,0.9000000000000004,1.5999999999999996,5.2,4.0,6.0,1.2000000000000002,0.7999999999999998,8.6,8.0,9.0,0.5999999999999996,0.40000000000000036,0.0,0.0,0.0,0.0,0.0,4.0,4.0,4.0,0.0,0.0,0.0,0.0,0.0,0.0,0.0,4.0,4.0,4.0,0.0,0.0
20,4,5,5,0.2,0.2,0.3,dense,True,20,20,20,4,5,15,18,DPA token margin,full_response_stable_against_any_token_change,radius_derived,5,"0,10,20,30,40",0.0,0.0,0.0,0.0,0.0,1.0,1.0,1.0,0.0,0.0,6.9,6.5,7.75,0.40000000000000036,0.8499999999999996,6.9,6.0,8.5,0.9000000000000004,1.5999999999999996,5.2,4.0,6.0,1.2000000000000002,0.7999999999999998,8.6,8.0,9.0,0.5999999999999996,0.40000000000000036,0.0,0.0,0.0,0.0,0.0,4.0,4.0,4.0,0.0,0.0,0.0,0.0,0.0,0.0,0.0,4.0,4.0,4.0,0.0,0.0
20,4,5,5,0.2,0.2,0.3,dense,True,20,20,20,4,5,15,19,DPA token margin,full_response_stable_against_any_token_change,radius_derived,5,"0,10,20,30,40",0.0,0.0,0.0,0.0,0.0,1.0,1.0,1.0,0.0,0.0,6.9,6.5,7.75,0.40000000000000036,0.8499999999999996,6.9,6.0,8.5,0.9000000000000004,1.5999999999999996,5.2,4.0,6.0,1.2000000000000002,0.7999999999999998,8.6,8.0,9.0,0.5999999999999996,0.40000000000000036,0.0,0.0,0.0,0.0,0.0,4.0,4.0,4.0,0.0,0.0,0.0,0.0,0.0,0.0,0.0,4.0,4.0,4.0,0.0,0.0
20,4,5,5,0.2,0.2,0.3,dense,True,20,20,20,4,5,15,20,DPA token margin,full_response_stable_against_any_token_change,radius_derived,5,"0,10,20,30,40",0.0,0.0,0.0,0.0,0.0,1.0,1.0,1.0,0.0,0.0,6.9,6.5,7.75,0.40000000000000036,0.8499999999999996,6.9,6.0,8.5,0.9000000000000004,1.5999999999999996,5.2,4.0,6.0,1.2000000000000002,0.7999999999999998,8.6,8.0,9.0,0.5999999999999996,0.40000000000000036,0.0,0.0,0.0,0.0,0.0,4.0,4.0,4.0,0.0,0.0,0.0,0.0,0.0,0.0,0.0,4.0,4.0,4.0,0.0,0.0
20,4,5,5,0.2,0.2,0.3,dense,True,20,20,20,4,5,15,0,Shared MILP,stability_one_token_per_prompt,radius_derived,5,"0,10,20,30,40",1.0,1.0,1.0,0.0,0.0,0.0,0.0,0.0,0.0,0.0,6.9,6.5,7.75,0.40000000000000036,0.8499999999999996,6.9,6.0,8.5,0.9000000000000004,1.5999999999999996,5.2,4.0,6.0,1.2000000000000002,0.7999999999999998,8.6,8.0,9.0,0.5999999999999996,0.40000000000000036,4.0,4.0,4.0,0.0,0.0,4.0,4.0,4.0,0.0,0.0,0.0,0.0,0.0,0.0,0.0,4.0,4.0,4.0,0.0,0.0
20,4,5,5,0.2,0.2,0.3,dense,True,20,20,20,4,5,15,1,Shared MILP,stability_one_token_per_prompt,radius_derived,5,"0,10,20,30,40",1.0,1.0,1.0,0.0,0.0,0.0,0.0,0.0,0.0,0.0,6.9,6.5,7.75,0.40000000000000036,0.8499999999999996,6.9,6.0,8.5,0.9000000000000004,1.5999999999999996,5.2,4.0,6.0,1.2000000000000002,0.7999999999999998,8.6,8.0,9.0,0.5999999999999996,0.40000000000000036,4.0,4.0,4.0,0.0,0.0,4.0,4.0,4.0,0.0,0.0,0.0,0.0,0.0,0.0,0.0,4.0,4.0,4.0,0.0,0.0
20,4,5,5,0.2,0.2,0.3,dense,True,20,20,20,4,5,15,2,Shared MILP,stability_one_token_per_prompt,radius_derived,5,"0,10,20,30,40",1.0,1.0,1.0,0.0,0.0,0.0,0.0,0.0,0.0,0.0,6.9,6.5,7.75,0.40000000000000036,0.8499999999999996,6.9,6.0,8.5,0.9000000000000004,1.5999999999999996,5.2,4.0,6.0,1.2000000000000002,0.7999999999999998,8.6,8.0,9.0,0.5999999999999996,0.40000000000000036,4.0,4.0,4.0,0.0,0.0,4.0,4.0,4.0,0.0,0.0,0.0,0.0,0.0,0.0,0.0,4.0,4.0,4.0,0.0,0.0
20,4,5,5,0.2,0.2,0.3,dense,True,20,20,20,4,5,15,3,Shared MILP,stability_one_token_per_prompt,radius_derived,5,"0,10,20,30,40",1.0,1.0,1.0,0.0,0.0,0.0,0.0,0.0,0.0,0.0,6.9,6.5,7.75,0.40000000000000036,0.8499999999999996,6.9,6.0,8.5,0.9000000000000004,1.5999999999999996,5.2,4.0,6.0,1.2000000000000002,0.7999999999999998,8.6,8.0,9.0,0.5999999999999996,0.40000000000000036,4.0,4.0,4.0,0.0,0.0,4.0,4.0,4.0,0.0,0.0,0.0,0.0,0.0,0.0,0.0,4.0,4.0,4.0,0.0,0.0
20,4,5,5,0.2,0.2,0.3,dense,True,20,20,20,4,5,15,4,Shared MILP,stability_one_token_per_prompt,radius_derived,5,"0,10,20,30,40",0.95,0.75,1.0,0.19999999999999996,0.050000000000000044,0.05,0.0,0.25,0.05,0.2,6.9,6.5,7.75,0.40000000000000036,0.8499999999999996,6.9,6.0,8.5,0.9000000000000004,1.5999999999999996,5.2,4.0,6.0,1.2000000000000002,0.7999999999999998,8.6,8.0,9.0,0.5999999999999996,0.40000000000000036,3.8,3.0,4.0,0.7999999999999998,0.20000000000000018,4.0,4.0,4.0,0.0,0.0,0.0,0.0,0.0,0.0,0.0,4.0,4.0,4.0,0.0,0.0
20,4,5,5,0.2,0.2,0.3,dense,True,20,20,20,4,5,15,5,Shared MILP,stability_one_token_per_prompt,radius_derived,5,"0,10,20,30,40",0.85,0.75,1.0,0.09999999999999998,0.15000000000000002,0.15,0.0,0.25,0.15,0.1,6.9,6.5,7.75,0.40000000000000036,0.8499999999999996,6.9,6.0,8.5,0.9000000000000004,1.5999999999999996,5.2,4.0,6.0,1.2000000000000002,0.7999999999999998,8.6,8.0,9.0,0.5999999999999996,0.40000000000000036,3.4,3.0,4.0,0.3999999999999999,0.6000000000000001,4.0,4.0,4.0,0.0,0.0,0.0,0.0,0.0,0.0,0.0,4.0,4.0,4.0,0.0,0.0
20,4,5,5,0.2,0.2,0.3,dense,True,20,20,20,4,5,15,6,Shared MILP,stability_one_token_per_prompt,radius_derived,5,"0,10,20,30,40",0.45,0.25,0.75,0.2,0.3,0.55,0.25,0.75,0.30000000000000004,0.19999999999999996,6.9,6.5,7.75,0.40000000000000036,0.8499999999999996,6.9,6.0,8.5,0.9000000000000004,1.5999999999999996,5.2,4.0,6.0,1.2000000000000002,0.7999999999999998,8.6,8.0,9.0,0.5999999999999996,0.40000000000000036,1.8,1.0,3.0,0.8,1.2,4.0,4.0,4.0,0.0,0.0,0.0,0.0,0.0,0.0,0.0,4.0,4.0,4.0,0.0,0.0
20,4,5,5,0.2,0.2,0.3,dense,True,20,20,20,4,5,15,7,Shared MILP,stability_one_token_per_prompt,radius_derived,5,"0,10,20,30,40",0.45,0.25,0.75,0.2,0.3,0.55,0.25,0.75,0.30000000000000004,0.19999999999999996,6.9,6.5,7.75,0.40000000000000036,0.8499999999999996,6.9,6.0,8.5,0.9000000000000004,1.5999999999999996,5.2,4.0,6.0,1.2000000000000002,0.7999999999999998,8.6,8.0,9.0,0.5999999999999996,0.40000000000000036,1.8,1.0,3.0,0.8,1.2,4.0,4.0,4.0,0.0,0.0,0.0,0.0,0.0,0.0,0.0,4.0,4.0,4.0,0.0,0.0
20,4,5,5,0.2,0.2,0.3,dense,True,20,20,20,4,5,15,8,Shared MILP,stability_one_token_per_prompt,radius_derived,5,"0,10,20,30,40",0.2,0.0,0.5,0.2,0.3,0.8,0.5,1.0,0.30000000000000004,0.19999999999999996,6.9,6.5,7.75,0.40000000000000036,0.8499999999999996,6.9,6.0,8.5,0.9000000000000004,1.5999999999999996,5.2,4.0,6.0,1.2000000000000002,0.7999999999999998,8.6,8.0,9.0,0.5999999999999996,0.40000000000000036,0.8,0.0,2.0,0.8,1.2,4.0,4.0,4.0,0.0,0.0,0.0,0.0,0.0,0.0,0.0,4.0,4.0,4.0,0.0,0.0
20,4,5,5,0.2,0.2,0.3,dense,True,20,20,20,4,5,15,9,Shared MILP,stability_one_token_per_prompt,radius_derived,5,"0,10,20,30,40",0.0,0.0,0.0,0.0,0.0,1.0,1.0,1.0,0.0,0.0,6.9,6.5,7.75,0.40000000000000036,0.8499999999999996,6.9,6.0,8.5,0.9000000000000004,1.5999999999999996,5.2,4.0,6.0,1.2000000000000002,0.7999999999999998,8.6,8.0,9.0,0.5999999999999996,0.40000000000000036,0.0,0.0,0.0,0.0,0.0,4.0,4.0,4.0,0.0,0.0,0.0,0.0,0.0,0.0,0.0,4.0,4.0,4.0,0.0,0.0
20,4,5,5,0.2,0.2,0.3,dense,True,20,20,20,4,5,15,10,Shared MILP,stability_one_token_per_prompt,radius_derived,5,"0,10,20,30,40",0.0,0.0,0.0,0.0,0.0,1.0,1.0,1.0,0.0,0.0,6.9,6.5,7.75,0.40000000000000036,0.8499999999999996,6.9,6.0,8.5,0.9000000000000004,1.5999999999999996,5.2,4.0,6.0,1.2000000000000002,0.7999999999999998,8.6,8.0,9.0,0.5999999999999996,0.40000000000000036,0.0,0.0,0.0,0.0,0.0,4.0,4.0,4.0,0.0,0.0,0.0,0.0,0.0,0.0,0.0,4.0,4.0,4.0,0.0,0.0
20,4,5,5,0.2,0.2,0.3,dense,True,20,20,20,4,5,15,11,Shared MILP,stability_one_token_per_prompt,radius_derived,5,"0,10,20,30,40",0.0,0.0,0.0,0.0,0.0,1.0,1.0,1.0,0.0,0.0,6.9,6.5,7.75,0.40000000000000036,0.8499999999999996,6.9,6.0,8.5,0.9000000000000004,1.5999999999999996,5.2,4.0,6.0,1.2000000000000002,0.7999999999999998,8.6,8.0,9.0,0.5999999999999996,0.40000000000000036,0.0,0.0,0.0,0.0,0.0,4.0,4.0,4.0,0.0,0.0,0.0,0.0,0.0,0.0,0.0,4.0,4.0,4.0,0.0,0.0
20,4,5,5,0.2,0.2,0.3,dense,True,20,20,20,4,5,15,12,Shared MILP,stability_one_token_per_prompt,radius_derived,5,"0,10,20,30,40",0.0,0.0,0.0,0.0,0.0,1.0,1.0,1.0,0.0,0.0,6.9,6.5,7.75,0.40000000000000036,0.8499999999999996,6.9,6.0,8.5,0.9000000000000004,1.5999999999999996,5.2,4.0,6.0,1.2000000000000002,0.7999999999999998,8.6,8.0,9.0,0.5999999999999996,0.40000000000000036,0.0,0.0,0.0,0.0,0.0,4.0,4.0,4.0,0.0,0.0,0.0,0.0,0.0,0.0,0.0,4.0,4.0,4.0,0.0,0.0
20,4,5,5,0.2,0.2,0.3,dense,True,20,20,20,4,5,15,13,Shared MILP,stability_one_token_per_prompt,radius_derived,5,"0,10,20,30,40",0.0,0.0,0.0,0.0,0.0,1.0,1.0,1.0,0.0,0.0,6.9,6.5,7.75,0.40000000000000036,0.8499999999999996,6.9,6.0,8.5,0.9000000000000004,1.5999999999999996,5.2,4.0,6.0,1.2000000000000002,0.7999999999999998,8.6,8.0,9.0,0.5999999999999996,0.40000000000000036,0.0,0.0,0.0,0.0,0.0,4.0,4.0,4.0,0.0,0.0,0.0,0.0,0.0,0.0,0.0,4.0,4.0,4.0,0.0,0.0
20,4,5,5,0.2,0.2,0.3,dense,True,20,20,20,4,5,15,14,Shared MILP,stability_one_token_per_prompt,radius_derived,5,"0,10,20,30,40",0.0,0.0,0.0,0.0,0.0,1.0,1.0,1.0,0.0,0.0,6.9,6.5,7.75,0.40000000000000036,0.8499999999999996,6.9,6.0,8.5,0.9000000000000004,1.5999999999999996,5.2,4.0,6.0,1.2000000000000002,0.7999999999999998,8.6,8.0,9.0,0.5999999999999996,0.40000000000000036,0.0,0.0,0.0,0.0,0.0,4.0,4.0,4.0,0.0,0.0,0.0,0.0,0.0,0.0,0.0,4.0,4.0,4.0,0.0,0.0
20,4,5,5,0.2,0.2,0.3,dense,True,20,20,20,4,5,15,15,Shared MILP,stability_one_token_per_prompt,radius_derived,5,"0,10,20,30,40",0.0,0.0,0.0,0.0,0.0,1.0,1.0,1.0,0.0,0.0,6.9,6.5,7.75,0.40000000000000036,0.8499999999999996,6.9,6.0,8.5,0.9000000000000004,1.5999999999999996,5.2,4.0,6.0,1.2000000000000002,0.7999999999999998,8.6,8.0,9.0,0.5999999999999996,0.40000000000000036,0.0,0.0,0.0,0.0,0.0,4.0,4.0,4.0,0.0,0.0,0.0,0.0,0.0,0.0,0.0,4.0,4.0,4.0,0.0,0.0
20,4,5,5,0.2,0.2,0.3,dense,True,20,20,20,4,5,15,16,Shared MILP,stability_one_token_per_prompt,radius_derived,5,"0,10,20,30,40",0.0,0.0,0.0,0.0,0.0,1.0,1.0,1.0,0.0,0.0,6.9,6.5,7.75,0.40000000000000036,0.8499999999999996,6.9,6.0,8.5,0.9000000000000004,1.5999999999999996,5.2,4.0,6.0,1.2000000000000002,0.7999999999999998,8.6,8.0,9.0,0.5999999999999996,0.40000000000000036,0.0,0.0,0.0,0.0,0.0,4.0,4.0,4.0,0.0,0.0,0.0,0.0,0.0,0.0,0.0,4.0,4.0,4.0,0.0,0.0
20,4,5,5,0.2,0.2,0.3,dense,True,20,20,20,4,5,15,17,Shared MILP,stability_one_token_per_prompt,radius_derived,5,"0,10,20,30,40",0.0,0.0,0.0,0.0,0.0,1.0,1.0,1.0,0.0,0.0,6.9,6.5,7.75,0.40000000000000036,0.8499999999999996,6.9,6.0,8.5,0.9000000000000004,1.5999999999999996,5.2,4.0,6.0,1.2000000000000002,0.7999999999999998,8.6,8.0,9.0,0.5999999999999996,0.40000000000000036,0.0,0.0,0.0,0.0,0.0,4.0,4.0,4.0,0.0,0.0,0.0,0.0,0.0,0.0,0.0,4.0,4.0,4.0,0.0,0.0
20,4,5,5,0.2,0.2,0.3,dense,True,20,20,20,4,5,15,18,Shared MILP,stability_one_token_per_prompt,radius_derived,5,"0,10,20,30,40",0.0,0.0,0.0,0.0,0.0,1.0,1.0,1.0,0.0,0.0,6.9,6.5,7.75,0.40000000000000036,0.8499999999999996,6.9,6.0,8.5,0.9000000000000004,1.5999999999999996,5.2,4.0,6.0,1.2000000000000002,0.7999999999999998,8.6,8.0,9.0,0.5999999999999996,0.40000000000000036,0.0,0.0,0.0,0.0,0.0,4.0,4.0,4.0,0.0,0.0,0.0,0.0,0.0,0.0,0.0,4.0,4.0,4.0,0.0,0.0
20,4,5,5,0.2,0.2,0.3,dense,True,20,20,20,4,5,15,19,Shared MILP,stability_one_token_per_prompt,radius_derived,5,"0,10,20,30,40",0.0,0.0,0.0,0.0,0.0,1.0,1.0,1.0,0.0,0.0,6.9,6.5,7.75,0.40000000000000036,0.8499999999999996,6.9,6.0,8.5,0.9000000000000004,1.5999999999999996,5.2,4.0,6.0,1.2000000000000002,0.7999999999999998,8.6,8.0,9.0,0.5999999999999996,0.40000000000000036,0.0,0.0,0.0,0.0,0.0,4.0,4.0,4.0,0.0,0.0,0.0,0.0,0.0,0.0,0.0,4.0,4.0,4.0,0.0,0.0
20,4,5,5,0.2,0.2,0.3,dense,True,20,20,20,4,5,15,20,Shared MILP,stability_one_token_per_prompt,radius_derived,5,"0,10,20,30,40",0.0,0.0,0.0,0.0,0.0,1.0,1.0,1.0,0.0,0.0,6.9,6.5,7.75,0.40000000000000036,0.8499999999999996,6.9,6.0,8.5,0.9000000000000004,1.5999999999999996,5.2,4.0,6.0,1.2000000000000002,0.7999999999999998,8.6,8.0,9.0,0.5999999999999996,0.40000000000000036,0.0,0.0,0.0,0.0,0.0,4.0,4.0,4.0,0.0,0.0,0.0,0.0,0.0,0.0,0.0,4.0,4.0,4.0,0.0,0.0
20,4,5,5,0.2,0.2,0.3,dense,True,20,20,20,4,5,15,0,Shared MILP,stability_full_sequence_per_prompt,radius_derived,5,"0,10,20,30,40",1.0,1.0,1.0,0.0,0.0,0.0,0.0,0.0,0.0,0.0,9.7,9.5,10.0,0.1999999999999993,0.3000000000000007,9.8,9.5,10.0,0.3000000000000007,0.1999999999999993,9.2,9.0,10.0,0.1999999999999993,0.8000000000000007,10.0,10.0,10.0,0.0,0.0,4.0,4.0,4.0,0.0,0.0,4.0,4.0,4.0,0.0,0.0,0.0,0.0,0.0,0.0,0.0,4.0,4.0,4.0,0.0,0.0
20,4,5,5,0.2,0.2,0.3,dense,True,20,20,20,4,5,15,1,Shared MILP,stability_full_sequence_per_prompt,radius_derived,5,"0,10,20,30,40",1.0,1.0,1.0,0.0,0.0,0.0,0.0,0.0,0.0,0.0,9.7,9.5,10.0,0.1999999999999993,0.3000000000000007,9.8,9.5,10.0,0.3000000000000007,0.1999999999999993,9.2,9.0,10.0,0.1999999999999993,0.8000000000000007,10.0,10.0,10.0,0.0,0.0,4.0,4.0,4.0,0.0,0.0,4.0,4.0,4.0,0.0,0.0,0.0,0.0,0.0,0.0,0.0,4.0,4.0,4.0,0.0,0.0
20,4,5,5,0.2,0.2,0.3,dense,True,20,20,20,4,5,15,2,Shared MILP,stability_full_sequence_per_prompt,radius_derived,5,"0,10,20,30,40",1.0,1.0,1.0,0.0,0.0,0.0,0.0,0.0,0.0,0.0,9.7,9.5,10.0,0.1999999999999993,0.3000000000000007,9.8,9.5,10.0,0.3000000000000007,0.1999999999999993,9.2,9.0,10.0,0.1999999999999993,0.8000000000000007,10.0,10.0,10.0,0.0,0.0,4.0,4.0,4.0,0.0,0.0,4.0,4.0,4.0,0.0,0.0,0.0,0.0,0.0,0.0,0.0,4.0,4.0,4.0,0.0,0.0
20,4,5,5,0.2,0.2,0.3,dense,True,20,20,20,4,5,15,3,Shared MILP,stability_full_sequence_per_prompt,radius_derived,5,"0,10,20,30,40",1.0,1.0,1.0,0.0,0.0,0.0,0.0,0.0,0.0,0.0,9.7,9.5,10.0,0.1999999999999993,0.3000000000000007,9.8,9.5,10.0,0.3000000000000007,0.1999999999999993,9.2,9.0,10.0,0.1999999999999993,0.8000000000000007,10.0,10.0,10.0,0.0,0.0,4.0,4.0,4.0,0.0,0.0,4.0,4.0,4.0,0.0,0.0,0.0,0.0,0.0,0.0,0.0,4.0,4.0,4.0,0.0,0.0
20,4,5,5,0.2,0.2,0.3,dense,True,20,20,20,4,5,15,4,Shared MILP,stability_full_sequence_per_prompt,radius_derived,5,"0,10,20,30,40",1.0,1.0,1.0,0.0,0.0,0.0,0.0,0.0,0.0,0.0,9.7,9.5,10.0,0.1999999999999993,0.3000000000000007,9.8,9.5,10.0,0.3000000000000007,0.1999999999999993,9.2,9.0,10.0,0.1999999999999993,0.8000000000000007,10.0,10.0,10.0,0.0,0.0,4.0,4.0,4.0,0.0,0.0,4.0,4.0,4.0,0.0,0.0,0.0,0.0,0.0,0.0,0.0,4.0,4.0,4.0,0.0,0.0
20,4,5,5,0.2,0.2,0.3,dense,True,20,20,20,4,5,15,5,Shared MILP,stability_full_sequence_per_prompt,radius_derived,5,"0,10,20,30,40",1.0,1.0,1.0,0.0,0.0,0.0,0.0,0.0,0.0,0.0,9.7,9.5,10.0,0.1999999999999993,0.3000000000000007,9.8,9.5,10.0,0.3000000000000007,0.1999999999999993,9.2,9.0,10.0,0.1999999999999993,0.8000000000000007,10.0,10.0,10.0,0.0,0.0,4.0,4.0,4.0,0.0,0.0,4.0,4.0,4.0,0.0,0.0,0.0,0.0,0.0,0.0,0.0,4.0,4.0,4.0,0.0,0.0
20,4,5,5,0.2,0.2,0.3,dense,True,20,20,20,4,5,15,6,Shared MILP,stability_full_sequence_per_prompt,radius_derived,5,"0,10,20,30,40",1.0,1.0,1.0,0.0,0.0,0.0,0.0,0.0,0.0,0.0,9.7,9.5,10.0,0.1999999999999993,0.3000000000000007,9.8,9.5,10.0,0.3000000000000007,0.1999999999999993,9.2,9.0,10.0,0.1999999999999993,0.8000000000000007,10.0,10.0,10.0,0.0,0.0,4.0,4.0,4.0,0.0,0.0,4.0,4.0,4.0,0.0,0.0,0.0,0.0,0.0,0.0,0.0,4.0,4.0,4.0,0.0,0.0
20,4,5,5,0.2,0.2,0.3,dense,True,20,20,20,4,5,15,7,Shared MILP,stability_full_sequence_per_prompt,radius_derived,5,"0,10,20,30,40",1.0,1.0,1.0,0.0,0.0,0.0,0.0,0.0,0.0,0.0,9.7,9.5,10.0,0.1999999999999993,0.3000000000000007,9.8,9.5,10.0,0.3000000000000007,0.1999999999999993,9.2,9.0,10.0,0.1999999999999993,0.8000000000000007,10.0,10.0,10.0,0.0,0.0,4.0,4.0,4.0,0.0,0.0,4.0,4.0,4.0,0.0,0.0,0.0,0.0,0.0,0.0,0.0,4.0,4.0,4.0,0.0,0.0
20,4,5,5,0.2,0.2,0.3,dense,True,20,20,20,4,5,15,8,Shared MILP,stability_full_sequence_per_prompt,radius_derived,5,"0,10,20,30,40",1.0,1.0,1.0,0.0,0.0,0.0,0.0,0.0,0.0,0.0,9.7,9.5,10.0,0.1999999999999993,0.3000000000000007,9.8,9.5,10.0,0.3000000000000007,0.1999999999999993,9.2,9.0,10.0,0.1999999999999993,0.8000000000000007,10.0,10.0,10.0,0.0,0.0,4.0,4.0,4.0,0.0,0.0,4.0,4.0,4.0,0.0,0.0,0.0,0.0,0.0,0.0,0.0,4.0,4.0,4.0,0.0,0.0
20,4,5,5,0.2,0.2,0.3,dense,True,20,20,20,4,5,15,9,Shared MILP,stability_full_sequence_per_prompt,radius_derived,5,"0,10,20,30,40",0.7,0.5,1.0,0.19999999999999996,0.30000000000000004,0.3,0.0,0.5,0.3,0.2,9.7,9.5,10.0,0.1999999999999993,0.3000000000000007,9.8,9.5,10.0,0.3000000000000007,0.1999999999999993,9.2,9.0,10.0,0.1999999999999993,0.8000000000000007,10.0,10.0,10.0,0.0,0.0,2.8,2.0,4.0,0.7999999999999998,1.2000000000000002,4.0,4.0,4.0,0.0,0.0,0.0,0.0,0.0,0.0,0.0,4.0,4.0,4.0,0.0,0.0
20,4,5,5,0.2,0.2,0.3,dense,True,20,20,20,4,5,15,10,Shared MILP,stability_full_sequence_per_prompt,radius_derived,5,"0,10,20,30,40",0.0,0.0,0.0,0.0,0.0,1.0,1.0,1.0,0.0,0.0,9.7,9.5,10.0,0.1999999999999993,0.3000000000000007,9.8,9.5,10.0,0.3000000000000007,0.1999999999999993,9.2,9.0,10.0,0.1999999999999993,0.8000000000000007,10.0,10.0,10.0,0.0,0.0,0.0,0.0,0.0,0.0,0.0,4.0,4.0,4.0,0.0,0.0,0.0,0.0,0.0,0.0,0.0,4.0,4.0,4.0,0.0,0.0
20,4,5,5,0.2,0.2,0.3,dense,True,20,20,20,4,5,15,11,Shared MILP,stability_full_sequence_per_prompt,radius_derived,5,"0,10,20,30,40",0.0,0.0,0.0,0.0,0.0,1.0,1.0,1.0,0.0,0.0,9.7,9.5,10.0,0.1999999999999993,0.3000000000000007,9.8,9.5,10.0,0.3000000000000007,0.1999999999999993,9.2,9.0,10.0,0.1999999999999993,0.8000000000000007,10.0,10.0,10.0,0.0,0.0,0.0,0.0,0.0,0.0,0.0,4.0,4.0,4.0,0.0,0.0,0.0,0.0,0.0,0.0,0.0,4.0,4.0,4.0,0.0,0.0
20,4,5,5,0.2,0.2,0.3,dense,True,20,20,20,4,5,15,12,Shared MILP,stability_full_sequence_per_prompt,radius_derived,5,"0,10,20,30,40",0.0,0.0,0.0,0.0,0.0,1.0,1.0,1.0,0.0,0.0,9.7,9.5,10.0,0.1999999999999993,0.3000000000000007,9.8,9.5,10.0,0.3000000000000007,0.1999999999999993,9.2,9.0,10.0,0.1999999999999993,0.8000000000000007,10.0,10.0,10.0,0.0,0.0,0.0,0.0,0.0,0.0,0.0,4.0,4.0,4.0,0.0,0.0,0.0,0.0,0.0,0.0,0.0,4.0,4.0,4.0,0.0,0.0
20,4,5,5,0.2,0.2,0.3,dense,True,20,20,20,4,5,15,13,Shared MILP,stability_full_sequence_per_prompt,radius_derived,5,"0,10,20,30,40",0.0,0.0,0.0,0.0,0.0,1.0,1.0,1.0,0.0,0.0,9.7,9.5,10.0,0.1999999999999993,0.3000000000000007,9.8,9.5,10.0,0.3000000000000007,0.1999999999999993,9.2,9.0,10.0,0.1999999999999993,0.8000000000000007,10.0,10.0,10.0,0.0,0.0,0.0,0.0,0.0,0.0,0.0,4.0,4.0,4.0,0.0,0.0,0.0,0.0,0.0,0.0,0.0,4.0,4.0,4.0,0.0,0.0
20,4,5,5,0.2,0.2,0.3,dense,True,20,20,20,4,5,15,14,Shared MILP,stability_full_sequence_per_prompt,radius_derived,5,"0,10,20,30,40",0.0,0.0,0.0,0.0,0.0,1.0,1.0,1.0,0.0,0.0,9.7,9.5,10.0,0.1999999999999993,0.3000000000000007,9.8,9.5,10.0,0.3000000000000007,0.1999999999999993,9.2,9.0,10.0,0.1999999999999993,0.8000000000000007,10.0,10.0,10.0,0.0,0.0,0.0,0.0,0.0,0.0,0.0,4.0,4.0,4.0,0.0,0.0,0.0,0.0,0.0,0.0,0.0,4.0,4.0,4.0,0.0,0.0
20,4,5,5,0.2,0.2,0.3,dense,True,20,20,20,4,5,15,15,Shared MILP,stability_full_sequence_per_prompt,radius_derived,5,"0,10,20,30,40",0.0,0.0,0.0,0.0,0.0,1.0,1.0,1.0,0.0,0.0,9.7,9.5,10.0,0.1999999999999993,0.3000000000000007,9.8,9.5,10.0,0.3000000000000007,0.1999999999999993,9.2,9.0,10.0,0.1999999999999993,0.8000000000000007,10.0,10.0,10.0,0.0,0.0,0.0,0.0,0.0,0.0,0.0,4.0,4.0,4.0,0.0,0.0,0.0,0.0,0.0,0.0,0.0,4.0,4.0,4.0,0.0,0.0
20,4,5,5,0.2,0.2,0.3,dense,True,20,20,20,4,5,15,16,Shared MILP,stability_full_sequence_per_prompt,radius_derived,5,"0,10,20,30,40",0.0,0.0,0.0,0.0,0.0,1.0,1.0,1.0,0.0,0.0,9.7,9.5,10.0,0.1999999999999993,0.3000000000000007,9.8,9.5,10.0,0.3000000000000007,0.1999999999999993,9.2,9.0,10.0,0.1999999999999993,0.8000000000000007,10.0,10.0,10.0,0.0,0.0,0.0,0.0,0.0,0.0,0.0,4.0,4.0,4.0,0.0,0.0,0.0,0.0,0.0,0.0,0.0,4.0,4.0,4.0,0.0,0.0
20,4,5,5,0.2,0.2,0.3,dense,True,20,20,20,4,5,15,17,Shared MILP,stability_full_sequence_per_prompt,radius_derived,5,"0,10,20,30,40",0.0,0.0,0.0,0.0,0.0,1.0,1.0,1.0,0.0,0.0,9.7,9.5,10.0,0.1999999999999993,0.3000000000000007,9.8,9.5,10.0,0.3000000000000007,0.1999999999999993,9.2,9.0,10.0,0.1999999999999993,0.8000000000000007,10.0,10.0,10.0,0.0,0.0,0.0,0.0,0.0,0.0,0.0,4.0,4.0,4.0,0.0,0.0,0.0,0.0,0.0,0.0,0.0,4.0,4.0,4.0,0.0,0.0
20,4,5,5,0.2,0.2,0.3,dense,True,20,20,20,4,5,15,18,Shared MILP,stability_full_sequence_per_prompt,radius_derived,5,"0,10,20,30,40",0.0,0.0,0.0,0.0,0.0,1.0,1.0,1.0,0.0,0.0,9.7,9.5,10.0,0.1999999999999993,0.3000000000000007,9.8,9.5,10.0,0.3000000000000007,0.1999999999999993,9.2,9.0,10.0,0.1999999999999993,0.8000000000000007,10.0,10.0,10.0,0.0,0.0,0.0,0.0,0.0,0.0,0.0,4.0,4.0,4.0,0.0,0.0,0.0,0.0,0.0,0.0,0.0,4.0,4.0,4.0,0.0,0.0
20,4,5,5,0.2,0.2,0.3,dense,True,20,20,20,4,5,15,19,Shared MILP,stability_full_sequence_per_prompt,radius_derived,5,"0,10,20,30,40",0.0,0.0,0.0,0.0,0.0,1.0,1.0,1.0,0.0,0.0,9.7,9.5,10.0,0.1999999999999993,0.3000000000000007,9.8,9.5,10.0,0.3000000000000007,0.1999999999999993,9.2,9.0,10.0,0.1999999999999993,0.8000000000000007,10.0,10.0,10.0,0.0,0.0,0.0,0.0,0.0,0.0,0.0,4.0,4.0,4.0,0.0,0.0,0.0,0.0,0.0,0.0,0.0,4.0,4.0,4.0,0.0,0.0
20,4,5,5,0.2,0.2,0.3,dense,True,20,20,20,4,5,15,20,Shared MILP,stability_full_sequence_per_prompt,radius_derived,5,"0,10,20,30,40",0.0,0.0,0.0,0.0,0.0,1.0,1.0,1.0,0.0,0.0,9.7,9.5,10.0,0.1999999999999993,0.3000000000000007,9.8,9.5,10.0,0.3000000000000007,0.1999999999999993,9.2,9.0,10.0,0.1999999999999993,0.8000000000000007,10.0,10.0,10.0,0.0,0.0,0.0,0.0,0.0,0.0,0.0,4.0,4.0,4.0,0.0,0.0,0.0,0.0,0.0,0.0,0.0,4.0,4.0,4.0,0.0,0.0
20,4,5,5,0.2,0.2,0.3,dense,True,20,20,20,4,5,15,0,Plain DPA max token,validity_full_harmful_sequence_per_prompt,radius_derived,5,"0,10,20,30,40",1.0,1.0,1.0,0.0,0.0,0.0,0.0,0.0,0.0,0.0,9.45,8.75,10.0,0.6999999999999993,0.5500000000000007,9.8,9.0,10.0,0.8000000000000007,0.1999999999999993,8.2,5.0,10.0,3.1999999999999993,1.8000000000000007,10.0,10.0,10.0,0.0,0.0,4.0,4.0,4.0,0.0,0.0,4.0,4.0,4.0,0.0,0.0,0.0,0.0,0.0,0.0,0.0,4.0,4.0,4.0,0.0,0.0
20,4,5,5,0.2,0.2,0.3,dense,True,20,20,20,4,5,15,1,Plain DPA max token,validity_full_harmful_sequence_per_prompt,radius_derived,5,"0,10,20,30,40",1.0,1.0,1.0,0.0,0.0,0.0,0.0,0.0,0.0,0.0,9.45,8.75,10.0,0.6999999999999993,0.5500000000000007,9.8,9.0,10.0,0.8000000000000007,0.1999999999999993,8.2,5.0,10.0,3.1999999999999993,1.8000000000000007,10.0,10.0,10.0,0.0,0.0,4.0,4.0,4.0,0.0,0.0,4.0,4.0,4.0,0.0,0.0,0.0,0.0,0.0,0.0,0.0,4.0,4.0,4.0,0.0,0.0
20,4,5,5,0.2,0.2,0.3,dense,True,20,20,20,4,5,15,2,Plain DPA max token,validity_full_harmful_sequence_per_prompt,radius_derived,5,"0,10,20,30,40",1.0,1.0,1.0,0.0,0.0,0.0,0.0,0.0,0.0,0.0,9.45,8.75,10.0,0.6999999999999993,0.5500000000000007,9.8,9.0,10.0,0.8000000000000007,0.1999999999999993,8.2,5.0,10.0,3.1999999999999993,1.8000000000000007,10.0,10.0,10.0,0.0,0.0,4.0,4.0,4.0,0.0,0.0,4.0,4.0,4.0,0.0,0.0,0.0,0.0,0.0,0.0,0.0,4.0,4.0,4.0,0.0,0.0
20,4,5,5,0.2,0.2,0.3,dense,True,20,20,20,4,5,15,3,Plain DPA max token,validity_full_harmful_sequence_per_prompt,radius_derived,5,"0,10,20,30,40",1.0,1.0,1.0,0.0,0.0,0.0,0.0,0.0,0.0,0.0,9.45,8.75,10.0,0.6999999999999993,0.5500000000000007,9.8,9.0,10.0,0.8000000000000007,0.1999999999999993,8.2,5.0,10.0,3.1999999999999993,1.8000000000000007,10.0,10.0,10.0,0.0,0.0,4.0,4.0,4.0,0.0,0.0,4.0,4.0,4.0,0.0,0.0,0.0,0.0,0.0,0.0,0.0,4.0,4.0,4.0,0.0,0.0
20,4,5,5,0.2,0.2,0.3,dense,True,20,20,20,4,5,15,4,Plain DPA max token,validity_full_harmful_sequence_per_prompt,radius_derived,5,"0,10,20,30,40",1.0,1.0,1.0,0.0,0.0,0.0,0.0,0.0,0.0,0.0,9.45,8.75,10.0,0.6999999999999993,0.5500000000000007,9.8,9.0,10.0,0.8000000000000007,0.1999999999999993,8.2,5.0,10.0,3.1999999999999993,1.8000000000000007,10.0,10.0,10.0,0.0,0.0,4.0,4.0,4.0,0.0,0.0,4.0,4.0,4.0,0.0,0.0,0.0,0.0,0.0,0.0,0.0,4.0,4.0,4.0,0.0,0.0
20,4,5,5,0.2,0.2,0.3,dense,True,20,20,20,4,5,15,5,Plain DPA max token,validity_full_harmful_sequence_per_prompt,radius_derived,5,"0,10,20,30,40",0.95,0.75,1.0,0.19999999999999996,0.050000000000000044,0.05,0.0,0.25,0.05,0.2,9.45,8.75,10.0,0.6999999999999993,0.5500000000000007,9.8,9.0,10.0,0.8000000000000007,0.1999999999999993,8.2,5.0,10.0,3.1999999999999993,1.8000000000000007,10.0,10.0,10.0,0.0,0.0,3.8,3.0,4.0,0.7999999999999998,0.20000000000000018,4.0,4.0,4.0,0.0,0.0,0.0,0.0,0.0,0.0,0.0,4.0,4.0,4.0,0.0,0.0
20,4,5,5,0.2,0.2,0.3,dense,True,20,20,20,4,5,15,6,Plain DPA max token,validity_full_harmful_sequence_per_prompt,radius_derived,5,"0,10,20,30,40",0.95,0.75,1.0,0.19999999999999996,0.050000000000000044,0.05,0.0,0.25,0.05,0.2,9.45,8.75,10.0,0.6999999999999993,0.5500000000000007,9.8,9.0,10.0,0.8000000000000007,0.1999999999999993,8.2,5.0,10.0,3.1999999999999993,1.8000000000000007,10.0,10.0,10.0,0.0,0.0,3.8,3.0,4.0,0.7999999999999998,0.20000000000000018,4.0,4.0,4.0,0.0,0.0,0.0,0.0,0.0,0.0,0.0,4.0,4.0,4.0,0.0,0.0
20,4,5,5,0.2,0.2,0.3,dense,True,20,20,20,4,5,15,7,Plain DPA max token,validity_full_harmful_sequence_per_prompt,radius_derived,5,"0,10,20,30,40",0.9,0.75,1.0,0.15000000000000002,0.09999999999999998,0.1,0.0,0.25,0.1,0.15,9.45,8.75,10.0,0.6999999999999993,0.5500000000000007,9.8,9.0,10.0,0.8000000000000007,0.1999999999999993,8.2,5.0,10.0,3.1999999999999993,1.8000000000000007,10.0,10.0,10.0,0.0,0.0,3.6,3.0,4.0,0.6000000000000001,0.3999999999999999,4.0,4.0,4.0,0.0,0.0,0.0,0.0,0.0,0.0,0.0,4.0,4.0,4.0,0.0,0.0
20,4,5,5,0.2,0.2,0.3,dense,True,20,20,20,4,5,15,8,Plain DPA max token,validity_full_harmful_sequence_per_prompt,radius_derived,5,"0,10,20,30,40",0.85,0.5,1.0,0.35,0.15000000000000002,0.15,0.0,0.5,0.15,0.35,9.45,8.75,10.0,0.6999999999999993,0.5500000000000007,9.8,9.0,10.0,0.8000000000000007,0.1999999999999993,8.2,5.0,10.0,3.1999999999999993,1.8000000000000007,10.0,10.0,10.0,0.0,0.0,3.4,2.0,4.0,1.4,0.6000000000000001,4.0,4.0,4.0,0.0,0.0,0.0,0.0,0.0,0.0,0.0,4.0,4.0,4.0,0.0,0.0
20,4,5,5,0.2,0.2,0.3,dense,True,20,20,20,4,5,15,9,Plain DPA max token,validity_full_harmful_sequence_per_prompt,radius_derived,5,"0,10,20,30,40",0.8,0.5,1.0,0.30000000000000004,0.19999999999999996,0.2,0.0,0.5,0.2,0.3,9.45,8.75,10.0,0.6999999999999993,0.5500000000000007,9.8,9.0,10.0,0.8000000000000007,0.1999999999999993,8.2,5.0,10.0,3.1999999999999993,1.8000000000000007,10.0,10.0,10.0,0.0,0.0,3.2,2.0,4.0,1.2000000000000002,0.7999999999999998,4.0,4.0,4.0,0.0,0.0,0.0,0.0,0.0,0.0,0.0,4.0,4.0,4.0,0.0,0.0
20,4,5,5,0.2,0.2,0.3,dense,True,20,20,20,4,5,15,10,Plain DPA max token,validity_full_harmful_sequence_per_prompt,radius_derived,5,"0,10,20,30,40",0.0,0.0,0.0,0.0,0.0,1.0,1.0,1.0,0.0,0.0,9.45,8.75,10.0,0.6999999999999993,0.5500000000000007,9.8,9.0,10.0,0.8000000000000007,0.1999999999999993,8.2,5.0,10.0,3.1999999999999993,1.8000000000000007,10.0,10.0,10.0,0.0,0.0,0.0,0.0,0.0,0.0,0.0,4.0,4.0,4.0,0.0,0.0,0.0,0.0,0.0,0.0,0.0,4.0,4.0,4.0,0.0,0.0
20,4,5,5,0.2,0.2,0.3,dense,True,20,20,20,4,5,15,11,Plain DPA max token,validity_full_harmful_sequence_per_prompt,radius_derived,5,"0,10,20,30,40",0.0,0.0,0.0,0.0,0.0,1.0,1.0,1.0,0.0,0.0,9.45,8.75,10.0,0.6999999999999993,0.5500000000000007,9.8,9.0,10.0,0.8000000000000007,0.1999999999999993,8.2,5.0,10.0,3.1999999999999993,1.8000000000000007,10.0,10.0,10.0,0.0,0.0,0.0,0.0,0.0,0.0,0.0,4.0,4.0,4.0,0.0,0.0,0.0,0.0,0.0,0.0,0.0,4.0,4.0,4.0,0.0,0.0
20,4,5,5,0.2,0.2,0.3,dense,True,20,20,20,4,5,15,12,Plain DPA max token,validity_full_harmful_sequence_per_prompt,radius_derived,5,"0,10,20,30,40",0.0,0.0,0.0,0.0,0.0,1.0,1.0,1.0,0.0,0.0,9.45,8.75,10.0,0.6999999999999993,0.5500000000000007,9.8,9.0,10.0,0.8000000000000007,0.1999999999999993,8.2,5.0,10.0,3.1999999999999993,1.8000000000000007,10.0,10.0,10.0,0.0,0.0,0.0,0.0,0.0,0.0,0.0,4.0,4.0,4.0,0.0,0.0,0.0,0.0,0.0,0.0,0.0,4.0,4.0,4.0,0.0,0.0
20,4,5,5,0.2,0.2,0.3,dense,True,20,20,20,4,5,15,13,Plain DPA max token,validity_full_harmful_sequence_per_prompt,radius_derived,5,"0,10,20,30,40",0.0,0.0,0.0,0.0,0.0,1.0,1.0,1.0,0.0,0.0,9.45,8.75,10.0,0.6999999999999993,0.5500000000000007,9.8,9.0,10.0,0.8000000000000007,0.1999999999999993,8.2,5.0,10.0,3.1999999999999993,1.8000000000000007,10.0,10.0,10.0,0.0,0.0,0.0,0.0,0.0,0.0,0.0,4.0,4.0,4.0,0.0,0.0,0.0,0.0,0.0,0.0,0.0,4.0,4.0,4.0,0.0,0.0
20,4,5,5,0.2,0.2,0.3,dense,True,20,20,20,4,5,15,14,Plain DPA max token,validity_full_harmful_sequence_per_prompt,radius_derived,5,"0,10,20,30,40",0.0,0.0,0.0,0.0,0.0,1.0,1.0,1.0,0.0,0.0,9.45,8.75,10.0,0.6999999999999993,0.5500000000000007,9.8,9.0,10.0,0.8000000000000007,0.1999999999999993,8.2,5.0,10.0,3.1999999999999993,1.8000000000000007,10.0,10.0,10.0,0.0,0.0,0.0,0.0,0.0,0.0,0.0,4.0,4.0,4.0,0.0,0.0,0.0,0.0,0.0,0.0,0.0,4.0,4.0,4.0,0.0,0.0
20,4,5,5,0.2,0.2,0.3,dense,True,20,20,20,4,5,15,15,Plain DPA max token,validity_full_harmful_sequence_per_prompt,radius_derived,5,"0,10,20,30,40",0.0,0.0,0.0,0.0,0.0,1.0,1.0,1.0,0.0,0.0,9.45,8.75,10.0,0.6999999999999993,0.5500000000000007,9.8,9.0,10.0,0.8000000000000007,0.1999999999999993,8.2,5.0,10.0,3.1999999999999993,1.8000000000000007,10.0,10.0,10.0,0.0,0.0,0.0,0.0,0.0,0.0,0.0,4.0,4.0,4.0,0.0,0.0,0.0,0.0,0.0,0.0,0.0,4.0,4.0,4.0,0.0,0.0
20,4,5,5,0.2,0.2,0.3,dense,True,20,20,20,4,5,15,16,Plain DPA max token,validity_full_harmful_sequence_per_prompt,radius_derived,5,"0,10,20,30,40",0.0,0.0,0.0,0.0,0.0,1.0,1.0,1.0,0.0,0.0,9.45,8.75,10.0,0.6999999999999993,0.5500000000000007,9.8,9.0,10.0,0.8000000000000007,0.1999999999999993,8.2,5.0,10.0,3.1999999999999993,1.8000000000000007,10.0,10.0,10.0,0.0,0.0,0.0,0.0,0.0,0.0,0.0,4.0,4.0,4.0,0.0,0.0,0.0,0.0,0.0,0.0,0.0,4.0,4.0,4.0,0.0,0.0
20,4,5,5,0.2,0.2,0.3,dense,True,20,20,20,4,5,15,17,Plain DPA max token,validity_full_harmful_sequence_per_prompt,radius_derived,5,"0,10,20,30,40",0.0,0.0,0.0,0.0,0.0,1.0,1.0,1.0,0.0,0.0,9.45,8.75,10.0,0.6999999999999993,0.5500000000000007,9.8,9.0,10.0,0.8000000000000007,0.1999999999999993,8.2,5.0,10.0,3.1999999999999993,1.8000000000000007,10.0,10.0,10.0,0.0,0.0,0.0,0.0,0.0,0.0,0.0,4.0,4.0,4.0,0.0,0.0,0.0,0.0,0.0,0.0,0.0,4.0,4.0,4.0,0.0,0.0
20,4,5,5,0.2,0.2,0.3,dense,True,20,20,20,4,5,15,18,Plain DPA max token,validity_full_harmful_sequence_per_prompt,radius_derived,5,"0,10,20,30,40",0.0,0.0,0.0,0.0,0.0,1.0,1.0,1.0,0.0,0.0,9.45,8.75,10.0,0.6999999999999993,0.5500000000000007,9.8,9.0,10.0,0.8000000000000007,0.1999999999999993,8.2,5.0,10.0,3.1999999999999993,1.8000000000000007,10.0,10.0,10.0,0.0,0.0,0.0,0.0,0.0,0.0,0.0,4.0,4.0,4.0,0.0,0.0,0.0,0.0,0.0,0.0,0.0,4.0,4.0,4.0,0.0,0.0
20,4,5,5,0.2,0.2,0.3,dense,True,20,20,20,4,5,15,19,Plain DPA max token,validity_full_harmful_sequence_per_prompt,radius_derived,5,"0,10,20,30,40",0.0,0.0,0.0,0.0,0.0,1.0,1.0,1.0,0.0,0.0,9.45,8.75,10.0,0.6999999999999993,0.5500000000000007,9.8,9.0,10.0,0.8000000000000007,0.1999999999999993,8.2,5.0,10.0,3.1999999999999993,1.8000000000000007,10.0,10.0,10.0,0.0,0.0,0.0,0.0,0.0,0.0,0.0,4.0,4.0,4.0,0.0,0.0,0.0,0.0,0.0,0.0,0.0,4.0,4.0,4.0,0.0,0.0
20,4,5,5,0.2,0.2,0.3,dense,True,20,20,20,4,5,15,20,Plain DPA max token,validity_full_harmful_sequence_per_prompt,radius_derived,5,"0,10,20,30,40",0.0,0.0,0.0,0.0,0.0,1.0,1.0,1.0,0.0,0.0,9.45,8.75,10.0,0.6999999999999993,0.5500000000000007,9.8,9.0,10.0,0.8000000000000007,0.1999999999999993,8.2,5.0,10.0,3.1999999999999993,1.8000000000000007,10.0,10.0,10.0,0.0,0.0,0.0,0.0,0.0,0.0,0.0,4.0,4.0,4.0,0.0,0.0,0.0,0.0,0.0,0.0,0.0,4.0,4.0,4.0,0.0,0.0
20,4,5,5,0.2,0.2,0.3,dense,True,20,20,20,4,5,15,0,Shard-aware weakest-token diagnostic,weakest_harmful_token_not_full_sequence_validity,radius_derived,5,"0,10,20,30,40",0.35,0.25,0.75,0.09999999999999998,0.4,0.65,0.25,0.75,0.4,0.09999999999999998,1.3,0.5,2.5,0.8,1.2,0.4,0.0,2.0,0.4,1.6,0.0,0.0,0.0,0.0,0.0,4.4,2.0,6.0,2.4000000000000004,1.5999999999999996,1.4,1.0,3.0,0.3999999999999999,1.6,4.0,4.0,4.0,0.0,0.0,0.0,0.0,0.0,0.0,0.0,4.0,4.0,4.0,0.0,0.0
20,4,5,5,0.2,0.2,0.3,dense,True,20,20,20,4,5,15,1,Shard-aware weakest-token diagnostic,weakest_harmful_token_not_full_sequence_validity,radius_derived,5,"0,10,20,30,40",0.3,0.25,0.5,0.04999999999999999,0.2,0.7,0.5,0.75,0.19999999999999996,0.050000000000000044,1.3,0.5,2.5,0.8,1.2,0.4,0.0,2.0,0.4,1.6,0.0,0.0,0.0,0.0,0.0,4.4,2.0,6.0,2.4000000000000004,1.5999999999999996,1.2,1.0,2.0,0.19999999999999996,0.8,4.0,4.0,4.0,0.0,0.0,0.0,0.0,0.0,0.0,0.0,4.0,4.0,4.0,0.0,0.0
20,4,5,5,0.2,0.2,0.3,dense,True,20,20,20,4,5,15,2,Shard-aware weakest-token diagnostic,weakest_harmful_token_not_full_sequence_validity,radius_derived,5,"0,10,20,30,40",0.25,0.0,0.5,0.25,0.25,0.75,0.5,1.0,0.25,0.25,1.3,0.5,2.5,0.8,1.2,0.4,0.0,2.0,0.4,1.6,0.0,0.0,0.0,0.0,0.0,4.4,2.0,6.0,2.4000000000000004,1.5999999999999996,1.0,0.0,2.0,1.0,1.0,4.0,4.0,4.0,0.0,0.0,0.0,0.0,0.0,0.0,0.0,4.0,4.0,4.0,0.0,0.0
20,4,5,5,0.2,0.2,0.3,dense,True,20,20,20,4,5,15,3,Shard-aware weakest-token diagnostic,weakest_harmful_token_not_full_sequence_validity,radius_derived,5,"0,10,20,30,40",0.2,0.0,0.25,0.2,0.04999999999999999,0.8,0.75,1.0,0.050000000000000044,0.19999999999999996,1.3,0.5,2.5,0.8,1.2,0.4,0.0,2.0,0.4,1.6,0.0,0.0,0.0,0.0,0.0,4.4,2.0,6.0,2.4000000000000004,1.5999999999999996,0.8,0.0,1.0,0.8,0.19999999999999996,4.0,4.0,4.0,0.0,0.0,0.0,0.0,0.0,0.0,0.0,4.0,4.0,4.0,0.0,0.0
20,4,5,5,0.2,0.2,0.3,dense,True,20,20,20,4,5,15,4,Shard-aware weakest-token diagnostic,weakest_harmful_token_not_full_sequence_validity,radius_derived,5,"0,10,20,30,40",0.1,0.0,0.25,0.1,0.15,0.9,0.75,1.0,0.15000000000000002,0.09999999999999998,1.3,0.5,2.5,0.8,1.2,0.4,0.0,2.0,0.4,1.6,0.0,0.0,0.0,0.0,0.0,4.4,2.0,6.0,2.4000000000000004,1.5999999999999996,0.4,0.0,1.0,0.4,0.6,4.0,4.0,4.0,0.0,0.0,0.0,0.0,0.0,0.0,0.0,4.0,4.0,4.0,0.0,0.0
20,4,5,5,0.2,0.2,0.3,dense,True,20,20,20,4,5,15,5,Shard-aware weakest-token diagnostic,weakest_harmful_token_not_full_sequence_validity,radius_derived,5,"0,10,20,30,40",0.1,0.0,0.25,0.1,0.15,0.9,0.75,1.0,0.15000000000000002,0.09999999999999998,1.3,0.5,2.5,0.8,1.2,0.4,0.0,2.0,0.4,1.6,0.0,0.0,0.0,0.0,0.0,4.4,2.0,6.0,2.4000000000000004,1.5999999999999996,0.4,0.0,1.0,0.4,0.6,4.0,4.0,4.0,0.0,0.0,0.0,0.0,0.0,0.0,0.0,4.0,4.0,4.0,0.0,0.0
20,4,5,5,0.2,0.2,0.3,dense,True,20,20,20,4,5,15,6,Shard-aware weakest-token diagnostic,weakest_harmful_token_not_full_sequence_validity,radius_derived,5,"0,10,20,30,40",0.0,0.0,0.0,0.0,0.0,1.0,1.0,1.0,0.0,0.0,1.3,0.5,2.5,0.8,1.2,0.4,0.0,2.0,0.4,1.6,0.0,0.0,0.0,0.0,0.0,4.4,2.0,6.0,2.4000000000000004,1.5999999999999996,0.0,0.0,0.0,0.0,0.0,4.0,4.0,4.0,0.0,0.0,0.0,0.0,0.0,0.0,0.0,4.0,4.0,4.0,0.0,0.0
20,4,5,5,0.2,0.2,0.3,dense,True,20,20,20,4,5,15,7,Shard-aware weakest-token diagnostic,weakest_harmful_token_not_full_sequence_validity,radius_derived,5,"0,10,20,30,40",0.0,0.0,0.0,0.0,0.0,1.0,1.0,1.0,0.0,0.0,1.3,0.5,2.5,0.8,1.2,0.4,0.0,2.0,0.4,1.6,0.0,0.0,0.0,0.0,0.0,4.4,2.0,6.0,2.4000000000000004,1.5999999999999996,0.0,0.0,0.0,0.0,0.0,4.0,4.0,4.0,0.0,0.0,0.0,0.0,0.0,0.0,0.0,4.0,4.0,4.0,0.0,0.0
20,4,5,5,0.2,0.2,0.3,dense,True,20,20,20,4,5,15,8,Shard-aware weakest-token diagnostic,weakest_harmful_token_not_full_sequence_validity,radius_derived,5,"0,10,20,30,40",0.0,0.0,0.0,0.0,0.0,1.0,1.0,1.0,0.0,0.0,1.3,0.5,2.5,0.8,1.2,0.4,0.0,2.0,0.4,1.6,0.0,0.0,0.0,0.0,0.0,4.4,2.0,6.0,2.4000000000000004,1.5999999999999996,0.0,0.0,0.0,0.0,0.0,4.0,4.0,4.0,0.0,0.0,0.0,0.0,0.0,0.0,0.0,4.0,4.0,4.0,0.0,0.0
20,4,5,5,0.2,0.2,0.3,dense,True,20,20,20,4,5,15,9,Shard-aware weakest-token diagnostic,weakest_harmful_token_not_full_sequence_validity,radius_derived,5,"0,10,20,30,40",0.0,0.0,0.0,0.0,0.0,1.0,1.0,1.0,0.0,0.0,1.3,0.5,2.5,0.8,1.2,0.4,0.0,2.0,0.4,1.6,0.0,0.0,0.0,0.0,0.0,4.4,2.0,6.0,2.4000000000000004,1.5999999999999996,0.0,0.0,0.0,0.0,0.0,4.0,4.0,4.0,0.0,0.0,0.0,0.0,0.0,0.0,0.0,4.0,4.0,4.0,0.0,0.0
20,4,5,5,0.2,0.2,0.3,dense,True,20,20,20,4,5,15,10,Shard-aware weakest-token diagnostic,weakest_harmful_token_not_full_sequence_validity,radius_derived,5,"0,10,20,30,40",0.0,0.0,0.0,0.0,0.0,1.0,1.0,1.0,0.0,0.0,1.3,0.5,2.5,0.8,1.2,0.4,0.0,2.0,0.4,1.6,0.0,0.0,0.0,0.0,0.0,4.4,2.0,6.0,2.4000000000000004,1.5999999999999996,0.0,0.0,0.0,0.0,0.0,4.0,4.0,4.0,0.0,0.0,0.0,0.0,0.0,0.0,0.0,4.0,4.0,4.0,0.0,0.0
20,4,5,5,0.2,0.2,0.3,dense,True,20,20,20,4,5,15,11,Shard-aware weakest-token diagnostic,weakest_harmful_token_not_full_sequence_validity,radius_derived,5,"0,10,20,30,40",0.0,0.0,0.0,0.0,0.0,1.0,1.0,1.0,0.0,0.0,1.3,0.5,2.5,0.8,1.2,0.4,0.0,2.0,0.4,1.6,0.0,0.0,0.0,0.0,0.0,4.4,2.0,6.0,2.4000000000000004,1.5999999999999996,0.0,0.0,0.0,0.0,0.0,4.0,4.0,4.0,0.0,0.0,0.0,0.0,0.0,0.0,0.0,4.0,4.0,4.0,0.0,0.0
20,4,5,5,0.2,0.2,0.3,dense,True,20,20,20,4,5,15,12,Shard-aware weakest-token diagnostic,weakest_harmful_token_not_full_sequence_validity,radius_derived,5,"0,10,20,30,40",0.0,0.0,0.0,0.0,0.0,1.0,1.0,1.0,0.0,0.0,1.3,0.5,2.5,0.8,1.2,0.4,0.0,2.0,0.4,1.6,0.0,0.0,0.0,0.0,0.0,4.4,2.0,6.0,2.4000000000000004,1.5999999999999996,0.0,0.0,0.0,0.0,0.0,4.0,4.0,4.0,0.0,0.0,0.0,0.0,0.0,0.0,0.0,4.0,4.0,4.0,0.0,0.0
20,4,5,5,0.2,0.2,0.3,dense,True,20,20,20,4,5,15,13,Shard-aware weakest-token diagnostic,weakest_harmful_token_not_full_sequence_validity,radius_derived,5,"0,10,20,30,40",0.0,0.0,0.0,0.0,0.0,1.0,1.0,1.0,0.0,0.0,1.3,0.5,2.5,0.8,1.2,0.4,0.0,2.0,0.4,1.6,0.0,0.0,0.0,0.0,0.0,4.4,2.0,6.0,2.4000000000000004,1.5999999999999996,0.0,0.0,0.0,0.0,0.0,4.0,4.0,4.0,0.0,0.0,0.0,0.0,0.0,0.0,0.0,4.0,4.0,4.0,0.0,0.0
20,4,5,5,0.2,0.2,0.3,dense,True,20,20,20,4,5,15,14,Shard-aware weakest-token diagnostic,weakest_harmful_token_not_full_sequence_validity,radius_derived,5,"0,10,20,30,40",0.0,0.0,0.0,0.0,0.0,1.0,1.0,1.0,0.0,0.0,1.3,0.5,2.5,0.8,1.2,0.4,0.0,2.0,0.4,1.6,0.0,0.0,0.0,0.0,0.0,4.4,2.0,6.0,2.4000000000000004,1.5999999999999996,0.0,0.0,0.0,0.0,0.0,4.0,4.0,4.0,0.0,0.0,0.0,0.0,0.0,0.0,0.0,4.0,4.0,4.0,0.0,0.0
20,4,5,5,0.2,0.2,0.3,dense,True,20,20,20,4,5,15,15,Shard-aware weakest-token diagnostic,weakest_harmful_token_not_full_sequence_validity,radius_derived,5,"0,10,20,30,40",0.0,0.0,0.0,0.0,0.0,1.0,1.0,1.0,0.0,0.0,1.3,0.5,2.5,0.8,1.2,0.4,0.0,2.0,0.4,1.6,0.0,0.0,0.0,0.0,0.0,4.4,2.0,6.0,2.4000000000000004,1.5999999999999996,0.0,0.0,0.0,0.0,0.0,4.0,4.0,4.0,0.0,0.0,0.0,0.0,0.0,0.0,0.0,4.0,4.0,4.0,0.0,0.0
20,4,5,5,0.2,0.2,0.3,dense,True,20,20,20,4,5,15,16,Shard-aware weakest-token diagnostic,weakest_harmful_token_not_full_sequence_validity,radius_derived,5,"0,10,20,30,40",0.0,0.0,0.0,0.0,0.0,1.0,1.0,1.0,0.0,0.0,1.3,0.5,2.5,0.8,1.2,0.4,0.0,2.0,0.4,1.6,0.0,0.0,0.0,0.0,0.0,4.4,2.0,6.0,2.4000000000000004,1.5999999999999996,0.0,0.0,0.0,0.0,0.0,4.0,4.0,4.0,0.0,0.0,0.0,0.0,0.0,0.0,0.0,4.0,4.0,4.0,0.0,0.0
20,4,5,5,0.2,0.2,0.3,dense,True,20,20,20,4,5,15,17,Shard-aware weakest-token diagnostic,weakest_harmful_token_not_full_sequence_validity,radius_derived,5,"0,10,20,30,40",0.0,0.0,0.0,0.0,0.0,1.0,1.0,1.0,0.0,0.0,1.3,0.5,2.5,0.8,1.2,0.4,0.0,2.0,0.4,1.6,0.0,0.0,0.0,0.0,0.0,4.4,2.0,6.0,2.4000000000000004,1.5999999999999996,0.0,0.0,0.0,0.0,0.0,4.0,4.0,4.0,0.0,0.0,0.0,0.0,0.0,0.0,0.0,4.0,4.0,4.0,0.0,0.0
20,4,5,5,0.2,0.2,0.3,dense,True,20,20,20,4,5,15,18,Shard-aware weakest-token diagnostic,weakest_harmful_token_not_full_sequence_validity,radius_derived,5,"0,10,20,30,40",0.0,0.0,0.0,0.0,0.0,1.0,1.0,1.0,0.0,0.0,1.3,0.5,2.5,0.8,1.2,0.4,0.0,2.0,0.4,1.6,0.0,0.0,0.0,0.0,0.0,4.4,2.0,6.0,2.4000000000000004,1.5999999999999996,0.0,0.0,0.0,0.0,0.0,4.0,4.0,4.0,0.0,0.0,0.0,0.0,0.0,0.0,0.0,4.0,4.0,4.0,0.0,0.0
20,4,5,5,0.2,0.2,0.3,dense,True,20,20,20,4,5,15,19,Shard-aware weakest-token diagnostic,weakest_harmful_token_not_full_sequence_validity,radius_derived,5,"0,10,20,30,40",0.0,0.0,0.0,0.0,0.0,1.0,1.0,1.0,0.0,0.0,1.3,0.5,2.5,0.8,1.2,0.4,0.0,2.0,0.4,1.6,0.0,0.0,0.0,0.0,0.0,4.4,2.0,6.0,2.4000000000000004,1.5999999999999996,0.0,0.0,0.0,0.0,0.0,4.0,4.0,4.0,0.0,0.0,0.0,0.0,0.0,0.0,0.0,4.0,4.0,4.0,0.0,0.0
20,4,5,5,0.2,0.2,0.3,dense,True,20,20,20,4,5,15,20,Shard-aware weakest-token diagnostic,weakest_harmful_token_not_full_sequence_validity,radius_derived,5,"0,10,20,30,40",0.0,0.0,0.0,0.0,0.0,1.0,1.0,1.0,0.0,0.0,1.3,0.5,2.5,0.8,1.2,0.4,0.0,2.0,0.4,1.6,0.0,0.0,0.0,0.0,0.0,4.4,2.0,6.0,2.4000000000000004,1.5999999999999996,0.0,0.0,0.0,0.0,0.0,4.0,4.0,4.0,0.0,0.0,0.0,0.0,0.0,0.0,0.0,4.0,4.0,4.0,0.0,0.0
20,4,5,5,0.2,0.2,0.3,dense,True,20,20,20,4,5,15,0,Shard-aware independent max-token diagnostic,most_difficult_harmful_token_not_full_sequence_validity,radius_derived,5,"0,10,20,30,40",1.0,1.0,1.0,0.0,0.0,0.0,0.0,0.0,0.0,0.0,9.55,8.75,10.0,0.8000000000000007,0.4499999999999993,9.8,9.0,10.0,0.8000000000000007,0.1999999999999993,8.6,7.0,10.0,1.5999999999999996,1.4000000000000004,10.0,10.0,10.0,0.0,0.0,4.0,4.0,4.0,0.0,0.0,4.0,4.0,4.0,0.0,0.0,0.0,0.0,0.0,0.0,0.0,4.0,4.0,4.0,0.0,0.0
20,4,5,5,0.2,0.2,0.3,dense,True,20,20,20,4,5,15,1,Shard-aware independent max-token diagnostic,most_difficult_harmful_token_not_full_sequence_validity,radius_derived,5,"0,10,20,30,40",1.0,1.0,1.0,0.0,0.0,0.0,0.0,0.0,0.0,0.0,9.55,8.75,10.0,0.8000000000000007,0.4499999999999993,9.8,9.0,10.0,0.8000000000000007,0.1999999999999993,8.6,7.0,10.0,1.5999999999999996,1.4000000000000004,10.0,10.0,10.0,0.0,0.0,4.0,4.0,4.0,0.0,0.0,4.0,4.0,4.0,0.0,0.0,0.0,0.0,0.0,0.0,0.0,4.0,4.0,4.0,0.0,0.0
20,4,5,5,0.2,0.2,0.3,dense,True,20,20,20,4,5,15,2,Shard-aware independent max-token diagnostic,most_difficult_harmful_token_not_full_sequence_validity,radius_derived,5,"0,10,20,30,40",1.0,1.0,1.0,0.0,0.0,0.0,0.0,0.0,0.0,0.0,9.55,8.75,10.0,0.8000000000000007,0.4499999999999993,9.8,9.0,10.0,0.8000000000000007,0.1999999999999993,8.6,7.0,10.0,1.5999999999999996,1.4000000000000004,10.0,10.0,10.0,0.0,0.0,4.0,4.0,4.0,0.0,0.0,4.0,4.0,4.0,0.0,0.0,0.0,0.0,0.0,0.0,0.0,4.0,4.0,4.0,0.0,0.0
20,4,5,5,0.2,0.2,0.3,dense,True,20,20,20,4,5,15,3,Shard-aware independent max-token diagnostic,most_difficult_harmful_token_not_full_sequence_validity,radius_derived,5,"0,10,20,30,40",1.0,1.0,1.0,0.0,0.0,0.0,0.0,0.0,0.0,0.0,9.55,8.75,10.0,0.8000000000000007,0.4499999999999993,9.8,9.0,10.0,0.8000000000000007,0.1999999999999993,8.6,7.0,10.0,1.5999999999999996,1.4000000000000004,10.0,10.0,10.0,0.0,0.0,4.0,4.0,4.0,0.0,0.0,4.0,4.0,4.0,0.0,0.0,0.0,0.0,0.0,0.0,0.0,4.0,4.0,4.0,0.0,0.0
20,4,5,5,0.2,0.2,0.3,dense,True,20,20,20,4,5,15,4,Shard-aware independent max-token diagnostic,most_difficult_harmful_token_not_full_sequence_validity,radius_derived,5,"0,10,20,30,40",1.0,1.0,1.0,0.0,0.0,0.0,0.0,0.0,0.0,0.0,9.55,8.75,10.0,0.8000000000000007,0.4499999999999993,9.8,9.0,10.0,0.8000000000000007,0.1999999999999993,8.6,7.0,10.0,1.5999999999999996,1.4000000000000004,10.0,10.0,10.0,0.0,0.0,4.0,4.0,4.0,0.0,0.0,4.0,4.0,4.0,0.0,0.0,0.0,0.0,0.0,0.0,0.0,4.0,4.0,4.0,0.0,0.0
20,4,5,5,0.2,0.2,0.3,dense,True,20,20,20,4,5,15,5,Shard-aware independent max-token diagnostic,most_difficult_harmful_token_not_full_sequence_validity,radius_derived,5,"0,10,20,30,40",1.0,1.0,1.0,0.0,0.0,0.0,0.0,0.0,0.0,0.0,9.55,8.75,10.0,0.8000000000000007,0.4499999999999993,9.8,9.0,10.0,0.8000000000000007,0.1999999999999993,8.6,7.0,10.0,1.5999999999999996,1.4000000000000004,10.0,10.0,10.0,0.0,0.0,4.0,4.0,4.0,0.0,0.0,4.0,4.0,4.0,0.0,0.0,0.0,0.0,0.0,0.0,0.0,4.0,4.0,4.0,0.0,0.0
20,4,5,5,0.2,0.2,0.3,dense,True,20,20,20,4,5,15,6,Shard-aware independent max-token diagnostic,most_difficult_harmful_token_not_full_sequence_validity,radius_derived,5,"0,10,20,30,40",1.0,1.0,1.0,0.0,0.0,0.0,0.0,0.0,0.0,0.0,9.55,8.75,10.0,0.8000000000000007,0.4499999999999993,9.8,9.0,10.0,0.8000000000000007,0.1999999999999993,8.6,7.0,10.0,1.5999999999999996,1.4000000000000004,10.0,10.0,10.0,0.0,0.0,4.0,4.0,4.0,0.0,0.0,4.0,4.0,4.0,0.0,0.0,0.0,0.0,0.0,0.0,0.0,4.0,4.0,4.0,0.0,0.0
20,4,5,5,0.2,0.2,0.3,dense,True,20,20,20,4,5,15,7,Shard-aware independent max-token diagnostic,most_difficult_harmful_token_not_full_sequence_validity,radius_derived,5,"0,10,20,30,40",0.9,0.75,1.0,0.15000000000000002,0.09999999999999998,0.1,0.0,0.25,0.1,0.15,9.55,8.75,10.0,0.8000000000000007,0.4499999999999993,9.8,9.0,10.0,0.8000000000000007,0.1999999999999993,8.6,7.0,10.0,1.5999999999999996,1.4000000000000004,10.0,10.0,10.0,0.0,0.0,3.6,3.0,4.0,0.6000000000000001,0.3999999999999999,4.0,4.0,4.0,0.0,0.0,0.0,0.0,0.0,0.0,0.0,4.0,4.0,4.0,0.0,0.0
20,4,5,5,0.2,0.2,0.3,dense,True,20,20,20,4,5,15,8,Shard-aware independent max-token diagnostic,most_difficult_harmful_token_not_full_sequence_validity,radius_derived,5,"0,10,20,30,40",0.85,0.5,1.0,0.35,0.15000000000000002,0.15,0.0,0.5,0.15,0.35,9.55,8.75,10.0,0.8000000000000007,0.4499999999999993,9.8,9.0,10.0,0.8000000000000007,0.1999999999999993,8.6,7.0,10.0,1.5999999999999996,1.4000000000000004,10.0,10.0,10.0,0.0,0.0,3.4,2.0,4.0,1.4,0.6000000000000001,4.0,4.0,4.0,0.0,0.0,0.0,0.0,0.0,0.0,0.0,4.0,4.0,4.0,0.0,0.0
20,4,5,5,0.2,0.2,0.3,dense,True,20,20,20,4,5,15,9,Shard-aware independent max-token diagnostic,most_difficult_harmful_token_not_full_sequence_validity,radius_derived,5,"0,10,20,30,40",0.8,0.5,1.0,0.30000000000000004,0.19999999999999996,0.2,0.0,0.5,0.2,0.3,9.55,8.75,10.0,0.8000000000000007,0.4499999999999993,9.8,9.0,10.0,0.8000000000000007,0.1999999999999993,8.6,7.0,10.0,1.5999999999999996,1.4000000000000004,10.0,10.0,10.0,0.0,0.0,3.2,2.0,4.0,1.2000000000000002,0.7999999999999998,4.0,4.0,4.0,0.0,0.0,0.0,0.0,0.0,0.0,0.0,4.0,4.0,4.0,0.0,0.0
20,4,5,5,0.2,0.2,0.3,dense,True,20,20,20,4,5,15,10,Shard-aware independent max-token diagnostic,most_difficult_harmful_token_not_full_sequence_validity,radius_derived,5,"0,10,20,30,40",0.0,0.0,0.0,0.0,0.0,1.0,1.0,1.0,0.0,0.0,9.55,8.75,10.0,0.8000000000000007,0.4499999999999993,9.8,9.0,10.0,0.8000000000000007,0.1999999999999993,8.6,7.0,10.0,1.5999999999999996,1.4000000000000004,10.0,10.0,10.0,0.0,0.0,0.0,0.0,0.0,0.0,0.0,4.0,4.0,4.0,0.0,0.0,0.0,0.0,0.0,0.0,0.0,4.0,4.0,4.0,0.0,0.0
20,4,5,5,0.2,0.2,0.3,dense,True,20,20,20,4,5,15,11,Shard-aware independent max-token diagnostic,most_difficult_harmful_token_not_full_sequence_validity,radius_derived,5,"0,10,20,30,40",0.0,0.0,0.0,0.0,0.0,1.0,1.0,1.0,0.0,0.0,9.55,8.75,10.0,0.8000000000000007,0.4499999999999993,9.8,9.0,10.0,0.8000000000000007,0.1999999999999993,8.6,7.0,10.0,1.5999999999999996,1.4000000000000004,10.0,10.0,10.0,0.0,0.0,0.0,0.0,0.0,0.0,0.0,4.0,4.0,4.0,0.0,0.0,0.0,0.0,0.0,0.0,0.0,4.0,4.0,4.0,0.0,0.0
20,4,5,5,0.2,0.2,0.3,dense,True,20,20,20,4,5,15,12,Shard-aware independent max-token diagnostic,most_difficult_harmful_token_not_full_sequence_validity,radius_derived,5,"0,10,20,30,40",0.0,0.0,0.0,0.0,0.0,1.0,1.0,1.0,0.0,0.0,9.55,8.75,10.0,0.8000000000000007,0.4499999999999993,9.8,9.0,10.0,0.8000000000000007,0.1999999999999993,8.6,7.0,10.0,1.5999999999999996,1.4000000000000004,10.0,10.0,10.0,0.0,0.0,0.0,0.0,0.0,0.0,0.0,4.0,4.0,4.0,0.0,0.0,0.0,0.0,0.0,0.0,0.0,4.0,4.0,4.0,0.0,0.0
20,4,5,5,0.2,0.2,0.3,dense,True,20,20,20,4,5,15,13,Shard-aware independent max-token diagnostic,most_difficult_harmful_token_not_full_sequence_validity,radius_derived,5,"0,10,20,30,40",0.0,0.0,0.0,0.0,0.0,1.0,1.0,1.0,0.0,0.0,9.55,8.75,10.0,0.8000000000000007,0.4499999999999993,9.8,9.0,10.0,0.8000000000000007,0.1999999999999993,8.6,7.0,10.0,1.5999999999999996,1.4000000000000004,10.0,10.0,10.0,0.0,0.0,0.0,0.0,0.0,0.0,0.0,4.0,4.0,4.0,0.0,0.0,0.0,0.0,0.0,0.0,0.0,4.0,4.0,4.0,0.0,0.0
20,4,5,5,0.2,0.2,0.3,dense,True,20,20,20,4,5,15,14,Shard-aware independent max-token diagnostic,most_difficult_harmful_token_not_full_sequence_validity,radius_derived,5,"0,10,20,30,40",0.0,0.0,0.0,0.0,0.0,1.0,1.0,1.0,0.0,0.0,9.55,8.75,10.0,0.8000000000000007,0.4499999999999993,9.8,9.0,10.0,0.8000000000000007,0.1999999999999993,8.6,7.0,10.0,1.5999999999999996,1.4000000000000004,10.0,10.0,10.0,0.0,0.0,0.0,0.0,0.0,0.0,0.0,4.0,4.0,4.0,0.0,0.0,0.0,0.0,0.0,0.0,0.0,4.0,4.0,4.0,0.0,0.0
20,4,5,5,0.2,0.2,0.3,dense,True,20,20,20,4,5,15,15,Shard-aware independent max-token diagnostic,most_difficult_harmful_token_not_full_sequence_validity,radius_derived,5,"0,10,20,30,40",0.0,0.0,0.0,0.0,0.0,1.0,1.0,1.0,0.0,0.0,9.55,8.75,10.0,0.8000000000000007,0.4499999999999993,9.8,9.0,10.0,0.8000000000000007,0.1999999999999993,8.6,7.0,10.0,1.5999999999999996,1.4000000000000004,10.0,10.0,10.0,0.0,0.0,0.0,0.0,0.0,0.0,0.0,4.0,4.0,4.0,0.0,0.0,0.0,0.0,0.0,0.0,0.0,4.0,4.0,4.0,0.0,0.0
20,4,5,5,0.2,0.2,0.3,dense,True,20,20,20,4,5,15,16,Shard-aware independent max-token diagnostic,most_difficult_harmful_token_not_full_sequence_validity,radius_derived,5,"0,10,20,30,40",0.0,0.0,0.0,0.0,0.0,1.0,1.0,1.0,0.0,0.0,9.55,8.75,10.0,0.8000000000000007,0.4499999999999993,9.8,9.0,10.0,0.8000000000000007,0.1999999999999993,8.6,7.0,10.0,1.5999999999999996,1.4000000000000004,10.0,10.0,10.0,0.0,0.0,0.0,0.0,0.0,0.0,0.0,4.0,4.0,4.0,0.0,0.0,0.0,0.0,0.0,0.0,0.0,4.0,4.0,4.0,0.0,0.0
20,4,5,5,0.2,0.2,0.3,dense,True,20,20,20,4,5,15,17,Shard-aware independent max-token diagnostic,most_difficult_harmful_token_not_full_sequence_validity,radius_derived,5,"0,10,20,30,40",0.0,0.0,0.0,0.0,0.0,1.0,1.0,1.0,0.0,0.0,9.55,8.75,10.0,0.8000000000000007,0.4499999999999993,9.8,9.0,10.0,0.8000000000000007,0.1999999999999993,8.6,7.0,10.0,1.5999999999999996,1.4000000000000004,10.0,10.0,10.0,0.0,0.0,0.0,0.0,0.0,0.0,0.0,4.0,4.0,4.0,0.0,0.0,0.0,0.0,0.0,0.0,0.0,4.0,4.0,4.0,0.0,0.0
20,4,5,5,0.2,0.2,0.3,dense,True,20,20,20,4,5,15,18,Shard-aware independent max-token diagnostic,most_difficult_harmful_token_not_full_sequence_validity,radius_derived,5,"0,10,20,30,40",0.0,0.0,0.0,0.0,0.0,1.0,1.0,1.0,0.0,0.0,9.55,8.75,10.0,0.8000000000000007,0.4499999999999993,9.8,9.0,10.0,0.8000000000000007,0.1999999999999993,8.6,7.0,10.0,1.5999999999999996,1.4000000000000004,10.0,10.0,10.0,0.0,0.0,0.0,0.0,0.0,0.0,0.0,4.0,4.0,4.0,0.0,0.0,0.0,0.0,0.0,0.0,0.0,4.0,4.0,4.0,0.0,0.0
20,4,5,5,0.2,0.2,0.3,dense,True,20,20,20,4,5,15,19,Shard-aware independent max-token diagnostic,most_difficult_harmful_token_not_full_sequence_validity,radius_derived,5,"0,10,20,30,40",0.0,0.0,0.0,0.0,0.0,1.0,1.0,1.0,0.0,0.0,9.55,8.75,10.0,0.8000000000000007,0.4499999999999993,9.8,9.0,10.0,0.8000000000000007,0.1999999999999993,8.6,7.0,10.0,1.5999999999999996,1.4000000000000004,10.0,10.0,10.0,0.0,0.0,0.0,0.0,0.0,0.0,0.0,4.0,4.0,4.0,0.0,0.0,0.0,0.0,0.0,0.0,0.0,4.0,4.0,4.0,0.0,0.0
20,4,5,5,0.2,0.2,0.3,dense,True,20,20,20,4,5,15,20,Shard-aware independent max-token diagnostic,most_difficult_harmful_token_not_full_sequence_validity,radius_derived,5,"0,10,20,30,40",0.0,0.0,0.0,0.0,0.0,1.0,1.0,1.0,0.0,0.0,9.55,8.75,10.0,0.8000000000000007,0.4499999999999993,9.8,9.0,10.0,0.8000000000000007,0.1999999999999993,8.6,7.0,10.0,1.5999999999999996,1.4000000000000004,10.0,10.0,10.0,0.0,0.0,0.0,0.0,0.0,0.0,0.0,4.0,4.0,4.0,0.0,0.0,0.0,0.0,0.0,0.0,0.0,4.0,4.0,4.0,0.0,0.0
20,4,5,5,0.2,0.2,0.3,dense,True,20,20,20,4,5,15,0,TPA max-token phrase baseline,validity_full_harmful_sequence_per_prompt,radius_derived,5,"0,10,20,30,40",1.0,1.0,1.0,0.0,0.0,0.0,0.0,0.0,0.0,0.0,9.55,8.75,10.0,0.8000000000000007,0.4499999999999993,9.8,9.0,10.0,0.8000000000000007,0.1999999999999993,8.6,7.0,10.0,1.5999999999999996,1.4000000000000004,10.0,10.0,10.0,0.0,0.0,4.0,4.0,4.0,0.0,0.0,4.0,4.0,4.0,0.0,0.0,0.0,0.0,0.0,0.0,0.0,4.0,4.0,4.0,0.0,0.0
20,4,5,5,0.2,0.2,0.3,dense,True,20,20,20,4,5,15,1,TPA max-token phrase baseline,validity_full_harmful_sequence_per_prompt,radius_derived,5,"0,10,20,30,40",1.0,1.0,1.0,0.0,0.0,0.0,0.0,0.0,0.0,0.0,9.55,8.75,10.0,0.8000000000000007,0.4499999999999993,9.8,9.0,10.0,0.8000000000000007,0.1999999999999993,8.6,7.0,10.0,1.5999999999999996,1.4000000000000004,10.0,10.0,10.0,0.0,0.0,4.0,4.0,4.0,0.0,0.0,4.0,4.0,4.0,0.0,0.0,0.0,0.0,0.0,0.0,0.0,4.0,4.0,4.0,0.0,0.0
20,4,5,5,0.2,0.2,0.3,dense,True,20,20,20,4,5,15,2,TPA max-token phrase baseline,validity_full_harmful_sequence_per_prompt,radius_derived,5,"0,10,20,30,40",1.0,1.0,1.0,0.0,0.0,0.0,0.0,0.0,0.0,0.0,9.55,8.75,10.0,0.8000000000000007,0.4499999999999993,9.8,9.0,10.0,0.8000000000000007,0.1999999999999993,8.6,7.0,10.0,1.5999999999999996,1.4000000000000004,10.0,10.0,10.0,0.0,0.0,4.0,4.0,4.0,0.0,0.0,4.0,4.0,4.0,0.0,0.0,0.0,0.0,0.0,0.0,0.0,4.0,4.0,4.0,0.0,0.0
20,4,5,5,0.2,0.2,0.3,dense,True,20,20,20,4,5,15,3,TPA max-token phrase baseline,validity_full_harmful_sequence_per_prompt,radius_derived,5,"0,10,20,30,40",1.0,1.0,1.0,0.0,0.0,0.0,0.0,0.0,0.0,0.0,9.55,8.75,10.0,0.8000000000000007,0.4499999999999993,9.8,9.0,10.0,0.8000000000000007,0.1999999999999993,8.6,7.0,10.0,1.5999999999999996,1.4000000000000004,10.0,10.0,10.0,0.0,0.0,4.0,4.0,4.0,0.0,0.0,4.0,4.0,4.0,0.0,0.0,0.0,0.0,0.0,0.0,0.0,4.0,4.0,4.0,0.0,0.0
20,4,5,5,0.2,0.2,0.3,dense,True,20,20,20,4,5,15,4,TPA max-token phrase baseline,validity_full_harmful_sequence_per_prompt,radius_derived,5,"0,10,20,30,40",1.0,1.0,1.0,0.0,0.0,0.0,0.0,0.0,0.0,0.0,9.55,8.75,10.0,0.8000000000000007,0.4499999999999993,9.8,9.0,10.0,0.8000000000000007,0.1999999999999993,8.6,7.0,10.0,1.5999999999999996,1.4000000000000004,10.0,10.0,10.0,0.0,0.0,4.0,4.0,4.0,0.0,0.0,4.0,4.0,4.0,0.0,0.0,0.0,0.0,0.0,0.0,0.0,4.0,4.0,4.0,0.0,0.0
20,4,5,5,0.2,0.2,0.3,dense,True,20,20,20,4,5,15,5,TPA max-token phrase baseline,validity_full_harmful_sequence_per_prompt,radius_derived,5,"0,10,20,30,40",1.0,1.0,1.0,0.0,0.0,0.0,0.0,0.0,0.0,0.0,9.55,8.75,10.0,0.8000000000000007,0.4499999999999993,9.8,9.0,10.0,0.8000000000000007,0.1999999999999993,8.6,7.0,10.0,1.5999999999999996,1.4000000000000004,10.0,10.0,10.0,0.0,0.0,4.0,4.0,4.0,0.0,0.0,4.0,4.0,4.0,0.0,0.0,0.0,0.0,0.0,0.0,0.0,4.0,4.0,4.0,0.0,0.0
20,4,5,5,0.2,0.2,0.3,dense,True,20,20,20,4,5,15,6,TPA max-token phrase baseline,validity_full_harmful_sequence_per_prompt,radius_derived,5,"0,10,20,30,40",1.0,1.0,1.0,0.0,0.0,0.0,0.0,0.0,0.0,0.0,9.55,8.75,10.0,0.8000000000000007,0.4499999999999993,9.8,9.0,10.0,0.8000000000000007,0.1999999999999993,8.6,7.0,10.0,1.5999999999999996,1.4000000000000004,10.0,10.0,10.0,0.0,0.0,4.0,4.0,4.0,0.0,0.0,4.0,4.0,4.0,0.0,0.0,0.0,0.0,0.0,0.0,0.0,4.0,4.0,4.0,0.0,0.0
20,4,5,5,0.2,0.2,0.3,dense,True,20,20,20,4,5,15,7,TPA max-token phrase baseline,validity_full_harmful_sequence_per_prompt,radius_derived,5,"0,10,20,30,40",0.9,0.75,1.0,0.15000000000000002,0.09999999999999998,0.1,0.0,0.25,0.1,0.15,9.55,8.75,10.0,0.8000000000000007,0.4499999999999993,9.8,9.0,10.0,0.8000000000000007,0.1999999999999993,8.6,7.0,10.0,1.5999999999999996,1.4000000000000004,10.0,10.0,10.0,0.0,0.0,3.6,3.0,4.0,0.6000000000000001,0.3999999999999999,4.0,4.0,4.0,0.0,0.0,0.0,0.0,0.0,0.0,0.0,4.0,4.0,4.0,0.0,0.0
20,4,5,5,0.2,0.2,0.3,dense,True,20,20,20,4,5,15,8,TPA max-token phrase baseline,validity_full_harmful_sequence_per_prompt,radius_derived,5,"0,10,20,30,40",0.85,0.5,1.0,0.35,0.15000000000000002,0.15,0.0,0.5,0.15,0.35,9.55,8.75,10.0,0.8000000000000007,0.4499999999999993,9.8,9.0,10.0,0.8000000000000007,0.1999999999999993,8.6,7.0,10.0,1.5999999999999996,1.4000000000000004,10.0,10.0,10.0,0.0,0.0,3.4,2.0,4.0,1.4,0.6000000000000001,4.0,4.0,4.0,0.0,0.0,0.0,0.0,0.0,0.0,0.0,4.0,4.0,4.0,0.0,0.0
20,4,5,5,0.2,0.2,0.3,dense,True,20,20,20,4,5,15,9,TPA max-token phrase baseline,validity_full_harmful_sequence_per_prompt,radius_derived,5,"0,10,20,30,40",0.8,0.5,1.0,0.30000000000000004,0.19999999999999996,0.2,0.0,0.5,0.2,0.3,9.55,8.75,10.0,0.8000000000000007,0.4499999999999993,9.8,9.0,10.0,0.8000000000000007,0.1999999999999993,8.6,7.0,10.0,1.5999999999999996,1.4000000000000004,10.0,10.0,10.0,0.0,0.0,3.2,2.0,4.0,1.2000000000000002,0.7999999999999998,4.0,4.0,4.0,0.0,0.0,0.0,0.0,0.0,0.0,0.0,4.0,4.0,4.0,0.0,0.0
20,4,5,5,0.2,0.2,0.3,dense,True,20,20,20,4,5,15,10,TPA max-token phrase baseline,validity_full_harmful_sequence_per_prompt,radius_derived,5,"0,10,20,30,40",0.0,0.0,0.0,0.0,0.0,1.0,1.0,1.0,0.0,0.0,9.55,8.75,10.0,0.8000000000000007,0.4499999999999993,9.8,9.0,10.0,0.8000000000000007,0.1999999999999993,8.6,7.0,10.0,1.5999999999999996,1.4000000000000004,10.0,10.0,10.0,0.0,0.0,0.0,0.0,0.0,0.0,0.0,4.0,4.0,4.0,0.0,0.0,0.0,0.0,0.0,0.0,0.0,4.0,4.0,4.0,0.0,0.0
20,4,5,5,0.2,0.2,0.3,dense,True,20,20,20,4,5,15,11,TPA max-token phrase baseline,validity_full_harmful_sequence_per_prompt,radius_derived,5,"0,10,20,30,40",0.0,0.0,0.0,0.0,0.0,1.0,1.0,1.0,0.0,0.0,9.55,8.75,10.0,0.8000000000000007,0.4499999999999993,9.8,9.0,10.0,0.8000000000000007,0.1999999999999993,8.6,7.0,10.0,1.5999999999999996,1.4000000000000004,10.0,10.0,10.0,0.0,0.0,0.0,0.0,0.0,0.0,0.0,4.0,4.0,4.0,0.0,0.0,0.0,0.0,0.0,0.0,0.0,4.0,4.0,4.0,0.0,0.0
20,4,5,5,0.2,0.2,0.3,dense,True,20,20,20,4,5,15,12,TPA max-token phrase baseline,validity_full_harmful_sequence_per_prompt,radius_derived,5,"0,10,20,30,40",0.0,0.0,0.0,0.0,0.0,1.0,1.0,1.0,0.0,0.0,9.55,8.75,10.0,0.8000000000000007,0.4499999999999993,9.8,9.0,10.0,0.8000000000000007,0.1999999999999993,8.6,7.0,10.0,1.5999999999999996,1.4000000000000004,10.0,10.0,10.0,0.0,0.0,0.0,0.0,0.0,0.0,0.0,4.0,4.0,4.0,0.0,0.0,0.0,0.0,0.0,0.0,0.0,4.0,4.0,4.0,0.0,0.0
20,4,5,5,0.2,0.2,0.3,dense,True,20,20,20,4,5,15,13,TPA max-token phrase baseline,validity_full_harmful_sequence_per_prompt,radius_derived,5,"0,10,20,30,40",0.0,0.0,0.0,0.0,0.0,1.0,1.0,1.0,0.0,0.0,9.55,8.75,10.0,0.8000000000000007,0.4499999999999993,9.8,9.0,10.0,0.8000000000000007,0.1999999999999993,8.6,7.0,10.0,1.5999999999999996,1.4000000000000004,10.0,10.0,10.0,0.0,0.0,0.0,0.0,0.0,0.0,0.0,4.0,4.0,4.0,0.0,0.0,0.0,0.0,0.0,0.0,0.0,4.0,4.0,4.0,0.0,0.0
20,4,5,5,0.2,0.2,0.3,dense,True,20,20,20,4,5,15,14,TPA max-token phrase baseline,validity_full_harmful_sequence_per_prompt,radius_derived,5,"0,10,20,30,40",0.0,0.0,0.0,0.0,0.0,1.0,1.0,1.0,0.0,0.0,9.55,8.75,10.0,0.8000000000000007,0.4499999999999993,9.8,9.0,10.0,0.8000000000000007,0.1999999999999993,8.6,7.0,10.0,1.5999999999999996,1.4000000000000004,10.0,10.0,10.0,0.0,0.0,0.0,0.0,0.0,0.0,0.0,4.0,4.0,4.0,0.0,0.0,0.0,0.0,0.0,0.0,0.0,4.0,4.0,4.0,0.0,0.0
20,4,5,5,0.2,0.2,0.3,dense,True,20,20,20,4,5,15,15,TPA max-token phrase baseline,validity_full_harmful_sequence_per_prompt,radius_derived,5,"0,10,20,30,40",0.0,0.0,0.0,0.0,0.0,1.0,1.0,1.0,0.0,0.0,9.55,8.75,10.0,0.8000000000000007,0.4499999999999993,9.8,9.0,10.0,0.8000000000000007,0.1999999999999993,8.6,7.0,10.0,1.5999999999999996,1.4000000000000004,10.0,10.0,10.0,0.0,0.0,0.0,0.0,0.0,0.0,0.0,4.0,4.0,4.0,0.0,0.0,0.0,0.0,0.0,0.0,0.0,4.0,4.0,4.0,0.0,0.0
20,4,5,5,0.2,0.2,0.3,dense,True,20,20,20,4,5,15,16,TPA max-token phrase baseline,validity_full_harmful_sequence_per_prompt,radius_derived,5,"0,10,20,30,40",0.0,0.0,0.0,0.0,0.0,1.0,1.0,1.0,0.0,0.0,9.55,8.75,10.0,0.8000000000000007,0.4499999999999993,9.8,9.0,10.0,0.8000000000000007,0.1999999999999993,8.6,7.0,10.0,1.5999999999999996,1.4000000000000004,10.0,10.0,10.0,0.0,0.0,0.0,0.0,0.0,0.0,0.0,4.0,4.0,4.0,0.0,0.0,0.0,0.0,0.0,0.0,0.0,4.0,4.0,4.0,0.0,0.0
20,4,5,5,0.2,0.2,0.3,dense,True,20,20,20,4,5,15,17,TPA max-token phrase baseline,validity_full_harmful_sequence_per_prompt,radius_derived,5,"0,10,20,30,40",0.0,0.0,0.0,0.0,0.0,1.0,1.0,1.0,0.0,0.0,9.55,8.75,10.0,0.8000000000000007,0.4499999999999993,9.8,9.0,10.0,0.8000000000000007,0.1999999999999993,8.6,7.0,10.0,1.5999999999999996,1.4000000000000004,10.0,10.0,10.0,0.0,0.0,0.0,0.0,0.0,0.0,0.0,4.0,4.0,4.0,0.0,0.0,0.0,0.0,0.0,0.0,0.0,4.0,4.0,4.0,0.0,0.0
20,4,5,5,0.2,0.2,0.3,dense,True,20,20,20,4,5,15,18,TPA max-token phrase baseline,validity_full_harmful_sequence_per_prompt,radius_derived,5,"0,10,20,30,40",0.0,0.0,0.0,0.0,0.0,1.0,1.0,1.0,0.0,0.0,9.55,8.75,10.0,0.8000000000000007,0.4499999999999993,9.8,9.0,10.0,0.8000000000000007,0.1999999999999993,8.6,7.0,10.0,1.5999999999999996,1.4000000000000004,10.0,10.0,10.0,0.0,0.0,0.0,0.0,0.0,0.0,0.0,4.0,4.0,4.0,0.0,0.0,0.0,0.0,0.0,0.0,0.0,4.0,4.0,4.0,0.0,0.0
20,4,5,5,0.2,0.2,0.3,dense,True,20,20,20,4,5,15,19,TPA max-token phrase baseline,validity_full_harmful_sequence_per_prompt,radius_derived,5,"0,10,20,30,40",0.0,0.0,0.0,0.0,0.0,1.0,1.0,1.0,0.0,0.0,9.55,8.75,10.0,0.8000000000000007,0.4499999999999993,9.8,9.0,10.0,0.8000000000000007,0.1999999999999993,8.6,7.0,10.0,1.5999999999999996,1.4000000000000004,10.0,10.0,10.0,0.0,0.0,0.0,0.0,0.0,0.0,0.0,4.0,4.0,4.0,0.0,0.0,0.0,0.0,0.0,0.0,0.0,4.0,4.0,4.0,0.0,0.0
20,4,5,5,0.2,0.2,0.3,dense,True,20,20,20,4,5,15,20,TPA max-token phrase baseline,validity_full_harmful_sequence_per_prompt,radius_derived,5,"0,10,20,30,40",0.0,0.0,0.0,0.0,0.0,1.0,1.0,1.0,0.0,0.0,9.55,8.75,10.0,0.8000000000000007,0.4499999999999993,9.8,9.0,10.0,0.8000000000000007,0.1999999999999993,8.6,7.0,10.0,1.5999999999999996,1.4000000000000004,10.0,10.0,10.0,0.0,0.0,0.0,0.0,0.0,0.0,0.0,4.0,4.0,4.0,0.0,0.0,0.0,0.0,0.0,0.0,0.0,4.0,4.0,4.0,0.0,0.0
20,4,5,5,0.2,0.2,0.3,dense,True,20,20,20,4,5,15,0,Shared MILP,validity_full_harmful_sequence_per_prompt,radius_derived,5,"0,10,20,30,40",1.0,1.0,1.0,0.0,0.0,0.0,0.0,0.0,0.0,0.0,9.55,8.75,10.0,0.8000000000000007,0.4499999999999993,9.8,9.0,10.0,0.8000000000000007,0.1999999999999993,8.6,7.0,10.0,1.5999999999999996,1.4000000000000004,10.0,10.0,10.0,0.0,0.0,4.0,4.0,4.0,0.0,0.0,4.0,4.0,4.0,0.0,0.0,0.0,0.0,0.0,0.0,0.0,4.0,4.0,4.0,0.0,0.0
20,4,5,5,0.2,0.2,0.3,dense,True,20,20,20,4,5,15,1,Shared MILP,validity_full_harmful_sequence_per_prompt,radius_derived,5,"0,10,20,30,40",1.0,1.0,1.0,0.0,0.0,0.0,0.0,0.0,0.0,0.0,9.55,8.75,10.0,0.8000000000000007,0.4499999999999993,9.8,9.0,10.0,0.8000000000000007,0.1999999999999993,8.6,7.0,10.0,1.5999999999999996,1.4000000000000004,10.0,10.0,10.0,0.0,0.0,4.0,4.0,4.0,0.0,0.0,4.0,4.0,4.0,0.0,0.0,0.0,0.0,0.0,0.0,0.0,4.0,4.0,4.0,0.0,0.0
20,4,5,5,0.2,0.2,0.3,dense,True,20,20,20,4,5,15,2,Shared MILP,validity_full_harmful_sequence_per_prompt,radius_derived,5,"0,10,20,30,40",1.0,1.0,1.0,0.0,0.0,0.0,0.0,0.0,0.0,0.0,9.55,8.75,10.0,0.8000000000000007,0.4499999999999993,9.8,9.0,10.0,0.8000000000000007,0.1999999999999993,8.6,7.0,10.0,1.5999999999999996,1.4000000000000004,10.0,10.0,10.0,0.0,0.0,4.0,4.0,4.0,0.0,0.0,4.0,4.0,4.0,0.0,0.0,0.0,0.0,0.0,0.0,0.0,4.0,4.0,4.0,0.0,0.0
20,4,5,5,0.2,0.2,0.3,dense,True,20,20,20,4,5,15,3,Shared MILP,validity_full_harmful_sequence_per_prompt,radius_derived,5,"0,10,20,30,40",1.0,1.0,1.0,0.0,0.0,0.0,0.0,0.0,0.0,0.0,9.55,8.75,10.0,0.8000000000000007,0.4499999999999993,9.8,9.0,10.0,0.8000000000000007,0.1999999999999993,8.6,7.0,10.0,1.5999999999999996,1.4000000000000004,10.0,10.0,10.0,0.0,0.0,4.0,4.0,4.0,0.0,0.0,4.0,4.0,4.0,0.0,0.0,0.0,0.0,0.0,0.0,0.0,4.0,4.0,4.0,0.0,0.0
20,4,5,5,0.2,0.2,0.3,dense,True,20,20,20,4,5,15,4,Shared MILP,validity_full_harmful_sequence_per_prompt,radius_derived,5,"0,10,20,30,40",1.0,1.0,1.0,0.0,0.0,0.0,0.0,0.0,0.0,0.0,9.55,8.75,10.0,0.8000000000000007,0.4499999999999993,9.8,9.0,10.0,0.8000000000000007,0.1999999999999993,8.6,7.0,10.0,1.5999999999999996,1.4000000000000004,10.0,10.0,10.0,0.0,0.0,4.0,4.0,4.0,0.0,0.0,4.0,4.0,4.0,0.0,0.0,0.0,0.0,0.0,0.0,0.0,4.0,4.0,4.0,0.0,0.0
20,4,5,5,0.2,0.2,0.3,dense,True,20,20,20,4,5,15,5,Shared MILP,validity_full_harmful_sequence_per_prompt,radius_derived,5,"0,10,20,30,40",1.0,1.0,1.0,0.0,0.0,0.0,0.0,0.0,0.0,0.0,9.55,8.75,10.0,0.8000000000000007,0.4499999999999993,9.8,9.0,10.0,0.8000000000000007,0.1999999999999993,8.6,7.0,10.0,1.5999999999999996,1.4000000000000004,10.0,10.0,10.0,0.0,0.0,4.0,4.0,4.0,0.0,0.0,4.0,4.0,4.0,0.0,0.0,0.0,0.0,0.0,0.0,0.0,4.0,4.0,4.0,0.0,0.0
20,4,5,5,0.2,0.2,0.3,dense,True,20,20,20,4,5,15,6,Shared MILP,validity_full_harmful_sequence_per_prompt,radius_derived,5,"0,10,20,30,40",1.0,1.0,1.0,0.0,0.0,0.0,0.0,0.0,0.0,0.0,9.55,8.75,10.0,0.8000000000000007,0.4499999999999993,9.8,9.0,10.0,0.8000000000000007,0.1999999999999993,8.6,7.0,10.0,1.5999999999999996,1.4000000000000004,10.0,10.0,10.0,0.0,0.0,4.0,4.0,4.0,0.0,0.0,4.0,4.0,4.0,0.0,0.0,0.0,0.0,0.0,0.0,0.0,4.0,4.0,4.0,0.0,0.0
20,4,5,5,0.2,0.2,0.3,dense,True,20,20,20,4,5,15,7,Shared MILP,validity_full_harmful_sequence_per_prompt,radius_derived,5,"0,10,20,30,40",0.9,0.75,1.0,0.15000000000000002,0.09999999999999998,0.1,0.0,0.25,0.1,0.15,9.55,8.75,10.0,0.8000000000000007,0.4499999999999993,9.8,9.0,10.0,0.8000000000000007,0.1999999999999993,8.6,7.0,10.0,1.5999999999999996,1.4000000000000004,10.0,10.0,10.0,0.0,0.0,3.6,3.0,4.0,0.6000000000000001,0.3999999999999999,4.0,4.0,4.0,0.0,0.0,0.0,0.0,0.0,0.0,0.0,4.0,4.0,4.0,0.0,0.0
20,4,5,5,0.2,0.2,0.3,dense,True,20,20,20,4,5,15,8,Shared MILP,validity_full_harmful_sequence_per_prompt,radius_derived,5,"0,10,20,30,40",0.85,0.5,1.0,0.35,0.15000000000000002,0.15,0.0,0.5,0.15,0.35,9.55,8.75,10.0,0.8000000000000007,0.4499999999999993,9.8,9.0,10.0,0.8000000000000007,0.1999999999999993,8.6,7.0,10.0,1.5999999999999996,1.4000000000000004,10.0,10.0,10.0,0.0,0.0,3.4,2.0,4.0,1.4,0.6000000000000001,4.0,4.0,4.0,0.0,0.0,0.0,0.0,0.0,0.0,0.0,4.0,4.0,4.0,0.0,0.0
20,4,5,5,0.2,0.2,0.3,dense,True,20,20,20,4,5,15,9,Shared MILP,validity_full_harmful_sequence_per_prompt,radius_derived,5,"0,10,20,30,40",0.8,0.5,1.0,0.30000000000000004,0.19999999999999996,0.2,0.0,0.5,0.2,0.3,9.55,8.75,10.0,0.8000000000000007,0.4499999999999993,9.8,9.0,10.0,0.8000000000000007,0.1999999999999993,8.6,7.0,10.0,1.5999999999999996,1.4000000000000004,10.0,10.0,10.0,0.0,0.0,3.2,2.0,4.0,1.2000000000000002,0.7999999999999998,4.0,4.0,4.0,0.0,0.0,0.0,0.0,0.0,0.0,0.0,4.0,4.0,4.0,0.0,0.0
20,4,5,5,0.2,0.2,0.3,dense,True,20,20,20,4,5,15,10,Shared MILP,validity_full_harmful_sequence_per_prompt,radius_derived,5,"0,10,20,30,40",0.0,0.0,0.0,0.0,0.0,1.0,1.0,1.0,0.0,0.0,9.55,8.75,10.0,0.8000000000000007,0.4499999999999993,9.8,9.0,10.0,0.8000000000000007,0.1999999999999993,8.6,7.0,10.0,1.5999999999999996,1.4000000000000004,10.0,10.0,10.0,0.0,0.0,0.0,0.0,0.0,0.0,0.0,4.0,4.0,4.0,0.0,0.0,0.0,0.0,0.0,0.0,0.0,4.0,4.0,4.0,0.0,0.0
20,4,5,5,0.2,0.2,0.3,dense,True,20,20,20,4,5,15,11,Shared MILP,validity_full_harmful_sequence_per_prompt,radius_derived,5,"0,10,20,30,40",0.0,0.0,0.0,0.0,0.0,1.0,1.0,1.0,0.0,0.0,9.55,8.75,10.0,0.8000000000000007,0.4499999999999993,9.8,9.0,10.0,0.8000000000000007,0.1999999999999993,8.6,7.0,10.0,1.5999999999999996,1.4000000000000004,10.0,10.0,10.0,0.0,0.0,0.0,0.0,0.0,0.0,0.0,4.0,4.0,4.0,0.0,0.0,0.0,0.0,0.0,0.0,0.0,4.0,4.0,4.0,0.0,0.0
20,4,5,5,0.2,0.2,0.3,dense,True,20,20,20,4,5,15,12,Shared MILP,validity_full_harmful_sequence_per_prompt,radius_derived,5,"0,10,20,30,40",0.0,0.0,0.0,0.0,0.0,1.0,1.0,1.0,0.0,0.0,9.55,8.75,10.0,0.8000000000000007,0.4499999999999993,9.8,9.0,10.0,0.8000000000000007,0.1999999999999993,8.6,7.0,10.0,1.5999999999999996,1.4000000000000004,10.0,10.0,10.0,0.0,0.0,0.0,0.0,0.0,0.0,0.0,4.0,4.0,4.0,0.0,0.0,0.0,0.0,0.0,0.0,0.0,4.0,4.0,4.0,0.0,0.0
20,4,5,5,0.2,0.2,0.3,dense,True,20,20,20,4,5,15,13,Shared MILP,validity_full_harmful_sequence_per_prompt,radius_derived,5,"0,10,20,30,40",0.0,0.0,0.0,0.0,0.0,1.0,1.0,1.0,0.0,0.0,9.55,8.75,10.0,0.8000000000000007,0.4499999999999993,9.8,9.0,10.0,0.8000000000000007,0.1999999999999993,8.6,7.0,10.0,1.5999999999999996,1.4000000000000004,10.0,10.0,10.0,0.0,0.0,0.0,0.0,0.0,0.0,0.0,4.0,4.0,4.0,0.0,0.0,0.0,0.0,0.0,0.0,0.0,4.0,4.0,4.0,0.0,0.0
20,4,5,5,0.2,0.2,0.3,dense,True,20,20,20,4,5,15,14,Shared MILP,validity_full_harmful_sequence_per_prompt,radius_derived,5,"0,10,20,30,40",0.0,0.0,0.0,0.0,0.0,1.0,1.0,1.0,0.0,0.0,9.55,8.75,10.0,0.8000000000000007,0.4499999999999993,9.8,9.0,10.0,0.8000000000000007,0.1999999999999993,8.6,7.0,10.0,1.5999999999999996,1.4000000000000004,10.0,10.0,10.0,0.0,0.0,0.0,0.0,0.0,0.0,0.0,4.0,4.0,4.0,0.0,0.0,0.0,0.0,0.0,0.0,0.0,4.0,4.0,4.0,0.0,0.0
20,4,5,5,0.2,0.2,0.3,dense,True,20,20,20,4,5,15,15,Shared MILP,validity_full_harmful_sequence_per_prompt,radius_derived,5,"0,10,20,30,40",0.0,0.0,0.0,0.0,0.0,1.0,1.0,1.0,0.0,0.0,9.55,8.75,10.0,0.8000000000000007,0.4499999999999993,9.8,9.0,10.0,0.8000000000000007,0.1999999999999993,8.6,7.0,10.0,1.5999999999999996,1.4000000000000004,10.0,10.0,10.0,0.0,0.0,0.0,0.0,0.0,0.0,0.0,4.0,4.0,4.0,0.0,0.0,0.0,0.0,0.0,0.0,0.0,4.0,4.0,4.0,0.0,0.0
20,4,5,5,0.2,0.2,0.3,dense,True,20,20,20,4,5,15,16,Shared MILP,validity_full_harmful_sequence_per_prompt,radius_derived,5,"0,10,20,30,40",0.0,0.0,0.0,0.0,0.0,1.0,1.0,1.0,0.0,0.0,9.55,8.75,10.0,0.8000000000000007,0.4499999999999993,9.8,9.0,10.0,0.8000000000000007,0.1999999999999993,8.6,7.0,10.0,1.5999999999999996,1.4000000000000004,10.0,10.0,10.0,0.0,0.0,0.0,0.0,0.0,0.0,0.0,4.0,4.0,4.0,0.0,0.0,0.0,0.0,0.0,0.0,0.0,4.0,4.0,4.0,0.0,0.0
20,4,5,5,0.2,0.2,0.3,dense,True,20,20,20,4,5,15,17,Shared MILP,validity_full_harmful_sequence_per_prompt,radius_derived,5,"0,10,20,30,40",0.0,0.0,0.0,0.0,0.0,1.0,1.0,1.0,0.0,0.0,9.55,8.75,10.0,0.8000000000000007,0.4499999999999993,9.8,9.0,10.0,0.8000000000000007,0.1999999999999993,8.6,7.0,10.0,1.5999999999999996,1.4000000000000004,10.0,10.0,10.0,0.0,0.0,0.0,0.0,0.0,0.0,0.0,4.0,4.0,4.0,0.0,0.0,0.0,0.0,0.0,0.0,0.0,4.0,4.0,4.0,0.0,0.0
20,4,5,5,0.2,0.2,0.3,dense,True,20,20,20,4,5,15,18,Shared MILP,validity_full_harmful_sequence_per_prompt,radius_derived,5,"0,10,20,30,40",0.0,0.0,0.0,0.0,0.0,1.0,1.0,1.0,0.0,0.0,9.55,8.75,10.0,0.8000000000000007,0.4499999999999993,9.8,9.0,10.0,0.8000000000000007,0.1999999999999993,8.6,7.0,10.0,1.5999999999999996,1.4000000000000004,10.0,10.0,10.0,0.0,0.0,0.0,0.0,0.0,0.0,0.0,4.0,4.0,4.0,0.0,0.0,0.0,0.0,0.0,0.0,0.0,4.0,4.0,4.0,0.0,0.0
20,4,5,5,0.2,0.2,0.3,dense,True,20,20,20,4,5,15,19,Shared MILP,validity_full_harmful_sequence_per_prompt,radius_derived,5,"0,10,20,30,40",0.0,0.0,0.0,0.0,0.0,1.0,1.0,1.0,0.0,0.0,9.55,8.75,10.0,0.8000000000000007,0.4499999999999993,9.8,9.0,10.0,0.8000000000000007,0.1999999999999993,8.6,7.0,10.0,1.5999999999999996,1.4000000000000004,10.0,10.0,10.0,0.0,0.0,0.0,0.0,0.0,0.0,0.0,4.0,4.0,4.0,0.0,0.0,0.0,0.0,0.0,0.0,0.0,4.0,4.0,4.0,0.0,0.0
20,4,5,5,0.2,0.2,0.3,dense,True,20,20,20,4,5,15,20,Shared MILP,validity_full_harmful_sequence_per_prompt,radius_derived,5,"0,10,20,30,40",0.0,0.0,0.0,0.0,0.0,1.0,1.0,1.0,0.0,0.0,9.55,8.75,10.0,0.8000000000000007,0.4499999999999993,9.8,9.0,10.0,0.8000000000000007,0.1999999999999993,8.6,7.0,10.0,1.5999999999999996,1.4000000000000004,10.0,10.0,10.0,0.0,0.0,0.0,0.0,0.0,0.0,0.0,4.0,4.0,4.0,0.0,0.0,0.0,0.0,0.0,0.0,0.0,4.0,4.0,4.0,0.0,0.0
20,4,5,5,0.2,0.2,0.3,dense,True,20,20,20,4,5,15,0,Atomic phrase aggregation,validity_full_harmful_sequence_per_prompt,radius_derived,5,"0,10,20,30,40",1.0,1.0,1.0,0.0,0.0,0.0,0.0,0.0,0.0,0.0,4.75,4.0,5.5,0.75,0.75,4.4,4.0,5.0,0.40000000000000036,0.5999999999999996,3.0,2.0,4.0,1.0,1.0,7.2,6.0,9.0,1.2000000000000002,1.7999999999999998,4.0,4.0,4.0,0.0,0.0,4.0,4.0,4.0,0.0,0.0,0.0,0.0,0.0,0.0,0.0,4.0,4.0,4.0,0.0,0.0
20,4,5,5,0.2,0.2,0.3,dense,True,20,20,20,4,5,15,1,Atomic phrase aggregation,validity_full_harmful_sequence_per_prompt,radius_derived,5,"0,10,20,30,40",1.0,1.0,1.0,0.0,0.0,0.0,0.0,0.0,0.0,0.0,4.75,4.0,5.5,0.75,0.75,4.4,4.0,5.0,0.40000000000000036,0.5999999999999996,3.0,2.0,4.0,1.0,1.0,7.2,6.0,9.0,1.2000000000000002,1.7999999999999998,4.0,4.0,4.0,0.0,0.0,4.0,4.0,4.0,0.0,0.0,0.0,0.0,0.0,0.0,0.0,4.0,4.0,4.0,0.0,0.0
20,4,5,5,0.2,0.2,0.3,dense,True,20,20,20,4,5,15,2,Atomic phrase aggregation,validity_full_harmful_sequence_per_prompt,radius_derived,5,"0,10,20,30,40",0.9,0.75,1.0,0.15000000000000002,0.09999999999999998,0.1,0.0,0.25,0.1,0.15,4.75,4.0,5.5,0.75,0.75,4.4,4.0,5.0,0.40000000000000036,0.5999999999999996,3.0,2.0,4.0,1.0,1.0,7.2,6.0,9.0,1.2000000000000002,1.7999999999999998,3.6,3.0,4.0,0.6000000000000001,0.3999999999999999,4.0,4.0,4.0,0.0,0.0,0.0,0.0,0.0,0.0,0.0,4.0,4.0,4.0,0.0,0.0
20,4,5,5,0.2,0.2,0.3,dense,True,20,20,20,4,5,15,3,Atomic phrase aggregation,validity_full_harmful_sequence_per_prompt,radius_derived,5,"0,10,20,30,40",0.8,0.5,1.0,0.30000000000000004,0.19999999999999996,0.2,0.0,0.5,0.2,0.3,4.75,4.0,5.5,0.75,0.75,4.4,4.0,5.0,0.40000000000000036,0.5999999999999996,3.0,2.0,4.0,1.0,1.0,7.2,6.0,9.0,1.2000000000000002,1.7999999999999998,3.2,2.0,4.0,1.2000000000000002,0.7999999999999998,4.0,4.0,4.0,0.0,0.0,0.0,0.0,0.0,0.0,0.0,4.0,4.0,4.0,0.0,0.0
20,4,5,5,0.2,0.2,0.3,dense,True,20,20,20,4,5,15,4,Atomic phrase aggregation,validity_full_harmful_sequence_per_prompt,radius_derived,5,"0,10,20,30,40",0.5,0.25,0.75,0.25,0.25,0.5,0.25,0.75,0.25,0.25,4.75,4.0,5.5,0.75,0.75,4.4,4.0,5.0,0.40000000000000036,0.5999999999999996,3.0,2.0,4.0,1.0,1.0,7.2,6.0,9.0,1.2000000000000002,1.7999999999999998,2.0,1.0,3.0,1.0,1.0,4.0,4.0,4.0,0.0,0.0,0.0,0.0,0.0,0.0,0.0,4.0,4.0,4.0,0.0,0.0
20,4,5,5,0.2,0.2,0.3,dense,True,20,20,20,4,5,15,5,Atomic phrase aggregation,validity_full_harmful_sequence_per_prompt,radius_derived,5,"0,10,20,30,40",0.25,0.25,0.25,0.0,0.0,0.75,0.75,0.75,0.0,0.0,4.75,4.0,5.5,0.75,0.75,4.4,4.0,5.0,0.40000000000000036,0.5999999999999996,3.0,2.0,4.0,1.0,1.0,7.2,6.0,9.0,1.2000000000000002,1.7999999999999998,1.0,1.0,1.0,0.0,0.0,4.0,4.0,4.0,0.0,0.0,0.0,0.0,0.0,0.0,0.0,4.0,4.0,4.0,0.0,0.0
20,4,5,5,0.2,0.2,0.3,dense,True,20,20,20,4,5,15,6,Atomic phrase aggregation,validity_full_harmful_sequence_per_prompt,radius_derived,5,"0,10,20,30,40",0.2,0.0,0.25,0.2,0.04999999999999999,0.8,0.75,1.0,0.050000000000000044,0.19999999999999996,4.75,4.0,5.5,0.75,0.75,4.4,4.0,5.0,0.40000000000000036,0.5999999999999996,3.0,2.0,4.0,1.0,1.0,7.2,6.0,9.0,1.2000000000000002,1.7999999999999998,0.8,0.0,1.0,0.8,0.19999999999999996,4.0,4.0,4.0,0.0,0.0,0.0,0.0,0.0,0.0,0.0,4.0,4.0,4.0,0.0,0.0
20,4,5,5,0.2,0.2,0.3,dense,True,20,20,20,4,5,15,7,Atomic phrase aggregation,validity_full_harmful_sequence_per_prompt,radius_derived,5,"0,10,20,30,40",0.05,0.0,0.25,0.05,0.2,0.95,0.75,1.0,0.19999999999999996,0.050000000000000044,4.75,4.0,5.5,0.75,0.75,4.4,4.0,5.0,0.40000000000000036,0.5999999999999996,3.0,2.0,4.0,1.0,1.0,7.2,6.0,9.0,1.2000000000000002,1.7999999999999998,0.2,0.0,1.0,0.2,0.8,4.0,4.0,4.0,0.0,0.0,0.0,0.0,0.0,0.0,0.0,4.0,4.0,4.0,0.0,0.0
20,4,5,5,0.2,0.2,0.3,dense,True,20,20,20,4,5,15,8,Atomic phrase aggregation,validity_full_harmful_sequence_per_prompt,radius_derived,5,"0,10,20,30,40",0.05,0.0,0.25,0.05,0.2,0.95,0.75,1.0,0.19999999999999996,0.050000000000000044,4.75,4.0,5.5,0.75,0.75,4.4,4.0,5.0,0.40000000000000036,0.5999999999999996,3.0,2.0,4.0,1.0,1.0,7.2,6.0,9.0,1.2000000000000002,1.7999999999999998,0.2,0.0,1.0,0.2,0.8,4.0,4.0,4.0,0.0,0.0,0.0,0.0,0.0,0.0,0.0,4.0,4.0,4.0,0.0,0.0
20,4,5,5,0.2,0.2,0.3,dense,True,20,20,20,4,5,15,9,Atomic phrase aggregation,validity_full_harmful_sequence_per_prompt,radius_derived,5,"0,10,20,30,40",0.0,0.0,0.0,0.0,0.0,1.0,1.0,1.0,0.0,0.0,4.75,4.0,5.5,0.75,0.75,4.4,4.0,5.0,0.40000000000000036,0.5999999999999996,3.0,2.0,4.0,1.0,1.0,7.2,6.0,9.0,1.2000000000000002,1.7999999999999998,0.0,0.0,0.0,0.0,0.0,4.0,4.0,4.0,0.0,0.0,0.0,0.0,0.0,0.0,0.0,4.0,4.0,4.0,0.0,0.0
20,4,5,5,0.2,0.2,0.3,dense,True,20,20,20,4,5,15,10,Atomic phrase aggregation,validity_full_harmful_sequence_per_prompt,radius_derived,5,"0,10,20,30,40",0.0,0.0,0.0,0.0,0.0,1.0,1.0,1.0,0.0,0.0,4.75,4.0,5.5,0.75,0.75,4.4,4.0,5.0,0.40000000000000036,0.5999999999999996,3.0,2.0,4.0,1.0,1.0,7.2,6.0,9.0,1.2000000000000002,1.7999999999999998,0.0,0.0,0.0,0.0,0.0,4.0,4.0,4.0,0.0,0.0,0.0,0.0,0.0,0.0,0.0,4.0,4.0,4.0,0.0,0.0
20,4,5,5,0.2,0.2,0.3,dense,True,20,20,20,4,5,15,11,Atomic phrase aggregation,validity_full_harmful_sequence_per_prompt,radius_derived,5,"0,10,20,30,40",0.0,0.0,0.0,0.0,0.0,1.0,1.0,1.0,0.0,0.0,4.75,4.0,5.5,0.75,0.75,4.4,4.0,5.0,0.40000000000000036,0.5999999999999996,3.0,2.0,4.0,1.0,1.0,7.2,6.0,9.0,1.2000000000000002,1.7999999999999998,0.0,0.0,0.0,0.0,0.0,4.0,4.0,4.0,0.0,0.0,0.0,0.0,0.0,0.0,0.0,4.0,4.0,4.0,0.0,0.0
20,4,5,5,0.2,0.2,0.3,dense,True,20,20,20,4,5,15,12,Atomic phrase aggregation,validity_full_harmful_sequence_per_prompt,radius_derived,5,"0,10,20,30,40",0.0,0.0,0.0,0.0,0.0,1.0,1.0,1.0,0.0,0.0,4.75,4.0,5.5,0.75,0.75,4.4,4.0,5.0,0.40000000000000036,0.5999999999999996,3.0,2.0,4.0,1.0,1.0,7.2,6.0,9.0,1.2000000000000002,1.7999999999999998,0.0,0.0,0.0,0.0,0.0,4.0,4.0,4.0,0.0,0.0,0.0,0.0,0.0,0.0,0.0,4.0,4.0,4.0,0.0,0.0
20,4,5,5,0.2,0.2,0.3,dense,True,20,20,20,4,5,15,13,Atomic phrase aggregation,validity_full_harmful_sequence_per_prompt,radius_derived,5,"0,10,20,30,40",0.0,0.0,0.0,0.0,0.0,1.0,1.0,1.0,0.0,0.0,4.75,4.0,5.5,0.75,0.75,4.4,4.0,5.0,0.40000000000000036,0.5999999999999996,3.0,2.0,4.0,1.0,1.0,7.2,6.0,9.0,1.2000000000000002,1.7999999999999998,0.0,0.0,0.0,0.0,0.0,4.0,4.0,4.0,0.0,0.0,0.0,0.0,0.0,0.0,0.0,4.0,4.0,4.0,0.0,0.0
20,4,5,5,0.2,0.2,0.3,dense,True,20,20,20,4,5,15,14,Atomic phrase aggregation,validity_full_harmful_sequence_per_prompt,radius_derived,5,"0,10,20,30,40",0.0,0.0,0.0,0.0,0.0,1.0,1.0,1.0,0.0,0.0,4.75,4.0,5.5,0.75,0.75,4.4,4.0,5.0,0.40000000000000036,0.5999999999999996,3.0,2.0,4.0,1.0,1.0,7.2,6.0,9.0,1.2000000000000002,1.7999999999999998,0.0,0.0,0.0,0.0,0.0,4.0,4.0,4.0,0.0,0.0,0.0,0.0,0.0,0.0,0.0,4.0,4.0,4.0,0.0,0.0
20,4,5,5,0.2,0.2,0.3,dense,True,20,20,20,4,5,15,15,Atomic phrase aggregation,validity_full_harmful_sequence_per_prompt,radius_derived,5,"0,10,20,30,40",0.0,0.0,0.0,0.0,0.0,1.0,1.0,1.0,0.0,0.0,4.75,4.0,5.5,0.75,0.75,4.4,4.0,5.0,0.40000000000000036,0.5999999999999996,3.0,2.0,4.0,1.0,1.0,7.2,6.0,9.0,1.2000000000000002,1.7999999999999998,0.0,0.0,0.0,0.0,0.0,4.0,4.0,4.0,0.0,0.0,0.0,0.0,0.0,0.0,0.0,4.0,4.0,4.0,0.0,0.0
20,4,5,5,0.2,0.2,0.3,dense,True,20,20,20,4,5,15,16,Atomic phrase aggregation,validity_full_harmful_sequence_per_prompt,radius_derived,5,"0,10,20,30,40",0.0,0.0,0.0,0.0,0.0,1.0,1.0,1.0,0.0,0.0,4.75,4.0,5.5,0.75,0.75,4.4,4.0,5.0,0.40000000000000036,0.5999999999999996,3.0,2.0,4.0,1.0,1.0,7.2,6.0,9.0,1.2000000000000002,1.7999999999999998,0.0,0.0,0.0,0.0,0.0,4.0,4.0,4.0,0.0,0.0,0.0,0.0,0.0,0.0,0.0,4.0,4.0,4.0,0.0,0.0
20,4,5,5,0.2,0.2,0.3,dense,True,20,20,20,4,5,15,17,Atomic phrase aggregation,validity_full_harmful_sequence_per_prompt,radius_derived,5,"0,10,20,30,40",0.0,0.0,0.0,0.0,0.0,1.0,1.0,1.0,0.0,0.0,4.75,4.0,5.5,0.75,0.75,4.4,4.0,5.0,0.40000000000000036,0.5999999999999996,3.0,2.0,4.0,1.0,1.0,7.2,6.0,9.0,1.2000000000000002,1.7999999999999998,0.0,0.0,0.0,0.0,0.0,4.0,4.0,4.0,0.0,0.0,0.0,0.0,0.0,0.0,0.0,4.0,4.0,4.0,0.0,0.0
20,4,5,5,0.2,0.2,0.3,dense,True,20,20,20,4,5,15,18,Atomic phrase aggregation,validity_full_harmful_sequence_per_prompt,radius_derived,5,"0,10,20,30,40",0.0,0.0,0.0,0.0,0.0,1.0,1.0,1.0,0.0,0.0,4.75,4.0,5.5,0.75,0.75,4.4,4.0,5.0,0.40000000000000036,0.5999999999999996,3.0,2.0,4.0,1.0,1.0,7.2,6.0,9.0,1.2000000000000002,1.7999999999999998,0.0,0.0,0.0,0.0,0.0,4.0,4.0,4.0,0.0,0.0,0.0,0.0,0.0,0.0,0.0,4.0,4.0,4.0,0.0,0.0
20,4,5,5,0.2,0.2,0.3,dense,True,20,20,20,4,5,15,19,Atomic phrase aggregation,validity_full_harmful_sequence_per_prompt,radius_derived,5,"0,10,20,30,40",0.0,0.0,0.0,0.0,0.0,1.0,1.0,1.0,0.0,0.0,4.75,4.0,5.5,0.75,0.75,4.4,4.0,5.0,0.40000000000000036,0.5999999999999996,3.0,2.0,4.0,1.0,1.0,7.2,6.0,9.0,1.2000000000000002,1.7999999999999998,0.0,0.0,0.0,0.0,0.0,4.0,4.0,4.0,0.0,0.0,0.0,0.0,0.0,0.0,0.0,4.0,4.0,4.0,0.0,0.0
20,4,5,5,0.2,0.2,0.3,dense,True,20,20,20,4,5,15,20,Atomic phrase aggregation,validity_full_harmful_sequence_per_prompt,radius_derived,5,"0,10,20,30,40",0.0,0.0,0.0,0.0,0.0,1.0,1.0,1.0,0.0,0.0,4.75,4.0,5.5,0.75,0.75,4.4,4.0,5.0,0.40000000000000036,0.5999999999999996,3.0,2.0,4.0,1.0,1.0,7.2,6.0,9.0,1.2000000000000002,1.7999999999999998,0.0,0.0,0.0,0.0,0.0,4.0,4.0,4.0,0.0,0.0,0.0,0.0,0.0,0.0,0.0,4.0,4.0,4.0,0.0,0.0
20,4,5,5,0.2,0.2,0.3,dense,True,20,20,20,4,5,15,0,Independent shard-aware composition diagnostic,validity_full_harmful_sequence_per_prompt,radius_derived,5,"0,10,20,30,40",1.0,1.0,1.0,0.0,0.0,0.0,0.0,0.0,0.0,0.0,28.75,25.25,31.75,3.5,3.0,29.4,24.5,34.5,4.899999999999999,5.100000000000001,16.2,10.0,24.0,6.199999999999999,7.800000000000001,40.0,37.0,43.0,3.0,3.0,4.0,4.0,4.0,0.0,0.0,4.0,4.0,4.0,0.0,0.0,0.0,0.0,0.0,0.0,0.0,4.0,4.0,4.0,0.0,0.0
20,4,5,5,0.2,0.2,0.3,dense,True,20,20,20,4,5,15,1,Independent shard-aware composition diagnostic,validity_full_harmful_sequence_per_prompt,radius_derived,5,"0,10,20,30,40",1.0,1.0,1.0,0.0,0.0,0.0,0.0,0.0,0.0,0.0,28.75,25.25,31.75,3.5,3.0,29.4,24.5,34.5,4.899999999999999,5.100000000000001,16.2,10.0,24.0,6.199999999999999,7.800000000000001,40.0,37.0,43.0,3.0,3.0,4.0,4.0,4.0,0.0,0.0,4.0,4.0,4.0,0.0,0.0,0.0,0.0,0.0,0.0,0.0,4.0,4.0,4.0,0.0,0.0
20,4,5,5,0.2,0.2,0.3,dense,True,20,20,20,4,5,15,2,Independent shard-aware composition diagnostic,validity_full_harmful_sequence_per_prompt,radius_derived,5,"0,10,20,30,40",1.0,1.0,1.0,0.0,0.0,0.0,0.0,0.0,0.0,0.0,28.75,25.25,31.75,3.5,3.0,29.4,24.5,34.5,4.899999999999999,5.100000000000001,16.2,10.0,24.0,6.199999999999999,7.800000000000001,40.0,37.0,43.0,3.0,3.0,4.0,4.0,4.0,0.0,0.0,4.0,4.0,4.0,0.0,0.0,0.0,0.0,0.0,0.0,0.0,4.0,4.0,4.0,0.0,0.0
20,4,5,5,0.2,0.2,0.3,dense,True,20,20,20,4,5,15,3,Independent shard-aware composition diagnostic,validity_full_harmful_sequence_per_prompt,radius_derived,5,"0,10,20,30,40",1.0,1.0,1.0,0.0,0.0,0.0,0.0,0.0,0.0,0.0,28.75,25.25,31.75,3.5,3.0,29.4,24.5,34.5,4.899999999999999,5.100000000000001,16.2,10.0,24.0,6.199999999999999,7.800000000000001,40.0,37.0,43.0,3.0,3.0,4.0,4.0,4.0,0.0,0.0,4.0,4.0,4.0,0.0,0.0,0.0,0.0,0.0,0.0,0.0,4.0,4.0,4.0,0.0,0.0
20,4,5,5,0.2,0.2,0.3,dense,True,20,20,20,4,5,15,4,Independent shard-aware composition diagnostic,validity_full_harmful_sequence_per_prompt,radius_derived,5,"0,10,20,30,40",1.0,1.0,1.0,0.0,0.0,0.0,0.0,0.0,0.0,0.0,28.75,25.25,31.75,3.5,3.0,29.4,24.5,34.5,4.899999999999999,5.100000000000001,16.2,10.0,24.0,6.199999999999999,7.800000000000001,40.0,37.0,43.0,3.0,3.0,4.0,4.0,4.0,0.0,0.0,4.0,4.0,4.0,0.0,0.0,0.0,0.0,0.0,0.0,0.0,4.0,4.0,4.0,0.0,0.0
20,4,5,5,0.2,0.2,0.3,dense,True,20,20,20,4,5,15,5,Independent shard-aware composition diagnostic,validity_full_harmful_sequence_per_prompt,radius_derived,5,"0,10,20,30,40",1.0,1.0,1.0,0.0,0.0,0.0,0.0,0.0,0.0,0.0,28.75,25.25,31.75,3.5,3.0,29.4,24.5,34.5,4.899999999999999,5.100000000000001,16.2,10.0,24.0,6.199999999999999,7.800000000000001,40.0,37.0,43.0,3.0,3.0,4.0,4.0,4.0,0.0,0.0,4.0,4.0,4.0,0.0,0.0,0.0,0.0,0.0,0.0,0.0,4.0,4.0,4.0,0.0,0.0
20,4,5,5,0.2,0.2,0.3,dense,True,20,20,20,4,5,15,6,Independent shard-aware composition diagnostic,validity_full_harmful_sequence_per_prompt,radius_derived,5,"0,10,20,30,40",1.0,1.0,1.0,0.0,0.0,0.0,0.0,0.0,0.0,0.0,28.75,25.25,31.75,3.5,3.0,29.4,24.5,34.5,4.899999999999999,5.100000000000001,16.2,10.0,24.0,6.199999999999999,7.800000000000001,40.0,37.0,43.0,3.0,3.0,4.0,4.0,4.0,0.0,0.0,4.0,4.0,4.0,0.0,0.0,0.0,0.0,0.0,0.0,0.0,4.0,4.0,4.0,0.0,0.0
20,4,5,5,0.2,0.2,0.3,dense,True,20,20,20,4,5,15,7,Independent shard-aware composition diagnostic,validity_full_harmful_sequence_per_prompt,radius_derived,5,"0,10,20,30,40",1.0,1.0,1.0,0.0,0.0,0.0,0.0,0.0,0.0,0.0,28.75,25.25,31.75,3.5,3.0,29.4,24.5,34.5,4.899999999999999,5.100000000000001,16.2,10.0,24.0,6.199999999999999,7.800000000000001,40.0,37.0,43.0,3.0,3.0,4.0,4.0,4.0,0.0,0.0,4.0,4.0,4.0,0.0,0.0,0.0,0.0,0.0,0.0,0.0,4.0,4.0,4.0,0.0,0.0
20,4,5,5,0.2,0.2,0.3,dense,True,20,20,20,4,5,15,8,Independent shard-aware composition diagnostic,validity_full_harmful_sequence_per_prompt,radius_derived,5,"0,10,20,30,40",1.0,1.0,1.0,0.0,0.0,0.0,0.0,0.0,0.0,0.0,28.75,25.25,31.75,3.5,3.0,29.4,24.5,34.5,4.899999999999999,5.100000000000001,16.2,10.0,24.0,6.199999999999999,7.800000000000001,40.0,37.0,43.0,3.0,3.0,4.0,4.0,4.0,0.0,0.0,4.0,4.0,4.0,0.0,0.0,0.0,0.0,0.0,0.0,0.0,4.0,4.0,4.0,0.0,0.0
20,4,5,5,0.2,0.2,0.3,dense,True,20,20,20,4,5,15,9,Independent shard-aware composition diagnostic,validity_full_harmful_sequence_per_prompt,radius_derived,5,"0,10,20,30,40",1.0,1.0,1.0,0.0,0.0,0.0,0.0,0.0,0.0,0.0,28.75,25.25,31.75,3.5,3.0,29.4,24.5,34.5,4.899999999999999,5.100000000000001,16.2,10.0,24.0,6.199999999999999,7.800000000000001,40.0,37.0,43.0,3.0,3.0,4.0,4.0,4.0,0.0,0.0,4.0,4.0,4.0,0.0,0.0,0.0,0.0,0.0,0.0,0.0,4.0,4.0,4.0,0.0,0.0
20,4,5,5,0.2,0.2,0.3,dense,True,20,20,20,4,5,15,10,Independent shard-aware composition diagnostic,validity_full_harmful_sequence_per_prompt,radius_derived,5,"0,10,20,30,40",0.95,0.75,1.0,0.19999999999999996,0.050000000000000044,0.05,0.0,0.25,0.05,0.2,28.75,25.25,31.75,3.5,3.0,29.4,24.5,34.5,4.899999999999999,5.100000000000001,16.2,10.0,24.0,6.199999999999999,7.800000000000001,40.0,37.0,43.0,3.0,3.0,3.8,3.0,4.0,0.7999999999999998,0.20000000000000018,4.0,4.0,4.0,0.0,0.0,0.0,0.0,0.0,0.0,0.0,4.0,4.0,4.0,0.0,0.0
20,4,5,5,0.2,0.2,0.3,dense,True,20,20,20,4,5,15,11,Independent shard-aware composition diagnostic,validity_full_harmful_sequence_per_prompt,radius_derived,5,"0,10,20,30,40",0.95,0.75,1.0,0.19999999999999996,0.050000000000000044,0.05,0.0,0.25,0.05,0.2,28.75,25.25,31.75,3.5,3.0,29.4,24.5,34.5,4.899999999999999,5.100000000000001,16.2,10.0,24.0,6.199999999999999,7.800000000000001,40.0,37.0,43.0,3.0,3.0,3.8,3.0,4.0,0.7999999999999998,0.20000000000000018,4.0,4.0,4.0,0.0,0.0,0.0,0.0,0.0,0.0,0.0,4.0,4.0,4.0,0.0,0.0
20,4,5,5,0.2,0.2,0.3,dense,True,20,20,20,4,5,15,12,Independent shard-aware composition diagnostic,validity_full_harmful_sequence_per_prompt,radius_derived,5,"0,10,20,30,40",0.9,0.75,1.0,0.15000000000000002,0.09999999999999998,0.1,0.0,0.25,0.1,0.15,28.75,25.25,31.75,3.5,3.0,29.4,24.5,34.5,4.899999999999999,5.100000000000001,16.2,10.0,24.0,6.199999999999999,7.800000000000001,40.0,37.0,43.0,3.0,3.0,3.6,3.0,4.0,0.6000000000000001,0.3999999999999999,4.0,4.0,4.0,0.0,0.0,0.0,0.0,0.0,0.0,0.0,4.0,4.0,4.0,0.0,0.0
20,4,5,5,0.2,0.2,0.3,dense,True,20,20,20,4,5,15,13,Independent shard-aware composition diagnostic,validity_full_harmful_sequence_per_prompt,radius_derived,5,"0,10,20,30,40",0.9,0.75,1.0,0.15000000000000002,0.09999999999999998,0.1,0.0,0.25,0.1,0.15,28.75,25.25,31.75,3.5,3.0,29.4,24.5,34.5,4.899999999999999,5.100000000000001,16.2,10.0,24.0,6.199999999999999,7.800000000000001,40.0,37.0,43.0,3.0,3.0,3.6,3.0,4.0,0.6000000000000001,0.3999999999999999,4.0,4.0,4.0,0.0,0.0,0.0,0.0,0.0,0.0,0.0,4.0,4.0,4.0,0.0,0.0
20,4,5,5,0.2,0.2,0.3,dense,True,20,20,20,4,5,15,14,Independent shard-aware composition diagnostic,validity_full_harmful_sequence_per_prompt,radius_derived,5,"0,10,20,30,40",0.9,0.75,1.0,0.15000000000000002,0.09999999999999998,0.1,0.0,0.25,0.1,0.15,28.75,25.25,31.75,3.5,3.0,29.4,24.5,34.5,4.899999999999999,5.100000000000001,16.2,10.0,24.0,6.199999999999999,7.800000000000001,40.0,37.0,43.0,3.0,3.0,3.6,3.0,4.0,0.6000000000000001,0.3999999999999999,4.0,4.0,4.0,0.0,0.0,0.0,0.0,0.0,0.0,0.0,4.0,4.0,4.0,0.0,0.0
20,4,5,5,0.2,0.2,0.3,dense,True,20,20,20,4,5,15,15,Independent shard-aware composition diagnostic,validity_full_harmful_sequence_per_prompt,radius_derived,5,"0,10,20,30,40",0.85,0.75,1.0,0.09999999999999998,0.15000000000000002,0.15,0.0,0.25,0.15,0.1,28.75,25.25,31.75,3.5,3.0,29.4,24.5,34.5,4.899999999999999,5.100000000000001,16.2,10.0,24.0,6.199999999999999,7.800000000000001,40.0,37.0,43.0,3.0,3.0,3.4,3.0,4.0,0.3999999999999999,0.6000000000000001,4.0,4.0,4.0,0.0,0.0,0.0,0.0,0.0,0.0,0.0,4.0,4.0,4.0,0.0,0.0
20,4,5,5,0.2,0.2,0.3,dense,True,20,20,20,4,5,15,16,Independent shard-aware composition diagnostic,validity_full_harmful_sequence_per_prompt,radius_derived,5,"0,10,20,30,40",0.85,0.75,1.0,0.09999999999999998,0.15000000000000002,0.15,0.0,0.25,0.15,0.1,28.75,25.25,31.75,3.5,3.0,29.4,24.5,34.5,4.899999999999999,5.100000000000001,16.2,10.0,24.0,6.199999999999999,7.800000000000001,40.0,37.0,43.0,3.0,3.0,3.4,3.0,4.0,0.3999999999999999,0.6000000000000001,4.0,4.0,4.0,0.0,0.0,0.0,0.0,0.0,0.0,0.0,4.0,4.0,4.0,0.0,0.0
20,4,5,5,0.2,0.2,0.3,dense,True,20,20,20,4,5,15,17,Independent shard-aware composition diagnostic,validity_full_harmful_sequence_per_prompt,radius_derived,5,"0,10,20,30,40",0.85,0.75,1.0,0.09999999999999998,0.15000000000000002,0.15,0.0,0.25,0.15,0.1,28.75,25.25,31.75,3.5,3.0,29.4,24.5,34.5,4.899999999999999,5.100000000000001,16.2,10.0,24.0,6.199999999999999,7.800000000000001,40.0,37.0,43.0,3.0,3.0,3.4,3.0,4.0,0.3999999999999999,0.6000000000000001,4.0,4.0,4.0,0.0,0.0,0.0,0.0,0.0,0.0,0.0,4.0,4.0,4.0,0.0,0.0
20,4,5,5,0.2,0.2,0.3,dense,True,20,20,20,4,5,15,18,Independent shard-aware composition diagnostic,validity_full_harmful_sequence_per_prompt,radius_derived,5,"0,10,20,30,40",0.85,0.75,1.0,0.09999999999999998,0.15000000000000002,0.15,0.0,0.25,0.15,0.1,28.75,25.25,31.75,3.5,3.0,29.4,24.5,34.5,4.899999999999999,5.100000000000001,16.2,10.0,24.0,6.199999999999999,7.800000000000001,40.0,37.0,43.0,3.0,3.0,3.4,3.0,4.0,0.3999999999999999,0.6000000000000001,4.0,4.0,4.0,0.0,0.0,0.0,0.0,0.0,0.0,0.0,4.0,4.0,4.0,0.0,0.0
20,4,5,5,0.2,0.2,0.3,dense,True,20,20,20,4,5,15,19,Independent shard-aware composition diagnostic,validity_full_harmful_sequence_per_prompt,radius_derived,5,"0,10,20,30,40",0.8,0.5,1.0,0.30000000000000004,0.19999999999999996,0.2,0.0,0.5,0.2,0.3,28.75,25.25,31.75,3.5,3.0,29.4,24.5,34.5,4.899999999999999,5.100000000000001,16.2,10.0,24.0,6.199999999999999,7.800000000000001,40.0,37.0,43.0,3.0,3.0,3.2,2.0,4.0,1.2000000000000002,0.7999999999999998,4.0,4.0,4.0,0.0,0.0,0.0,0.0,0.0,0.0,0.0,4.0,4.0,4.0,0.0,0.0
20,4,5,5,0.2,0.2,0.3,dense,True,20,20,20,4,5,15,20,Independent shard-aware composition diagnostic,validity_full_harmful_sequence_per_prompt,radius_derived,5,"0,10,20,30,40",0.7,0.5,1.0,0.19999999999999996,0.30000000000000004,0.3,0.0,0.5,0.3,0.2,28.75,25.25,31.75,3.5,3.0,29.4,24.5,34.5,4.899999999999999,5.100000000000001,16.2,10.0,24.0,6.199999999999999,7.800000000000001,40.0,37.0,43.0,3.0,3.0,2.8,2.0,4.0,0.7999999999999998,1.2000000000000002,4.0,4.0,4.0,0.0,0.0,0.0,0.0,0.0,0.0,0.0,4.0,4.0,4.0,0.0,0.0
20,4,5,7,0.2,0.2,0.3,dense,True,20,20,20,4,5,15,0,DPA token margin,full_response_stable_against_any_token_change,radius_derived,5,"0,10,20,30,40",1.0,1.0,1.0,0.0,0.0,0.0,0.0,0.0,0.0,0.0,6.6,6.0,7.0,0.5999999999999996,0.40000000000000036,6.3,5.5,7.0,0.7999999999999998,0.7000000000000002,5.6,4.0,6.0,1.5999999999999996,0.40000000000000036,8.2,7.0,9.0,1.1999999999999993,0.8000000000000007,4.0,4.0,4.0,0.0,0.0,4.0,4.0,4.0,0.0,0.0,0.0,0.0,0.0,0.0,0.0,4.0,4.0,4.0,0.0,0.0
20,4,5,7,0.2,0.2,0.3,dense,True,20,20,20,4,5,15,1,DPA token margin,full_response_stable_against_any_token_change,radius_derived,5,"0,10,20,30,40",1.0,1.0,1.0,0.0,0.0,0.0,0.0,0.0,0.0,0.0,6.6,6.0,7.0,0.5999999999999996,0.40000000000000036,6.3,5.5,7.0,0.7999999999999998,0.7000000000000002,5.6,4.0,6.0,1.5999999999999996,0.40000000000000036,8.2,7.0,9.0,1.1999999999999993,0.8000000000000007,4.0,4.0,4.0,0.0,0.0,4.0,4.0,4.0,0.0,0.0,0.0,0.0,0.0,0.0,0.0,4.0,4.0,4.0,0.0,0.0
20,4,5,7,0.2,0.2,0.3,dense,True,20,20,20,4,5,15,2,DPA token margin,full_response_stable_against_any_token_change,radius_derived,5,"0,10,20,30,40",1.0,1.0,1.0,0.0,0.0,0.0,0.0,0.0,0.0,0.0,6.6,6.0,7.0,0.5999999999999996,0.40000000000000036,6.3,5.5,7.0,0.7999999999999998,0.7000000000000002,5.6,4.0,6.0,1.5999999999999996,0.40000000000000036,8.2,7.0,9.0,1.1999999999999993,0.8000000000000007,4.0,4.0,4.0,0.0,0.0,4.0,4.0,4.0,0.0,0.0,0.0,0.0,0.0,0.0,0.0,4.0,4.0,4.0,0.0,0.0
20,4,5,7,0.2,0.2,0.3,dense,True,20,20,20,4,5,15,3,DPA token margin,full_response_stable_against_any_token_change,radius_derived,5,"0,10,20,30,40",1.0,1.0,1.0,0.0,0.0,0.0,0.0,0.0,0.0,0.0,6.6,6.0,7.0,0.5999999999999996,0.40000000000000036,6.3,5.5,7.0,0.7999999999999998,0.7000000000000002,5.6,4.0,6.0,1.5999999999999996,0.40000000000000036,8.2,7.0,9.0,1.1999999999999993,0.8000000000000007,4.0,4.0,4.0,0.0,0.0,4.0,4.0,4.0,0.0,0.0,0.0,0.0,0.0,0.0,0.0,4.0,4.0,4.0,0.0,0.0
20,4,5,7,0.2,0.2,0.3,dense,True,20,20,20,4,5,15,4,DPA token margin,full_response_stable_against_any_token_change,radius_derived,5,"0,10,20,30,40",0.95,0.75,1.0,0.19999999999999996,0.050000000000000044,0.05,0.0,0.25,0.05,0.2,6.6,6.0,7.0,0.5999999999999996,0.40000000000000036,6.3,5.5,7.0,0.7999999999999998,0.7000000000000002,5.6,4.0,6.0,1.5999999999999996,0.40000000000000036,8.2,7.0,9.0,1.1999999999999993,0.8000000000000007,3.8,3.0,4.0,0.7999999999999998,0.20000000000000018,4.0,4.0,4.0,0.0,0.0,0.0,0.0,0.0,0.0,0.0,4.0,4.0,4.0,0.0,0.0
20,4,5,7,0.2,0.2,0.3,dense,True,20,20,20,4,5,15,5,DPA token margin,full_response_stable_against_any_token_change,radius_derived,5,"0,10,20,30,40",0.9,0.5,1.0,0.4,0.09999999999999998,0.1,0.0,0.5,0.1,0.4,6.6,6.0,7.0,0.5999999999999996,0.40000000000000036,6.3,5.5,7.0,0.7999999999999998,0.7000000000000002,5.6,4.0,6.0,1.5999999999999996,0.40000000000000036,8.2,7.0,9.0,1.1999999999999993,0.8000000000000007,3.6,2.0,4.0,1.6,0.3999999999999999,4.0,4.0,4.0,0.0,0.0,0.0,0.0,0.0,0.0,0.0,4.0,4.0,4.0,0.0,0.0
20,4,5,7,0.2,0.2,0.3,dense,True,20,20,20,4,5,15,6,DPA token margin,full_response_stable_against_any_token_change,radius_derived,5,"0,10,20,30,40",0.4,0.25,0.5,0.15000000000000002,0.09999999999999998,0.6,0.5,0.75,0.09999999999999998,0.15000000000000002,6.6,6.0,7.0,0.5999999999999996,0.40000000000000036,6.3,5.5,7.0,0.7999999999999998,0.7000000000000002,5.6,4.0,6.0,1.5999999999999996,0.40000000000000036,8.2,7.0,9.0,1.1999999999999993,0.8000000000000007,1.6,1.0,2.0,0.6000000000000001,0.3999999999999999,4.0,4.0,4.0,0.0,0.0,0.0,0.0,0.0,0.0,0.0,4.0,4.0,4.0,0.0,0.0
20,4,5,7,0.2,0.2,0.3,dense,True,20,20,20,4,5,15,7,DPA token margin,full_response_stable_against_any_token_change,radius_derived,5,"0,10,20,30,40",0.25,0.0,0.5,0.25,0.25,0.75,0.5,1.0,0.25,0.25,6.6,6.0,7.0,0.5999999999999996,0.40000000000000036,6.3,5.5,7.0,0.7999999999999998,0.7000000000000002,5.6,4.0,6.0,1.5999999999999996,0.40000000000000036,8.2,7.0,9.0,1.1999999999999993,0.8000000000000007,1.0,0.0,2.0,1.0,1.0,4.0,4.0,4.0,0.0,0.0,0.0,0.0,0.0,0.0,0.0,4.0,4.0,4.0,0.0,0.0
20,4,5,7,0.2,0.2,0.3,dense,True,20,20,20,4,5,15,8,DPA token margin,full_response_stable_against_any_token_change,radius_derived,5,"0,10,20,30,40",0.1,0.0,0.25,0.1,0.15,0.9,0.75,1.0,0.15000000000000002,0.09999999999999998,6.6,6.0,7.0,0.5999999999999996,0.40000000000000036,6.3,5.5,7.0,0.7999999999999998,0.7000000000000002,5.6,4.0,6.0,1.5999999999999996,0.40000000000000036,8.2,7.0,9.0,1.1999999999999993,0.8000000000000007,0.4,0.0,1.0,0.4,0.6,4.0,4.0,4.0,0.0,0.0,0.0,0.0,0.0,0.0,0.0,4.0,4.0,4.0,0.0,0.0
20,4,5,7,0.2,0.2,0.3,dense,True,20,20,20,4,5,15,9,DPA token margin,full_response_stable_against_any_token_change,radius_derived,5,"0,10,20,30,40",0.0,0.0,0.0,0.0,0.0,1.0,1.0,1.0,0.0,0.0,6.6,6.0,7.0,0.5999999999999996,0.40000000000000036,6.3,5.5,7.0,0.7999999999999998,0.7000000000000002,5.6,4.0,6.0,1.5999999999999996,0.40000000000000036,8.2,7.0,9.0,1.1999999999999993,0.8000000000000007,0.0,0.0,0.0,0.0,0.0,4.0,4.0,4.0,0.0,0.0,0.0,0.0,0.0,0.0,0.0,4.0,4.0,4.0,0.0,0.0
20,4,5,7,0.2,0.2,0.3,dense,True,20,20,20,4,5,15,10,DPA token margin,full_response_stable_against_any_token_change,radius_derived,5,"0,10,20,30,40",0.0,0.0,0.0,0.0,0.0,1.0,1.0,1.0,0.0,0.0,6.6,6.0,7.0,0.5999999999999996,0.40000000000000036,6.3,5.5,7.0,0.7999999999999998,0.7000000000000002,5.6,4.0,6.0,1.5999999999999996,0.40000000000000036,8.2,7.0,9.0,1.1999999999999993,0.8000000000000007,0.0,0.0,0.0,0.0,0.0,4.0,4.0,4.0,0.0,0.0,0.0,0.0,0.0,0.0,0.0,4.0,4.0,4.0,0.0,0.0
20,4,5,7,0.2,0.2,0.3,dense,True,20,20,20,4,5,15,11,DPA token margin,full_response_stable_against_any_token_change,radius_derived,5,"0,10,20,30,40",0.0,0.0,0.0,0.0,0.0,1.0,1.0,1.0,0.0,0.0,6.6,6.0,7.0,0.5999999999999996,0.40000000000000036,6.3,5.5,7.0,0.7999999999999998,0.7000000000000002,5.6,4.0,6.0,1.5999999999999996,0.40000000000000036,8.2,7.0,9.0,1.1999999999999993,0.8000000000000007,0.0,0.0,0.0,0.0,0.0,4.0,4.0,4.0,0.0,0.0,0.0,0.0,0.0,0.0,0.0,4.0,4.0,4.0,0.0,0.0
20,4,5,7,0.2,0.2,0.3,dense,True,20,20,20,4,5,15,12,DPA token margin,full_response_stable_against_any_token_change,radius_derived,5,"0,10,20,30,40",0.0,0.0,0.0,0.0,0.0,1.0,1.0,1.0,0.0,0.0,6.6,6.0,7.0,0.5999999999999996,0.40000000000000036,6.3,5.5,7.0,0.7999999999999998,0.7000000000000002,5.6,4.0,6.0,1.5999999999999996,0.40000000000000036,8.2,7.0,9.0,1.1999999999999993,0.8000000000000007,0.0,0.0,0.0,0.0,0.0,4.0,4.0,4.0,0.0,0.0,0.0,0.0,0.0,0.0,0.0,4.0,4.0,4.0,0.0,0.0
20,4,5,7,0.2,0.2,0.3,dense,True,20,20,20,4,5,15,13,DPA token margin,full_response_stable_against_any_token_change,radius_derived,5,"0,10,20,30,40",0.0,0.0,0.0,0.0,0.0,1.0,1.0,1.0,0.0,0.0,6.6,6.0,7.0,0.5999999999999996,0.40000000000000036,6.3,5.5,7.0,0.7999999999999998,0.7000000000000002,5.6,4.0,6.0,1.5999999999999996,0.40000000000000036,8.2,7.0,9.0,1.1999999999999993,0.8000000000000007,0.0,0.0,0.0,0.0,0.0,4.0,4.0,4.0,0.0,0.0,0.0,0.0,0.0,0.0,0.0,4.0,4.0,4.0,0.0,0.0
20,4,5,7,0.2,0.2,0.3,dense,True,20,20,20,4,5,15,14,DPA token margin,full_response_stable_against_any_token_change,radius_derived,5,"0,10,20,30,40",0.0,0.0,0.0,0.0,0.0,1.0,1.0,1.0,0.0,0.0,6.6,6.0,7.0,0.5999999999999996,0.40000000000000036,6.3,5.5,7.0,0.7999999999999998,0.7000000000000002,5.6,4.0,6.0,1.5999999999999996,0.40000000000000036,8.2,7.0,9.0,1.1999999999999993,0.8000000000000007,0.0,0.0,0.0,0.0,0.0,4.0,4.0,4.0,0.0,0.0,0.0,0.0,0.0,0.0,0.0,4.0,4.0,4.0,0.0,0.0
20,4,5,7,0.2,0.2,0.3,dense,True,20,20,20,4,5,15,15,DPA token margin,full_response_stable_against_any_token_change,radius_derived,5,"0,10,20,30,40",0.0,0.0,0.0,0.0,0.0,1.0,1.0,1.0,0.0,0.0,6.6,6.0,7.0,0.5999999999999996,0.40000000000000036,6.3,5.5,7.0,0.7999999999999998,0.7000000000000002,5.6,4.0,6.0,1.5999999999999996,0.40000000000000036,8.2,7.0,9.0,1.1999999999999993,0.8000000000000007,0.0,0.0,0.0,0.0,0.0,4.0,4.0,4.0,0.0,0.0,0.0,0.0,0.0,0.0,0.0,4.0,4.0,4.0,0.0,0.0
20,4,5,7,0.2,0.2,0.3,dense,True,20,20,20,4,5,15,16,DPA token margin,full_response_stable_against_any_token_change,radius_derived,5,"0,10,20,30,40",0.0,0.0,0.0,0.0,0.0,1.0,1.0,1.0,0.0,0.0,6.6,6.0,7.0,0.5999999999999996,0.40000000000000036,6.3,5.5,7.0,0.7999999999999998,0.7000000000000002,5.6,4.0,6.0,1.5999999999999996,0.40000000000000036,8.2,7.0,9.0,1.1999999999999993,0.8000000000000007,0.0,0.0,0.0,0.0,0.0,4.0,4.0,4.0,0.0,0.0,0.0,0.0,0.0,0.0,0.0,4.0,4.0,4.0,0.0,0.0
20,4,5,7,0.2,0.2,0.3,dense,True,20,20,20,4,5,15,17,DPA token margin,full_response_stable_against_any_token_change,radius_derived,5,"0,10,20,30,40",0.0,0.0,0.0,0.0,0.0,1.0,1.0,1.0,0.0,0.0,6.6,6.0,7.0,0.5999999999999996,0.40000000000000036,6.3,5.5,7.0,0.7999999999999998,0.7000000000000002,5.6,4.0,6.0,1.5999999999999996,0.40000000000000036,8.2,7.0,9.0,1.1999999999999993,0.8000000000000007,0.0,0.0,0.0,0.0,0.0,4.0,4.0,4.0,0.0,0.0,0.0,0.0,0.0,0.0,0.0,4.0,4.0,4.0,0.0,0.0
20,4,5,7,0.2,0.2,0.3,dense,True,20,20,20,4,5,15,18,DPA token margin,full_response_stable_against_any_token_change,radius_derived,5,"0,10,20,30,40",0.0,0.0,0.0,0.0,0.0,1.0,1.0,1.0,0.0,0.0,6.6,6.0,7.0,0.5999999999999996,0.40000000000000036,6.3,5.5,7.0,0.7999999999999998,0.7000000000000002,5.6,4.0,6.0,1.5999999999999996,0.40000000000000036,8.2,7.0,9.0,1.1999999999999993,0.8000000000000007,0.0,0.0,0.0,0.0,0.0,4.0,4.0,4.0,0.0,0.0,0.0,0.0,0.0,0.0,0.0,4.0,4.0,4.0,0.0,0.0
20,4,5,7,0.2,0.2,0.3,dense,True,20,20,20,4,5,15,19,DPA token margin,full_response_stable_against_any_token_change,radius_derived,5,"0,10,20,30,40",0.0,0.0,0.0,0.0,0.0,1.0,1.0,1.0,0.0,0.0,6.6,6.0,7.0,0.5999999999999996,0.40000000000000036,6.3,5.5,7.0,0.7999999999999998,0.7000000000000002,5.6,4.0,6.0,1.5999999999999996,0.40000000000000036,8.2,7.0,9.0,1.1999999999999993,0.8000000000000007,0.0,0.0,0.0,0.0,0.0,4.0,4.0,4.0,0.0,0.0,0.0,0.0,0.0,0.0,0.0,4.0,4.0,4.0,0.0,0.0
20,4,5,7,0.2,0.2,0.3,dense,True,20,20,20,4,5,15,20,DPA token margin,full_response_stable_against_any_token_change,radius_derived,5,"0,10,20,30,40",0.0,0.0,0.0,0.0,0.0,1.0,1.0,1.0,0.0,0.0,6.6,6.0,7.0,0.5999999999999996,0.40000000000000036,6.3,5.5,7.0,0.7999999999999998,0.7000000000000002,5.6,4.0,6.0,1.5999999999999996,0.40000000000000036,8.2,7.0,9.0,1.1999999999999993,0.8000000000000007,0.0,0.0,0.0,0.0,0.0,4.0,4.0,4.0,0.0,0.0,0.0,0.0,0.0,0.0,0.0,4.0,4.0,4.0,0.0,0.0
20,4,5,7,0.2,0.2,0.3,dense,True,20,20,20,4,5,15,0,Shared MILP,stability_one_token_per_prompt,radius_derived,5,"0,10,20,30,40",1.0,1.0,1.0,0.0,0.0,0.0,0.0,0.0,0.0,0.0,6.6,6.0,7.0,0.5999999999999996,0.40000000000000036,6.3,5.5,7.0,0.7999999999999998,0.7000000000000002,5.6,4.0,6.0,1.5999999999999996,0.40000000000000036,8.2,7.0,9.0,1.1999999999999993,0.8000000000000007,4.0,4.0,4.0,0.0,0.0,4.0,4.0,4.0,0.0,0.0,0.0,0.0,0.0,0.0,0.0,4.0,4.0,4.0,0.0,0.0
20,4,5,7,0.2,0.2,0.3,dense,True,20,20,20,4,5,15,1,Shared MILP,stability_one_token_per_prompt,radius_derived,5,"0,10,20,30,40",1.0,1.0,1.0,0.0,0.0,0.0,0.0,0.0,0.0,0.0,6.6,6.0,7.0,0.5999999999999996,0.40000000000000036,6.3,5.5,7.0,0.7999999999999998,0.7000000000000002,5.6,4.0,6.0,1.5999999999999996,0.40000000000000036,8.2,7.0,9.0,1.1999999999999993,0.8000000000000007,4.0,4.0,4.0,0.0,0.0,4.0,4.0,4.0,0.0,0.0,0.0,0.0,0.0,0.0,0.0,4.0,4.0,4.0,0.0,0.0
20,4,5,7,0.2,0.2,0.3,dense,True,20,20,20,4,5,15,2,Shared MILP,stability_one_token_per_prompt,radius_derived,5,"0,10,20,30,40",1.0,1.0,1.0,0.0,0.0,0.0,0.0,0.0,0.0,0.0,6.6,6.0,7.0,0.5999999999999996,0.40000000000000036,6.3,5.5,7.0,0.7999999999999998,0.7000000000000002,5.6,4.0,6.0,1.5999999999999996,0.40000000000000036,8.2,7.0,9.0,1.1999999999999993,0.8000000000000007,4.0,4.0,4.0,0.0,0.0,4.0,4.0,4.0,0.0,0.0,0.0,0.0,0.0,0.0,0.0,4.0,4.0,4.0,0.0,0.0
20,4,5,7,0.2,0.2,0.3,dense,True,20,20,20,4,5,15,3,Shared MILP,stability_one_token_per_prompt,radius_derived,5,"0,10,20,30,40",1.0,1.0,1.0,0.0,0.0,0.0,0.0,0.0,0.0,0.0,6.6,6.0,7.0,0.5999999999999996,0.40000000000000036,6.3,5.5,7.0,0.7999999999999998,0.7000000000000002,5.6,4.0,6.0,1.5999999999999996,0.40000000000000036,8.2,7.0,9.0,1.1999999999999993,0.8000000000000007,4.0,4.0,4.0,0.0,0.0,4.0,4.0,4.0,0.0,0.0,0.0,0.0,0.0,0.0,0.0,4.0,4.0,4.0,0.0,0.0
20,4,5,7,0.2,0.2,0.3,dense,True,20,20,20,4,5,15,4,Shared MILP,stability_one_token_per_prompt,radius_derived,5,"0,10,20,30,40",0.95,0.75,1.0,0.19999999999999996,0.050000000000000044,0.05,0.0,0.25,0.05,0.2,6.6,6.0,7.0,0.5999999999999996,0.40000000000000036,6.3,5.5,7.0,0.7999999999999998,0.7000000000000002,5.6,4.0,6.0,1.5999999999999996,0.40000000000000036,8.2,7.0,9.0,1.1999999999999993,0.8000000000000007,3.8,3.0,4.0,0.7999999999999998,0.20000000000000018,4.0,4.0,4.0,0.0,0.0,0.0,0.0,0.0,0.0,0.0,4.0,4.0,4.0,0.0,0.0
20,4,5,7,0.2,0.2,0.3,dense,True,20,20,20,4,5,15,5,Shared MILP,stability_one_token_per_prompt,radius_derived,5,"0,10,20,30,40",0.9,0.5,1.0,0.4,0.09999999999999998,0.1,0.0,0.5,0.1,0.4,6.6,6.0,7.0,0.5999999999999996,0.40000000000000036,6.3,5.5,7.0,0.7999999999999998,0.7000000000000002,5.6,4.0,6.0,1.5999999999999996,0.40000000000000036,8.2,7.0,9.0,1.1999999999999993,0.8000000000000007,3.6,2.0,4.0,1.6,0.3999999999999999,4.0,4.0,4.0,0.0,0.0,0.0,0.0,0.0,0.0,0.0,4.0,4.0,4.0,0.0,0.0
20,4,5,7,0.2,0.2,0.3,dense,True,20,20,20,4,5,15,6,Shared MILP,stability_one_token_per_prompt,radius_derived,5,"0,10,20,30,40",0.4,0.25,0.5,0.15000000000000002,0.09999999999999998,0.6,0.5,0.75,0.09999999999999998,0.15000000000000002,6.6,6.0,7.0,0.5999999999999996,0.40000000000000036,6.3,5.5,7.0,0.7999999999999998,0.7000000000000002,5.6,4.0,6.0,1.5999999999999996,0.40000000000000036,8.2,7.0,9.0,1.1999999999999993,0.8000000000000007,1.6,1.0,2.0,0.6000000000000001,0.3999999999999999,4.0,4.0,4.0,0.0,0.0,0.0,0.0,0.0,0.0,0.0,4.0,4.0,4.0,0.0,0.0
20,4,5,7,0.2,0.2,0.3,dense,True,20,20,20,4,5,15,7,Shared MILP,stability_one_token_per_prompt,radius_derived,5,"0,10,20,30,40",0.25,0.0,0.5,0.25,0.25,0.75,0.5,1.0,0.25,0.25,6.6,6.0,7.0,0.5999999999999996,0.40000000000000036,6.3,5.5,7.0,0.7999999999999998,0.7000000000000002,5.6,4.0,6.0,1.5999999999999996,0.40000000000000036,8.2,7.0,9.0,1.1999999999999993,0.8000000000000007,1.0,0.0,2.0,1.0,1.0,4.0,4.0,4.0,0.0,0.0,0.0,0.0,0.0,0.0,0.0,4.0,4.0,4.0,0.0,0.0
20,4,5,7,0.2,0.2,0.3,dense,True,20,20,20,4,5,15,8,Shared MILP,stability_one_token_per_prompt,radius_derived,5,"0,10,20,30,40",0.1,0.0,0.25,0.1,0.15,0.9,0.75,1.0,0.15000000000000002,0.09999999999999998,6.6,6.0,7.0,0.5999999999999996,0.40000000000000036,6.3,5.5,7.0,0.7999999999999998,0.7000000000000002,5.6,4.0,6.0,1.5999999999999996,0.40000000000000036,8.2,7.0,9.0,1.1999999999999993,0.8000000000000007,0.4,0.0,1.0,0.4,0.6,4.0,4.0,4.0,0.0,0.0,0.0,0.0,0.0,0.0,0.0,4.0,4.0,4.0,0.0,0.0
20,4,5,7,0.2,0.2,0.3,dense,True,20,20,20,4,5,15,9,Shared MILP,stability_one_token_per_prompt,radius_derived,5,"0,10,20,30,40",0.0,0.0,0.0,0.0,0.0,1.0,1.0,1.0,0.0,0.0,6.6,6.0,7.0,0.5999999999999996,0.40000000000000036,6.3,5.5,7.0,0.7999999999999998,0.7000000000000002,5.6,4.0,6.0,1.5999999999999996,0.40000000000000036,8.2,7.0,9.0,1.1999999999999993,0.8000000000000007,0.0,0.0,0.0,0.0,0.0,4.0,4.0,4.0,0.0,0.0,0.0,0.0,0.0,0.0,0.0,4.0,4.0,4.0,0.0,0.0
20,4,5,7,0.2,0.2,0.3,dense,True,20,20,20,4,5,15,10,Shared MILP,stability_one_token_per_prompt,radius_derived,5,"0,10,20,30,40",0.0,0.0,0.0,0.0,0.0,1.0,1.0,1.0,0.0,0.0,6.6,6.0,7.0,0.5999999999999996,0.40000000000000036,6.3,5.5,7.0,0.7999999999999998,0.7000000000000002,5.6,4.0,6.0,1.5999999999999996,0.40000000000000036,8.2,7.0,9.0,1.1999999999999993,0.8000000000000007,0.0,0.0,0.0,0.0,0.0,4.0,4.0,4.0,0.0,0.0,0.0,0.0,0.0,0.0,0.0,4.0,4.0,4.0,0.0,0.0
20,4,5,7,0.2,0.2,0.3,dense,True,20,20,20,4,5,15,11,Shared MILP,stability_one_token_per_prompt,radius_derived,5,"0,10,20,30,40",0.0,0.0,0.0,0.0,0.0,1.0,1.0,1.0,0.0,0.0,6.6,6.0,7.0,0.5999999999999996,0.40000000000000036,6.3,5.5,7.0,0.7999999999999998,0.7000000000000002,5.6,4.0,6.0,1.5999999999999996,0.40000000000000036,8.2,7.0,9.0,1.1999999999999993,0.8000000000000007,0.0,0.0,0.0,0.0,0.0,4.0,4.0,4.0,0.0,0.0,0.0,0.0,0.0,0.0,0.0,4.0,4.0,4.0,0.0,0.0
20,4,5,7,0.2,0.2,0.3,dense,True,20,20,20,4,5,15,12,Shared MILP,stability_one_token_per_prompt,radius_derived,5,"0,10,20,30,40",0.0,0.0,0.0,0.0,0.0,1.0,1.0,1.0,0.0,0.0,6.6,6.0,7.0,0.5999999999999996,0.40000000000000036,6.3,5.5,7.0,0.7999999999999998,0.7000000000000002,5.6,4.0,6.0,1.5999999999999996,0.40000000000000036,8.2,7.0,9.0,1.1999999999999993,0.8000000000000007,0.0,0.0,0.0,0.0,0.0,4.0,4.0,4.0,0.0,0.0,0.0,0.0,0.0,0.0,0.0,4.0,4.0,4.0,0.0,0.0
20,4,5,7,0.2,0.2,0.3,dense,True,20,20,20,4,5,15,13,Shared MILP,stability_one_token_per_prompt,radius_derived,5,"0,10,20,30,40",0.0,0.0,0.0,0.0,0.0,1.0,1.0,1.0,0.0,0.0,6.6,6.0,7.0,0.5999999999999996,0.40000000000000036,6.3,5.5,7.0,0.7999999999999998,0.7000000000000002,5.6,4.0,6.0,1.5999999999999996,0.40000000000000036,8.2,7.0,9.0,1.1999999999999993,0.8000000000000007,0.0,0.0,0.0,0.0,0.0,4.0,4.0,4.0,0.0,0.0,0.0,0.0,0.0,0.0,0.0,4.0,4.0,4.0,0.0,0.0
20,4,5,7,0.2,0.2,0.3,dense,True,20,20,20,4,5,15,14,Shared MILP,stability_one_token_per_prompt,radius_derived,5,"0,10,20,30,40",0.0,0.0,0.0,0.0,0.0,1.0,1.0,1.0,0.0,0.0,6.6,6.0,7.0,0.5999999999999996,0.40000000000000036,6.3,5.5,7.0,0.7999999999999998,0.7000000000000002,5.6,4.0,6.0,1.5999999999999996,0.40000000000000036,8.2,7.0,9.0,1.1999999999999993,0.8000000000000007,0.0,0.0,0.0,0.0,0.0,4.0,4.0,4.0,0.0,0.0,0.0,0.0,0.0,0.0,0.0,4.0,4.0,4.0,0.0,0.0
20,4,5,7,0.2,0.2,0.3,dense,True,20,20,20,4,5,15,15,Shared MILP,stability_one_token_per_prompt,radius_derived,5,"0,10,20,30,40",0.0,0.0,0.0,0.0,0.0,1.0,1.0,1.0,0.0,0.0,6.6,6.0,7.0,0.5999999999999996,0.40000000000000036,6.3,5.5,7.0,0.7999999999999998,0.7000000000000002,5.6,4.0,6.0,1.5999999999999996,0.40000000000000036,8.2,7.0,9.0,1.1999999999999993,0.8000000000000007,0.0,0.0,0.0,0.0,0.0,4.0,4.0,4.0,0.0,0.0,0.0,0.0,0.0,0.0,0.0,4.0,4.0,4.0,0.0,0.0
20,4,5,7,0.2,0.2,0.3,dense,True,20,20,20,4,5,15,16,Shared MILP,stability_one_token_per_prompt,radius_derived,5,"0,10,20,30,40",0.0,0.0,0.0,0.0,0.0,1.0,1.0,1.0,0.0,0.0,6.6,6.0,7.0,0.5999999999999996,0.40000000000000036,6.3,5.5,7.0,0.7999999999999998,0.7000000000000002,5.6,4.0,6.0,1.5999999999999996,0.40000000000000036,8.2,7.0,9.0,1.1999999999999993,0.8000000000000007,0.0,0.0,0.0,0.0,0.0,4.0,4.0,4.0,0.0,0.0,0.0,0.0,0.0,0.0,0.0,4.0,4.0,4.0,0.0,0.0
20,4,5,7,0.2,0.2,0.3,dense,True,20,20,20,4,5,15,17,Shared MILP,stability_one_token_per_prompt,radius_derived,5,"0,10,20,30,40",0.0,0.0,0.0,0.0,0.0,1.0,1.0,1.0,0.0,0.0,6.6,6.0,7.0,0.5999999999999996,0.40000000000000036,6.3,5.5,7.0,0.7999999999999998,0.7000000000000002,5.6,4.0,6.0,1.5999999999999996,0.40000000000000036,8.2,7.0,9.0,1.1999999999999993,0.8000000000000007,0.0,0.0,0.0,0.0,0.0,4.0,4.0,4.0,0.0,0.0,0.0,0.0,0.0,0.0,0.0,4.0,4.0,4.0,0.0,0.0
20,4,5,7,0.2,0.2,0.3,dense,True,20,20,20,4,5,15,18,Shared MILP,stability_one_token_per_prompt,radius_derived,5,"0,10,20,30,40",0.0,0.0,0.0,0.0,0.0,1.0,1.0,1.0,0.0,0.0,6.6,6.0,7.0,0.5999999999999996,0.40000000000000036,6.3,5.5,7.0,0.7999999999999998,0.7000000000000002,5.6,4.0,6.0,1.5999999999999996,0.40000000000000036,8.2,7.0,9.0,1.1999999999999993,0.8000000000000007,0.0,0.0,0.0,0.0,0.0,4.0,4.0,4.0,0.0,0.0,0.0,0.0,0.0,0.0,0.0,4.0,4.0,4.0,0.0,0.0
20,4,5,7,0.2,0.2,0.3,dense,True,20,20,20,4,5,15,19,Shared MILP,stability_one_token_per_prompt,radius_derived,5,"0,10,20,30,40",0.0,0.0,0.0,0.0,0.0,1.0,1.0,1.0,0.0,0.0,6.6,6.0,7.0,0.5999999999999996,0.40000000000000036,6.3,5.5,7.0,0.7999999999999998,0.7000000000000002,5.6,4.0,6.0,1.5999999999999996,0.40000000000000036,8.2,7.0,9.0,1.1999999999999993,0.8000000000000007,0.0,0.0,0.0,0.0,0.0,4.0,4.0,4.0,0.0,0.0,0.0,0.0,0.0,0.0,0.0,4.0,4.0,4.0,0.0,0.0
20,4,5,7,0.2,0.2,0.3,dense,True,20,20,20,4,5,15,20,Shared MILP,stability_one_token_per_prompt,radius_derived,5,"0,10,20,30,40",0.0,0.0,0.0,0.0,0.0,1.0,1.0,1.0,0.0,0.0,6.6,6.0,7.0,0.5999999999999996,0.40000000000000036,6.3,5.5,7.0,0.7999999999999998,0.7000000000000002,5.6,4.0,6.0,1.5999999999999996,0.40000000000000036,8.2,7.0,9.0,1.1999999999999993,0.8000000000000007,0.0,0.0,0.0,0.0,0.0,4.0,4.0,4.0,0.0,0.0,0.0,0.0,0.0,0.0,0.0,4.0,4.0,4.0,0.0,0.0
20,4,5,7,0.2,0.2,0.3,dense,True,20,20,20,4,5,15,0,Shared MILP,stability_full_sequence_per_prompt,radius_derived,5,"0,10,20,30,40",1.0,1.0,1.0,0.0,0.0,0.0,0.0,0.0,0.0,0.0,9.5,9.25,9.75,0.25,0.25,9.5,9.0,10.0,0.5,0.5,9.0,9.0,9.0,0.0,0.0,10.0,10.0,10.0,0.0,0.0,4.0,4.0,4.0,0.0,0.0,4.0,4.0,4.0,0.0,0.0,0.0,0.0,0.0,0.0,0.0,4.0,4.0,4.0,0.0,0.0
20,4,5,7,0.2,0.2,0.3,dense,True,20,20,20,4,5,15,1,Shared MILP,stability_full_sequence_per_prompt,radius_derived,5,"0,10,20,30,40",1.0,1.0,1.0,0.0,0.0,0.0,0.0,0.0,0.0,0.0,9.5,9.25,9.75,0.25,0.25,9.5,9.0,10.0,0.5,0.5,9.0,9.0,9.0,0.0,0.0,10.0,10.0,10.0,0.0,0.0,4.0,4.0,4.0,0.0,0.0,4.0,4.0,4.0,0.0,0.0,0.0,0.0,0.0,0.0,0.0,4.0,4.0,4.0,0.0,0.0
20,4,5,7,0.2,0.2,0.3,dense,True,20,20,20,4,5,15,2,Shared MILP,stability_full_sequence_per_prompt,radius_derived,5,"0,10,20,30,40",1.0,1.0,1.0,0.0,0.0,0.0,0.0,0.0,0.0,0.0,9.5,9.25,9.75,0.25,0.25,9.5,9.0,10.0,0.5,0.5,9.0,9.0,9.0,0.0,0.0,10.0,10.0,10.0,0.0,0.0,4.0,4.0,4.0,0.0,0.0,4.0,4.0,4.0,0.0,0.0,0.0,0.0,0.0,0.0,0.0,4.0,4.0,4.0,0.0,0.0
20,4,5,7,0.2,0.2,0.3,dense,True,20,20,20,4,5,15,3,Shared MILP,stability_full_sequence_per_prompt,radius_derived,5,"0,10,20,30,40",1.0,1.0,1.0,0.0,0.0,0.0,0.0,0.0,0.0,0.0,9.5,9.25,9.75,0.25,0.25,9.5,9.0,10.0,0.5,0.5,9.0,9.0,9.0,0.0,0.0,10.0,10.0,10.0,0.0,0.0,4.0,4.0,4.0,0.0,0.0,4.0,4.0,4.0,0.0,0.0,0.0,0.0,0.0,0.0,0.0,4.0,4.0,4.0,0.0,0.0
20,4,5,7,0.2,0.2,0.3,dense,True,20,20,20,4,5,15,4,Shared MILP,stability_full_sequence_per_prompt,radius_derived,5,"0,10,20,30,40",1.0,1.0,1.0,0.0,0.0,0.0,0.0,0.0,0.0,0.0,9.5,9.25,9.75,0.25,0.25,9.5,9.0,10.0,0.5,0.5,9.0,9.0,9.0,0.0,0.0,10.0,10.0,10.0,0.0,0.0,4.0,4.0,4.0,0.0,0.0,4.0,4.0,4.0,0.0,0.0,0.0,0.0,0.0,0.0,0.0,4.0,4.0,4.0,0.0,0.0
20,4,5,7,0.2,0.2,0.3,dense,True,20,20,20,4,5,15,5,Shared MILP,stability_full_sequence_per_prompt,radius_derived,5,"0,10,20,30,40",1.0,1.0,1.0,0.0,0.0,0.0,0.0,0.0,0.0,0.0,9.5,9.25,9.75,0.25,0.25,9.5,9.0,10.0,0.5,0.5,9.0,9.0,9.0,0.0,0.0,10.0,10.0,10.0,0.0,0.0,4.0,4.0,4.0,0.0,0.0,4.0,4.0,4.0,0.0,0.0,0.0,0.0,0.0,0.0,0.0,4.0,4.0,4.0,0.0,0.0
20,4,5,7,0.2,0.2,0.3,dense,True,20,20,20,4,5,15,6,Shared MILP,stability_full_sequence_per_prompt,radius_derived,5,"0,10,20,30,40",1.0,1.0,1.0,0.0,0.0,0.0,0.0,0.0,0.0,0.0,9.5,9.25,9.75,0.25,0.25,9.5,9.0,10.0,0.5,0.5,9.0,9.0,9.0,0.0,0.0,10.0,10.0,10.0,0.0,0.0,4.0,4.0,4.0,0.0,0.0,4.0,4.0,4.0,0.0,0.0,0.0,0.0,0.0,0.0,0.0,4.0,4.0,4.0,0.0,0.0
20,4,5,7,0.2,0.2,0.3,dense,True,20,20,20,4,5,15,7,Shared MILP,stability_full_sequence_per_prompt,radius_derived,5,"0,10,20,30,40",1.0,1.0,1.0,0.0,0.0,0.0,0.0,0.0,0.0,0.0,9.5,9.25,9.75,0.25,0.25,9.5,9.0,10.0,0.5,0.5,9.0,9.0,9.0,0.0,0.0,10.0,10.0,10.0,0.0,0.0,4.0,4.0,4.0,0.0,0.0,4.0,4.0,4.0,0.0,0.0,0.0,0.0,0.0,0.0,0.0,4.0,4.0,4.0,0.0,0.0
20,4,5,7,0.2,0.2,0.3,dense,True,20,20,20,4,5,15,8,Shared MILP,stability_full_sequence_per_prompt,radius_derived,5,"0,10,20,30,40",1.0,1.0,1.0,0.0,0.0,0.0,0.0,0.0,0.0,0.0,9.5,9.25,9.75,0.25,0.25,9.5,9.0,10.0,0.5,0.5,9.0,9.0,9.0,0.0,0.0,10.0,10.0,10.0,0.0,0.0,4.0,4.0,4.0,0.0,0.0,4.0,4.0,4.0,0.0,0.0,0.0,0.0,0.0,0.0,0.0,4.0,4.0,4.0,0.0,0.0
20,4,5,7,0.2,0.2,0.3,dense,True,20,20,20,4,5,15,9,Shared MILP,stability_full_sequence_per_prompt,radius_derived,5,"0,10,20,30,40",0.5,0.25,0.75,0.25,0.25,0.5,0.25,0.75,0.25,0.25,9.5,9.25,9.75,0.25,0.25,9.5,9.0,10.0,0.5,0.5,9.0,9.0,9.0,0.0,0.0,10.0,10.0,10.0,0.0,0.0,2.0,1.0,3.0,1.0,1.0,4.0,4.0,4.0,0.0,0.0,0.0,0.0,0.0,0.0,0.0,4.0,4.0,4.0,0.0,0.0
20,4,5,7,0.2,0.2,0.3,dense,True,20,20,20,4,5,15,10,Shared MILP,stability_full_sequence_per_prompt,radius_derived,5,"0,10,20,30,40",0.0,0.0,0.0,0.0,0.0,1.0,1.0,1.0,0.0,0.0,9.5,9.25,9.75,0.25,0.25,9.5,9.0,10.0,0.5,0.5,9.0,9.0,9.0,0.0,0.0,10.0,10.0,10.0,0.0,0.0,0.0,0.0,0.0,0.0,0.0,4.0,4.0,4.0,0.0,0.0,0.0,0.0,0.0,0.0,0.0,4.0,4.0,4.0,0.0,0.0
20,4,5,7,0.2,0.2,0.3,dense,True,20,20,20,4,5,15,11,Shared MILP,stability_full_sequence_per_prompt,radius_derived,5,"0,10,20,30,40",0.0,0.0,0.0,0.0,0.0,1.0,1.0,1.0,0.0,0.0,9.5,9.25,9.75,0.25,0.25,9.5,9.0,10.0,0.5,0.5,9.0,9.0,9.0,0.0,0.0,10.0,10.0,10.0,0.0,0.0,0.0,0.0,0.0,0.0,0.0,4.0,4.0,4.0,0.0,0.0,0.0,0.0,0.0,0.0,0.0,4.0,4.0,4.0,0.0,0.0
20,4,5,7,0.2,0.2,0.3,dense,True,20,20,20,4,5,15,12,Shared MILP,stability_full_sequence_per_prompt,radius_derived,5,"0,10,20,30,40",0.0,0.0,0.0,0.0,0.0,1.0,1.0,1.0,0.0,0.0,9.5,9.25,9.75,0.25,0.25,9.5,9.0,10.0,0.5,0.5,9.0,9.0,9.0,0.0,0.0,10.0,10.0,10.0,0.0,0.0,0.0,0.0,0.0,0.0,0.0,4.0,4.0,4.0,0.0,0.0,0.0,0.0,0.0,0.0,0.0,4.0,4.0,4.0,0.0,0.0
20,4,5,7,0.2,0.2,0.3,dense,True,20,20,20,4,5,15,13,Shared MILP,stability_full_sequence_per_prompt,radius_derived,5,"0,10,20,30,40",0.0,0.0,0.0,0.0,0.0,1.0,1.0,1.0,0.0,0.0,9.5,9.25,9.75,0.25,0.25,9.5,9.0,10.0,0.5,0.5,9.0,9.0,9.0,0.0,0.0,10.0,10.0,10.0,0.0,0.0,0.0,0.0,0.0,0.0,0.0,4.0,4.0,4.0,0.0,0.0,0.0,0.0,0.0,0.0,0.0,4.0,4.0,4.0,0.0,0.0
20,4,5,7,0.2,0.2,0.3,dense,True,20,20,20,4,5,15,14,Shared MILP,stability_full_sequence_per_prompt,radius_derived,5,"0,10,20,30,40",0.0,0.0,0.0,0.0,0.0,1.0,1.0,1.0,0.0,0.0,9.5,9.25,9.75,0.25,0.25,9.5,9.0,10.0,0.5,0.5,9.0,9.0,9.0,0.0,0.0,10.0,10.0,10.0,0.0,0.0,0.0,0.0,0.0,0.0,0.0,4.0,4.0,4.0,0.0,0.0,0.0,0.0,0.0,0.0,0.0,4.0,4.0,4.0,0.0,0.0
20,4,5,7,0.2,0.2,0.3,dense,True,20,20,20,4,5,15,15,Shared MILP,stability_full_sequence_per_prompt,radius_derived,5,"0,10,20,30,40",0.0,0.0,0.0,0.0,0.0,1.0,1.0,1.0,0.0,0.0,9.5,9.25,9.75,0.25,0.25,9.5,9.0,10.0,0.5,0.5,9.0,9.0,9.0,0.0,0.0,10.0,10.0,10.0,0.0,0.0,0.0,0.0,0.0,0.0,0.0,4.0,4.0,4.0,0.0,0.0,0.0,0.0,0.0,0.0,0.0,4.0,4.0,4.0,0.0,0.0
20,4,5,7,0.2,0.2,0.3,dense,True,20,20,20,4,5,15,16,Shared MILP,stability_full_sequence_per_prompt,radius_derived,5,"0,10,20,30,40",0.0,0.0,0.0,0.0,0.0,1.0,1.0,1.0,0.0,0.0,9.5,9.25,9.75,0.25,0.25,9.5,9.0,10.0,0.5,0.5,9.0,9.0,9.0,0.0,0.0,10.0,10.0,10.0,0.0,0.0,0.0,0.0,0.0,0.0,0.0,4.0,4.0,4.0,0.0,0.0,0.0,0.0,0.0,0.0,0.0,4.0,4.0,4.0,0.0,0.0
20,4,5,7,0.2,0.2,0.3,dense,True,20,20,20,4,5,15,17,Shared MILP,stability_full_sequence_per_prompt,radius_derived,5,"0,10,20,30,40",0.0,0.0,0.0,0.0,0.0,1.0,1.0,1.0,0.0,0.0,9.5,9.25,9.75,0.25,0.25,9.5,9.0,10.0,0.5,0.5,9.0,9.0,9.0,0.0,0.0,10.0,10.0,10.0,0.0,0.0,0.0,0.0,0.0,0.0,0.0,4.0,4.0,4.0,0.0,0.0,0.0,0.0,0.0,0.0,0.0,4.0,4.0,4.0,0.0,0.0
20,4,5,7,0.2,0.2,0.3,dense,True,20,20,20,4,5,15,18,Shared MILP,stability_full_sequence_per_prompt,radius_derived,5,"0,10,20,30,40",0.0,0.0,0.0,0.0,0.0,1.0,1.0,1.0,0.0,0.0,9.5,9.25,9.75,0.25,0.25,9.5,9.0,10.0,0.5,0.5,9.0,9.0,9.0,0.0,0.0,10.0,10.0,10.0,0.0,0.0,0.0,0.0,0.0,0.0,0.0,4.0,4.0,4.0,0.0,0.0,0.0,0.0,0.0,0.0,0.0,4.0,4.0,4.0,0.0,0.0
20,4,5,7,0.2,0.2,0.3,dense,True,20,20,20,4,5,15,19,Shared MILP,stability_full_sequence_per_prompt,radius_derived,5,"0,10,20,30,40",0.0,0.0,0.0,0.0,0.0,1.0,1.0,1.0,0.0,0.0,9.5,9.25,9.75,0.25,0.25,9.5,9.0,10.0,0.5,0.5,9.0,9.0,9.0,0.0,0.0,10.0,10.0,10.0,0.0,0.0,0.0,0.0,0.0,0.0,0.0,4.0,4.0,4.0,0.0,0.0,0.0,0.0,0.0,0.0,0.0,4.0,4.0,4.0,0.0,0.0
20,4,5,7,0.2,0.2,0.3,dense,True,20,20,20,4,5,15,20,Shared MILP,stability_full_sequence_per_prompt,radius_derived,5,"0,10,20,30,40",0.0,0.0,0.0,0.0,0.0,1.0,1.0,1.0,0.0,0.0,9.5,9.25,9.75,0.25,0.25,9.5,9.0,10.0,0.5,0.5,9.0,9.0,9.0,0.0,0.0,10.0,10.0,10.0,0.0,0.0,0.0,0.0,0.0,0.0,0.0,4.0,4.0,4.0,0.0,0.0,0.0,0.0,0.0,0.0,0.0,4.0,4.0,4.0,0.0,0.0
20,4,5,7,0.2,0.2,0.3,dense,True,20,20,20,4,5,15,0,Plain DPA max token,validity_full_harmful_sequence_per_prompt,radius_derived,5,"0,10,20,30,40",1.0,1.0,1.0,0.0,0.0,0.0,0.0,0.0,0.0,0.0,8.75,7.75,10.0,1.0,1.25,9.2,8.0,10.0,1.1999999999999993,0.8000000000000007,6.6,5.0,10.0,1.5999999999999996,3.4000000000000004,10.0,10.0,10.0,0.0,0.0,4.0,4.0,4.0,0.0,0.0,4.0,4.0,4.0,0.0,0.0,0.0,0.0,0.0,0.0,0.0,4.0,4.0,4.0,0.0,0.0
20,4,5,7,0.2,0.2,0.3,dense,True,20,20,20,4,5,15,1,Plain DPA max token,validity_full_harmful_sequence_per_prompt,radius_derived,5,"0,10,20,30,40",1.0,1.0,1.0,0.0,0.0,0.0,0.0,0.0,0.0,0.0,8.75,7.75,10.0,1.0,1.25,9.2,8.0,10.0,1.1999999999999993,0.8000000000000007,6.6,5.0,10.0,1.5999999999999996,3.4000000000000004,10.0,10.0,10.0,0.0,0.0,4.0,4.0,4.0,0.0,0.0,4.0,4.0,4.0,0.0,0.0,0.0,0.0,0.0,0.0,0.0,4.0,4.0,4.0,0.0,0.0
20,4,5,7,0.2,0.2,0.3,dense,True,20,20,20,4,5,15,2,Plain DPA max token,validity_full_harmful_sequence_per_prompt,radius_derived,5,"0,10,20,30,40",1.0,1.0,1.0,0.0,0.0,0.0,0.0,0.0,0.0,0.0,8.75,7.75,10.0,1.0,1.25,9.2,8.0,10.0,1.1999999999999993,0.8000000000000007,6.6,5.0,10.0,1.5999999999999996,3.4000000000000004,10.0,10.0,10.0,0.0,0.0,4.0,4.0,4.0,0.0,0.0,4.0,4.0,4.0,0.0,0.0,0.0,0.0,0.0,0.0,0.0,4.0,4.0,4.0,0.0,0.0
20,4,5,7,0.2,0.2,0.3,dense,True,20,20,20,4,5,15,3,Plain DPA max token,validity_full_harmful_sequence_per_prompt,radius_derived,5,"0,10,20,30,40",1.0,1.0,1.0,0.0,0.0,0.0,0.0,0.0,0.0,0.0,8.75,7.75,10.0,1.0,1.25,9.2,8.0,10.0,1.1999999999999993,0.8000000000000007,6.6,5.0,10.0,1.5999999999999996,3.4000000000000004,10.0,10.0,10.0,0.0,0.0,4.0,4.0,4.0,0.0,0.0,4.0,4.0,4.0,0.0,0.0,0.0,0.0,0.0,0.0,0.0,4.0,4.0,4.0,0.0,0.0
20,4,5,7,0.2,0.2,0.3,dense,True,20,20,20,4,5,15,4,Plain DPA max token,validity_full_harmful_sequence_per_prompt,radius_derived,5,"0,10,20,30,40",1.0,1.0,1.0,0.0,0.0,0.0,0.0,0.0,0.0,0.0,8.75,7.75,10.0,1.0,1.25,9.2,8.0,10.0,1.1999999999999993,0.8000000000000007,6.6,5.0,10.0,1.5999999999999996,3.4000000000000004,10.0,10.0,10.0,0.0,0.0,4.0,4.0,4.0,0.0,0.0,4.0,4.0,4.0,0.0,0.0,0.0,0.0,0.0,0.0,0.0,4.0,4.0,4.0,0.0,0.0
20,4,5,7,0.2,0.2,0.3,dense,True,20,20,20,4,5,15,5,Plain DPA max token,validity_full_harmful_sequence_per_prompt,radius_derived,5,"0,10,20,30,40",0.9,0.75,1.0,0.15000000000000002,0.09999999999999998,0.1,0.0,0.25,0.1,0.15,8.75,7.75,10.0,1.0,1.25,9.2,8.0,10.0,1.1999999999999993,0.8000000000000007,6.6,5.0,10.0,1.5999999999999996,3.4000000000000004,10.0,10.0,10.0,0.0,0.0,3.6,3.0,4.0,0.6000000000000001,0.3999999999999999,4.0,4.0,4.0,0.0,0.0,0.0,0.0,0.0,0.0,0.0,4.0,4.0,4.0,0.0,0.0
20,4,5,7,0.2,0.2,0.3,dense,True,20,20,20,4,5,15,6,Plain DPA max token,validity_full_harmful_sequence_per_prompt,radius_derived,5,"0,10,20,30,40",0.8,0.5,1.0,0.30000000000000004,0.19999999999999996,0.2,0.0,0.5,0.2,0.3,8.75,7.75,10.0,1.0,1.25,9.2,8.0,10.0,1.1999999999999993,0.8000000000000007,6.6,5.0,10.0,1.5999999999999996,3.4000000000000004,10.0,10.0,10.0,0.0,0.0,3.2,2.0,4.0,1.2000000000000002,0.7999999999999998,4.0,4.0,4.0,0.0,0.0,0.0,0.0,0.0,0.0,0.0,4.0,4.0,4.0,0.0,0.0
20,4,5,7,0.2,0.2,0.3,dense,True,20,20,20,4,5,15,7,Plain DPA max token,validity_full_harmful_sequence_per_prompt,radius_derived,5,"0,10,20,30,40",0.75,0.5,1.0,0.25,0.25,0.25,0.0,0.5,0.25,0.25,8.75,7.75,10.0,1.0,1.25,9.2,8.0,10.0,1.1999999999999993,0.8000000000000007,6.6,5.0,10.0,1.5999999999999996,3.4000000000000004,10.0,10.0,10.0,0.0,0.0,3.0,2.0,4.0,1.0,1.0,4.0,4.0,4.0,0.0,0.0,0.0,0.0,0.0,0.0,0.0,4.0,4.0,4.0,0.0,0.0
20,4,5,7,0.2,0.2,0.3,dense,True,20,20,20,4,5,15,8,Plain DPA max token,validity_full_harmful_sequence_per_prompt,radius_derived,5,"0,10,20,30,40",0.7,0.5,1.0,0.19999999999999996,0.30000000000000004,0.3,0.0,0.5,0.3,0.2,8.75,7.75,10.0,1.0,1.25,9.2,8.0,10.0,1.1999999999999993,0.8000000000000007,6.6,5.0,10.0,1.5999999999999996,3.4000000000000004,10.0,10.0,10.0,0.0,0.0,2.8,2.0,4.0,0.7999999999999998,1.2000000000000002,4.0,4.0,4.0,0.0,0.0,0.0,0.0,0.0,0.0,0.0,4.0,4.0,4.0,0.0,0.0
20,4,5,7,0.2,0.2,0.3,dense,True,20,20,20,4,5,15,9,Plain DPA max token,validity_full_harmful_sequence_per_prompt,radius_derived,5,"0,10,20,30,40",0.6,0.25,1.0,0.35,0.4,0.4,0.0,0.75,0.4,0.35,8.75,7.75,10.0,1.0,1.25,9.2,8.0,10.0,1.1999999999999993,0.8000000000000007,6.6,5.0,10.0,1.5999999999999996,3.4000000000000004,10.0,10.0,10.0,0.0,0.0,2.4,1.0,4.0,1.4,1.6,4.0,4.0,4.0,0.0,0.0,0.0,0.0,0.0,0.0,0.0,4.0,4.0,4.0,0.0,0.0
20,4,5,7,0.2,0.2,0.3,dense,True,20,20,20,4,5,15,10,Plain DPA max token,validity_full_harmful_sequence_per_prompt,radius_derived,5,"0,10,20,30,40",0.0,0.0,0.0,0.0,0.0,1.0,1.0,1.0,0.0,0.0,8.75,7.75,10.0,1.0,1.25,9.2,8.0,10.0,1.1999999999999993,0.8000000000000007,6.6,5.0,10.0,1.5999999999999996,3.4000000000000004,10.0,10.0,10.0,0.0,0.0,0.0,0.0,0.0,0.0,0.0,4.0,4.0,4.0,0.0,0.0,0.0,0.0,0.0,0.0,0.0,4.0,4.0,4.0,0.0,0.0
20,4,5,7,0.2,0.2,0.3,dense,True,20,20,20,4,5,15,11,Plain DPA max token,validity_full_harmful_sequence_per_prompt,radius_derived,5,"0,10,20,30,40",0.0,0.0,0.0,0.0,0.0,1.0,1.0,1.0,0.0,0.0,8.75,7.75,10.0,1.0,1.25,9.2,8.0,10.0,1.1999999999999993,0.8000000000000007,6.6,5.0,10.0,1.5999999999999996,3.4000000000000004,10.0,10.0,10.0,0.0,0.0,0.0,0.0,0.0,0.0,0.0,4.0,4.0,4.0,0.0,0.0,0.0,0.0,0.0,0.0,0.0,4.0,4.0,4.0,0.0,0.0
20,4,5,7,0.2,0.2,0.3,dense,True,20,20,20,4,5,15,12,Plain DPA max token,validity_full_harmful_sequence_per_prompt,radius_derived,5,"0,10,20,30,40",0.0,0.0,0.0,0.0,0.0,1.0,1.0,1.0,0.0,0.0,8.75,7.75,10.0,1.0,1.25,9.2,8.0,10.0,1.1999999999999993,0.8000000000000007,6.6,5.0,10.0,1.5999999999999996,3.4000000000000004,10.0,10.0,10.0,0.0,0.0,0.0,0.0,0.0,0.0,0.0,4.0,4.0,4.0,0.0,0.0,0.0,0.0,0.0,0.0,0.0,4.0,4.0,4.0,0.0,0.0
20,4,5,7,0.2,0.2,0.3,dense,True,20,20,20,4,5,15,13,Plain DPA max token,validity_full_harmful_sequence_per_prompt,radius_derived,5,"0,10,20,30,40",0.0,0.0,0.0,0.0,0.0,1.0,1.0,1.0,0.0,0.0,8.75,7.75,10.0,1.0,1.25,9.2,8.0,10.0,1.1999999999999993,0.8000000000000007,6.6,5.0,10.0,1.5999999999999996,3.4000000000000004,10.0,10.0,10.0,0.0,0.0,0.0,0.0,0.0,0.0,0.0,4.0,4.0,4.0,0.0,0.0,0.0,0.0,0.0,0.0,0.0,4.0,4.0,4.0,0.0,0.0
20,4,5,7,0.2,0.2,0.3,dense,True,20,20,20,4,5,15,14,Plain DPA max token,validity_full_harmful_sequence_per_prompt,radius_derived,5,"0,10,20,30,40",0.0,0.0,0.0,0.0,0.0,1.0,1.0,1.0,0.0,0.0,8.75,7.75,10.0,1.0,1.25,9.2,8.0,10.0,1.1999999999999993,0.8000000000000007,6.6,5.0,10.0,1.5999999999999996,3.4000000000000004,10.0,10.0,10.0,0.0,0.0,0.0,0.0,0.0,0.0,0.0,4.0,4.0,4.0,0.0,0.0,0.0,0.0,0.0,0.0,0.0,4.0,4.0,4.0,0.0,0.0
20,4,5,7,0.2,0.2,0.3,dense,True,20,20,20,4,5,15,15,Plain DPA max token,validity_full_harmful_sequence_per_prompt,radius_derived,5,"0,10,20,30,40",0.0,0.0,0.0,0.0,0.0,1.0,1.0,1.0,0.0,0.0,8.75,7.75,10.0,1.0,1.25,9.2,8.0,10.0,1.1999999999999993,0.8000000000000007,6.6,5.0,10.0,1.5999999999999996,3.4000000000000004,10.0,10.0,10.0,0.0,0.0,0.0,0.0,0.0,0.0,0.0,4.0,4.0,4.0,0.0,0.0,0.0,0.0,0.0,0.0,0.0,4.0,4.0,4.0,0.0,0.0
20,4,5,7,0.2,0.2,0.3,dense,True,20,20,20,4,5,15,16,Plain DPA max token,validity_full_harmful_sequence_per_prompt,radius_derived,5,"0,10,20,30,40",0.0,0.0,0.0,0.0,0.0,1.0,1.0,1.0,0.0,0.0,8.75,7.75,10.0,1.0,1.25,9.2,8.0,10.0,1.1999999999999993,0.8000000000000007,6.6,5.0,10.0,1.5999999999999996,3.4000000000000004,10.0,10.0,10.0,0.0,0.0,0.0,0.0,0.0,0.0,0.0,4.0,4.0,4.0,0.0,0.0,0.0,0.0,0.0,0.0,0.0,4.0,4.0,4.0,0.0,0.0
20,4,5,7,0.2,0.2,0.3,dense,True,20,20,20,4,5,15,17,Plain DPA max token,validity_full_harmful_sequence_per_prompt,radius_derived,5,"0,10,20,30,40",0.0,0.0,0.0,0.0,0.0,1.0,1.0,1.0,0.0,0.0,8.75,7.75,10.0,1.0,1.25,9.2,8.0,10.0,1.1999999999999993,0.8000000000000007,6.6,5.0,10.0,1.5999999999999996,3.4000000000000004,10.0,10.0,10.0,0.0,0.0,0.0,0.0,0.0,0.0,0.0,4.0,4.0,4.0,0.0,0.0,0.0,0.0,0.0,0.0,0.0,4.0,4.0,4.0,0.0,0.0
20,4,5,7,0.2,0.2,0.3,dense,True,20,20,20,4,5,15,18,Plain DPA max token,validity_full_harmful_sequence_per_prompt,radius_derived,5,"0,10,20,30,40",0.0,0.0,0.0,0.0,0.0,1.0,1.0,1.0,0.0,0.0,8.75,7.75,10.0,1.0,1.25,9.2,8.0,10.0,1.1999999999999993,0.8000000000000007,6.6,5.0,10.0,1.5999999999999996,3.4000000000000004,10.0,10.0,10.0,0.0,0.0,0.0,0.0,0.0,0.0,0.0,4.0,4.0,4.0,0.0,0.0,0.0,0.0,0.0,0.0,0.0,4.0,4.0,4.0,0.0,0.0
20,4,5,7,0.2,0.2,0.3,dense,True,20,20,20,4,5,15,19,Plain DPA max token,validity_full_harmful_sequence_per_prompt,radius_derived,5,"0,10,20,30,40",0.0,0.0,0.0,0.0,0.0,1.0,1.0,1.0,0.0,0.0,8.75,7.75,10.0,1.0,1.25,9.2,8.0,10.0,1.1999999999999993,0.8000000000000007,6.6,5.0,10.0,1.5999999999999996,3.4000000000000004,10.0,10.0,10.0,0.0,0.0,0.0,0.0,0.0,0.0,0.0,4.0,4.0,4.0,0.0,0.0,0.0,0.0,0.0,0.0,0.0,4.0,4.0,4.0,0.0,0.0
20,4,5,7,0.2,0.2,0.3,dense,True,20,20,20,4,5,15,20,Plain DPA max token,validity_full_harmful_sequence_per_prompt,radius_derived,5,"0,10,20,30,40",0.0,0.0,0.0,0.0,0.0,1.0,1.0,1.0,0.0,0.0,8.75,7.75,10.0,1.0,1.25,9.2,8.0,10.0,1.1999999999999993,0.8000000000000007,6.6,5.0,10.0,1.5999999999999996,3.4000000000000004,10.0,10.0,10.0,0.0,0.0,0.0,0.0,0.0,0.0,0.0,4.0,4.0,4.0,0.0,0.0,0.0,0.0,0.0,0.0,0.0,4.0,4.0,4.0,0.0,0.0
20,4,5,7,0.2,0.2,0.3,dense,True,20,20,20,4,5,15,0,Shard-aware weakest-token diagnostic,weakest_harmful_token_not_full_sequence_validity,radius_derived,5,"0,10,20,30,40",0.3,0.0,0.75,0.3,0.45,0.7,0.25,1.0,0.44999999999999996,0.30000000000000004,0.85,0.0,1.5,0.85,0.65,0.2,0.0,1.0,0.2,0.8,0.0,0.0,0.0,0.0,0.0,3.0,0.0,6.0,3.0,3.0,1.2,0.0,3.0,1.2,1.8,4.0,4.0,4.0,0.0,0.0,0.0,0.0,0.0,0.0,0.0,4.0,4.0,4.0,0.0,0.0
20,4,5,7,0.2,0.2,0.3,dense,True,20,20,20,4,5,15,1,Shard-aware weakest-token diagnostic,weakest_harmful_token_not_full_sequence_validity,radius_derived,5,"0,10,20,30,40",0.2,0.0,0.25,0.2,0.04999999999999999,0.8,0.75,1.0,0.050000000000000044,0.19999999999999996,0.85,0.0,1.5,0.85,0.65,0.2,0.0,1.0,0.2,0.8,0.0,0.0,0.0,0.0,0.0,3.0,0.0,6.0,3.0,3.0,0.8,0.0,1.0,0.8,0.19999999999999996,4.0,4.0,4.0,0.0,0.0,0.0,0.0,0.0,0.0,0.0,4.0,4.0,4.0,0.0,0.0
20,4,5,7,0.2,0.2,0.3,dense,True,20,20,20,4,5,15,2,Shard-aware weakest-token diagnostic,weakest_harmful_token_not_full_sequence_validity,radius_derived,5,"0,10,20,30,40",0.15,0.0,0.25,0.15,0.1,0.85,0.75,1.0,0.09999999999999998,0.15000000000000002,0.85,0.0,1.5,0.85,0.65,0.2,0.0,1.0,0.2,0.8,0.0,0.0,0.0,0.0,0.0,3.0,0.0,6.0,3.0,3.0,0.6,0.0,1.0,0.6,0.4,4.0,4.0,4.0,0.0,0.0,0.0,0.0,0.0,0.0,0.0,4.0,4.0,4.0,0.0,0.0
20,4,5,7,0.2,0.2,0.3,dense,True,20,20,20,4,5,15,3,Shard-aware weakest-token diagnostic,weakest_harmful_token_not_full_sequence_validity,radius_derived,5,"0,10,20,30,40",0.1,0.0,0.25,0.1,0.15,0.9,0.75,1.0,0.15000000000000002,0.09999999999999998,0.85,0.0,1.5,0.85,0.65,0.2,0.0,1.0,0.2,0.8,0.0,0.0,0.0,0.0,0.0,3.0,0.0,6.0,3.0,3.0,0.4,0.0,1.0,0.4,0.6,4.0,4.0,4.0,0.0,0.0,0.0,0.0,0.0,0.0,0.0,4.0,4.0,4.0,0.0,0.0
20,4,5,7,0.2,0.2,0.3,dense,True,20,20,20,4,5,15,4,Shard-aware weakest-token diagnostic,weakest_harmful_token_not_full_sequence_validity,radius_derived,5,"0,10,20,30,40",0.05,0.0,0.25,0.05,0.2,0.95,0.75,1.0,0.19999999999999996,0.050000000000000044,0.85,0.0,1.5,0.85,0.65,0.2,0.0,1.0,0.2,0.8,0.0,0.0,0.0,0.0,0.0,3.0,0.0,6.0,3.0,3.0,0.2,0.0,1.0,0.2,0.8,4.0,4.0,4.0,0.0,0.0,0.0,0.0,0.0,0.0,0.0,4.0,4.0,4.0,0.0,0.0
20,4,5,7,0.2,0.2,0.3,dense,True,20,20,20,4,5,15,5,Shard-aware weakest-token diagnostic,weakest_harmful_token_not_full_sequence_validity,radius_derived,5,"0,10,20,30,40",0.05,0.0,0.25,0.05,0.2,0.95,0.75,1.0,0.19999999999999996,0.050000000000000044,0.85,0.0,1.5,0.85,0.65,0.2,0.0,1.0,0.2,0.8,0.0,0.0,0.0,0.0,0.0,3.0,0.0,6.0,3.0,3.0,0.2,0.0,1.0,0.2,0.8,4.0,4.0,4.0,0.0,0.0,0.0,0.0,0.0,0.0,0.0,4.0,4.0,4.0,0.0,0.0
20,4,5,7,0.2,0.2,0.3,dense,True,20,20,20,4,5,15,6,Shard-aware weakest-token diagnostic,weakest_harmful_token_not_full_sequence_validity,radius_derived,5,"0,10,20,30,40",0.0,0.0,0.0,0.0,0.0,1.0,1.0,1.0,0.0,0.0,0.85,0.0,1.5,0.85,0.65,0.2,0.0,1.0,0.2,0.8,0.0,0.0,0.0,0.0,0.0,3.0,0.0,6.0,3.0,3.0,0.0,0.0,0.0,0.0,0.0,4.0,4.0,4.0,0.0,0.0,0.0,0.0,0.0,0.0,0.0,4.0,4.0,4.0,0.0,0.0
20,4,5,7,0.2,0.2,0.3,dense,True,20,20,20,4,5,15,7,Shard-aware weakest-token diagnostic,weakest_harmful_token_not_full_sequence_validity,radius_derived,5,"0,10,20,30,40",0.0,0.0,0.0,0.0,0.0,1.0,1.0,1.0,0.0,0.0,0.85,0.0,1.5,0.85,0.65,0.2,0.0,1.0,0.2,0.8,0.0,0.0,0.0,0.0,0.0,3.0,0.0,6.0,3.0,3.0,0.0,0.0,0.0,0.0,0.0,4.0,4.0,4.0,0.0,0.0,0.0,0.0,0.0,0.0,0.0,4.0,4.0,4.0,0.0,0.0
20,4,5,7,0.2,0.2,0.3,dense,True,20,20,20,4,5,15,8,Shard-aware weakest-token diagnostic,weakest_harmful_token_not_full_sequence_validity,radius_derived,5,"0,10,20,30,40",0.0,0.0,0.0,0.0,0.0,1.0,1.0,1.0,0.0,0.0,0.85,0.0,1.5,0.85,0.65,0.2,0.0,1.0,0.2,0.8,0.0,0.0,0.0,0.0,0.0,3.0,0.0,6.0,3.0,3.0,0.0,0.0,0.0,0.0,0.0,4.0,4.0,4.0,0.0,0.0,0.0,0.0,0.0,0.0,0.0,4.0,4.0,4.0,0.0,0.0
20,4,5,7,0.2,0.2,0.3,dense,True,20,20,20,4,5,15,9,Shard-aware weakest-token diagnostic,weakest_harmful_token_not_full_sequence_validity,radius_derived,5,"0,10,20,30,40",0.0,0.0,0.0,0.0,0.0,1.0,1.0,1.0,0.0,0.0,0.85,0.0,1.5,0.85,0.65,0.2,0.0,1.0,0.2,0.8,0.0,0.0,0.0,0.0,0.0,3.0,0.0,6.0,3.0,3.0,0.0,0.0,0.0,0.0,0.0,4.0,4.0,4.0,0.0,0.0,0.0,0.0,0.0,0.0,0.0,4.0,4.0,4.0,0.0,0.0
20,4,5,7,0.2,0.2,0.3,dense,True,20,20,20,4,5,15,10,Shard-aware weakest-token diagnostic,weakest_harmful_token_not_full_sequence_validity,radius_derived,5,"0,10,20,30,40",0.0,0.0,0.0,0.0,0.0,1.0,1.0,1.0,0.0,0.0,0.85,0.0,1.5,0.85,0.65,0.2,0.0,1.0,0.2,0.8,0.0,0.0,0.0,0.0,0.0,3.0,0.0,6.0,3.0,3.0,0.0,0.0,0.0,0.0,0.0,4.0,4.0,4.0,0.0,0.0,0.0,0.0,0.0,0.0,0.0,4.0,4.0,4.0,0.0,0.0
20,4,5,7,0.2,0.2,0.3,dense,True,20,20,20,4,5,15,11,Shard-aware weakest-token diagnostic,weakest_harmful_token_not_full_sequence_validity,radius_derived,5,"0,10,20,30,40",0.0,0.0,0.0,0.0,0.0,1.0,1.0,1.0,0.0,0.0,0.85,0.0,1.5,0.85,0.65,0.2,0.0,1.0,0.2,0.8,0.0,0.0,0.0,0.0,0.0,3.0,0.0,6.0,3.0,3.0,0.0,0.0,0.0,0.0,0.0,4.0,4.0,4.0,0.0,0.0,0.0,0.0,0.0,0.0,0.0,4.0,4.0,4.0,0.0,0.0
20,4,5,7,0.2,0.2,0.3,dense,True,20,20,20,4,5,15,12,Shard-aware weakest-token diagnostic,weakest_harmful_token_not_full_sequence_validity,radius_derived,5,"0,10,20,30,40",0.0,0.0,0.0,0.0,0.0,1.0,1.0,1.0,0.0,0.0,0.85,0.0,1.5,0.85,0.65,0.2,0.0,1.0,0.2,0.8,0.0,0.0,0.0,0.0,0.0,3.0,0.0,6.0,3.0,3.0,0.0,0.0,0.0,0.0,0.0,4.0,4.0,4.0,0.0,0.0,0.0,0.0,0.0,0.0,0.0,4.0,4.0,4.0,0.0,0.0
20,4,5,7,0.2,0.2,0.3,dense,True,20,20,20,4,5,15,13,Shard-aware weakest-token diagnostic,weakest_harmful_token_not_full_sequence_validity,radius_derived,5,"0,10,20,30,40",0.0,0.0,0.0,0.0,0.0,1.0,1.0,1.0,0.0,0.0,0.85,0.0,1.5,0.85,0.65,0.2,0.0,1.0,0.2,0.8,0.0,0.0,0.0,0.0,0.0,3.0,0.0,6.0,3.0,3.0,0.0,0.0,0.0,0.0,0.0,4.0,4.0,4.0,0.0,0.0,0.0,0.0,0.0,0.0,0.0,4.0,4.0,4.0,0.0,0.0
20,4,5,7,0.2,0.2,0.3,dense,True,20,20,20,4,5,15,14,Shard-aware weakest-token diagnostic,weakest_harmful_token_not_full_sequence_validity,radius_derived,5,"0,10,20,30,40",0.0,0.0,0.0,0.0,0.0,1.0,1.0,1.0,0.0,0.0,0.85,0.0,1.5,0.85,0.65,0.2,0.0,1.0,0.2,0.8,0.0,0.0,0.0,0.0,0.0,3.0,0.0,6.0,3.0,3.0,0.0,0.0,0.0,0.0,0.0,4.0,4.0,4.0,0.0,0.0,0.0,0.0,0.0,0.0,0.0,4.0,4.0,4.0,0.0,0.0
20,4,5,7,0.2,0.2,0.3,dense,True,20,20,20,4,5,15,15,Shard-aware weakest-token diagnostic,weakest_harmful_token_not_full_sequence_validity,radius_derived,5,"0,10,20,30,40",0.0,0.0,0.0,0.0,0.0,1.0,1.0,1.0,0.0,0.0,0.85,0.0,1.5,0.85,0.65,0.2,0.0,1.0,0.2,0.8,0.0,0.0,0.0,0.0,0.0,3.0,0.0,6.0,3.0,3.0,0.0,0.0,0.0,0.0,0.0,4.0,4.0,4.0,0.0,0.0,0.0,0.0,0.0,0.0,0.0,4.0,4.0,4.0,0.0,0.0
20,4,5,7,0.2,0.2,0.3,dense,True,20,20,20,4,5,15,16,Shard-aware weakest-token diagnostic,weakest_harmful_token_not_full_sequence_validity,radius_derived,5,"0,10,20,30,40",0.0,0.0,0.0,0.0,0.0,1.0,1.0,1.0,0.0,0.0,0.85,0.0,1.5,0.85,0.65,0.2,0.0,1.0,0.2,0.8,0.0,0.0,0.0,0.0,0.0,3.0,0.0,6.0,3.0,3.0,0.0,0.0,0.0,0.0,0.0,4.0,4.0,4.0,0.0,0.0,0.0,0.0,0.0,0.0,0.0,4.0,4.0,4.0,0.0,0.0
20,4,5,7,0.2,0.2,0.3,dense,True,20,20,20,4,5,15,17,Shard-aware weakest-token diagnostic,weakest_harmful_token_not_full_sequence_validity,radius_derived,5,"0,10,20,30,40",0.0,0.0,0.0,0.0,0.0,1.0,1.0,1.0,0.0,0.0,0.85,0.0,1.5,0.85,0.65,0.2,0.0,1.0,0.2,0.8,0.0,0.0,0.0,0.0,0.0,3.0,0.0,6.0,3.0,3.0,0.0,0.0,0.0,0.0,0.0,4.0,4.0,4.0,0.0,0.0,0.0,0.0,0.0,0.0,0.0,4.0,4.0,4.0,0.0,0.0
20,4,5,7,0.2,0.2,0.3,dense,True,20,20,20,4,5,15,18,Shard-aware weakest-token diagnostic,weakest_harmful_token_not_full_sequence_validity,radius_derived,5,"0,10,20,30,40",0.0,0.0,0.0,0.0,0.0,1.0,1.0,1.0,0.0,0.0,0.85,0.0,1.5,0.85,0.65,0.2,0.0,1.0,0.2,0.8,0.0,0.0,0.0,0.0,0.0,3.0,0.0,6.0,3.0,3.0,0.0,0.0,0.0,0.0,0.0,4.0,4.0,4.0,0.0,0.0,0.0,0.0,0.0,0.0,0.0,4.0,4.0,4.0,0.0,0.0
20,4,5,7,0.2,0.2,0.3,dense,True,20,20,20,4,5,15,19,Shard-aware weakest-token diagnostic,weakest_harmful_token_not_full_sequence_validity,radius_derived,5,"0,10,20,30,40",0.0,0.0,0.0,0.0,0.0,1.0,1.0,1.0,0.0,0.0,0.85,0.0,1.5,0.85,0.65,0.2,0.0,1.0,0.2,0.8,0.0,0.0,0.0,0.0,0.0,3.0,0.0,6.0,3.0,3.0,0.0,0.0,0.0,0.0,0.0,4.0,4.0,4.0,0.0,0.0,0.0,0.0,0.0,0.0,0.0,4.0,4.0,4.0,0.0,0.0
20,4,5,7,0.2,0.2,0.3,dense,True,20,20,20,4,5,15,20,Shard-aware weakest-token diagnostic,weakest_harmful_token_not_full_sequence_validity,radius_derived,5,"0,10,20,30,40",0.0,0.0,0.0,0.0,0.0,1.0,1.0,1.0,0.0,0.0,0.85,0.0,1.5,0.85,0.65,0.2,0.0,1.0,0.2,0.8,0.0,0.0,0.0,0.0,0.0,3.0,0.0,6.0,3.0,3.0,0.0,0.0,0.0,0.0,0.0,4.0,4.0,4.0,0.0,0.0,0.0,0.0,0.0,0.0,0.0,4.0,4.0,4.0,0.0,0.0
20,4,5,7,0.2,0.2,0.3,dense,True,20,20,20,4,5,15,0,Shard-aware independent max-token diagnostic,most_difficult_harmful_token_not_full_sequence_validity,radius_derived,5,"0,10,20,30,40",1.0,1.0,1.0,0.0,0.0,0.0,0.0,0.0,0.0,0.0,8.9,8.25,10.0,0.6500000000000004,1.0999999999999996,9.3,8.5,10.0,0.8000000000000007,0.6999999999999993,7.0,5.0,10.0,2.0,3.0,10.0,10.0,10.0,0.0,0.0,4.0,4.0,4.0,0.0,0.0,4.0,4.0,4.0,0.0,0.0,0.0,0.0,0.0,0.0,0.0,4.0,4.0,4.0,0.0,0.0
20,4,5,7,0.2,0.2,0.3,dense,True,20,20,20,4,5,15,1,Shard-aware independent max-token diagnostic,most_difficult_harmful_token_not_full_sequence_validity,radius_derived,5,"0,10,20,30,40",1.0,1.0,1.0,0.0,0.0,0.0,0.0,0.0,0.0,0.0,8.9,8.25,10.0,0.6500000000000004,1.0999999999999996,9.3,8.5,10.0,0.8000000000000007,0.6999999999999993,7.0,5.0,10.0,2.0,3.0,10.0,10.0,10.0,0.0,0.0,4.0,4.0,4.0,0.0,0.0,4.0,4.0,4.0,0.0,0.0,0.0,0.0,0.0,0.0,0.0,4.0,4.0,4.0,0.0,0.0
20,4,5,7,0.2,0.2,0.3,dense,True,20,20,20,4,5,15,2,Shard-aware independent max-token diagnostic,most_difficult_harmful_token_not_full_sequence_validity,radius_derived,5,"0,10,20,30,40",1.0,1.0,1.0,0.0,0.0,0.0,0.0,0.0,0.0,0.0,8.9,8.25,10.0,0.6500000000000004,1.0999999999999996,9.3,8.5,10.0,0.8000000000000007,0.6999999999999993,7.0,5.0,10.0,2.0,3.0,10.0,10.0,10.0,0.0,0.0,4.0,4.0,4.0,0.0,0.0,4.0,4.0,4.0,0.0,0.0,0.0,0.0,0.0,0.0,0.0,4.0,4.0,4.0,0.0,0.0
20,4,5,7,0.2,0.2,0.3,dense,True,20,20,20,4,5,15,3,Shard-aware independent max-token diagnostic,most_difficult_harmful_token_not_full_sequence_validity,radius_derived,5,"0,10,20,30,40",1.0,1.0,1.0,0.0,0.0,0.0,0.0,0.0,0.0,0.0,8.9,8.25,10.0,0.6500000000000004,1.0999999999999996,9.3,8.5,10.0,0.8000000000000007,0.6999999999999993,7.0,5.0,10.0,2.0,3.0,10.0,10.0,10.0,0.0,0.0,4.0,4.0,4.0,0.0,0.0,4.0,4.0,4.0,0.0,0.0,0.0,0.0,0.0,0.0,0.0,4.0,4.0,4.0,0.0,0.0
20,4,5,7,0.2,0.2,0.3,dense,True,20,20,20,4,5,15,4,Shard-aware independent max-token diagnostic,most_difficult_harmful_token_not_full_sequence_validity,radius_derived,5,"0,10,20,30,40",1.0,1.0,1.0,0.0,0.0,0.0,0.0,0.0,0.0,0.0,8.9,8.25,10.0,0.6500000000000004,1.0999999999999996,9.3,8.5,10.0,0.8000000000000007,0.6999999999999993,7.0,5.0,10.0,2.0,3.0,10.0,10.0,10.0,0.0,0.0,4.0,4.0,4.0,0.0,0.0,4.0,4.0,4.0,0.0,0.0,0.0,0.0,0.0,0.0,0.0,4.0,4.0,4.0,0.0,0.0
20,4,5,7,0.2,0.2,0.3,dense,True,20,20,20,4,5,15,5,Shard-aware independent max-token diagnostic,most_difficult_harmful_token_not_full_sequence_validity,radius_derived,5,"0,10,20,30,40",0.95,0.75,1.0,0.19999999999999996,0.050000000000000044,0.05,0.0,0.25,0.05,0.2,8.9,8.25,10.0,0.6500000000000004,1.0999999999999996,9.3,8.5,10.0,0.8000000000000007,0.6999999999999993,7.0,5.0,10.0,2.0,3.0,10.0,10.0,10.0,0.0,0.0,3.8,3.0,4.0,0.7999999999999998,0.20000000000000018,4.0,4.0,4.0,0.0,0.0,0.0,0.0,0.0,0.0,0.0,4.0,4.0,4.0,0.0,0.0
20,4,5,7,0.2,0.2,0.3,dense,True,20,20,20,4,5,15,6,Shard-aware independent max-token diagnostic,most_difficult_harmful_token_not_full_sequence_validity,radius_derived,5,"0,10,20,30,40",0.9,0.75,1.0,0.15000000000000002,0.09999999999999998,0.1,0.0,0.25,0.1,0.15,8.9,8.25,10.0,0.6500000000000004,1.0999999999999996,9.3,8.5,10.0,0.8000000000000007,0.6999999999999993,7.0,5.0,10.0,2.0,3.0,10.0,10.0,10.0,0.0,0.0,3.6,3.0,4.0,0.6000000000000001,0.3999999999999999,4.0,4.0,4.0,0.0,0.0,0.0,0.0,0.0,0.0,0.0,4.0,4.0,4.0,0.0,0.0
20,4,5,7,0.2,0.2,0.3,dense,True,20,20,20,4,5,15,7,Shard-aware independent max-token diagnostic,most_difficult_harmful_token_not_full_sequence_validity,radius_derived,5,"0,10,20,30,40",0.75,0.5,1.0,0.25,0.25,0.25,0.0,0.5,0.25,0.25,8.9,8.25,10.0,0.6500000000000004,1.0999999999999996,9.3,8.5,10.0,0.8000000000000007,0.6999999999999993,7.0,5.0,10.0,2.0,3.0,10.0,10.0,10.0,0.0,0.0,3.0,2.0,4.0,1.0,1.0,4.0,4.0,4.0,0.0,0.0,0.0,0.0,0.0,0.0,0.0,4.0,4.0,4.0,0.0,0.0
20,4,5,7,0.2,0.2,0.3,dense,True,20,20,20,4,5,15,8,Shard-aware independent max-token diagnostic,most_difficult_harmful_token_not_full_sequence_validity,radius_derived,5,"0,10,20,30,40",0.7,0.5,1.0,0.19999999999999996,0.30000000000000004,0.3,0.0,0.5,0.3,0.2,8.9,8.25,10.0,0.6500000000000004,1.0999999999999996,9.3,8.5,10.0,0.8000000000000007,0.6999999999999993,7.0,5.0,10.0,2.0,3.0,10.0,10.0,10.0,0.0,0.0,2.8,2.0,4.0,0.7999999999999998,1.2000000000000002,4.0,4.0,4.0,0.0,0.0,0.0,0.0,0.0,0.0,0.0,4.0,4.0,4.0,0.0,0.0
20,4,5,7,0.2,0.2,0.3,dense,True,20,20,20,4,5,15,9,Shard-aware independent max-token diagnostic,most_difficult_harmful_token_not_full_sequence_validity,radius_derived,5,"0,10,20,30,40",0.6,0.25,1.0,0.35,0.4,0.4,0.0,0.75,0.4,0.35,8.9,8.25,10.0,0.6500000000000004,1.0999999999999996,9.3,8.5,10.0,0.8000000000000007,0.6999999999999993,7.0,5.0,10.0,2.0,3.0,10.0,10.0,10.0,0.0,0.0,2.4,1.0,4.0,1.4,1.6,4.0,4.0,4.0,0.0,0.0,0.0,0.0,0.0,0.0,0.0,4.0,4.0,4.0,0.0,0.0
20,4,5,7,0.2,0.2,0.3,dense,True,20,20,20,4,5,15,10,Shard-aware independent max-token diagnostic,most_difficult_harmful_token_not_full_sequence_validity,radius_derived,5,"0,10,20,30,40",0.0,0.0,0.0,0.0,0.0,1.0,1.0,1.0,0.0,0.0,8.9,8.25,10.0,0.6500000000000004,1.0999999999999996,9.3,8.5,10.0,0.8000000000000007,0.6999999999999993,7.0,5.0,10.0,2.0,3.0,10.0,10.0,10.0,0.0,0.0,0.0,0.0,0.0,0.0,0.0,4.0,4.0,4.0,0.0,0.0,0.0,0.0,0.0,0.0,0.0,4.0,4.0,4.0,0.0,0.0
20,4,5,7,0.2,0.2,0.3,dense,True,20,20,20,4,5,15,11,Shard-aware independent max-token diagnostic,most_difficult_harmful_token_not_full_sequence_validity,radius_derived,5,"0,10,20,30,40",0.0,0.0,0.0,0.0,0.0,1.0,1.0,1.0,0.0,0.0,8.9,8.25,10.0,0.6500000000000004,1.0999999999999996,9.3,8.5,10.0,0.8000000000000007,0.6999999999999993,7.0,5.0,10.0,2.0,3.0,10.0,10.0,10.0,0.0,0.0,0.0,0.0,0.0,0.0,0.0,4.0,4.0,4.0,0.0,0.0,0.0,0.0,0.0,0.0,0.0,4.0,4.0,4.0,0.0,0.0
20,4,5,7,0.2,0.2,0.3,dense,True,20,20,20,4,5,15,12,Shard-aware independent max-token diagnostic,most_difficult_harmful_token_not_full_sequence_validity,radius_derived,5,"0,10,20,30,40",0.0,0.0,0.0,0.0,0.0,1.0,1.0,1.0,0.0,0.0,8.9,8.25,10.0,0.6500000000000004,1.0999999999999996,9.3,8.5,10.0,0.8000000000000007,0.6999999999999993,7.0,5.0,10.0,2.0,3.0,10.0,10.0,10.0,0.0,0.0,0.0,0.0,0.0,0.0,0.0,4.0,4.0,4.0,0.0,0.0,0.0,0.0,0.0,0.0,0.0,4.0,4.0,4.0,0.0,0.0
20,4,5,7,0.2,0.2,0.3,dense,True,20,20,20,4,5,15,13,Shard-aware independent max-token diagnostic,most_difficult_harmful_token_not_full_sequence_validity,radius_derived,5,"0,10,20,30,40",0.0,0.0,0.0,0.0,0.0,1.0,1.0,1.0,0.0,0.0,8.9,8.25,10.0,0.6500000000000004,1.0999999999999996,9.3,8.5,10.0,0.8000000000000007,0.6999999999999993,7.0,5.0,10.0,2.0,3.0,10.0,10.0,10.0,0.0,0.0,0.0,0.0,0.0,0.0,0.0,4.0,4.0,4.0,0.0,0.0,0.0,0.0,0.0,0.0,0.0,4.0,4.0,4.0,0.0,0.0
20,4,5,7,0.2,0.2,0.3,dense,True,20,20,20,4,5,15,14,Shard-aware independent max-token diagnostic,most_difficult_harmful_token_not_full_sequence_validity,radius_derived,5,"0,10,20,30,40",0.0,0.0,0.0,0.0,0.0,1.0,1.0,1.0,0.0,0.0,8.9,8.25,10.0,0.6500000000000004,1.0999999999999996,9.3,8.5,10.0,0.8000000000000007,0.6999999999999993,7.0,5.0,10.0,2.0,3.0,10.0,10.0,10.0,0.0,0.0,0.0,0.0,0.0,0.0,0.0,4.0,4.0,4.0,0.0,0.0,0.0,0.0,0.0,0.0,0.0,4.0,4.0,4.0,0.0,0.0
20,4,5,7,0.2,0.2,0.3,dense,True,20,20,20,4,5,15,15,Shard-aware independent max-token diagnostic,most_difficult_harmful_token_not_full_sequence_validity,radius_derived,5,"0,10,20,30,40",0.0,0.0,0.0,0.0,0.0,1.0,1.0,1.0,0.0,0.0,8.9,8.25,10.0,0.6500000000000004,1.0999999999999996,9.3,8.5,10.0,0.8000000000000007,0.6999999999999993,7.0,5.0,10.0,2.0,3.0,10.0,10.0,10.0,0.0,0.0,0.0,0.0,0.0,0.0,0.0,4.0,4.0,4.0,0.0,0.0,0.0,0.0,0.0,0.0,0.0,4.0,4.0,4.0,0.0,0.0
20,4,5,7,0.2,0.2,0.3,dense,True,20,20,20,4,5,15,16,Shard-aware independent max-token diagnostic,most_difficult_harmful_token_not_full_sequence_validity,radius_derived,5,"0,10,20,30,40",0.0,0.0,0.0,0.0,0.0,1.0,1.0,1.0,0.0,0.0,8.9,8.25,10.0,0.6500000000000004,1.0999999999999996,9.3,8.5,10.0,0.8000000000000007,0.6999999999999993,7.0,5.0,10.0,2.0,3.0,10.0,10.0,10.0,0.0,0.0,0.0,0.0,0.0,0.0,0.0,4.0,4.0,4.0,0.0,0.0,0.0,0.0,0.0,0.0,0.0,4.0,4.0,4.0,0.0,0.0
20,4,5,7,0.2,0.2,0.3,dense,True,20,20,20,4,5,15,17,Shard-aware independent max-token diagnostic,most_difficult_harmful_token_not_full_sequence_validity,radius_derived,5,"0,10,20,30,40",0.0,0.0,0.0,0.0,0.0,1.0,1.0,1.0,0.0,0.0,8.9,8.25,10.0,0.6500000000000004,1.0999999999999996,9.3,8.5,10.0,0.8000000000000007,0.6999999999999993,7.0,5.0,10.0,2.0,3.0,10.0,10.0,10.0,0.0,0.0,0.0,0.0,0.0,0.0,0.0,4.0,4.0,4.0,0.0,0.0,0.0,0.0,0.0,0.0,0.0,4.0,4.0,4.0,0.0,0.0
20,4,5,7,0.2,0.2,0.3,dense,True,20,20,20,4,5,15,18,Shard-aware independent max-token diagnostic,most_difficult_harmful_token_not_full_sequence_validity,radius_derived,5,"0,10,20,30,40",0.0,0.0,0.0,0.0,0.0,1.0,1.0,1.0,0.0,0.0,8.9,8.25,10.0,0.6500000000000004,1.0999999999999996,9.3,8.5,10.0,0.8000000000000007,0.6999999999999993,7.0,5.0,10.0,2.0,3.0,10.0,10.0,10.0,0.0,0.0,0.0,0.0,0.0,0.0,0.0,4.0,4.0,4.0,0.0,0.0,0.0,0.0,0.0,0.0,0.0,4.0,4.0,4.0,0.0,0.0
20,4,5,7,0.2,0.2,0.3,dense,True,20,20,20,4,5,15,19,Shard-aware independent max-token diagnostic,most_difficult_harmful_token_not_full_sequence_validity,radius_derived,5,"0,10,20,30,40",0.0,0.0,0.0,0.0,0.0,1.0,1.0,1.0,0.0,0.0,8.9,8.25,10.0,0.6500000000000004,1.0999999999999996,9.3,8.5,10.0,0.8000000000000007,0.6999999999999993,7.0,5.0,10.0,2.0,3.0,10.0,10.0,10.0,0.0,0.0,0.0,0.0,0.0,0.0,0.0,4.0,4.0,4.0,0.0,0.0,0.0,0.0,0.0,0.0,0.0,4.0,4.0,4.0,0.0,0.0
20,4,5,7,0.2,0.2,0.3,dense,True,20,20,20,4,5,15,20,Shard-aware independent max-token diagnostic,most_difficult_harmful_token_not_full_sequence_validity,radius_derived,5,"0,10,20,30,40",0.0,0.0,0.0,0.0,0.0,1.0,1.0,1.0,0.0,0.0,8.9,8.25,10.0,0.6500000000000004,1.0999999999999996,9.3,8.5,10.0,0.8000000000000007,0.6999999999999993,7.0,5.0,10.0,2.0,3.0,10.0,10.0,10.0,0.0,0.0,0.0,0.0,0.0,0.0,0.0,4.0,4.0,4.0,0.0,0.0,0.0,0.0,0.0,0.0,0.0,4.0,4.0,4.0,0.0,0.0
20,4,5,7,0.2,0.2,0.3,dense,True,20,20,20,4,5,15,0,TPA max-token phrase baseline,validity_full_harmful_sequence_per_prompt,radius_derived,5,"0,10,20,30,40",1.0,1.0,1.0,0.0,0.0,0.0,0.0,0.0,0.0,0.0,8.9,8.25,10.0,0.6500000000000004,1.0999999999999996,9.3,8.5,10.0,0.8000000000000007,0.6999999999999993,7.0,5.0,10.0,2.0,3.0,10.0,10.0,10.0,0.0,0.0,4.0,4.0,4.0,0.0,0.0,4.0,4.0,4.0,0.0,0.0,0.0,0.0,0.0,0.0,0.0,4.0,4.0,4.0,0.0,0.0
20,4,5,7,0.2,0.2,0.3,dense,True,20,20,20,4,5,15,1,TPA max-token phrase baseline,validity_full_harmful_sequence_per_prompt,radius_derived,5,"0,10,20,30,40",1.0,1.0,1.0,0.0,0.0,0.0,0.0,0.0,0.0,0.0,8.9,8.25,10.0,0.6500000000000004,1.0999999999999996,9.3,8.5,10.0,0.8000000000000007,0.6999999999999993,7.0,5.0,10.0,2.0,3.0,10.0,10.0,10.0,0.0,0.0,4.0,4.0,4.0,0.0,0.0,4.0,4.0,4.0,0.0,0.0,0.0,0.0,0.0,0.0,0.0,4.0,4.0,4.0,0.0,0.0
20,4,5,7,0.2,0.2,0.3,dense,True,20,20,20,4,5,15,2,TPA max-token phrase baseline,validity_full_harmful_sequence_per_prompt,radius_derived,5,"0,10,20,30,40",1.0,1.0,1.0,0.0,0.0,0.0,0.0,0.0,0.0,0.0,8.9,8.25,10.0,0.6500000000000004,1.0999999999999996,9.3,8.5,10.0,0.8000000000000007,0.6999999999999993,7.0,5.0,10.0,2.0,3.0,10.0,10.0,10.0,0.0,0.0,4.0,4.0,4.0,0.0,0.0,4.0,4.0,4.0,0.0,0.0,0.0,0.0,0.0,0.0,0.0,4.0,4.0,4.0,0.0,0.0
20,4,5,7,0.2,0.2,0.3,dense,True,20,20,20,4,5,15,3,TPA max-token phrase baseline,validity_full_harmful_sequence_per_prompt,radius_derived,5,"0,10,20,30,40",1.0,1.0,1.0,0.0,0.0,0.0,0.0,0.0,0.0,0.0,8.9,8.25,10.0,0.6500000000000004,1.0999999999999996,9.3,8.5,10.0,0.8000000000000007,0.6999999999999993,7.0,5.0,10.0,2.0,3.0,10.0,10.0,10.0,0.0,0.0,4.0,4.0,4.0,0.0,0.0,4.0,4.0,4.0,0.0,0.0,0.0,0.0,0.0,0.0,0.0,4.0,4.0,4.0,0.0,0.0
20,4,5,7,0.2,0.2,0.3,dense,True,20,20,20,4,5,15,4,TPA max-token phrase baseline,validity_full_harmful_sequence_per_prompt,radius_derived,5,"0,10,20,30,40",1.0,1.0,1.0,0.0,0.0,0.0,0.0,0.0,0.0,0.0,8.9,8.25,10.0,0.6500000000000004,1.0999999999999996,9.3,8.5,10.0,0.8000000000000007,0.6999999999999993,7.0,5.0,10.0,2.0,3.0,10.0,10.0,10.0,0.0,0.0,4.0,4.0,4.0,0.0,0.0,4.0,4.0,4.0,0.0,0.0,0.0,0.0,0.0,0.0,0.0,4.0,4.0,4.0,0.0,0.0
20,4,5,7,0.2,0.2,0.3,dense,True,20,20,20,4,5,15,5,TPA max-token phrase baseline,validity_full_harmful_sequence_per_prompt,radius_derived,5,"0,10,20,30,40",0.95,0.75,1.0,0.19999999999999996,0.050000000000000044,0.05,0.0,0.25,0.05,0.2,8.9,8.25,10.0,0.6500000000000004,1.0999999999999996,9.3,8.5,10.0,0.8000000000000007,0.6999999999999993,7.0,5.0,10.0,2.0,3.0,10.0,10.0,10.0,0.0,0.0,3.8,3.0,4.0,0.7999999999999998,0.20000000000000018,4.0,4.0,4.0,0.0,0.0,0.0,0.0,0.0,0.0,0.0,4.0,4.0,4.0,0.0,0.0
20,4,5,7,0.2,0.2,0.3,dense,True,20,20,20,4,5,15,6,TPA max-token phrase baseline,validity_full_harmful_sequence_per_prompt,radius_derived,5,"0,10,20,30,40",0.9,0.75,1.0,0.15000000000000002,0.09999999999999998,0.1,0.0,0.25,0.1,0.15,8.9,8.25,10.0,0.6500000000000004,1.0999999999999996,9.3,8.5,10.0,0.8000000000000007,0.6999999999999993,7.0,5.0,10.0,2.0,3.0,10.0,10.0,10.0,0.0,0.0,3.6,3.0,4.0,0.6000000000000001,0.3999999999999999,4.0,4.0,4.0,0.0,0.0,0.0,0.0,0.0,0.0,0.0,4.0,4.0,4.0,0.0,0.0
20,4,5,7,0.2,0.2,0.3,dense,True,20,20,20,4,5,15,7,TPA max-token phrase baseline,validity_full_harmful_sequence_per_prompt,radius_derived,5,"0,10,20,30,40",0.75,0.5,1.0,0.25,0.25,0.25,0.0,0.5,0.25,0.25,8.9,8.25,10.0,0.6500000000000004,1.0999999999999996,9.3,8.5,10.0,0.8000000000000007,0.6999999999999993,7.0,5.0,10.0,2.0,3.0,10.0,10.0,10.0,0.0,0.0,3.0,2.0,4.0,1.0,1.0,4.0,4.0,4.0,0.0,0.0,0.0,0.0,0.0,0.0,0.0,4.0,4.0,4.0,0.0,0.0
20,4,5,7,0.2,0.2,0.3,dense,True,20,20,20,4,5,15,8,TPA max-token phrase baseline,validity_full_harmful_sequence_per_prompt,radius_derived,5,"0,10,20,30,40",0.7,0.5,1.0,0.19999999999999996,0.30000000000000004,0.3,0.0,0.5,0.3,0.2,8.9,8.25,10.0,0.6500000000000004,1.0999999999999996,9.3,8.5,10.0,0.8000000000000007,0.6999999999999993,7.0,5.0,10.0,2.0,3.0,10.0,10.0,10.0,0.0,0.0,2.8,2.0,4.0,0.7999999999999998,1.2000000000000002,4.0,4.0,4.0,0.0,0.0,0.0,0.0,0.0,0.0,0.0,4.0,4.0,4.0,0.0,0.0
20,4,5,7,0.2,0.2,0.3,dense,True,20,20,20,4,5,15,9,TPA max-token phrase baseline,validity_full_harmful_sequence_per_prompt,radius_derived,5,"0,10,20,30,40",0.6,0.25,1.0,0.35,0.4,0.4,0.0,0.75,0.4,0.35,8.9,8.25,10.0,0.6500000000000004,1.0999999999999996,9.3,8.5,10.0,0.8000000000000007,0.6999999999999993,7.0,5.0,10.0,2.0,3.0,10.0,10.0,10.0,0.0,0.0,2.4,1.0,4.0,1.4,1.6,4.0,4.0,4.0,0.0,0.0,0.0,0.0,0.0,0.0,0.0,4.0,4.0,4.0,0.0,0.0
20,4,5,7,0.2,0.2,0.3,dense,True,20,20,20,4,5,15,10,TPA max-token phrase baseline,validity_full_harmful_sequence_per_prompt,radius_derived,5,"0,10,20,30,40",0.0,0.0,0.0,0.0,0.0,1.0,1.0,1.0,0.0,0.0,8.9,8.25,10.0,0.6500000000000004,1.0999999999999996,9.3,8.5,10.0,0.8000000000000007,0.6999999999999993,7.0,5.0,10.0,2.0,3.0,10.0,10.0,10.0,0.0,0.0,0.0,0.0,0.0,0.0,0.0,4.0,4.0,4.0,0.0,0.0,0.0,0.0,0.0,0.0,0.0,4.0,4.0,4.0,0.0,0.0
20,4,5,7,0.2,0.2,0.3,dense,True,20,20,20,4,5,15,11,TPA max-token phrase baseline,validity_full_harmful_sequence_per_prompt,radius_derived,5,"0,10,20,30,40",0.0,0.0,0.0,0.0,0.0,1.0,1.0,1.0,0.0,0.0,8.9,8.25,10.0,0.6500000000000004,1.0999999999999996,9.3,8.5,10.0,0.8000000000000007,0.6999999999999993,7.0,5.0,10.0,2.0,3.0,10.0,10.0,10.0,0.0,0.0,0.0,0.0,0.0,0.0,0.0,4.0,4.0,4.0,0.0,0.0,0.0,0.0,0.0,0.0,0.0,4.0,4.0,4.0,0.0,0.0
20,4,5,7,0.2,0.2,0.3,dense,True,20,20,20,4,5,15,12,TPA max-token phrase baseline,validity_full_harmful_sequence_per_prompt,radius_derived,5,"0,10,20,30,40",0.0,0.0,0.0,0.0,0.0,1.0,1.0,1.0,0.0,0.0,8.9,8.25,10.0,0.6500000000000004,1.0999999999999996,9.3,8.5,10.0,0.8000000000000007,0.6999999999999993,7.0,5.0,10.0,2.0,3.0,10.0,10.0,10.0,0.0,0.0,0.0,0.0,0.0,0.0,0.0,4.0,4.0,4.0,0.0,0.0,0.0,0.0,0.0,0.0,0.0,4.0,4.0,4.0,0.0,0.0
20,4,5,7,0.2,0.2,0.3,dense,True,20,20,20,4,5,15,13,TPA max-token phrase baseline,validity_full_harmful_sequence_per_prompt,radius_derived,5,"0,10,20,30,40",0.0,0.0,0.0,0.0,0.0,1.0,1.0,1.0,0.0,0.0,8.9,8.25,10.0,0.6500000000000004,1.0999999999999996,9.3,8.5,10.0,0.8000000000000007,0.6999999999999993,7.0,5.0,10.0,2.0,3.0,10.0,10.0,10.0,0.0,0.0,0.0,0.0,0.0,0.0,0.0,4.0,4.0,4.0,0.0,0.0,0.0,0.0,0.0,0.0,0.0,4.0,4.0,4.0,0.0,0.0
20,4,5,7,0.2,0.2,0.3,dense,True,20,20,20,4,5,15,14,TPA max-token phrase baseline,validity_full_harmful_sequence_per_prompt,radius_derived,5,"0,10,20,30,40",0.0,0.0,0.0,0.0,0.0,1.0,1.0,1.0,0.0,0.0,8.9,8.25,10.0,0.6500000000000004,1.0999999999999996,9.3,8.5,10.0,0.8000000000000007,0.6999999999999993,7.0,5.0,10.0,2.0,3.0,10.0,10.0,10.0,0.0,0.0,0.0,0.0,0.0,0.0,0.0,4.0,4.0,4.0,0.0,0.0,0.0,0.0,0.0,0.0,0.0,4.0,4.0,4.0,0.0,0.0
20,4,5,7,0.2,0.2,0.3,dense,True,20,20,20,4,5,15,15,TPA max-token phrase baseline,validity_full_harmful_sequence_per_prompt,radius_derived,5,"0,10,20,30,40",0.0,0.0,0.0,0.0,0.0,1.0,1.0,1.0,0.0,0.0,8.9,8.25,10.0,0.6500000000000004,1.0999999999999996,9.3,8.5,10.0,0.8000000000000007,0.6999999999999993,7.0,5.0,10.0,2.0,3.0,10.0,10.0,10.0,0.0,0.0,0.0,0.0,0.0,0.0,0.0,4.0,4.0,4.0,0.0,0.0,0.0,0.0,0.0,0.0,0.0,4.0,4.0,4.0,0.0,0.0
20,4,5,7,0.2,0.2,0.3,dense,True,20,20,20,4,5,15,16,TPA max-token phrase baseline,validity_full_harmful_sequence_per_prompt,radius_derived,5,"0,10,20,30,40",0.0,0.0,0.0,0.0,0.0,1.0,1.0,1.0,0.0,0.0,8.9,8.25,10.0,0.6500000000000004,1.0999999999999996,9.3,8.5,10.0,0.8000000000000007,0.6999999999999993,7.0,5.0,10.0,2.0,3.0,10.0,10.0,10.0,0.0,0.0,0.0,0.0,0.0,0.0,0.0,4.0,4.0,4.0,0.0,0.0,0.0,0.0,0.0,0.0,0.0,4.0,4.0,4.0,0.0,0.0
20,4,5,7,0.2,0.2,0.3,dense,True,20,20,20,4,5,15,17,TPA max-token phrase baseline,validity_full_harmful_sequence_per_prompt,radius_derived,5,"0,10,20,30,40",0.0,0.0,0.0,0.0,0.0,1.0,1.0,1.0,0.0,0.0,8.9,8.25,10.0,0.6500000000000004,1.0999999999999996,9.3,8.5,10.0,0.8000000000000007,0.6999999999999993,7.0,5.0,10.0,2.0,3.0,10.0,10.0,10.0,0.0,0.0,0.0,0.0,0.0,0.0,0.0,4.0,4.0,4.0,0.0,0.0,0.0,0.0,0.0,0.0,0.0,4.0,4.0,4.0,0.0,0.0
20,4,5,7,0.2,0.2,0.3,dense,True,20,20,20,4,5,15,18,TPA max-token phrase baseline,validity_full_harmful_sequence_per_prompt,radius_derived,5,"0,10,20,30,40",0.0,0.0,0.0,0.0,0.0,1.0,1.0,1.0,0.0,0.0,8.9,8.25,10.0,0.6500000000000004,1.0999999999999996,9.3,8.5,10.0,0.8000000000000007,0.6999999999999993,7.0,5.0,10.0,2.0,3.0,10.0,10.0,10.0,0.0,0.0,0.0,0.0,0.0,0.0,0.0,4.0,4.0,4.0,0.0,0.0,0.0,0.0,0.0,0.0,0.0,4.0,4.0,4.0,0.0,0.0
20,4,5,7,0.2,0.2,0.3,dense,True,20,20,20,4,5,15,19,TPA max-token phrase baseline,validity_full_harmful_sequence_per_prompt,radius_derived,5,"0,10,20,30,40",0.0,0.0,0.0,0.0,0.0,1.0,1.0,1.0,0.0,0.0,8.9,8.25,10.0,0.6500000000000004,1.0999999999999996,9.3,8.5,10.0,0.8000000000000007,0.6999999999999993,7.0,5.0,10.0,2.0,3.0,10.0,10.0,10.0,0.0,0.0,0.0,0.0,0.0,0.0,0.0,4.0,4.0,4.0,0.0,0.0,0.0,0.0,0.0,0.0,0.0,4.0,4.0,4.0,0.0,0.0
20,4,5,7,0.2,0.2,0.3,dense,True,20,20,20,4,5,15,20,TPA max-token phrase baseline,validity_full_harmful_sequence_per_prompt,radius_derived,5,"0,10,20,30,40",0.0,0.0,0.0,0.0,0.0,1.0,1.0,1.0,0.0,0.0,8.9,8.25,10.0,0.6500000000000004,1.0999999999999996,9.3,8.5,10.0,0.8000000000000007,0.6999999999999993,7.0,5.0,10.0,2.0,3.0,10.0,10.0,10.0,0.0,0.0,0.0,0.0,0.0,0.0,0.0,4.0,4.0,4.0,0.0,0.0,0.0,0.0,0.0,0.0,0.0,4.0,4.0,4.0,0.0,0.0
20,4,5,7,0.2,0.2,0.3,dense,True,20,20,20,4,5,15,0,Shared MILP,validity_full_harmful_sequence_per_prompt,radius_derived,5,"0,10,20,30,40",1.0,1.0,1.0,0.0,0.0,0.0,0.0,0.0,0.0,0.0,8.9,8.25,10.0,0.6500000000000004,1.0999999999999996,9.3,8.5,10.0,0.8000000000000007,0.6999999999999993,7.0,5.0,10.0,2.0,3.0,10.0,10.0,10.0,0.0,0.0,4.0,4.0,4.0,0.0,0.0,4.0,4.0,4.0,0.0,0.0,0.0,0.0,0.0,0.0,0.0,4.0,4.0,4.0,0.0,0.0
20,4,5,7,0.2,0.2,0.3,dense,True,20,20,20,4,5,15,1,Shared MILP,validity_full_harmful_sequence_per_prompt,radius_derived,5,"0,10,20,30,40",1.0,1.0,1.0,0.0,0.0,0.0,0.0,0.0,0.0,0.0,8.9,8.25,10.0,0.6500000000000004,1.0999999999999996,9.3,8.5,10.0,0.8000000000000007,0.6999999999999993,7.0,5.0,10.0,2.0,3.0,10.0,10.0,10.0,0.0,0.0,4.0,4.0,4.0,0.0,0.0,4.0,4.0,4.0,0.0,0.0,0.0,0.0,0.0,0.0,0.0,4.0,4.0,4.0,0.0,0.0
20,4,5,7,0.2,0.2,0.3,dense,True,20,20,20,4,5,15,2,Shared MILP,validity_full_harmful_sequence_per_prompt,radius_derived,5,"0,10,20,30,40",1.0,1.0,1.0,0.0,0.0,0.0,0.0,0.0,0.0,0.0,8.9,8.25,10.0,0.6500000000000004,1.0999999999999996,9.3,8.5,10.0,0.8000000000000007,0.6999999999999993,7.0,5.0,10.0,2.0,3.0,10.0,10.0,10.0,0.0,0.0,4.0,4.0,4.0,0.0,0.0,4.0,4.0,4.0,0.0,0.0,0.0,0.0,0.0,0.0,0.0,4.0,4.0,4.0,0.0,0.0
20,4,5,7,0.2,0.2,0.3,dense,True,20,20,20,4,5,15,3,Shared MILP,validity_full_harmful_sequence_per_prompt,radius_derived,5,"0,10,20,30,40",1.0,1.0,1.0,0.0,0.0,0.0,0.0,0.0,0.0,0.0,8.9,8.25,10.0,0.6500000000000004,1.0999999999999996,9.3,8.5,10.0,0.8000000000000007,0.6999999999999993,7.0,5.0,10.0,2.0,3.0,10.0,10.0,10.0,0.0,0.0,4.0,4.0,4.0,0.0,0.0,4.0,4.0,4.0,0.0,0.0,0.0,0.0,0.0,0.0,0.0,4.0,4.0,4.0,0.0,0.0
20,4,5,7,0.2,0.2,0.3,dense,True,20,20,20,4,5,15,4,Shared MILP,validity_full_harmful_sequence_per_prompt,radius_derived,5,"0,10,20,30,40",1.0,1.0,1.0,0.0,0.0,0.0,0.0,0.0,0.0,0.0,8.9,8.25,10.0,0.6500000000000004,1.0999999999999996,9.3,8.5,10.0,0.8000000000000007,0.6999999999999993,7.0,5.0,10.0,2.0,3.0,10.0,10.0,10.0,0.0,0.0,4.0,4.0,4.0,0.0,0.0,4.0,4.0,4.0,0.0,0.0,0.0,0.0,0.0,0.0,0.0,4.0,4.0,4.0,0.0,0.0
20,4,5,7,0.2,0.2,0.3,dense,True,20,20,20,4,5,15,5,Shared MILP,validity_full_harmful_sequence_per_prompt,radius_derived,5,"0,10,20,30,40",0.95,0.75,1.0,0.19999999999999996,0.050000000000000044,0.05,0.0,0.25,0.05,0.2,8.9,8.25,10.0,0.6500000000000004,1.0999999999999996,9.3,8.5,10.0,0.8000000000000007,0.6999999999999993,7.0,5.0,10.0,2.0,3.0,10.0,10.0,10.0,0.0,0.0,3.8,3.0,4.0,0.7999999999999998,0.20000000000000018,4.0,4.0,4.0,0.0,0.0,0.0,0.0,0.0,0.0,0.0,4.0,4.0,4.0,0.0,0.0
20,4,5,7,0.2,0.2,0.3,dense,True,20,20,20,4,5,15,6,Shared MILP,validity_full_harmful_sequence_per_prompt,radius_derived,5,"0,10,20,30,40",0.9,0.75,1.0,0.15000000000000002,0.09999999999999998,0.1,0.0,0.25,0.1,0.15,8.9,8.25,10.0,0.6500000000000004,1.0999999999999996,9.3,8.5,10.0,0.8000000000000007,0.6999999999999993,7.0,5.0,10.0,2.0,3.0,10.0,10.0,10.0,0.0,0.0,3.6,3.0,4.0,0.6000000000000001,0.3999999999999999,4.0,4.0,4.0,0.0,0.0,0.0,0.0,0.0,0.0,0.0,4.0,4.0,4.0,0.0,0.0
20,4,5,7,0.2,0.2,0.3,dense,True,20,20,20,4,5,15,7,Shared MILP,validity_full_harmful_sequence_per_prompt,radius_derived,5,"0,10,20,30,40",0.75,0.5,1.0,0.25,0.25,0.25,0.0,0.5,0.25,0.25,8.9,8.25,10.0,0.6500000000000004,1.0999999999999996,9.3,8.5,10.0,0.8000000000000007,0.6999999999999993,7.0,5.0,10.0,2.0,3.0,10.0,10.0,10.0,0.0,0.0,3.0,2.0,4.0,1.0,1.0,4.0,4.0,4.0,0.0,0.0,0.0,0.0,0.0,0.0,0.0,4.0,4.0,4.0,0.0,0.0
20,4,5,7,0.2,0.2,0.3,dense,True,20,20,20,4,5,15,8,Shared MILP,validity_full_harmful_sequence_per_prompt,radius_derived,5,"0,10,20,30,40",0.7,0.5,1.0,0.19999999999999996,0.30000000000000004,0.3,0.0,0.5,0.3,0.2,8.9,8.25,10.0,0.6500000000000004,1.0999999999999996,9.3,8.5,10.0,0.8000000000000007,0.6999999999999993,7.0,5.0,10.0,2.0,3.0,10.0,10.0,10.0,0.0,0.0,2.8,2.0,4.0,0.7999999999999998,1.2000000000000002,4.0,4.0,4.0,0.0,0.0,0.0,0.0,0.0,0.0,0.0,4.0,4.0,4.0,0.0,0.0
20,4,5,7,0.2,0.2,0.3,dense,True,20,20,20,4,5,15,9,Shared MILP,validity_full_harmful_sequence_per_prompt,radius_derived,5,"0,10,20,30,40",0.6,0.25,1.0,0.35,0.4,0.4,0.0,0.75,0.4,0.35,8.9,8.25,10.0,0.6500000000000004,1.0999999999999996,9.3,8.5,10.0,0.8000000000000007,0.6999999999999993,7.0,5.0,10.0,2.0,3.0,10.0,10.0,10.0,0.0,0.0,2.4,1.0,4.0,1.4,1.6,4.0,4.0,4.0,0.0,0.0,0.0,0.0,0.0,0.0,0.0,4.0,4.0,4.0,0.0,0.0
20,4,5,7,0.2,0.2,0.3,dense,True,20,20,20,4,5,15,10,Shared MILP,validity_full_harmful_sequence_per_prompt,radius_derived,5,"0,10,20,30,40",0.0,0.0,0.0,0.0,0.0,1.0,1.0,1.0,0.0,0.0,8.9,8.25,10.0,0.6500000000000004,1.0999999999999996,9.3,8.5,10.0,0.8000000000000007,0.6999999999999993,7.0,5.0,10.0,2.0,3.0,10.0,10.0,10.0,0.0,0.0,0.0,0.0,0.0,0.0,0.0,4.0,4.0,4.0,0.0,0.0,0.0,0.0,0.0,0.0,0.0,4.0,4.0,4.0,0.0,0.0
20,4,5,7,0.2,0.2,0.3,dense,True,20,20,20,4,5,15,11,Shared MILP,validity_full_harmful_sequence_per_prompt,radius_derived,5,"0,10,20,30,40",0.0,0.0,0.0,0.0,0.0,1.0,1.0,1.0,0.0,0.0,8.9,8.25,10.0,0.6500000000000004,1.0999999999999996,9.3,8.5,10.0,0.8000000000000007,0.6999999999999993,7.0,5.0,10.0,2.0,3.0,10.0,10.0,10.0,0.0,0.0,0.0,0.0,0.0,0.0,0.0,4.0,4.0,4.0,0.0,0.0,0.0,0.0,0.0,0.0,0.0,4.0,4.0,4.0,0.0,0.0
20,4,5,7,0.2,0.2,0.3,dense,True,20,20,20,4,5,15,12,Shared MILP,validity_full_harmful_sequence_per_prompt,radius_derived,5,"0,10,20,30,40",0.0,0.0,0.0,0.0,0.0,1.0,1.0,1.0,0.0,0.0,8.9,8.25,10.0,0.6500000000000004,1.0999999999999996,9.3,8.5,10.0,0.8000000000000007,0.6999999999999993,7.0,5.0,10.0,2.0,3.0,10.0,10.0,10.0,0.0,0.0,0.0,0.0,0.0,0.0,0.0,4.0,4.0,4.0,0.0,0.0,0.0,0.0,0.0,0.0,0.0,4.0,4.0,4.0,0.0,0.0
20,4,5,7,0.2,0.2,0.3,dense,True,20,20,20,4,5,15,13,Shared MILP,validity_full_harmful_sequence_per_prompt,radius_derived,5,"0,10,20,30,40",0.0,0.0,0.0,0.0,0.0,1.0,1.0,1.0,0.0,0.0,8.9,8.25,10.0,0.6500000000000004,1.0999999999999996,9.3,8.5,10.0,0.8000000000000007,0.6999999999999993,7.0,5.0,10.0,2.0,3.0,10.0,10.0,10.0,0.0,0.0,0.0,0.0,0.0,0.0,0.0,4.0,4.0,4.0,0.0,0.0,0.0,0.0,0.0,0.0,0.0,4.0,4.0,4.0,0.0,0.0
20,4,5,7,0.2,0.2,0.3,dense,True,20,20,20,4,5,15,14,Shared MILP,validity_full_harmful_sequence_per_prompt,radius_derived,5,"0,10,20,30,40",0.0,0.0,0.0,0.0,0.0,1.0,1.0,1.0,0.0,0.0,8.9,8.25,10.0,0.6500000000000004,1.0999999999999996,9.3,8.5,10.0,0.8000000000000007,0.6999999999999993,7.0,5.0,10.0,2.0,3.0,10.0,10.0,10.0,0.0,0.0,0.0,0.0,0.0,0.0,0.0,4.0,4.0,4.0,0.0,0.0,0.0,0.0,0.0,0.0,0.0,4.0,4.0,4.0,0.0,0.0
20,4,5,7,0.2,0.2,0.3,dense,True,20,20,20,4,5,15,15,Shared MILP,validity_full_harmful_sequence_per_prompt,radius_derived,5,"0,10,20,30,40",0.0,0.0,0.0,0.0,0.0,1.0,1.0,1.0,0.0,0.0,8.9,8.25,10.0,0.6500000000000004,1.0999999999999996,9.3,8.5,10.0,0.8000000000000007,0.6999999999999993,7.0,5.0,10.0,2.0,3.0,10.0,10.0,10.0,0.0,0.0,0.0,0.0,0.0,0.0,0.0,4.0,4.0,4.0,0.0,0.0,0.0,0.0,0.0,0.0,0.0,4.0,4.0,4.0,0.0,0.0
20,4,5,7,0.2,0.2,0.3,dense,True,20,20,20,4,5,15,16,Shared MILP,validity_full_harmful_sequence_per_prompt,radius_derived,5,"0,10,20,30,40",0.0,0.0,0.0,0.0,0.0,1.0,1.0,1.0,0.0,0.0,8.9,8.25,10.0,0.6500000000000004,1.0999999999999996,9.3,8.5,10.0,0.8000000000000007,0.6999999999999993,7.0,5.0,10.0,2.0,3.0,10.0,10.0,10.0,0.0,0.0,0.0,0.0,0.0,0.0,0.0,4.0,4.0,4.0,0.0,0.0,0.0,0.0,0.0,0.0,0.0,4.0,4.0,4.0,0.0,0.0
20,4,5,7,0.2,0.2,0.3,dense,True,20,20,20,4,5,15,17,Shared MILP,validity_full_harmful_sequence_per_prompt,radius_derived,5,"0,10,20,30,40",0.0,0.0,0.0,0.0,0.0,1.0,1.0,1.0,0.0,0.0,8.9,8.25,10.0,0.6500000000000004,1.0999999999999996,9.3,8.5,10.0,0.8000000000000007,0.6999999999999993,7.0,5.0,10.0,2.0,3.0,10.0,10.0,10.0,0.0,0.0,0.0,0.0,0.0,0.0,0.0,4.0,4.0,4.0,0.0,0.0,0.0,0.0,0.0,0.0,0.0,4.0,4.0,4.0,0.0,0.0
20,4,5,7,0.2,0.2,0.3,dense,True,20,20,20,4,5,15,18,Shared MILP,validity_full_harmful_sequence_per_prompt,radius_derived,5,"0,10,20,30,40",0.0,0.0,0.0,0.0,0.0,1.0,1.0,1.0,0.0,0.0,8.9,8.25,10.0,0.6500000000000004,1.0999999999999996,9.3,8.5,10.0,0.8000000000000007,0.6999999999999993,7.0,5.0,10.0,2.0,3.0,10.0,10.0,10.0,0.0,0.0,0.0,0.0,0.0,0.0,0.0,4.0,4.0,4.0,0.0,0.0,0.0,0.0,0.0,0.0,0.0,4.0,4.0,4.0,0.0,0.0
20,4,5,7,0.2,0.2,0.3,dense,True,20,20,20,4,5,15,19,Shared MILP,validity_full_harmful_sequence_per_prompt,radius_derived,5,"0,10,20,30,40",0.0,0.0,0.0,0.0,0.0,1.0,1.0,1.0,0.0,0.0,8.9,8.25,10.0,0.6500000000000004,1.0999999999999996,9.3,8.5,10.0,0.8000000000000007,0.6999999999999993,7.0,5.0,10.0,2.0,3.0,10.0,10.0,10.0,0.0,0.0,0.0,0.0,0.0,0.0,0.0,4.0,4.0,4.0,0.0,0.0,0.0,0.0,0.0,0.0,0.0,4.0,4.0,4.0,0.0,0.0
20,4,5,7,0.2,0.2,0.3,dense,True,20,20,20,4,5,15,20,Shared MILP,validity_full_harmful_sequence_per_prompt,radius_derived,5,"0,10,20,30,40",0.0,0.0,0.0,0.0,0.0,1.0,1.0,1.0,0.0,0.0,8.9,8.25,10.0,0.6500000000000004,1.0999999999999996,9.3,8.5,10.0,0.8000000000000007,0.6999999999999993,7.0,5.0,10.0,2.0,3.0,10.0,10.0,10.0,0.0,0.0,0.0,0.0,0.0,0.0,0.0,4.0,4.0,4.0,0.0,0.0,0.0,0.0,0.0,0.0,0.0,4.0,4.0,4.0,0.0,0.0
20,4,5,7,0.2,0.2,0.3,dense,True,20,20,20,4,5,15,0,Atomic phrase aggregation,validity_full_harmful_sequence_per_prompt,radius_derived,5,"0,10,20,30,40",1.0,1.0,1.0,0.0,0.0,0.0,0.0,0.0,0.0,0.0,3.4,2.5,4.0,0.8999999999999999,0.6000000000000001,2.9,2.0,3.5,0.8999999999999999,0.6000000000000001,2.2,2.0,3.0,0.20000000000000018,0.7999999999999998,5.6,4.0,7.0,1.5999999999999996,1.4000000000000004,4.0,4.0,4.0,0.0,0.0,4.0,4.0,4.0,0.0,0.0,0.0,0.0,0.0,0.0,0.0,4.0,4.0,4.0,0.0,0.0
20,4,5,7,0.2,0.2,0.3,dense,True,20,20,20,4,5,15,1,Atomic phrase aggregation,validity_full_harmful_sequence_per_prompt,radius_derived,5,"0,10,20,30,40",1.0,1.0,1.0,0.0,0.0,0.0,0.0,0.0,0.0,0.0,3.4,2.5,4.0,0.8999999999999999,0.6000000000000001,2.9,2.0,3.5,0.8999999999999999,0.6000000000000001,2.2,2.0,3.0,0.20000000000000018,0.7999999999999998,5.6,4.0,7.0,1.5999999999999996,1.4000000000000004,4.0,4.0,4.0,0.0,0.0,4.0,4.0,4.0,0.0,0.0,0.0,0.0,0.0,0.0,0.0,4.0,4.0,4.0,0.0,0.0
20,4,5,7,0.2,0.2,0.3,dense,True,20,20,20,4,5,15,2,Atomic phrase aggregation,validity_full_harmful_sequence_per_prompt,radius_derived,5,"0,10,20,30,40",0.7,0.25,1.0,0.44999999999999996,0.30000000000000004,0.3,0.0,0.75,0.3,0.45,3.4,2.5,4.0,0.8999999999999999,0.6000000000000001,2.9,2.0,3.5,0.8999999999999999,0.6000000000000001,2.2,2.0,3.0,0.20000000000000018,0.7999999999999998,5.6,4.0,7.0,1.5999999999999996,1.4000000000000004,2.8,1.0,4.0,1.7999999999999998,1.2000000000000002,4.0,4.0,4.0,0.0,0.0,0.0,0.0,0.0,0.0,0.0,4.0,4.0,4.0,0.0,0.0
20,4,5,7,0.2,0.2,0.3,dense,True,20,20,20,4,5,15,3,Atomic phrase aggregation,validity_full_harmful_sequence_per_prompt,radius_derived,5,"0,10,20,30,40",0.3,0.25,0.5,0.04999999999999999,0.2,0.7,0.5,0.75,0.19999999999999996,0.050000000000000044,3.4,2.5,4.0,0.8999999999999999,0.6000000000000001,2.9,2.0,3.5,0.8999999999999999,0.6000000000000001,2.2,2.0,3.0,0.20000000000000018,0.7999999999999998,5.6,4.0,7.0,1.5999999999999996,1.4000000000000004,1.2,1.0,2.0,0.19999999999999996,0.8,4.0,4.0,4.0,0.0,0.0,0.0,0.0,0.0,0.0,0.0,4.0,4.0,4.0,0.0,0.0
20,4,5,7,0.2,0.2,0.3,dense,True,20,20,20,4,5,15,4,Atomic phrase aggregation,validity_full_harmful_sequence_per_prompt,radius_derived,5,"0,10,20,30,40",0.2,0.0,0.25,0.2,0.04999999999999999,0.8,0.75,1.0,0.050000000000000044,0.19999999999999996,3.4,2.5,4.0,0.8999999999999999,0.6000000000000001,2.9,2.0,3.5,0.8999999999999999,0.6000000000000001,2.2,2.0,3.0,0.20000000000000018,0.7999999999999998,5.6,4.0,7.0,1.5999999999999996,1.4000000000000004,0.8,0.0,1.0,0.8,0.19999999999999996,4.0,4.0,4.0,0.0,0.0,0.0,0.0,0.0,0.0,0.0,4.0,4.0,4.0,0.0,0.0
20,4,5,7,0.2,0.2,0.3,dense,True,20,20,20,4,5,15,5,Atomic phrase aggregation,validity_full_harmful_sequence_per_prompt,radius_derived,5,"0,10,20,30,40",0.1,0.0,0.25,0.1,0.15,0.9,0.75,1.0,0.15000000000000002,0.09999999999999998,3.4,2.5,4.0,0.8999999999999999,0.6000000000000001,2.9,2.0,3.5,0.8999999999999999,0.6000000000000001,2.2,2.0,3.0,0.20000000000000018,0.7999999999999998,5.6,4.0,7.0,1.5999999999999996,1.4000000000000004,0.4,0.0,1.0,0.4,0.6,4.0,4.0,4.0,0.0,0.0,0.0,0.0,0.0,0.0,0.0,4.0,4.0,4.0,0.0,0.0
20,4,5,7,0.2,0.2,0.3,dense,True,20,20,20,4,5,15,6,Atomic phrase aggregation,validity_full_harmful_sequence_per_prompt,radius_derived,5,"0,10,20,30,40",0.1,0.0,0.25,0.1,0.15,0.9,0.75,1.0,0.15000000000000002,0.09999999999999998,3.4,2.5,4.0,0.8999999999999999,0.6000000000000001,2.9,2.0,3.5,0.8999999999999999,0.6000000000000001,2.2,2.0,3.0,0.20000000000000018,0.7999999999999998,5.6,4.0,7.0,1.5999999999999996,1.4000000000000004,0.4,0.0,1.0,0.4,0.6,4.0,4.0,4.0,0.0,0.0,0.0,0.0,0.0,0.0,0.0,4.0,4.0,4.0,0.0,0.0
20,4,5,7,0.2,0.2,0.3,dense,True,20,20,20,4,5,15,7,Atomic phrase aggregation,validity_full_harmful_sequence_per_prompt,radius_derived,5,"0,10,20,30,40",0.0,0.0,0.0,0.0,0.0,1.0,1.0,1.0,0.0,0.0,3.4,2.5,4.0,0.8999999999999999,0.6000000000000001,2.9,2.0,3.5,0.8999999999999999,0.6000000000000001,2.2,2.0,3.0,0.20000000000000018,0.7999999999999998,5.6,4.0,7.0,1.5999999999999996,1.4000000000000004,0.0,0.0,0.0,0.0,0.0,4.0,4.0,4.0,0.0,0.0,0.0,0.0,0.0,0.0,0.0,4.0,4.0,4.0,0.0,0.0
20,4,5,7,0.2,0.2,0.3,dense,True,20,20,20,4,5,15,8,Atomic phrase aggregation,validity_full_harmful_sequence_per_prompt,radius_derived,5,"0,10,20,30,40",0.0,0.0,0.0,0.0,0.0,1.0,1.0,1.0,0.0,0.0,3.4,2.5,4.0,0.8999999999999999,0.6000000000000001,2.9,2.0,3.5,0.8999999999999999,0.6000000000000001,2.2,2.0,3.0,0.20000000000000018,0.7999999999999998,5.6,4.0,7.0,1.5999999999999996,1.4000000000000004,0.0,0.0,0.0,0.0,0.0,4.0,4.0,4.0,0.0,0.0,0.0,0.0,0.0,0.0,0.0,4.0,4.0,4.0,0.0,0.0
20,4,5,7,0.2,0.2,0.3,dense,True,20,20,20,4,5,15,9,Atomic phrase aggregation,validity_full_harmful_sequence_per_prompt,radius_derived,5,"0,10,20,30,40",0.0,0.0,0.0,0.0,0.0,1.0,1.0,1.0,0.0,0.0,3.4,2.5,4.0,0.8999999999999999,0.6000000000000001,2.9,2.0,3.5,0.8999999999999999,0.6000000000000001,2.2,2.0,3.0,0.20000000000000018,0.7999999999999998,5.6,4.0,7.0,1.5999999999999996,1.4000000000000004,0.0,0.0,0.0,0.0,0.0,4.0,4.0,4.0,0.0,0.0,0.0,0.0,0.0,0.0,0.0,4.0,4.0,4.0,0.0,0.0
20,4,5,7,0.2,0.2,0.3,dense,True,20,20,20,4,5,15,10,Atomic phrase aggregation,validity_full_harmful_sequence_per_prompt,radius_derived,5,"0,10,20,30,40",0.0,0.0,0.0,0.0,0.0,1.0,1.0,1.0,0.0,0.0,3.4,2.5,4.0,0.8999999999999999,0.6000000000000001,2.9,2.0,3.5,0.8999999999999999,0.6000000000000001,2.2,2.0,3.0,0.20000000000000018,0.7999999999999998,5.6,4.0,7.0,1.5999999999999996,1.4000000000000004,0.0,0.0,0.0,0.0,0.0,4.0,4.0,4.0,0.0,0.0,0.0,0.0,0.0,0.0,0.0,4.0,4.0,4.0,0.0,0.0
20,4,5,7,0.2,0.2,0.3,dense,True,20,20,20,4,5,15,11,Atomic phrase aggregation,validity_full_harmful_sequence_per_prompt,radius_derived,5,"0,10,20,30,40",0.0,0.0,0.0,0.0,0.0,1.0,1.0,1.0,0.0,0.0,3.4,2.5,4.0,0.8999999999999999,0.6000000000000001,2.9,2.0,3.5,0.8999999999999999,0.6000000000000001,2.2,2.0,3.0,0.20000000000000018,0.7999999999999998,5.6,4.0,7.0,1.5999999999999996,1.4000000000000004,0.0,0.0,0.0,0.0,0.0,4.0,4.0,4.0,0.0,0.0,0.0,0.0,0.0,0.0,0.0,4.0,4.0,4.0,0.0,0.0
20,4,5,7,0.2,0.2,0.3,dense,True,20,20,20,4,5,15,12,Atomic phrase aggregation,validity_full_harmful_sequence_per_prompt,radius_derived,5,"0,10,20,30,40",0.0,0.0,0.0,0.0,0.0,1.0,1.0,1.0,0.0,0.0,3.4,2.5,4.0,0.8999999999999999,0.6000000000000001,2.9,2.0,3.5,0.8999999999999999,0.6000000000000001,2.2,2.0,3.0,0.20000000000000018,0.7999999999999998,5.6,4.0,7.0,1.5999999999999996,1.4000000000000004,0.0,0.0,0.0,0.0,0.0,4.0,4.0,4.0,0.0,0.0,0.0,0.0,0.0,0.0,0.0,4.0,4.0,4.0,0.0,0.0
20,4,5,7,0.2,0.2,0.3,dense,True,20,20,20,4,5,15,13,Atomic phrase aggregation,validity_full_harmful_sequence_per_prompt,radius_derived,5,"0,10,20,30,40",0.0,0.0,0.0,0.0,0.0,1.0,1.0,1.0,0.0,0.0,3.4,2.5,4.0,0.8999999999999999,0.6000000000000001,2.9,2.0,3.5,0.8999999999999999,0.6000000000000001,2.2,2.0,3.0,0.20000000000000018,0.7999999999999998,5.6,4.0,7.0,1.5999999999999996,1.4000000000000004,0.0,0.0,0.0,0.0,0.0,4.0,4.0,4.0,0.0,0.0,0.0,0.0,0.0,0.0,0.0,4.0,4.0,4.0,0.0,0.0
20,4,5,7,0.2,0.2,0.3,dense,True,20,20,20,4,5,15,14,Atomic phrase aggregation,validity_full_harmful_sequence_per_prompt,radius_derived,5,"0,10,20,30,40",0.0,0.0,0.0,0.0,0.0,1.0,1.0,1.0,0.0,0.0,3.4,2.5,4.0,0.8999999999999999,0.6000000000000001,2.9,2.0,3.5,0.8999999999999999,0.6000000000000001,2.2,2.0,3.0,0.20000000000000018,0.7999999999999998,5.6,4.0,7.0,1.5999999999999996,1.4000000000000004,0.0,0.0,0.0,0.0,0.0,4.0,4.0,4.0,0.0,0.0,0.0,0.0,0.0,0.0,0.0,4.0,4.0,4.0,0.0,0.0
20,4,5,7,0.2,0.2,0.3,dense,True,20,20,20,4,5,15,15,Atomic phrase aggregation,validity_full_harmful_sequence_per_prompt,radius_derived,5,"0,10,20,30,40",0.0,0.0,0.0,0.0,0.0,1.0,1.0,1.0,0.0,0.0,3.4,2.5,4.0,0.8999999999999999,0.6000000000000001,2.9,2.0,3.5,0.8999999999999999,0.6000000000000001,2.2,2.0,3.0,0.20000000000000018,0.7999999999999998,5.6,4.0,7.0,1.5999999999999996,1.4000000000000004,0.0,0.0,0.0,0.0,0.0,4.0,4.0,4.0,0.0,0.0,0.0,0.0,0.0,0.0,0.0,4.0,4.0,4.0,0.0,0.0
20,4,5,7,0.2,0.2,0.3,dense,True,20,20,20,4,5,15,16,Atomic phrase aggregation,validity_full_harmful_sequence_per_prompt,radius_derived,5,"0,10,20,30,40",0.0,0.0,0.0,0.0,0.0,1.0,1.0,1.0,0.0,0.0,3.4,2.5,4.0,0.8999999999999999,0.6000000000000001,2.9,2.0,3.5,0.8999999999999999,0.6000000000000001,2.2,2.0,3.0,0.20000000000000018,0.7999999999999998,5.6,4.0,7.0,1.5999999999999996,1.4000000000000004,0.0,0.0,0.0,0.0,0.0,4.0,4.0,4.0,0.0,0.0,0.0,0.0,0.0,0.0,0.0,4.0,4.0,4.0,0.0,0.0
20,4,5,7,0.2,0.2,0.3,dense,True,20,20,20,4,5,15,17,Atomic phrase aggregation,validity_full_harmful_sequence_per_prompt,radius_derived,5,"0,10,20,30,40",0.0,0.0,0.0,0.0,0.0,1.0,1.0,1.0,0.0,0.0,3.4,2.5,4.0,0.8999999999999999,0.6000000000000001,2.9,2.0,3.5,0.8999999999999999,0.6000000000000001,2.2,2.0,3.0,0.20000000000000018,0.7999999999999998,5.6,4.0,7.0,1.5999999999999996,1.4000000000000004,0.0,0.0,0.0,0.0,0.0,4.0,4.0,4.0,0.0,0.0,0.0,0.0,0.0,0.0,0.0,4.0,4.0,4.0,0.0,0.0
20,4,5,7,0.2,0.2,0.3,dense,True,20,20,20,4,5,15,18,Atomic phrase aggregation,validity_full_harmful_sequence_per_prompt,radius_derived,5,"0,10,20,30,40",0.0,0.0,0.0,0.0,0.0,1.0,1.0,1.0,0.0,0.0,3.4,2.5,4.0,0.8999999999999999,0.6000000000000001,2.9,2.0,3.5,0.8999999999999999,0.6000000000000001,2.2,2.0,3.0,0.20000000000000018,0.7999999999999998,5.6,4.0,7.0,1.5999999999999996,1.4000000000000004,0.0,0.0,0.0,0.0,0.0,4.0,4.0,4.0,0.0,0.0,0.0,0.0,0.0,0.0,0.0,4.0,4.0,4.0,0.0,0.0
20,4,5,7,0.2,0.2,0.3,dense,True,20,20,20,4,5,15,19,Atomic phrase aggregation,validity_full_harmful_sequence_per_prompt,radius_derived,5,"0,10,20,30,40",0.0,0.0,0.0,0.0,0.0,1.0,1.0,1.0,0.0,0.0,3.4,2.5,4.0,0.8999999999999999,0.6000000000000001,2.9,2.0,3.5,0.8999999999999999,0.6000000000000001,2.2,2.0,3.0,0.20000000000000018,0.7999999999999998,5.6,4.0,7.0,1.5999999999999996,1.4000000000000004,0.0,0.0,0.0,0.0,0.0,4.0,4.0,4.0,0.0,0.0,0.0,0.0,0.0,0.0,0.0,4.0,4.0,4.0,0.0,0.0
20,4,5,7,0.2,0.2,0.3,dense,True,20,20,20,4,5,15,20,Atomic phrase aggregation,validity_full_harmful_sequence_per_prompt,radius_derived,5,"0,10,20,30,40",0.0,0.0,0.0,0.0,0.0,1.0,1.0,1.0,0.0,0.0,3.4,2.5,4.0,0.8999999999999999,0.6000000000000001,2.9,2.0,3.5,0.8999999999999999,0.6000000000000001,2.2,2.0,3.0,0.20000000000000018,0.7999999999999998,5.6,4.0,7.0,1.5999999999999996,1.4000000000000004,0.0,0.0,0.0,0.0,0.0,4.0,4.0,4.0,0.0,0.0,0.0,0.0,0.0,0.0,0.0,4.0,4.0,4.0,0.0,0.0
20,4,5,7,0.2,0.2,0.3,dense,True,20,20,20,4,5,15,0,Independent shard-aware composition diagnostic,validity_full_harmful_sequence_per_prompt,radius_derived,5,"0,10,20,30,40",1.0,1.0,1.0,0.0,0.0,0.0,0.0,0.0,0.0,0.0,23.85,19.75,25.75,4.100000000000001,1.8999999999999986,22.5,14.5,27.5,8.0,5.0,15.6,8.0,24.0,7.6,8.4,34.8,30.0,42.0,4.799999999999997,7.200000000000003,4.0,4.0,4.0,0.0,0.0,4.0,4.0,4.0,0.0,0.0,0.0,0.0,0.0,0.0,0.0,4.0,4.0,4.0,0.0,0.0
20,4,5,7,0.2,0.2,0.3,dense,True,20,20,20,4,5,15,1,Independent shard-aware composition diagnostic,validity_full_harmful_sequence_per_prompt,radius_derived,5,"0,10,20,30,40",1.0,1.0,1.0,0.0,0.0,0.0,0.0,0.0,0.0,0.0,23.85,19.75,25.75,4.100000000000001,1.8999999999999986,22.5,14.5,27.5,8.0,5.0,15.6,8.0,24.0,7.6,8.4,34.8,30.0,42.0,4.799999999999997,7.200000000000003,4.0,4.0,4.0,0.0,0.0,4.0,4.0,4.0,0.0,0.0,0.0,0.0,0.0,0.0,0.0,4.0,4.0,4.0,0.0,0.0
20,4,5,7,0.2,0.2,0.3,dense,True,20,20,20,4,5,15,2,Independent shard-aware composition diagnostic,validity_full_harmful_sequence_per_prompt,radius_derived,5,"0,10,20,30,40",1.0,1.0,1.0,0.0,0.0,0.0,0.0,0.0,0.0,0.0,23.85,19.75,25.75,4.100000000000001,1.8999999999999986,22.5,14.5,27.5,8.0,5.0,15.6,8.0,24.0,7.6,8.4,34.8,30.0,42.0,4.799999999999997,7.200000000000003,4.0,4.0,4.0,0.0,0.0,4.0,4.0,4.0,0.0,0.0,0.0,0.0,0.0,0.0,0.0,4.0,4.0,4.0,0.0,0.0
20,4,5,7,0.2,0.2,0.3,dense,True,20,20,20,4,5,15,3,Independent shard-aware composition diagnostic,validity_full_harmful_sequence_per_prompt,radius_derived,5,"0,10,20,30,40",1.0,1.0,1.0,0.0,0.0,0.0,0.0,0.0,0.0,0.0,23.85,19.75,25.75,4.100000000000001,1.8999999999999986,22.5,14.5,27.5,8.0,5.0,15.6,8.0,24.0,7.6,8.4,34.8,30.0,42.0,4.799999999999997,7.200000000000003,4.0,4.0,4.0,0.0,0.0,4.0,4.0,4.0,0.0,0.0,0.0,0.0,0.0,0.0,0.0,4.0,4.0,4.0,0.0,0.0
20,4,5,7,0.2,0.2,0.3,dense,True,20,20,20,4,5,15,4,Independent shard-aware composition diagnostic,validity_full_harmful_sequence_per_prompt,radius_derived,5,"0,10,20,30,40",1.0,1.0,1.0,0.0,0.0,0.0,0.0,0.0,0.0,0.0,23.85,19.75,25.75,4.100000000000001,1.8999999999999986,22.5,14.5,27.5,8.0,5.0,15.6,8.0,24.0,7.6,8.4,34.8,30.0,42.0,4.799999999999997,7.200000000000003,4.0,4.0,4.0,0.0,0.0,4.0,4.0,4.0,0.0,0.0,0.0,0.0,0.0,0.0,0.0,4.0,4.0,4.0,0.0,0.0
20,4,5,7,0.2,0.2,0.3,dense,True,20,20,20,4,5,15,5,Independent shard-aware composition diagnostic,validity_full_harmful_sequence_per_prompt,radius_derived,5,"0,10,20,30,40",1.0,1.0,1.0,0.0,0.0,0.0,0.0,0.0,0.0,0.0,23.85,19.75,25.75,4.100000000000001,1.8999999999999986,22.5,14.5,27.5,8.0,5.0,15.6,8.0,24.0,7.6,8.4,34.8,30.0,42.0,4.799999999999997,7.200000000000003,4.0,4.0,4.0,0.0,0.0,4.0,4.0,4.0,0.0,0.0,0.0,0.0,0.0,0.0,0.0,4.0,4.0,4.0,0.0,0.0
20,4,5,7,0.2,0.2,0.3,dense,True,20,20,20,4,5,15,6,Independent shard-aware composition diagnostic,validity_full_harmful_sequence_per_prompt,radius_derived,5,"0,10,20,30,40",1.0,1.0,1.0,0.0,0.0,0.0,0.0,0.0,0.0,0.0,23.85,19.75,25.75,4.100000000000001,1.8999999999999986,22.5,14.5,27.5,8.0,5.0,15.6,8.0,24.0,7.6,8.4,34.8,30.0,42.0,4.799999999999997,7.200000000000003,4.0,4.0,4.0,0.0,0.0,4.0,4.0,4.0,0.0,0.0,0.0,0.0,0.0,0.0,0.0,4.0,4.0,4.0,0.0,0.0
20,4,5,7,0.2,0.2,0.3,dense,True,20,20,20,4,5,15,7,Independent shard-aware composition diagnostic,validity_full_harmful_sequence_per_prompt,radius_derived,5,"0,10,20,30,40",1.0,1.0,1.0,0.0,0.0,0.0,0.0,0.0,0.0,0.0,23.85,19.75,25.75,4.100000000000001,1.8999999999999986,22.5,14.5,27.5,8.0,5.0,15.6,8.0,24.0,7.6,8.4,34.8,30.0,42.0,4.799999999999997,7.200000000000003,4.0,4.0,4.0,0.0,0.0,4.0,4.0,4.0,0.0,0.0,0.0,0.0,0.0,0.0,0.0,4.0,4.0,4.0,0.0,0.0
20,4,5,7,0.2,0.2,0.3,dense,True,20,20,20,4,5,15,8,Independent shard-aware composition diagnostic,validity_full_harmful_sequence_per_prompt,radius_derived,5,"0,10,20,30,40",0.95,0.75,1.0,0.19999999999999996,0.050000000000000044,0.05,0.0,0.25,0.05,0.2,23.85,19.75,25.75,4.100000000000001,1.8999999999999986,22.5,14.5,27.5,8.0,5.0,15.6,8.0,24.0,7.6,8.4,34.8,30.0,42.0,4.799999999999997,7.200000000000003,3.8,3.0,4.0,0.7999999999999998,0.20000000000000018,4.0,4.0,4.0,0.0,0.0,0.0,0.0,0.0,0.0,0.0,4.0,4.0,4.0,0.0,0.0
20,4,5,7,0.2,0.2,0.3,dense,True,20,20,20,4,5,15,9,Independent shard-aware composition diagnostic,validity_full_harmful_sequence_per_prompt,radius_derived,5,"0,10,20,30,40",0.95,0.75,1.0,0.19999999999999996,0.050000000000000044,0.05,0.0,0.25,0.05,0.2,23.85,19.75,25.75,4.100000000000001,1.8999999999999986,22.5,14.5,27.5,8.0,5.0,15.6,8.0,24.0,7.6,8.4,34.8,30.0,42.0,4.799999999999997,7.200000000000003,3.8,3.0,4.0,0.7999999999999998,0.20000000000000018,4.0,4.0,4.0,0.0,0.0,0.0,0.0,0.0,0.0,0.0,4.0,4.0,4.0,0.0,0.0
20,4,5,7,0.2,0.2,0.3,dense,True,20,20,20,4,5,15,10,Independent shard-aware composition diagnostic,validity_full_harmful_sequence_per_prompt,radius_derived,5,"0,10,20,30,40",0.95,0.75,1.0,0.19999999999999996,0.050000000000000044,0.05,0.0,0.25,0.05,0.2,23.85,19.75,25.75,4.100000000000001,1.8999999999999986,22.5,14.5,27.5,8.0,5.0,15.6,8.0,24.0,7.6,8.4,34.8,30.0,42.0,4.799999999999997,7.200000000000003,3.8,3.0,4.0,0.7999999999999998,0.20000000000000018,4.0,4.0,4.0,0.0,0.0,0.0,0.0,0.0,0.0,0.0,4.0,4.0,4.0,0.0,0.0
20,4,5,7,0.2,0.2,0.3,dense,True,20,20,20,4,5,15,11,Independent shard-aware composition diagnostic,validity_full_harmful_sequence_per_prompt,radius_derived,5,"0,10,20,30,40",0.95,0.75,1.0,0.19999999999999996,0.050000000000000044,0.05,0.0,0.25,0.05,0.2,23.85,19.75,25.75,4.100000000000001,1.8999999999999986,22.5,14.5,27.5,8.0,5.0,15.6,8.0,24.0,7.6,8.4,34.8,30.0,42.0,4.799999999999997,7.200000000000003,3.8,3.0,4.0,0.7999999999999998,0.20000000000000018,4.0,4.0,4.0,0.0,0.0,0.0,0.0,0.0,0.0,0.0,4.0,4.0,4.0,0.0,0.0
20,4,5,7,0.2,0.2,0.3,dense,True,20,20,20,4,5,15,12,Independent shard-aware composition diagnostic,validity_full_harmful_sequence_per_prompt,radius_derived,5,"0,10,20,30,40",0.95,0.75,1.0,0.19999999999999996,0.050000000000000044,0.05,0.0,0.25,0.05,0.2,23.85,19.75,25.75,4.100000000000001,1.8999999999999986,22.5,14.5,27.5,8.0,5.0,15.6,8.0,24.0,7.6,8.4,34.8,30.0,42.0,4.799999999999997,7.200000000000003,3.8,3.0,4.0,0.7999999999999998,0.20000000000000018,4.0,4.0,4.0,0.0,0.0,0.0,0.0,0.0,0.0,0.0,4.0,4.0,4.0,0.0,0.0
20,4,5,7,0.2,0.2,0.3,dense,True,20,20,20,4,5,15,13,Independent shard-aware composition diagnostic,validity_full_harmful_sequence_per_prompt,radius_derived,5,"0,10,20,30,40",0.9,0.75,1.0,0.15000000000000002,0.09999999999999998,0.1,0.0,0.25,0.1,0.15,23.85,19.75,25.75,4.100000000000001,1.8999999999999986,22.5,14.5,27.5,8.0,5.0,15.6,8.0,24.0,7.6,8.4,34.8,30.0,42.0,4.799999999999997,7.200000000000003,3.6,3.0,4.0,0.6000000000000001,0.3999999999999999,4.0,4.0,4.0,0.0,0.0,0.0,0.0,0.0,0.0,0.0,4.0,4.0,4.0,0.0,0.0
20,4,5,7,0.2,0.2,0.3,dense,True,20,20,20,4,5,15,14,Independent shard-aware composition diagnostic,validity_full_harmful_sequence_per_prompt,radius_derived,5,"0,10,20,30,40",0.85,0.5,1.0,0.35,0.15000000000000002,0.15,0.0,0.5,0.15,0.35,23.85,19.75,25.75,4.100000000000001,1.8999999999999986,22.5,14.5,27.5,8.0,5.0,15.6,8.0,24.0,7.6,8.4,34.8,30.0,42.0,4.799999999999997,7.200000000000003,3.4,2.0,4.0,1.4,0.6000000000000001,4.0,4.0,4.0,0.0,0.0,0.0,0.0,0.0,0.0,0.0,4.0,4.0,4.0,0.0,0.0
20,4,5,7,0.2,0.2,0.3,dense,True,20,20,20,4,5,15,15,Independent shard-aware composition diagnostic,validity_full_harmful_sequence_per_prompt,radius_derived,5,"0,10,20,30,40",0.75,0.25,1.0,0.5,0.25,0.25,0.0,0.75,0.25,0.5,23.85,19.75,25.75,4.100000000000001,1.8999999999999986,22.5,14.5,27.5,8.0,5.0,15.6,8.0,24.0,7.6,8.4,34.8,30.0,42.0,4.799999999999997,7.200000000000003,3.0,1.0,4.0,2.0,1.0,4.0,4.0,4.0,0.0,0.0,0.0,0.0,0.0,0.0,0.0,4.0,4.0,4.0,0.0,0.0
20,4,5,7,0.2,0.2,0.3,dense,True,20,20,20,4,5,15,16,Independent shard-aware composition diagnostic,validity_full_harmful_sequence_per_prompt,radius_derived,5,"0,10,20,30,40",0.75,0.25,1.0,0.5,0.25,0.25,0.0,0.75,0.25,0.5,23.85,19.75,25.75,4.100000000000001,1.8999999999999986,22.5,14.5,27.5,8.0,5.0,15.6,8.0,24.0,7.6,8.4,34.8,30.0,42.0,4.799999999999997,7.200000000000003,3.0,1.0,4.0,2.0,1.0,4.0,4.0,4.0,0.0,0.0,0.0,0.0,0.0,0.0,0.0,4.0,4.0,4.0,0.0,0.0
20,4,5,7,0.2,0.2,0.3,dense,True,20,20,20,4,5,15,17,Independent shard-aware composition diagnostic,validity_full_harmful_sequence_per_prompt,radius_derived,5,"0,10,20,30,40",0.75,0.25,1.0,0.5,0.25,0.25,0.0,0.75,0.25,0.5,23.85,19.75,25.75,4.100000000000001,1.8999999999999986,22.5,14.5,27.5,8.0,5.0,15.6,8.0,24.0,7.6,8.4,34.8,30.0,42.0,4.799999999999997,7.200000000000003,3.0,1.0,4.0,2.0,1.0,4.0,4.0,4.0,0.0,0.0,0.0,0.0,0.0,0.0,0.0,4.0,4.0,4.0,0.0,0.0
20,4,5,7,0.2,0.2,0.3,dense,True,20,20,20,4,5,15,18,Independent shard-aware composition diagnostic,validity_full_harmful_sequence_per_prompt,radius_derived,5,"0,10,20,30,40",0.7,0.25,1.0,0.44999999999999996,0.30000000000000004,0.3,0.0,0.75,0.3,0.45,23.85,19.75,25.75,4.100000000000001,1.8999999999999986,22.5,14.5,27.5,8.0,5.0,15.6,8.0,24.0,7.6,8.4,34.8,30.0,42.0,4.799999999999997,7.200000000000003,2.8,1.0,4.0,1.7999999999999998,1.2000000000000002,4.0,4.0,4.0,0.0,0.0,0.0,0.0,0.0,0.0,0.0,4.0,4.0,4.0,0.0,0.0
20,4,5,7,0.2,0.2,0.3,dense,True,20,20,20,4,5,15,19,Independent shard-aware composition diagnostic,validity_full_harmful_sequence_per_prompt,radius_derived,5,"0,10,20,30,40",0.6,0.25,1.0,0.35,0.4,0.4,0.0,0.75,0.4,0.35,23.85,19.75,25.75,4.100000000000001,1.8999999999999986,22.5,14.5,27.5,8.0,5.0,15.6,8.0,24.0,7.6,8.4,34.8,30.0,42.0,4.799999999999997,7.200000000000003,2.4,1.0,4.0,1.4,1.6,4.0,4.0,4.0,0.0,0.0,0.0,0.0,0.0,0.0,0.0,4.0,4.0,4.0,0.0,0.0
20,4,5,7,0.2,0.2,0.3,dense,True,20,20,20,4,5,15,20,Independent shard-aware composition diagnostic,validity_full_harmful_sequence_per_prompt,radius_derived,5,"0,10,20,30,40",0.6,0.25,1.0,0.35,0.4,0.4,0.0,0.75,0.4,0.35,23.85,19.75,25.75,4.100000000000001,1.8999999999999986,22.5,14.5,27.5,8.0,5.0,15.6,8.0,24.0,7.6,8.4,34.8,30.0,42.0,4.799999999999997,7.200000000000003,2.4,1.0,4.0,1.4,1.6,4.0,4.0,4.0,0.0,0.0,0.0,0.0,0.0,0.0,0.0,4.0,4.0,4.0,0.0,0.0
20,4,5,9,0.2,0.2,0.3,dense,True,20,20,20,4,5,15,0,DPA token margin,full_response_stable_against_any_token_change,radius_derived,5,"0,10,20,30,40",1.0,1.0,1.0,0.0,0.0,0.0,0.0,0.0,0.0,0.0,6.3,5.25,7.25,1.0499999999999998,0.9500000000000002,6.2,5.0,7.0,1.2000000000000002,0.7999999999999998,5.4,4.0,7.0,1.4000000000000004,1.5999999999999996,7.4,7.0,9.0,0.40000000000000036,1.5999999999999996,4.0,4.0,4.0,0.0,0.0,4.0,4.0,4.0,0.0,0.0,0.0,0.0,0.0,0.0,0.0,4.0,4.0,4.0,0.0,0.0
20,4,5,9,0.2,0.2,0.3,dense,True,20,20,20,4,5,15,1,DPA token margin,full_response_stable_against_any_token_change,radius_derived,5,"0,10,20,30,40",1.0,1.0,1.0,0.0,0.0,0.0,0.0,0.0,0.0,0.0,6.3,5.25,7.25,1.0499999999999998,0.9500000000000002,6.2,5.0,7.0,1.2000000000000002,0.7999999999999998,5.4,4.0,7.0,1.4000000000000004,1.5999999999999996,7.4,7.0,9.0,0.40000000000000036,1.5999999999999996,4.0,4.0,4.0,0.0,0.0,4.0,4.0,4.0,0.0,0.0,0.0,0.0,0.0,0.0,0.0,4.0,4.0,4.0,0.0,0.0
20,4,5,9,0.2,0.2,0.3,dense,True,20,20,20,4,5,15,2,DPA token margin,full_response_stable_against_any_token_change,radius_derived,5,"0,10,20,30,40",1.0,1.0,1.0,0.0,0.0,0.0,0.0,0.0,0.0,0.0,6.3,5.25,7.25,1.0499999999999998,0.9500000000000002,6.2,5.0,7.0,1.2000000000000002,0.7999999999999998,5.4,4.0,7.0,1.4000000000000004,1.5999999999999996,7.4,7.0,9.0,0.40000000000000036,1.5999999999999996,4.0,4.0,4.0,0.0,0.0,4.0,4.0,4.0,0.0,0.0,0.0,0.0,0.0,0.0,0.0,4.0,4.0,4.0,0.0,0.0
20,4,5,9,0.2,0.2,0.3,dense,True,20,20,20,4,5,15,3,DPA token margin,full_response_stable_against_any_token_change,radius_derived,5,"0,10,20,30,40",1.0,1.0,1.0,0.0,0.0,0.0,0.0,0.0,0.0,0.0,6.3,5.25,7.25,1.0499999999999998,0.9500000000000002,6.2,5.0,7.0,1.2000000000000002,0.7999999999999998,5.4,4.0,7.0,1.4000000000000004,1.5999999999999996,7.4,7.0,9.0,0.40000000000000036,1.5999999999999996,4.0,4.0,4.0,0.0,0.0,4.0,4.0,4.0,0.0,0.0,0.0,0.0,0.0,0.0,0.0,4.0,4.0,4.0,0.0,0.0
20,4,5,9,0.2,0.2,0.3,dense,True,20,20,20,4,5,15,4,DPA token margin,full_response_stable_against_any_token_change,radius_derived,5,"0,10,20,30,40",0.9,0.75,1.0,0.15000000000000002,0.09999999999999998,0.1,0.0,0.25,0.1,0.15,6.3,5.25,7.25,1.0499999999999998,0.9500000000000002,6.2,5.0,7.0,1.2000000000000002,0.7999999999999998,5.4,4.0,7.0,1.4000000000000004,1.5999999999999996,7.4,7.0,9.0,0.40000000000000036,1.5999999999999996,3.6,3.0,4.0,0.6000000000000001,0.3999999999999999,4.0,4.0,4.0,0.0,0.0,0.0,0.0,0.0,0.0,0.0,4.0,4.0,4.0,0.0,0.0
20,4,5,9,0.2,0.2,0.3,dense,True,20,20,20,4,5,15,5,DPA token margin,full_response_stable_against_any_token_change,radius_derived,5,"0,10,20,30,40",0.8,0.25,1.0,0.55,0.19999999999999996,0.2,0.0,0.75,0.2,0.55,6.3,5.25,7.25,1.0499999999999998,0.9500000000000002,6.2,5.0,7.0,1.2000000000000002,0.7999999999999998,5.4,4.0,7.0,1.4000000000000004,1.5999999999999996,7.4,7.0,9.0,0.40000000000000036,1.5999999999999996,3.2,1.0,4.0,2.2,0.7999999999999998,4.0,4.0,4.0,0.0,0.0,0.0,0.0,0.0,0.0,0.0,4.0,4.0,4.0,0.0,0.0
20,4,5,9,0.2,0.2,0.3,dense,True,20,20,20,4,5,15,6,DPA token margin,full_response_stable_against_any_token_change,radius_derived,5,"0,10,20,30,40",0.5,0.25,1.0,0.25,0.5,0.5,0.0,0.75,0.5,0.25,6.3,5.25,7.25,1.0499999999999998,0.9500000000000002,6.2,5.0,7.0,1.2000000000000002,0.7999999999999998,5.4,4.0,7.0,1.4000000000000004,1.5999999999999996,7.4,7.0,9.0,0.40000000000000036,1.5999999999999996,2.0,1.0,4.0,1.0,2.0,4.0,4.0,4.0,0.0,0.0,0.0,0.0,0.0,0.0,0.0,4.0,4.0,4.0,0.0,0.0
20,4,5,9,0.2,0.2,0.3,dense,True,20,20,20,4,5,15,7,DPA token margin,full_response_stable_against_any_token_change,radius_derived,5,"0,10,20,30,40",0.05,0.0,0.25,0.05,0.2,0.95,0.75,1.0,0.19999999999999996,0.050000000000000044,6.3,5.25,7.25,1.0499999999999998,0.9500000000000002,6.2,5.0,7.0,1.2000000000000002,0.7999999999999998,5.4,4.0,7.0,1.4000000000000004,1.5999999999999996,7.4,7.0,9.0,0.40000000000000036,1.5999999999999996,0.2,0.0,1.0,0.2,0.8,4.0,4.0,4.0,0.0,0.0,0.0,0.0,0.0,0.0,0.0,4.0,4.0,4.0,0.0,0.0
20,4,5,9,0.2,0.2,0.3,dense,True,20,20,20,4,5,15,8,DPA token margin,full_response_stable_against_any_token_change,radius_derived,5,"0,10,20,30,40",0.05,0.0,0.25,0.05,0.2,0.95,0.75,1.0,0.19999999999999996,0.050000000000000044,6.3,5.25,7.25,1.0499999999999998,0.9500000000000002,6.2,5.0,7.0,1.2000000000000002,0.7999999999999998,5.4,4.0,7.0,1.4000000000000004,1.5999999999999996,7.4,7.0,9.0,0.40000000000000036,1.5999999999999996,0.2,0.0,1.0,0.2,0.8,4.0,4.0,4.0,0.0,0.0,0.0,0.0,0.0,0.0,0.0,4.0,4.0,4.0,0.0,0.0
20,4,5,9,0.2,0.2,0.3,dense,True,20,20,20,4,5,15,9,DPA token margin,full_response_stable_against_any_token_change,radius_derived,5,"0,10,20,30,40",0.0,0.0,0.0,0.0,0.0,1.0,1.0,1.0,0.0,0.0,6.3,5.25,7.25,1.0499999999999998,0.9500000000000002,6.2,5.0,7.0,1.2000000000000002,0.7999999999999998,5.4,4.0,7.0,1.4000000000000004,1.5999999999999996,7.4,7.0,9.0,0.40000000000000036,1.5999999999999996,0.0,0.0,0.0,0.0,0.0,4.0,4.0,4.0,0.0,0.0,0.0,0.0,0.0,0.0,0.0,4.0,4.0,4.0,0.0,0.0
20,4,5,9,0.2,0.2,0.3,dense,True,20,20,20,4,5,15,10,DPA token margin,full_response_stable_against_any_token_change,radius_derived,5,"0,10,20,30,40",0.0,0.0,0.0,0.0,0.0,1.0,1.0,1.0,0.0,0.0,6.3,5.25,7.25,1.0499999999999998,0.9500000000000002,6.2,5.0,7.0,1.2000000000000002,0.7999999999999998,5.4,4.0,7.0,1.4000000000000004,1.5999999999999996,7.4,7.0,9.0,0.40000000000000036,1.5999999999999996,0.0,0.0,0.0,0.0,0.0,4.0,4.0,4.0,0.0,0.0,0.0,0.0,0.0,0.0,0.0,4.0,4.0,4.0,0.0,0.0
20,4,5,9,0.2,0.2,0.3,dense,True,20,20,20,4,5,15,11,DPA token margin,full_response_stable_against_any_token_change,radius_derived,5,"0,10,20,30,40",0.0,0.0,0.0,0.0,0.0,1.0,1.0,1.0,0.0,0.0,6.3,5.25,7.25,1.0499999999999998,0.9500000000000002,6.2,5.0,7.0,1.2000000000000002,0.7999999999999998,5.4,4.0,7.0,1.4000000000000004,1.5999999999999996,7.4,7.0,9.0,0.40000000000000036,1.5999999999999996,0.0,0.0,0.0,0.0,0.0,4.0,4.0,4.0,0.0,0.0,0.0,0.0,0.0,0.0,0.0,4.0,4.0,4.0,0.0,0.0
20,4,5,9,0.2,0.2,0.3,dense,True,20,20,20,4,5,15,12,DPA token margin,full_response_stable_against_any_token_change,radius_derived,5,"0,10,20,30,40",0.0,0.0,0.0,0.0,0.0,1.0,1.0,1.0,0.0,0.0,6.3,5.25,7.25,1.0499999999999998,0.9500000000000002,6.2,5.0,7.0,1.2000000000000002,0.7999999999999998,5.4,4.0,7.0,1.4000000000000004,1.5999999999999996,7.4,7.0,9.0,0.40000000000000036,1.5999999999999996,0.0,0.0,0.0,0.0,0.0,4.0,4.0,4.0,0.0,0.0,0.0,0.0,0.0,0.0,0.0,4.0,4.0,4.0,0.0,0.0
20,4,5,9,0.2,0.2,0.3,dense,True,20,20,20,4,5,15,13,DPA token margin,full_response_stable_against_any_token_change,radius_derived,5,"0,10,20,30,40",0.0,0.0,0.0,0.0,0.0,1.0,1.0,1.0,0.0,0.0,6.3,5.25,7.25,1.0499999999999998,0.9500000000000002,6.2,5.0,7.0,1.2000000000000002,0.7999999999999998,5.4,4.0,7.0,1.4000000000000004,1.5999999999999996,7.4,7.0,9.0,0.40000000000000036,1.5999999999999996,0.0,0.0,0.0,0.0,0.0,4.0,4.0,4.0,0.0,0.0,0.0,0.0,0.0,0.0,0.0,4.0,4.0,4.0,0.0,0.0
20,4,5,9,0.2,0.2,0.3,dense,True,20,20,20,4,5,15,14,DPA token margin,full_response_stable_against_any_token_change,radius_derived,5,"0,10,20,30,40",0.0,0.0,0.0,0.0,0.0,1.0,1.0,1.0,0.0,0.0,6.3,5.25,7.25,1.0499999999999998,0.9500000000000002,6.2,5.0,7.0,1.2000000000000002,0.7999999999999998,5.4,4.0,7.0,1.4000000000000004,1.5999999999999996,7.4,7.0,9.0,0.40000000000000036,1.5999999999999996,0.0,0.0,0.0,0.0,0.0,4.0,4.0,4.0,0.0,0.0,0.0,0.0,0.0,0.0,0.0,4.0,4.0,4.0,0.0,0.0
20,4,5,9,0.2,0.2,0.3,dense,True,20,20,20,4,5,15,15,DPA token margin,full_response_stable_against_any_token_change,radius_derived,5,"0,10,20,30,40",0.0,0.0,0.0,0.0,0.0,1.0,1.0,1.0,0.0,0.0,6.3,5.25,7.25,1.0499999999999998,0.9500000000000002,6.2,5.0,7.0,1.2000000000000002,0.7999999999999998,5.4,4.0,7.0,1.4000000000000004,1.5999999999999996,7.4,7.0,9.0,0.40000000000000036,1.5999999999999996,0.0,0.0,0.0,0.0,0.0,4.0,4.0,4.0,0.0,0.0,0.0,0.0,0.0,0.0,0.0,4.0,4.0,4.0,0.0,0.0
20,4,5,9,0.2,0.2,0.3,dense,True,20,20,20,4,5,15,16,DPA token margin,full_response_stable_against_any_token_change,radius_derived,5,"0,10,20,30,40",0.0,0.0,0.0,0.0,0.0,1.0,1.0,1.0,0.0,0.0,6.3,5.25,7.25,1.0499999999999998,0.9500000000000002,6.2,5.0,7.0,1.2000000000000002,0.7999999999999998,5.4,4.0,7.0,1.4000000000000004,1.5999999999999996,7.4,7.0,9.0,0.40000000000000036,1.5999999999999996,0.0,0.0,0.0,0.0,0.0,4.0,4.0,4.0,0.0,0.0,0.0,0.0,0.0,0.0,0.0,4.0,4.0,4.0,0.0,0.0
20,4,5,9,0.2,0.2,0.3,dense,True,20,20,20,4,5,15,17,DPA token margin,full_response_stable_against_any_token_change,radius_derived,5,"0,10,20,30,40",0.0,0.0,0.0,0.0,0.0,1.0,1.0,1.0,0.0,0.0,6.3,5.25,7.25,1.0499999999999998,0.9500000000000002,6.2,5.0,7.0,1.2000000000000002,0.7999999999999998,5.4,4.0,7.0,1.4000000000000004,1.5999999999999996,7.4,7.0,9.0,0.40000000000000036,1.5999999999999996,0.0,0.0,0.0,0.0,0.0,4.0,4.0,4.0,0.0,0.0,0.0,0.0,0.0,0.0,0.0,4.0,4.0,4.0,0.0,0.0
20,4,5,9,0.2,0.2,0.3,dense,True,20,20,20,4,5,15,18,DPA token margin,full_response_stable_against_any_token_change,radius_derived,5,"0,10,20,30,40",0.0,0.0,0.0,0.0,0.0,1.0,1.0,1.0,0.0,0.0,6.3,5.25,7.25,1.0499999999999998,0.9500000000000002,6.2,5.0,7.0,1.2000000000000002,0.7999999999999998,5.4,4.0,7.0,1.4000000000000004,1.5999999999999996,7.4,7.0,9.0,0.40000000000000036,1.5999999999999996,0.0,0.0,0.0,0.0,0.0,4.0,4.0,4.0,0.0,0.0,0.0,0.0,0.0,0.0,0.0,4.0,4.0,4.0,0.0,0.0
20,4,5,9,0.2,0.2,0.3,dense,True,20,20,20,4,5,15,19,DPA token margin,full_response_stable_against_any_token_change,radius_derived,5,"0,10,20,30,40",0.0,0.0,0.0,0.0,0.0,1.0,1.0,1.0,0.0,0.0,6.3,5.25,7.25,1.0499999999999998,0.9500000000000002,6.2,5.0,7.0,1.2000000000000002,0.7999999999999998,5.4,4.0,7.0,1.4000000000000004,1.5999999999999996,7.4,7.0,9.0,0.40000000000000036,1.5999999999999996,0.0,0.0,0.0,0.0,0.0,4.0,4.0,4.0,0.0,0.0,0.0,0.0,0.0,0.0,0.0,4.0,4.0,4.0,0.0,0.0
20,4,5,9,0.2,0.2,0.3,dense,True,20,20,20,4,5,15,20,DPA token margin,full_response_stable_against_any_token_change,radius_derived,5,"0,10,20,30,40",0.0,0.0,0.0,0.0,0.0,1.0,1.0,1.0,0.0,0.0,6.3,5.25,7.25,1.0499999999999998,0.9500000000000002,6.2,5.0,7.0,1.2000000000000002,0.7999999999999998,5.4,4.0,7.0,1.4000000000000004,1.5999999999999996,7.4,7.0,9.0,0.40000000000000036,1.5999999999999996,0.0,0.0,0.0,0.0,0.0,4.0,4.0,4.0,0.0,0.0,0.0,0.0,0.0,0.0,0.0,4.0,4.0,4.0,0.0,0.0
20,4,5,9,0.2,0.2,0.3,dense,True,20,20,20,4,5,15,0,Shared MILP,stability_one_token_per_prompt,radius_derived,5,"0,10,20,30,40",1.0,1.0,1.0,0.0,0.0,0.0,0.0,0.0,0.0,0.0,6.3,5.25,7.25,1.0499999999999998,0.9500000000000002,6.2,5.0,7.0,1.2000000000000002,0.7999999999999998,5.4,4.0,7.0,1.4000000000000004,1.5999999999999996,7.4,7.0,9.0,0.40000000000000036,1.5999999999999996,4.0,4.0,4.0,0.0,0.0,4.0,4.0,4.0,0.0,0.0,0.0,0.0,0.0,0.0,0.0,4.0,4.0,4.0,0.0,0.0
20,4,5,9,0.2,0.2,0.3,dense,True,20,20,20,4,5,15,1,Shared MILP,stability_one_token_per_prompt,radius_derived,5,"0,10,20,30,40",1.0,1.0,1.0,0.0,0.0,0.0,0.0,0.0,0.0,0.0,6.3,5.25,7.25,1.0499999999999998,0.9500000000000002,6.2,5.0,7.0,1.2000000000000002,0.7999999999999998,5.4,4.0,7.0,1.4000000000000004,1.5999999999999996,7.4,7.0,9.0,0.40000000000000036,1.5999999999999996,4.0,4.0,4.0,0.0,0.0,4.0,4.0,4.0,0.0,0.0,0.0,0.0,0.0,0.0,0.0,4.0,4.0,4.0,0.0,0.0
20,4,5,9,0.2,0.2,0.3,dense,True,20,20,20,4,5,15,2,Shared MILP,stability_one_token_per_prompt,radius_derived,5,"0,10,20,30,40",1.0,1.0,1.0,0.0,0.0,0.0,0.0,0.0,0.0,0.0,6.3,5.25,7.25,1.0499999999999998,0.9500000000000002,6.2,5.0,7.0,1.2000000000000002,0.7999999999999998,5.4,4.0,7.0,1.4000000000000004,1.5999999999999996,7.4,7.0,9.0,0.40000000000000036,1.5999999999999996,4.0,4.0,4.0,0.0,0.0,4.0,4.0,4.0,0.0,0.0,0.0,0.0,0.0,0.0,0.0,4.0,4.0,4.0,0.0,0.0
20,4,5,9,0.2,0.2,0.3,dense,True,20,20,20,4,5,15,3,Shared MILP,stability_one_token_per_prompt,radius_derived,5,"0,10,20,30,40",1.0,1.0,1.0,0.0,0.0,0.0,0.0,0.0,0.0,0.0,6.3,5.25,7.25,1.0499999999999998,0.9500000000000002,6.2,5.0,7.0,1.2000000000000002,0.7999999999999998,5.4,4.0,7.0,1.4000000000000004,1.5999999999999996,7.4,7.0,9.0,0.40000000000000036,1.5999999999999996,4.0,4.0,4.0,0.0,0.0,4.0,4.0,4.0,0.0,0.0,0.0,0.0,0.0,0.0,0.0,4.0,4.0,4.0,0.0,0.0
20,4,5,9,0.2,0.2,0.3,dense,True,20,20,20,4,5,15,4,Shared MILP,stability_one_token_per_prompt,radius_derived,5,"0,10,20,30,40",0.9,0.75,1.0,0.15000000000000002,0.09999999999999998,0.1,0.0,0.25,0.1,0.15,6.3,5.25,7.25,1.0499999999999998,0.9500000000000002,6.2,5.0,7.0,1.2000000000000002,0.7999999999999998,5.4,4.0,7.0,1.4000000000000004,1.5999999999999996,7.4,7.0,9.0,0.40000000000000036,1.5999999999999996,3.6,3.0,4.0,0.6000000000000001,0.3999999999999999,4.0,4.0,4.0,0.0,0.0,0.0,0.0,0.0,0.0,0.0,4.0,4.0,4.0,0.0,0.0
20,4,5,9,0.2,0.2,0.3,dense,True,20,20,20,4,5,15,5,Shared MILP,stability_one_token_per_prompt,radius_derived,5,"0,10,20,30,40",0.8,0.25,1.0,0.55,0.19999999999999996,0.2,0.0,0.75,0.2,0.55,6.3,5.25,7.25,1.0499999999999998,0.9500000000000002,6.2,5.0,7.0,1.2000000000000002,0.7999999999999998,5.4,4.0,7.0,1.4000000000000004,1.5999999999999996,7.4,7.0,9.0,0.40000000000000036,1.5999999999999996,3.2,1.0,4.0,2.2,0.7999999999999998,4.0,4.0,4.0,0.0,0.0,0.0,0.0,0.0,0.0,0.0,4.0,4.0,4.0,0.0,0.0
20,4,5,9,0.2,0.2,0.3,dense,True,20,20,20,4,5,15,6,Shared MILP,stability_one_token_per_prompt,radius_derived,5,"0,10,20,30,40",0.5,0.25,1.0,0.25,0.5,0.5,0.0,0.75,0.5,0.25,6.3,5.25,7.25,1.0499999999999998,0.9500000000000002,6.2,5.0,7.0,1.2000000000000002,0.7999999999999998,5.4,4.0,7.0,1.4000000000000004,1.5999999999999996,7.4,7.0,9.0,0.40000000000000036,1.5999999999999996,2.0,1.0,4.0,1.0,2.0,4.0,4.0,4.0,0.0,0.0,0.0,0.0,0.0,0.0,0.0,4.0,4.0,4.0,0.0,0.0
20,4,5,9,0.2,0.2,0.3,dense,True,20,20,20,4,5,15,7,Shared MILP,stability_one_token_per_prompt,radius_derived,5,"0,10,20,30,40",0.05,0.0,0.25,0.05,0.2,0.95,0.75,1.0,0.19999999999999996,0.050000000000000044,6.3,5.25,7.25,1.0499999999999998,0.9500000000000002,6.2,5.0,7.0,1.2000000000000002,0.7999999999999998,5.4,4.0,7.0,1.4000000000000004,1.5999999999999996,7.4,7.0,9.0,0.40000000000000036,1.5999999999999996,0.2,0.0,1.0,0.2,0.8,4.0,4.0,4.0,0.0,0.0,0.0,0.0,0.0,0.0,0.0,4.0,4.0,4.0,0.0,0.0
20,4,5,9,0.2,0.2,0.3,dense,True,20,20,20,4,5,15,8,Shared MILP,stability_one_token_per_prompt,radius_derived,5,"0,10,20,30,40",0.05,0.0,0.25,0.05,0.2,0.95,0.75,1.0,0.19999999999999996,0.050000000000000044,6.3,5.25,7.25,1.0499999999999998,0.9500000000000002,6.2,5.0,7.0,1.2000000000000002,0.7999999999999998,5.4,4.0,7.0,1.4000000000000004,1.5999999999999996,7.4,7.0,9.0,0.40000000000000036,1.5999999999999996,0.2,0.0,1.0,0.2,0.8,4.0,4.0,4.0,0.0,0.0,0.0,0.0,0.0,0.0,0.0,4.0,4.0,4.0,0.0,0.0
20,4,5,9,0.2,0.2,0.3,dense,True,20,20,20,4,5,15,9,Shared MILP,stability_one_token_per_prompt,radius_derived,5,"0,10,20,30,40",0.0,0.0,0.0,0.0,0.0,1.0,1.0,1.0,0.0,0.0,6.3,5.25,7.25,1.0499999999999998,0.9500000000000002,6.2,5.0,7.0,1.2000000000000002,0.7999999999999998,5.4,4.0,7.0,1.4000000000000004,1.5999999999999996,7.4,7.0,9.0,0.40000000000000036,1.5999999999999996,0.0,0.0,0.0,0.0,0.0,4.0,4.0,4.0,0.0,0.0,0.0,0.0,0.0,0.0,0.0,4.0,4.0,4.0,0.0,0.0
20,4,5,9,0.2,0.2,0.3,dense,True,20,20,20,4,5,15,10,Shared MILP,stability_one_token_per_prompt,radius_derived,5,"0,10,20,30,40",0.0,0.0,0.0,0.0,0.0,1.0,1.0,1.0,0.0,0.0,6.3,5.25,7.25,1.0499999999999998,0.9500000000000002,6.2,5.0,7.0,1.2000000000000002,0.7999999999999998,5.4,4.0,7.0,1.4000000000000004,1.5999999999999996,7.4,7.0,9.0,0.40000000000000036,1.5999999999999996,0.0,0.0,0.0,0.0,0.0,4.0,4.0,4.0,0.0,0.0,0.0,0.0,0.0,0.0,0.0,4.0,4.0,4.0,0.0,0.0
20,4,5,9,0.2,0.2,0.3,dense,True,20,20,20,4,5,15,11,Shared MILP,stability_one_token_per_prompt,radius_derived,5,"0,10,20,30,40",0.0,0.0,0.0,0.0,0.0,1.0,1.0,1.0,0.0,0.0,6.3,5.25,7.25,1.0499999999999998,0.9500000000000002,6.2,5.0,7.0,1.2000000000000002,0.7999999999999998,5.4,4.0,7.0,1.4000000000000004,1.5999999999999996,7.4,7.0,9.0,0.40000000000000036,1.5999999999999996,0.0,0.0,0.0,0.0,0.0,4.0,4.0,4.0,0.0,0.0,0.0,0.0,0.0,0.0,0.0,4.0,4.0,4.0,0.0,0.0
20,4,5,9,0.2,0.2,0.3,dense,True,20,20,20,4,5,15,12,Shared MILP,stability_one_token_per_prompt,radius_derived,5,"0,10,20,30,40",0.0,0.0,0.0,0.0,0.0,1.0,1.0,1.0,0.0,0.0,6.3,5.25,7.25,1.0499999999999998,0.9500000000000002,6.2,5.0,7.0,1.2000000000000002,0.7999999999999998,5.4,4.0,7.0,1.4000000000000004,1.5999999999999996,7.4,7.0,9.0,0.40000000000000036,1.5999999999999996,0.0,0.0,0.0,0.0,0.0,4.0,4.0,4.0,0.0,0.0,0.0,0.0,0.0,0.0,0.0,4.0,4.0,4.0,0.0,0.0
20,4,5,9,0.2,0.2,0.3,dense,True,20,20,20,4,5,15,13,Shared MILP,stability_one_token_per_prompt,radius_derived,5,"0,10,20,30,40",0.0,0.0,0.0,0.0,0.0,1.0,1.0,1.0,0.0,0.0,6.3,5.25,7.25,1.0499999999999998,0.9500000000000002,6.2,5.0,7.0,1.2000000000000002,0.7999999999999998,5.4,4.0,7.0,1.4000000000000004,1.5999999999999996,7.4,7.0,9.0,0.40000000000000036,1.5999999999999996,0.0,0.0,0.0,0.0,0.0,4.0,4.0,4.0,0.0,0.0,0.0,0.0,0.0,0.0,0.0,4.0,4.0,4.0,0.0,0.0
20,4,5,9,0.2,0.2,0.3,dense,True,20,20,20,4,5,15,14,Shared MILP,stability_one_token_per_prompt,radius_derived,5,"0,10,20,30,40",0.0,0.0,0.0,0.0,0.0,1.0,1.0,1.0,0.0,0.0,6.3,5.25,7.25,1.0499999999999998,0.9500000000000002,6.2,5.0,7.0,1.2000000000000002,0.7999999999999998,5.4,4.0,7.0,1.4000000000000004,1.5999999999999996,7.4,7.0,9.0,0.40000000000000036,1.5999999999999996,0.0,0.0,0.0,0.0,0.0,4.0,4.0,4.0,0.0,0.0,0.0,0.0,0.0,0.0,0.0,4.0,4.0,4.0,0.0,0.0
20,4,5,9,0.2,0.2,0.3,dense,True,20,20,20,4,5,15,15,Shared MILP,stability_one_token_per_prompt,radius_derived,5,"0,10,20,30,40",0.0,0.0,0.0,0.0,0.0,1.0,1.0,1.0,0.0,0.0,6.3,5.25,7.25,1.0499999999999998,0.9500000000000002,6.2,5.0,7.0,1.2000000000000002,0.7999999999999998,5.4,4.0,7.0,1.4000000000000004,1.5999999999999996,7.4,7.0,9.0,0.40000000000000036,1.5999999999999996,0.0,0.0,0.0,0.0,0.0,4.0,4.0,4.0,0.0,0.0,0.0,0.0,0.0,0.0,0.0,4.0,4.0,4.0,0.0,0.0
20,4,5,9,0.2,0.2,0.3,dense,True,20,20,20,4,5,15,16,Shared MILP,stability_one_token_per_prompt,radius_derived,5,"0,10,20,30,40",0.0,0.0,0.0,0.0,0.0,1.0,1.0,1.0,0.0,0.0,6.3,5.25,7.25,1.0499999999999998,0.9500000000000002,6.2,5.0,7.0,1.2000000000000002,0.7999999999999998,5.4,4.0,7.0,1.4000000000000004,1.5999999999999996,7.4,7.0,9.0,0.40000000000000036,1.5999999999999996,0.0,0.0,0.0,0.0,0.0,4.0,4.0,4.0,0.0,0.0,0.0,0.0,0.0,0.0,0.0,4.0,4.0,4.0,0.0,0.0
20,4,5,9,0.2,0.2,0.3,dense,True,20,20,20,4,5,15,17,Shared MILP,stability_one_token_per_prompt,radius_derived,5,"0,10,20,30,40",0.0,0.0,0.0,0.0,0.0,1.0,1.0,1.0,0.0,0.0,6.3,5.25,7.25,1.0499999999999998,0.9500000000000002,6.2,5.0,7.0,1.2000000000000002,0.7999999999999998,5.4,4.0,7.0,1.4000000000000004,1.5999999999999996,7.4,7.0,9.0,0.40000000000000036,1.5999999999999996,0.0,0.0,0.0,0.0,0.0,4.0,4.0,4.0,0.0,0.0,0.0,0.0,0.0,0.0,0.0,4.0,4.0,4.0,0.0,0.0
20,4,5,9,0.2,0.2,0.3,dense,True,20,20,20,4,5,15,18,Shared MILP,stability_one_token_per_prompt,radius_derived,5,"0,10,20,30,40",0.0,0.0,0.0,0.0,0.0,1.0,1.0,1.0,0.0,0.0,6.3,5.25,7.25,1.0499999999999998,0.9500000000000002,6.2,5.0,7.0,1.2000000000000002,0.7999999999999998,5.4,4.0,7.0,1.4000000000000004,1.5999999999999996,7.4,7.0,9.0,0.40000000000000036,1.5999999999999996,0.0,0.0,0.0,0.0,0.0,4.0,4.0,4.0,0.0,0.0,0.0,0.0,0.0,0.0,0.0,4.0,4.0,4.0,0.0,0.0
20,4,5,9,0.2,0.2,0.3,dense,True,20,20,20,4,5,15,19,Shared MILP,stability_one_token_per_prompt,radius_derived,5,"0,10,20,30,40",0.0,0.0,0.0,0.0,0.0,1.0,1.0,1.0,0.0,0.0,6.3,5.25,7.25,1.0499999999999998,0.9500000000000002,6.2,5.0,7.0,1.2000000000000002,0.7999999999999998,5.4,4.0,7.0,1.4000000000000004,1.5999999999999996,7.4,7.0,9.0,0.40000000000000036,1.5999999999999996,0.0,0.0,0.0,0.0,0.0,4.0,4.0,4.0,0.0,0.0,0.0,0.0,0.0,0.0,0.0,4.0,4.0,4.0,0.0,0.0
20,4,5,9,0.2,0.2,0.3,dense,True,20,20,20,4,5,15,20,Shared MILP,stability_one_token_per_prompt,radius_derived,5,"0,10,20,30,40",0.0,0.0,0.0,0.0,0.0,1.0,1.0,1.0,0.0,0.0,6.3,5.25,7.25,1.0499999999999998,0.9500000000000002,6.2,5.0,7.0,1.2000000000000002,0.7999999999999998,5.4,4.0,7.0,1.4000000000000004,1.5999999999999996,7.4,7.0,9.0,0.40000000000000036,1.5999999999999996,0.0,0.0,0.0,0.0,0.0,4.0,4.0,4.0,0.0,0.0,0.0,0.0,0.0,0.0,0.0,4.0,4.0,4.0,0.0,0.0
20,4,5,9,0.2,0.2,0.3,dense,True,20,20,20,4,5,15,0,Shared MILP,stability_full_sequence_per_prompt,radius_derived,5,"0,10,20,30,40",1.0,1.0,1.0,0.0,0.0,0.0,0.0,0.0,0.0,0.0,9.2,9.0,9.5,0.1999999999999993,0.3000000000000007,9.1,9.0,9.5,0.09999999999999964,0.40000000000000036,9.0,9.0,9.0,0.0,0.0,9.6,9.0,10.0,0.5999999999999996,0.40000000000000036,4.0,4.0,4.0,0.0,0.0,4.0,4.0,4.0,0.0,0.0,0.0,0.0,0.0,0.0,0.0,4.0,4.0,4.0,0.0,0.0
20,4,5,9,0.2,0.2,0.3,dense,True,20,20,20,4,5,15,1,Shared MILP,stability_full_sequence_per_prompt,radius_derived,5,"0,10,20,30,40",1.0,1.0,1.0,0.0,0.0,0.0,0.0,0.0,0.0,0.0,9.2,9.0,9.5,0.1999999999999993,0.3000000000000007,9.1,9.0,9.5,0.09999999999999964,0.40000000000000036,9.0,9.0,9.0,0.0,0.0,9.6,9.0,10.0,0.5999999999999996,0.40000000000000036,4.0,4.0,4.0,0.0,0.0,4.0,4.0,4.0,0.0,0.0,0.0,0.0,0.0,0.0,0.0,4.0,4.0,4.0,0.0,0.0
20,4,5,9,0.2,0.2,0.3,dense,True,20,20,20,4,5,15,2,Shared MILP,stability_full_sequence_per_prompt,radius_derived,5,"0,10,20,30,40",1.0,1.0,1.0,0.0,0.0,0.0,0.0,0.0,0.0,0.0,9.2,9.0,9.5,0.1999999999999993,0.3000000000000007,9.1,9.0,9.5,0.09999999999999964,0.40000000000000036,9.0,9.0,9.0,0.0,0.0,9.6,9.0,10.0,0.5999999999999996,0.40000000000000036,4.0,4.0,4.0,0.0,0.0,4.0,4.0,4.0,0.0,0.0,0.0,0.0,0.0,0.0,0.0,4.0,4.0,4.0,0.0,0.0
20,4,5,9,0.2,0.2,0.3,dense,True,20,20,20,4,5,15,3,Shared MILP,stability_full_sequence_per_prompt,radius_derived,5,"0,10,20,30,40",1.0,1.0,1.0,0.0,0.0,0.0,0.0,0.0,0.0,0.0,9.2,9.0,9.5,0.1999999999999993,0.3000000000000007,9.1,9.0,9.5,0.09999999999999964,0.40000000000000036,9.0,9.0,9.0,0.0,0.0,9.6,9.0,10.0,0.5999999999999996,0.40000000000000036,4.0,4.0,4.0,0.0,0.0,4.0,4.0,4.0,0.0,0.0,0.0,0.0,0.0,0.0,0.0,4.0,4.0,4.0,0.0,0.0
20,4,5,9,0.2,0.2,0.3,dense,True,20,20,20,4,5,15,4,Shared MILP,stability_full_sequence_per_prompt,radius_derived,5,"0,10,20,30,40",1.0,1.0,1.0,0.0,0.0,0.0,0.0,0.0,0.0,0.0,9.2,9.0,9.5,0.1999999999999993,0.3000000000000007,9.1,9.0,9.5,0.09999999999999964,0.40000000000000036,9.0,9.0,9.0,0.0,0.0,9.6,9.0,10.0,0.5999999999999996,0.40000000000000036,4.0,4.0,4.0,0.0,0.0,4.0,4.0,4.0,0.0,0.0,0.0,0.0,0.0,0.0,0.0,4.0,4.0,4.0,0.0,0.0
20,4,5,9,0.2,0.2,0.3,dense,True,20,20,20,4,5,15,5,Shared MILP,stability_full_sequence_per_prompt,radius_derived,5,"0,10,20,30,40",1.0,1.0,1.0,0.0,0.0,0.0,0.0,0.0,0.0,0.0,9.2,9.0,9.5,0.1999999999999993,0.3000000000000007,9.1,9.0,9.5,0.09999999999999964,0.40000000000000036,9.0,9.0,9.0,0.0,0.0,9.6,9.0,10.0,0.5999999999999996,0.40000000000000036,4.0,4.0,4.0,0.0,0.0,4.0,4.0,4.0,0.0,0.0,0.0,0.0,0.0,0.0,0.0,4.0,4.0,4.0,0.0,0.0
20,4,5,9,0.2,0.2,0.3,dense,True,20,20,20,4,5,15,6,Shared MILP,stability_full_sequence_per_prompt,radius_derived,5,"0,10,20,30,40",1.0,1.0,1.0,0.0,0.0,0.0,0.0,0.0,0.0,0.0,9.2,9.0,9.5,0.1999999999999993,0.3000000000000007,9.1,9.0,9.5,0.09999999999999964,0.40000000000000036,9.0,9.0,9.0,0.0,0.0,9.6,9.0,10.0,0.5999999999999996,0.40000000000000036,4.0,4.0,4.0,0.0,0.0,4.0,4.0,4.0,0.0,0.0,0.0,0.0,0.0,0.0,0.0,4.0,4.0,4.0,0.0,0.0
20,4,5,9,0.2,0.2,0.3,dense,True,20,20,20,4,5,15,7,Shared MILP,stability_full_sequence_per_prompt,radius_derived,5,"0,10,20,30,40",1.0,1.0,1.0,0.0,0.0,0.0,0.0,0.0,0.0,0.0,9.2,9.0,9.5,0.1999999999999993,0.3000000000000007,9.1,9.0,9.5,0.09999999999999964,0.40000000000000036,9.0,9.0,9.0,0.0,0.0,9.6,9.0,10.0,0.5999999999999996,0.40000000000000036,4.0,4.0,4.0,0.0,0.0,4.0,4.0,4.0,0.0,0.0,0.0,0.0,0.0,0.0,0.0,4.0,4.0,4.0,0.0,0.0
20,4,5,9,0.2,0.2,0.3,dense,True,20,20,20,4,5,15,8,Shared MILP,stability_full_sequence_per_prompt,radius_derived,5,"0,10,20,30,40",1.0,1.0,1.0,0.0,0.0,0.0,0.0,0.0,0.0,0.0,9.2,9.0,9.5,0.1999999999999993,0.3000000000000007,9.1,9.0,9.5,0.09999999999999964,0.40000000000000036,9.0,9.0,9.0,0.0,0.0,9.6,9.0,10.0,0.5999999999999996,0.40000000000000036,4.0,4.0,4.0,0.0,0.0,4.0,4.0,4.0,0.0,0.0,0.0,0.0,0.0,0.0,0.0,4.0,4.0,4.0,0.0,0.0
20,4,5,9,0.2,0.2,0.3,dense,True,20,20,20,4,5,15,9,Shared MILP,stability_full_sequence_per_prompt,radius_derived,5,"0,10,20,30,40",0.2,0.0,0.5,0.2,0.3,0.8,0.5,1.0,0.30000000000000004,0.19999999999999996,9.2,9.0,9.5,0.1999999999999993,0.3000000000000007,9.1,9.0,9.5,0.09999999999999964,0.40000000000000036,9.0,9.0,9.0,0.0,0.0,9.6,9.0,10.0,0.5999999999999996,0.40000000000000036,0.8,0.0,2.0,0.8,1.2,4.0,4.0,4.0,0.0,0.0,0.0,0.0,0.0,0.0,0.0,4.0,4.0,4.0,0.0,0.0
20,4,5,9,0.2,0.2,0.3,dense,True,20,20,20,4,5,15,10,Shared MILP,stability_full_sequence_per_prompt,radius_derived,5,"0,10,20,30,40",0.0,0.0,0.0,0.0,0.0,1.0,1.0,1.0,0.0,0.0,9.2,9.0,9.5,0.1999999999999993,0.3000000000000007,9.1,9.0,9.5,0.09999999999999964,0.40000000000000036,9.0,9.0,9.0,0.0,0.0,9.6,9.0,10.0,0.5999999999999996,0.40000000000000036,0.0,0.0,0.0,0.0,0.0,4.0,4.0,4.0,0.0,0.0,0.0,0.0,0.0,0.0,0.0,4.0,4.0,4.0,0.0,0.0
20,4,5,9,0.2,0.2,0.3,dense,True,20,20,20,4,5,15,11,Shared MILP,stability_full_sequence_per_prompt,radius_derived,5,"0,10,20,30,40",0.0,0.0,0.0,0.0,0.0,1.0,1.0,1.0,0.0,0.0,9.2,9.0,9.5,0.1999999999999993,0.3000000000000007,9.1,9.0,9.5,0.09999999999999964,0.40000000000000036,9.0,9.0,9.0,0.0,0.0,9.6,9.0,10.0,0.5999999999999996,0.40000000000000036,0.0,0.0,0.0,0.0,0.0,4.0,4.0,4.0,0.0,0.0,0.0,0.0,0.0,0.0,0.0,4.0,4.0,4.0,0.0,0.0
20,4,5,9,0.2,0.2,0.3,dense,True,20,20,20,4,5,15,12,Shared MILP,stability_full_sequence_per_prompt,radius_derived,5,"0,10,20,30,40",0.0,0.0,0.0,0.0,0.0,1.0,1.0,1.0,0.0,0.0,9.2,9.0,9.5,0.1999999999999993,0.3000000000000007,9.1,9.0,9.5,0.09999999999999964,0.40000000000000036,9.0,9.0,9.0,0.0,0.0,9.6,9.0,10.0,0.5999999999999996,0.40000000000000036,0.0,0.0,0.0,0.0,0.0,4.0,4.0,4.0,0.0,0.0,0.0,0.0,0.0,0.0,0.0,4.0,4.0,4.0,0.0,0.0
20,4,5,9,0.2,0.2,0.3,dense,True,20,20,20,4,5,15,13,Shared MILP,stability_full_sequence_per_prompt,radius_derived,5,"0,10,20,30,40",0.0,0.0,0.0,0.0,0.0,1.0,1.0,1.0,0.0,0.0,9.2,9.0,9.5,0.1999999999999993,0.3000000000000007,9.1,9.0,9.5,0.09999999999999964,0.40000000000000036,9.0,9.0,9.0,0.0,0.0,9.6,9.0,10.0,0.5999999999999996,0.40000000000000036,0.0,0.0,0.0,0.0,0.0,4.0,4.0,4.0,0.0,0.0,0.0,0.0,0.0,0.0,0.0,4.0,4.0,4.0,0.0,0.0
20,4,5,9,0.2,0.2,0.3,dense,True,20,20,20,4,5,15,14,Shared MILP,stability_full_sequence_per_prompt,radius_derived,5,"0,10,20,30,40",0.0,0.0,0.0,0.0,0.0,1.0,1.0,1.0,0.0,0.0,9.2,9.0,9.5,0.1999999999999993,0.3000000000000007,9.1,9.0,9.5,0.09999999999999964,0.40000000000000036,9.0,9.0,9.0,0.0,0.0,9.6,9.0,10.0,0.5999999999999996,0.40000000000000036,0.0,0.0,0.0,0.0,0.0,4.0,4.0,4.0,0.0,0.0,0.0,0.0,0.0,0.0,0.0,4.0,4.0,4.0,0.0,0.0
20,4,5,9,0.2,0.2,0.3,dense,True,20,20,20,4,5,15,15,Shared MILP,stability_full_sequence_per_prompt,radius_derived,5,"0,10,20,30,40",0.0,0.0,0.0,0.0,0.0,1.0,1.0,1.0,0.0,0.0,9.2,9.0,9.5,0.1999999999999993,0.3000000000000007,9.1,9.0,9.5,0.09999999999999964,0.40000000000000036,9.0,9.0,9.0,0.0,0.0,9.6,9.0,10.0,0.5999999999999996,0.40000000000000036,0.0,0.0,0.0,0.0,0.0,4.0,4.0,4.0,0.0,0.0,0.0,0.0,0.0,0.0,0.0,4.0,4.0,4.0,0.0,0.0
20,4,5,9,0.2,0.2,0.3,dense,True,20,20,20,4,5,15,16,Shared MILP,stability_full_sequence_per_prompt,radius_derived,5,"0,10,20,30,40",0.0,0.0,0.0,0.0,0.0,1.0,1.0,1.0,0.0,0.0,9.2,9.0,9.5,0.1999999999999993,0.3000000000000007,9.1,9.0,9.5,0.09999999999999964,0.40000000000000036,9.0,9.0,9.0,0.0,0.0,9.6,9.0,10.0,0.5999999999999996,0.40000000000000036,0.0,0.0,0.0,0.0,0.0,4.0,4.0,4.0,0.0,0.0,0.0,0.0,0.0,0.0,0.0,4.0,4.0,4.0,0.0,0.0
20,4,5,9,0.2,0.2,0.3,dense,True,20,20,20,4,5,15,17,Shared MILP,stability_full_sequence_per_prompt,radius_derived,5,"0,10,20,30,40",0.0,0.0,0.0,0.0,0.0,1.0,1.0,1.0,0.0,0.0,9.2,9.0,9.5,0.1999999999999993,0.3000000000000007,9.1,9.0,9.5,0.09999999999999964,0.40000000000000036,9.0,9.0,9.0,0.0,0.0,9.6,9.0,10.0,0.5999999999999996,0.40000000000000036,0.0,0.0,0.0,0.0,0.0,4.0,4.0,4.0,0.0,0.0,0.0,0.0,0.0,0.0,0.0,4.0,4.0,4.0,0.0,0.0
20,4,5,9,0.2,0.2,0.3,dense,True,20,20,20,4,5,15,18,Shared MILP,stability_full_sequence_per_prompt,radius_derived,5,"0,10,20,30,40",0.0,0.0,0.0,0.0,0.0,1.0,1.0,1.0,0.0,0.0,9.2,9.0,9.5,0.1999999999999993,0.3000000000000007,9.1,9.0,9.5,0.09999999999999964,0.40000000000000036,9.0,9.0,9.0,0.0,0.0,9.6,9.0,10.0,0.5999999999999996,0.40000000000000036,0.0,0.0,0.0,0.0,0.0,4.0,4.0,4.0,0.0,0.0,0.0,0.0,0.0,0.0,0.0,4.0,4.0,4.0,0.0,0.0
20,4,5,9,0.2,0.2,0.3,dense,True,20,20,20,4,5,15,19,Shared MILP,stability_full_sequence_per_prompt,radius_derived,5,"0,10,20,30,40",0.0,0.0,0.0,0.0,0.0,1.0,1.0,1.0,0.0,0.0,9.2,9.0,9.5,0.1999999999999993,0.3000000000000007,9.1,9.0,9.5,0.09999999999999964,0.40000000000000036,9.0,9.0,9.0,0.0,0.0,9.6,9.0,10.0,0.5999999999999996,0.40000000000000036,0.0,0.0,0.0,0.0,0.0,4.0,4.0,4.0,0.0,0.0,0.0,0.0,0.0,0.0,0.0,4.0,4.0,4.0,0.0,0.0
20,4,5,9,0.2,0.2,0.3,dense,True,20,20,20,4,5,15,20,Shared MILP,stability_full_sequence_per_prompt,radius_derived,5,"0,10,20,30,40",0.0,0.0,0.0,0.0,0.0,1.0,1.0,1.0,0.0,0.0,9.2,9.0,9.5,0.1999999999999993,0.3000000000000007,9.1,9.0,9.5,0.09999999999999964,0.40000000000000036,9.0,9.0,9.0,0.0,0.0,9.6,9.0,10.0,0.5999999999999996,0.40000000000000036,0.0,0.0,0.0,0.0,0.0,4.0,4.0,4.0,0.0,0.0,0.0,0.0,0.0,0.0,0.0,4.0,4.0,4.0,0.0,0.0
20,4,5,9,0.2,0.2,0.3,dense,True,20,20,20,4,5,15,0,Plain DPA max token,validity_full_harmful_sequence_per_prompt,radius_derived,5,"0,10,20,30,40",1.0,1.0,1.0,0.0,0.0,0.0,0.0,0.0,0.0,0.0,7.25,6.5,8.75,0.75,1.5,7.0,6.0,9.0,1.0,2.0,5.4,4.0,7.0,1.4000000000000004,1.5999999999999996,9.6,9.0,10.0,0.5999999999999996,0.40000000000000036,4.0,4.0,4.0,0.0,0.0,4.0,4.0,4.0,0.0,0.0,0.0,0.0,0.0,0.0,0.0,4.0,4.0,4.0,0.0,0.0
20,4,5,9,0.2,0.2,0.3,dense,True,20,20,20,4,5,15,1,Plain DPA max token,validity_full_harmful_sequence_per_prompt,radius_derived,5,"0,10,20,30,40",1.0,1.0,1.0,0.0,0.0,0.0,0.0,0.0,0.0,0.0,7.25,6.5,8.75,0.75,1.5,7.0,6.0,9.0,1.0,2.0,5.4,4.0,7.0,1.4000000000000004,1.5999999999999996,9.6,9.0,10.0,0.5999999999999996,0.40000000000000036,4.0,4.0,4.0,0.0,0.0,4.0,4.0,4.0,0.0,0.0,0.0,0.0,0.0,0.0,0.0,4.0,4.0,4.0,0.0,0.0
20,4,5,9,0.2,0.2,0.3,dense,True,20,20,20,4,5,15,2,Plain DPA max token,validity_full_harmful_sequence_per_prompt,radius_derived,5,"0,10,20,30,40",1.0,1.0,1.0,0.0,0.0,0.0,0.0,0.0,0.0,0.0,7.25,6.5,8.75,0.75,1.5,7.0,6.0,9.0,1.0,2.0,5.4,4.0,7.0,1.4000000000000004,1.5999999999999996,9.6,9.0,10.0,0.5999999999999996,0.40000000000000036,4.0,4.0,4.0,0.0,0.0,4.0,4.0,4.0,0.0,0.0,0.0,0.0,0.0,0.0,0.0,4.0,4.0,4.0,0.0,0.0
20,4,5,9,0.2,0.2,0.3,dense,True,20,20,20,4,5,15,3,Plain DPA max token,validity_full_harmful_sequence_per_prompt,radius_derived,5,"0,10,20,30,40",1.0,1.0,1.0,0.0,0.0,0.0,0.0,0.0,0.0,0.0,7.25,6.5,8.75,0.75,1.5,7.0,6.0,9.0,1.0,2.0,5.4,4.0,7.0,1.4000000000000004,1.5999999999999996,9.6,9.0,10.0,0.5999999999999996,0.40000000000000036,4.0,4.0,4.0,0.0,0.0,4.0,4.0,4.0,0.0,0.0,0.0,0.0,0.0,0.0,0.0,4.0,4.0,4.0,0.0,0.0
20,4,5,9,0.2,0.2,0.3,dense,True,20,20,20,4,5,15,4,Plain DPA max token,validity_full_harmful_sequence_per_prompt,radius_derived,5,"0,10,20,30,40",0.95,0.75,1.0,0.19999999999999996,0.050000000000000044,0.05,0.0,0.25,0.05,0.2,7.25,6.5,8.75,0.75,1.5,7.0,6.0,9.0,1.0,2.0,5.4,4.0,7.0,1.4000000000000004,1.5999999999999996,9.6,9.0,10.0,0.5999999999999996,0.40000000000000036,3.8,3.0,4.0,0.7999999999999998,0.20000000000000018,4.0,4.0,4.0,0.0,0.0,0.0,0.0,0.0,0.0,0.0,4.0,4.0,4.0,0.0,0.0
20,4,5,9,0.2,0.2,0.3,dense,True,20,20,20,4,5,15,5,Plain DPA max token,validity_full_harmful_sequence_per_prompt,radius_derived,5,"0,10,20,30,40",0.8,0.5,1.0,0.30000000000000004,0.19999999999999996,0.2,0.0,0.5,0.2,0.3,7.25,6.5,8.75,0.75,1.5,7.0,6.0,9.0,1.0,2.0,5.4,4.0,7.0,1.4000000000000004,1.5999999999999996,9.6,9.0,10.0,0.5999999999999996,0.40000000000000036,3.2,2.0,4.0,1.2000000000000002,0.7999999999999998,4.0,4.0,4.0,0.0,0.0,0.0,0.0,0.0,0.0,0.0,4.0,4.0,4.0,0.0,0.0
20,4,5,9,0.2,0.2,0.3,dense,True,20,20,20,4,5,15,6,Plain DPA max token,validity_full_harmful_sequence_per_prompt,radius_derived,5,"0,10,20,30,40",0.55,0.25,1.0,0.30000000000000004,0.44999999999999996,0.45,0.0,0.75,0.45,0.3,7.25,6.5,8.75,0.75,1.5,7.0,6.0,9.0,1.0,2.0,5.4,4.0,7.0,1.4000000000000004,1.5999999999999996,9.6,9.0,10.0,0.5999999999999996,0.40000000000000036,2.2,1.0,4.0,1.2000000000000002,1.7999999999999998,4.0,4.0,4.0,0.0,0.0,0.0,0.0,0.0,0.0,0.0,4.0,4.0,4.0,0.0,0.0
20,4,5,9,0.2,0.2,0.3,dense,True,20,20,20,4,5,15,7,Plain DPA max token,validity_full_harmful_sequence_per_prompt,radius_derived,5,"0,10,20,30,40",0.4,0.25,0.75,0.15000000000000002,0.35,0.6,0.25,0.75,0.35,0.15000000000000002,7.25,6.5,8.75,0.75,1.5,7.0,6.0,9.0,1.0,2.0,5.4,4.0,7.0,1.4000000000000004,1.5999999999999996,9.6,9.0,10.0,0.5999999999999996,0.40000000000000036,1.6,1.0,3.0,0.6000000000000001,1.4,4.0,4.0,4.0,0.0,0.0,0.0,0.0,0.0,0.0,0.0,4.0,4.0,4.0,0.0,0.0
20,4,5,9,0.2,0.2,0.3,dense,True,20,20,20,4,5,15,8,Plain DPA max token,validity_full_harmful_sequence_per_prompt,radius_derived,5,"0,10,20,30,40",0.35,0.25,0.5,0.09999999999999998,0.15000000000000002,0.65,0.5,0.75,0.15000000000000002,0.09999999999999998,7.25,6.5,8.75,0.75,1.5,7.0,6.0,9.0,1.0,2.0,5.4,4.0,7.0,1.4000000000000004,1.5999999999999996,9.6,9.0,10.0,0.5999999999999996,0.40000000000000036,1.4,1.0,2.0,0.3999999999999999,0.6000000000000001,4.0,4.0,4.0,0.0,0.0,0.0,0.0,0.0,0.0,0.0,4.0,4.0,4.0,0.0,0.0
20,4,5,9,0.2,0.2,0.3,dense,True,20,20,20,4,5,15,9,Plain DPA max token,validity_full_harmful_sequence_per_prompt,radius_derived,5,"0,10,20,30,40",0.2,0.0,0.5,0.2,0.3,0.8,0.5,1.0,0.30000000000000004,0.19999999999999996,7.25,6.5,8.75,0.75,1.5,7.0,6.0,9.0,1.0,2.0,5.4,4.0,7.0,1.4000000000000004,1.5999999999999996,9.6,9.0,10.0,0.5999999999999996,0.40000000000000036,0.8,0.0,2.0,0.8,1.2,4.0,4.0,4.0,0.0,0.0,0.0,0.0,0.0,0.0,0.0,4.0,4.0,4.0,0.0,0.0
20,4,5,9,0.2,0.2,0.3,dense,True,20,20,20,4,5,15,10,Plain DPA max token,validity_full_harmful_sequence_per_prompt,radius_derived,5,"0,10,20,30,40",0.0,0.0,0.0,0.0,0.0,1.0,1.0,1.0,0.0,0.0,7.25,6.5,8.75,0.75,1.5,7.0,6.0,9.0,1.0,2.0,5.4,4.0,7.0,1.4000000000000004,1.5999999999999996,9.6,9.0,10.0,0.5999999999999996,0.40000000000000036,0.0,0.0,0.0,0.0,0.0,4.0,4.0,4.0,0.0,0.0,0.0,0.0,0.0,0.0,0.0,4.0,4.0,4.0,0.0,0.0
20,4,5,9,0.2,0.2,0.3,dense,True,20,20,20,4,5,15,11,Plain DPA max token,validity_full_harmful_sequence_per_prompt,radius_derived,5,"0,10,20,30,40",0.0,0.0,0.0,0.0,0.0,1.0,1.0,1.0,0.0,0.0,7.25,6.5,8.75,0.75,1.5,7.0,6.0,9.0,1.0,2.0,5.4,4.0,7.0,1.4000000000000004,1.5999999999999996,9.6,9.0,10.0,0.5999999999999996,0.40000000000000036,0.0,0.0,0.0,0.0,0.0,4.0,4.0,4.0,0.0,0.0,0.0,0.0,0.0,0.0,0.0,4.0,4.0,4.0,0.0,0.0
20,4,5,9,0.2,0.2,0.3,dense,True,20,20,20,4,5,15,12,Plain DPA max token,validity_full_harmful_sequence_per_prompt,radius_derived,5,"0,10,20,30,40",0.0,0.0,0.0,0.0,0.0,1.0,1.0,1.0,0.0,0.0,7.25,6.5,8.75,0.75,1.5,7.0,6.0,9.0,1.0,2.0,5.4,4.0,7.0,1.4000000000000004,1.5999999999999996,9.6,9.0,10.0,0.5999999999999996,0.40000000000000036,0.0,0.0,0.0,0.0,0.0,4.0,4.0,4.0,0.0,0.0,0.0,0.0,0.0,0.0,0.0,4.0,4.0,4.0,0.0,0.0
20,4,5,9,0.2,0.2,0.3,dense,True,20,20,20,4,5,15,13,Plain DPA max token,validity_full_harmful_sequence_per_prompt,radius_derived,5,"0,10,20,30,40",0.0,0.0,0.0,0.0,0.0,1.0,1.0,1.0,0.0,0.0,7.25,6.5,8.75,0.75,1.5,7.0,6.0,9.0,1.0,2.0,5.4,4.0,7.0,1.4000000000000004,1.5999999999999996,9.6,9.0,10.0,0.5999999999999996,0.40000000000000036,0.0,0.0,0.0,0.0,0.0,4.0,4.0,4.0,0.0,0.0,0.0,0.0,0.0,0.0,0.0,4.0,4.0,4.0,0.0,0.0
20,4,5,9,0.2,0.2,0.3,dense,True,20,20,20,4,5,15,14,Plain DPA max token,validity_full_harmful_sequence_per_prompt,radius_derived,5,"0,10,20,30,40",0.0,0.0,0.0,0.0,0.0,1.0,1.0,1.0,0.0,0.0,7.25,6.5,8.75,0.75,1.5,7.0,6.0,9.0,1.0,2.0,5.4,4.0,7.0,1.4000000000000004,1.5999999999999996,9.6,9.0,10.0,0.5999999999999996,0.40000000000000036,0.0,0.0,0.0,0.0,0.0,4.0,4.0,4.0,0.0,0.0,0.0,0.0,0.0,0.0,0.0,4.0,4.0,4.0,0.0,0.0
20,4,5,9,0.2,0.2,0.3,dense,True,20,20,20,4,5,15,15,Plain DPA max token,validity_full_harmful_sequence_per_prompt,radius_derived,5,"0,10,20,30,40",0.0,0.0,0.0,0.0,0.0,1.0,1.0,1.0,0.0,0.0,7.25,6.5,8.75,0.75,1.5,7.0,6.0,9.0,1.0,2.0,5.4,4.0,7.0,1.4000000000000004,1.5999999999999996,9.6,9.0,10.0,0.5999999999999996,0.40000000000000036,0.0,0.0,0.0,0.0,0.0,4.0,4.0,4.0,0.0,0.0,0.0,0.0,0.0,0.0,0.0,4.0,4.0,4.0,0.0,0.0
20,4,5,9,0.2,0.2,0.3,dense,True,20,20,20,4,5,15,16,Plain DPA max token,validity_full_harmful_sequence_per_prompt,radius_derived,5,"0,10,20,30,40",0.0,0.0,0.0,0.0,0.0,1.0,1.0,1.0,0.0,0.0,7.25,6.5,8.75,0.75,1.5,7.0,6.0,9.0,1.0,2.0,5.4,4.0,7.0,1.4000000000000004,1.5999999999999996,9.6,9.0,10.0,0.5999999999999996,0.40000000000000036,0.0,0.0,0.0,0.0,0.0,4.0,4.0,4.0,0.0,0.0,0.0,0.0,0.0,0.0,0.0,4.0,4.0,4.0,0.0,0.0
20,4,5,9,0.2,0.2,0.3,dense,True,20,20,20,4,5,15,17,Plain DPA max token,validity_full_harmful_sequence_per_prompt,radius_derived,5,"0,10,20,30,40",0.0,0.0,0.0,0.0,0.0,1.0,1.0,1.0,0.0,0.0,7.25,6.5,8.75,0.75,1.5,7.0,6.0,9.0,1.0,2.0,5.4,4.0,7.0,1.4000000000000004,1.5999999999999996,9.6,9.0,10.0,0.5999999999999996,0.40000000000000036,0.0,0.0,0.0,0.0,0.0,4.0,4.0,4.0,0.0,0.0,0.0,0.0,0.0,0.0,0.0,4.0,4.0,4.0,0.0,0.0
20,4,5,9,0.2,0.2,0.3,dense,True,20,20,20,4,5,15,18,Plain DPA max token,validity_full_harmful_sequence_per_prompt,radius_derived,5,"0,10,20,30,40",0.0,0.0,0.0,0.0,0.0,1.0,1.0,1.0,0.0,0.0,7.25,6.5,8.75,0.75,1.5,7.0,6.0,9.0,1.0,2.0,5.4,4.0,7.0,1.4000000000000004,1.5999999999999996,9.6,9.0,10.0,0.5999999999999996,0.40000000000000036,0.0,0.0,0.0,0.0,0.0,4.0,4.0,4.0,0.0,0.0,0.0,0.0,0.0,0.0,0.0,4.0,4.0,4.0,0.0,0.0
20,4,5,9,0.2,0.2,0.3,dense,True,20,20,20,4,5,15,19,Plain DPA max token,validity_full_harmful_sequence_per_prompt,radius_derived,5,"0,10,20,30,40",0.0,0.0,0.0,0.0,0.0,1.0,1.0,1.0,0.0,0.0,7.25,6.5,8.75,0.75,1.5,7.0,6.0,9.0,1.0,2.0,5.4,4.0,7.0,1.4000000000000004,1.5999999999999996,9.6,9.0,10.0,0.5999999999999996,0.40000000000000036,0.0,0.0,0.0,0.0,0.0,4.0,4.0,4.0,0.0,0.0,0.0,0.0,0.0,0.0,0.0,4.0,4.0,4.0,0.0,0.0
20,4,5,9,0.2,0.2,0.3,dense,True,20,20,20,4,5,15,20,Plain DPA max token,validity_full_harmful_sequence_per_prompt,radius_derived,5,"0,10,20,30,40",0.0,0.0,0.0,0.0,0.0,1.0,1.0,1.0,0.0,0.0,7.25,6.5,8.75,0.75,1.5,7.0,6.0,9.0,1.0,2.0,5.4,4.0,7.0,1.4000000000000004,1.5999999999999996,9.6,9.0,10.0,0.5999999999999996,0.40000000000000036,0.0,0.0,0.0,0.0,0.0,4.0,4.0,4.0,0.0,0.0,0.0,0.0,0.0,0.0,0.0,4.0,4.0,4.0,0.0,0.0
20,4,5,9,0.2,0.2,0.3,dense,True,20,20,20,4,5,15,0,Shard-aware weakest-token diagnostic,weakest_harmful_token_not_full_sequence_validity,radius_derived,5,"0,10,20,30,40",0.15,0.0,0.5,0.15,0.35,0.85,0.5,1.0,0.35,0.15000000000000002,0.2,0.0,0.5,0.2,0.3,0.1,0.0,0.5,0.1,0.4,0.0,0.0,0.0,0.0,0.0,0.6,0.0,2.0,0.6,1.4,0.6,0.0,2.0,0.6,1.4,4.0,4.0,4.0,0.0,0.0,0.0,0.0,0.0,0.0,0.0,4.0,4.0,4.0,0.0,0.0
20,4,5,9,0.2,0.2,0.3,dense,True,20,20,20,4,5,15,1,Shard-aware weakest-token diagnostic,weakest_harmful_token_not_full_sequence_validity,radius_derived,5,"0,10,20,30,40",0.05,0.0,0.25,0.05,0.2,0.95,0.75,1.0,0.19999999999999996,0.050000000000000044,0.2,0.0,0.5,0.2,0.3,0.1,0.0,0.5,0.1,0.4,0.0,0.0,0.0,0.0,0.0,0.6,0.0,2.0,0.6,1.4,0.2,0.0,1.0,0.2,0.8,4.0,4.0,4.0,0.0,0.0,0.0,0.0,0.0,0.0,0.0,4.0,4.0,4.0,0.0,0.0
20,4,5,9,0.2,0.2,0.3,dense,True,20,20,20,4,5,15,2,Shard-aware weakest-token diagnostic,weakest_harmful_token_not_full_sequence_validity,radius_derived,5,"0,10,20,30,40",0.0,0.0,0.0,0.0,0.0,1.0,1.0,1.0,0.0,0.0,0.2,0.0,0.5,0.2,0.3,0.1,0.0,0.5,0.1,0.4,0.0,0.0,0.0,0.0,0.0,0.6,0.0,2.0,0.6,1.4,0.0,0.0,0.0,0.0,0.0,4.0,4.0,4.0,0.0,0.0,0.0,0.0,0.0,0.0,0.0,4.0,4.0,4.0,0.0,0.0
20,4,5,9,0.2,0.2,0.3,dense,True,20,20,20,4,5,15,3,Shard-aware weakest-token diagnostic,weakest_harmful_token_not_full_sequence_validity,radius_derived,5,"0,10,20,30,40",0.0,0.0,0.0,0.0,0.0,1.0,1.0,1.0,0.0,0.0,0.2,0.0,0.5,0.2,0.3,0.1,0.0,0.5,0.1,0.4,0.0,0.0,0.0,0.0,0.0,0.6,0.0,2.0,0.6,1.4,0.0,0.0,0.0,0.0,0.0,4.0,4.0,4.0,0.0,0.0,0.0,0.0,0.0,0.0,0.0,4.0,4.0,4.0,0.0,0.0
20,4,5,9,0.2,0.2,0.3,dense,True,20,20,20,4,5,15,4,Shard-aware weakest-token diagnostic,weakest_harmful_token_not_full_sequence_validity,radius_derived,5,"0,10,20,30,40",0.0,0.0,0.0,0.0,0.0,1.0,1.0,1.0,0.0,0.0,0.2,0.0,0.5,0.2,0.3,0.1,0.0,0.5,0.1,0.4,0.0,0.0,0.0,0.0,0.0,0.6,0.0,2.0,0.6,1.4,0.0,0.0,0.0,0.0,0.0,4.0,4.0,4.0,0.0,0.0,0.0,0.0,0.0,0.0,0.0,4.0,4.0,4.0,0.0,0.0
20,4,5,9,0.2,0.2,0.3,dense,True,20,20,20,4,5,15,5,Shard-aware weakest-token diagnostic,weakest_harmful_token_not_full_sequence_validity,radius_derived,5,"0,10,20,30,40",0.0,0.0,0.0,0.0,0.0,1.0,1.0,1.0,0.0,0.0,0.2,0.0,0.5,0.2,0.3,0.1,0.0,0.5,0.1,0.4,0.0,0.0,0.0,0.0,0.0,0.6,0.0,2.0,0.6,1.4,0.0,0.0,0.0,0.0,0.0,4.0,4.0,4.0,0.0,0.0,0.0,0.0,0.0,0.0,0.0,4.0,4.0,4.0,0.0,0.0
20,4,5,9,0.2,0.2,0.3,dense,True,20,20,20,4,5,15,6,Shard-aware weakest-token diagnostic,weakest_harmful_token_not_full_sequence_validity,radius_derived,5,"0,10,20,30,40",0.0,0.0,0.0,0.0,0.0,1.0,1.0,1.0,0.0,0.0,0.2,0.0,0.5,0.2,0.3,0.1,0.0,0.5,0.1,0.4,0.0,0.0,0.0,0.0,0.0,0.6,0.0,2.0,0.6,1.4,0.0,0.0,0.0,0.0,0.0,4.0,4.0,4.0,0.0,0.0,0.0,0.0,0.0,0.0,0.0,4.0,4.0,4.0,0.0,0.0
20,4,5,9,0.2,0.2,0.3,dense,True,20,20,20,4,5,15,7,Shard-aware weakest-token diagnostic,weakest_harmful_token_not_full_sequence_validity,radius_derived,5,"0,10,20,30,40",0.0,0.0,0.0,0.0,0.0,1.0,1.0,1.0,0.0,0.0,0.2,0.0,0.5,0.2,0.3,0.1,0.0,0.5,0.1,0.4,0.0,0.0,0.0,0.0,0.0,0.6,0.0,2.0,0.6,1.4,0.0,0.0,0.0,0.0,0.0,4.0,4.0,4.0,0.0,0.0,0.0,0.0,0.0,0.0,0.0,4.0,4.0,4.0,0.0,0.0
20,4,5,9,0.2,0.2,0.3,dense,True,20,20,20,4,5,15,8,Shard-aware weakest-token diagnostic,weakest_harmful_token_not_full_sequence_validity,radius_derived,5,"0,10,20,30,40",0.0,0.0,0.0,0.0,0.0,1.0,1.0,1.0,0.0,0.0,0.2,0.0,0.5,0.2,0.3,0.1,0.0,0.5,0.1,0.4,0.0,0.0,0.0,0.0,0.0,0.6,0.0,2.0,0.6,1.4,0.0,0.0,0.0,0.0,0.0,4.0,4.0,4.0,0.0,0.0,0.0,0.0,0.0,0.0,0.0,4.0,4.0,4.0,0.0,0.0
20,4,5,9,0.2,0.2,0.3,dense,True,20,20,20,4,5,15,9,Shard-aware weakest-token diagnostic,weakest_harmful_token_not_full_sequence_validity,radius_derived,5,"0,10,20,30,40",0.0,0.0,0.0,0.0,0.0,1.0,1.0,1.0,0.0,0.0,0.2,0.0,0.5,0.2,0.3,0.1,0.0,0.5,0.1,0.4,0.0,0.0,0.0,0.0,0.0,0.6,0.0,2.0,0.6,1.4,0.0,0.0,0.0,0.0,0.0,4.0,4.0,4.0,0.0,0.0,0.0,0.0,0.0,0.0,0.0,4.0,4.0,4.0,0.0,0.0
20,4,5,9,0.2,0.2,0.3,dense,True,20,20,20,4,5,15,10,Shard-aware weakest-token diagnostic,weakest_harmful_token_not_full_sequence_validity,radius_derived,5,"0,10,20,30,40",0.0,0.0,0.0,0.0,0.0,1.0,1.0,1.0,0.0,0.0,0.2,0.0,0.5,0.2,0.3,0.1,0.0,0.5,0.1,0.4,0.0,0.0,0.0,0.0,0.0,0.6,0.0,2.0,0.6,1.4,0.0,0.0,0.0,0.0,0.0,4.0,4.0,4.0,0.0,0.0,0.0,0.0,0.0,0.0,0.0,4.0,4.0,4.0,0.0,0.0
20,4,5,9,0.2,0.2,0.3,dense,True,20,20,20,4,5,15,11,Shard-aware weakest-token diagnostic,weakest_harmful_token_not_full_sequence_validity,radius_derived,5,"0,10,20,30,40",0.0,0.0,0.0,0.0,0.0,1.0,1.0,1.0,0.0,0.0,0.2,0.0,0.5,0.2,0.3,0.1,0.0,0.5,0.1,0.4,0.0,0.0,0.0,0.0,0.0,0.6,0.0,2.0,0.6,1.4,0.0,0.0,0.0,0.0,0.0,4.0,4.0,4.0,0.0,0.0,0.0,0.0,0.0,0.0,0.0,4.0,4.0,4.0,0.0,0.0
20,4,5,9,0.2,0.2,0.3,dense,True,20,20,20,4,5,15,12,Shard-aware weakest-token diagnostic,weakest_harmful_token_not_full_sequence_validity,radius_derived,5,"0,10,20,30,40",0.0,0.0,0.0,0.0,0.0,1.0,1.0,1.0,0.0,0.0,0.2,0.0,0.5,0.2,0.3,0.1,0.0,0.5,0.1,0.4,0.0,0.0,0.0,0.0,0.0,0.6,0.0,2.0,0.6,1.4,0.0,0.0,0.0,0.0,0.0,4.0,4.0,4.0,0.0,0.0,0.0,0.0,0.0,0.0,0.0,4.0,4.0,4.0,0.0,0.0
20,4,5,9,0.2,0.2,0.3,dense,True,20,20,20,4,5,15,13,Shard-aware weakest-token diagnostic,weakest_harmful_token_not_full_sequence_validity,radius_derived,5,"0,10,20,30,40",0.0,0.0,0.0,0.0,0.0,1.0,1.0,1.0,0.0,0.0,0.2,0.0,0.5,0.2,0.3,0.1,0.0,0.5,0.1,0.4,0.0,0.0,0.0,0.0,0.0,0.6,0.0,2.0,0.6,1.4,0.0,0.0,0.0,0.0,0.0,4.0,4.0,4.0,0.0,0.0,0.0,0.0,0.0,0.0,0.0,4.0,4.0,4.0,0.0,0.0
20,4,5,9,0.2,0.2,0.3,dense,True,20,20,20,4,5,15,14,Shard-aware weakest-token diagnostic,weakest_harmful_token_not_full_sequence_validity,radius_derived,5,"0,10,20,30,40",0.0,0.0,0.0,0.0,0.0,1.0,1.0,1.0,0.0,0.0,0.2,0.0,0.5,0.2,0.3,0.1,0.0,0.5,0.1,0.4,0.0,0.0,0.0,0.0,0.0,0.6,0.0,2.0,0.6,1.4,0.0,0.0,0.0,0.0,0.0,4.0,4.0,4.0,0.0,0.0,0.0,0.0,0.0,0.0,0.0,4.0,4.0,4.0,0.0,0.0
20,4,5,9,0.2,0.2,0.3,dense,True,20,20,20,4,5,15,15,Shard-aware weakest-token diagnostic,weakest_harmful_token_not_full_sequence_validity,radius_derived,5,"0,10,20,30,40",0.0,0.0,0.0,0.0,0.0,1.0,1.0,1.0,0.0,0.0,0.2,0.0,0.5,0.2,0.3,0.1,0.0,0.5,0.1,0.4,0.0,0.0,0.0,0.0,0.0,0.6,0.0,2.0,0.6,1.4,0.0,0.0,0.0,0.0,0.0,4.0,4.0,4.0,0.0,0.0,0.0,0.0,0.0,0.0,0.0,4.0,4.0,4.0,0.0,0.0
20,4,5,9,0.2,0.2,0.3,dense,True,20,20,20,4,5,15,16,Shard-aware weakest-token diagnostic,weakest_harmful_token_not_full_sequence_validity,radius_derived,5,"0,10,20,30,40",0.0,0.0,0.0,0.0,0.0,1.0,1.0,1.0,0.0,0.0,0.2,0.0,0.5,0.2,0.3,0.1,0.0,0.5,0.1,0.4,0.0,0.0,0.0,0.0,0.0,0.6,0.0,2.0,0.6,1.4,0.0,0.0,0.0,0.0,0.0,4.0,4.0,4.0,0.0,0.0,0.0,0.0,0.0,0.0,0.0,4.0,4.0,4.0,0.0,0.0
20,4,5,9,0.2,0.2,0.3,dense,True,20,20,20,4,5,15,17,Shard-aware weakest-token diagnostic,weakest_harmful_token_not_full_sequence_validity,radius_derived,5,"0,10,20,30,40",0.0,0.0,0.0,0.0,0.0,1.0,1.0,1.0,0.0,0.0,0.2,0.0,0.5,0.2,0.3,0.1,0.0,0.5,0.1,0.4,0.0,0.0,0.0,0.0,0.0,0.6,0.0,2.0,0.6,1.4,0.0,0.0,0.0,0.0,0.0,4.0,4.0,4.0,0.0,0.0,0.0,0.0,0.0,0.0,0.0,4.0,4.0,4.0,0.0,0.0
20,4,5,9,0.2,0.2,0.3,dense,True,20,20,20,4,5,15,18,Shard-aware weakest-token diagnostic,weakest_harmful_token_not_full_sequence_validity,radius_derived,5,"0,10,20,30,40",0.0,0.0,0.0,0.0,0.0,1.0,1.0,1.0,0.0,0.0,0.2,0.0,0.5,0.2,0.3,0.1,0.0,0.5,0.1,0.4,0.0,0.0,0.0,0.0,0.0,0.6,0.0,2.0,0.6,1.4,0.0,0.0,0.0,0.0,0.0,4.0,4.0,4.0,0.0,0.0,0.0,0.0,0.0,0.0,0.0,4.0,4.0,4.0,0.0,0.0
20,4,5,9,0.2,0.2,0.3,dense,True,20,20,20,4,5,15,19,Shard-aware weakest-token diagnostic,weakest_harmful_token_not_full_sequence_validity,radius_derived,5,"0,10,20,30,40",0.0,0.0,0.0,0.0,0.0,1.0,1.0,1.0,0.0,0.0,0.2,0.0,0.5,0.2,0.3,0.1,0.0,0.5,0.1,0.4,0.0,0.0,0.0,0.0,0.0,0.6,0.0,2.0,0.6,1.4,0.0,0.0,0.0,0.0,0.0,4.0,4.0,4.0,0.0,0.0,0.0,0.0,0.0,0.0,0.0,4.0,4.0,4.0,0.0,0.0
20,4,5,9,0.2,0.2,0.3,dense,True,20,20,20,4,5,15,20,Shard-aware weakest-token diagnostic,weakest_harmful_token_not_full_sequence_validity,radius_derived,5,"0,10,20,30,40",0.0,0.0,0.0,0.0,0.0,1.0,1.0,1.0,0.0,0.0,0.2,0.0,0.5,0.2,0.3,0.1,0.0,0.5,0.1,0.4,0.0,0.0,0.0,0.0,0.0,0.6,0.0,2.0,0.6,1.4,0.0,0.0,0.0,0.0,0.0,4.0,4.0,4.0,0.0,0.0,0.0,0.0,0.0,0.0,0.0,4.0,4.0,4.0,0.0,0.0
20,4,5,9,0.2,0.2,0.3,dense,True,20,20,20,4,5,15,0,Shard-aware independent max-token diagnostic,most_difficult_harmful_token_not_full_sequence_validity,radius_derived,5,"0,10,20,30,40",1.0,1.0,1.0,0.0,0.0,0.0,0.0,0.0,0.0,0.0,7.5,6.75,8.75,0.75,1.25,7.4,7.0,9.0,0.40000000000000036,1.5999999999999996,5.6,4.0,7.0,1.5999999999999996,1.4000000000000004,9.6,9.0,10.0,0.5999999999999996,0.40000000000000036,4.0,4.0,4.0,0.0,0.0,4.0,4.0,4.0,0.0,0.0,0.0,0.0,0.0,0.0,0.0,4.0,4.0,4.0,0.0,0.0
20,4,5,9,0.2,0.2,0.3,dense,True,20,20,20,4,5,15,1,Shard-aware independent max-token diagnostic,most_difficult_harmful_token_not_full_sequence_validity,radius_derived,5,"0,10,20,30,40",1.0,1.0,1.0,0.0,0.0,0.0,0.0,0.0,0.0,0.0,7.5,6.75,8.75,0.75,1.25,7.4,7.0,9.0,0.40000000000000036,1.5999999999999996,5.6,4.0,7.0,1.5999999999999996,1.4000000000000004,9.6,9.0,10.0,0.5999999999999996,0.40000000000000036,4.0,4.0,4.0,0.0,0.0,4.0,4.0,4.0,0.0,0.0,0.0,0.0,0.0,0.0,0.0,4.0,4.0,4.0,0.0,0.0
20,4,5,9,0.2,0.2,0.3,dense,True,20,20,20,4,5,15,2,Shard-aware independent max-token diagnostic,most_difficult_harmful_token_not_full_sequence_validity,radius_derived,5,"0,10,20,30,40",1.0,1.0,1.0,0.0,0.0,0.0,0.0,0.0,0.0,0.0,7.5,6.75,8.75,0.75,1.25,7.4,7.0,9.0,0.40000000000000036,1.5999999999999996,5.6,4.0,7.0,1.5999999999999996,1.4000000000000004,9.6,9.0,10.0,0.5999999999999996,0.40000000000000036,4.0,4.0,4.0,0.0,0.0,4.0,4.0,4.0,0.0,0.0,0.0,0.0,0.0,0.0,0.0,4.0,4.0,4.0,0.0,0.0
20,4,5,9,0.2,0.2,0.3,dense,True,20,20,20,4,5,15,3,Shard-aware independent max-token diagnostic,most_difficult_harmful_token_not_full_sequence_validity,radius_derived,5,"0,10,20,30,40",1.0,1.0,1.0,0.0,0.0,0.0,0.0,0.0,0.0,0.0,7.5,6.75,8.75,0.75,1.25,7.4,7.0,9.0,0.40000000000000036,1.5999999999999996,5.6,4.0,7.0,1.5999999999999996,1.4000000000000004,9.6,9.0,10.0,0.5999999999999996,0.40000000000000036,4.0,4.0,4.0,0.0,0.0,4.0,4.0,4.0,0.0,0.0,0.0,0.0,0.0,0.0,0.0,4.0,4.0,4.0,0.0,0.0
20,4,5,9,0.2,0.2,0.3,dense,True,20,20,20,4,5,15,4,Shard-aware independent max-token diagnostic,most_difficult_harmful_token_not_full_sequence_validity,radius_derived,5,"0,10,20,30,40",0.95,0.75,1.0,0.19999999999999996,0.050000000000000044,0.05,0.0,0.25,0.05,0.2,7.5,6.75,8.75,0.75,1.25,7.4,7.0,9.0,0.40000000000000036,1.5999999999999996,5.6,4.0,7.0,1.5999999999999996,1.4000000000000004,9.6,9.0,10.0,0.5999999999999996,0.40000000000000036,3.8,3.0,4.0,0.7999999999999998,0.20000000000000018,4.0,4.0,4.0,0.0,0.0,0.0,0.0,0.0,0.0,0.0,4.0,4.0,4.0,0.0,0.0
20,4,5,9,0.2,0.2,0.3,dense,True,20,20,20,4,5,15,5,Shard-aware independent max-token diagnostic,most_difficult_harmful_token_not_full_sequence_validity,radius_derived,5,"0,10,20,30,40",0.8,0.5,1.0,0.30000000000000004,0.19999999999999996,0.2,0.0,0.5,0.2,0.3,7.5,6.75,8.75,0.75,1.25,7.4,7.0,9.0,0.40000000000000036,1.5999999999999996,5.6,4.0,7.0,1.5999999999999996,1.4000000000000004,9.6,9.0,10.0,0.5999999999999996,0.40000000000000036,3.2,2.0,4.0,1.2000000000000002,0.7999999999999998,4.0,4.0,4.0,0.0,0.0,0.0,0.0,0.0,0.0,0.0,4.0,4.0,4.0,0.0,0.0
20,4,5,9,0.2,0.2,0.3,dense,True,20,20,20,4,5,15,6,Shard-aware independent max-token diagnostic,most_difficult_harmful_token_not_full_sequence_validity,radius_derived,5,"0,10,20,30,40",0.8,0.5,1.0,0.30000000000000004,0.19999999999999996,0.2,0.0,0.5,0.2,0.3,7.5,6.75,8.75,0.75,1.25,7.4,7.0,9.0,0.40000000000000036,1.5999999999999996,5.6,4.0,7.0,1.5999999999999996,1.4000000000000004,9.6,9.0,10.0,0.5999999999999996,0.40000000000000036,3.2,2.0,4.0,1.2000000000000002,0.7999999999999998,4.0,4.0,4.0,0.0,0.0,0.0,0.0,0.0,0.0,0.0,4.0,4.0,4.0,0.0,0.0
20,4,5,9,0.2,0.2,0.3,dense,True,20,20,20,4,5,15,7,Shard-aware independent max-token diagnostic,most_difficult_harmful_token_not_full_sequence_validity,radius_derived,5,"0,10,20,30,40",0.4,0.25,0.75,0.15000000000000002,0.35,0.6,0.25,0.75,0.35,0.15000000000000002,7.5,6.75,8.75,0.75,1.25,7.4,7.0,9.0,0.40000000000000036,1.5999999999999996,5.6,4.0,7.0,1.5999999999999996,1.4000000000000004,9.6,9.0,10.0,0.5999999999999996,0.40000000000000036,1.6,1.0,3.0,0.6000000000000001,1.4,4.0,4.0,4.0,0.0,0.0,0.0,0.0,0.0,0.0,0.0,4.0,4.0,4.0,0.0,0.0
20,4,5,9,0.2,0.2,0.3,dense,True,20,20,20,4,5,15,8,Shard-aware independent max-token diagnostic,most_difficult_harmful_token_not_full_sequence_validity,radius_derived,5,"0,10,20,30,40",0.35,0.25,0.5,0.09999999999999998,0.15000000000000002,0.65,0.5,0.75,0.15000000000000002,0.09999999999999998,7.5,6.75,8.75,0.75,1.25,7.4,7.0,9.0,0.40000000000000036,1.5999999999999996,5.6,4.0,7.0,1.5999999999999996,1.4000000000000004,9.6,9.0,10.0,0.5999999999999996,0.40000000000000036,1.4,1.0,2.0,0.3999999999999999,0.6000000000000001,4.0,4.0,4.0,0.0,0.0,0.0,0.0,0.0,0.0,0.0,4.0,4.0,4.0,0.0,0.0
20,4,5,9,0.2,0.2,0.3,dense,True,20,20,20,4,5,15,9,Shard-aware independent max-token diagnostic,most_difficult_harmful_token_not_full_sequence_validity,radius_derived,5,"0,10,20,30,40",0.2,0.0,0.5,0.2,0.3,0.8,0.5,1.0,0.30000000000000004,0.19999999999999996,7.5,6.75,8.75,0.75,1.25,7.4,7.0,9.0,0.40000000000000036,1.5999999999999996,5.6,4.0,7.0,1.5999999999999996,1.4000000000000004,9.6,9.0,10.0,0.5999999999999996,0.40000000000000036,0.8,0.0,2.0,0.8,1.2,4.0,4.0,4.0,0.0,0.0,0.0,0.0,0.0,0.0,0.0,4.0,4.0,4.0,0.0,0.0
20,4,5,9,0.2,0.2,0.3,dense,True,20,20,20,4,5,15,10,Shard-aware independent max-token diagnostic,most_difficult_harmful_token_not_full_sequence_validity,radius_derived,5,"0,10,20,30,40",0.0,0.0,0.0,0.0,0.0,1.0,1.0,1.0,0.0,0.0,7.5,6.75,8.75,0.75,1.25,7.4,7.0,9.0,0.40000000000000036,1.5999999999999996,5.6,4.0,7.0,1.5999999999999996,1.4000000000000004,9.6,9.0,10.0,0.5999999999999996,0.40000000000000036,0.0,0.0,0.0,0.0,0.0,4.0,4.0,4.0,0.0,0.0,0.0,0.0,0.0,0.0,0.0,4.0,4.0,4.0,0.0,0.0
20,4,5,9,0.2,0.2,0.3,dense,True,20,20,20,4,5,15,11,Shard-aware independent max-token diagnostic,most_difficult_harmful_token_not_full_sequence_validity,radius_derived,5,"0,10,20,30,40",0.0,0.0,0.0,0.0,0.0,1.0,1.0,1.0,0.0,0.0,7.5,6.75,8.75,0.75,1.25,7.4,7.0,9.0,0.40000000000000036,1.5999999999999996,5.6,4.0,7.0,1.5999999999999996,1.4000000000000004,9.6,9.0,10.0,0.5999999999999996,0.40000000000000036,0.0,0.0,0.0,0.0,0.0,4.0,4.0,4.0,0.0,0.0,0.0,0.0,0.0,0.0,0.0,4.0,4.0,4.0,0.0,0.0
20,4,5,9,0.2,0.2,0.3,dense,True,20,20,20,4,5,15,12,Shard-aware independent max-token diagnostic,most_difficult_harmful_token_not_full_sequence_validity,radius_derived,5,"0,10,20,30,40",0.0,0.0,0.0,0.0,0.0,1.0,1.0,1.0,0.0,0.0,7.5,6.75,8.75,0.75,1.25,7.4,7.0,9.0,0.40000000000000036,1.5999999999999996,5.6,4.0,7.0,1.5999999999999996,1.4000000000000004,9.6,9.0,10.0,0.5999999999999996,0.40000000000000036,0.0,0.0,0.0,0.0,0.0,4.0,4.0,4.0,0.0,0.0,0.0,0.0,0.0,0.0,0.0,4.0,4.0,4.0,0.0,0.0
20,4,5,9,0.2,0.2,0.3,dense,True,20,20,20,4,5,15,13,Shard-aware independent max-token diagnostic,most_difficult_harmful_token_not_full_sequence_validity,radius_derived,5,"0,10,20,30,40",0.0,0.0,0.0,0.0,0.0,1.0,1.0,1.0,0.0,0.0,7.5,6.75,8.75,0.75,1.25,7.4,7.0,9.0,0.40000000000000036,1.5999999999999996,5.6,4.0,7.0,1.5999999999999996,1.4000000000000004,9.6,9.0,10.0,0.5999999999999996,0.40000000000000036,0.0,0.0,0.0,0.0,0.0,4.0,4.0,4.0,0.0,0.0,0.0,0.0,0.0,0.0,0.0,4.0,4.0,4.0,0.0,0.0
20,4,5,9,0.2,0.2,0.3,dense,True,20,20,20,4,5,15,14,Shard-aware independent max-token diagnostic,most_difficult_harmful_token_not_full_sequence_validity,radius_derived,5,"0,10,20,30,40",0.0,0.0,0.0,0.0,0.0,1.0,1.0,1.0,0.0,0.0,7.5,6.75,8.75,0.75,1.25,7.4,7.0,9.0,0.40000000000000036,1.5999999999999996,5.6,4.0,7.0,1.5999999999999996,1.4000000000000004,9.6,9.0,10.0,0.5999999999999996,0.40000000000000036,0.0,0.0,0.0,0.0,0.0,4.0,4.0,4.0,0.0,0.0,0.0,0.0,0.0,0.0,0.0,4.0,4.0,4.0,0.0,0.0
20,4,5,9,0.2,0.2,0.3,dense,True,20,20,20,4,5,15,15,Shard-aware independent max-token diagnostic,most_difficult_harmful_token_not_full_sequence_validity,radius_derived,5,"0,10,20,30,40",0.0,0.0,0.0,0.0,0.0,1.0,1.0,1.0,0.0,0.0,7.5,6.75,8.75,0.75,1.25,7.4,7.0,9.0,0.40000000000000036,1.5999999999999996,5.6,4.0,7.0,1.5999999999999996,1.4000000000000004,9.6,9.0,10.0,0.5999999999999996,0.40000000000000036,0.0,0.0,0.0,0.0,0.0,4.0,4.0,4.0,0.0,0.0,0.0,0.0,0.0,0.0,0.0,4.0,4.0,4.0,0.0,0.0
20,4,5,9,0.2,0.2,0.3,dense,True,20,20,20,4,5,15,16,Shard-aware independent max-token diagnostic,most_difficult_harmful_token_not_full_sequence_validity,radius_derived,5,"0,10,20,30,40",0.0,0.0,0.0,0.0,0.0,1.0,1.0,1.0,0.0,0.0,7.5,6.75,8.75,0.75,1.25,7.4,7.0,9.0,0.40000000000000036,1.5999999999999996,5.6,4.0,7.0,1.5999999999999996,1.4000000000000004,9.6,9.0,10.0,0.5999999999999996,0.40000000000000036,0.0,0.0,0.0,0.0,0.0,4.0,4.0,4.0,0.0,0.0,0.0,0.0,0.0,0.0,0.0,4.0,4.0,4.0,0.0,0.0
20,4,5,9,0.2,0.2,0.3,dense,True,20,20,20,4,5,15,17,Shard-aware independent max-token diagnostic,most_difficult_harmful_token_not_full_sequence_validity,radius_derived,5,"0,10,20,30,40",0.0,0.0,0.0,0.0,0.0,1.0,1.0,1.0,0.0,0.0,7.5,6.75,8.75,0.75,1.25,7.4,7.0,9.0,0.40000000000000036,1.5999999999999996,5.6,4.0,7.0,1.5999999999999996,1.4000000000000004,9.6,9.0,10.0,0.5999999999999996,0.40000000000000036,0.0,0.0,0.0,0.0,0.0,4.0,4.0,4.0,0.0,0.0,0.0,0.0,0.0,0.0,0.0,4.0,4.0,4.0,0.0,0.0
20,4,5,9,0.2,0.2,0.3,dense,True,20,20,20,4,5,15,18,Shard-aware independent max-token diagnostic,most_difficult_harmful_token_not_full_sequence_validity,radius_derived,5,"0,10,20,30,40",0.0,0.0,0.0,0.0,0.0,1.0,1.0,1.0,0.0,0.0,7.5,6.75,8.75,0.75,1.25,7.4,7.0,9.0,0.40000000000000036,1.5999999999999996,5.6,4.0,7.0,1.5999999999999996,1.4000000000000004,9.6,9.0,10.0,0.5999999999999996,0.40000000000000036,0.0,0.0,0.0,0.0,0.0,4.0,4.0,4.0,0.0,0.0,0.0,0.0,0.0,0.0,0.0,4.0,4.0,4.0,0.0,0.0
20,4,5,9,0.2,0.2,0.3,dense,True,20,20,20,4,5,15,19,Shard-aware independent max-token diagnostic,most_difficult_harmful_token_not_full_sequence_validity,radius_derived,5,"0,10,20,30,40",0.0,0.0,0.0,0.0,0.0,1.0,1.0,1.0,0.0,0.0,7.5,6.75,8.75,0.75,1.25,7.4,7.0,9.0,0.40000000000000036,1.5999999999999996,5.6,4.0,7.0,1.5999999999999996,1.4000000000000004,9.6,9.0,10.0,0.5999999999999996,0.40000000000000036,0.0,0.0,0.0,0.0,0.0,4.0,4.0,4.0,0.0,0.0,0.0,0.0,0.0,0.0,0.0,4.0,4.0,4.0,0.0,0.0
20,4,5,9,0.2,0.2,0.3,dense,True,20,20,20,4,5,15,20,Shard-aware independent max-token diagnostic,most_difficult_harmful_token_not_full_sequence_validity,radius_derived,5,"0,10,20,30,40",0.0,0.0,0.0,0.0,0.0,1.0,1.0,1.0,0.0,0.0,7.5,6.75,8.75,0.75,1.25,7.4,7.0,9.0,0.40000000000000036,1.5999999999999996,5.6,4.0,7.0,1.5999999999999996,1.4000000000000004,9.6,9.0,10.0,0.5999999999999996,0.40000000000000036,0.0,0.0,0.0,0.0,0.0,4.0,4.0,4.0,0.0,0.0,0.0,0.0,0.0,0.0,0.0,4.0,4.0,4.0,0.0,0.0
20,4,5,9,0.2,0.2,0.3,dense,True,20,20,20,4,5,15,0,TPA max-token phrase baseline,validity_full_harmful_sequence_per_prompt,radius_derived,5,"0,10,20,30,40",1.0,1.0,1.0,0.0,0.0,0.0,0.0,0.0,0.0,0.0,7.5,6.75,8.75,0.75,1.25,7.4,7.0,9.0,0.40000000000000036,1.5999999999999996,5.6,4.0,7.0,1.5999999999999996,1.4000000000000004,9.6,9.0,10.0,0.5999999999999996,0.40000000000000036,4.0,4.0,4.0,0.0,0.0,4.0,4.0,4.0,0.0,0.0,0.0,0.0,0.0,0.0,0.0,4.0,4.0,4.0,0.0,0.0
20,4,5,9,0.2,0.2,0.3,dense,True,20,20,20,4,5,15,1,TPA max-token phrase baseline,validity_full_harmful_sequence_per_prompt,radius_derived,5,"0,10,20,30,40",1.0,1.0,1.0,0.0,0.0,0.0,0.0,0.0,0.0,0.0,7.5,6.75,8.75,0.75,1.25,7.4,7.0,9.0,0.40000000000000036,1.5999999999999996,5.6,4.0,7.0,1.5999999999999996,1.4000000000000004,9.6,9.0,10.0,0.5999999999999996,0.40000000000000036,4.0,4.0,4.0,0.0,0.0,4.0,4.0,4.0,0.0,0.0,0.0,0.0,0.0,0.0,0.0,4.0,4.0,4.0,0.0,0.0
20,4,5,9,0.2,0.2,0.3,dense,True,20,20,20,4,5,15,2,TPA max-token phrase baseline,validity_full_harmful_sequence_per_prompt,radius_derived,5,"0,10,20,30,40",1.0,1.0,1.0,0.0,0.0,0.0,0.0,0.0,0.0,0.0,7.5,6.75,8.75,0.75,1.25,7.4,7.0,9.0,0.40000000000000036,1.5999999999999996,5.6,4.0,7.0,1.5999999999999996,1.4000000000000004,9.6,9.0,10.0,0.5999999999999996,0.40000000000000036,4.0,4.0,4.0,0.0,0.0,4.0,4.0,4.0,0.0,0.0,0.0,0.0,0.0,0.0,0.0,4.0,4.0,4.0,0.0,0.0
20,4,5,9,0.2,0.2,0.3,dense,True,20,20,20,4,5,15,3,TPA max-token phrase baseline,validity_full_harmful_sequence_per_prompt,radius_derived,5,"0,10,20,30,40",1.0,1.0,1.0,0.0,0.0,0.0,0.0,0.0,0.0,0.0,7.5,6.75,8.75,0.75,1.25,7.4,7.0,9.0,0.40000000000000036,1.5999999999999996,5.6,4.0,7.0,1.5999999999999996,1.4000000000000004,9.6,9.0,10.0,0.5999999999999996,0.40000000000000036,4.0,4.0,4.0,0.0,0.0,4.0,4.0,4.0,0.0,0.0,0.0,0.0,0.0,0.0,0.0,4.0,4.0,4.0,0.0,0.0
20,4,5,9,0.2,0.2,0.3,dense,True,20,20,20,4,5,15,4,TPA max-token phrase baseline,validity_full_harmful_sequence_per_prompt,radius_derived,5,"0,10,20,30,40",0.95,0.75,1.0,0.19999999999999996,0.050000000000000044,0.05,0.0,0.25,0.05,0.2,7.5,6.75,8.75,0.75,1.25,7.4,7.0,9.0,0.40000000000000036,1.5999999999999996,5.6,4.0,7.0,1.5999999999999996,1.4000000000000004,9.6,9.0,10.0,0.5999999999999996,0.40000000000000036,3.8,3.0,4.0,0.7999999999999998,0.20000000000000018,4.0,4.0,4.0,0.0,0.0,0.0,0.0,0.0,0.0,0.0,4.0,4.0,4.0,0.0,0.0
20,4,5,9,0.2,0.2,0.3,dense,True,20,20,20,4,5,15,5,TPA max-token phrase baseline,validity_full_harmful_sequence_per_prompt,radius_derived,5,"0,10,20,30,40",0.8,0.5,1.0,0.30000000000000004,0.19999999999999996,0.2,0.0,0.5,0.2,0.3,7.5,6.75,8.75,0.75,1.25,7.4,7.0,9.0,0.40000000000000036,1.5999999999999996,5.6,4.0,7.0,1.5999999999999996,1.4000000000000004,9.6,9.0,10.0,0.5999999999999996,0.40000000000000036,3.2,2.0,4.0,1.2000000000000002,0.7999999999999998,4.0,4.0,4.0,0.0,0.0,0.0,0.0,0.0,0.0,0.0,4.0,4.0,4.0,0.0,0.0
20,4,5,9,0.2,0.2,0.3,dense,True,20,20,20,4,5,15,6,TPA max-token phrase baseline,validity_full_harmful_sequence_per_prompt,radius_derived,5,"0,10,20,30,40",0.8,0.5,1.0,0.30000000000000004,0.19999999999999996,0.2,0.0,0.5,0.2,0.3,7.5,6.75,8.75,0.75,1.25,7.4,7.0,9.0,0.40000000000000036,1.5999999999999996,5.6,4.0,7.0,1.5999999999999996,1.4000000000000004,9.6,9.0,10.0,0.5999999999999996,0.40000000000000036,3.2,2.0,4.0,1.2000000000000002,0.7999999999999998,4.0,4.0,4.0,0.0,0.0,0.0,0.0,0.0,0.0,0.0,4.0,4.0,4.0,0.0,0.0
20,4,5,9,0.2,0.2,0.3,dense,True,20,20,20,4,5,15,7,TPA max-token phrase baseline,validity_full_harmful_sequence_per_prompt,radius_derived,5,"0,10,20,30,40",0.4,0.25,0.75,0.15000000000000002,0.35,0.6,0.25,0.75,0.35,0.15000000000000002,7.5,6.75,8.75,0.75,1.25,7.4,7.0,9.0,0.40000000000000036,1.5999999999999996,5.6,4.0,7.0,1.5999999999999996,1.4000000000000004,9.6,9.0,10.0,0.5999999999999996,0.40000000000000036,1.6,1.0,3.0,0.6000000000000001,1.4,4.0,4.0,4.0,0.0,0.0,0.0,0.0,0.0,0.0,0.0,4.0,4.0,4.0,0.0,0.0
20,4,5,9,0.2,0.2,0.3,dense,True,20,20,20,4,5,15,8,TPA max-token phrase baseline,validity_full_harmful_sequence_per_prompt,radius_derived,5,"0,10,20,30,40",0.35,0.25,0.5,0.09999999999999998,0.15000000000000002,0.65,0.5,0.75,0.15000000000000002,0.09999999999999998,7.5,6.75,8.75,0.75,1.25,7.4,7.0,9.0,0.40000000000000036,1.5999999999999996,5.6,4.0,7.0,1.5999999999999996,1.4000000000000004,9.6,9.0,10.0,0.5999999999999996,0.40000000000000036,1.4,1.0,2.0,0.3999999999999999,0.6000000000000001,4.0,4.0,4.0,0.0,0.0,0.0,0.0,0.0,0.0,0.0,4.0,4.0,4.0,0.0,0.0
20,4,5,9,0.2,0.2,0.3,dense,True,20,20,20,4,5,15,9,TPA max-token phrase baseline,validity_full_harmful_sequence_per_prompt,radius_derived,5,"0,10,20,30,40",0.2,0.0,0.5,0.2,0.3,0.8,0.5,1.0,0.30000000000000004,0.19999999999999996,7.5,6.75,8.75,0.75,1.25,7.4,7.0,9.0,0.40000000000000036,1.5999999999999996,5.6,4.0,7.0,1.5999999999999996,1.4000000000000004,9.6,9.0,10.0,0.5999999999999996,0.40000000000000036,0.8,0.0,2.0,0.8,1.2,4.0,4.0,4.0,0.0,0.0,0.0,0.0,0.0,0.0,0.0,4.0,4.0,4.0,0.0,0.0
20,4,5,9,0.2,0.2,0.3,dense,True,20,20,20,4,5,15,10,TPA max-token phrase baseline,validity_full_harmful_sequence_per_prompt,radius_derived,5,"0,10,20,30,40",0.0,0.0,0.0,0.0,0.0,1.0,1.0,1.0,0.0,0.0,7.5,6.75,8.75,0.75,1.25,7.4,7.0,9.0,0.40000000000000036,1.5999999999999996,5.6,4.0,7.0,1.5999999999999996,1.4000000000000004,9.6,9.0,10.0,0.5999999999999996,0.40000000000000036,0.0,0.0,0.0,0.0,0.0,4.0,4.0,4.0,0.0,0.0,0.0,0.0,0.0,0.0,0.0,4.0,4.0,4.0,0.0,0.0
20,4,5,9,0.2,0.2,0.3,dense,True,20,20,20,4,5,15,11,TPA max-token phrase baseline,validity_full_harmful_sequence_per_prompt,radius_derived,5,"0,10,20,30,40",0.0,0.0,0.0,0.0,0.0,1.0,1.0,1.0,0.0,0.0,7.5,6.75,8.75,0.75,1.25,7.4,7.0,9.0,0.40000000000000036,1.5999999999999996,5.6,4.0,7.0,1.5999999999999996,1.4000000000000004,9.6,9.0,10.0,0.5999999999999996,0.40000000000000036,0.0,0.0,0.0,0.0,0.0,4.0,4.0,4.0,0.0,0.0,0.0,0.0,0.0,0.0,0.0,4.0,4.0,4.0,0.0,0.0
20,4,5,9,0.2,0.2,0.3,dense,True,20,20,20,4,5,15,12,TPA max-token phrase baseline,validity_full_harmful_sequence_per_prompt,radius_derived,5,"0,10,20,30,40",0.0,0.0,0.0,0.0,0.0,1.0,1.0,1.0,0.0,0.0,7.5,6.75,8.75,0.75,1.25,7.4,7.0,9.0,0.40000000000000036,1.5999999999999996,5.6,4.0,7.0,1.5999999999999996,1.4000000000000004,9.6,9.0,10.0,0.5999999999999996,0.40000000000000036,0.0,0.0,0.0,0.0,0.0,4.0,4.0,4.0,0.0,0.0,0.0,0.0,0.0,0.0,0.0,4.0,4.0,4.0,0.0,0.0
20,4,5,9,0.2,0.2,0.3,dense,True,20,20,20,4,5,15,13,TPA max-token phrase baseline,validity_full_harmful_sequence_per_prompt,radius_derived,5,"0,10,20,30,40",0.0,0.0,0.0,0.0,0.0,1.0,1.0,1.0,0.0,0.0,7.5,6.75,8.75,0.75,1.25,7.4,7.0,9.0,0.40000000000000036,1.5999999999999996,5.6,4.0,7.0,1.5999999999999996,1.4000000000000004,9.6,9.0,10.0,0.5999999999999996,0.40000000000000036,0.0,0.0,0.0,0.0,0.0,4.0,4.0,4.0,0.0,0.0,0.0,0.0,0.0,0.0,0.0,4.0,4.0,4.0,0.0,0.0
20,4,5,9,0.2,0.2,0.3,dense,True,20,20,20,4,5,15,14,TPA max-token phrase baseline,validity_full_harmful_sequence_per_prompt,radius_derived,5,"0,10,20,30,40",0.0,0.0,0.0,0.0,0.0,1.0,1.0,1.0,0.0,0.0,7.5,6.75,8.75,0.75,1.25,7.4,7.0,9.0,0.40000000000000036,1.5999999999999996,5.6,4.0,7.0,1.5999999999999996,1.4000000000000004,9.6,9.0,10.0,0.5999999999999996,0.40000000000000036,0.0,0.0,0.0,0.0,0.0,4.0,4.0,4.0,0.0,0.0,0.0,0.0,0.0,0.0,0.0,4.0,4.0,4.0,0.0,0.0
20,4,5,9,0.2,0.2,0.3,dense,True,20,20,20,4,5,15,15,TPA max-token phrase baseline,validity_full_harmful_sequence_per_prompt,radius_derived,5,"0,10,20,30,40",0.0,0.0,0.0,0.0,0.0,1.0,1.0,1.0,0.0,0.0,7.5,6.75,8.75,0.75,1.25,7.4,7.0,9.0,0.40000000000000036,1.5999999999999996,5.6,4.0,7.0,1.5999999999999996,1.4000000000000004,9.6,9.0,10.0,0.5999999999999996,0.40000000000000036,0.0,0.0,0.0,0.0,0.0,4.0,4.0,4.0,0.0,0.0,0.0,0.0,0.0,0.0,0.0,4.0,4.0,4.0,0.0,0.0
20,4,5,9,0.2,0.2,0.3,dense,True,20,20,20,4,5,15,16,TPA max-token phrase baseline,validity_full_harmful_sequence_per_prompt,radius_derived,5,"0,10,20,30,40",0.0,0.0,0.0,0.0,0.0,1.0,1.0,1.0,0.0,0.0,7.5,6.75,8.75,0.75,1.25,7.4,7.0,9.0,0.40000000000000036,1.5999999999999996,5.6,4.0,7.0,1.5999999999999996,1.4000000000000004,9.6,9.0,10.0,0.5999999999999996,0.40000000000000036,0.0,0.0,0.0,0.0,0.0,4.0,4.0,4.0,0.0,0.0,0.0,0.0,0.0,0.0,0.0,4.0,4.0,4.0,0.0,0.0
20,4,5,9,0.2,0.2,0.3,dense,True,20,20,20,4,5,15,17,TPA max-token phrase baseline,validity_full_harmful_sequence_per_prompt,radius_derived,5,"0,10,20,30,40",0.0,0.0,0.0,0.0,0.0,1.0,1.0,1.0,0.0,0.0,7.5,6.75,8.75,0.75,1.25,7.4,7.0,9.0,0.40000000000000036,1.5999999999999996,5.6,4.0,7.0,1.5999999999999996,1.4000000000000004,9.6,9.0,10.0,0.5999999999999996,0.40000000000000036,0.0,0.0,0.0,0.0,0.0,4.0,4.0,4.0,0.0,0.0,0.0,0.0,0.0,0.0,0.0,4.0,4.0,4.0,0.0,0.0
20,4,5,9,0.2,0.2,0.3,dense,True,20,20,20,4,5,15,18,TPA max-token phrase baseline,validity_full_harmful_sequence_per_prompt,radius_derived,5,"0,10,20,30,40",0.0,0.0,0.0,0.0,0.0,1.0,1.0,1.0,0.0,0.0,7.5,6.75,8.75,0.75,1.25,7.4,7.0,9.0,0.40000000000000036,1.5999999999999996,5.6,4.0,7.0,1.5999999999999996,1.4000000000000004,9.6,9.0,10.0,0.5999999999999996,0.40000000000000036,0.0,0.0,0.0,0.0,0.0,4.0,4.0,4.0,0.0,0.0,0.0,0.0,0.0,0.0,0.0,4.0,4.0,4.0,0.0,0.0
20,4,5,9,0.2,0.2,0.3,dense,True,20,20,20,4,5,15,19,TPA max-token phrase baseline,validity_full_harmful_sequence_per_prompt,radius_derived,5,"0,10,20,30,40",0.0,0.0,0.0,0.0,0.0,1.0,1.0,1.0,0.0,0.0,7.5,6.75,8.75,0.75,1.25,7.4,7.0,9.0,0.40000000000000036,1.5999999999999996,5.6,4.0,7.0,1.5999999999999996,1.4000000000000004,9.6,9.0,10.0,0.5999999999999996,0.40000000000000036,0.0,0.0,0.0,0.0,0.0,4.0,4.0,4.0,0.0,0.0,0.0,0.0,0.0,0.0,0.0,4.0,4.0,4.0,0.0,0.0
20,4,5,9,0.2,0.2,0.3,dense,True,20,20,20,4,5,15,20,TPA max-token phrase baseline,validity_full_harmful_sequence_per_prompt,radius_derived,5,"0,10,20,30,40",0.0,0.0,0.0,0.0,0.0,1.0,1.0,1.0,0.0,0.0,7.5,6.75,8.75,0.75,1.25,7.4,7.0,9.0,0.40000000000000036,1.5999999999999996,5.6,4.0,7.0,1.5999999999999996,1.4000000000000004,9.6,9.0,10.0,0.5999999999999996,0.40000000000000036,0.0,0.0,0.0,0.0,0.0,4.0,4.0,4.0,0.0,0.0,0.0,0.0,0.0,0.0,0.0,4.0,4.0,4.0,0.0,0.0
20,4,5,9,0.2,0.2,0.3,dense,True,20,20,20,4,5,15,0,Shared MILP,validity_full_harmful_sequence_per_prompt,radius_derived,5,"0,10,20,30,40",1.0,1.0,1.0,0.0,0.0,0.0,0.0,0.0,0.0,0.0,7.5,6.75,8.75,0.75,1.25,7.4,7.0,9.0,0.40000000000000036,1.5999999999999996,5.6,4.0,7.0,1.5999999999999996,1.4000000000000004,9.6,9.0,10.0,0.5999999999999996,0.40000000000000036,4.0,4.0,4.0,0.0,0.0,4.0,4.0,4.0,0.0,0.0,0.0,0.0,0.0,0.0,0.0,4.0,4.0,4.0,0.0,0.0
20,4,5,9,0.2,0.2,0.3,dense,True,20,20,20,4,5,15,1,Shared MILP,validity_full_harmful_sequence_per_prompt,radius_derived,5,"0,10,20,30,40",1.0,1.0,1.0,0.0,0.0,0.0,0.0,0.0,0.0,0.0,7.5,6.75,8.75,0.75,1.25,7.4,7.0,9.0,0.40000000000000036,1.5999999999999996,5.6,4.0,7.0,1.5999999999999996,1.4000000000000004,9.6,9.0,10.0,0.5999999999999996,0.40000000000000036,4.0,4.0,4.0,0.0,0.0,4.0,4.0,4.0,0.0,0.0,0.0,0.0,0.0,0.0,0.0,4.0,4.0,4.0,0.0,0.0
20,4,5,9,0.2,0.2,0.3,dense,True,20,20,20,4,5,15,2,Shared MILP,validity_full_harmful_sequence_per_prompt,radius_derived,5,"0,10,20,30,40",1.0,1.0,1.0,0.0,0.0,0.0,0.0,0.0,0.0,0.0,7.5,6.75,8.75,0.75,1.25,7.4,7.0,9.0,0.40000000000000036,1.5999999999999996,5.6,4.0,7.0,1.5999999999999996,1.4000000000000004,9.6,9.0,10.0,0.5999999999999996,0.40000000000000036,4.0,4.0,4.0,0.0,0.0,4.0,4.0,4.0,0.0,0.0,0.0,0.0,0.0,0.0,0.0,4.0,4.0,4.0,0.0,0.0
20,4,5,9,0.2,0.2,0.3,dense,True,20,20,20,4,5,15,3,Shared MILP,validity_full_harmful_sequence_per_prompt,radius_derived,5,"0,10,20,30,40",1.0,1.0,1.0,0.0,0.0,0.0,0.0,0.0,0.0,0.0,7.5,6.75,8.75,0.75,1.25,7.4,7.0,9.0,0.40000000000000036,1.5999999999999996,5.6,4.0,7.0,1.5999999999999996,1.4000000000000004,9.6,9.0,10.0,0.5999999999999996,0.40000000000000036,4.0,4.0,4.0,0.0,0.0,4.0,4.0,4.0,0.0,0.0,0.0,0.0,0.0,0.0,0.0,4.0,4.0,4.0,0.0,0.0
20,4,5,9,0.2,0.2,0.3,dense,True,20,20,20,4,5,15,4,Shared MILP,validity_full_harmful_sequence_per_prompt,radius_derived,5,"0,10,20,30,40",0.95,0.75,1.0,0.19999999999999996,0.050000000000000044,0.05,0.0,0.25,0.05,0.2,7.5,6.75,8.75,0.75,1.25,7.4,7.0,9.0,0.40000000000000036,1.5999999999999996,5.6,4.0,7.0,1.5999999999999996,1.4000000000000004,9.6,9.0,10.0,0.5999999999999996,0.40000000000000036,3.8,3.0,4.0,0.7999999999999998,0.20000000000000018,4.0,4.0,4.0,0.0,0.0,0.0,0.0,0.0,0.0,0.0,4.0,4.0,4.0,0.0,0.0
20,4,5,9,0.2,0.2,0.3,dense,True,20,20,20,4,5,15,5,Shared MILP,validity_full_harmful_sequence_per_prompt,radius_derived,5,"0,10,20,30,40",0.8,0.5,1.0,0.30000000000000004,0.19999999999999996,0.2,0.0,0.5,0.2,0.3,7.5,6.75,8.75,0.75,1.25,7.4,7.0,9.0,0.40000000000000036,1.5999999999999996,5.6,4.0,7.0,1.5999999999999996,1.4000000000000004,9.6,9.0,10.0,0.5999999999999996,0.40000000000000036,3.2,2.0,4.0,1.2000000000000002,0.7999999999999998,4.0,4.0,4.0,0.0,0.0,0.0,0.0,0.0,0.0,0.0,4.0,4.0,4.0,0.0,0.0
20,4,5,9,0.2,0.2,0.3,dense,True,20,20,20,4,5,15,6,Shared MILP,validity_full_harmful_sequence_per_prompt,radius_derived,5,"0,10,20,30,40",0.8,0.5,1.0,0.30000000000000004,0.19999999999999996,0.2,0.0,0.5,0.2,0.3,7.5,6.75,8.75,0.75,1.25,7.4,7.0,9.0,0.40000000000000036,1.5999999999999996,5.6,4.0,7.0,1.5999999999999996,1.4000000000000004,9.6,9.0,10.0,0.5999999999999996,0.40000000000000036,3.2,2.0,4.0,1.2000000000000002,0.7999999999999998,4.0,4.0,4.0,0.0,0.0,0.0,0.0,0.0,0.0,0.0,4.0,4.0,4.0,0.0,0.0
20,4,5,9,0.2,0.2,0.3,dense,True,20,20,20,4,5,15,7,Shared MILP,validity_full_harmful_sequence_per_prompt,radius_derived,5,"0,10,20,30,40",0.4,0.25,0.75,0.15000000000000002,0.35,0.6,0.25,0.75,0.35,0.15000000000000002,7.5,6.75,8.75,0.75,1.25,7.4,7.0,9.0,0.40000000000000036,1.5999999999999996,5.6,4.0,7.0,1.5999999999999996,1.4000000000000004,9.6,9.0,10.0,0.5999999999999996,0.40000000000000036,1.6,1.0,3.0,0.6000000000000001,1.4,4.0,4.0,4.0,0.0,0.0,0.0,0.0,0.0,0.0,0.0,4.0,4.0,4.0,0.0,0.0
20,4,5,9,0.2,0.2,0.3,dense,True,20,20,20,4,5,15,8,Shared MILP,validity_full_harmful_sequence_per_prompt,radius_derived,5,"0,10,20,30,40",0.35,0.25,0.5,0.09999999999999998,0.15000000000000002,0.65,0.5,0.75,0.15000000000000002,0.09999999999999998,7.5,6.75,8.75,0.75,1.25,7.4,7.0,9.0,0.40000000000000036,1.5999999999999996,5.6,4.0,7.0,1.5999999999999996,1.4000000000000004,9.6,9.0,10.0,0.5999999999999996,0.40000000000000036,1.4,1.0,2.0,0.3999999999999999,0.6000000000000001,4.0,4.0,4.0,0.0,0.0,0.0,0.0,0.0,0.0,0.0,4.0,4.0,4.0,0.0,0.0
20,4,5,9,0.2,0.2,0.3,dense,True,20,20,20,4,5,15,9,Shared MILP,validity_full_harmful_sequence_per_prompt,radius_derived,5,"0,10,20,30,40",0.2,0.0,0.5,0.2,0.3,0.8,0.5,1.0,0.30000000000000004,0.19999999999999996,7.5,6.75,8.75,0.75,1.25,7.4,7.0,9.0,0.40000000000000036,1.5999999999999996,5.6,4.0,7.0,1.5999999999999996,1.4000000000000004,9.6,9.0,10.0,0.5999999999999996,0.40000000000000036,0.8,0.0,2.0,0.8,1.2,4.0,4.0,4.0,0.0,0.0,0.0,0.0,0.0,0.0,0.0,4.0,4.0,4.0,0.0,0.0
20,4,5,9,0.2,0.2,0.3,dense,True,20,20,20,4,5,15,10,Shared MILP,validity_full_harmful_sequence_per_prompt,radius_derived,5,"0,10,20,30,40",0.0,0.0,0.0,0.0,0.0,1.0,1.0,1.0,0.0,0.0,7.5,6.75,8.75,0.75,1.25,7.4,7.0,9.0,0.40000000000000036,1.5999999999999996,5.6,4.0,7.0,1.5999999999999996,1.4000000000000004,9.6,9.0,10.0,0.5999999999999996,0.40000000000000036,0.0,0.0,0.0,0.0,0.0,4.0,4.0,4.0,0.0,0.0,0.0,0.0,0.0,0.0,0.0,4.0,4.0,4.0,0.0,0.0
20,4,5,9,0.2,0.2,0.3,dense,True,20,20,20,4,5,15,11,Shared MILP,validity_full_harmful_sequence_per_prompt,radius_derived,5,"0,10,20,30,40",0.0,0.0,0.0,0.0,0.0,1.0,1.0,1.0,0.0,0.0,7.5,6.75,8.75,0.75,1.25,7.4,7.0,9.0,0.40000000000000036,1.5999999999999996,5.6,4.0,7.0,1.5999999999999996,1.4000000000000004,9.6,9.0,10.0,0.5999999999999996,0.40000000000000036,0.0,0.0,0.0,0.0,0.0,4.0,4.0,4.0,0.0,0.0,0.0,0.0,0.0,0.0,0.0,4.0,4.0,4.0,0.0,0.0
20,4,5,9,0.2,0.2,0.3,dense,True,20,20,20,4,5,15,12,Shared MILP,validity_full_harmful_sequence_per_prompt,radius_derived,5,"0,10,20,30,40",0.0,0.0,0.0,0.0,0.0,1.0,1.0,1.0,0.0,0.0,7.5,6.75,8.75,0.75,1.25,7.4,7.0,9.0,0.40000000000000036,1.5999999999999996,5.6,4.0,7.0,1.5999999999999996,1.4000000000000004,9.6,9.0,10.0,0.5999999999999996,0.40000000000000036,0.0,0.0,0.0,0.0,0.0,4.0,4.0,4.0,0.0,0.0,0.0,0.0,0.0,0.0,0.0,4.0,4.0,4.0,0.0,0.0
20,4,5,9,0.2,0.2,0.3,dense,True,20,20,20,4,5,15,13,Shared MILP,validity_full_harmful_sequence_per_prompt,radius_derived,5,"0,10,20,30,40",0.0,0.0,0.0,0.0,0.0,1.0,1.0,1.0,0.0,0.0,7.5,6.75,8.75,0.75,1.25,7.4,7.0,9.0,0.40000000000000036,1.5999999999999996,5.6,4.0,7.0,1.5999999999999996,1.4000000000000004,9.6,9.0,10.0,0.5999999999999996,0.40000000000000036,0.0,0.0,0.0,0.0,0.0,4.0,4.0,4.0,0.0,0.0,0.0,0.0,0.0,0.0,0.0,4.0,4.0,4.0,0.0,0.0
20,4,5,9,0.2,0.2,0.3,dense,True,20,20,20,4,5,15,14,Shared MILP,validity_full_harmful_sequence_per_prompt,radius_derived,5,"0,10,20,30,40",0.0,0.0,0.0,0.0,0.0,1.0,1.0,1.0,0.0,0.0,7.5,6.75,8.75,0.75,1.25,7.4,7.0,9.0,0.40000000000000036,1.5999999999999996,5.6,4.0,7.0,1.5999999999999996,1.4000000000000004,9.6,9.0,10.0,0.5999999999999996,0.40000000000000036,0.0,0.0,0.0,0.0,0.0,4.0,4.0,4.0,0.0,0.0,0.0,0.0,0.0,0.0,0.0,4.0,4.0,4.0,0.0,0.0
20,4,5,9,0.2,0.2,0.3,dense,True,20,20,20,4,5,15,15,Shared MILP,validity_full_harmful_sequence_per_prompt,radius_derived,5,"0,10,20,30,40",0.0,0.0,0.0,0.0,0.0,1.0,1.0,1.0,0.0,0.0,7.5,6.75,8.75,0.75,1.25,7.4,7.0,9.0,0.40000000000000036,1.5999999999999996,5.6,4.0,7.0,1.5999999999999996,1.4000000000000004,9.6,9.0,10.0,0.5999999999999996,0.40000000000000036,0.0,0.0,0.0,0.0,0.0,4.0,4.0,4.0,0.0,0.0,0.0,0.0,0.0,0.0,0.0,4.0,4.0,4.0,0.0,0.0
20,4,5,9,0.2,0.2,0.3,dense,True,20,20,20,4,5,15,16,Shared MILP,validity_full_harmful_sequence_per_prompt,radius_derived,5,"0,10,20,30,40",0.0,0.0,0.0,0.0,0.0,1.0,1.0,1.0,0.0,0.0,7.5,6.75,8.75,0.75,1.25,7.4,7.0,9.0,0.40000000000000036,1.5999999999999996,5.6,4.0,7.0,1.5999999999999996,1.4000000000000004,9.6,9.0,10.0,0.5999999999999996,0.40000000000000036,0.0,0.0,0.0,0.0,0.0,4.0,4.0,4.0,0.0,0.0,0.0,0.0,0.0,0.0,0.0,4.0,4.0,4.0,0.0,0.0
20,4,5,9,0.2,0.2,0.3,dense,True,20,20,20,4,5,15,17,Shared MILP,validity_full_harmful_sequence_per_prompt,radius_derived,5,"0,10,20,30,40",0.0,0.0,0.0,0.0,0.0,1.0,1.0,1.0,0.0,0.0,7.5,6.75,8.75,0.75,1.25,7.4,7.0,9.0,0.40000000000000036,1.5999999999999996,5.6,4.0,7.0,1.5999999999999996,1.4000000000000004,9.6,9.0,10.0,0.5999999999999996,0.40000000000000036,0.0,0.0,0.0,0.0,0.0,4.0,4.0,4.0,0.0,0.0,0.0,0.0,0.0,0.0,0.0,4.0,4.0,4.0,0.0,0.0
20,4,5,9,0.2,0.2,0.3,dense,True,20,20,20,4,5,15,18,Shared MILP,validity_full_harmful_sequence_per_prompt,radius_derived,5,"0,10,20,30,40",0.0,0.0,0.0,0.0,0.0,1.0,1.0,1.0,0.0,0.0,7.5,6.75,8.75,0.75,1.25,7.4,7.0,9.0,0.40000000000000036,1.5999999999999996,5.6,4.0,7.0,1.5999999999999996,1.4000000000000004,9.6,9.0,10.0,0.5999999999999996,0.40000000000000036,0.0,0.0,0.0,0.0,0.0,4.0,4.0,4.0,0.0,0.0,0.0,0.0,0.0,0.0,0.0,4.0,4.0,4.0,0.0,0.0
20,4,5,9,0.2,0.2,0.3,dense,True,20,20,20,4,5,15,19,Shared MILP,validity_full_harmful_sequence_per_prompt,radius_derived,5,"0,10,20,30,40",0.0,0.0,0.0,0.0,0.0,1.0,1.0,1.0,0.0,0.0,7.5,6.75,8.75,0.75,1.25,7.4,7.0,9.0,0.40000000000000036,1.5999999999999996,5.6,4.0,7.0,1.5999999999999996,1.4000000000000004,9.6,9.0,10.0,0.5999999999999996,0.40000000000000036,0.0,0.0,0.0,0.0,0.0,4.0,4.0,4.0,0.0,0.0,0.0,0.0,0.0,0.0,0.0,4.0,4.0,4.0,0.0,0.0
20,4,5,9,0.2,0.2,0.3,dense,True,20,20,20,4,5,15,20,Shared MILP,validity_full_harmful_sequence_per_prompt,radius_derived,5,"0,10,20,30,40",0.0,0.0,0.0,0.0,0.0,1.0,1.0,1.0,0.0,0.0,7.5,6.75,8.75,0.75,1.25,7.4,7.0,9.0,0.40000000000000036,1.5999999999999996,5.6,4.0,7.0,1.5999999999999996,1.4000000000000004,9.6,9.0,10.0,0.5999999999999996,0.40000000000000036,0.0,0.0,0.0,0.0,0.0,4.0,4.0,4.0,0.0,0.0,0.0,0.0,0.0,0.0,0.0,4.0,4.0,4.0,0.0,0.0
20,4,5,9,0.2,0.2,0.3,dense,True,20,20,20,4,5,15,0,Atomic phrase aggregation,validity_full_harmful_sequence_per_prompt,radius_derived,5,"0,10,20,30,40",1.0,1.0,1.0,0.0,0.0,0.0,0.0,0.0,0.0,0.0,2.45,1.5,3.0,0.9500000000000002,0.5499999999999998,2.0,1.0,3.0,1.0,1.0,1.6,1.0,2.0,0.6000000000000001,0.3999999999999999,4.2,3.0,6.0,1.2000000000000002,1.7999999999999998,4.0,4.0,4.0,0.0,0.0,4.0,4.0,4.0,0.0,0.0,0.0,0.0,0.0,0.0,0.0,4.0,4.0,4.0,0.0,0.0
20,4,5,9,0.2,0.2,0.3,dense,True,20,20,20,4,5,15,1,Atomic phrase aggregation,validity_full_harmful_sequence_per_prompt,radius_derived,5,"0,10,20,30,40",0.8,0.25,1.0,0.55,0.19999999999999996,0.2,0.0,0.75,0.2,0.55,2.45,1.5,3.0,0.9500000000000002,0.5499999999999998,2.0,1.0,3.0,1.0,1.0,1.6,1.0,2.0,0.6000000000000001,0.3999999999999999,4.2,3.0,6.0,1.2000000000000002,1.7999999999999998,3.2,1.0,4.0,2.2,0.7999999999999998,4.0,4.0,4.0,0.0,0.0,0.0,0.0,0.0,0.0,0.0,4.0,4.0,4.0,0.0,0.0
20,4,5,9,0.2,0.2,0.3,dense,True,20,20,20,4,5,15,2,Atomic phrase aggregation,validity_full_harmful_sequence_per_prompt,radius_derived,5,"0,10,20,30,40",0.35,0.25,0.75,0.09999999999999998,0.4,0.65,0.25,0.75,0.4,0.09999999999999998,2.45,1.5,3.0,0.9500000000000002,0.5499999999999998,2.0,1.0,3.0,1.0,1.0,1.6,1.0,2.0,0.6000000000000001,0.3999999999999999,4.2,3.0,6.0,1.2000000000000002,1.7999999999999998,1.4,1.0,3.0,0.3999999999999999,1.6,4.0,4.0,4.0,0.0,0.0,0.0,0.0,0.0,0.0,0.0,4.0,4.0,4.0,0.0,0.0
20,4,5,9,0.2,0.2,0.3,dense,True,20,20,20,4,5,15,3,Atomic phrase aggregation,validity_full_harmful_sequence_per_prompt,radius_derived,5,"0,10,20,30,40",0.15,0.0,0.25,0.15,0.1,0.85,0.75,1.0,0.09999999999999998,0.15000000000000002,2.45,1.5,3.0,0.9500000000000002,0.5499999999999998,2.0,1.0,3.0,1.0,1.0,1.6,1.0,2.0,0.6000000000000001,0.3999999999999999,4.2,3.0,6.0,1.2000000000000002,1.7999999999999998,0.6,0.0,1.0,0.6,0.4,4.0,4.0,4.0,0.0,0.0,0.0,0.0,0.0,0.0,0.0,4.0,4.0,4.0,0.0,0.0
20,4,5,9,0.2,0.2,0.3,dense,True,20,20,20,4,5,15,4,Atomic phrase aggregation,validity_full_harmful_sequence_per_prompt,radius_derived,5,"0,10,20,30,40",0.1,0.0,0.25,0.1,0.15,0.9,0.75,1.0,0.15000000000000002,0.09999999999999998,2.45,1.5,3.0,0.9500000000000002,0.5499999999999998,2.0,1.0,3.0,1.0,1.0,1.6,1.0,2.0,0.6000000000000001,0.3999999999999999,4.2,3.0,6.0,1.2000000000000002,1.7999999999999998,0.4,0.0,1.0,0.4,0.6,4.0,4.0,4.0,0.0,0.0,0.0,0.0,0.0,0.0,0.0,4.0,4.0,4.0,0.0,0.0
20,4,5,9,0.2,0.2,0.3,dense,True,20,20,20,4,5,15,5,Atomic phrase aggregation,validity_full_harmful_sequence_per_prompt,radius_derived,5,"0,10,20,30,40",0.05,0.0,0.25,0.05,0.2,0.95,0.75,1.0,0.19999999999999996,0.050000000000000044,2.45,1.5,3.0,0.9500000000000002,0.5499999999999998,2.0,1.0,3.0,1.0,1.0,1.6,1.0,2.0,0.6000000000000001,0.3999999999999999,4.2,3.0,6.0,1.2000000000000002,1.7999999999999998,0.2,0.0,1.0,0.2,0.8,4.0,4.0,4.0,0.0,0.0,0.0,0.0,0.0,0.0,0.0,4.0,4.0,4.0,0.0,0.0
20,4,5,9,0.2,0.2,0.3,dense,True,20,20,20,4,5,15,6,Atomic phrase aggregation,validity_full_harmful_sequence_per_prompt,radius_derived,5,"0,10,20,30,40",0.0,0.0,0.0,0.0,0.0,1.0,1.0,1.0,0.0,0.0,2.45,1.5,3.0,0.9500000000000002,0.5499999999999998,2.0,1.0,3.0,1.0,1.0,1.6,1.0,2.0,0.6000000000000001,0.3999999999999999,4.2,3.0,6.0,1.2000000000000002,1.7999999999999998,0.0,0.0,0.0,0.0,0.0,4.0,4.0,4.0,0.0,0.0,0.0,0.0,0.0,0.0,0.0,4.0,4.0,4.0,0.0,0.0
20,4,5,9,0.2,0.2,0.3,dense,True,20,20,20,4,5,15,7,Atomic phrase aggregation,validity_full_harmful_sequence_per_prompt,radius_derived,5,"0,10,20,30,40",0.0,0.0,0.0,0.0,0.0,1.0,1.0,1.0,0.0,0.0,2.45,1.5,3.0,0.9500000000000002,0.5499999999999998,2.0,1.0,3.0,1.0,1.0,1.6,1.0,2.0,0.6000000000000001,0.3999999999999999,4.2,3.0,6.0,1.2000000000000002,1.7999999999999998,0.0,0.0,0.0,0.0,0.0,4.0,4.0,4.0,0.0,0.0,0.0,0.0,0.0,0.0,0.0,4.0,4.0,4.0,0.0,0.0
20,4,5,9,0.2,0.2,0.3,dense,True,20,20,20,4,5,15,8,Atomic phrase aggregation,validity_full_harmful_sequence_per_prompt,radius_derived,5,"0,10,20,30,40",0.0,0.0,0.0,0.0,0.0,1.0,1.0,1.0,0.0,0.0,2.45,1.5,3.0,0.9500000000000002,0.5499999999999998,2.0,1.0,3.0,1.0,1.0,1.6,1.0,2.0,0.6000000000000001,0.3999999999999999,4.2,3.0,6.0,1.2000000000000002,1.7999999999999998,0.0,0.0,0.0,0.0,0.0,4.0,4.0,4.0,0.0,0.0,0.0,0.0,0.0,0.0,0.0,4.0,4.0,4.0,0.0,0.0
20,4,5,9,0.2,0.2,0.3,dense,True,20,20,20,4,5,15,9,Atomic phrase aggregation,validity_full_harmful_sequence_per_prompt,radius_derived,5,"0,10,20,30,40",0.0,0.0,0.0,0.0,0.0,1.0,1.0,1.0,0.0,0.0,2.45,1.5,3.0,0.9500000000000002,0.5499999999999998,2.0,1.0,3.0,1.0,1.0,1.6,1.0,2.0,0.6000000000000001,0.3999999999999999,4.2,3.0,6.0,1.2000000000000002,1.7999999999999998,0.0,0.0,0.0,0.0,0.0,4.0,4.0,4.0,0.0,0.0,0.0,0.0,0.0,0.0,0.0,4.0,4.0,4.0,0.0,0.0
20,4,5,9,0.2,0.2,0.3,dense,True,20,20,20,4,5,15,10,Atomic phrase aggregation,validity_full_harmful_sequence_per_prompt,radius_derived,5,"0,10,20,30,40",0.0,0.0,0.0,0.0,0.0,1.0,1.0,1.0,0.0,0.0,2.45,1.5,3.0,0.9500000000000002,0.5499999999999998,2.0,1.0,3.0,1.0,1.0,1.6,1.0,2.0,0.6000000000000001,0.3999999999999999,4.2,3.0,6.0,1.2000000000000002,1.7999999999999998,0.0,0.0,0.0,0.0,0.0,4.0,4.0,4.0,0.0,0.0,0.0,0.0,0.0,0.0,0.0,4.0,4.0,4.0,0.0,0.0
20,4,5,9,0.2,0.2,0.3,dense,True,20,20,20,4,5,15,11,Atomic phrase aggregation,validity_full_harmful_sequence_per_prompt,radius_derived,5,"0,10,20,30,40",0.0,0.0,0.0,0.0,0.0,1.0,1.0,1.0,0.0,0.0,2.45,1.5,3.0,0.9500000000000002,0.5499999999999998,2.0,1.0,3.0,1.0,1.0,1.6,1.0,2.0,0.6000000000000001,0.3999999999999999,4.2,3.0,6.0,1.2000000000000002,1.7999999999999998,0.0,0.0,0.0,0.0,0.0,4.0,4.0,4.0,0.0,0.0,0.0,0.0,0.0,0.0,0.0,4.0,4.0,4.0,0.0,0.0
20,4,5,9,0.2,0.2,0.3,dense,True,20,20,20,4,5,15,12,Atomic phrase aggregation,validity_full_harmful_sequence_per_prompt,radius_derived,5,"0,10,20,30,40",0.0,0.0,0.0,0.0,0.0,1.0,1.0,1.0,0.0,0.0,2.45,1.5,3.0,0.9500000000000002,0.5499999999999998,2.0,1.0,3.0,1.0,1.0,1.6,1.0,2.0,0.6000000000000001,0.3999999999999999,4.2,3.0,6.0,1.2000000000000002,1.7999999999999998,0.0,0.0,0.0,0.0,0.0,4.0,4.0,4.0,0.0,0.0,0.0,0.0,0.0,0.0,0.0,4.0,4.0,4.0,0.0,0.0
20,4,5,9,0.2,0.2,0.3,dense,True,20,20,20,4,5,15,13,Atomic phrase aggregation,validity_full_harmful_sequence_per_prompt,radius_derived,5,"0,10,20,30,40",0.0,0.0,0.0,0.0,0.0,1.0,1.0,1.0,0.0,0.0,2.45,1.5,3.0,0.9500000000000002,0.5499999999999998,2.0,1.0,3.0,1.0,1.0,1.6,1.0,2.0,0.6000000000000001,0.3999999999999999,4.2,3.0,6.0,1.2000000000000002,1.7999999999999998,0.0,0.0,0.0,0.0,0.0,4.0,4.0,4.0,0.0,0.0,0.0,0.0,0.0,0.0,0.0,4.0,4.0,4.0,0.0,0.0
20,4,5,9,0.2,0.2,0.3,dense,True,20,20,20,4,5,15,14,Atomic phrase aggregation,validity_full_harmful_sequence_per_prompt,radius_derived,5,"0,10,20,30,40",0.0,0.0,0.0,0.0,0.0,1.0,1.0,1.0,0.0,0.0,2.45,1.5,3.0,0.9500000000000002,0.5499999999999998,2.0,1.0,3.0,1.0,1.0,1.6,1.0,2.0,0.6000000000000001,0.3999999999999999,4.2,3.0,6.0,1.2000000000000002,1.7999999999999998,0.0,0.0,0.0,0.0,0.0,4.0,4.0,4.0,0.0,0.0,0.0,0.0,0.0,0.0,0.0,4.0,4.0,4.0,0.0,0.0
20,4,5,9,0.2,0.2,0.3,dense,True,20,20,20,4,5,15,15,Atomic phrase aggregation,validity_full_harmful_sequence_per_prompt,radius_derived,5,"0,10,20,30,40",0.0,0.0,0.0,0.0,0.0,1.0,1.0,1.0,0.0,0.0,2.45,1.5,3.0,0.9500000000000002,0.5499999999999998,2.0,1.0,3.0,1.0,1.0,1.6,1.0,2.0,0.6000000000000001,0.3999999999999999,4.2,3.0,6.0,1.2000000000000002,1.7999999999999998,0.0,0.0,0.0,0.0,0.0,4.0,4.0,4.0,0.0,0.0,0.0,0.0,0.0,0.0,0.0,4.0,4.0,4.0,0.0,0.0
20,4,5,9,0.2,0.2,0.3,dense,True,20,20,20,4,5,15,16,Atomic phrase aggregation,validity_full_harmful_sequence_per_prompt,radius_derived,5,"0,10,20,30,40",0.0,0.0,0.0,0.0,0.0,1.0,1.0,1.0,0.0,0.0,2.45,1.5,3.0,0.9500000000000002,0.5499999999999998,2.0,1.0,3.0,1.0,1.0,1.6,1.0,2.0,0.6000000000000001,0.3999999999999999,4.2,3.0,6.0,1.2000000000000002,1.7999999999999998,0.0,0.0,0.0,0.0,0.0,4.0,4.0,4.0,0.0,0.0,0.0,0.0,0.0,0.0,0.0,4.0,4.0,4.0,0.0,0.0
20,4,5,9,0.2,0.2,0.3,dense,True,20,20,20,4,5,15,17,Atomic phrase aggregation,validity_full_harmful_sequence_per_prompt,radius_derived,5,"0,10,20,30,40",0.0,0.0,0.0,0.0,0.0,1.0,1.0,1.0,0.0,0.0,2.45,1.5,3.0,0.9500000000000002,0.5499999999999998,2.0,1.0,3.0,1.0,1.0,1.6,1.0,2.0,0.6000000000000001,0.3999999999999999,4.2,3.0,6.0,1.2000000000000002,1.7999999999999998,0.0,0.0,0.0,0.0,0.0,4.0,4.0,4.0,0.0,0.0,0.0,0.0,0.0,0.0,0.0,4.0,4.0,4.0,0.0,0.0
20,4,5,9,0.2,0.2,0.3,dense,True,20,20,20,4,5,15,18,Atomic phrase aggregation,validity_full_harmful_sequence_per_prompt,radius_derived,5,"0,10,20,30,40",0.0,0.0,0.0,0.0,0.0,1.0,1.0,1.0,0.0,0.0,2.45,1.5,3.0,0.9500000000000002,0.5499999999999998,2.0,1.0,3.0,1.0,1.0,1.6,1.0,2.0,0.6000000000000001,0.3999999999999999,4.2,3.0,6.0,1.2000000000000002,1.7999999999999998,0.0,0.0,0.0,0.0,0.0,4.0,4.0,4.0,0.0,0.0,0.0,0.0,0.0,0.0,0.0,4.0,4.0,4.0,0.0,0.0
20,4,5,9,0.2,0.2,0.3,dense,True,20,20,20,4,5,15,19,Atomic phrase aggregation,validity_full_harmful_sequence_per_prompt,radius_derived,5,"0,10,20,30,40",0.0,0.0,0.0,0.0,0.0,1.0,1.0,1.0,0.0,0.0,2.45,1.5,3.0,0.9500000000000002,0.5499999999999998,2.0,1.0,3.0,1.0,1.0,1.6,1.0,2.0,0.6000000000000001,0.3999999999999999,4.2,3.0,6.0,1.2000000000000002,1.7999999999999998,0.0,0.0,0.0,0.0,0.0,4.0,4.0,4.0,0.0,0.0,0.0,0.0,0.0,0.0,0.0,4.0,4.0,4.0,0.0,0.0
20,4,5,9,0.2,0.2,0.3,dense,True,20,20,20,4,5,15,20,Atomic phrase aggregation,validity_full_harmful_sequence_per_prompt,radius_derived,5,"0,10,20,30,40",0.0,0.0,0.0,0.0,0.0,1.0,1.0,1.0,0.0,0.0,2.45,1.5,3.0,0.9500000000000002,0.5499999999999998,2.0,1.0,3.0,1.0,1.0,1.6,1.0,2.0,0.6000000000000001,0.3999999999999999,4.2,3.0,6.0,1.2000000000000002,1.7999999999999998,0.0,0.0,0.0,0.0,0.0,4.0,4.0,4.0,0.0,0.0,0.0,0.0,0.0,0.0,0.0,4.0,4.0,4.0,0.0,0.0
20,4,5,9,0.2,0.2,0.3,dense,True,20,20,20,4,5,15,0,Independent shard-aware composition diagnostic,validity_full_harmful_sequence_per_prompt,radius_derived,5,"0,10,20,30,40",1.0,1.0,1.0,0.0,0.0,0.0,0.0,0.0,0.0,0.0,17.2,13.75,23.0,3.4499999999999993,5.800000000000001,15.9,12.0,22.5,3.9000000000000004,6.6,12.4,7.0,21.0,5.4,8.6,24.6,18.0,28.0,6.600000000000001,3.3999999999999986,4.0,4.0,4.0,0.0,0.0,4.0,4.0,4.0,0.0,0.0,0.0,0.0,0.0,0.0,0.0,4.0,4.0,4.0,0.0,0.0
20,4,5,9,0.2,0.2,0.3,dense,True,20,20,20,4,5,15,1,Independent shard-aware composition diagnostic,validity_full_harmful_sequence_per_prompt,radius_derived,5,"0,10,20,30,40",1.0,1.0,1.0,0.0,0.0,0.0,0.0,0.0,0.0,0.0,17.2,13.75,23.0,3.4499999999999993,5.800000000000001,15.9,12.0,22.5,3.9000000000000004,6.6,12.4,7.0,21.0,5.4,8.6,24.6,18.0,28.0,6.600000000000001,3.3999999999999986,4.0,4.0,4.0,0.0,0.0,4.0,4.0,4.0,0.0,0.0,0.0,0.0,0.0,0.0,0.0,4.0,4.0,4.0,0.0,0.0
20,4,5,9,0.2,0.2,0.3,dense,True,20,20,20,4,5,15,2,Independent shard-aware composition diagnostic,validity_full_harmful_sequence_per_prompt,radius_derived,5,"0,10,20,30,40",1.0,1.0,1.0,0.0,0.0,0.0,0.0,0.0,0.0,0.0,17.2,13.75,23.0,3.4499999999999993,5.800000000000001,15.9,12.0,22.5,3.9000000000000004,6.6,12.4,7.0,21.0,5.4,8.6,24.6,18.0,28.0,6.600000000000001,3.3999999999999986,4.0,4.0,4.0,0.0,0.0,4.0,4.0,4.0,0.0,0.0,0.0,0.0,0.0,0.0,0.0,4.0,4.0,4.0,0.0,0.0
20,4,5,9,0.2,0.2,0.3,dense,True,20,20,20,4,5,15,3,Independent shard-aware composition diagnostic,validity_full_harmful_sequence_per_prompt,radius_derived,5,"0,10,20,30,40",1.0,1.0,1.0,0.0,0.0,0.0,0.0,0.0,0.0,0.0,17.2,13.75,23.0,3.4499999999999993,5.800000000000001,15.9,12.0,22.5,3.9000000000000004,6.6,12.4,7.0,21.0,5.4,8.6,24.6,18.0,28.0,6.600000000000001,3.3999999999999986,4.0,4.0,4.0,0.0,0.0,4.0,4.0,4.0,0.0,0.0,0.0,0.0,0.0,0.0,0.0,4.0,4.0,4.0,0.0,0.0
20,4,5,9,0.2,0.2,0.3,dense,True,20,20,20,4,5,15,4,Independent shard-aware composition diagnostic,validity_full_harmful_sequence_per_prompt,radius_derived,5,"0,10,20,30,40",1.0,1.0,1.0,0.0,0.0,0.0,0.0,0.0,0.0,0.0,17.2,13.75,23.0,3.4499999999999993,5.800000000000001,15.9,12.0,22.5,3.9000000000000004,6.6,12.4,7.0,21.0,5.4,8.6,24.6,18.0,28.0,6.600000000000001,3.3999999999999986,4.0,4.0,4.0,0.0,0.0,4.0,4.0,4.0,0.0,0.0,0.0,0.0,0.0,0.0,0.0,4.0,4.0,4.0,0.0,0.0
20,4,5,9,0.2,0.2,0.3,dense,True,20,20,20,4,5,15,5,Independent shard-aware composition diagnostic,validity_full_harmful_sequence_per_prompt,radius_derived,5,"0,10,20,30,40",1.0,1.0,1.0,0.0,0.0,0.0,0.0,0.0,0.0,0.0,17.2,13.75,23.0,3.4499999999999993,5.800000000000001,15.9,12.0,22.5,3.9000000000000004,6.6,12.4,7.0,21.0,5.4,8.6,24.6,18.0,28.0,6.600000000000001,3.3999999999999986,4.0,4.0,4.0,0.0,0.0,4.0,4.0,4.0,0.0,0.0,0.0,0.0,0.0,0.0,0.0,4.0,4.0,4.0,0.0,0.0
20,4,5,9,0.2,0.2,0.3,dense,True,20,20,20,4,5,15,6,Independent shard-aware composition diagnostic,validity_full_harmful_sequence_per_prompt,radius_derived,5,"0,10,20,30,40",1.0,1.0,1.0,0.0,0.0,0.0,0.0,0.0,0.0,0.0,17.2,13.75,23.0,3.4499999999999993,5.800000000000001,15.9,12.0,22.5,3.9000000000000004,6.6,12.4,7.0,21.0,5.4,8.6,24.6,18.0,28.0,6.600000000000001,3.3999999999999986,4.0,4.0,4.0,0.0,0.0,4.0,4.0,4.0,0.0,0.0,0.0,0.0,0.0,0.0,0.0,4.0,4.0,4.0,0.0,0.0
20,4,5,9,0.2,0.2,0.3,dense,True,20,20,20,4,5,15,7,Independent shard-aware composition diagnostic,validity_full_harmful_sequence_per_prompt,radius_derived,5,"0,10,20,30,40",0.95,0.75,1.0,0.19999999999999996,0.050000000000000044,0.05,0.0,0.25,0.05,0.2,17.2,13.75,23.0,3.4499999999999993,5.800000000000001,15.9,12.0,22.5,3.9000000000000004,6.6,12.4,7.0,21.0,5.4,8.6,24.6,18.0,28.0,6.600000000000001,3.3999999999999986,3.8,3.0,4.0,0.7999999999999998,0.20000000000000018,4.0,4.0,4.0,0.0,0.0,0.0,0.0,0.0,0.0,0.0,4.0,4.0,4.0,0.0,0.0
20,4,5,9,0.2,0.2,0.3,dense,True,20,20,20,4,5,15,8,Independent shard-aware composition diagnostic,validity_full_harmful_sequence_per_prompt,radius_derived,5,"0,10,20,30,40",0.95,0.75,1.0,0.19999999999999996,0.050000000000000044,0.05,0.0,0.25,0.05,0.2,17.2,13.75,23.0,3.4499999999999993,5.800000000000001,15.9,12.0,22.5,3.9000000000000004,6.6,12.4,7.0,21.0,5.4,8.6,24.6,18.0,28.0,6.600000000000001,3.3999999999999986,3.8,3.0,4.0,0.7999999999999998,0.20000000000000018,4.0,4.0,4.0,0.0,0.0,0.0,0.0,0.0,0.0,0.0,4.0,4.0,4.0,0.0,0.0
20,4,5,9,0.2,0.2,0.3,dense,True,20,20,20,4,5,15,9,Independent shard-aware composition diagnostic,validity_full_harmful_sequence_per_prompt,radius_derived,5,"0,10,20,30,40",0.95,0.75,1.0,0.19999999999999996,0.050000000000000044,0.05,0.0,0.25,0.05,0.2,17.2,13.75,23.0,3.4499999999999993,5.800000000000001,15.9,12.0,22.5,3.9000000000000004,6.6,12.4,7.0,21.0,5.4,8.6,24.6,18.0,28.0,6.600000000000001,3.3999999999999986,3.8,3.0,4.0,0.7999999999999998,0.20000000000000018,4.0,4.0,4.0,0.0,0.0,0.0,0.0,0.0,0.0,0.0,4.0,4.0,4.0,0.0,0.0
20,4,5,9,0.2,0.2,0.3,dense,True,20,20,20,4,5,15,10,Independent shard-aware composition diagnostic,validity_full_harmful_sequence_per_prompt,radius_derived,5,"0,10,20,30,40",0.9,0.75,1.0,0.15000000000000002,0.09999999999999998,0.1,0.0,0.25,0.1,0.15,17.2,13.75,23.0,3.4499999999999993,5.800000000000001,15.9,12.0,22.5,3.9000000000000004,6.6,12.4,7.0,21.0,5.4,8.6,24.6,18.0,28.0,6.600000000000001,3.3999999999999986,3.6,3.0,4.0,0.6000000000000001,0.3999999999999999,4.0,4.0,4.0,0.0,0.0,0.0,0.0,0.0,0.0,0.0,4.0,4.0,4.0,0.0,0.0
20,4,5,9,0.2,0.2,0.3,dense,True,20,20,20,4,5,15,11,Independent shard-aware composition diagnostic,validity_full_harmful_sequence_per_prompt,radius_derived,5,"0,10,20,30,40",0.9,0.75,1.0,0.15000000000000002,0.09999999999999998,0.1,0.0,0.25,0.1,0.15,17.2,13.75,23.0,3.4499999999999993,5.800000000000001,15.9,12.0,22.5,3.9000000000000004,6.6,12.4,7.0,21.0,5.4,8.6,24.6,18.0,28.0,6.600000000000001,3.3999999999999986,3.6,3.0,4.0,0.6000000000000001,0.3999999999999999,4.0,4.0,4.0,0.0,0.0,0.0,0.0,0.0,0.0,0.0,4.0,4.0,4.0,0.0,0.0
20,4,5,9,0.2,0.2,0.3,dense,True,20,20,20,4,5,15,12,Independent shard-aware composition diagnostic,validity_full_harmful_sequence_per_prompt,radius_derived,5,"0,10,20,30,40",0.7,0.25,1.0,0.44999999999999996,0.30000000000000004,0.3,0.0,0.75,0.3,0.45,17.2,13.75,23.0,3.4499999999999993,5.800000000000001,15.9,12.0,22.5,3.9000000000000004,6.6,12.4,7.0,21.0,5.4,8.6,24.6,18.0,28.0,6.600000000000001,3.3999999999999986,2.8,1.0,4.0,1.7999999999999998,1.2000000000000002,4.0,4.0,4.0,0.0,0.0,0.0,0.0,0.0,0.0,0.0,4.0,4.0,4.0,0.0,0.0
20,4,5,9,0.2,0.2,0.3,dense,True,20,20,20,4,5,15,13,Independent shard-aware composition diagnostic,validity_full_harmful_sequence_per_prompt,radius_derived,5,"0,10,20,30,40",0.55,0.25,1.0,0.30000000000000004,0.44999999999999996,0.45,0.0,0.75,0.45,0.3,17.2,13.75,23.0,3.4499999999999993,5.800000000000001,15.9,12.0,22.5,3.9000000000000004,6.6,12.4,7.0,21.0,5.4,8.6,24.6,18.0,28.0,6.600000000000001,3.3999999999999986,2.2,1.0,4.0,1.2000000000000002,1.7999999999999998,4.0,4.0,4.0,0.0,0.0,0.0,0.0,0.0,0.0,0.0,4.0,4.0,4.0,0.0,0.0
20,4,5,9,0.2,0.2,0.3,dense,True,20,20,20,4,5,15,14,Independent shard-aware composition diagnostic,validity_full_harmful_sequence_per_prompt,radius_derived,5,"0,10,20,30,40",0.5,0.25,1.0,0.25,0.5,0.5,0.0,0.75,0.5,0.25,17.2,13.75,23.0,3.4499999999999993,5.800000000000001,15.9,12.0,22.5,3.9000000000000004,6.6,12.4,7.0,21.0,5.4,8.6,24.6,18.0,28.0,6.600000000000001,3.3999999999999986,2.0,1.0,4.0,1.0,2.0,4.0,4.0,4.0,0.0,0.0,0.0,0.0,0.0,0.0,0.0,4.0,4.0,4.0,0.0,0.0
20,4,5,9,0.2,0.2,0.3,dense,True,20,20,20,4,5,15,15,Independent shard-aware composition diagnostic,validity_full_harmful_sequence_per_prompt,radius_derived,5,"0,10,20,30,40",0.5,0.25,1.0,0.25,0.5,0.5,0.0,0.75,0.5,0.25,17.2,13.75,23.0,3.4499999999999993,5.800000000000001,15.9,12.0,22.5,3.9000000000000004,6.6,12.4,7.0,21.0,5.4,8.6,24.6,18.0,28.0,6.600000000000001,3.3999999999999986,2.0,1.0,4.0,1.0,2.0,4.0,4.0,4.0,0.0,0.0,0.0,0.0,0.0,0.0,0.0,4.0,4.0,4.0,0.0,0.0
20,4,5,9,0.2,0.2,0.3,dense,True,20,20,20,4,5,15,16,Independent shard-aware composition diagnostic,validity_full_harmful_sequence_per_prompt,radius_derived,5,"0,10,20,30,40",0.5,0.25,1.0,0.25,0.5,0.5,0.0,0.75,0.5,0.25,17.2,13.75,23.0,3.4499999999999993,5.800000000000001,15.9,12.0,22.5,3.9000000000000004,6.6,12.4,7.0,21.0,5.4,8.6,24.6,18.0,28.0,6.600000000000001,3.3999999999999986,2.0,1.0,4.0,1.0,2.0,4.0,4.0,4.0,0.0,0.0,0.0,0.0,0.0,0.0,0.0,4.0,4.0,4.0,0.0,0.0
20,4,5,9,0.2,0.2,0.3,dense,True,20,20,20,4,5,15,17,Independent shard-aware composition diagnostic,validity_full_harmful_sequence_per_prompt,radius_derived,5,"0,10,20,30,40",0.45,0.25,1.0,0.2,0.55,0.55,0.0,0.75,0.55,0.19999999999999996,17.2,13.75,23.0,3.4499999999999993,5.800000000000001,15.9,12.0,22.5,3.9000000000000004,6.6,12.4,7.0,21.0,5.4,8.6,24.6,18.0,28.0,6.600000000000001,3.3999999999999986,1.8,1.0,4.0,0.8,2.2,4.0,4.0,4.0,0.0,0.0,0.0,0.0,0.0,0.0,0.0,4.0,4.0,4.0,0.0,0.0
20,4,5,9,0.2,0.2,0.3,dense,True,20,20,20,4,5,15,18,Independent shard-aware composition diagnostic,validity_full_harmful_sequence_per_prompt,radius_derived,5,"0,10,20,30,40",0.4,0.0,1.0,0.4,0.6,0.6,0.0,1.0,0.6,0.4,17.2,13.75,23.0,3.4499999999999993,5.800000000000001,15.9,12.0,22.5,3.9000000000000004,6.6,12.4,7.0,21.0,5.4,8.6,24.6,18.0,28.0,6.600000000000001,3.3999999999999986,1.6,0.0,4.0,1.6,2.4,4.0,4.0,4.0,0.0,0.0,0.0,0.0,0.0,0.0,0.0,4.0,4.0,4.0,0.0,0.0
20,4,5,9,0.2,0.2,0.3,dense,True,20,20,20,4,5,15,19,Independent shard-aware composition diagnostic,validity_full_harmful_sequence_per_prompt,radius_derived,5,"0,10,20,30,40",0.4,0.0,1.0,0.4,0.6,0.6,0.0,1.0,0.6,0.4,17.2,13.75,23.0,3.4499999999999993,5.800000000000001,15.9,12.0,22.5,3.9000000000000004,6.6,12.4,7.0,21.0,5.4,8.6,24.6,18.0,28.0,6.600000000000001,3.3999999999999986,1.6,0.0,4.0,1.6,2.4,4.0,4.0,4.0,0.0,0.0,0.0,0.0,0.0,0.0,0.0,4.0,4.0,4.0,0.0,0.0
20,4,5,9,0.2,0.2,0.3,dense,True,20,20,20,4,5,15,20,Independent shard-aware composition diagnostic,validity_full_harmful_sequence_per_prompt,radius_derived,5,"0,10,20,30,40",0.35,0.0,1.0,0.35,0.65,0.65,0.0,1.0,0.65,0.35,17.2,13.75,23.0,3.4499999999999993,5.800000000000001,15.9,12.0,22.5,3.9000000000000004,6.6,12.4,7.0,21.0,5.4,8.6,24.6,18.0,28.0,6.600000000000001,3.3999999999999986,1.4,0.0,4.0,1.4,2.6,4.0,4.0,4.0,0.0,0.0,0.0,0.0,0.0,0.0,0.0,4.0,4.0,4.0,0.0,0.0
20,4,5,11,0.2,0.2,0.3,dense,True,20,20,20,4,5,15,0,DPA token margin,full_response_stable_against_any_token_change,radius_derived,5,"0,10,20,30,40",1.0,1.0,1.0,0.0,0.0,0.0,0.0,0.0,0.0,0.0,6.15,5.75,6.75,0.40000000000000036,0.5999999999999996,6.4,5.5,7.0,0.9000000000000004,0.5999999999999996,5.0,3.0,6.0,2.0,1.0,6.8,6.0,7.0,0.7999999999999998,0.20000000000000018,4.0,4.0,4.0,0.0,0.0,4.0,4.0,4.0,0.0,0.0,0.0,0.0,0.0,0.0,0.0,4.0,4.0,4.0,0.0,0.0
20,4,5,11,0.2,0.2,0.3,dense,True,20,20,20,4,5,15,1,DPA token margin,full_response_stable_against_any_token_change,radius_derived,5,"0,10,20,30,40",1.0,1.0,1.0,0.0,0.0,0.0,0.0,0.0,0.0,0.0,6.15,5.75,6.75,0.40000000000000036,0.5999999999999996,6.4,5.5,7.0,0.9000000000000004,0.5999999999999996,5.0,3.0,6.0,2.0,1.0,6.8,6.0,7.0,0.7999999999999998,0.20000000000000018,4.0,4.0,4.0,0.0,0.0,4.0,4.0,4.0,0.0,0.0,0.0,0.0,0.0,0.0,0.0,4.0,4.0,4.0,0.0,0.0
20,4,5,11,0.2,0.2,0.3,dense,True,20,20,20,4,5,15,2,DPA token margin,full_response_stable_against_any_token_change,radius_derived,5,"0,10,20,30,40",1.0,1.0,1.0,0.0,0.0,0.0,0.0,0.0,0.0,0.0,6.15,5.75,6.75,0.40000000000000036,0.5999999999999996,6.4,5.5,7.0,0.9000000000000004,0.5999999999999996,5.0,3.0,6.0,2.0,1.0,6.8,6.0,7.0,0.7999999999999998,0.20000000000000018,4.0,4.0,4.0,0.0,0.0,4.0,4.0,4.0,0.0,0.0,0.0,0.0,0.0,0.0,0.0,4.0,4.0,4.0,0.0,0.0
20,4,5,11,0.2,0.2,0.3,dense,True,20,20,20,4,5,15,3,DPA token margin,full_response_stable_against_any_token_change,radius_derived,5,"0,10,20,30,40",0.95,0.75,1.0,0.19999999999999996,0.050000000000000044,0.05,0.0,0.25,0.05,0.2,6.15,5.75,6.75,0.40000000000000036,0.5999999999999996,6.4,5.5,7.0,0.9000000000000004,0.5999999999999996,5.0,3.0,6.0,2.0,1.0,6.8,6.0,7.0,0.7999999999999998,0.20000000000000018,3.8,3.0,4.0,0.7999999999999998,0.20000000000000018,4.0,4.0,4.0,0.0,0.0,0.0,0.0,0.0,0.0,0.0,4.0,4.0,4.0,0.0,0.0
20,4,5,11,0.2,0.2,0.3,dense,True,20,20,20,4,5,15,4,DPA token margin,full_response_stable_against_any_token_change,radius_derived,5,"0,10,20,30,40",0.95,0.75,1.0,0.19999999999999996,0.050000000000000044,0.05,0.0,0.25,0.05,0.2,6.15,5.75,6.75,0.40000000000000036,0.5999999999999996,6.4,5.5,7.0,0.9000000000000004,0.5999999999999996,5.0,3.0,6.0,2.0,1.0,6.8,6.0,7.0,0.7999999999999998,0.20000000000000018,3.8,3.0,4.0,0.7999999999999998,0.20000000000000018,4.0,4.0,4.0,0.0,0.0,0.0,0.0,0.0,0.0,0.0,4.0,4.0,4.0,0.0,0.0
20,4,5,11,0.2,0.2,0.3,dense,True,20,20,20,4,5,15,5,DPA token margin,full_response_stable_against_any_token_change,radius_derived,5,"0,10,20,30,40",0.8,0.5,1.0,0.30000000000000004,0.19999999999999996,0.2,0.0,0.5,0.2,0.3,6.15,5.75,6.75,0.40000000000000036,0.5999999999999996,6.4,5.5,7.0,0.9000000000000004,0.5999999999999996,5.0,3.0,6.0,2.0,1.0,6.8,6.0,7.0,0.7999999999999998,0.20000000000000018,3.2,2.0,4.0,1.2000000000000002,0.7999999999999998,4.0,4.0,4.0,0.0,0.0,0.0,0.0,0.0,0.0,0.0,4.0,4.0,4.0,0.0,0.0
20,4,5,11,0.2,0.2,0.3,dense,True,20,20,20,4,5,15,6,DPA token margin,full_response_stable_against_any_token_change,radius_derived,5,"0,10,20,30,40",0.45,0.0,0.75,0.45,0.3,0.55,0.25,1.0,0.30000000000000004,0.44999999999999996,6.15,5.75,6.75,0.40000000000000036,0.5999999999999996,6.4,5.5,7.0,0.9000000000000004,0.5999999999999996,5.0,3.0,6.0,2.0,1.0,6.8,6.0,7.0,0.7999999999999998,0.20000000000000018,1.8,0.0,3.0,1.8,1.2,4.0,4.0,4.0,0.0,0.0,0.0,0.0,0.0,0.0,0.0,4.0,4.0,4.0,0.0,0.0
20,4,5,11,0.2,0.2,0.3,dense,True,20,20,20,4,5,15,7,DPA token margin,full_response_stable_against_any_token_change,radius_derived,5,"0,10,20,30,40",0.0,0.0,0.0,0.0,0.0,1.0,1.0,1.0,0.0,0.0,6.15,5.75,6.75,0.40000000000000036,0.5999999999999996,6.4,5.5,7.0,0.9000000000000004,0.5999999999999996,5.0,3.0,6.0,2.0,1.0,6.8,6.0,7.0,0.7999999999999998,0.20000000000000018,0.0,0.0,0.0,0.0,0.0,4.0,4.0,4.0,0.0,0.0,0.0,0.0,0.0,0.0,0.0,4.0,4.0,4.0,0.0,0.0
20,4,5,11,0.2,0.2,0.3,dense,True,20,20,20,4,5,15,8,DPA token margin,full_response_stable_against_any_token_change,radius_derived,5,"0,10,20,30,40",0.0,0.0,0.0,0.0,0.0,1.0,1.0,1.0,0.0,0.0,6.15,5.75,6.75,0.40000000000000036,0.5999999999999996,6.4,5.5,7.0,0.9000000000000004,0.5999999999999996,5.0,3.0,6.0,2.0,1.0,6.8,6.0,7.0,0.7999999999999998,0.20000000000000018,0.0,0.0,0.0,0.0,0.0,4.0,4.0,4.0,0.0,0.0,0.0,0.0,0.0,0.0,0.0,4.0,4.0,4.0,0.0,0.0
20,4,5,11,0.2,0.2,0.3,dense,True,20,20,20,4,5,15,9,DPA token margin,full_response_stable_against_any_token_change,radius_derived,5,"0,10,20,30,40",0.0,0.0,0.0,0.0,0.0,1.0,1.0,1.0,0.0,0.0,6.15,5.75,6.75,0.40000000000000036,0.5999999999999996,6.4,5.5,7.0,0.9000000000000004,0.5999999999999996,5.0,3.0,6.0,2.0,1.0,6.8,6.0,7.0,0.7999999999999998,0.20000000000000018,0.0,0.0,0.0,0.0,0.0,4.0,4.0,4.0,0.0,0.0,0.0,0.0,0.0,0.0,0.0,4.0,4.0,4.0,0.0,0.0
20,4,5,11,0.2,0.2,0.3,dense,True,20,20,20,4,5,15,10,DPA token margin,full_response_stable_against_any_token_change,radius_derived,5,"0,10,20,30,40",0.0,0.0,0.0,0.0,0.0,1.0,1.0,1.0,0.0,0.0,6.15,5.75,6.75,0.40000000000000036,0.5999999999999996,6.4,5.5,7.0,0.9000000000000004,0.5999999999999996,5.0,3.0,6.0,2.0,1.0,6.8,6.0,7.0,0.7999999999999998,0.20000000000000018,0.0,0.0,0.0,0.0,0.0,4.0,4.0,4.0,0.0,0.0,0.0,0.0,0.0,0.0,0.0,4.0,4.0,4.0,0.0,0.0
20,4,5,11,0.2,0.2,0.3,dense,True,20,20,20,4,5,15,11,DPA token margin,full_response_stable_against_any_token_change,radius_derived,5,"0,10,20,30,40",0.0,0.0,0.0,0.0,0.0,1.0,1.0,1.0,0.0,0.0,6.15,5.75,6.75,0.40000000000000036,0.5999999999999996,6.4,5.5,7.0,0.9000000000000004,0.5999999999999996,5.0,3.0,6.0,2.0,1.0,6.8,6.0,7.0,0.7999999999999998,0.20000000000000018,0.0,0.0,0.0,0.0,0.0,4.0,4.0,4.0,0.0,0.0,0.0,0.0,0.0,0.0,0.0,4.0,4.0,4.0,0.0,0.0
20,4,5,11,0.2,0.2,0.3,dense,True,20,20,20,4,5,15,12,DPA token margin,full_response_stable_against_any_token_change,radius_derived,5,"0,10,20,30,40",0.0,0.0,0.0,0.0,0.0,1.0,1.0,1.0,0.0,0.0,6.15,5.75,6.75,0.40000000000000036,0.5999999999999996,6.4,5.5,7.0,0.9000000000000004,0.5999999999999996,5.0,3.0,6.0,2.0,1.0,6.8,6.0,7.0,0.7999999999999998,0.20000000000000018,0.0,0.0,0.0,0.0,0.0,4.0,4.0,4.0,0.0,0.0,0.0,0.0,0.0,0.0,0.0,4.0,4.0,4.0,0.0,0.0
20,4,5,11,0.2,0.2,0.3,dense,True,20,20,20,4,5,15,13,DPA token margin,full_response_stable_against_any_token_change,radius_derived,5,"0,10,20,30,40",0.0,0.0,0.0,0.0,0.0,1.0,1.0,1.0,0.0,0.0,6.15,5.75,6.75,0.40000000000000036,0.5999999999999996,6.4,5.5,7.0,0.9000000000000004,0.5999999999999996,5.0,3.0,6.0,2.0,1.0,6.8,6.0,7.0,0.7999999999999998,0.20000000000000018,0.0,0.0,0.0,0.0,0.0,4.0,4.0,4.0,0.0,0.0,0.0,0.0,0.0,0.0,0.0,4.0,4.0,4.0,0.0,0.0
20,4,5,11,0.2,0.2,0.3,dense,True,20,20,20,4,5,15,14,DPA token margin,full_response_stable_against_any_token_change,radius_derived,5,"0,10,20,30,40",0.0,0.0,0.0,0.0,0.0,1.0,1.0,1.0,0.0,0.0,6.15,5.75,6.75,0.40000000000000036,0.5999999999999996,6.4,5.5,7.0,0.9000000000000004,0.5999999999999996,5.0,3.0,6.0,2.0,1.0,6.8,6.0,7.0,0.7999999999999998,0.20000000000000018,0.0,0.0,0.0,0.0,0.0,4.0,4.0,4.0,0.0,0.0,0.0,0.0,0.0,0.0,0.0,4.0,4.0,4.0,0.0,0.0
20,4,5,11,0.2,0.2,0.3,dense,True,20,20,20,4,5,15,15,DPA token margin,full_response_stable_against_any_token_change,radius_derived,5,"0,10,20,30,40",0.0,0.0,0.0,0.0,0.0,1.0,1.0,1.0,0.0,0.0,6.15,5.75,6.75,0.40000000000000036,0.5999999999999996,6.4,5.5,7.0,0.9000000000000004,0.5999999999999996,5.0,3.0,6.0,2.0,1.0,6.8,6.0,7.0,0.7999999999999998,0.20000000000000018,0.0,0.0,0.0,0.0,0.0,4.0,4.0,4.0,0.0,0.0,0.0,0.0,0.0,0.0,0.0,4.0,4.0,4.0,0.0,0.0
20,4,5,11,0.2,0.2,0.3,dense,True,20,20,20,4,5,15,16,DPA token margin,full_response_stable_against_any_token_change,radius_derived,5,"0,10,20,30,40",0.0,0.0,0.0,0.0,0.0,1.0,1.0,1.0,0.0,0.0,6.15,5.75,6.75,0.40000000000000036,0.5999999999999996,6.4,5.5,7.0,0.9000000000000004,0.5999999999999996,5.0,3.0,6.0,2.0,1.0,6.8,6.0,7.0,0.7999999999999998,0.20000000000000018,0.0,0.0,0.0,0.0,0.0,4.0,4.0,4.0,0.0,0.0,0.0,0.0,0.0,0.0,0.0,4.0,4.0,4.0,0.0,0.0
20,4,5,11,0.2,0.2,0.3,dense,True,20,20,20,4,5,15,17,DPA token margin,full_response_stable_against_any_token_change,radius_derived,5,"0,10,20,30,40",0.0,0.0,0.0,0.0,0.0,1.0,1.0,1.0,0.0,0.0,6.15,5.75,6.75,0.40000000000000036,0.5999999999999996,6.4,5.5,7.0,0.9000000000000004,0.5999999999999996,5.0,3.0,6.0,2.0,1.0,6.8,6.0,7.0,0.7999999999999998,0.20000000000000018,0.0,0.0,0.0,0.0,0.0,4.0,4.0,4.0,0.0,0.0,0.0,0.0,0.0,0.0,0.0,4.0,4.0,4.0,0.0,0.0
20,4,5,11,0.2,0.2,0.3,dense,True,20,20,20,4,5,15,18,DPA token margin,full_response_stable_against_any_token_change,radius_derived,5,"0,10,20,30,40",0.0,0.0,0.0,0.0,0.0,1.0,1.0,1.0,0.0,0.0,6.15,5.75,6.75,0.40000000000000036,0.5999999999999996,6.4,5.5,7.0,0.9000000000000004,0.5999999999999996,5.0,3.0,6.0,2.0,1.0,6.8,6.0,7.0,0.7999999999999998,0.20000000000000018,0.0,0.0,0.0,0.0,0.0,4.0,4.0,4.0,0.0,0.0,0.0,0.0,0.0,0.0,0.0,4.0,4.0,4.0,0.0,0.0
20,4,5,11,0.2,0.2,0.3,dense,True,20,20,20,4,5,15,19,DPA token margin,full_response_stable_against_any_token_change,radius_derived,5,"0,10,20,30,40",0.0,0.0,0.0,0.0,0.0,1.0,1.0,1.0,0.0,0.0,6.15,5.75,6.75,0.40000000000000036,0.5999999999999996,6.4,5.5,7.0,0.9000000000000004,0.5999999999999996,5.0,3.0,6.0,2.0,1.0,6.8,6.0,7.0,0.7999999999999998,0.20000000000000018,0.0,0.0,0.0,0.0,0.0,4.0,4.0,4.0,0.0,0.0,0.0,0.0,0.0,0.0,0.0,4.0,4.0,4.0,0.0,0.0
20,4,5,11,0.2,0.2,0.3,dense,True,20,20,20,4,5,15,20,DPA token margin,full_response_stable_against_any_token_change,radius_derived,5,"0,10,20,30,40",0.0,0.0,0.0,0.0,0.0,1.0,1.0,1.0,0.0,0.0,6.15,5.75,6.75,0.40000000000000036,0.5999999999999996,6.4,5.5,7.0,0.9000000000000004,0.5999999999999996,5.0,3.0,6.0,2.0,1.0,6.8,6.0,7.0,0.7999999999999998,0.20000000000000018,0.0,0.0,0.0,0.0,0.0,4.0,4.0,4.0,0.0,0.0,0.0,0.0,0.0,0.0,0.0,4.0,4.0,4.0,0.0,0.0
20,4,5,11,0.2,0.2,0.3,dense,True,20,20,20,4,5,15,0,Shared MILP,stability_one_token_per_prompt,radius_derived,5,"0,10,20,30,40",1.0,1.0,1.0,0.0,0.0,0.0,0.0,0.0,0.0,0.0,6.15,5.75,6.75,0.40000000000000036,0.5999999999999996,6.4,5.5,7.0,0.9000000000000004,0.5999999999999996,5.0,3.0,6.0,2.0,1.0,6.8,6.0,7.0,0.7999999999999998,0.20000000000000018,4.0,4.0,4.0,0.0,0.0,4.0,4.0,4.0,0.0,0.0,0.0,0.0,0.0,0.0,0.0,4.0,4.0,4.0,0.0,0.0
20,4,5,11,0.2,0.2,0.3,dense,True,20,20,20,4,5,15,1,Shared MILP,stability_one_token_per_prompt,radius_derived,5,"0,10,20,30,40",1.0,1.0,1.0,0.0,0.0,0.0,0.0,0.0,0.0,0.0,6.15,5.75,6.75,0.40000000000000036,0.5999999999999996,6.4,5.5,7.0,0.9000000000000004,0.5999999999999996,5.0,3.0,6.0,2.0,1.0,6.8,6.0,7.0,0.7999999999999998,0.20000000000000018,4.0,4.0,4.0,0.0,0.0,4.0,4.0,4.0,0.0,0.0,0.0,0.0,0.0,0.0,0.0,4.0,4.0,4.0,0.0,0.0
20,4,5,11,0.2,0.2,0.3,dense,True,20,20,20,4,5,15,2,Shared MILP,stability_one_token_per_prompt,radius_derived,5,"0,10,20,30,40",1.0,1.0,1.0,0.0,0.0,0.0,0.0,0.0,0.0,0.0,6.15,5.75,6.75,0.40000000000000036,0.5999999999999996,6.4,5.5,7.0,0.9000000000000004,0.5999999999999996,5.0,3.0,6.0,2.0,1.0,6.8,6.0,7.0,0.7999999999999998,0.20000000000000018,4.0,4.0,4.0,0.0,0.0,4.0,4.0,4.0,0.0,0.0,0.0,0.0,0.0,0.0,0.0,4.0,4.0,4.0,0.0,0.0
20,4,5,11,0.2,0.2,0.3,dense,True,20,20,20,4,5,15,3,Shared MILP,stability_one_token_per_prompt,radius_derived,5,"0,10,20,30,40",0.95,0.75,1.0,0.19999999999999996,0.050000000000000044,0.05,0.0,0.25,0.05,0.2,6.15,5.75,6.75,0.40000000000000036,0.5999999999999996,6.4,5.5,7.0,0.9000000000000004,0.5999999999999996,5.0,3.0,6.0,2.0,1.0,6.8,6.0,7.0,0.7999999999999998,0.20000000000000018,3.8,3.0,4.0,0.7999999999999998,0.20000000000000018,4.0,4.0,4.0,0.0,0.0,0.0,0.0,0.0,0.0,0.0,4.0,4.0,4.0,0.0,0.0
20,4,5,11,0.2,0.2,0.3,dense,True,20,20,20,4,5,15,4,Shared MILP,stability_one_token_per_prompt,radius_derived,5,"0,10,20,30,40",0.95,0.75,1.0,0.19999999999999996,0.050000000000000044,0.05,0.0,0.25,0.05,0.2,6.15,5.75,6.75,0.40000000000000036,0.5999999999999996,6.4,5.5,7.0,0.9000000000000004,0.5999999999999996,5.0,3.0,6.0,2.0,1.0,6.8,6.0,7.0,0.7999999999999998,0.20000000000000018,3.8,3.0,4.0,0.7999999999999998,0.20000000000000018,4.0,4.0,4.0,0.0,0.0,0.0,0.0,0.0,0.0,0.0,4.0,4.0,4.0,0.0,0.0
20,4,5,11,0.2,0.2,0.3,dense,True,20,20,20,4,5,15,5,Shared MILP,stability_one_token_per_prompt,radius_derived,5,"0,10,20,30,40",0.8,0.5,1.0,0.30000000000000004,0.19999999999999996,0.2,0.0,0.5,0.2,0.3,6.15,5.75,6.75,0.40000000000000036,0.5999999999999996,6.4,5.5,7.0,0.9000000000000004,0.5999999999999996,5.0,3.0,6.0,2.0,1.0,6.8,6.0,7.0,0.7999999999999998,0.20000000000000018,3.2,2.0,4.0,1.2000000000000002,0.7999999999999998,4.0,4.0,4.0,0.0,0.0,0.0,0.0,0.0,0.0,0.0,4.0,4.0,4.0,0.0,0.0
20,4,5,11,0.2,0.2,0.3,dense,True,20,20,20,4,5,15,6,Shared MILP,stability_one_token_per_prompt,radius_derived,5,"0,10,20,30,40",0.45,0.0,0.75,0.45,0.3,0.55,0.25,1.0,0.30000000000000004,0.44999999999999996,6.15,5.75,6.75,0.40000000000000036,0.5999999999999996,6.4,5.5,7.0,0.9000000000000004,0.5999999999999996,5.0,3.0,6.0,2.0,1.0,6.8,6.0,7.0,0.7999999999999998,0.20000000000000018,1.8,0.0,3.0,1.8,1.2,4.0,4.0,4.0,0.0,0.0,0.0,0.0,0.0,0.0,0.0,4.0,4.0,4.0,0.0,0.0
20,4,5,11,0.2,0.2,0.3,dense,True,20,20,20,4,5,15,7,Shared MILP,stability_one_token_per_prompt,radius_derived,5,"0,10,20,30,40",0.0,0.0,0.0,0.0,0.0,1.0,1.0,1.0,0.0,0.0,6.15,5.75,6.75,0.40000000000000036,0.5999999999999996,6.4,5.5,7.0,0.9000000000000004,0.5999999999999996,5.0,3.0,6.0,2.0,1.0,6.8,6.0,7.0,0.7999999999999998,0.20000000000000018,0.0,0.0,0.0,0.0,0.0,4.0,4.0,4.0,0.0,0.0,0.0,0.0,0.0,0.0,0.0,4.0,4.0,4.0,0.0,0.0
20,4,5,11,0.2,0.2,0.3,dense,True,20,20,20,4,5,15,8,Shared MILP,stability_one_token_per_prompt,radius_derived,5,"0,10,20,30,40",0.0,0.0,0.0,0.0,0.0,1.0,1.0,1.0,0.0,0.0,6.15,5.75,6.75,0.40000000000000036,0.5999999999999996,6.4,5.5,7.0,0.9000000000000004,0.5999999999999996,5.0,3.0,6.0,2.0,1.0,6.8,6.0,7.0,0.7999999999999998,0.20000000000000018,0.0,0.0,0.0,0.0,0.0,4.0,4.0,4.0,0.0,0.0,0.0,0.0,0.0,0.0,0.0,4.0,4.0,4.0,0.0,0.0
20,4,5,11,0.2,0.2,0.3,dense,True,20,20,20,4,5,15,9,Shared MILP,stability_one_token_per_prompt,radius_derived,5,"0,10,20,30,40",0.0,0.0,0.0,0.0,0.0,1.0,1.0,1.0,0.0,0.0,6.15,5.75,6.75,0.40000000000000036,0.5999999999999996,6.4,5.5,7.0,0.9000000000000004,0.5999999999999996,5.0,3.0,6.0,2.0,1.0,6.8,6.0,7.0,0.7999999999999998,0.20000000000000018,0.0,0.0,0.0,0.0,0.0,4.0,4.0,4.0,0.0,0.0,0.0,0.0,0.0,0.0,0.0,4.0,4.0,4.0,0.0,0.0
20,4,5,11,0.2,0.2,0.3,dense,True,20,20,20,4,5,15,10,Shared MILP,stability_one_token_per_prompt,radius_derived,5,"0,10,20,30,40",0.0,0.0,0.0,0.0,0.0,1.0,1.0,1.0,0.0,0.0,6.15,5.75,6.75,0.40000000000000036,0.5999999999999996,6.4,5.5,7.0,0.9000000000000004,0.5999999999999996,5.0,3.0,6.0,2.0,1.0,6.8,6.0,7.0,0.7999999999999998,0.20000000000000018,0.0,0.0,0.0,0.0,0.0,4.0,4.0,4.0,0.0,0.0,0.0,0.0,0.0,0.0,0.0,4.0,4.0,4.0,0.0,0.0
20,4,5,11,0.2,0.2,0.3,dense,True,20,20,20,4,5,15,11,Shared MILP,stability_one_token_per_prompt,radius_derived,5,"0,10,20,30,40",0.0,0.0,0.0,0.0,0.0,1.0,1.0,1.0,0.0,0.0,6.15,5.75,6.75,0.40000000000000036,0.5999999999999996,6.4,5.5,7.0,0.9000000000000004,0.5999999999999996,5.0,3.0,6.0,2.0,1.0,6.8,6.0,7.0,0.7999999999999998,0.20000000000000018,0.0,0.0,0.0,0.0,0.0,4.0,4.0,4.0,0.0,0.0,0.0,0.0,0.0,0.0,0.0,4.0,4.0,4.0,0.0,0.0
20,4,5,11,0.2,0.2,0.3,dense,True,20,20,20,4,5,15,12,Shared MILP,stability_one_token_per_prompt,radius_derived,5,"0,10,20,30,40",0.0,0.0,0.0,0.0,0.0,1.0,1.0,1.0,0.0,0.0,6.15,5.75,6.75,0.40000000000000036,0.5999999999999996,6.4,5.5,7.0,0.9000000000000004,0.5999999999999996,5.0,3.0,6.0,2.0,1.0,6.8,6.0,7.0,0.7999999999999998,0.20000000000000018,0.0,0.0,0.0,0.0,0.0,4.0,4.0,4.0,0.0,0.0,0.0,0.0,0.0,0.0,0.0,4.0,4.0,4.0,0.0,0.0
20,4,5,11,0.2,0.2,0.3,dense,True,20,20,20,4,5,15,13,Shared MILP,stability_one_token_per_prompt,radius_derived,5,"0,10,20,30,40",0.0,0.0,0.0,0.0,0.0,1.0,1.0,1.0,0.0,0.0,6.15,5.75,6.75,0.40000000000000036,0.5999999999999996,6.4,5.5,7.0,0.9000000000000004,0.5999999999999996,5.0,3.0,6.0,2.0,1.0,6.8,6.0,7.0,0.7999999999999998,0.20000000000000018,0.0,0.0,0.0,0.0,0.0,4.0,4.0,4.0,0.0,0.0,0.0,0.0,0.0,0.0,0.0,4.0,4.0,4.0,0.0,0.0
20,4,5,11,0.2,0.2,0.3,dense,True,20,20,20,4,5,15,14,Shared MILP,stability_one_token_per_prompt,radius_derived,5,"0,10,20,30,40",0.0,0.0,0.0,0.0,0.0,1.0,1.0,1.0,0.0,0.0,6.15,5.75,6.75,0.40000000000000036,0.5999999999999996,6.4,5.5,7.0,0.9000000000000004,0.5999999999999996,5.0,3.0,6.0,2.0,1.0,6.8,6.0,7.0,0.7999999999999998,0.20000000000000018,0.0,0.0,0.0,0.0,0.0,4.0,4.0,4.0,0.0,0.0,0.0,0.0,0.0,0.0,0.0,4.0,4.0,4.0,0.0,0.0
20,4,5,11,0.2,0.2,0.3,dense,True,20,20,20,4,5,15,15,Shared MILP,stability_one_token_per_prompt,radius_derived,5,"0,10,20,30,40",0.0,0.0,0.0,0.0,0.0,1.0,1.0,1.0,0.0,0.0,6.15,5.75,6.75,0.40000000000000036,0.5999999999999996,6.4,5.5,7.0,0.9000000000000004,0.5999999999999996,5.0,3.0,6.0,2.0,1.0,6.8,6.0,7.0,0.7999999999999998,0.20000000000000018,0.0,0.0,0.0,0.0,0.0,4.0,4.0,4.0,0.0,0.0,0.0,0.0,0.0,0.0,0.0,4.0,4.0,4.0,0.0,0.0
20,4,5,11,0.2,0.2,0.3,dense,True,20,20,20,4,5,15,16,Shared MILP,stability_one_token_per_prompt,radius_derived,5,"0,10,20,30,40",0.0,0.0,0.0,0.0,0.0,1.0,1.0,1.0,0.0,0.0,6.15,5.75,6.75,0.40000000000000036,0.5999999999999996,6.4,5.5,7.0,0.9000000000000004,0.5999999999999996,5.0,3.0,6.0,2.0,1.0,6.8,6.0,7.0,0.7999999999999998,0.20000000000000018,0.0,0.0,0.0,0.0,0.0,4.0,4.0,4.0,0.0,0.0,0.0,0.0,0.0,0.0,0.0,4.0,4.0,4.0,0.0,0.0
20,4,5,11,0.2,0.2,0.3,dense,True,20,20,20,4,5,15,17,Shared MILP,stability_one_token_per_prompt,radius_derived,5,"0,10,20,30,40",0.0,0.0,0.0,0.0,0.0,1.0,1.0,1.0,0.0,0.0,6.15,5.75,6.75,0.40000000000000036,0.5999999999999996,6.4,5.5,7.0,0.9000000000000004,0.5999999999999996,5.0,3.0,6.0,2.0,1.0,6.8,6.0,7.0,0.7999999999999998,0.20000000000000018,0.0,0.0,0.0,0.0,0.0,4.0,4.0,4.0,0.0,0.0,0.0,0.0,0.0,0.0,0.0,4.0,4.0,4.0,0.0,0.0
20,4,5,11,0.2,0.2,0.3,dense,True,20,20,20,4,5,15,18,Shared MILP,stability_one_token_per_prompt,radius_derived,5,"0,10,20,30,40",0.0,0.0,0.0,0.0,0.0,1.0,1.0,1.0,0.0,0.0,6.15,5.75,6.75,0.40000000000000036,0.5999999999999996,6.4,5.5,7.0,0.9000000000000004,0.5999999999999996,5.0,3.0,6.0,2.0,1.0,6.8,6.0,7.0,0.7999999999999998,0.20000000000000018,0.0,0.0,0.0,0.0,0.0,4.0,4.0,4.0,0.0,0.0,0.0,0.0,0.0,0.0,0.0,4.0,4.0,4.0,0.0,0.0
20,4,5,11,0.2,0.2,0.3,dense,True,20,20,20,4,5,15,19,Shared MILP,stability_one_token_per_prompt,radius_derived,5,"0,10,20,30,40",0.0,0.0,0.0,0.0,0.0,1.0,1.0,1.0,0.0,0.0,6.15,5.75,6.75,0.40000000000000036,0.5999999999999996,6.4,5.5,7.0,0.9000000000000004,0.5999999999999996,5.0,3.0,6.0,2.0,1.0,6.8,6.0,7.0,0.7999999999999998,0.20000000000000018,0.0,0.0,0.0,0.0,0.0,4.0,4.0,4.0,0.0,0.0,0.0,0.0,0.0,0.0,0.0,4.0,4.0,4.0,0.0,0.0
20,4,5,11,0.2,0.2,0.3,dense,True,20,20,20,4,5,15,20,Shared MILP,stability_one_token_per_prompt,radius_derived,5,"0,10,20,30,40",0.0,0.0,0.0,0.0,0.0,1.0,1.0,1.0,0.0,0.0,6.15,5.75,6.75,0.40000000000000036,0.5999999999999996,6.4,5.5,7.0,0.9000000000000004,0.5999999999999996,5.0,3.0,6.0,2.0,1.0,6.8,6.0,7.0,0.7999999999999998,0.20000000000000018,0.0,0.0,0.0,0.0,0.0,4.0,4.0,4.0,0.0,0.0,0.0,0.0,0.0,0.0,0.0,4.0,4.0,4.0,0.0,0.0
20,4,5,11,0.2,0.2,0.3,dense,True,20,20,20,4,5,15,0,Shared MILP,stability_full_sequence_per_prompt,radius_derived,5,"0,10,20,30,40",1.0,1.0,1.0,0.0,0.0,0.0,0.0,0.0,0.0,0.0,8.9,8.75,9.25,0.15000000000000036,0.34999999999999964,9.0,9.0,9.0,0.0,0.0,8.4,8.0,9.0,0.40000000000000036,0.5999999999999996,9.2,9.0,10.0,0.1999999999999993,0.8000000000000007,4.0,4.0,4.0,0.0,0.0,4.0,4.0,4.0,0.0,0.0,0.0,0.0,0.0,0.0,0.0,4.0,4.0,4.0,0.0,0.0
20,4,5,11,0.2,0.2,0.3,dense,True,20,20,20,4,5,15,1,Shared MILP,stability_full_sequence_per_prompt,radius_derived,5,"0,10,20,30,40",1.0,1.0,1.0,0.0,0.0,0.0,0.0,0.0,0.0,0.0,8.9,8.75,9.25,0.15000000000000036,0.34999999999999964,9.0,9.0,9.0,0.0,0.0,8.4,8.0,9.0,0.40000000000000036,0.5999999999999996,9.2,9.0,10.0,0.1999999999999993,0.8000000000000007,4.0,4.0,4.0,0.0,0.0,4.0,4.0,4.0,0.0,0.0,0.0,0.0,0.0,0.0,0.0,4.0,4.0,4.0,0.0,0.0
20,4,5,11,0.2,0.2,0.3,dense,True,20,20,20,4,5,15,2,Shared MILP,stability_full_sequence_per_prompt,radius_derived,5,"0,10,20,30,40",1.0,1.0,1.0,0.0,0.0,0.0,0.0,0.0,0.0,0.0,8.9,8.75,9.25,0.15000000000000036,0.34999999999999964,9.0,9.0,9.0,0.0,0.0,8.4,8.0,9.0,0.40000000000000036,0.5999999999999996,9.2,9.0,10.0,0.1999999999999993,0.8000000000000007,4.0,4.0,4.0,0.0,0.0,4.0,4.0,4.0,0.0,0.0,0.0,0.0,0.0,0.0,0.0,4.0,4.0,4.0,0.0,0.0
20,4,5,11,0.2,0.2,0.3,dense,True,20,20,20,4,5,15,3,Shared MILP,stability_full_sequence_per_prompt,radius_derived,5,"0,10,20,30,40",1.0,1.0,1.0,0.0,0.0,0.0,0.0,0.0,0.0,0.0,8.9,8.75,9.25,0.15000000000000036,0.34999999999999964,9.0,9.0,9.0,0.0,0.0,8.4,8.0,9.0,0.40000000000000036,0.5999999999999996,9.2,9.0,10.0,0.1999999999999993,0.8000000000000007,4.0,4.0,4.0,0.0,0.0,4.0,4.0,4.0,0.0,0.0,0.0,0.0,0.0,0.0,0.0,4.0,4.0,4.0,0.0,0.0
20,4,5,11,0.2,0.2,0.3,dense,True,20,20,20,4,5,15,4,Shared MILP,stability_full_sequence_per_prompt,radius_derived,5,"0,10,20,30,40",1.0,1.0,1.0,0.0,0.0,0.0,0.0,0.0,0.0,0.0,8.9,8.75,9.25,0.15000000000000036,0.34999999999999964,9.0,9.0,9.0,0.0,0.0,8.4,8.0,9.0,0.40000000000000036,0.5999999999999996,9.2,9.0,10.0,0.1999999999999993,0.8000000000000007,4.0,4.0,4.0,0.0,0.0,4.0,4.0,4.0,0.0,0.0,0.0,0.0,0.0,0.0,0.0,4.0,4.0,4.0,0.0,0.0
20,4,5,11,0.2,0.2,0.3,dense,True,20,20,20,4,5,15,5,Shared MILP,stability_full_sequence_per_prompt,radius_derived,5,"0,10,20,30,40",1.0,1.0,1.0,0.0,0.0,0.0,0.0,0.0,0.0,0.0,8.9,8.75,9.25,0.15000000000000036,0.34999999999999964,9.0,9.0,9.0,0.0,0.0,8.4,8.0,9.0,0.40000000000000036,0.5999999999999996,9.2,9.0,10.0,0.1999999999999993,0.8000000000000007,4.0,4.0,4.0,0.0,0.0,4.0,4.0,4.0,0.0,0.0,0.0,0.0,0.0,0.0,0.0,4.0,4.0,4.0,0.0,0.0
20,4,5,11,0.2,0.2,0.3,dense,True,20,20,20,4,5,15,6,Shared MILP,stability_full_sequence_per_prompt,radius_derived,5,"0,10,20,30,40",1.0,1.0,1.0,0.0,0.0,0.0,0.0,0.0,0.0,0.0,8.9,8.75,9.25,0.15000000000000036,0.34999999999999964,9.0,9.0,9.0,0.0,0.0,8.4,8.0,9.0,0.40000000000000036,0.5999999999999996,9.2,9.0,10.0,0.1999999999999993,0.8000000000000007,4.0,4.0,4.0,0.0,0.0,4.0,4.0,4.0,0.0,0.0,0.0,0.0,0.0,0.0,0.0,4.0,4.0,4.0,0.0,0.0
20,4,5,11,0.2,0.2,0.3,dense,True,20,20,20,4,5,15,7,Shared MILP,stability_full_sequence_per_prompt,radius_derived,5,"0,10,20,30,40",1.0,1.0,1.0,0.0,0.0,0.0,0.0,0.0,0.0,0.0,8.9,8.75,9.25,0.15000000000000036,0.34999999999999964,9.0,9.0,9.0,0.0,0.0,8.4,8.0,9.0,0.40000000000000036,0.5999999999999996,9.2,9.0,10.0,0.1999999999999993,0.8000000000000007,4.0,4.0,4.0,0.0,0.0,4.0,4.0,4.0,0.0,0.0,0.0,0.0,0.0,0.0,0.0,4.0,4.0,4.0,0.0,0.0
20,4,5,11,0.2,0.2,0.3,dense,True,20,20,20,4,5,15,8,Shared MILP,stability_full_sequence_per_prompt,radius_derived,5,"0,10,20,30,40",0.85,0.75,1.0,0.09999999999999998,0.15000000000000002,0.15,0.0,0.25,0.15,0.1,8.9,8.75,9.25,0.15000000000000036,0.34999999999999964,9.0,9.0,9.0,0.0,0.0,8.4,8.0,9.0,0.40000000000000036,0.5999999999999996,9.2,9.0,10.0,0.1999999999999993,0.8000000000000007,3.4,3.0,4.0,0.3999999999999999,0.6000000000000001,4.0,4.0,4.0,0.0,0.0,0.0,0.0,0.0,0.0,0.0,4.0,4.0,4.0,0.0,0.0
20,4,5,11,0.2,0.2,0.3,dense,True,20,20,20,4,5,15,9,Shared MILP,stability_full_sequence_per_prompt,radius_derived,5,"0,10,20,30,40",0.05,0.0,0.25,0.05,0.2,0.95,0.75,1.0,0.19999999999999996,0.050000000000000044,8.9,8.75,9.25,0.15000000000000036,0.34999999999999964,9.0,9.0,9.0,0.0,0.0,8.4,8.0,9.0,0.40000000000000036,0.5999999999999996,9.2,9.0,10.0,0.1999999999999993,0.8000000000000007,0.2,0.0,1.0,0.2,0.8,4.0,4.0,4.0,0.0,0.0,0.0,0.0,0.0,0.0,0.0,4.0,4.0,4.0,0.0,0.0
20,4,5,11,0.2,0.2,0.3,dense,True,20,20,20,4,5,15,10,Shared MILP,stability_full_sequence_per_prompt,radius_derived,5,"0,10,20,30,40",0.0,0.0,0.0,0.0,0.0,1.0,1.0,1.0,0.0,0.0,8.9,8.75,9.25,0.15000000000000036,0.34999999999999964,9.0,9.0,9.0,0.0,0.0,8.4,8.0,9.0,0.40000000000000036,0.5999999999999996,9.2,9.0,10.0,0.1999999999999993,0.8000000000000007,0.0,0.0,0.0,0.0,0.0,4.0,4.0,4.0,0.0,0.0,0.0,0.0,0.0,0.0,0.0,4.0,4.0,4.0,0.0,0.0
20,4,5,11,0.2,0.2,0.3,dense,True,20,20,20,4,5,15,11,Shared MILP,stability_full_sequence_per_prompt,radius_derived,5,"0,10,20,30,40",0.0,0.0,0.0,0.0,0.0,1.0,1.0,1.0,0.0,0.0,8.9,8.75,9.25,0.15000000000000036,0.34999999999999964,9.0,9.0,9.0,0.0,0.0,8.4,8.0,9.0,0.40000000000000036,0.5999999999999996,9.2,9.0,10.0,0.1999999999999993,0.8000000000000007,0.0,0.0,0.0,0.0,0.0,4.0,4.0,4.0,0.0,0.0,0.0,0.0,0.0,0.0,0.0,4.0,4.0,4.0,0.0,0.0
20,4,5,11,0.2,0.2,0.3,dense,True,20,20,20,4,5,15,12,Shared MILP,stability_full_sequence_per_prompt,radius_derived,5,"0,10,20,30,40",0.0,0.0,0.0,0.0,0.0,1.0,1.0,1.0,0.0,0.0,8.9,8.75,9.25,0.15000000000000036,0.34999999999999964,9.0,9.0,9.0,0.0,0.0,8.4,8.0,9.0,0.40000000000000036,0.5999999999999996,9.2,9.0,10.0,0.1999999999999993,0.8000000000000007,0.0,0.0,0.0,0.0,0.0,4.0,4.0,4.0,0.0,0.0,0.0,0.0,0.0,0.0,0.0,4.0,4.0,4.0,0.0,0.0
20,4,5,11,0.2,0.2,0.3,dense,True,20,20,20,4,5,15,13,Shared MILP,stability_full_sequence_per_prompt,radius_derived,5,"0,10,20,30,40",0.0,0.0,0.0,0.0,0.0,1.0,1.0,1.0,0.0,0.0,8.9,8.75,9.25,0.15000000000000036,0.34999999999999964,9.0,9.0,9.0,0.0,0.0,8.4,8.0,9.0,0.40000000000000036,0.5999999999999996,9.2,9.0,10.0,0.1999999999999993,0.8000000000000007,0.0,0.0,0.0,0.0,0.0,4.0,4.0,4.0,0.0,0.0,0.0,0.0,0.0,0.0,0.0,4.0,4.0,4.0,0.0,0.0
20,4,5,11,0.2,0.2,0.3,dense,True,20,20,20,4,5,15,14,Shared MILP,stability_full_sequence_per_prompt,radius_derived,5,"0,10,20,30,40",0.0,0.0,0.0,0.0,0.0,1.0,1.0,1.0,0.0,0.0,8.9,8.75,9.25,0.15000000000000036,0.34999999999999964,9.0,9.0,9.0,0.0,0.0,8.4,8.0,9.0,0.40000000000000036,0.5999999999999996,9.2,9.0,10.0,0.1999999999999993,0.8000000000000007,0.0,0.0,0.0,0.0,0.0,4.0,4.0,4.0,0.0,0.0,0.0,0.0,0.0,0.0,0.0,4.0,4.0,4.0,0.0,0.0
20,4,5,11,0.2,0.2,0.3,dense,True,20,20,20,4,5,15,15,Shared MILP,stability_full_sequence_per_prompt,radius_derived,5,"0,10,20,30,40",0.0,0.0,0.0,0.0,0.0,1.0,1.0,1.0,0.0,0.0,8.9,8.75,9.25,0.15000000000000036,0.34999999999999964,9.0,9.0,9.0,0.0,0.0,8.4,8.0,9.0,0.40000000000000036,0.5999999999999996,9.2,9.0,10.0,0.1999999999999993,0.8000000000000007,0.0,0.0,0.0,0.0,0.0,4.0,4.0,4.0,0.0,0.0,0.0,0.0,0.0,0.0,0.0,4.0,4.0,4.0,0.0,0.0
20,4,5,11,0.2,0.2,0.3,dense,True,20,20,20,4,5,15,16,Shared MILP,stability_full_sequence_per_prompt,radius_derived,5,"0,10,20,30,40",0.0,0.0,0.0,0.0,0.0,1.0,1.0,1.0,0.0,0.0,8.9,8.75,9.25,0.15000000000000036,0.34999999999999964,9.0,9.0,9.0,0.0,0.0,8.4,8.0,9.0,0.40000000000000036,0.5999999999999996,9.2,9.0,10.0,0.1999999999999993,0.8000000000000007,0.0,0.0,0.0,0.0,0.0,4.0,4.0,4.0,0.0,0.0,0.0,0.0,0.0,0.0,0.0,4.0,4.0,4.0,0.0,0.0
20,4,5,11,0.2,0.2,0.3,dense,True,20,20,20,4,5,15,17,Shared MILP,stability_full_sequence_per_prompt,radius_derived,5,"0,10,20,30,40",0.0,0.0,0.0,0.0,0.0,1.0,1.0,1.0,0.0,0.0,8.9,8.75,9.25,0.15000000000000036,0.34999999999999964,9.0,9.0,9.0,0.0,0.0,8.4,8.0,9.0,0.40000000000000036,0.5999999999999996,9.2,9.0,10.0,0.1999999999999993,0.8000000000000007,0.0,0.0,0.0,0.0,0.0,4.0,4.0,4.0,0.0,0.0,0.0,0.0,0.0,0.0,0.0,4.0,4.0,4.0,0.0,0.0
20,4,5,11,0.2,0.2,0.3,dense,True,20,20,20,4,5,15,18,Shared MILP,stability_full_sequence_per_prompt,radius_derived,5,"0,10,20,30,40",0.0,0.0,0.0,0.0,0.0,1.0,1.0,1.0,0.0,0.0,8.9,8.75,9.25,0.15000000000000036,0.34999999999999964,9.0,9.0,9.0,0.0,0.0,8.4,8.0,9.0,0.40000000000000036,0.5999999999999996,9.2,9.0,10.0,0.1999999999999993,0.8000000000000007,0.0,0.0,0.0,0.0,0.0,4.0,4.0,4.0,0.0,0.0,0.0,0.0,0.0,0.0,0.0,4.0,4.0,4.0,0.0,0.0
20,4,5,11,0.2,0.2,0.3,dense,True,20,20,20,4,5,15,19,Shared MILP,stability_full_sequence_per_prompt,radius_derived,5,"0,10,20,30,40",0.0,0.0,0.0,0.0,0.0,1.0,1.0,1.0,0.0,0.0,8.9,8.75,9.25,0.15000000000000036,0.34999999999999964,9.0,9.0,9.0,0.0,0.0,8.4,8.0,9.0,0.40000000000000036,0.5999999999999996,9.2,9.0,10.0,0.1999999999999993,0.8000000000000007,0.0,0.0,0.0,0.0,0.0,4.0,4.0,4.0,0.0,0.0,0.0,0.0,0.0,0.0,0.0,4.0,4.0,4.0,0.0,0.0
20,4,5,11,0.2,0.2,0.3,dense,True,20,20,20,4,5,15,20,Shared MILP,stability_full_sequence_per_prompt,radius_derived,5,"0,10,20,30,40",0.0,0.0,0.0,0.0,0.0,1.0,1.0,1.0,0.0,0.0,8.9,8.75,9.25,0.15000000000000036,0.34999999999999964,9.0,9.0,9.0,0.0,0.0,8.4,8.0,9.0,0.40000000000000036,0.5999999999999996,9.2,9.0,10.0,0.1999999999999993,0.8000000000000007,0.0,0.0,0.0,0.0,0.0,4.0,4.0,4.0,0.0,0.0,0.0,0.0,0.0,0.0,0.0,4.0,4.0,4.0,0.0,0.0
20,4,5,11,0.2,0.2,0.3,dense,True,20,20,20,4,5,15,0,Plain DPA max token,validity_full_harmful_sequence_per_prompt,radius_derived,5,"0,10,20,30,40",1.0,1.0,1.0,0.0,0.0,0.0,0.0,0.0,0.0,0.0,5.85,4.25,7.75,1.5999999999999996,1.9000000000000004,5.7,4.5,7.5,1.2000000000000002,1.7999999999999998,4.2,3.0,7.0,1.2000000000000002,2.8,7.8,5.0,10.0,2.8,2.2,4.0,4.0,4.0,0.0,0.0,4.0,4.0,4.0,0.0,0.0,0.0,0.0,0.0,0.0,0.0,4.0,4.0,4.0,0.0,0.0
20,4,5,11,0.2,0.2,0.3,dense,True,20,20,20,4,5,15,1,Plain DPA max token,validity_full_harmful_sequence_per_prompt,radius_derived,5,"0,10,20,30,40",1.0,1.0,1.0,0.0,0.0,0.0,0.0,0.0,0.0,0.0,5.85,4.25,7.75,1.5999999999999996,1.9000000000000004,5.7,4.5,7.5,1.2000000000000002,1.7999999999999998,4.2,3.0,7.0,1.2000000000000002,2.8,7.8,5.0,10.0,2.8,2.2,4.0,4.0,4.0,0.0,0.0,4.0,4.0,4.0,0.0,0.0,0.0,0.0,0.0,0.0,0.0,4.0,4.0,4.0,0.0,0.0
20,4,5,11,0.2,0.2,0.3,dense,True,20,20,20,4,5,15,2,Plain DPA max token,validity_full_harmful_sequence_per_prompt,radius_derived,5,"0,10,20,30,40",1.0,1.0,1.0,0.0,0.0,0.0,0.0,0.0,0.0,0.0,5.85,4.25,7.75,1.5999999999999996,1.9000000000000004,5.7,4.5,7.5,1.2000000000000002,1.7999999999999998,4.2,3.0,7.0,1.2000000000000002,2.8,7.8,5.0,10.0,2.8,2.2,4.0,4.0,4.0,0.0,0.0,4.0,4.0,4.0,0.0,0.0,0.0,0.0,0.0,0.0,0.0,4.0,4.0,4.0,0.0,0.0
20,4,5,11,0.2,0.2,0.3,dense,True,20,20,20,4,5,15,3,Plain DPA max token,validity_full_harmful_sequence_per_prompt,radius_derived,5,"0,10,20,30,40",0.9,0.75,1.0,0.15000000000000002,0.09999999999999998,0.1,0.0,0.25,0.1,0.15,5.85,4.25,7.75,1.5999999999999996,1.9000000000000004,5.7,4.5,7.5,1.2000000000000002,1.7999999999999998,4.2,3.0,7.0,1.2000000000000002,2.8,7.8,5.0,10.0,2.8,2.2,3.6,3.0,4.0,0.6000000000000001,0.3999999999999999,4.0,4.0,4.0,0.0,0.0,0.0,0.0,0.0,0.0,0.0,4.0,4.0,4.0,0.0,0.0
20,4,5,11,0.2,0.2,0.3,dense,True,20,20,20,4,5,15,4,Plain DPA max token,validity_full_harmful_sequence_per_prompt,radius_derived,5,"0,10,20,30,40",0.7,0.5,1.0,0.19999999999999996,0.30000000000000004,0.3,0.0,0.5,0.3,0.2,5.85,4.25,7.75,1.5999999999999996,1.9000000000000004,5.7,4.5,7.5,1.2000000000000002,1.7999999999999998,4.2,3.0,7.0,1.2000000000000002,2.8,7.8,5.0,10.0,2.8,2.2,2.8,2.0,4.0,0.7999999999999998,1.2000000000000002,4.0,4.0,4.0,0.0,0.0,0.0,0.0,0.0,0.0,0.0,4.0,4.0,4.0,0.0,0.0
20,4,5,11,0.2,0.2,0.3,dense,True,20,20,20,4,5,15,5,Plain DPA max token,validity_full_harmful_sequence_per_prompt,radius_derived,5,"0,10,20,30,40",0.5,0.0,1.0,0.5,0.5,0.5,0.0,1.0,0.5,0.5,5.85,4.25,7.75,1.5999999999999996,1.9000000000000004,5.7,4.5,7.5,1.2000000000000002,1.7999999999999998,4.2,3.0,7.0,1.2000000000000002,2.8,7.8,5.0,10.0,2.8,2.2,2.0,0.0,4.0,2.0,2.0,4.0,4.0,4.0,0.0,0.0,0.0,0.0,0.0,0.0,0.0,4.0,4.0,4.0,0.0,0.0
20,4,5,11,0.2,0.2,0.3,dense,True,20,20,20,4,5,15,6,Plain DPA max token,validity_full_harmful_sequence_per_prompt,radius_derived,5,"0,10,20,30,40",0.35,0.0,1.0,0.35,0.65,0.65,0.0,1.0,0.65,0.35,5.85,4.25,7.75,1.5999999999999996,1.9000000000000004,5.7,4.5,7.5,1.2000000000000002,1.7999999999999998,4.2,3.0,7.0,1.2000000000000002,2.8,7.8,5.0,10.0,2.8,2.2,1.4,0.0,4.0,1.4,2.6,4.0,4.0,4.0,0.0,0.0,0.0,0.0,0.0,0.0,0.0,4.0,4.0,4.0,0.0,0.0
20,4,5,11,0.2,0.2,0.3,dense,True,20,20,20,4,5,15,7,Plain DPA max token,validity_full_harmful_sequence_per_prompt,radius_derived,5,"0,10,20,30,40",0.2,0.0,0.5,0.2,0.3,0.8,0.5,1.0,0.30000000000000004,0.19999999999999996,5.85,4.25,7.75,1.5999999999999996,1.9000000000000004,5.7,4.5,7.5,1.2000000000000002,1.7999999999999998,4.2,3.0,7.0,1.2000000000000002,2.8,7.8,5.0,10.0,2.8,2.2,0.8,0.0,2.0,0.8,1.2,4.0,4.0,4.0,0.0,0.0,0.0,0.0,0.0,0.0,0.0,4.0,4.0,4.0,0.0,0.0
20,4,5,11,0.2,0.2,0.3,dense,True,20,20,20,4,5,15,8,Plain DPA max token,validity_full_harmful_sequence_per_prompt,radius_derived,5,"0,10,20,30,40",0.15,0.0,0.25,0.15,0.1,0.85,0.75,1.0,0.09999999999999998,0.15000000000000002,5.85,4.25,7.75,1.5999999999999996,1.9000000000000004,5.7,4.5,7.5,1.2000000000000002,1.7999999999999998,4.2,3.0,7.0,1.2000000000000002,2.8,7.8,5.0,10.0,2.8,2.2,0.6,0.0,1.0,0.6,0.4,4.0,4.0,4.0,0.0,0.0,0.0,0.0,0.0,0.0,0.0,4.0,4.0,4.0,0.0,0.0
20,4,5,11,0.2,0.2,0.3,dense,True,20,20,20,4,5,15,9,Plain DPA max token,validity_full_harmful_sequence_per_prompt,radius_derived,5,"0,10,20,30,40",0.05,0.0,0.25,0.05,0.2,0.95,0.75,1.0,0.19999999999999996,0.050000000000000044,5.85,4.25,7.75,1.5999999999999996,1.9000000000000004,5.7,4.5,7.5,1.2000000000000002,1.7999999999999998,4.2,3.0,7.0,1.2000000000000002,2.8,7.8,5.0,10.0,2.8,2.2,0.2,0.0,1.0,0.2,0.8,4.0,4.0,4.0,0.0,0.0,0.0,0.0,0.0,0.0,0.0,4.0,4.0,4.0,0.0,0.0
20,4,5,11,0.2,0.2,0.3,dense,True,20,20,20,4,5,15,10,Plain DPA max token,validity_full_harmful_sequence_per_prompt,radius_derived,5,"0,10,20,30,40",0.0,0.0,0.0,0.0,0.0,1.0,1.0,1.0,0.0,0.0,5.85,4.25,7.75,1.5999999999999996,1.9000000000000004,5.7,4.5,7.5,1.2000000000000002,1.7999999999999998,4.2,3.0,7.0,1.2000000000000002,2.8,7.8,5.0,10.0,2.8,2.2,0.0,0.0,0.0,0.0,0.0,4.0,4.0,4.0,0.0,0.0,0.0,0.0,0.0,0.0,0.0,4.0,4.0,4.0,0.0,0.0
20,4,5,11,0.2,0.2,0.3,dense,True,20,20,20,4,5,15,11,Plain DPA max token,validity_full_harmful_sequence_per_prompt,radius_derived,5,"0,10,20,30,40",0.0,0.0,0.0,0.0,0.0,1.0,1.0,1.0,0.0,0.0,5.85,4.25,7.75,1.5999999999999996,1.9000000000000004,5.7,4.5,7.5,1.2000000000000002,1.7999999999999998,4.2,3.0,7.0,1.2000000000000002,2.8,7.8,5.0,10.0,2.8,2.2,0.0,0.0,0.0,0.0,0.0,4.0,4.0,4.0,0.0,0.0,0.0,0.0,0.0,0.0,0.0,4.0,4.0,4.0,0.0,0.0
20,4,5,11,0.2,0.2,0.3,dense,True,20,20,20,4,5,15,12,Plain DPA max token,validity_full_harmful_sequence_per_prompt,radius_derived,5,"0,10,20,30,40",0.0,0.0,0.0,0.0,0.0,1.0,1.0,1.0,0.0,0.0,5.85,4.25,7.75,1.5999999999999996,1.9000000000000004,5.7,4.5,7.5,1.2000000000000002,1.7999999999999998,4.2,3.0,7.0,1.2000000000000002,2.8,7.8,5.0,10.0,2.8,2.2,0.0,0.0,0.0,0.0,0.0,4.0,4.0,4.0,0.0,0.0,0.0,0.0,0.0,0.0,0.0,4.0,4.0,4.0,0.0,0.0
20,4,5,11,0.2,0.2,0.3,dense,True,20,20,20,4,5,15,13,Plain DPA max token,validity_full_harmful_sequence_per_prompt,radius_derived,5,"0,10,20,30,40",0.0,0.0,0.0,0.0,0.0,1.0,1.0,1.0,0.0,0.0,5.85,4.25,7.75,1.5999999999999996,1.9000000000000004,5.7,4.5,7.5,1.2000000000000002,1.7999999999999998,4.2,3.0,7.0,1.2000000000000002,2.8,7.8,5.0,10.0,2.8,2.2,0.0,0.0,0.0,0.0,0.0,4.0,4.0,4.0,0.0,0.0,0.0,0.0,0.0,0.0,0.0,4.0,4.0,4.0,0.0,0.0
20,4,5,11,0.2,0.2,0.3,dense,True,20,20,20,4,5,15,14,Plain DPA max token,validity_full_harmful_sequence_per_prompt,radius_derived,5,"0,10,20,30,40",0.0,0.0,0.0,0.0,0.0,1.0,1.0,1.0,0.0,0.0,5.85,4.25,7.75,1.5999999999999996,1.9000000000000004,5.7,4.5,7.5,1.2000000000000002,1.7999999999999998,4.2,3.0,7.0,1.2000000000000002,2.8,7.8,5.0,10.0,2.8,2.2,0.0,0.0,0.0,0.0,0.0,4.0,4.0,4.0,0.0,0.0,0.0,0.0,0.0,0.0,0.0,4.0,4.0,4.0,0.0,0.0
20,4,5,11,0.2,0.2,0.3,dense,True,20,20,20,4,5,15,15,Plain DPA max token,validity_full_harmful_sequence_per_prompt,radius_derived,5,"0,10,20,30,40",0.0,0.0,0.0,0.0,0.0,1.0,1.0,1.0,0.0,0.0,5.85,4.25,7.75,1.5999999999999996,1.9000000000000004,5.7,4.5,7.5,1.2000000000000002,1.7999999999999998,4.2,3.0,7.0,1.2000000000000002,2.8,7.8,5.0,10.0,2.8,2.2,0.0,0.0,0.0,0.0,0.0,4.0,4.0,4.0,0.0,0.0,0.0,0.0,0.0,0.0,0.0,4.0,4.0,4.0,0.0,0.0
20,4,5,11,0.2,0.2,0.3,dense,True,20,20,20,4,5,15,16,Plain DPA max token,validity_full_harmful_sequence_per_prompt,radius_derived,5,"0,10,20,30,40",0.0,0.0,0.0,0.0,0.0,1.0,1.0,1.0,0.0,0.0,5.85,4.25,7.75,1.5999999999999996,1.9000000000000004,5.7,4.5,7.5,1.2000000000000002,1.7999999999999998,4.2,3.0,7.0,1.2000000000000002,2.8,7.8,5.0,10.0,2.8,2.2,0.0,0.0,0.0,0.0,0.0,4.0,4.0,4.0,0.0,0.0,0.0,0.0,0.0,0.0,0.0,4.0,4.0,4.0,0.0,0.0
20,4,5,11,0.2,0.2,0.3,dense,True,20,20,20,4,5,15,17,Plain DPA max token,validity_full_harmful_sequence_per_prompt,radius_derived,5,"0,10,20,30,40",0.0,0.0,0.0,0.0,0.0,1.0,1.0,1.0,0.0,0.0,5.85,4.25,7.75,1.5999999999999996,1.9000000000000004,5.7,4.5,7.5,1.2000000000000002,1.7999999999999998,4.2,3.0,7.0,1.2000000000000002,2.8,7.8,5.0,10.0,2.8,2.2,0.0,0.0,0.0,0.0,0.0,4.0,4.0,4.0,0.0,0.0,0.0,0.0,0.0,0.0,0.0,4.0,4.0,4.0,0.0,0.0
20,4,5,11,0.2,0.2,0.3,dense,True,20,20,20,4,5,15,18,Plain DPA max token,validity_full_harmful_sequence_per_prompt,radius_derived,5,"0,10,20,30,40",0.0,0.0,0.0,0.0,0.0,1.0,1.0,1.0,0.0,0.0,5.85,4.25,7.75,1.5999999999999996,1.9000000000000004,5.7,4.5,7.5,1.2000000000000002,1.7999999999999998,4.2,3.0,7.0,1.2000000000000002,2.8,7.8,5.0,10.0,2.8,2.2,0.0,0.0,0.0,0.0,0.0,4.0,4.0,4.0,0.0,0.0,0.0,0.0,0.0,0.0,0.0,4.0,4.0,4.0,0.0,0.0
20,4,5,11,0.2,0.2,0.3,dense,True,20,20,20,4,5,15,19,Plain DPA max token,validity_full_harmful_sequence_per_prompt,radius_derived,5,"0,10,20,30,40",0.0,0.0,0.0,0.0,0.0,1.0,1.0,1.0,0.0,0.0,5.85,4.25,7.75,1.5999999999999996,1.9000000000000004,5.7,4.5,7.5,1.2000000000000002,1.7999999999999998,4.2,3.0,7.0,1.2000000000000002,2.8,7.8,5.0,10.0,2.8,2.2,0.0,0.0,0.0,0.0,0.0,4.0,4.0,4.0,0.0,0.0,0.0,0.0,0.0,0.0,0.0,4.0,4.0,4.0,0.0,0.0
20,4,5,11,0.2,0.2,0.3,dense,True,20,20,20,4,5,15,20,Plain DPA max token,validity_full_harmful_sequence_per_prompt,radius_derived,5,"0,10,20,30,40",0.0,0.0,0.0,0.0,0.0,1.0,1.0,1.0,0.0,0.0,5.85,4.25,7.75,1.5999999999999996,1.9000000000000004,5.7,4.5,7.5,1.2000000000000002,1.7999999999999998,4.2,3.0,7.0,1.2000000000000002,2.8,7.8,5.0,10.0,2.8,2.2,0.0,0.0,0.0,0.0,0.0,4.0,4.0,4.0,0.0,0.0,0.0,0.0,0.0,0.0,0.0,4.0,4.0,4.0,0.0,0.0
20,4,5,11,0.2,0.2,0.3,dense,True,20,20,20,4,5,15,0,Shard-aware weakest-token diagnostic,weakest_harmful_token_not_full_sequence_validity,radius_derived,5,"0,10,20,30,40",0.15,0.0,0.5,0.15,0.35,0.85,0.5,1.0,0.35,0.15000000000000002,0.2,0.0,0.75,0.2,0.55,0.1,0.0,0.5,0.1,0.4,0.0,0.0,0.0,0.0,0.0,0.6,0.0,2.0,0.6,1.4,0.6,0.0,2.0,0.6,1.4,4.0,4.0,4.0,0.0,0.0,0.0,0.0,0.0,0.0,0.0,4.0,4.0,4.0,0.0,0.0
20,4,5,11,0.2,0.2,0.3,dense,True,20,20,20,4,5,15,1,Shard-aware weakest-token diagnostic,weakest_harmful_token_not_full_sequence_validity,radius_derived,5,"0,10,20,30,40",0.05,0.0,0.25,0.05,0.2,0.95,0.75,1.0,0.19999999999999996,0.050000000000000044,0.2,0.0,0.75,0.2,0.55,0.1,0.0,0.5,0.1,0.4,0.0,0.0,0.0,0.0,0.0,0.6,0.0,2.0,0.6,1.4,0.2,0.0,1.0,0.2,0.8,4.0,4.0,4.0,0.0,0.0,0.0,0.0,0.0,0.0,0.0,4.0,4.0,4.0,0.0,0.0
20,4,5,11,0.2,0.2,0.3,dense,True,20,20,20,4,5,15,2,Shard-aware weakest-token diagnostic,weakest_harmful_token_not_full_sequence_validity,radius_derived,5,"0,10,20,30,40",0.0,0.0,0.0,0.0,0.0,1.0,1.0,1.0,0.0,0.0,0.2,0.0,0.75,0.2,0.55,0.1,0.0,0.5,0.1,0.4,0.0,0.0,0.0,0.0,0.0,0.6,0.0,2.0,0.6,1.4,0.0,0.0,0.0,0.0,0.0,4.0,4.0,4.0,0.0,0.0,0.0,0.0,0.0,0.0,0.0,4.0,4.0,4.0,0.0,0.0
20,4,5,11,0.2,0.2,0.3,dense,True,20,20,20,4,5,15,3,Shard-aware weakest-token diagnostic,weakest_harmful_token_not_full_sequence_validity,radius_derived,5,"0,10,20,30,40",0.0,0.0,0.0,0.0,0.0,1.0,1.0,1.0,0.0,0.0,0.2,0.0,0.75,0.2,0.55,0.1,0.0,0.5,0.1,0.4,0.0,0.0,0.0,0.0,0.0,0.6,0.0,2.0,0.6,1.4,0.0,0.0,0.0,0.0,0.0,4.0,4.0,4.0,0.0,0.0,0.0,0.0,0.0,0.0,0.0,4.0,4.0,4.0,0.0,0.0
20,4,5,11,0.2,0.2,0.3,dense,True,20,20,20,4,5,15,4,Shard-aware weakest-token diagnostic,weakest_harmful_token_not_full_sequence_validity,radius_derived,5,"0,10,20,30,40",0.0,0.0,0.0,0.0,0.0,1.0,1.0,1.0,0.0,0.0,0.2,0.0,0.75,0.2,0.55,0.1,0.0,0.5,0.1,0.4,0.0,0.0,0.0,0.0,0.0,0.6,0.0,2.0,0.6,1.4,0.0,0.0,0.0,0.0,0.0,4.0,4.0,4.0,0.0,0.0,0.0,0.0,0.0,0.0,0.0,4.0,4.0,4.0,0.0,0.0
20,4,5,11,0.2,0.2,0.3,dense,True,20,20,20,4,5,15,5,Shard-aware weakest-token diagnostic,weakest_harmful_token_not_full_sequence_validity,radius_derived,5,"0,10,20,30,40",0.0,0.0,0.0,0.0,0.0,1.0,1.0,1.0,0.0,0.0,0.2,0.0,0.75,0.2,0.55,0.1,0.0,0.5,0.1,0.4,0.0,0.0,0.0,0.0,0.0,0.6,0.0,2.0,0.6,1.4,0.0,0.0,0.0,0.0,0.0,4.0,4.0,4.0,0.0,0.0,0.0,0.0,0.0,0.0,0.0,4.0,4.0,4.0,0.0,0.0
20,4,5,11,0.2,0.2,0.3,dense,True,20,20,20,4,5,15,6,Shard-aware weakest-token diagnostic,weakest_harmful_token_not_full_sequence_validity,radius_derived,5,"0,10,20,30,40",0.0,0.0,0.0,0.0,0.0,1.0,1.0,1.0,0.0,0.0,0.2,0.0,0.75,0.2,0.55,0.1,0.0,0.5,0.1,0.4,0.0,0.0,0.0,0.0,0.0,0.6,0.0,2.0,0.6,1.4,0.0,0.0,0.0,0.0,0.0,4.0,4.0,4.0,0.0,0.0,0.0,0.0,0.0,0.0,0.0,4.0,4.0,4.0,0.0,0.0
20,4,5,11,0.2,0.2,0.3,dense,True,20,20,20,4,5,15,7,Shard-aware weakest-token diagnostic,weakest_harmful_token_not_full_sequence_validity,radius_derived,5,"0,10,20,30,40",0.0,0.0,0.0,0.0,0.0,1.0,1.0,1.0,0.0,0.0,0.2,0.0,0.75,0.2,0.55,0.1,0.0,0.5,0.1,0.4,0.0,0.0,0.0,0.0,0.0,0.6,0.0,2.0,0.6,1.4,0.0,0.0,0.0,0.0,0.0,4.0,4.0,4.0,0.0,0.0,0.0,0.0,0.0,0.0,0.0,4.0,4.0,4.0,0.0,0.0
20,4,5,11,0.2,0.2,0.3,dense,True,20,20,20,4,5,15,8,Shard-aware weakest-token diagnostic,weakest_harmful_token_not_full_sequence_validity,radius_derived,5,"0,10,20,30,40",0.0,0.0,0.0,0.0,0.0,1.0,1.0,1.0,0.0,0.0,0.2,0.0,0.75,0.2,0.55,0.1,0.0,0.5,0.1,0.4,0.0,0.0,0.0,0.0,0.0,0.6,0.0,2.0,0.6,1.4,0.0,0.0,0.0,0.0,0.0,4.0,4.0,4.0,0.0,0.0,0.0,0.0,0.0,0.0,0.0,4.0,4.0,4.0,0.0,0.0
20,4,5,11,0.2,0.2,0.3,dense,True,20,20,20,4,5,15,9,Shard-aware weakest-token diagnostic,weakest_harmful_token_not_full_sequence_validity,radius_derived,5,"0,10,20,30,40",0.0,0.0,0.0,0.0,0.0,1.0,1.0,1.0,0.0,0.0,0.2,0.0,0.75,0.2,0.55,0.1,0.0,0.5,0.1,0.4,0.0,0.0,0.0,0.0,0.0,0.6,0.0,2.0,0.6,1.4,0.0,0.0,0.0,0.0,0.0,4.0,4.0,4.0,0.0,0.0,0.0,0.0,0.0,0.0,0.0,4.0,4.0,4.0,0.0,0.0
20,4,5,11,0.2,0.2,0.3,dense,True,20,20,20,4,5,15,10,Shard-aware weakest-token diagnostic,weakest_harmful_token_not_full_sequence_validity,radius_derived,5,"0,10,20,30,40",0.0,0.0,0.0,0.0,0.0,1.0,1.0,1.0,0.0,0.0,0.2,0.0,0.75,0.2,0.55,0.1,0.0,0.5,0.1,0.4,0.0,0.0,0.0,0.0,0.0,0.6,0.0,2.0,0.6,1.4,0.0,0.0,0.0,0.0,0.0,4.0,4.0,4.0,0.0,0.0,0.0,0.0,0.0,0.0,0.0,4.0,4.0,4.0,0.0,0.0
20,4,5,11,0.2,0.2,0.3,dense,True,20,20,20,4,5,15,11,Shard-aware weakest-token diagnostic,weakest_harmful_token_not_full_sequence_validity,radius_derived,5,"0,10,20,30,40",0.0,0.0,0.0,0.0,0.0,1.0,1.0,1.0,0.0,0.0,0.2,0.0,0.75,0.2,0.55,0.1,0.0,0.5,0.1,0.4,0.0,0.0,0.0,0.0,0.0,0.6,0.0,2.0,0.6,1.4,0.0,0.0,0.0,0.0,0.0,4.0,4.0,4.0,0.0,0.0,0.0,0.0,0.0,0.0,0.0,4.0,4.0,4.0,0.0,0.0
20,4,5,11,0.2,0.2,0.3,dense,True,20,20,20,4,5,15,12,Shard-aware weakest-token diagnostic,weakest_harmful_token_not_full_sequence_validity,radius_derived,5,"0,10,20,30,40",0.0,0.0,0.0,0.0,0.0,1.0,1.0,1.0,0.0,0.0,0.2,0.0,0.75,0.2,0.55,0.1,0.0,0.5,0.1,0.4,0.0,0.0,0.0,0.0,0.0,0.6,0.0,2.0,0.6,1.4,0.0,0.0,0.0,0.0,0.0,4.0,4.0,4.0,0.0,0.0,0.0,0.0,0.0,0.0,0.0,4.0,4.0,4.0,0.0,0.0
20,4,5,11,0.2,0.2,0.3,dense,True,20,20,20,4,5,15,13,Shard-aware weakest-token diagnostic,weakest_harmful_token_not_full_sequence_validity,radius_derived,5,"0,10,20,30,40",0.0,0.0,0.0,0.0,0.0,1.0,1.0,1.0,0.0,0.0,0.2,0.0,0.75,0.2,0.55,0.1,0.0,0.5,0.1,0.4,0.0,0.0,0.0,0.0,0.0,0.6,0.0,2.0,0.6,1.4,0.0,0.0,0.0,0.0,0.0,4.0,4.0,4.0,0.0,0.0,0.0,0.0,0.0,0.0,0.0,4.0,4.0,4.0,0.0,0.0
20,4,5,11,0.2,0.2,0.3,dense,True,20,20,20,4,5,15,14,Shard-aware weakest-token diagnostic,weakest_harmful_token_not_full_sequence_validity,radius_derived,5,"0,10,20,30,40",0.0,0.0,0.0,0.0,0.0,1.0,1.0,1.0,0.0,0.0,0.2,0.0,0.75,0.2,0.55,0.1,0.0,0.5,0.1,0.4,0.0,0.0,0.0,0.0,0.0,0.6,0.0,2.0,0.6,1.4,0.0,0.0,0.0,0.0,0.0,4.0,4.0,4.0,0.0,0.0,0.0,0.0,0.0,0.0,0.0,4.0,4.0,4.0,0.0,0.0
20,4,5,11,0.2,0.2,0.3,dense,True,20,20,20,4,5,15,15,Shard-aware weakest-token diagnostic,weakest_harmful_token_not_full_sequence_validity,radius_derived,5,"0,10,20,30,40",0.0,0.0,0.0,0.0,0.0,1.0,1.0,1.0,0.0,0.0,0.2,0.0,0.75,0.2,0.55,0.1,0.0,0.5,0.1,0.4,0.0,0.0,0.0,0.0,0.0,0.6,0.0,2.0,0.6,1.4,0.0,0.0,0.0,0.0,0.0,4.0,4.0,4.0,0.0,0.0,0.0,0.0,0.0,0.0,0.0,4.0,4.0,4.0,0.0,0.0
20,4,5,11,0.2,0.2,0.3,dense,True,20,20,20,4,5,15,16,Shard-aware weakest-token diagnostic,weakest_harmful_token_not_full_sequence_validity,radius_derived,5,"0,10,20,30,40",0.0,0.0,0.0,0.0,0.0,1.0,1.0,1.0,0.0,0.0,0.2,0.0,0.75,0.2,0.55,0.1,0.0,0.5,0.1,0.4,0.0,0.0,0.0,0.0,0.0,0.6,0.0,2.0,0.6,1.4,0.0,0.0,0.0,0.0,0.0,4.0,4.0,4.0,0.0,0.0,0.0,0.0,0.0,0.0,0.0,4.0,4.0,4.0,0.0,0.0
20,4,5,11,0.2,0.2,0.3,dense,True,20,20,20,4,5,15,17,Shard-aware weakest-token diagnostic,weakest_harmful_token_not_full_sequence_validity,radius_derived,5,"0,10,20,30,40",0.0,0.0,0.0,0.0,0.0,1.0,1.0,1.0,0.0,0.0,0.2,0.0,0.75,0.2,0.55,0.1,0.0,0.5,0.1,0.4,0.0,0.0,0.0,0.0,0.0,0.6,0.0,2.0,0.6,1.4,0.0,0.0,0.0,0.0,0.0,4.0,4.0,4.0,0.0,0.0,0.0,0.0,0.0,0.0,0.0,4.0,4.0,4.0,0.0,0.0
20,4,5,11,0.2,0.2,0.3,dense,True,20,20,20,4,5,15,18,Shard-aware weakest-token diagnostic,weakest_harmful_token_not_full_sequence_validity,radius_derived,5,"0,10,20,30,40",0.0,0.0,0.0,0.0,0.0,1.0,1.0,1.0,0.0,0.0,0.2,0.0,0.75,0.2,0.55,0.1,0.0,0.5,0.1,0.4,0.0,0.0,0.0,0.0,0.0,0.6,0.0,2.0,0.6,1.4,0.0,0.0,0.0,0.0,0.0,4.0,4.0,4.0,0.0,0.0,0.0,0.0,0.0,0.0,0.0,4.0,4.0,4.0,0.0,0.0
20,4,5,11,0.2,0.2,0.3,dense,True,20,20,20,4,5,15,19,Shard-aware weakest-token diagnostic,weakest_harmful_token_not_full_sequence_validity,radius_derived,5,"0,10,20,30,40",0.0,0.0,0.0,0.0,0.0,1.0,1.0,1.0,0.0,0.0,0.2,0.0,0.75,0.2,0.55,0.1,0.0,0.5,0.1,0.4,0.0,0.0,0.0,0.0,0.0,0.6,0.0,2.0,0.6,1.4,0.0,0.0,0.0,0.0,0.0,4.0,4.0,4.0,0.0,0.0,0.0,0.0,0.0,0.0,0.0,4.0,4.0,4.0,0.0,0.0
20,4,5,11,0.2,0.2,0.3,dense,True,20,20,20,4,5,15,20,Shard-aware weakest-token diagnostic,weakest_harmful_token_not_full_sequence_validity,radius_derived,5,"0,10,20,30,40",0.0,0.0,0.0,0.0,0.0,1.0,1.0,1.0,0.0,0.0,0.2,0.0,0.75,0.2,0.55,0.1,0.0,0.5,0.1,0.4,0.0,0.0,0.0,0.0,0.0,0.6,0.0,2.0,0.6,1.4,0.0,0.0,0.0,0.0,0.0,4.0,4.0,4.0,0.0,0.0,0.0,0.0,0.0,0.0,0.0,4.0,4.0,4.0,0.0,0.0
20,4,5,11,0.2,0.2,0.3,dense,True,20,20,20,4,5,15,0,Shard-aware independent max-token diagnostic,most_difficult_harmful_token_not_full_sequence_validity,radius_derived,5,"0,10,20,30,40",1.0,1.0,1.0,0.0,0.0,0.0,0.0,0.0,0.0,0.0,5.9,4.25,7.75,1.6500000000000004,1.8499999999999996,5.8,4.5,7.5,1.2999999999999998,1.7000000000000002,4.2,3.0,7.0,1.2000000000000002,2.8,7.8,5.0,10.0,2.8,2.2,4.0,4.0,4.0,0.0,0.0,4.0,4.0,4.0,0.0,0.0,0.0,0.0,0.0,0.0,0.0,4.0,4.0,4.0,0.0,0.0
20,4,5,11,0.2,0.2,0.3,dense,True,20,20,20,4,5,15,1,Shard-aware independent max-token diagnostic,most_difficult_harmful_token_not_full_sequence_validity,radius_derived,5,"0,10,20,30,40",1.0,1.0,1.0,0.0,0.0,0.0,0.0,0.0,0.0,0.0,5.9,4.25,7.75,1.6500000000000004,1.8499999999999996,5.8,4.5,7.5,1.2999999999999998,1.7000000000000002,4.2,3.0,7.0,1.2000000000000002,2.8,7.8,5.0,10.0,2.8,2.2,4.0,4.0,4.0,0.0,0.0,4.0,4.0,4.0,0.0,0.0,0.0,0.0,0.0,0.0,0.0,4.0,4.0,4.0,0.0,0.0
20,4,5,11,0.2,0.2,0.3,dense,True,20,20,20,4,5,15,2,Shard-aware independent max-token diagnostic,most_difficult_harmful_token_not_full_sequence_validity,radius_derived,5,"0,10,20,30,40",1.0,1.0,1.0,0.0,0.0,0.0,0.0,0.0,0.0,0.0,5.9,4.25,7.75,1.6500000000000004,1.8499999999999996,5.8,4.5,7.5,1.2999999999999998,1.7000000000000002,4.2,3.0,7.0,1.2000000000000002,2.8,7.8,5.0,10.0,2.8,2.2,4.0,4.0,4.0,0.0,0.0,4.0,4.0,4.0,0.0,0.0,0.0,0.0,0.0,0.0,0.0,4.0,4.0,4.0,0.0,0.0
20,4,5,11,0.2,0.2,0.3,dense,True,20,20,20,4,5,15,3,Shard-aware independent max-token diagnostic,most_difficult_harmful_token_not_full_sequence_validity,radius_derived,5,"0,10,20,30,40",0.9,0.75,1.0,0.15000000000000002,0.09999999999999998,0.1,0.0,0.25,0.1,0.15,5.9,4.25,7.75,1.6500000000000004,1.8499999999999996,5.8,4.5,7.5,1.2999999999999998,1.7000000000000002,4.2,3.0,7.0,1.2000000000000002,2.8,7.8,5.0,10.0,2.8,2.2,3.6,3.0,4.0,0.6000000000000001,0.3999999999999999,4.0,4.0,4.0,0.0,0.0,0.0,0.0,0.0,0.0,0.0,4.0,4.0,4.0,0.0,0.0
20,4,5,11,0.2,0.2,0.3,dense,True,20,20,20,4,5,15,4,Shard-aware independent max-token diagnostic,most_difficult_harmful_token_not_full_sequence_validity,radius_derived,5,"0,10,20,30,40",0.7,0.5,1.0,0.19999999999999996,0.30000000000000004,0.3,0.0,0.5,0.3,0.2,5.9,4.25,7.75,1.6500000000000004,1.8499999999999996,5.8,4.5,7.5,1.2999999999999998,1.7000000000000002,4.2,3.0,7.0,1.2000000000000002,2.8,7.8,5.0,10.0,2.8,2.2,2.8,2.0,4.0,0.7999999999999998,1.2000000000000002,4.0,4.0,4.0,0.0,0.0,0.0,0.0,0.0,0.0,0.0,4.0,4.0,4.0,0.0,0.0
20,4,5,11,0.2,0.2,0.3,dense,True,20,20,20,4,5,15,5,Shard-aware independent max-token diagnostic,most_difficult_harmful_token_not_full_sequence_validity,radius_derived,5,"0,10,20,30,40",0.5,0.0,1.0,0.5,0.5,0.5,0.0,1.0,0.5,0.5,5.9,4.25,7.75,1.6500000000000004,1.8499999999999996,5.8,4.5,7.5,1.2999999999999998,1.7000000000000002,4.2,3.0,7.0,1.2000000000000002,2.8,7.8,5.0,10.0,2.8,2.2,2.0,0.0,4.0,2.0,2.0,4.0,4.0,4.0,0.0,0.0,0.0,0.0,0.0,0.0,0.0,4.0,4.0,4.0,0.0,0.0
20,4,5,11,0.2,0.2,0.3,dense,True,20,20,20,4,5,15,6,Shard-aware independent max-token diagnostic,most_difficult_harmful_token_not_full_sequence_validity,radius_derived,5,"0,10,20,30,40",0.4,0.0,1.0,0.4,0.6,0.6,0.0,1.0,0.6,0.4,5.9,4.25,7.75,1.6500000000000004,1.8499999999999996,5.8,4.5,7.5,1.2999999999999998,1.7000000000000002,4.2,3.0,7.0,1.2000000000000002,2.8,7.8,5.0,10.0,2.8,2.2,1.6,0.0,4.0,1.6,2.4,4.0,4.0,4.0,0.0,0.0,0.0,0.0,0.0,0.0,0.0,4.0,4.0,4.0,0.0,0.0
20,4,5,11,0.2,0.2,0.3,dense,True,20,20,20,4,5,15,7,Shard-aware independent max-token diagnostic,most_difficult_harmful_token_not_full_sequence_validity,radius_derived,5,"0,10,20,30,40",0.2,0.0,0.5,0.2,0.3,0.8,0.5,1.0,0.30000000000000004,0.19999999999999996,5.9,4.25,7.75,1.6500000000000004,1.8499999999999996,5.8,4.5,7.5,1.2999999999999998,1.7000000000000002,4.2,3.0,7.0,1.2000000000000002,2.8,7.8,5.0,10.0,2.8,2.2,0.8,0.0,2.0,0.8,1.2,4.0,4.0,4.0,0.0,0.0,0.0,0.0,0.0,0.0,0.0,4.0,4.0,4.0,0.0,0.0
20,4,5,11,0.2,0.2,0.3,dense,True,20,20,20,4,5,15,8,Shard-aware independent max-token diagnostic,most_difficult_harmful_token_not_full_sequence_validity,radius_derived,5,"0,10,20,30,40",0.15,0.0,0.25,0.15,0.1,0.85,0.75,1.0,0.09999999999999998,0.15000000000000002,5.9,4.25,7.75,1.6500000000000004,1.8499999999999996,5.8,4.5,7.5,1.2999999999999998,1.7000000000000002,4.2,3.0,7.0,1.2000000000000002,2.8,7.8,5.0,10.0,2.8,2.2,0.6,0.0,1.0,0.6,0.4,4.0,4.0,4.0,0.0,0.0,0.0,0.0,0.0,0.0,0.0,4.0,4.0,4.0,0.0,0.0
20,4,5,11,0.2,0.2,0.3,dense,True,20,20,20,4,5,15,9,Shard-aware independent max-token diagnostic,most_difficult_harmful_token_not_full_sequence_validity,radius_derived,5,"0,10,20,30,40",0.05,0.0,0.25,0.05,0.2,0.95,0.75,1.0,0.19999999999999996,0.050000000000000044,5.9,4.25,7.75,1.6500000000000004,1.8499999999999996,5.8,4.5,7.5,1.2999999999999998,1.7000000000000002,4.2,3.0,7.0,1.2000000000000002,2.8,7.8,5.0,10.0,2.8,2.2,0.2,0.0,1.0,0.2,0.8,4.0,4.0,4.0,0.0,0.0,0.0,0.0,0.0,0.0,0.0,4.0,4.0,4.0,0.0,0.0
20,4,5,11,0.2,0.2,0.3,dense,True,20,20,20,4,5,15,10,Shard-aware independent max-token diagnostic,most_difficult_harmful_token_not_full_sequence_validity,radius_derived,5,"0,10,20,30,40",0.0,0.0,0.0,0.0,0.0,1.0,1.0,1.0,0.0,0.0,5.9,4.25,7.75,1.6500000000000004,1.8499999999999996,5.8,4.5,7.5,1.2999999999999998,1.7000000000000002,4.2,3.0,7.0,1.2000000000000002,2.8,7.8,5.0,10.0,2.8,2.2,0.0,0.0,0.0,0.0,0.0,4.0,4.0,4.0,0.0,0.0,0.0,0.0,0.0,0.0,0.0,4.0,4.0,4.0,0.0,0.0
20,4,5,11,0.2,0.2,0.3,dense,True,20,20,20,4,5,15,11,Shard-aware independent max-token diagnostic,most_difficult_harmful_token_not_full_sequence_validity,radius_derived,5,"0,10,20,30,40",0.0,0.0,0.0,0.0,0.0,1.0,1.0,1.0,0.0,0.0,5.9,4.25,7.75,1.6500000000000004,1.8499999999999996,5.8,4.5,7.5,1.2999999999999998,1.7000000000000002,4.2,3.0,7.0,1.2000000000000002,2.8,7.8,5.0,10.0,2.8,2.2,0.0,0.0,0.0,0.0,0.0,4.0,4.0,4.0,0.0,0.0,0.0,0.0,0.0,0.0,0.0,4.0,4.0,4.0,0.0,0.0
20,4,5,11,0.2,0.2,0.3,dense,True,20,20,20,4,5,15,12,Shard-aware independent max-token diagnostic,most_difficult_harmful_token_not_full_sequence_validity,radius_derived,5,"0,10,20,30,40",0.0,0.0,0.0,0.0,0.0,1.0,1.0,1.0,0.0,0.0,5.9,4.25,7.75,1.6500000000000004,1.8499999999999996,5.8,4.5,7.5,1.2999999999999998,1.7000000000000002,4.2,3.0,7.0,1.2000000000000002,2.8,7.8,5.0,10.0,2.8,2.2,0.0,0.0,0.0,0.0,0.0,4.0,4.0,4.0,0.0,0.0,0.0,0.0,0.0,0.0,0.0,4.0,4.0,4.0,0.0,0.0
20,4,5,11,0.2,0.2,0.3,dense,True,20,20,20,4,5,15,13,Shard-aware independent max-token diagnostic,most_difficult_harmful_token_not_full_sequence_validity,radius_derived,5,"0,10,20,30,40",0.0,0.0,0.0,0.0,0.0,1.0,1.0,1.0,0.0,0.0,5.9,4.25,7.75,1.6500000000000004,1.8499999999999996,5.8,4.5,7.5,1.2999999999999998,1.7000000000000002,4.2,3.0,7.0,1.2000000000000002,2.8,7.8,5.0,10.0,2.8,2.2,0.0,0.0,0.0,0.0,0.0,4.0,4.0,4.0,0.0,0.0,0.0,0.0,0.0,0.0,0.0,4.0,4.0,4.0,0.0,0.0
20,4,5,11,0.2,0.2,0.3,dense,True,20,20,20,4,5,15,14,Shard-aware independent max-token diagnostic,most_difficult_harmful_token_not_full_sequence_validity,radius_derived,5,"0,10,20,30,40",0.0,0.0,0.0,0.0,0.0,1.0,1.0,1.0,0.0,0.0,5.9,4.25,7.75,1.6500000000000004,1.8499999999999996,5.8,4.5,7.5,1.2999999999999998,1.7000000000000002,4.2,3.0,7.0,1.2000000000000002,2.8,7.8,5.0,10.0,2.8,2.2,0.0,0.0,0.0,0.0,0.0,4.0,4.0,4.0,0.0,0.0,0.0,0.0,0.0,0.0,0.0,4.0,4.0,4.0,0.0,0.0
20,4,5,11,0.2,0.2,0.3,dense,True,20,20,20,4,5,15,15,Shard-aware independent max-token diagnostic,most_difficult_harmful_token_not_full_sequence_validity,radius_derived,5,"0,10,20,30,40",0.0,0.0,0.0,0.0,0.0,1.0,1.0,1.0,0.0,0.0,5.9,4.25,7.75,1.6500000000000004,1.8499999999999996,5.8,4.5,7.5,1.2999999999999998,1.7000000000000002,4.2,3.0,7.0,1.2000000000000002,2.8,7.8,5.0,10.0,2.8,2.2,0.0,0.0,0.0,0.0,0.0,4.0,4.0,4.0,0.0,0.0,0.0,0.0,0.0,0.0,0.0,4.0,4.0,4.0,0.0,0.0
20,4,5,11,0.2,0.2,0.3,dense,True,20,20,20,4,5,15,16,Shard-aware independent max-token diagnostic,most_difficult_harmful_token_not_full_sequence_validity,radius_derived,5,"0,10,20,30,40",0.0,0.0,0.0,0.0,0.0,1.0,1.0,1.0,0.0,0.0,5.9,4.25,7.75,1.6500000000000004,1.8499999999999996,5.8,4.5,7.5,1.2999999999999998,1.7000000000000002,4.2,3.0,7.0,1.2000000000000002,2.8,7.8,5.0,10.0,2.8,2.2,0.0,0.0,0.0,0.0,0.0,4.0,4.0,4.0,0.0,0.0,0.0,0.0,0.0,0.0,0.0,4.0,4.0,4.0,0.0,0.0
20,4,5,11,0.2,0.2,0.3,dense,True,20,20,20,4,5,15,17,Shard-aware independent max-token diagnostic,most_difficult_harmful_token_not_full_sequence_validity,radius_derived,5,"0,10,20,30,40",0.0,0.0,0.0,0.0,0.0,1.0,1.0,1.0,0.0,0.0,5.9,4.25,7.75,1.6500000000000004,1.8499999999999996,5.8,4.5,7.5,1.2999999999999998,1.7000000000000002,4.2,3.0,7.0,1.2000000000000002,2.8,7.8,5.0,10.0,2.8,2.2,0.0,0.0,0.0,0.0,0.0,4.0,4.0,4.0,0.0,0.0,0.0,0.0,0.0,0.0,0.0,4.0,4.0,4.0,0.0,0.0
20,4,5,11,0.2,0.2,0.3,dense,True,20,20,20,4,5,15,18,Shard-aware independent max-token diagnostic,most_difficult_harmful_token_not_full_sequence_validity,radius_derived,5,"0,10,20,30,40",0.0,0.0,0.0,0.0,0.0,1.0,1.0,1.0,0.0,0.0,5.9,4.25,7.75,1.6500000000000004,1.8499999999999996,5.8,4.5,7.5,1.2999999999999998,1.7000000000000002,4.2,3.0,7.0,1.2000000000000002,2.8,7.8,5.0,10.0,2.8,2.2,0.0,0.0,0.0,0.0,0.0,4.0,4.0,4.0,0.0,0.0,0.0,0.0,0.0,0.0,0.0,4.0,4.0,4.0,0.0,0.0
20,4,5,11,0.2,0.2,0.3,dense,True,20,20,20,4,5,15,19,Shard-aware independent max-token diagnostic,most_difficult_harmful_token_not_full_sequence_validity,radius_derived,5,"0,10,20,30,40",0.0,0.0,0.0,0.0,0.0,1.0,1.0,1.0,0.0,0.0,5.9,4.25,7.75,1.6500000000000004,1.8499999999999996,5.8,4.5,7.5,1.2999999999999998,1.7000000000000002,4.2,3.0,7.0,1.2000000000000002,2.8,7.8,5.0,10.0,2.8,2.2,0.0,0.0,0.0,0.0,0.0,4.0,4.0,4.0,0.0,0.0,0.0,0.0,0.0,0.0,0.0,4.0,4.0,4.0,0.0,0.0
20,4,5,11,0.2,0.2,0.3,dense,True,20,20,20,4,5,15,20,Shard-aware independent max-token diagnostic,most_difficult_harmful_token_not_full_sequence_validity,radius_derived,5,"0,10,20,30,40",0.0,0.0,0.0,0.0,0.0,1.0,1.0,1.0,0.0,0.0,5.9,4.25,7.75,1.6500000000000004,1.8499999999999996,5.8,4.5,7.5,1.2999999999999998,1.7000000000000002,4.2,3.0,7.0,1.2000000000000002,2.8,7.8,5.0,10.0,2.8,2.2,0.0,0.0,0.0,0.0,0.0,4.0,4.0,4.0,0.0,0.0,0.0,0.0,0.0,0.0,0.0,4.0,4.0,4.0,0.0,0.0
20,4,5,11,0.2,0.2,0.3,dense,True,20,20,20,4,5,15,0,TPA max-token phrase baseline,validity_full_harmful_sequence_per_prompt,radius_derived,5,"0,10,20,30,40",1.0,1.0,1.0,0.0,0.0,0.0,0.0,0.0,0.0,0.0,5.9,4.25,7.75,1.6500000000000004,1.8499999999999996,5.8,4.5,7.5,1.2999999999999998,1.7000000000000002,4.2,3.0,7.0,1.2000000000000002,2.8,7.8,5.0,10.0,2.8,2.2,4.0,4.0,4.0,0.0,0.0,4.0,4.0,4.0,0.0,0.0,0.0,0.0,0.0,0.0,0.0,4.0,4.0,4.0,0.0,0.0
20,4,5,11,0.2,0.2,0.3,dense,True,20,20,20,4,5,15,1,TPA max-token phrase baseline,validity_full_harmful_sequence_per_prompt,radius_derived,5,"0,10,20,30,40",1.0,1.0,1.0,0.0,0.0,0.0,0.0,0.0,0.0,0.0,5.9,4.25,7.75,1.6500000000000004,1.8499999999999996,5.8,4.5,7.5,1.2999999999999998,1.7000000000000002,4.2,3.0,7.0,1.2000000000000002,2.8,7.8,5.0,10.0,2.8,2.2,4.0,4.0,4.0,0.0,0.0,4.0,4.0,4.0,0.0,0.0,0.0,0.0,0.0,0.0,0.0,4.0,4.0,4.0,0.0,0.0
20,4,5,11,0.2,0.2,0.3,dense,True,20,20,20,4,5,15,2,TPA max-token phrase baseline,validity_full_harmful_sequence_per_prompt,radius_derived,5,"0,10,20,30,40",1.0,1.0,1.0,0.0,0.0,0.0,0.0,0.0,0.0,0.0,5.9,4.25,7.75,1.6500000000000004,1.8499999999999996,5.8,4.5,7.5,1.2999999999999998,1.7000000000000002,4.2,3.0,7.0,1.2000000000000002,2.8,7.8,5.0,10.0,2.8,2.2,4.0,4.0,4.0,0.0,0.0,4.0,4.0,4.0,0.0,0.0,0.0,0.0,0.0,0.0,0.0,4.0,4.0,4.0,0.0,0.0
20,4,5,11,0.2,0.2,0.3,dense,True,20,20,20,4,5,15,3,TPA max-token phrase baseline,validity_full_harmful_sequence_per_prompt,radius_derived,5,"0,10,20,30,40",0.9,0.75,1.0,0.15000000000000002,0.09999999999999998,0.1,0.0,0.25,0.1,0.15,5.9,4.25,7.75,1.6500000000000004,1.8499999999999996,5.8,4.5,7.5,1.2999999999999998,1.7000000000000002,4.2,3.0,7.0,1.2000000000000002,2.8,7.8,5.0,10.0,2.8,2.2,3.6,3.0,4.0,0.6000000000000001,0.3999999999999999,4.0,4.0,4.0,0.0,0.0,0.0,0.0,0.0,0.0,0.0,4.0,4.0,4.0,0.0,0.0
20,4,5,11,0.2,0.2,0.3,dense,True,20,20,20,4,5,15,4,TPA max-token phrase baseline,validity_full_harmful_sequence_per_prompt,radius_derived,5,"0,10,20,30,40",0.7,0.5,1.0,0.19999999999999996,0.30000000000000004,0.3,0.0,0.5,0.3,0.2,5.9,4.25,7.75,1.6500000000000004,1.8499999999999996,5.8,4.5,7.5,1.2999999999999998,1.7000000000000002,4.2,3.0,7.0,1.2000000000000002,2.8,7.8,5.0,10.0,2.8,2.2,2.8,2.0,4.0,0.7999999999999998,1.2000000000000002,4.0,4.0,4.0,0.0,0.0,0.0,0.0,0.0,0.0,0.0,4.0,4.0,4.0,0.0,0.0
20,4,5,11,0.2,0.2,0.3,dense,True,20,20,20,4,5,15,5,TPA max-token phrase baseline,validity_full_harmful_sequence_per_prompt,radius_derived,5,"0,10,20,30,40",0.5,0.0,1.0,0.5,0.5,0.5,0.0,1.0,0.5,0.5,5.9,4.25,7.75,1.6500000000000004,1.8499999999999996,5.8,4.5,7.5,1.2999999999999998,1.7000000000000002,4.2,3.0,7.0,1.2000000000000002,2.8,7.8,5.0,10.0,2.8,2.2,2.0,0.0,4.0,2.0,2.0,4.0,4.0,4.0,0.0,0.0,0.0,0.0,0.0,0.0,0.0,4.0,4.0,4.0,0.0,0.0
20,4,5,11,0.2,0.2,0.3,dense,True,20,20,20,4,5,15,6,TPA max-token phrase baseline,validity_full_harmful_sequence_per_prompt,radius_derived,5,"0,10,20,30,40",0.4,0.0,1.0,0.4,0.6,0.6,0.0,1.0,0.6,0.4,5.9,4.25,7.75,1.6500000000000004,1.8499999999999996,5.8,4.5,7.5,1.2999999999999998,1.7000000000000002,4.2,3.0,7.0,1.2000000000000002,2.8,7.8,5.0,10.0,2.8,2.2,1.6,0.0,4.0,1.6,2.4,4.0,4.0,4.0,0.0,0.0,0.0,0.0,0.0,0.0,0.0,4.0,4.0,4.0,0.0,0.0
20,4,5,11,0.2,0.2,0.3,dense,True,20,20,20,4,5,15,7,TPA max-token phrase baseline,validity_full_harmful_sequence_per_prompt,radius_derived,5,"0,10,20,30,40",0.2,0.0,0.5,0.2,0.3,0.8,0.5,1.0,0.30000000000000004,0.19999999999999996,5.9,4.25,7.75,1.6500000000000004,1.8499999999999996,5.8,4.5,7.5,1.2999999999999998,1.7000000000000002,4.2,3.0,7.0,1.2000000000000002,2.8,7.8,5.0,10.0,2.8,2.2,0.8,0.0,2.0,0.8,1.2,4.0,4.0,4.0,0.0,0.0,0.0,0.0,0.0,0.0,0.0,4.0,4.0,4.0,0.0,0.0
20,4,5,11,0.2,0.2,0.3,dense,True,20,20,20,4,5,15,8,TPA max-token phrase baseline,validity_full_harmful_sequence_per_prompt,radius_derived,5,"0,10,20,30,40",0.15,0.0,0.25,0.15,0.1,0.85,0.75,1.0,0.09999999999999998,0.15000000000000002,5.9,4.25,7.75,1.6500000000000004,1.8499999999999996,5.8,4.5,7.5,1.2999999999999998,1.7000000000000002,4.2,3.0,7.0,1.2000000000000002,2.8,7.8,5.0,10.0,2.8,2.2,0.6,0.0,1.0,0.6,0.4,4.0,4.0,4.0,0.0,0.0,0.0,0.0,0.0,0.0,0.0,4.0,4.0,4.0,0.0,0.0
20,4,5,11,0.2,0.2,0.3,dense,True,20,20,20,4,5,15,9,TPA max-token phrase baseline,validity_full_harmful_sequence_per_prompt,radius_derived,5,"0,10,20,30,40",0.05,0.0,0.25,0.05,0.2,0.95,0.75,1.0,0.19999999999999996,0.050000000000000044,5.9,4.25,7.75,1.6500000000000004,1.8499999999999996,5.8,4.5,7.5,1.2999999999999998,1.7000000000000002,4.2,3.0,7.0,1.2000000000000002,2.8,7.8,5.0,10.0,2.8,2.2,0.2,0.0,1.0,0.2,0.8,4.0,4.0,4.0,0.0,0.0,0.0,0.0,0.0,0.0,0.0,4.0,4.0,4.0,0.0,0.0
20,4,5,11,0.2,0.2,0.3,dense,True,20,20,20,4,5,15,10,TPA max-token phrase baseline,validity_full_harmful_sequence_per_prompt,radius_derived,5,"0,10,20,30,40",0.0,0.0,0.0,0.0,0.0,1.0,1.0,1.0,0.0,0.0,5.9,4.25,7.75,1.6500000000000004,1.8499999999999996,5.8,4.5,7.5,1.2999999999999998,1.7000000000000002,4.2,3.0,7.0,1.2000000000000002,2.8,7.8,5.0,10.0,2.8,2.2,0.0,0.0,0.0,0.0,0.0,4.0,4.0,4.0,0.0,0.0,0.0,0.0,0.0,0.0,0.0,4.0,4.0,4.0,0.0,0.0
20,4,5,11,0.2,0.2,0.3,dense,True,20,20,20,4,5,15,11,TPA max-token phrase baseline,validity_full_harmful_sequence_per_prompt,radius_derived,5,"0,10,20,30,40",0.0,0.0,0.0,0.0,0.0,1.0,1.0,1.0,0.0,0.0,5.9,4.25,7.75,1.6500000000000004,1.8499999999999996,5.8,4.5,7.5,1.2999999999999998,1.7000000000000002,4.2,3.0,7.0,1.2000000000000002,2.8,7.8,5.0,10.0,2.8,2.2,0.0,0.0,0.0,0.0,0.0,4.0,4.0,4.0,0.0,0.0,0.0,0.0,0.0,0.0,0.0,4.0,4.0,4.0,0.0,0.0
20,4,5,11,0.2,0.2,0.3,dense,True,20,20,20,4,5,15,12,TPA max-token phrase baseline,validity_full_harmful_sequence_per_prompt,radius_derived,5,"0,10,20,30,40",0.0,0.0,0.0,0.0,0.0,1.0,1.0,1.0,0.0,0.0,5.9,4.25,7.75,1.6500000000000004,1.8499999999999996,5.8,4.5,7.5,1.2999999999999998,1.7000000000000002,4.2,3.0,7.0,1.2000000000000002,2.8,7.8,5.0,10.0,2.8,2.2,0.0,0.0,0.0,0.0,0.0,4.0,4.0,4.0,0.0,0.0,0.0,0.0,0.0,0.0,0.0,4.0,4.0,4.0,0.0,0.0
20,4,5,11,0.2,0.2,0.3,dense,True,20,20,20,4,5,15,13,TPA max-token phrase baseline,validity_full_harmful_sequence_per_prompt,radius_derived,5,"0,10,20,30,40",0.0,0.0,0.0,0.0,0.0,1.0,1.0,1.0,0.0,0.0,5.9,4.25,7.75,1.6500000000000004,1.8499999999999996,5.8,4.5,7.5,1.2999999999999998,1.7000000000000002,4.2,3.0,7.0,1.2000000000000002,2.8,7.8,5.0,10.0,2.8,2.2,0.0,0.0,0.0,0.0,0.0,4.0,4.0,4.0,0.0,0.0,0.0,0.0,0.0,0.0,0.0,4.0,4.0,4.0,0.0,0.0
20,4,5,11,0.2,0.2,0.3,dense,True,20,20,20,4,5,15,14,TPA max-token phrase baseline,validity_full_harmful_sequence_per_prompt,radius_derived,5,"0,10,20,30,40",0.0,0.0,0.0,0.0,0.0,1.0,1.0,1.0,0.0,0.0,5.9,4.25,7.75,1.6500000000000004,1.8499999999999996,5.8,4.5,7.5,1.2999999999999998,1.7000000000000002,4.2,3.0,7.0,1.2000000000000002,2.8,7.8,5.0,10.0,2.8,2.2,0.0,0.0,0.0,0.0,0.0,4.0,4.0,4.0,0.0,0.0,0.0,0.0,0.0,0.0,0.0,4.0,4.0,4.0,0.0,0.0
20,4,5,11,0.2,0.2,0.3,dense,True,20,20,20,4,5,15,15,TPA max-token phrase baseline,validity_full_harmful_sequence_per_prompt,radius_derived,5,"0,10,20,30,40",0.0,0.0,0.0,0.0,0.0,1.0,1.0,1.0,0.0,0.0,5.9,4.25,7.75,1.6500000000000004,1.8499999999999996,5.8,4.5,7.5,1.2999999999999998,1.7000000000000002,4.2,3.0,7.0,1.2000000000000002,2.8,7.8,5.0,10.0,2.8,2.2,0.0,0.0,0.0,0.0,0.0,4.0,4.0,4.0,0.0,0.0,0.0,0.0,0.0,0.0,0.0,4.0,4.0,4.0,0.0,0.0
20,4,5,11,0.2,0.2,0.3,dense,True,20,20,20,4,5,15,16,TPA max-token phrase baseline,validity_full_harmful_sequence_per_prompt,radius_derived,5,"0,10,20,30,40",0.0,0.0,0.0,0.0,0.0,1.0,1.0,1.0,0.0,0.0,5.9,4.25,7.75,1.6500000000000004,1.8499999999999996,5.8,4.5,7.5,1.2999999999999998,1.7000000000000002,4.2,3.0,7.0,1.2000000000000002,2.8,7.8,5.0,10.0,2.8,2.2,0.0,0.0,0.0,0.0,0.0,4.0,4.0,4.0,0.0,0.0,0.0,0.0,0.0,0.0,0.0,4.0,4.0,4.0,0.0,0.0
20,4,5,11,0.2,0.2,0.3,dense,True,20,20,20,4,5,15,17,TPA max-token phrase baseline,validity_full_harmful_sequence_per_prompt,radius_derived,5,"0,10,20,30,40",0.0,0.0,0.0,0.0,0.0,1.0,1.0,1.0,0.0,0.0,5.9,4.25,7.75,1.6500000000000004,1.8499999999999996,5.8,4.5,7.5,1.2999999999999998,1.7000000000000002,4.2,3.0,7.0,1.2000000000000002,2.8,7.8,5.0,10.0,2.8,2.2,0.0,0.0,0.0,0.0,0.0,4.0,4.0,4.0,0.0,0.0,0.0,0.0,0.0,0.0,0.0,4.0,4.0,4.0,0.0,0.0
20,4,5,11,0.2,0.2,0.3,dense,True,20,20,20,4,5,15,18,TPA max-token phrase baseline,validity_full_harmful_sequence_per_prompt,radius_derived,5,"0,10,20,30,40",0.0,0.0,0.0,0.0,0.0,1.0,1.0,1.0,0.0,0.0,5.9,4.25,7.75,1.6500000000000004,1.8499999999999996,5.8,4.5,7.5,1.2999999999999998,1.7000000000000002,4.2,3.0,7.0,1.2000000000000002,2.8,7.8,5.0,10.0,2.8,2.2,0.0,0.0,0.0,0.0,0.0,4.0,4.0,4.0,0.0,0.0,0.0,0.0,0.0,0.0,0.0,4.0,4.0,4.0,0.0,0.0
20,4,5,11,0.2,0.2,0.3,dense,True,20,20,20,4,5,15,19,TPA max-token phrase baseline,validity_full_harmful_sequence_per_prompt,radius_derived,5,"0,10,20,30,40",0.0,0.0,0.0,0.0,0.0,1.0,1.0,1.0,0.0,0.0,5.9,4.25,7.75,1.6500000000000004,1.8499999999999996,5.8,4.5,7.5,1.2999999999999998,1.7000000000000002,4.2,3.0,7.0,1.2000000000000002,2.8,7.8,5.0,10.0,2.8,2.2,0.0,0.0,0.0,0.0,0.0,4.0,4.0,4.0,0.0,0.0,0.0,0.0,0.0,0.0,0.0,4.0,4.0,4.0,0.0,0.0
20,4,5,11,0.2,0.2,0.3,dense,True,20,20,20,4,5,15,20,TPA max-token phrase baseline,validity_full_harmful_sequence_per_prompt,radius_derived,5,"0,10,20,30,40",0.0,0.0,0.0,0.0,0.0,1.0,1.0,1.0,0.0,0.0,5.9,4.25,7.75,1.6500000000000004,1.8499999999999996,5.8,4.5,7.5,1.2999999999999998,1.7000000000000002,4.2,3.0,7.0,1.2000000000000002,2.8,7.8,5.0,10.0,2.8,2.2,0.0,0.0,0.0,0.0,0.0,4.0,4.0,4.0,0.0,0.0,0.0,0.0,0.0,0.0,0.0,4.0,4.0,4.0,0.0,0.0
20,4,5,11,0.2,0.2,0.3,dense,True,20,20,20,4,5,15,0,Shared MILP,validity_full_harmful_sequence_per_prompt,radius_derived,5,"0,10,20,30,40",1.0,1.0,1.0,0.0,0.0,0.0,0.0,0.0,0.0,0.0,5.9,4.25,7.75,1.6500000000000004,1.8499999999999996,5.8,4.5,7.5,1.2999999999999998,1.7000000000000002,4.2,3.0,7.0,1.2000000000000002,2.8,7.8,5.0,10.0,2.8,2.2,4.0,4.0,4.0,0.0,0.0,4.0,4.0,4.0,0.0,0.0,0.0,0.0,0.0,0.0,0.0,4.0,4.0,4.0,0.0,0.0
20,4,5,11,0.2,0.2,0.3,dense,True,20,20,20,4,5,15,1,Shared MILP,validity_full_harmful_sequence_per_prompt,radius_derived,5,"0,10,20,30,40",1.0,1.0,1.0,0.0,0.0,0.0,0.0,0.0,0.0,0.0,5.9,4.25,7.75,1.6500000000000004,1.8499999999999996,5.8,4.5,7.5,1.2999999999999998,1.7000000000000002,4.2,3.0,7.0,1.2000000000000002,2.8,7.8,5.0,10.0,2.8,2.2,4.0,4.0,4.0,0.0,0.0,4.0,4.0,4.0,0.0,0.0,0.0,0.0,0.0,0.0,0.0,4.0,4.0,4.0,0.0,0.0
20,4,5,11,0.2,0.2,0.3,dense,True,20,20,20,4,5,15,2,Shared MILP,validity_full_harmful_sequence_per_prompt,radius_derived,5,"0,10,20,30,40",1.0,1.0,1.0,0.0,0.0,0.0,0.0,0.0,0.0,0.0,5.9,4.25,7.75,1.6500000000000004,1.8499999999999996,5.8,4.5,7.5,1.2999999999999998,1.7000000000000002,4.2,3.0,7.0,1.2000000000000002,2.8,7.8,5.0,10.0,2.8,2.2,4.0,4.0,4.0,0.0,0.0,4.0,4.0,4.0,0.0,0.0,0.0,0.0,0.0,0.0,0.0,4.0,4.0,4.0,0.0,0.0
20,4,5,11,0.2,0.2,0.3,dense,True,20,20,20,4,5,15,3,Shared MILP,validity_full_harmful_sequence_per_prompt,radius_derived,5,"0,10,20,30,40",0.9,0.75,1.0,0.15000000000000002,0.09999999999999998,0.1,0.0,0.25,0.1,0.15,5.9,4.25,7.75,1.6500000000000004,1.8499999999999996,5.8,4.5,7.5,1.2999999999999998,1.7000000000000002,4.2,3.0,7.0,1.2000000000000002,2.8,7.8,5.0,10.0,2.8,2.2,3.6,3.0,4.0,0.6000000000000001,0.3999999999999999,4.0,4.0,4.0,0.0,0.0,0.0,0.0,0.0,0.0,0.0,4.0,4.0,4.0,0.0,0.0
20,4,5,11,0.2,0.2,0.3,dense,True,20,20,20,4,5,15,4,Shared MILP,validity_full_harmful_sequence_per_prompt,radius_derived,5,"0,10,20,30,40",0.7,0.5,1.0,0.19999999999999996,0.30000000000000004,0.3,0.0,0.5,0.3,0.2,5.9,4.25,7.75,1.6500000000000004,1.8499999999999996,5.8,4.5,7.5,1.2999999999999998,1.7000000000000002,4.2,3.0,7.0,1.2000000000000002,2.8,7.8,5.0,10.0,2.8,2.2,2.8,2.0,4.0,0.7999999999999998,1.2000000000000002,4.0,4.0,4.0,0.0,0.0,0.0,0.0,0.0,0.0,0.0,4.0,4.0,4.0,0.0,0.0
20,4,5,11,0.2,0.2,0.3,dense,True,20,20,20,4,5,15,5,Shared MILP,validity_full_harmful_sequence_per_prompt,radius_derived,5,"0,10,20,30,40",0.5,0.0,1.0,0.5,0.5,0.5,0.0,1.0,0.5,0.5,5.9,4.25,7.75,1.6500000000000004,1.8499999999999996,5.8,4.5,7.5,1.2999999999999998,1.7000000000000002,4.2,3.0,7.0,1.2000000000000002,2.8,7.8,5.0,10.0,2.8,2.2,2.0,0.0,4.0,2.0,2.0,4.0,4.0,4.0,0.0,0.0,0.0,0.0,0.0,0.0,0.0,4.0,4.0,4.0,0.0,0.0
20,4,5,11,0.2,0.2,0.3,dense,True,20,20,20,4,5,15,6,Shared MILP,validity_full_harmful_sequence_per_prompt,radius_derived,5,"0,10,20,30,40",0.4,0.0,1.0,0.4,0.6,0.6,0.0,1.0,0.6,0.4,5.9,4.25,7.75,1.6500000000000004,1.8499999999999996,5.8,4.5,7.5,1.2999999999999998,1.7000000000000002,4.2,3.0,7.0,1.2000000000000002,2.8,7.8,5.0,10.0,2.8,2.2,1.6,0.0,4.0,1.6,2.4,4.0,4.0,4.0,0.0,0.0,0.0,0.0,0.0,0.0,0.0,4.0,4.0,4.0,0.0,0.0
20,4,5,11,0.2,0.2,0.3,dense,True,20,20,20,4,5,15,7,Shared MILP,validity_full_harmful_sequence_per_prompt,radius_derived,5,"0,10,20,30,40",0.2,0.0,0.5,0.2,0.3,0.8,0.5,1.0,0.30000000000000004,0.19999999999999996,5.9,4.25,7.75,1.6500000000000004,1.8499999999999996,5.8,4.5,7.5,1.2999999999999998,1.7000000000000002,4.2,3.0,7.0,1.2000000000000002,2.8,7.8,5.0,10.0,2.8,2.2,0.8,0.0,2.0,0.8,1.2,4.0,4.0,4.0,0.0,0.0,0.0,0.0,0.0,0.0,0.0,4.0,4.0,4.0,0.0,0.0
20,4,5,11,0.2,0.2,0.3,dense,True,20,20,20,4,5,15,8,Shared MILP,validity_full_harmful_sequence_per_prompt,radius_derived,5,"0,10,20,30,40",0.15,0.0,0.25,0.15,0.1,0.85,0.75,1.0,0.09999999999999998,0.15000000000000002,5.9,4.25,7.75,1.6500000000000004,1.8499999999999996,5.8,4.5,7.5,1.2999999999999998,1.7000000000000002,4.2,3.0,7.0,1.2000000000000002,2.8,7.8,5.0,10.0,2.8,2.2,0.6,0.0,1.0,0.6,0.4,4.0,4.0,4.0,0.0,0.0,0.0,0.0,0.0,0.0,0.0,4.0,4.0,4.0,0.0,0.0
20,4,5,11,0.2,0.2,0.3,dense,True,20,20,20,4,5,15,9,Shared MILP,validity_full_harmful_sequence_per_prompt,radius_derived,5,"0,10,20,30,40",0.05,0.0,0.25,0.05,0.2,0.95,0.75,1.0,0.19999999999999996,0.050000000000000044,5.9,4.25,7.75,1.6500000000000004,1.8499999999999996,5.8,4.5,7.5,1.2999999999999998,1.7000000000000002,4.2,3.0,7.0,1.2000000000000002,2.8,7.8,5.0,10.0,2.8,2.2,0.2,0.0,1.0,0.2,0.8,4.0,4.0,4.0,0.0,0.0,0.0,0.0,0.0,0.0,0.0,4.0,4.0,4.0,0.0,0.0
20,4,5,11,0.2,0.2,0.3,dense,True,20,20,20,4,5,15,10,Shared MILP,validity_full_harmful_sequence_per_prompt,radius_derived,5,"0,10,20,30,40",0.0,0.0,0.0,0.0,0.0,1.0,1.0,1.0,0.0,0.0,5.9,4.25,7.75,1.6500000000000004,1.8499999999999996,5.8,4.5,7.5,1.2999999999999998,1.7000000000000002,4.2,3.0,7.0,1.2000000000000002,2.8,7.8,5.0,10.0,2.8,2.2,0.0,0.0,0.0,0.0,0.0,4.0,4.0,4.0,0.0,0.0,0.0,0.0,0.0,0.0,0.0,4.0,4.0,4.0,0.0,0.0
20,4,5,11,0.2,0.2,0.3,dense,True,20,20,20,4,5,15,11,Shared MILP,validity_full_harmful_sequence_per_prompt,radius_derived,5,"0,10,20,30,40",0.0,0.0,0.0,0.0,0.0,1.0,1.0,1.0,0.0,0.0,5.9,4.25,7.75,1.6500000000000004,1.8499999999999996,5.8,4.5,7.5,1.2999999999999998,1.7000000000000002,4.2,3.0,7.0,1.2000000000000002,2.8,7.8,5.0,10.0,2.8,2.2,0.0,0.0,0.0,0.0,0.0,4.0,4.0,4.0,0.0,0.0,0.0,0.0,0.0,0.0,0.0,4.0,4.0,4.0,0.0,0.0
20,4,5,11,0.2,0.2,0.3,dense,True,20,20,20,4,5,15,12,Shared MILP,validity_full_harmful_sequence_per_prompt,radius_derived,5,"0,10,20,30,40",0.0,0.0,0.0,0.0,0.0,1.0,1.0,1.0,0.0,0.0,5.9,4.25,7.75,1.6500000000000004,1.8499999999999996,5.8,4.5,7.5,1.2999999999999998,1.7000000000000002,4.2,3.0,7.0,1.2000000000000002,2.8,7.8,5.0,10.0,2.8,2.2,0.0,0.0,0.0,0.0,0.0,4.0,4.0,4.0,0.0,0.0,0.0,0.0,0.0,0.0,0.0,4.0,4.0,4.0,0.0,0.0
20,4,5,11,0.2,0.2,0.3,dense,True,20,20,20,4,5,15,13,Shared MILP,validity_full_harmful_sequence_per_prompt,radius_derived,5,"0,10,20,30,40",0.0,0.0,0.0,0.0,0.0,1.0,1.0,1.0,0.0,0.0,5.9,4.25,7.75,1.6500000000000004,1.8499999999999996,5.8,4.5,7.5,1.2999999999999998,1.7000000000000002,4.2,3.0,7.0,1.2000000000000002,2.8,7.8,5.0,10.0,2.8,2.2,0.0,0.0,0.0,0.0,0.0,4.0,4.0,4.0,0.0,0.0,0.0,0.0,0.0,0.0,0.0,4.0,4.0,4.0,0.0,0.0
20,4,5,11,0.2,0.2,0.3,dense,True,20,20,20,4,5,15,14,Shared MILP,validity_full_harmful_sequence_per_prompt,radius_derived,5,"0,10,20,30,40",0.0,0.0,0.0,0.0,0.0,1.0,1.0,1.0,0.0,0.0,5.9,4.25,7.75,1.6500000000000004,1.8499999999999996,5.8,4.5,7.5,1.2999999999999998,1.7000000000000002,4.2,3.0,7.0,1.2000000000000002,2.8,7.8,5.0,10.0,2.8,2.2,0.0,0.0,0.0,0.0,0.0,4.0,4.0,4.0,0.0,0.0,0.0,0.0,0.0,0.0,0.0,4.0,4.0,4.0,0.0,0.0
20,4,5,11,0.2,0.2,0.3,dense,True,20,20,20,4,5,15,15,Shared MILP,validity_full_harmful_sequence_per_prompt,radius_derived,5,"0,10,20,30,40",0.0,0.0,0.0,0.0,0.0,1.0,1.0,1.0,0.0,0.0,5.9,4.25,7.75,1.6500000000000004,1.8499999999999996,5.8,4.5,7.5,1.2999999999999998,1.7000000000000002,4.2,3.0,7.0,1.2000000000000002,2.8,7.8,5.0,10.0,2.8,2.2,0.0,0.0,0.0,0.0,0.0,4.0,4.0,4.0,0.0,0.0,0.0,0.0,0.0,0.0,0.0,4.0,4.0,4.0,0.0,0.0
20,4,5,11,0.2,0.2,0.3,dense,True,20,20,20,4,5,15,16,Shared MILP,validity_full_harmful_sequence_per_prompt,radius_derived,5,"0,10,20,30,40",0.0,0.0,0.0,0.0,0.0,1.0,1.0,1.0,0.0,0.0,5.9,4.25,7.75,1.6500000000000004,1.8499999999999996,5.8,4.5,7.5,1.2999999999999998,1.7000000000000002,4.2,3.0,7.0,1.2000000000000002,2.8,7.8,5.0,10.0,2.8,2.2,0.0,0.0,0.0,0.0,0.0,4.0,4.0,4.0,0.0,0.0,0.0,0.0,0.0,0.0,0.0,4.0,4.0,4.0,0.0,0.0
20,4,5,11,0.2,0.2,0.3,dense,True,20,20,20,4,5,15,17,Shared MILP,validity_full_harmful_sequence_per_prompt,radius_derived,5,"0,10,20,30,40",0.0,0.0,0.0,0.0,0.0,1.0,1.0,1.0,0.0,0.0,5.9,4.25,7.75,1.6500000000000004,1.8499999999999996,5.8,4.5,7.5,1.2999999999999998,1.7000000000000002,4.2,3.0,7.0,1.2000000000000002,2.8,7.8,5.0,10.0,2.8,2.2,0.0,0.0,0.0,0.0,0.0,4.0,4.0,4.0,0.0,0.0,0.0,0.0,0.0,0.0,0.0,4.0,4.0,4.0,0.0,0.0
20,4,5,11,0.2,0.2,0.3,dense,True,20,20,20,4,5,15,18,Shared MILP,validity_full_harmful_sequence_per_prompt,radius_derived,5,"0,10,20,30,40",0.0,0.0,0.0,0.0,0.0,1.0,1.0,1.0,0.0,0.0,5.9,4.25,7.75,1.6500000000000004,1.8499999999999996,5.8,4.5,7.5,1.2999999999999998,1.7000000000000002,4.2,3.0,7.0,1.2000000000000002,2.8,7.8,5.0,10.0,2.8,2.2,0.0,0.0,0.0,0.0,0.0,4.0,4.0,4.0,0.0,0.0,0.0,0.0,0.0,0.0,0.0,4.0,4.0,4.0,0.0,0.0
20,4,5,11,0.2,0.2,0.3,dense,True,20,20,20,4,5,15,19,Shared MILP,validity_full_harmful_sequence_per_prompt,radius_derived,5,"0,10,20,30,40",0.0,0.0,0.0,0.0,0.0,1.0,1.0,1.0,0.0,0.0,5.9,4.25,7.75,1.6500000000000004,1.8499999999999996,5.8,4.5,7.5,1.2999999999999998,1.7000000000000002,4.2,3.0,7.0,1.2000000000000002,2.8,7.8,5.0,10.0,2.8,2.2,0.0,0.0,0.0,0.0,0.0,4.0,4.0,4.0,0.0,0.0,0.0,0.0,0.0,0.0,0.0,4.0,4.0,4.0,0.0,0.0
20,4,5,11,0.2,0.2,0.3,dense,True,20,20,20,4,5,15,20,Shared MILP,validity_full_harmful_sequence_per_prompt,radius_derived,5,"0,10,20,30,40",0.0,0.0,0.0,0.0,0.0,1.0,1.0,1.0,0.0,0.0,5.9,4.25,7.75,1.6500000000000004,1.8499999999999996,5.8,4.5,7.5,1.2999999999999998,1.7000000000000002,4.2,3.0,7.0,1.2000000000000002,2.8,7.8,5.0,10.0,2.8,2.2,0.0,0.0,0.0,0.0,0.0,4.0,4.0,4.0,0.0,0.0,0.0,0.0,0.0,0.0,0.0,4.0,4.0,4.0,0.0,0.0
20,4,5,11,0.2,0.2,0.3,dense,True,20,20,20,4,5,15,0,Atomic phrase aggregation,validity_full_harmful_sequence_per_prompt,radius_derived,5,"0,10,20,30,40",1.0,1.0,1.0,0.0,0.0,0.0,0.0,0.0,0.0,0.0,1.85,1.25,2.25,0.6000000000000001,0.3999999999999999,1.8,1.0,2.0,0.8,0.19999999999999996,1.2,1.0,2.0,0.19999999999999996,0.8,2.6,2.0,4.0,0.6000000000000001,1.4,4.0,4.0,4.0,0.0,0.0,4.0,4.0,4.0,0.0,0.0,0.0,0.0,0.0,0.0,0.0,4.0,4.0,4.0,0.0,0.0
20,4,5,11,0.2,0.2,0.3,dense,True,20,20,20,4,5,15,1,Atomic phrase aggregation,validity_full_harmful_sequence_per_prompt,radius_derived,5,"0,10,20,30,40",0.7,0.25,1.0,0.44999999999999996,0.30000000000000004,0.3,0.0,0.75,0.3,0.45,1.85,1.25,2.25,0.6000000000000001,0.3999999999999999,1.8,1.0,2.0,0.8,0.19999999999999996,1.2,1.0,2.0,0.19999999999999996,0.8,2.6,2.0,4.0,0.6000000000000001,1.4,2.8,1.0,4.0,1.7999999999999998,1.2000000000000002,4.0,4.0,4.0,0.0,0.0,0.0,0.0,0.0,0.0,0.0,4.0,4.0,4.0,0.0,0.0
20,4,5,11,0.2,0.2,0.3,dense,True,20,20,20,4,5,15,2,Atomic phrase aggregation,validity_full_harmful_sequence_per_prompt,radius_derived,5,"0,10,20,30,40",0.1,0.0,0.25,0.1,0.15,0.9,0.75,1.0,0.15000000000000002,0.09999999999999998,1.85,1.25,2.25,0.6000000000000001,0.3999999999999999,1.8,1.0,2.0,0.8,0.19999999999999996,1.2,1.0,2.0,0.19999999999999996,0.8,2.6,2.0,4.0,0.6000000000000001,1.4,0.4,0.0,1.0,0.4,0.6,4.0,4.0,4.0,0.0,0.0,0.0,0.0,0.0,0.0,0.0,4.0,4.0,4.0,0.0,0.0
20,4,5,11,0.2,0.2,0.3,dense,True,20,20,20,4,5,15,3,Atomic phrase aggregation,validity_full_harmful_sequence_per_prompt,radius_derived,5,"0,10,20,30,40",0.05,0.0,0.25,0.05,0.2,0.95,0.75,1.0,0.19999999999999996,0.050000000000000044,1.85,1.25,2.25,0.6000000000000001,0.3999999999999999,1.8,1.0,2.0,0.8,0.19999999999999996,1.2,1.0,2.0,0.19999999999999996,0.8,2.6,2.0,4.0,0.6000000000000001,1.4,0.2,0.0,1.0,0.2,0.8,4.0,4.0,4.0,0.0,0.0,0.0,0.0,0.0,0.0,0.0,4.0,4.0,4.0,0.0,0.0
20,4,5,11,0.2,0.2,0.3,dense,True,20,20,20,4,5,15,4,Atomic phrase aggregation,validity_full_harmful_sequence_per_prompt,radius_derived,5,"0,10,20,30,40",0.0,0.0,0.0,0.0,0.0,1.0,1.0,1.0,0.0,0.0,1.85,1.25,2.25,0.6000000000000001,0.3999999999999999,1.8,1.0,2.0,0.8,0.19999999999999996,1.2,1.0,2.0,0.19999999999999996,0.8,2.6,2.0,4.0,0.6000000000000001,1.4,0.0,0.0,0.0,0.0,0.0,4.0,4.0,4.0,0.0,0.0,0.0,0.0,0.0,0.0,0.0,4.0,4.0,4.0,0.0,0.0
20,4,5,11,0.2,0.2,0.3,dense,True,20,20,20,4,5,15,5,Atomic phrase aggregation,validity_full_harmful_sequence_per_prompt,radius_derived,5,"0,10,20,30,40",0.0,0.0,0.0,0.0,0.0,1.0,1.0,1.0,0.0,0.0,1.85,1.25,2.25,0.6000000000000001,0.3999999999999999,1.8,1.0,2.0,0.8,0.19999999999999996,1.2,1.0,2.0,0.19999999999999996,0.8,2.6,2.0,4.0,0.6000000000000001,1.4,0.0,0.0,0.0,0.0,0.0,4.0,4.0,4.0,0.0,0.0,0.0,0.0,0.0,0.0,0.0,4.0,4.0,4.0,0.0,0.0
20,4,5,11,0.2,0.2,0.3,dense,True,20,20,20,4,5,15,6,Atomic phrase aggregation,validity_full_harmful_sequence_per_prompt,radius_derived,5,"0,10,20,30,40",0.0,0.0,0.0,0.0,0.0,1.0,1.0,1.0,0.0,0.0,1.85,1.25,2.25,0.6000000000000001,0.3999999999999999,1.8,1.0,2.0,0.8,0.19999999999999996,1.2,1.0,2.0,0.19999999999999996,0.8,2.6,2.0,4.0,0.6000000000000001,1.4,0.0,0.0,0.0,0.0,0.0,4.0,4.0,4.0,0.0,0.0,0.0,0.0,0.0,0.0,0.0,4.0,4.0,4.0,0.0,0.0
20,4,5,11,0.2,0.2,0.3,dense,True,20,20,20,4,5,15,7,Atomic phrase aggregation,validity_full_harmful_sequence_per_prompt,radius_derived,5,"0,10,20,30,40",0.0,0.0,0.0,0.0,0.0,1.0,1.0,1.0,0.0,0.0,1.85,1.25,2.25,0.6000000000000001,0.3999999999999999,1.8,1.0,2.0,0.8,0.19999999999999996,1.2,1.0,2.0,0.19999999999999996,0.8,2.6,2.0,4.0,0.6000000000000001,1.4,0.0,0.0,0.0,0.0,0.0,4.0,4.0,4.0,0.0,0.0,0.0,0.0,0.0,0.0,0.0,4.0,4.0,4.0,0.0,0.0
20,4,5,11,0.2,0.2,0.3,dense,True,20,20,20,4,5,15,8,Atomic phrase aggregation,validity_full_harmful_sequence_per_prompt,radius_derived,5,"0,10,20,30,40",0.0,0.0,0.0,0.0,0.0,1.0,1.0,1.0,0.0,0.0,1.85,1.25,2.25,0.6000000000000001,0.3999999999999999,1.8,1.0,2.0,0.8,0.19999999999999996,1.2,1.0,2.0,0.19999999999999996,0.8,2.6,2.0,4.0,0.6000000000000001,1.4,0.0,0.0,0.0,0.0,0.0,4.0,4.0,4.0,0.0,0.0,0.0,0.0,0.0,0.0,0.0,4.0,4.0,4.0,0.0,0.0
20,4,5,11,0.2,0.2,0.3,dense,True,20,20,20,4,5,15,9,Atomic phrase aggregation,validity_full_harmful_sequence_per_prompt,radius_derived,5,"0,10,20,30,40",0.0,0.0,0.0,0.0,0.0,1.0,1.0,1.0,0.0,0.0,1.85,1.25,2.25,0.6000000000000001,0.3999999999999999,1.8,1.0,2.0,0.8,0.19999999999999996,1.2,1.0,2.0,0.19999999999999996,0.8,2.6,2.0,4.0,0.6000000000000001,1.4,0.0,0.0,0.0,0.0,0.0,4.0,4.0,4.0,0.0,0.0,0.0,0.0,0.0,0.0,0.0,4.0,4.0,4.0,0.0,0.0
20,4,5,11,0.2,0.2,0.3,dense,True,20,20,20,4,5,15,10,Atomic phrase aggregation,validity_full_harmful_sequence_per_prompt,radius_derived,5,"0,10,20,30,40",0.0,0.0,0.0,0.0,0.0,1.0,1.0,1.0,0.0,0.0,1.85,1.25,2.25,0.6000000000000001,0.3999999999999999,1.8,1.0,2.0,0.8,0.19999999999999996,1.2,1.0,2.0,0.19999999999999996,0.8,2.6,2.0,4.0,0.6000000000000001,1.4,0.0,0.0,0.0,0.0,0.0,4.0,4.0,4.0,0.0,0.0,0.0,0.0,0.0,0.0,0.0,4.0,4.0,4.0,0.0,0.0
20,4,5,11,0.2,0.2,0.3,dense,True,20,20,20,4,5,15,11,Atomic phrase aggregation,validity_full_harmful_sequence_per_prompt,radius_derived,5,"0,10,20,30,40",0.0,0.0,0.0,0.0,0.0,1.0,1.0,1.0,0.0,0.0,1.85,1.25,2.25,0.6000000000000001,0.3999999999999999,1.8,1.0,2.0,0.8,0.19999999999999996,1.2,1.0,2.0,0.19999999999999996,0.8,2.6,2.0,4.0,0.6000000000000001,1.4,0.0,0.0,0.0,0.0,0.0,4.0,4.0,4.0,0.0,0.0,0.0,0.0,0.0,0.0,0.0,4.0,4.0,4.0,0.0,0.0
20,4,5,11,0.2,0.2,0.3,dense,True,20,20,20,4,5,15,12,Atomic phrase aggregation,validity_full_harmful_sequence_per_prompt,radius_derived,5,"0,10,20,30,40",0.0,0.0,0.0,0.0,0.0,1.0,1.0,1.0,0.0,0.0,1.85,1.25,2.25,0.6000000000000001,0.3999999999999999,1.8,1.0,2.0,0.8,0.19999999999999996,1.2,1.0,2.0,0.19999999999999996,0.8,2.6,2.0,4.0,0.6000000000000001,1.4,0.0,0.0,0.0,0.0,0.0,4.0,4.0,4.0,0.0,0.0,0.0,0.0,0.0,0.0,0.0,4.0,4.0,4.0,0.0,0.0
20,4,5,11,0.2,0.2,0.3,dense,True,20,20,20,4,5,15,13,Atomic phrase aggregation,validity_full_harmful_sequence_per_prompt,radius_derived,5,"0,10,20,30,40",0.0,0.0,0.0,0.0,0.0,1.0,1.0,1.0,0.0,0.0,1.85,1.25,2.25,0.6000000000000001,0.3999999999999999,1.8,1.0,2.0,0.8,0.19999999999999996,1.2,1.0,2.0,0.19999999999999996,0.8,2.6,2.0,4.0,0.6000000000000001,1.4,0.0,0.0,0.0,0.0,0.0,4.0,4.0,4.0,0.0,0.0,0.0,0.0,0.0,0.0,0.0,4.0,4.0,4.0,0.0,0.0
20,4,5,11,0.2,0.2,0.3,dense,True,20,20,20,4,5,15,14,Atomic phrase aggregation,validity_full_harmful_sequence_per_prompt,radius_derived,5,"0,10,20,30,40",0.0,0.0,0.0,0.0,0.0,1.0,1.0,1.0,0.0,0.0,1.85,1.25,2.25,0.6000000000000001,0.3999999999999999,1.8,1.0,2.0,0.8,0.19999999999999996,1.2,1.0,2.0,0.19999999999999996,0.8,2.6,2.0,4.0,0.6000000000000001,1.4,0.0,0.0,0.0,0.0,0.0,4.0,4.0,4.0,0.0,0.0,0.0,0.0,0.0,0.0,0.0,4.0,4.0,4.0,0.0,0.0
20,4,5,11,0.2,0.2,0.3,dense,True,20,20,20,4,5,15,15,Atomic phrase aggregation,validity_full_harmful_sequence_per_prompt,radius_derived,5,"0,10,20,30,40",0.0,0.0,0.0,0.0,0.0,1.0,1.0,1.0,0.0,0.0,1.85,1.25,2.25,0.6000000000000001,0.3999999999999999,1.8,1.0,2.0,0.8,0.19999999999999996,1.2,1.0,2.0,0.19999999999999996,0.8,2.6,2.0,4.0,0.6000000000000001,1.4,0.0,0.0,0.0,0.0,0.0,4.0,4.0,4.0,0.0,0.0,0.0,0.0,0.0,0.0,0.0,4.0,4.0,4.0,0.0,0.0
20,4,5,11,0.2,0.2,0.3,dense,True,20,20,20,4,5,15,16,Atomic phrase aggregation,validity_full_harmful_sequence_per_prompt,radius_derived,5,"0,10,20,30,40",0.0,0.0,0.0,0.0,0.0,1.0,1.0,1.0,0.0,0.0,1.85,1.25,2.25,0.6000000000000001,0.3999999999999999,1.8,1.0,2.0,0.8,0.19999999999999996,1.2,1.0,2.0,0.19999999999999996,0.8,2.6,2.0,4.0,0.6000000000000001,1.4,0.0,0.0,0.0,0.0,0.0,4.0,4.0,4.0,0.0,0.0,0.0,0.0,0.0,0.0,0.0,4.0,4.0,4.0,0.0,0.0
20,4,5,11,0.2,0.2,0.3,dense,True,20,20,20,4,5,15,17,Atomic phrase aggregation,validity_full_harmful_sequence_per_prompt,radius_derived,5,"0,10,20,30,40",0.0,0.0,0.0,0.0,0.0,1.0,1.0,1.0,0.0,0.0,1.85,1.25,2.25,0.6000000000000001,0.3999999999999999,1.8,1.0,2.0,0.8,0.19999999999999996,1.2,1.0,2.0,0.19999999999999996,0.8,2.6,2.0,4.0,0.6000000000000001,1.4,0.0,0.0,0.0,0.0,0.0,4.0,4.0,4.0,0.0,0.0,0.0,0.0,0.0,0.0,0.0,4.0,4.0,4.0,0.0,0.0
20,4,5,11,0.2,0.2,0.3,dense,True,20,20,20,4,5,15,18,Atomic phrase aggregation,validity_full_harmful_sequence_per_prompt,radius_derived,5,"0,10,20,30,40",0.0,0.0,0.0,0.0,0.0,1.0,1.0,1.0,0.0,0.0,1.85,1.25,2.25,0.6000000000000001,0.3999999999999999,1.8,1.0,2.0,0.8,0.19999999999999996,1.2,1.0,2.0,0.19999999999999996,0.8,2.6,2.0,4.0,0.6000000000000001,1.4,0.0,0.0,0.0,0.0,0.0,4.0,4.0,4.0,0.0,0.0,0.0,0.0,0.0,0.0,0.0,4.0,4.0,4.0,0.0,0.0
20,4,5,11,0.2,0.2,0.3,dense,True,20,20,20,4,5,15,19,Atomic phrase aggregation,validity_full_harmful_sequence_per_prompt,radius_derived,5,"0,10,20,30,40",0.0,0.0,0.0,0.0,0.0,1.0,1.0,1.0,0.0,0.0,1.85,1.25,2.25,0.6000000000000001,0.3999999999999999,1.8,1.0,2.0,0.8,0.19999999999999996,1.2,1.0,2.0,0.19999999999999996,0.8,2.6,2.0,4.0,0.6000000000000001,1.4,0.0,0.0,0.0,0.0,0.0,4.0,4.0,4.0,0.0,0.0,0.0,0.0,0.0,0.0,0.0,4.0,4.0,4.0,0.0,0.0
20,4,5,11,0.2,0.2,0.3,dense,True,20,20,20,4,5,15,20,Atomic phrase aggregation,validity_full_harmful_sequence_per_prompt,radius_derived,5,"0,10,20,30,40",0.0,0.0,0.0,0.0,0.0,1.0,1.0,1.0,0.0,0.0,1.85,1.25,2.25,0.6000000000000001,0.3999999999999999,1.8,1.0,2.0,0.8,0.19999999999999996,1.2,1.0,2.0,0.19999999999999996,0.8,2.6,2.0,4.0,0.6000000000000001,1.4,0.0,0.0,0.0,0.0,0.0,4.0,4.0,4.0,0.0,0.0,0.0,0.0,0.0,0.0,0.0,4.0,4.0,4.0,0.0,0.0
20,4,5,11,0.2,0.2,0.3,dense,True,20,20,20,4,5,15,0,Independent shard-aware composition diagnostic,validity_full_harmful_sequence_per_prompt,radius_derived,5,"0,10,20,30,40",1.0,1.0,1.0,0.0,0.0,0.0,0.0,0.0,0.0,0.0,13.8,11.0,20.5,2.8000000000000007,6.699999999999999,13.7,11.0,19.5,2.6999999999999993,5.800000000000001,9.8,3.0,17.0,6.800000000000001,7.199999999999999,18.0,13.0,26.0,5.0,8.0,4.0,4.0,4.0,0.0,0.0,4.0,4.0,4.0,0.0,0.0,0.0,0.0,0.0,0.0,0.0,4.0,4.0,4.0,0.0,0.0
20,4,5,11,0.2,0.2,0.3,dense,True,20,20,20,4,5,15,1,Independent shard-aware composition diagnostic,validity_full_harmful_sequence_per_prompt,radius_derived,5,"0,10,20,30,40",1.0,1.0,1.0,0.0,0.0,0.0,0.0,0.0,0.0,0.0,13.8,11.0,20.5,2.8000000000000007,6.699999999999999,13.7,11.0,19.5,2.6999999999999993,5.800000000000001,9.8,3.0,17.0,6.800000000000001,7.199999999999999,18.0,13.0,26.0,5.0,8.0,4.0,4.0,4.0,0.0,0.0,4.0,4.0,4.0,0.0,0.0,0.0,0.0,0.0,0.0,0.0,4.0,4.0,4.0,0.0,0.0
20,4,5,11,0.2,0.2,0.3,dense,True,20,20,20,4,5,15,2,Independent shard-aware composition diagnostic,validity_full_harmful_sequence_per_prompt,radius_derived,5,"0,10,20,30,40",1.0,1.0,1.0,0.0,0.0,0.0,0.0,0.0,0.0,0.0,13.8,11.0,20.5,2.8000000000000007,6.699999999999999,13.7,11.0,19.5,2.6999999999999993,5.800000000000001,9.8,3.0,17.0,6.800000000000001,7.199999999999999,18.0,13.0,26.0,5.0,8.0,4.0,4.0,4.0,0.0,0.0,4.0,4.0,4.0,0.0,0.0,0.0,0.0,0.0,0.0,0.0,4.0,4.0,4.0,0.0,0.0
20,4,5,11,0.2,0.2,0.3,dense,True,20,20,20,4,5,15,3,Independent shard-aware composition diagnostic,validity_full_harmful_sequence_per_prompt,radius_derived,5,"0,10,20,30,40",0.95,0.75,1.0,0.19999999999999996,0.050000000000000044,0.05,0.0,0.25,0.05,0.2,13.8,11.0,20.5,2.8000000000000007,6.699999999999999,13.7,11.0,19.5,2.6999999999999993,5.800000000000001,9.8,3.0,17.0,6.800000000000001,7.199999999999999,18.0,13.0,26.0,5.0,8.0,3.8,3.0,4.0,0.7999999999999998,0.20000000000000018,4.0,4.0,4.0,0.0,0.0,0.0,0.0,0.0,0.0,0.0,4.0,4.0,4.0,0.0,0.0
20,4,5,11,0.2,0.2,0.3,dense,True,20,20,20,4,5,15,4,Independent shard-aware composition diagnostic,validity_full_harmful_sequence_per_prompt,radius_derived,5,"0,10,20,30,40",0.95,0.75,1.0,0.19999999999999996,0.050000000000000044,0.05,0.0,0.25,0.05,0.2,13.8,11.0,20.5,2.8000000000000007,6.699999999999999,13.7,11.0,19.5,2.6999999999999993,5.800000000000001,9.8,3.0,17.0,6.800000000000001,7.199999999999999,18.0,13.0,26.0,5.0,8.0,3.8,3.0,4.0,0.7999999999999998,0.20000000000000018,4.0,4.0,4.0,0.0,0.0,0.0,0.0,0.0,0.0,0.0,4.0,4.0,4.0,0.0,0.0
20,4,5,11,0.2,0.2,0.3,dense,True,20,20,20,4,5,15,5,Independent shard-aware composition diagnostic,validity_full_harmful_sequence_per_prompt,radius_derived,5,"0,10,20,30,40",0.95,0.75,1.0,0.19999999999999996,0.050000000000000044,0.05,0.0,0.25,0.05,0.2,13.8,11.0,20.5,2.8000000000000007,6.699999999999999,13.7,11.0,19.5,2.6999999999999993,5.800000000000001,9.8,3.0,17.0,6.800000000000001,7.199999999999999,18.0,13.0,26.0,5.0,8.0,3.8,3.0,4.0,0.7999999999999998,0.20000000000000018,4.0,4.0,4.0,0.0,0.0,0.0,0.0,0.0,0.0,0.0,4.0,4.0,4.0,0.0,0.0
20,4,5,11,0.2,0.2,0.3,dense,True,20,20,20,4,5,15,6,Independent shard-aware composition diagnostic,validity_full_harmful_sequence_per_prompt,radius_derived,5,"0,10,20,30,40",0.95,0.75,1.0,0.19999999999999996,0.050000000000000044,0.05,0.0,0.25,0.05,0.2,13.8,11.0,20.5,2.8000000000000007,6.699999999999999,13.7,11.0,19.5,2.6999999999999993,5.800000000000001,9.8,3.0,17.0,6.800000000000001,7.199999999999999,18.0,13.0,26.0,5.0,8.0,3.8,3.0,4.0,0.7999999999999998,0.20000000000000018,4.0,4.0,4.0,0.0,0.0,0.0,0.0,0.0,0.0,0.0,4.0,4.0,4.0,0.0,0.0
20,4,5,11,0.2,0.2,0.3,dense,True,20,20,20,4,5,15,7,Independent shard-aware composition diagnostic,validity_full_harmful_sequence_per_prompt,radius_derived,5,"0,10,20,30,40",0.95,0.75,1.0,0.19999999999999996,0.050000000000000044,0.05,0.0,0.25,0.05,0.2,13.8,11.0,20.5,2.8000000000000007,6.699999999999999,13.7,11.0,19.5,2.6999999999999993,5.800000000000001,9.8,3.0,17.0,6.800000000000001,7.199999999999999,18.0,13.0,26.0,5.0,8.0,3.8,3.0,4.0,0.7999999999999998,0.20000000000000018,4.0,4.0,4.0,0.0,0.0,0.0,0.0,0.0,0.0,0.0,4.0,4.0,4.0,0.0,0.0
20,4,5,11,0.2,0.2,0.3,dense,True,20,20,20,4,5,15,8,Independent shard-aware composition diagnostic,validity_full_harmful_sequence_per_prompt,radius_derived,5,"0,10,20,30,40",0.9,0.75,1.0,0.15000000000000002,0.09999999999999998,0.1,0.0,0.25,0.1,0.15,13.8,11.0,20.5,2.8000000000000007,6.699999999999999,13.7,11.0,19.5,2.6999999999999993,5.800000000000001,9.8,3.0,17.0,6.800000000000001,7.199999999999999,18.0,13.0,26.0,5.0,8.0,3.6,3.0,4.0,0.6000000000000001,0.3999999999999999,4.0,4.0,4.0,0.0,0.0,0.0,0.0,0.0,0.0,0.0,4.0,4.0,4.0,0.0,0.0
20,4,5,11,0.2,0.2,0.3,dense,True,20,20,20,4,5,15,9,Independent shard-aware composition diagnostic,validity_full_harmful_sequence_per_prompt,radius_derived,5,"0,10,20,30,40",0.9,0.75,1.0,0.15000000000000002,0.09999999999999998,0.1,0.0,0.25,0.1,0.15,13.8,11.0,20.5,2.8000000000000007,6.699999999999999,13.7,11.0,19.5,2.6999999999999993,5.800000000000001,9.8,3.0,17.0,6.800000000000001,7.199999999999999,18.0,13.0,26.0,5.0,8.0,3.6,3.0,4.0,0.6000000000000001,0.3999999999999999,4.0,4.0,4.0,0.0,0.0,0.0,0.0,0.0,0.0,0.0,4.0,4.0,4.0,0.0,0.0
20,4,5,11,0.2,0.2,0.3,dense,True,20,20,20,4,5,15,10,Independent shard-aware composition diagnostic,validity_full_harmful_sequence_per_prompt,radius_derived,5,"0,10,20,30,40",0.8,0.5,1.0,0.30000000000000004,0.19999999999999996,0.2,0.0,0.5,0.2,0.3,13.8,11.0,20.5,2.8000000000000007,6.699999999999999,13.7,11.0,19.5,2.6999999999999993,5.800000000000001,9.8,3.0,17.0,6.800000000000001,7.199999999999999,18.0,13.0,26.0,5.0,8.0,3.2,2.0,4.0,1.2000000000000002,0.7999999999999998,4.0,4.0,4.0,0.0,0.0,0.0,0.0,0.0,0.0,0.0,4.0,4.0,4.0,0.0,0.0
20,4,5,11,0.2,0.2,0.3,dense,True,20,20,20,4,5,15,11,Independent shard-aware composition diagnostic,validity_full_harmful_sequence_per_prompt,radius_derived,5,"0,10,20,30,40",0.65,0.25,1.0,0.4,0.35,0.35,0.0,0.75,0.35,0.4,13.8,11.0,20.5,2.8000000000000007,6.699999999999999,13.7,11.0,19.5,2.6999999999999993,5.800000000000001,9.8,3.0,17.0,6.800000000000001,7.199999999999999,18.0,13.0,26.0,5.0,8.0,2.6,1.0,4.0,1.6,1.4,4.0,4.0,4.0,0.0,0.0,0.0,0.0,0.0,0.0,0.0,4.0,4.0,4.0,0.0,0.0
20,4,5,11,0.2,0.2,0.3,dense,True,20,20,20,4,5,15,12,Independent shard-aware composition diagnostic,validity_full_harmful_sequence_per_prompt,radius_derived,5,"0,10,20,30,40",0.55,0.25,1.0,0.30000000000000004,0.44999999999999996,0.45,0.0,0.75,0.45,0.3,13.8,11.0,20.5,2.8000000000000007,6.699999999999999,13.7,11.0,19.5,2.6999999999999993,5.800000000000001,9.8,3.0,17.0,6.800000000000001,7.199999999999999,18.0,13.0,26.0,5.0,8.0,2.2,1.0,4.0,1.2000000000000002,1.7999999999999998,4.0,4.0,4.0,0.0,0.0,0.0,0.0,0.0,0.0,0.0,4.0,4.0,4.0,0.0,0.0
20,4,5,11,0.2,0.2,0.3,dense,True,20,20,20,4,5,15,13,Independent shard-aware composition diagnostic,validity_full_harmful_sequence_per_prompt,radius_derived,5,"0,10,20,30,40",0.45,0.0,1.0,0.45,0.55,0.55,0.0,1.0,0.55,0.44999999999999996,13.8,11.0,20.5,2.8000000000000007,6.699999999999999,13.7,11.0,19.5,2.6999999999999993,5.800000000000001,9.8,3.0,17.0,6.800000000000001,7.199999999999999,18.0,13.0,26.0,5.0,8.0,1.8,0.0,4.0,1.8,2.2,4.0,4.0,4.0,0.0,0.0,0.0,0.0,0.0,0.0,0.0,4.0,4.0,4.0,0.0,0.0
20,4,5,11,0.2,0.2,0.3,dense,True,20,20,20,4,5,15,14,Independent shard-aware composition diagnostic,validity_full_harmful_sequence_per_prompt,radius_derived,5,"0,10,20,30,40",0.4,0.0,1.0,0.4,0.6,0.6,0.0,1.0,0.6,0.4,13.8,11.0,20.5,2.8000000000000007,6.699999999999999,13.7,11.0,19.5,2.6999999999999993,5.800000000000001,9.8,3.0,17.0,6.800000000000001,7.199999999999999,18.0,13.0,26.0,5.0,8.0,1.6,0.0,4.0,1.6,2.4,4.0,4.0,4.0,0.0,0.0,0.0,0.0,0.0,0.0,0.0,4.0,4.0,4.0,0.0,0.0
20,4,5,11,0.2,0.2,0.3,dense,True,20,20,20,4,5,15,15,Independent shard-aware composition diagnostic,validity_full_harmful_sequence_per_prompt,radius_derived,5,"0,10,20,30,40",0.3,0.0,1.0,0.3,0.7,0.7,0.0,1.0,0.7,0.30000000000000004,13.8,11.0,20.5,2.8000000000000007,6.699999999999999,13.7,11.0,19.5,2.6999999999999993,5.800000000000001,9.8,3.0,17.0,6.800000000000001,7.199999999999999,18.0,13.0,26.0,5.0,8.0,1.2,0.0,4.0,1.2,2.8,4.0,4.0,4.0,0.0,0.0,0.0,0.0,0.0,0.0,0.0,4.0,4.0,4.0,0.0,0.0
20,4,5,11,0.2,0.2,0.3,dense,True,20,20,20,4,5,15,16,Independent shard-aware composition diagnostic,validity_full_harmful_sequence_per_prompt,radius_derived,5,"0,10,20,30,40",0.25,0.0,1.0,0.25,0.75,0.75,0.0,1.0,0.75,0.25,13.8,11.0,20.5,2.8000000000000007,6.699999999999999,13.7,11.0,19.5,2.6999999999999993,5.800000000000001,9.8,3.0,17.0,6.800000000000001,7.199999999999999,18.0,13.0,26.0,5.0,8.0,1.0,0.0,4.0,1.0,3.0,4.0,4.0,4.0,0.0,0.0,0.0,0.0,0.0,0.0,0.0,4.0,4.0,4.0,0.0,0.0
20,4,5,11,0.2,0.2,0.3,dense,True,20,20,20,4,5,15,17,Independent shard-aware composition diagnostic,validity_full_harmful_sequence_per_prompt,radius_derived,5,"0,10,20,30,40",0.2,0.0,0.75,0.2,0.55,0.8,0.25,1.0,0.55,0.19999999999999996,13.8,11.0,20.5,2.8000000000000007,6.699999999999999,13.7,11.0,19.5,2.6999999999999993,5.800000000000001,9.8,3.0,17.0,6.800000000000001,7.199999999999999,18.0,13.0,26.0,5.0,8.0,0.8,0.0,3.0,0.8,2.2,4.0,4.0,4.0,0.0,0.0,0.0,0.0,0.0,0.0,0.0,4.0,4.0,4.0,0.0,0.0
20,4,5,11,0.2,0.2,0.3,dense,True,20,20,20,4,5,15,18,Independent shard-aware composition diagnostic,validity_full_harmful_sequence_per_prompt,radius_derived,5,"0,10,20,30,40",0.15,0.0,0.5,0.15,0.35,0.85,0.5,1.0,0.35,0.15000000000000002,13.8,11.0,20.5,2.8000000000000007,6.699999999999999,13.7,11.0,19.5,2.6999999999999993,5.800000000000001,9.8,3.0,17.0,6.800000000000001,7.199999999999999,18.0,13.0,26.0,5.0,8.0,0.6,0.0,2.0,0.6,1.4,4.0,4.0,4.0,0.0,0.0,0.0,0.0,0.0,0.0,0.0,4.0,4.0,4.0,0.0,0.0
20,4,5,11,0.2,0.2,0.3,dense,True,20,20,20,4,5,15,19,Independent shard-aware composition diagnostic,validity_full_harmful_sequence_per_prompt,radius_derived,5,"0,10,20,30,40",0.15,0.0,0.5,0.15,0.35,0.85,0.5,1.0,0.35,0.15000000000000002,13.8,11.0,20.5,2.8000000000000007,6.699999999999999,13.7,11.0,19.5,2.6999999999999993,5.800000000000001,9.8,3.0,17.0,6.800000000000001,7.199999999999999,18.0,13.0,26.0,5.0,8.0,0.6,0.0,2.0,0.6,1.4,4.0,4.0,4.0,0.0,0.0,0.0,0.0,0.0,0.0,0.0,4.0,4.0,4.0,0.0,0.0
20,4,5,11,0.2,0.2,0.3,dense,True,20,20,20,4,5,15,20,Independent shard-aware composition diagnostic,validity_full_harmful_sequence_per_prompt,radius_derived,5,"0,10,20,30,40",0.1,0.0,0.5,0.1,0.4,0.9,0.5,1.0,0.4,0.09999999999999998,13.8,11.0,20.5,2.8000000000000007,6.699999999999999,13.7,11.0,19.5,2.6999999999999993,5.800000000000001,9.8,3.0,17.0,6.800000000000001,7.199999999999999,18.0,13.0,26.0,5.0,8.0,0.4,0.0,2.0,0.4,1.6,4.0,4.0,4.0,0.0,0.0,0.0,0.0,0.0,0.0,0.0,4.0,4.0,4.0,0.0,0.0
20,4,5,13,0.2,0.2,0.3,dense,True,20,20,20,4,5,15,0,DPA token margin,full_response_stable_against_any_token_change,radius_derived,5,"0,10,20,30,40",1.0,1.0,1.0,0.0,0.0,0.0,0.0,0.0,0.0,0.0,6.25,5.75,6.75,0.5,0.5,6.6,6.0,7.0,0.5999999999999996,0.40000000000000036,5.0,3.0,6.0,2.0,1.0,6.8,6.0,7.0,0.7999999999999998,0.20000000000000018,4.0,4.0,4.0,0.0,0.0,4.0,4.0,4.0,0.0,0.0,0.0,0.0,0.0,0.0,0.0,4.0,4.0,4.0,0.0,0.0
20,4,5,13,0.2,0.2,0.3,dense,True,20,20,20,4,5,15,1,DPA token margin,full_response_stable_against_any_token_change,radius_derived,5,"0,10,20,30,40",1.0,1.0,1.0,0.0,0.0,0.0,0.0,0.0,0.0,0.0,6.25,5.75,6.75,0.5,0.5,6.6,6.0,7.0,0.5999999999999996,0.40000000000000036,5.0,3.0,6.0,2.0,1.0,6.8,6.0,7.0,0.7999999999999998,0.20000000000000018,4.0,4.0,4.0,0.0,0.0,4.0,4.0,4.0,0.0,0.0,0.0,0.0,0.0,0.0,0.0,4.0,4.0,4.0,0.0,0.0
20,4,5,13,0.2,0.2,0.3,dense,True,20,20,20,4,5,15,2,DPA token margin,full_response_stable_against_any_token_change,radius_derived,5,"0,10,20,30,40",1.0,1.0,1.0,0.0,0.0,0.0,0.0,0.0,0.0,0.0,6.25,5.75,6.75,0.5,0.5,6.6,6.0,7.0,0.5999999999999996,0.40000000000000036,5.0,3.0,6.0,2.0,1.0,6.8,6.0,7.0,0.7999999999999998,0.20000000000000018,4.0,4.0,4.0,0.0,0.0,4.0,4.0,4.0,0.0,0.0,0.0,0.0,0.0,0.0,0.0,4.0,4.0,4.0,0.0,0.0
20,4,5,13,0.2,0.2,0.3,dense,True,20,20,20,4,5,15,3,DPA token margin,full_response_stable_against_any_token_change,radius_derived,5,"0,10,20,30,40",0.95,0.75,1.0,0.19999999999999996,0.050000000000000044,0.05,0.0,0.25,0.05,0.2,6.25,5.75,6.75,0.5,0.5,6.6,6.0,7.0,0.5999999999999996,0.40000000000000036,5.0,3.0,6.0,2.0,1.0,6.8,6.0,7.0,0.7999999999999998,0.20000000000000018,3.8,3.0,4.0,0.7999999999999998,0.20000000000000018,4.0,4.0,4.0,0.0,0.0,0.0,0.0,0.0,0.0,0.0,4.0,4.0,4.0,0.0,0.0
20,4,5,13,0.2,0.2,0.3,dense,True,20,20,20,4,5,15,4,DPA token margin,full_response_stable_against_any_token_change,radius_derived,5,"0,10,20,30,40",0.95,0.75,1.0,0.19999999999999996,0.050000000000000044,0.05,0.0,0.25,0.05,0.2,6.25,5.75,6.75,0.5,0.5,6.6,6.0,7.0,0.5999999999999996,0.40000000000000036,5.0,3.0,6.0,2.0,1.0,6.8,6.0,7.0,0.7999999999999998,0.20000000000000018,3.8,3.0,4.0,0.7999999999999998,0.20000000000000018,4.0,4.0,4.0,0.0,0.0,0.0,0.0,0.0,0.0,0.0,4.0,4.0,4.0,0.0,0.0
20,4,5,13,0.2,0.2,0.3,dense,True,20,20,20,4,5,15,5,DPA token margin,full_response_stable_against_any_token_change,radius_derived,5,"0,10,20,30,40",0.85,0.75,1.0,0.09999999999999998,0.15000000000000002,0.15,0.0,0.25,0.15,0.1,6.25,5.75,6.75,0.5,0.5,6.6,6.0,7.0,0.5999999999999996,0.40000000000000036,5.0,3.0,6.0,2.0,1.0,6.8,6.0,7.0,0.7999999999999998,0.20000000000000018,3.4,3.0,4.0,0.3999999999999999,0.6000000000000001,4.0,4.0,4.0,0.0,0.0,0.0,0.0,0.0,0.0,0.0,4.0,4.0,4.0,0.0,0.0
20,4,5,13,0.2,0.2,0.3,dense,True,20,20,20,4,5,15,6,DPA token margin,full_response_stable_against_any_token_change,radius_derived,5,"0,10,20,30,40",0.5,0.0,0.75,0.5,0.25,0.5,0.25,1.0,0.25,0.5,6.25,5.75,6.75,0.5,0.5,6.6,6.0,7.0,0.5999999999999996,0.40000000000000036,5.0,3.0,6.0,2.0,1.0,6.8,6.0,7.0,0.7999999999999998,0.20000000000000018,2.0,0.0,3.0,2.0,1.0,4.0,4.0,4.0,0.0,0.0,0.0,0.0,0.0,0.0,0.0,4.0,4.0,4.0,0.0,0.0
20,4,5,13,0.2,0.2,0.3,dense,True,20,20,20,4,5,15,7,DPA token margin,full_response_stable_against_any_token_change,radius_derived,5,"0,10,20,30,40",0.0,0.0,0.0,0.0,0.0,1.0,1.0,1.0,0.0,0.0,6.25,5.75,6.75,0.5,0.5,6.6,6.0,7.0,0.5999999999999996,0.40000000000000036,5.0,3.0,6.0,2.0,1.0,6.8,6.0,7.0,0.7999999999999998,0.20000000000000018,0.0,0.0,0.0,0.0,0.0,4.0,4.0,4.0,0.0,0.0,0.0,0.0,0.0,0.0,0.0,4.0,4.0,4.0,0.0,0.0
20,4,5,13,0.2,0.2,0.3,dense,True,20,20,20,4,5,15,8,DPA token margin,full_response_stable_against_any_token_change,radius_derived,5,"0,10,20,30,40",0.0,0.0,0.0,0.0,0.0,1.0,1.0,1.0,0.0,0.0,6.25,5.75,6.75,0.5,0.5,6.6,6.0,7.0,0.5999999999999996,0.40000000000000036,5.0,3.0,6.0,2.0,1.0,6.8,6.0,7.0,0.7999999999999998,0.20000000000000018,0.0,0.0,0.0,0.0,0.0,4.0,4.0,4.0,0.0,0.0,0.0,0.0,0.0,0.0,0.0,4.0,4.0,4.0,0.0,0.0
20,4,5,13,0.2,0.2,0.3,dense,True,20,20,20,4,5,15,9,DPA token margin,full_response_stable_against_any_token_change,radius_derived,5,"0,10,20,30,40",0.0,0.0,0.0,0.0,0.0,1.0,1.0,1.0,0.0,0.0,6.25,5.75,6.75,0.5,0.5,6.6,6.0,7.0,0.5999999999999996,0.40000000000000036,5.0,3.0,6.0,2.0,1.0,6.8,6.0,7.0,0.7999999999999998,0.20000000000000018,0.0,0.0,0.0,0.0,0.0,4.0,4.0,4.0,0.0,0.0,0.0,0.0,0.0,0.0,0.0,4.0,4.0,4.0,0.0,0.0
20,4,5,13,0.2,0.2,0.3,dense,True,20,20,20,4,5,15,10,DPA token margin,full_response_stable_against_any_token_change,radius_derived,5,"0,10,20,30,40",0.0,0.0,0.0,0.0,0.0,1.0,1.0,1.0,0.0,0.0,6.25,5.75,6.75,0.5,0.5,6.6,6.0,7.0,0.5999999999999996,0.40000000000000036,5.0,3.0,6.0,2.0,1.0,6.8,6.0,7.0,0.7999999999999998,0.20000000000000018,0.0,0.0,0.0,0.0,0.0,4.0,4.0,4.0,0.0,0.0,0.0,0.0,0.0,0.0,0.0,4.0,4.0,4.0,0.0,0.0
20,4,5,13,0.2,0.2,0.3,dense,True,20,20,20,4,5,15,11,DPA token margin,full_response_stable_against_any_token_change,radius_derived,5,"0,10,20,30,40",0.0,0.0,0.0,0.0,0.0,1.0,1.0,1.0,0.0,0.0,6.25,5.75,6.75,0.5,0.5,6.6,6.0,7.0,0.5999999999999996,0.40000000000000036,5.0,3.0,6.0,2.0,1.0,6.8,6.0,7.0,0.7999999999999998,0.20000000000000018,0.0,0.0,0.0,0.0,0.0,4.0,4.0,4.0,0.0,0.0,0.0,0.0,0.0,0.0,0.0,4.0,4.0,4.0,0.0,0.0
20,4,5,13,0.2,0.2,0.3,dense,True,20,20,20,4,5,15,12,DPA token margin,full_response_stable_against_any_token_change,radius_derived,5,"0,10,20,30,40",0.0,0.0,0.0,0.0,0.0,1.0,1.0,1.0,0.0,0.0,6.25,5.75,6.75,0.5,0.5,6.6,6.0,7.0,0.5999999999999996,0.40000000000000036,5.0,3.0,6.0,2.0,1.0,6.8,6.0,7.0,0.7999999999999998,0.20000000000000018,0.0,0.0,0.0,0.0,0.0,4.0,4.0,4.0,0.0,0.0,0.0,0.0,0.0,0.0,0.0,4.0,4.0,4.0,0.0,0.0
20,4,5,13,0.2,0.2,0.3,dense,True,20,20,20,4,5,15,13,DPA token margin,full_response_stable_against_any_token_change,radius_derived,5,"0,10,20,30,40",0.0,0.0,0.0,0.0,0.0,1.0,1.0,1.0,0.0,0.0,6.25,5.75,6.75,0.5,0.5,6.6,6.0,7.0,0.5999999999999996,0.40000000000000036,5.0,3.0,6.0,2.0,1.0,6.8,6.0,7.0,0.7999999999999998,0.20000000000000018,0.0,0.0,0.0,0.0,0.0,4.0,4.0,4.0,0.0,0.0,0.0,0.0,0.0,0.0,0.0,4.0,4.0,4.0,0.0,0.0
20,4,5,13,0.2,0.2,0.3,dense,True,20,20,20,4,5,15,14,DPA token margin,full_response_stable_against_any_token_change,radius_derived,5,"0,10,20,30,40",0.0,0.0,0.0,0.0,0.0,1.0,1.0,1.0,0.0,0.0,6.25,5.75,6.75,0.5,0.5,6.6,6.0,7.0,0.5999999999999996,0.40000000000000036,5.0,3.0,6.0,2.0,1.0,6.8,6.0,7.0,0.7999999999999998,0.20000000000000018,0.0,0.0,0.0,0.0,0.0,4.0,4.0,4.0,0.0,0.0,0.0,0.0,0.0,0.0,0.0,4.0,4.0,4.0,0.0,0.0
20,4,5,13,0.2,0.2,0.3,dense,True,20,20,20,4,5,15,15,DPA token margin,full_response_stable_against_any_token_change,radius_derived,5,"0,10,20,30,40",0.0,0.0,0.0,0.0,0.0,1.0,1.0,1.0,0.0,0.0,6.25,5.75,6.75,0.5,0.5,6.6,6.0,7.0,0.5999999999999996,0.40000000000000036,5.0,3.0,6.0,2.0,1.0,6.8,6.0,7.0,0.7999999999999998,0.20000000000000018,0.0,0.0,0.0,0.0,0.0,4.0,4.0,4.0,0.0,0.0,0.0,0.0,0.0,0.0,0.0,4.0,4.0,4.0,0.0,0.0
20,4,5,13,0.2,0.2,0.3,dense,True,20,20,20,4,5,15,16,DPA token margin,full_response_stable_against_any_token_change,radius_derived,5,"0,10,20,30,40",0.0,0.0,0.0,0.0,0.0,1.0,1.0,1.0,0.0,0.0,6.25,5.75,6.75,0.5,0.5,6.6,6.0,7.0,0.5999999999999996,0.40000000000000036,5.0,3.0,6.0,2.0,1.0,6.8,6.0,7.0,0.7999999999999998,0.20000000000000018,0.0,0.0,0.0,0.0,0.0,4.0,4.0,4.0,0.0,0.0,0.0,0.0,0.0,0.0,0.0,4.0,4.0,4.0,0.0,0.0
20,4,5,13,0.2,0.2,0.3,dense,True,20,20,20,4,5,15,17,DPA token margin,full_response_stable_against_any_token_change,radius_derived,5,"0,10,20,30,40",0.0,0.0,0.0,0.0,0.0,1.0,1.0,1.0,0.0,0.0,6.25,5.75,6.75,0.5,0.5,6.6,6.0,7.0,0.5999999999999996,0.40000000000000036,5.0,3.0,6.0,2.0,1.0,6.8,6.0,7.0,0.7999999999999998,0.20000000000000018,0.0,0.0,0.0,0.0,0.0,4.0,4.0,4.0,0.0,0.0,0.0,0.0,0.0,0.0,0.0,4.0,4.0,4.0,0.0,0.0
20,4,5,13,0.2,0.2,0.3,dense,True,20,20,20,4,5,15,18,DPA token margin,full_response_stable_against_any_token_change,radius_derived,5,"0,10,20,30,40",0.0,0.0,0.0,0.0,0.0,1.0,1.0,1.0,0.0,0.0,6.25,5.75,6.75,0.5,0.5,6.6,6.0,7.0,0.5999999999999996,0.40000000000000036,5.0,3.0,6.0,2.0,1.0,6.8,6.0,7.0,0.7999999999999998,0.20000000000000018,0.0,0.0,0.0,0.0,0.0,4.0,4.0,4.0,0.0,0.0,0.0,0.0,0.0,0.0,0.0,4.0,4.0,4.0,0.0,0.0
20,4,5,13,0.2,0.2,0.3,dense,True,20,20,20,4,5,15,19,DPA token margin,full_response_stable_against_any_token_change,radius_derived,5,"0,10,20,30,40",0.0,0.0,0.0,0.0,0.0,1.0,1.0,1.0,0.0,0.0,6.25,5.75,6.75,0.5,0.5,6.6,6.0,7.0,0.5999999999999996,0.40000000000000036,5.0,3.0,6.0,2.0,1.0,6.8,6.0,7.0,0.7999999999999998,0.20000000000000018,0.0,0.0,0.0,0.0,0.0,4.0,4.0,4.0,0.0,0.0,0.0,0.0,0.0,0.0,0.0,4.0,4.0,4.0,0.0,0.0
20,4,5,13,0.2,0.2,0.3,dense,True,20,20,20,4,5,15,20,DPA token margin,full_response_stable_against_any_token_change,radius_derived,5,"0,10,20,30,40",0.0,0.0,0.0,0.0,0.0,1.0,1.0,1.0,0.0,0.0,6.25,5.75,6.75,0.5,0.5,6.6,6.0,7.0,0.5999999999999996,0.40000000000000036,5.0,3.0,6.0,2.0,1.0,6.8,6.0,7.0,0.7999999999999998,0.20000000000000018,0.0,0.0,0.0,0.0,0.0,4.0,4.0,4.0,0.0,0.0,0.0,0.0,0.0,0.0,0.0,4.0,4.0,4.0,0.0,0.0
20,4,5,13,0.2,0.2,0.3,dense,True,20,20,20,4,5,15,0,Shared MILP,stability_one_token_per_prompt,radius_derived,5,"0,10,20,30,40",1.0,1.0,1.0,0.0,0.0,0.0,0.0,0.0,0.0,0.0,6.25,5.75,6.75,0.5,0.5,6.6,6.0,7.0,0.5999999999999996,0.40000000000000036,5.0,3.0,6.0,2.0,1.0,6.8,6.0,7.0,0.7999999999999998,0.20000000000000018,4.0,4.0,4.0,0.0,0.0,4.0,4.0,4.0,0.0,0.0,0.0,0.0,0.0,0.0,0.0,4.0,4.0,4.0,0.0,0.0
20,4,5,13,0.2,0.2,0.3,dense,True,20,20,20,4,5,15,1,Shared MILP,stability_one_token_per_prompt,radius_derived,5,"0,10,20,30,40",1.0,1.0,1.0,0.0,0.0,0.0,0.0,0.0,0.0,0.0,6.25,5.75,6.75,0.5,0.5,6.6,6.0,7.0,0.5999999999999996,0.40000000000000036,5.0,3.0,6.0,2.0,1.0,6.8,6.0,7.0,0.7999999999999998,0.20000000000000018,4.0,4.0,4.0,0.0,0.0,4.0,4.0,4.0,0.0,0.0,0.0,0.0,0.0,0.0,0.0,4.0,4.0,4.0,0.0,0.0
20,4,5,13,0.2,0.2,0.3,dense,True,20,20,20,4,5,15,2,Shared MILP,stability_one_token_per_prompt,radius_derived,5,"0,10,20,30,40",1.0,1.0,1.0,0.0,0.0,0.0,0.0,0.0,0.0,0.0,6.25,5.75,6.75,0.5,0.5,6.6,6.0,7.0,0.5999999999999996,0.40000000000000036,5.0,3.0,6.0,2.0,1.0,6.8,6.0,7.0,0.7999999999999998,0.20000000000000018,4.0,4.0,4.0,0.0,0.0,4.0,4.0,4.0,0.0,0.0,0.0,0.0,0.0,0.0,0.0,4.0,4.0,4.0,0.0,0.0
20,4,5,13,0.2,0.2,0.3,dense,True,20,20,20,4,5,15,3,Shared MILP,stability_one_token_per_prompt,radius_derived,5,"0,10,20,30,40",0.95,0.75,1.0,0.19999999999999996,0.050000000000000044,0.05,0.0,0.25,0.05,0.2,6.25,5.75,6.75,0.5,0.5,6.6,6.0,7.0,0.5999999999999996,0.40000000000000036,5.0,3.0,6.0,2.0,1.0,6.8,6.0,7.0,0.7999999999999998,0.20000000000000018,3.8,3.0,4.0,0.7999999999999998,0.20000000000000018,4.0,4.0,4.0,0.0,0.0,0.0,0.0,0.0,0.0,0.0,4.0,4.0,4.0,0.0,0.0
20,4,5,13,0.2,0.2,0.3,dense,True,20,20,20,4,5,15,4,Shared MILP,stability_one_token_per_prompt,radius_derived,5,"0,10,20,30,40",0.95,0.75,1.0,0.19999999999999996,0.050000000000000044,0.05,0.0,0.25,0.05,0.2,6.25,5.75,6.75,0.5,0.5,6.6,6.0,7.0,0.5999999999999996,0.40000000000000036,5.0,3.0,6.0,2.0,1.0,6.8,6.0,7.0,0.7999999999999998,0.20000000000000018,3.8,3.0,4.0,0.7999999999999998,0.20000000000000018,4.0,4.0,4.0,0.0,0.0,0.0,0.0,0.0,0.0,0.0,4.0,4.0,4.0,0.0,0.0
20,4,5,13,0.2,0.2,0.3,dense,True,20,20,20,4,5,15,5,Shared MILP,stability_one_token_per_prompt,radius_derived,5,"0,10,20,30,40",0.85,0.75,1.0,0.09999999999999998,0.15000000000000002,0.15,0.0,0.25,0.15,0.1,6.25,5.75,6.75,0.5,0.5,6.6,6.0,7.0,0.5999999999999996,0.40000000000000036,5.0,3.0,6.0,2.0,1.0,6.8,6.0,7.0,0.7999999999999998,0.20000000000000018,3.4,3.0,4.0,0.3999999999999999,0.6000000000000001,4.0,4.0,4.0,0.0,0.0,0.0,0.0,0.0,0.0,0.0,4.0,4.0,4.0,0.0,0.0
20,4,5,13,0.2,0.2,0.3,dense,True,20,20,20,4,5,15,6,Shared MILP,stability_one_token_per_prompt,radius_derived,5,"0,10,20,30,40",0.5,0.0,0.75,0.5,0.25,0.5,0.25,1.0,0.25,0.5,6.25,5.75,6.75,0.5,0.5,6.6,6.0,7.0,0.5999999999999996,0.40000000000000036,5.0,3.0,6.0,2.0,1.0,6.8,6.0,7.0,0.7999999999999998,0.20000000000000018,2.0,0.0,3.0,2.0,1.0,4.0,4.0,4.0,0.0,0.0,0.0,0.0,0.0,0.0,0.0,4.0,4.0,4.0,0.0,0.0
20,4,5,13,0.2,0.2,0.3,dense,True,20,20,20,4,5,15,7,Shared MILP,stability_one_token_per_prompt,radius_derived,5,"0,10,20,30,40",0.0,0.0,0.0,0.0,0.0,1.0,1.0,1.0,0.0,0.0,6.25,5.75,6.75,0.5,0.5,6.6,6.0,7.0,0.5999999999999996,0.40000000000000036,5.0,3.0,6.0,2.0,1.0,6.8,6.0,7.0,0.7999999999999998,0.20000000000000018,0.0,0.0,0.0,0.0,0.0,4.0,4.0,4.0,0.0,0.0,0.0,0.0,0.0,0.0,0.0,4.0,4.0,4.0,0.0,0.0
20,4,5,13,0.2,0.2,0.3,dense,True,20,20,20,4,5,15,8,Shared MILP,stability_one_token_per_prompt,radius_derived,5,"0,10,20,30,40",0.0,0.0,0.0,0.0,0.0,1.0,1.0,1.0,0.0,0.0,6.25,5.75,6.75,0.5,0.5,6.6,6.0,7.0,0.5999999999999996,0.40000000000000036,5.0,3.0,6.0,2.0,1.0,6.8,6.0,7.0,0.7999999999999998,0.20000000000000018,0.0,0.0,0.0,0.0,0.0,4.0,4.0,4.0,0.0,0.0,0.0,0.0,0.0,0.0,0.0,4.0,4.0,4.0,0.0,0.0
20,4,5,13,0.2,0.2,0.3,dense,True,20,20,20,4,5,15,9,Shared MILP,stability_one_token_per_prompt,radius_derived,5,"0,10,20,30,40",0.0,0.0,0.0,0.0,0.0,1.0,1.0,1.0,0.0,0.0,6.25,5.75,6.75,0.5,0.5,6.6,6.0,7.0,0.5999999999999996,0.40000000000000036,5.0,3.0,6.0,2.0,1.0,6.8,6.0,7.0,0.7999999999999998,0.20000000000000018,0.0,0.0,0.0,0.0,0.0,4.0,4.0,4.0,0.0,0.0,0.0,0.0,0.0,0.0,0.0,4.0,4.0,4.0,0.0,0.0
20,4,5,13,0.2,0.2,0.3,dense,True,20,20,20,4,5,15,10,Shared MILP,stability_one_token_per_prompt,radius_derived,5,"0,10,20,30,40",0.0,0.0,0.0,0.0,0.0,1.0,1.0,1.0,0.0,0.0,6.25,5.75,6.75,0.5,0.5,6.6,6.0,7.0,0.5999999999999996,0.40000000000000036,5.0,3.0,6.0,2.0,1.0,6.8,6.0,7.0,0.7999999999999998,0.20000000000000018,0.0,0.0,0.0,0.0,0.0,4.0,4.0,4.0,0.0,0.0,0.0,0.0,0.0,0.0,0.0,4.0,4.0,4.0,0.0,0.0
20,4,5,13,0.2,0.2,0.3,dense,True,20,20,20,4,5,15,11,Shared MILP,stability_one_token_per_prompt,radius_derived,5,"0,10,20,30,40",0.0,0.0,0.0,0.0,0.0,1.0,1.0,1.0,0.0,0.0,6.25,5.75,6.75,0.5,0.5,6.6,6.0,7.0,0.5999999999999996,0.40000000000000036,5.0,3.0,6.0,2.0,1.0,6.8,6.0,7.0,0.7999999999999998,0.20000000000000018,0.0,0.0,0.0,0.0,0.0,4.0,4.0,4.0,0.0,0.0,0.0,0.0,0.0,0.0,0.0,4.0,4.0,4.0,0.0,0.0
20,4,5,13,0.2,0.2,0.3,dense,True,20,20,20,4,5,15,12,Shared MILP,stability_one_token_per_prompt,radius_derived,5,"0,10,20,30,40",0.0,0.0,0.0,0.0,0.0,1.0,1.0,1.0,0.0,0.0,6.25,5.75,6.75,0.5,0.5,6.6,6.0,7.0,0.5999999999999996,0.40000000000000036,5.0,3.0,6.0,2.0,1.0,6.8,6.0,7.0,0.7999999999999998,0.20000000000000018,0.0,0.0,0.0,0.0,0.0,4.0,4.0,4.0,0.0,0.0,0.0,0.0,0.0,0.0,0.0,4.0,4.0,4.0,0.0,0.0
20,4,5,13,0.2,0.2,0.3,dense,True,20,20,20,4,5,15,13,Shared MILP,stability_one_token_per_prompt,radius_derived,5,"0,10,20,30,40",0.0,0.0,0.0,0.0,0.0,1.0,1.0,1.0,0.0,0.0,6.25,5.75,6.75,0.5,0.5,6.6,6.0,7.0,0.5999999999999996,0.40000000000000036,5.0,3.0,6.0,2.0,1.0,6.8,6.0,7.0,0.7999999999999998,0.20000000000000018,0.0,0.0,0.0,0.0,0.0,4.0,4.0,4.0,0.0,0.0,0.0,0.0,0.0,0.0,0.0,4.0,4.0,4.0,0.0,0.0
20,4,5,13,0.2,0.2,0.3,dense,True,20,20,20,4,5,15,14,Shared MILP,stability_one_token_per_prompt,radius_derived,5,"0,10,20,30,40",0.0,0.0,0.0,0.0,0.0,1.0,1.0,1.0,0.0,0.0,6.25,5.75,6.75,0.5,0.5,6.6,6.0,7.0,0.5999999999999996,0.40000000000000036,5.0,3.0,6.0,2.0,1.0,6.8,6.0,7.0,0.7999999999999998,0.20000000000000018,0.0,0.0,0.0,0.0,0.0,4.0,4.0,4.0,0.0,0.0,0.0,0.0,0.0,0.0,0.0,4.0,4.0,4.0,0.0,0.0
20,4,5,13,0.2,0.2,0.3,dense,True,20,20,20,4,5,15,15,Shared MILP,stability_one_token_per_prompt,radius_derived,5,"0,10,20,30,40",0.0,0.0,0.0,0.0,0.0,1.0,1.0,1.0,0.0,0.0,6.25,5.75,6.75,0.5,0.5,6.6,6.0,7.0,0.5999999999999996,0.40000000000000036,5.0,3.0,6.0,2.0,1.0,6.8,6.0,7.0,0.7999999999999998,0.20000000000000018,0.0,0.0,0.0,0.0,0.0,4.0,4.0,4.0,0.0,0.0,0.0,0.0,0.0,0.0,0.0,4.0,4.0,4.0,0.0,0.0
20,4,5,13,0.2,0.2,0.3,dense,True,20,20,20,4,5,15,16,Shared MILP,stability_one_token_per_prompt,radius_derived,5,"0,10,20,30,40",0.0,0.0,0.0,0.0,0.0,1.0,1.0,1.0,0.0,0.0,6.25,5.75,6.75,0.5,0.5,6.6,6.0,7.0,0.5999999999999996,0.40000000000000036,5.0,3.0,6.0,2.0,1.0,6.8,6.0,7.0,0.7999999999999998,0.20000000000000018,0.0,0.0,0.0,0.0,0.0,4.0,4.0,4.0,0.0,0.0,0.0,0.0,0.0,0.0,0.0,4.0,4.0,4.0,0.0,0.0
20,4,5,13,0.2,0.2,0.3,dense,True,20,20,20,4,5,15,17,Shared MILP,stability_one_token_per_prompt,radius_derived,5,"0,10,20,30,40",0.0,0.0,0.0,0.0,0.0,1.0,1.0,1.0,0.0,0.0,6.25,5.75,6.75,0.5,0.5,6.6,6.0,7.0,0.5999999999999996,0.40000000000000036,5.0,3.0,6.0,2.0,1.0,6.8,6.0,7.0,0.7999999999999998,0.20000000000000018,0.0,0.0,0.0,0.0,0.0,4.0,4.0,4.0,0.0,0.0,0.0,0.0,0.0,0.0,0.0,4.0,4.0,4.0,0.0,0.0
20,4,5,13,0.2,0.2,0.3,dense,True,20,20,20,4,5,15,18,Shared MILP,stability_one_token_per_prompt,radius_derived,5,"0,10,20,30,40",0.0,0.0,0.0,0.0,0.0,1.0,1.0,1.0,0.0,0.0,6.25,5.75,6.75,0.5,0.5,6.6,6.0,7.0,0.5999999999999996,0.40000000000000036,5.0,3.0,6.0,2.0,1.0,6.8,6.0,7.0,0.7999999999999998,0.20000000000000018,0.0,0.0,0.0,0.0,0.0,4.0,4.0,4.0,0.0,0.0,0.0,0.0,0.0,0.0,0.0,4.0,4.0,4.0,0.0,0.0
20,4,5,13,0.2,0.2,0.3,dense,True,20,20,20,4,5,15,19,Shared MILP,stability_one_token_per_prompt,radius_derived,5,"0,10,20,30,40",0.0,0.0,0.0,0.0,0.0,1.0,1.0,1.0,0.0,0.0,6.25,5.75,6.75,0.5,0.5,6.6,6.0,7.0,0.5999999999999996,0.40000000000000036,5.0,3.0,6.0,2.0,1.0,6.8,6.0,7.0,0.7999999999999998,0.20000000000000018,0.0,0.0,0.0,0.0,0.0,4.0,4.0,4.0,0.0,0.0,0.0,0.0,0.0,0.0,0.0,4.0,4.0,4.0,0.0,0.0
20,4,5,13,0.2,0.2,0.3,dense,True,20,20,20,4,5,15,20,Shared MILP,stability_one_token_per_prompt,radius_derived,5,"0,10,20,30,40",0.0,0.0,0.0,0.0,0.0,1.0,1.0,1.0,0.0,0.0,6.25,5.75,6.75,0.5,0.5,6.6,6.0,7.0,0.5999999999999996,0.40000000000000036,5.0,3.0,6.0,2.0,1.0,6.8,6.0,7.0,0.7999999999999998,0.20000000000000018,0.0,0.0,0.0,0.0,0.0,4.0,4.0,4.0,0.0,0.0,0.0,0.0,0.0,0.0,0.0,4.0,4.0,4.0,0.0,0.0
20,4,5,13,0.2,0.2,0.3,dense,True,20,20,20,4,5,15,0,Shared MILP,stability_full_sequence_per_prompt,radius_derived,5,"0,10,20,30,40",1.0,1.0,1.0,0.0,0.0,0.0,0.0,0.0,0.0,0.0,8.85,8.75,9.25,0.09999999999999964,0.40000000000000036,9.0,9.0,9.0,0.0,0.0,8.2,8.0,9.0,0.1999999999999993,0.8000000000000007,9.2,9.0,10.0,0.1999999999999993,0.8000000000000007,4.0,4.0,4.0,0.0,0.0,4.0,4.0,4.0,0.0,0.0,0.0,0.0,0.0,0.0,0.0,4.0,4.0,4.0,0.0,0.0
20,4,5,13,0.2,0.2,0.3,dense,True,20,20,20,4,5,15,1,Shared MILP,stability_full_sequence_per_prompt,radius_derived,5,"0,10,20,30,40",1.0,1.0,1.0,0.0,0.0,0.0,0.0,0.0,0.0,0.0,8.85,8.75,9.25,0.09999999999999964,0.40000000000000036,9.0,9.0,9.0,0.0,0.0,8.2,8.0,9.0,0.1999999999999993,0.8000000000000007,9.2,9.0,10.0,0.1999999999999993,0.8000000000000007,4.0,4.0,4.0,0.0,0.0,4.0,4.0,4.0,0.0,0.0,0.0,0.0,0.0,0.0,0.0,4.0,4.0,4.0,0.0,0.0
20,4,5,13,0.2,0.2,0.3,dense,True,20,20,20,4,5,15,2,Shared MILP,stability_full_sequence_per_prompt,radius_derived,5,"0,10,20,30,40",1.0,1.0,1.0,0.0,0.0,0.0,0.0,0.0,0.0,0.0,8.85,8.75,9.25,0.09999999999999964,0.40000000000000036,9.0,9.0,9.0,0.0,0.0,8.2,8.0,9.0,0.1999999999999993,0.8000000000000007,9.2,9.0,10.0,0.1999999999999993,0.8000000000000007,4.0,4.0,4.0,0.0,0.0,4.0,4.0,4.0,0.0,0.0,0.0,0.0,0.0,0.0,0.0,4.0,4.0,4.0,0.0,0.0
20,4,5,13,0.2,0.2,0.3,dense,True,20,20,20,4,5,15,3,Shared MILP,stability_full_sequence_per_prompt,radius_derived,5,"0,10,20,30,40",1.0,1.0,1.0,0.0,0.0,0.0,0.0,0.0,0.0,0.0,8.85,8.75,9.25,0.09999999999999964,0.40000000000000036,9.0,9.0,9.0,0.0,0.0,8.2,8.0,9.0,0.1999999999999993,0.8000000000000007,9.2,9.0,10.0,0.1999999999999993,0.8000000000000007,4.0,4.0,4.0,0.0,0.0,4.0,4.0,4.0,0.0,0.0,0.0,0.0,0.0,0.0,0.0,4.0,4.0,4.0,0.0,0.0
20,4,5,13,0.2,0.2,0.3,dense,True,20,20,20,4,5,15,4,Shared MILP,stability_full_sequence_per_prompt,radius_derived,5,"0,10,20,30,40",1.0,1.0,1.0,0.0,0.0,0.0,0.0,0.0,0.0,0.0,8.85,8.75,9.25,0.09999999999999964,0.40000000000000036,9.0,9.0,9.0,0.0,0.0,8.2,8.0,9.0,0.1999999999999993,0.8000000000000007,9.2,9.0,10.0,0.1999999999999993,0.8000000000000007,4.0,4.0,4.0,0.0,0.0,4.0,4.0,4.0,0.0,0.0,0.0,0.0,0.0,0.0,0.0,4.0,4.0,4.0,0.0,0.0
20,4,5,13,0.2,0.2,0.3,dense,True,20,20,20,4,5,15,5,Shared MILP,stability_full_sequence_per_prompt,radius_derived,5,"0,10,20,30,40",1.0,1.0,1.0,0.0,0.0,0.0,0.0,0.0,0.0,0.0,8.85,8.75,9.25,0.09999999999999964,0.40000000000000036,9.0,9.0,9.0,0.0,0.0,8.2,8.0,9.0,0.1999999999999993,0.8000000000000007,9.2,9.0,10.0,0.1999999999999993,0.8000000000000007,4.0,4.0,4.0,0.0,0.0,4.0,4.0,4.0,0.0,0.0,0.0,0.0,0.0,0.0,0.0,4.0,4.0,4.0,0.0,0.0
20,4,5,13,0.2,0.2,0.3,dense,True,20,20,20,4,5,15,6,Shared MILP,stability_full_sequence_per_prompt,radius_derived,5,"0,10,20,30,40",1.0,1.0,1.0,0.0,0.0,0.0,0.0,0.0,0.0,0.0,8.85,8.75,9.25,0.09999999999999964,0.40000000000000036,9.0,9.0,9.0,0.0,0.0,8.2,8.0,9.0,0.1999999999999993,0.8000000000000007,9.2,9.0,10.0,0.1999999999999993,0.8000000000000007,4.0,4.0,4.0,0.0,0.0,4.0,4.0,4.0,0.0,0.0,0.0,0.0,0.0,0.0,0.0,4.0,4.0,4.0,0.0,0.0
20,4,5,13,0.2,0.2,0.3,dense,True,20,20,20,4,5,15,7,Shared MILP,stability_full_sequence_per_prompt,radius_derived,5,"0,10,20,30,40",1.0,1.0,1.0,0.0,0.0,0.0,0.0,0.0,0.0,0.0,8.85,8.75,9.25,0.09999999999999964,0.40000000000000036,9.0,9.0,9.0,0.0,0.0,8.2,8.0,9.0,0.1999999999999993,0.8000000000000007,9.2,9.0,10.0,0.1999999999999993,0.8000000000000007,4.0,4.0,4.0,0.0,0.0,4.0,4.0,4.0,0.0,0.0,0.0,0.0,0.0,0.0,0.0,4.0,4.0,4.0,0.0,0.0
20,4,5,13,0.2,0.2,0.3,dense,True,20,20,20,4,5,15,8,Shared MILP,stability_full_sequence_per_prompt,radius_derived,5,"0,10,20,30,40",0.8,0.75,1.0,0.050000000000000044,0.19999999999999996,0.2,0.0,0.25,0.2,0.04999999999999999,8.85,8.75,9.25,0.09999999999999964,0.40000000000000036,9.0,9.0,9.0,0.0,0.0,8.2,8.0,9.0,0.1999999999999993,0.8000000000000007,9.2,9.0,10.0,0.1999999999999993,0.8000000000000007,3.2,3.0,4.0,0.20000000000000018,0.7999999999999998,4.0,4.0,4.0,0.0,0.0,0.0,0.0,0.0,0.0,0.0,4.0,4.0,4.0,0.0,0.0
20,4,5,13,0.2,0.2,0.3,dense,True,20,20,20,4,5,15,9,Shared MILP,stability_full_sequence_per_prompt,radius_derived,5,"0,10,20,30,40",0.05,0.0,0.25,0.05,0.2,0.95,0.75,1.0,0.19999999999999996,0.050000000000000044,8.85,8.75,9.25,0.09999999999999964,0.40000000000000036,9.0,9.0,9.0,0.0,0.0,8.2,8.0,9.0,0.1999999999999993,0.8000000000000007,9.2,9.0,10.0,0.1999999999999993,0.8000000000000007,0.2,0.0,1.0,0.2,0.8,4.0,4.0,4.0,0.0,0.0,0.0,0.0,0.0,0.0,0.0,4.0,4.0,4.0,0.0,0.0
20,4,5,13,0.2,0.2,0.3,dense,True,20,20,20,4,5,15,10,Shared MILP,stability_full_sequence_per_prompt,radius_derived,5,"0,10,20,30,40",0.0,0.0,0.0,0.0,0.0,1.0,1.0,1.0,0.0,0.0,8.85,8.75,9.25,0.09999999999999964,0.40000000000000036,9.0,9.0,9.0,0.0,0.0,8.2,8.0,9.0,0.1999999999999993,0.8000000000000007,9.2,9.0,10.0,0.1999999999999993,0.8000000000000007,0.0,0.0,0.0,0.0,0.0,4.0,4.0,4.0,0.0,0.0,0.0,0.0,0.0,0.0,0.0,4.0,4.0,4.0,0.0,0.0
20,4,5,13,0.2,0.2,0.3,dense,True,20,20,20,4,5,15,11,Shared MILP,stability_full_sequence_per_prompt,radius_derived,5,"0,10,20,30,40",0.0,0.0,0.0,0.0,0.0,1.0,1.0,1.0,0.0,0.0,8.85,8.75,9.25,0.09999999999999964,0.40000000000000036,9.0,9.0,9.0,0.0,0.0,8.2,8.0,9.0,0.1999999999999993,0.8000000000000007,9.2,9.0,10.0,0.1999999999999993,0.8000000000000007,0.0,0.0,0.0,0.0,0.0,4.0,4.0,4.0,0.0,0.0,0.0,0.0,0.0,0.0,0.0,4.0,4.0,4.0,0.0,0.0
20,4,5,13,0.2,0.2,0.3,dense,True,20,20,20,4,5,15,12,Shared MILP,stability_full_sequence_per_prompt,radius_derived,5,"0,10,20,30,40",0.0,0.0,0.0,0.0,0.0,1.0,1.0,1.0,0.0,0.0,8.85,8.75,9.25,0.09999999999999964,0.40000000000000036,9.0,9.0,9.0,0.0,0.0,8.2,8.0,9.0,0.1999999999999993,0.8000000000000007,9.2,9.0,10.0,0.1999999999999993,0.8000000000000007,0.0,0.0,0.0,0.0,0.0,4.0,4.0,4.0,0.0,0.0,0.0,0.0,0.0,0.0,0.0,4.0,4.0,4.0,0.0,0.0
20,4,5,13,0.2,0.2,0.3,dense,True,20,20,20,4,5,15,13,Shared MILP,stability_full_sequence_per_prompt,radius_derived,5,"0,10,20,30,40",0.0,0.0,0.0,0.0,0.0,1.0,1.0,1.0,0.0,0.0,8.85,8.75,9.25,0.09999999999999964,0.40000000000000036,9.0,9.0,9.0,0.0,0.0,8.2,8.0,9.0,0.1999999999999993,0.8000000000000007,9.2,9.0,10.0,0.1999999999999993,0.8000000000000007,0.0,0.0,0.0,0.0,0.0,4.0,4.0,4.0,0.0,0.0,0.0,0.0,0.0,0.0,0.0,4.0,4.0,4.0,0.0,0.0
20,4,5,13,0.2,0.2,0.3,dense,True,20,20,20,4,5,15,14,Shared MILP,stability_full_sequence_per_prompt,radius_derived,5,"0,10,20,30,40",0.0,0.0,0.0,0.0,0.0,1.0,1.0,1.0,0.0,0.0,8.85,8.75,9.25,0.09999999999999964,0.40000000000000036,9.0,9.0,9.0,0.0,0.0,8.2,8.0,9.0,0.1999999999999993,0.8000000000000007,9.2,9.0,10.0,0.1999999999999993,0.8000000000000007,0.0,0.0,0.0,0.0,0.0,4.0,4.0,4.0,0.0,0.0,0.0,0.0,0.0,0.0,0.0,4.0,4.0,4.0,0.0,0.0
20,4,5,13,0.2,0.2,0.3,dense,True,20,20,20,4,5,15,15,Shared MILP,stability_full_sequence_per_prompt,radius_derived,5,"0,10,20,30,40",0.0,0.0,0.0,0.0,0.0,1.0,1.0,1.0,0.0,0.0,8.85,8.75,9.25,0.09999999999999964,0.40000000000000036,9.0,9.0,9.0,0.0,0.0,8.2,8.0,9.0,0.1999999999999993,0.8000000000000007,9.2,9.0,10.0,0.1999999999999993,0.8000000000000007,0.0,0.0,0.0,0.0,0.0,4.0,4.0,4.0,0.0,0.0,0.0,0.0,0.0,0.0,0.0,4.0,4.0,4.0,0.0,0.0
20,4,5,13,0.2,0.2,0.3,dense,True,20,20,20,4,5,15,16,Shared MILP,stability_full_sequence_per_prompt,radius_derived,5,"0,10,20,30,40",0.0,0.0,0.0,0.0,0.0,1.0,1.0,1.0,0.0,0.0,8.85,8.75,9.25,0.09999999999999964,0.40000000000000036,9.0,9.0,9.0,0.0,0.0,8.2,8.0,9.0,0.1999999999999993,0.8000000000000007,9.2,9.0,10.0,0.1999999999999993,0.8000000000000007,0.0,0.0,0.0,0.0,0.0,4.0,4.0,4.0,0.0,0.0,0.0,0.0,0.0,0.0,0.0,4.0,4.0,4.0,0.0,0.0
20,4,5,13,0.2,0.2,0.3,dense,True,20,20,20,4,5,15,17,Shared MILP,stability_full_sequence_per_prompt,radius_derived,5,"0,10,20,30,40",0.0,0.0,0.0,0.0,0.0,1.0,1.0,1.0,0.0,0.0,8.85,8.75,9.25,0.09999999999999964,0.40000000000000036,9.0,9.0,9.0,0.0,0.0,8.2,8.0,9.0,0.1999999999999993,0.8000000000000007,9.2,9.0,10.0,0.1999999999999993,0.8000000000000007,0.0,0.0,0.0,0.0,0.0,4.0,4.0,4.0,0.0,0.0,0.0,0.0,0.0,0.0,0.0,4.0,4.0,4.0,0.0,0.0
20,4,5,13,0.2,0.2,0.3,dense,True,20,20,20,4,5,15,18,Shared MILP,stability_full_sequence_per_prompt,radius_derived,5,"0,10,20,30,40",0.0,0.0,0.0,0.0,0.0,1.0,1.0,1.0,0.0,0.0,8.85,8.75,9.25,0.09999999999999964,0.40000000000000036,9.0,9.0,9.0,0.0,0.0,8.2,8.0,9.0,0.1999999999999993,0.8000000000000007,9.2,9.0,10.0,0.1999999999999993,0.8000000000000007,0.0,0.0,0.0,0.0,0.0,4.0,4.0,4.0,0.0,0.0,0.0,0.0,0.0,0.0,0.0,4.0,4.0,4.0,0.0,0.0
20,4,5,13,0.2,0.2,0.3,dense,True,20,20,20,4,5,15,19,Shared MILP,stability_full_sequence_per_prompt,radius_derived,5,"0,10,20,30,40",0.0,0.0,0.0,0.0,0.0,1.0,1.0,1.0,0.0,0.0,8.85,8.75,9.25,0.09999999999999964,0.40000000000000036,9.0,9.0,9.0,0.0,0.0,8.2,8.0,9.0,0.1999999999999993,0.8000000000000007,9.2,9.0,10.0,0.1999999999999993,0.8000000000000007,0.0,0.0,0.0,0.0,0.0,4.0,4.0,4.0,0.0,0.0,0.0,0.0,0.0,0.0,0.0,4.0,4.0,4.0,0.0,0.0
20,4,5,13,0.2,0.2,0.3,dense,True,20,20,20,4,5,15,20,Shared MILP,stability_full_sequence_per_prompt,radius_derived,5,"0,10,20,30,40",0.0,0.0,0.0,0.0,0.0,1.0,1.0,1.0,0.0,0.0,8.85,8.75,9.25,0.09999999999999964,0.40000000000000036,9.0,9.0,9.0,0.0,0.0,8.2,8.0,9.0,0.1999999999999993,0.8000000000000007,9.2,9.0,10.0,0.1999999999999993,0.8000000000000007,0.0,0.0,0.0,0.0,0.0,4.0,4.0,4.0,0.0,0.0,0.0,0.0,0.0,0.0,0.0,4.0,4.0,4.0,0.0,0.0
20,4,5,13,0.2,0.2,0.3,dense,True,20,20,20,4,5,15,0,Plain DPA max token,validity_full_harmful_sequence_per_prompt,radius_derived,5,"0,10,20,30,40",1.0,1.0,1.0,0.0,0.0,0.0,0.0,0.0,0.0,0.0,5.0,4.0,7.25,1.0,2.25,4.9,4.0,7.0,0.9000000000000004,2.0999999999999996,4.4,3.0,7.0,1.4000000000000004,2.5999999999999996,5.8,4.0,8.0,1.7999999999999998,2.2,4.0,4.0,4.0,0.0,0.0,4.0,4.0,4.0,0.0,0.0,0.0,0.0,0.0,0.0,0.0,4.0,4.0,4.0,0.0,0.0
20,4,5,13,0.2,0.2,0.3,dense,True,20,20,20,4,5,15,1,Plain DPA max token,validity_full_harmful_sequence_per_prompt,radius_derived,5,"0,10,20,30,40",1.0,1.0,1.0,0.0,0.0,0.0,0.0,0.0,0.0,0.0,5.0,4.0,7.25,1.0,2.25,4.9,4.0,7.0,0.9000000000000004,2.0999999999999996,4.4,3.0,7.0,1.4000000000000004,2.5999999999999996,5.8,4.0,8.0,1.7999999999999998,2.2,4.0,4.0,4.0,0.0,0.0,4.0,4.0,4.0,0.0,0.0,0.0,0.0,0.0,0.0,0.0,4.0,4.0,4.0,0.0,0.0
20,4,5,13,0.2,0.2,0.3,dense,True,20,20,20,4,5,15,2,Plain DPA max token,validity_full_harmful_sequence_per_prompt,radius_derived,5,"0,10,20,30,40",1.0,1.0,1.0,0.0,0.0,0.0,0.0,0.0,0.0,0.0,5.0,4.0,7.25,1.0,2.25,4.9,4.0,7.0,0.9000000000000004,2.0999999999999996,4.4,3.0,7.0,1.4000000000000004,2.5999999999999996,5.8,4.0,8.0,1.7999999999999998,2.2,4.0,4.0,4.0,0.0,0.0,4.0,4.0,4.0,0.0,0.0,0.0,0.0,0.0,0.0,0.0,4.0,4.0,4.0,0.0,0.0
20,4,5,13,0.2,0.2,0.3,dense,True,20,20,20,4,5,15,3,Plain DPA max token,validity_full_harmful_sequence_per_prompt,radius_derived,5,"0,10,20,30,40",0.95,0.75,1.0,0.19999999999999996,0.050000000000000044,0.05,0.0,0.25,0.05,0.2,5.0,4.0,7.25,1.0,2.25,4.9,4.0,7.0,0.9000000000000004,2.0999999999999996,4.4,3.0,7.0,1.4000000000000004,2.5999999999999996,5.8,4.0,8.0,1.7999999999999998,2.2,3.8,3.0,4.0,0.7999999999999998,0.20000000000000018,4.0,4.0,4.0,0.0,0.0,0.0,0.0,0.0,0.0,0.0,4.0,4.0,4.0,0.0,0.0
20,4,5,13,0.2,0.2,0.3,dense,True,20,20,20,4,5,15,4,Plain DPA max token,validity_full_harmful_sequence_per_prompt,radius_derived,5,"0,10,20,30,40",0.5,0.0,1.0,0.5,0.5,0.5,0.0,1.0,0.5,0.5,5.0,4.0,7.25,1.0,2.25,4.9,4.0,7.0,0.9000000000000004,2.0999999999999996,4.4,3.0,7.0,1.4000000000000004,2.5999999999999996,5.8,4.0,8.0,1.7999999999999998,2.2,2.0,0.0,4.0,2.0,2.0,4.0,4.0,4.0,0.0,0.0,0.0,0.0,0.0,0.0,0.0,4.0,4.0,4.0,0.0,0.0
20,4,5,13,0.2,0.2,0.3,dense,True,20,20,20,4,5,15,5,Plain DPA max token,validity_full_harmful_sequence_per_prompt,radius_derived,5,"0,10,20,30,40",0.25,0.0,1.0,0.25,0.75,0.75,0.0,1.0,0.75,0.25,5.0,4.0,7.25,1.0,2.25,4.9,4.0,7.0,0.9000000000000004,2.0999999999999996,4.4,3.0,7.0,1.4000000000000004,2.5999999999999996,5.8,4.0,8.0,1.7999999999999998,2.2,1.0,0.0,4.0,1.0,3.0,4.0,4.0,4.0,0.0,0.0,0.0,0.0,0.0,0.0,0.0,4.0,4.0,4.0,0.0,0.0
20,4,5,13,0.2,0.2,0.3,dense,True,20,20,20,4,5,15,6,Plain DPA max token,validity_full_harmful_sequence_per_prompt,radius_derived,5,"0,10,20,30,40",0.25,0.0,1.0,0.25,0.75,0.75,0.0,1.0,0.75,0.25,5.0,4.0,7.25,1.0,2.25,4.9,4.0,7.0,0.9000000000000004,2.0999999999999996,4.4,3.0,7.0,1.4000000000000004,2.5999999999999996,5.8,4.0,8.0,1.7999999999999998,2.2,1.0,0.0,4.0,1.0,3.0,4.0,4.0,4.0,0.0,0.0,0.0,0.0,0.0,0.0,0.0,4.0,4.0,4.0,0.0,0.0
20,4,5,13,0.2,0.2,0.3,dense,True,20,20,20,4,5,15,7,Plain DPA max token,validity_full_harmful_sequence_per_prompt,radius_derived,5,"0,10,20,30,40",0.05,0.0,0.25,0.05,0.2,0.95,0.75,1.0,0.19999999999999996,0.050000000000000044,5.0,4.0,7.25,1.0,2.25,4.9,4.0,7.0,0.9000000000000004,2.0999999999999996,4.4,3.0,7.0,1.4000000000000004,2.5999999999999996,5.8,4.0,8.0,1.7999999999999998,2.2,0.2,0.0,1.0,0.2,0.8,4.0,4.0,4.0,0.0,0.0,0.0,0.0,0.0,0.0,0.0,4.0,4.0,4.0,0.0,0.0
20,4,5,13,0.2,0.2,0.3,dense,True,20,20,20,4,5,15,8,Plain DPA max token,validity_full_harmful_sequence_per_prompt,radius_derived,5,"0,10,20,30,40",0.0,0.0,0.0,0.0,0.0,1.0,1.0,1.0,0.0,0.0,5.0,4.0,7.25,1.0,2.25,4.9,4.0,7.0,0.9000000000000004,2.0999999999999996,4.4,3.0,7.0,1.4000000000000004,2.5999999999999996,5.8,4.0,8.0,1.7999999999999998,2.2,0.0,0.0,0.0,0.0,0.0,4.0,4.0,4.0,0.0,0.0,0.0,0.0,0.0,0.0,0.0,4.0,4.0,4.0,0.0,0.0
20,4,5,13,0.2,0.2,0.3,dense,True,20,20,20,4,5,15,9,Plain DPA max token,validity_full_harmful_sequence_per_prompt,radius_derived,5,"0,10,20,30,40",0.0,0.0,0.0,0.0,0.0,1.0,1.0,1.0,0.0,0.0,5.0,4.0,7.25,1.0,2.25,4.9,4.0,7.0,0.9000000000000004,2.0999999999999996,4.4,3.0,7.0,1.4000000000000004,2.5999999999999996,5.8,4.0,8.0,1.7999999999999998,2.2,0.0,0.0,0.0,0.0,0.0,4.0,4.0,4.0,0.0,0.0,0.0,0.0,0.0,0.0,0.0,4.0,4.0,4.0,0.0,0.0
20,4,5,13,0.2,0.2,0.3,dense,True,20,20,20,4,5,15,10,Plain DPA max token,validity_full_harmful_sequence_per_prompt,radius_derived,5,"0,10,20,30,40",0.0,0.0,0.0,0.0,0.0,1.0,1.0,1.0,0.0,0.0,5.0,4.0,7.25,1.0,2.25,4.9,4.0,7.0,0.9000000000000004,2.0999999999999996,4.4,3.0,7.0,1.4000000000000004,2.5999999999999996,5.8,4.0,8.0,1.7999999999999998,2.2,0.0,0.0,0.0,0.0,0.0,4.0,4.0,4.0,0.0,0.0,0.0,0.0,0.0,0.0,0.0,4.0,4.0,4.0,0.0,0.0
20,4,5,13,0.2,0.2,0.3,dense,True,20,20,20,4,5,15,11,Plain DPA max token,validity_full_harmful_sequence_per_prompt,radius_derived,5,"0,10,20,30,40",0.0,0.0,0.0,0.0,0.0,1.0,1.0,1.0,0.0,0.0,5.0,4.0,7.25,1.0,2.25,4.9,4.0,7.0,0.9000000000000004,2.0999999999999996,4.4,3.0,7.0,1.4000000000000004,2.5999999999999996,5.8,4.0,8.0,1.7999999999999998,2.2,0.0,0.0,0.0,0.0,0.0,4.0,4.0,4.0,0.0,0.0,0.0,0.0,0.0,0.0,0.0,4.0,4.0,4.0,0.0,0.0
20,4,5,13,0.2,0.2,0.3,dense,True,20,20,20,4,5,15,12,Plain DPA max token,validity_full_harmful_sequence_per_prompt,radius_derived,5,"0,10,20,30,40",0.0,0.0,0.0,0.0,0.0,1.0,1.0,1.0,0.0,0.0,5.0,4.0,7.25,1.0,2.25,4.9,4.0,7.0,0.9000000000000004,2.0999999999999996,4.4,3.0,7.0,1.4000000000000004,2.5999999999999996,5.8,4.0,8.0,1.7999999999999998,2.2,0.0,0.0,0.0,0.0,0.0,4.0,4.0,4.0,0.0,0.0,0.0,0.0,0.0,0.0,0.0,4.0,4.0,4.0,0.0,0.0
20,4,5,13,0.2,0.2,0.3,dense,True,20,20,20,4,5,15,13,Plain DPA max token,validity_full_harmful_sequence_per_prompt,radius_derived,5,"0,10,20,30,40",0.0,0.0,0.0,0.0,0.0,1.0,1.0,1.0,0.0,0.0,5.0,4.0,7.25,1.0,2.25,4.9,4.0,7.0,0.9000000000000004,2.0999999999999996,4.4,3.0,7.0,1.4000000000000004,2.5999999999999996,5.8,4.0,8.0,1.7999999999999998,2.2,0.0,0.0,0.0,0.0,0.0,4.0,4.0,4.0,0.0,0.0,0.0,0.0,0.0,0.0,0.0,4.0,4.0,4.0,0.0,0.0
20,4,5,13,0.2,0.2,0.3,dense,True,20,20,20,4,5,15,14,Plain DPA max token,validity_full_harmful_sequence_per_prompt,radius_derived,5,"0,10,20,30,40",0.0,0.0,0.0,0.0,0.0,1.0,1.0,1.0,0.0,0.0,5.0,4.0,7.25,1.0,2.25,4.9,4.0,7.0,0.9000000000000004,2.0999999999999996,4.4,3.0,7.0,1.4000000000000004,2.5999999999999996,5.8,4.0,8.0,1.7999999999999998,2.2,0.0,0.0,0.0,0.0,0.0,4.0,4.0,4.0,0.0,0.0,0.0,0.0,0.0,0.0,0.0,4.0,4.0,4.0,0.0,0.0
20,4,5,13,0.2,0.2,0.3,dense,True,20,20,20,4,5,15,15,Plain DPA max token,validity_full_harmful_sequence_per_prompt,radius_derived,5,"0,10,20,30,40",0.0,0.0,0.0,0.0,0.0,1.0,1.0,1.0,0.0,0.0,5.0,4.0,7.25,1.0,2.25,4.9,4.0,7.0,0.9000000000000004,2.0999999999999996,4.4,3.0,7.0,1.4000000000000004,2.5999999999999996,5.8,4.0,8.0,1.7999999999999998,2.2,0.0,0.0,0.0,0.0,0.0,4.0,4.0,4.0,0.0,0.0,0.0,0.0,0.0,0.0,0.0,4.0,4.0,4.0,0.0,0.0
20,4,5,13,0.2,0.2,0.3,dense,True,20,20,20,4,5,15,16,Plain DPA max token,validity_full_harmful_sequence_per_prompt,radius_derived,5,"0,10,20,30,40",0.0,0.0,0.0,0.0,0.0,1.0,1.0,1.0,0.0,0.0,5.0,4.0,7.25,1.0,2.25,4.9,4.0,7.0,0.9000000000000004,2.0999999999999996,4.4,3.0,7.0,1.4000000000000004,2.5999999999999996,5.8,4.0,8.0,1.7999999999999998,2.2,0.0,0.0,0.0,0.0,0.0,4.0,4.0,4.0,0.0,0.0,0.0,0.0,0.0,0.0,0.0,4.0,4.0,4.0,0.0,0.0
20,4,5,13,0.2,0.2,0.3,dense,True,20,20,20,4,5,15,17,Plain DPA max token,validity_full_harmful_sequence_per_prompt,radius_derived,5,"0,10,20,30,40",0.0,0.0,0.0,0.0,0.0,1.0,1.0,1.0,0.0,0.0,5.0,4.0,7.25,1.0,2.25,4.9,4.0,7.0,0.9000000000000004,2.0999999999999996,4.4,3.0,7.0,1.4000000000000004,2.5999999999999996,5.8,4.0,8.0,1.7999999999999998,2.2,0.0,0.0,0.0,0.0,0.0,4.0,4.0,4.0,0.0,0.0,0.0,0.0,0.0,0.0,0.0,4.0,4.0,4.0,0.0,0.0
20,4,5,13,0.2,0.2,0.3,dense,True,20,20,20,4,5,15,18,Plain DPA max token,validity_full_harmful_sequence_per_prompt,radius_derived,5,"0,10,20,30,40",0.0,0.0,0.0,0.0,0.0,1.0,1.0,1.0,0.0,0.0,5.0,4.0,7.25,1.0,2.25,4.9,4.0,7.0,0.9000000000000004,2.0999999999999996,4.4,3.0,7.0,1.4000000000000004,2.5999999999999996,5.8,4.0,8.0,1.7999999999999998,2.2,0.0,0.0,0.0,0.0,0.0,4.0,4.0,4.0,0.0,0.0,0.0,0.0,0.0,0.0,0.0,4.0,4.0,4.0,0.0,0.0
20,4,5,13,0.2,0.2,0.3,dense,True,20,20,20,4,5,15,19,Plain DPA max token,validity_full_harmful_sequence_per_prompt,radius_derived,5,"0,10,20,30,40",0.0,0.0,0.0,0.0,0.0,1.0,1.0,1.0,0.0,0.0,5.0,4.0,7.25,1.0,2.25,4.9,4.0,7.0,0.9000000000000004,2.0999999999999996,4.4,3.0,7.0,1.4000000000000004,2.5999999999999996,5.8,4.0,8.0,1.7999999999999998,2.2,0.0,0.0,0.0,0.0,0.0,4.0,4.0,4.0,0.0,0.0,0.0,0.0,0.0,0.0,0.0,4.0,4.0,4.0,0.0,0.0
20,4,5,13,0.2,0.2,0.3,dense,True,20,20,20,4,5,15,20,Plain DPA max token,validity_full_harmful_sequence_per_prompt,radius_derived,5,"0,10,20,30,40",0.0,0.0,0.0,0.0,0.0,1.0,1.0,1.0,0.0,0.0,5.0,4.0,7.25,1.0,2.25,4.9,4.0,7.0,0.9000000000000004,2.0999999999999996,4.4,3.0,7.0,1.4000000000000004,2.5999999999999996,5.8,4.0,8.0,1.7999999999999998,2.2,0.0,0.0,0.0,0.0,0.0,4.0,4.0,4.0,0.0,0.0,0.0,0.0,0.0,0.0,0.0,4.0,4.0,4.0,0.0,0.0
20,4,5,13,0.2,0.2,0.3,dense,True,20,20,20,4,5,15,0,Shard-aware weakest-token diagnostic,weakest_harmful_token_not_full_sequence_validity,radius_derived,5,"0,10,20,30,40",0.35,0.0,0.75,0.35,0.4,0.65,0.25,1.0,0.4,0.35,0.35,0.0,0.75,0.35,0.4,0.3,0.0,1.0,0.3,0.7,0.0,0.0,0.0,0.0,0.0,0.8,0.0,1.0,0.8,0.19999999999999996,1.4,0.0,3.0,1.4,1.6,4.0,4.0,4.0,0.0,0.0,0.0,0.0,0.0,0.0,0.0,4.0,4.0,4.0,0.0,0.0
20,4,5,13,0.2,0.2,0.3,dense,True,20,20,20,4,5,15,1,Shard-aware weakest-token diagnostic,weakest_harmful_token_not_full_sequence_validity,radius_derived,5,"0,10,20,30,40",0.0,0.0,0.0,0.0,0.0,1.0,1.0,1.0,0.0,0.0,0.35,0.0,0.75,0.35,0.4,0.3,0.0,1.0,0.3,0.7,0.0,0.0,0.0,0.0,0.0,0.8,0.0,1.0,0.8,0.19999999999999996,0.0,0.0,0.0,0.0,0.0,4.0,4.0,4.0,0.0,0.0,0.0,0.0,0.0,0.0,0.0,4.0,4.0,4.0,0.0,0.0
20,4,5,13,0.2,0.2,0.3,dense,True,20,20,20,4,5,15,2,Shard-aware weakest-token diagnostic,weakest_harmful_token_not_full_sequence_validity,radius_derived,5,"0,10,20,30,40",0.0,0.0,0.0,0.0,0.0,1.0,1.0,1.0,0.0,0.0,0.35,0.0,0.75,0.35,0.4,0.3,0.0,1.0,0.3,0.7,0.0,0.0,0.0,0.0,0.0,0.8,0.0,1.0,0.8,0.19999999999999996,0.0,0.0,0.0,0.0,0.0,4.0,4.0,4.0,0.0,0.0,0.0,0.0,0.0,0.0,0.0,4.0,4.0,4.0,0.0,0.0
20,4,5,13,0.2,0.2,0.3,dense,True,20,20,20,4,5,15,3,Shard-aware weakest-token diagnostic,weakest_harmful_token_not_full_sequence_validity,radius_derived,5,"0,10,20,30,40",0.0,0.0,0.0,0.0,0.0,1.0,1.0,1.0,0.0,0.0,0.35,0.0,0.75,0.35,0.4,0.3,0.0,1.0,0.3,0.7,0.0,0.0,0.0,0.0,0.0,0.8,0.0,1.0,0.8,0.19999999999999996,0.0,0.0,0.0,0.0,0.0,4.0,4.0,4.0,0.0,0.0,0.0,0.0,0.0,0.0,0.0,4.0,4.0,4.0,0.0,0.0
20,4,5,13,0.2,0.2,0.3,dense,True,20,20,20,4,5,15,4,Shard-aware weakest-token diagnostic,weakest_harmful_token_not_full_sequence_validity,radius_derived,5,"0,10,20,30,40",0.0,0.0,0.0,0.0,0.0,1.0,1.0,1.0,0.0,0.0,0.35,0.0,0.75,0.35,0.4,0.3,0.0,1.0,0.3,0.7,0.0,0.0,0.0,0.0,0.0,0.8,0.0,1.0,0.8,0.19999999999999996,0.0,0.0,0.0,0.0,0.0,4.0,4.0,4.0,0.0,0.0,0.0,0.0,0.0,0.0,0.0,4.0,4.0,4.0,0.0,0.0
20,4,5,13,0.2,0.2,0.3,dense,True,20,20,20,4,5,15,5,Shard-aware weakest-token diagnostic,weakest_harmful_token_not_full_sequence_validity,radius_derived,5,"0,10,20,30,40",0.0,0.0,0.0,0.0,0.0,1.0,1.0,1.0,0.0,0.0,0.35,0.0,0.75,0.35,0.4,0.3,0.0,1.0,0.3,0.7,0.0,0.0,0.0,0.0,0.0,0.8,0.0,1.0,0.8,0.19999999999999996,0.0,0.0,0.0,0.0,0.0,4.0,4.0,4.0,0.0,0.0,0.0,0.0,0.0,0.0,0.0,4.0,4.0,4.0,0.0,0.0
20,4,5,13,0.2,0.2,0.3,dense,True,20,20,20,4,5,15,6,Shard-aware weakest-token diagnostic,weakest_harmful_token_not_full_sequence_validity,radius_derived,5,"0,10,20,30,40",0.0,0.0,0.0,0.0,0.0,1.0,1.0,1.0,0.0,0.0,0.35,0.0,0.75,0.35,0.4,0.3,0.0,1.0,0.3,0.7,0.0,0.0,0.0,0.0,0.0,0.8,0.0,1.0,0.8,0.19999999999999996,0.0,0.0,0.0,0.0,0.0,4.0,4.0,4.0,0.0,0.0,0.0,0.0,0.0,0.0,0.0,4.0,4.0,4.0,0.0,0.0
20,4,5,13,0.2,0.2,0.3,dense,True,20,20,20,4,5,15,7,Shard-aware weakest-token diagnostic,weakest_harmful_token_not_full_sequence_validity,radius_derived,5,"0,10,20,30,40",0.0,0.0,0.0,0.0,0.0,1.0,1.0,1.0,0.0,0.0,0.35,0.0,0.75,0.35,0.4,0.3,0.0,1.0,0.3,0.7,0.0,0.0,0.0,0.0,0.0,0.8,0.0,1.0,0.8,0.19999999999999996,0.0,0.0,0.0,0.0,0.0,4.0,4.0,4.0,0.0,0.0,0.0,0.0,0.0,0.0,0.0,4.0,4.0,4.0,0.0,0.0
20,4,5,13,0.2,0.2,0.3,dense,True,20,20,20,4,5,15,8,Shard-aware weakest-token diagnostic,weakest_harmful_token_not_full_sequence_validity,radius_derived,5,"0,10,20,30,40",0.0,0.0,0.0,0.0,0.0,1.0,1.0,1.0,0.0,0.0,0.35,0.0,0.75,0.35,0.4,0.3,0.0,1.0,0.3,0.7,0.0,0.0,0.0,0.0,0.0,0.8,0.0,1.0,0.8,0.19999999999999996,0.0,0.0,0.0,0.0,0.0,4.0,4.0,4.0,0.0,0.0,0.0,0.0,0.0,0.0,0.0,4.0,4.0,4.0,0.0,0.0
20,4,5,13,0.2,0.2,0.3,dense,True,20,20,20,4,5,15,9,Shard-aware weakest-token diagnostic,weakest_harmful_token_not_full_sequence_validity,radius_derived,5,"0,10,20,30,40",0.0,0.0,0.0,0.0,0.0,1.0,1.0,1.0,0.0,0.0,0.35,0.0,0.75,0.35,0.4,0.3,0.0,1.0,0.3,0.7,0.0,0.0,0.0,0.0,0.0,0.8,0.0,1.0,0.8,0.19999999999999996,0.0,0.0,0.0,0.0,0.0,4.0,4.0,4.0,0.0,0.0,0.0,0.0,0.0,0.0,0.0,4.0,4.0,4.0,0.0,0.0
20,4,5,13,0.2,0.2,0.3,dense,True,20,20,20,4,5,15,10,Shard-aware weakest-token diagnostic,weakest_harmful_token_not_full_sequence_validity,radius_derived,5,"0,10,20,30,40",0.0,0.0,0.0,0.0,0.0,1.0,1.0,1.0,0.0,0.0,0.35,0.0,0.75,0.35,0.4,0.3,0.0,1.0,0.3,0.7,0.0,0.0,0.0,0.0,0.0,0.8,0.0,1.0,0.8,0.19999999999999996,0.0,0.0,0.0,0.0,0.0,4.0,4.0,4.0,0.0,0.0,0.0,0.0,0.0,0.0,0.0,4.0,4.0,4.0,0.0,0.0
20,4,5,13,0.2,0.2,0.3,dense,True,20,20,20,4,5,15,11,Shard-aware weakest-token diagnostic,weakest_harmful_token_not_full_sequence_validity,radius_derived,5,"0,10,20,30,40",0.0,0.0,0.0,0.0,0.0,1.0,1.0,1.0,0.0,0.0,0.35,0.0,0.75,0.35,0.4,0.3,0.0,1.0,0.3,0.7,0.0,0.0,0.0,0.0,0.0,0.8,0.0,1.0,0.8,0.19999999999999996,0.0,0.0,0.0,0.0,0.0,4.0,4.0,4.0,0.0,0.0,0.0,0.0,0.0,0.0,0.0,4.0,4.0,4.0,0.0,0.0
20,4,5,13,0.2,0.2,0.3,dense,True,20,20,20,4,5,15,12,Shard-aware weakest-token diagnostic,weakest_harmful_token_not_full_sequence_validity,radius_derived,5,"0,10,20,30,40",0.0,0.0,0.0,0.0,0.0,1.0,1.0,1.0,0.0,0.0,0.35,0.0,0.75,0.35,0.4,0.3,0.0,1.0,0.3,0.7,0.0,0.0,0.0,0.0,0.0,0.8,0.0,1.0,0.8,0.19999999999999996,0.0,0.0,0.0,0.0,0.0,4.0,4.0,4.0,0.0,0.0,0.0,0.0,0.0,0.0,0.0,4.0,4.0,4.0,0.0,0.0
20,4,5,13,0.2,0.2,0.3,dense,True,20,20,20,4,5,15,13,Shard-aware weakest-token diagnostic,weakest_harmful_token_not_full_sequence_validity,radius_derived,5,"0,10,20,30,40",0.0,0.0,0.0,0.0,0.0,1.0,1.0,1.0,0.0,0.0,0.35,0.0,0.75,0.35,0.4,0.3,0.0,1.0,0.3,0.7,0.0,0.0,0.0,0.0,0.0,0.8,0.0,1.0,0.8,0.19999999999999996,0.0,0.0,0.0,0.0,0.0,4.0,4.0,4.0,0.0,0.0,0.0,0.0,0.0,0.0,0.0,4.0,4.0,4.0,0.0,0.0
20,4,5,13,0.2,0.2,0.3,dense,True,20,20,20,4,5,15,14,Shard-aware weakest-token diagnostic,weakest_harmful_token_not_full_sequence_validity,radius_derived,5,"0,10,20,30,40",0.0,0.0,0.0,0.0,0.0,1.0,1.0,1.0,0.0,0.0,0.35,0.0,0.75,0.35,0.4,0.3,0.0,1.0,0.3,0.7,0.0,0.0,0.0,0.0,0.0,0.8,0.0,1.0,0.8,0.19999999999999996,0.0,0.0,0.0,0.0,0.0,4.0,4.0,4.0,0.0,0.0,0.0,0.0,0.0,0.0,0.0,4.0,4.0,4.0,0.0,0.0
20,4,5,13,0.2,0.2,0.3,dense,True,20,20,20,4,5,15,15,Shard-aware weakest-token diagnostic,weakest_harmful_token_not_full_sequence_validity,radius_derived,5,"0,10,20,30,40",0.0,0.0,0.0,0.0,0.0,1.0,1.0,1.0,0.0,0.0,0.35,0.0,0.75,0.35,0.4,0.3,0.0,1.0,0.3,0.7,0.0,0.0,0.0,0.0,0.0,0.8,0.0,1.0,0.8,0.19999999999999996,0.0,0.0,0.0,0.0,0.0,4.0,4.0,4.0,0.0,0.0,0.0,0.0,0.0,0.0,0.0,4.0,4.0,4.0,0.0,0.0
20,4,5,13,0.2,0.2,0.3,dense,True,20,20,20,4,5,15,16,Shard-aware weakest-token diagnostic,weakest_harmful_token_not_full_sequence_validity,radius_derived,5,"0,10,20,30,40",0.0,0.0,0.0,0.0,0.0,1.0,1.0,1.0,0.0,0.0,0.35,0.0,0.75,0.35,0.4,0.3,0.0,1.0,0.3,0.7,0.0,0.0,0.0,0.0,0.0,0.8,0.0,1.0,0.8,0.19999999999999996,0.0,0.0,0.0,0.0,0.0,4.0,4.0,4.0,0.0,0.0,0.0,0.0,0.0,0.0,0.0,4.0,4.0,4.0,0.0,0.0
20,4,5,13,0.2,0.2,0.3,dense,True,20,20,20,4,5,15,17,Shard-aware weakest-token diagnostic,weakest_harmful_token_not_full_sequence_validity,radius_derived,5,"0,10,20,30,40",0.0,0.0,0.0,0.0,0.0,1.0,1.0,1.0,0.0,0.0,0.35,0.0,0.75,0.35,0.4,0.3,0.0,1.0,0.3,0.7,0.0,0.0,0.0,0.0,0.0,0.8,0.0,1.0,0.8,0.19999999999999996,0.0,0.0,0.0,0.0,0.0,4.0,4.0,4.0,0.0,0.0,0.0,0.0,0.0,0.0,0.0,4.0,4.0,4.0,0.0,0.0
20,4,5,13,0.2,0.2,0.3,dense,True,20,20,20,4,5,15,18,Shard-aware weakest-token diagnostic,weakest_harmful_token_not_full_sequence_validity,radius_derived,5,"0,10,20,30,40",0.0,0.0,0.0,0.0,0.0,1.0,1.0,1.0,0.0,0.0,0.35,0.0,0.75,0.35,0.4,0.3,0.0,1.0,0.3,0.7,0.0,0.0,0.0,0.0,0.0,0.8,0.0,1.0,0.8,0.19999999999999996,0.0,0.0,0.0,0.0,0.0,4.0,4.0,4.0,0.0,0.0,0.0,0.0,0.0,0.0,0.0,4.0,4.0,4.0,0.0,0.0
20,4,5,13,0.2,0.2,0.3,dense,True,20,20,20,4,5,15,19,Shard-aware weakest-token diagnostic,weakest_harmful_token_not_full_sequence_validity,radius_derived,5,"0,10,20,30,40",0.0,0.0,0.0,0.0,0.0,1.0,1.0,1.0,0.0,0.0,0.35,0.0,0.75,0.35,0.4,0.3,0.0,1.0,0.3,0.7,0.0,0.0,0.0,0.0,0.0,0.8,0.0,1.0,0.8,0.19999999999999996,0.0,0.0,0.0,0.0,0.0,4.0,4.0,4.0,0.0,0.0,0.0,0.0,0.0,0.0,0.0,4.0,4.0,4.0,0.0,0.0
20,4,5,13,0.2,0.2,0.3,dense,True,20,20,20,4,5,15,20,Shard-aware weakest-token diagnostic,weakest_harmful_token_not_full_sequence_validity,radius_derived,5,"0,10,20,30,40",0.0,0.0,0.0,0.0,0.0,1.0,1.0,1.0,0.0,0.0,0.35,0.0,0.75,0.35,0.4,0.3,0.0,1.0,0.3,0.7,0.0,0.0,0.0,0.0,0.0,0.8,0.0,1.0,0.8,0.19999999999999996,0.0,0.0,0.0,0.0,0.0,4.0,4.0,4.0,0.0,0.0,0.0,0.0,0.0,0.0,0.0,4.0,4.0,4.0,0.0,0.0
20,4,5,13,0.2,0.2,0.3,dense,True,20,20,20,4,5,15,0,Shard-aware independent max-token diagnostic,most_difficult_harmful_token_not_full_sequence_validity,radius_derived,5,"0,10,20,30,40",1.0,1.0,1.0,0.0,0.0,0.0,0.0,0.0,0.0,0.0,5.0,4.0,7.25,1.0,2.25,4.9,4.0,7.0,0.9000000000000004,2.0999999999999996,4.4,3.0,7.0,1.4000000000000004,2.5999999999999996,5.8,4.0,8.0,1.7999999999999998,2.2,4.0,4.0,4.0,0.0,0.0,4.0,4.0,4.0,0.0,0.0,0.0,0.0,0.0,0.0,0.0,4.0,4.0,4.0,0.0,0.0
20,4,5,13,0.2,0.2,0.3,dense,True,20,20,20,4,5,15,1,Shard-aware independent max-token diagnostic,most_difficult_harmful_token_not_full_sequence_validity,radius_derived,5,"0,10,20,30,40",1.0,1.0,1.0,0.0,0.0,0.0,0.0,0.0,0.0,0.0,5.0,4.0,7.25,1.0,2.25,4.9,4.0,7.0,0.9000000000000004,2.0999999999999996,4.4,3.0,7.0,1.4000000000000004,2.5999999999999996,5.8,4.0,8.0,1.7999999999999998,2.2,4.0,4.0,4.0,0.0,0.0,4.0,4.0,4.0,0.0,0.0,0.0,0.0,0.0,0.0,0.0,4.0,4.0,4.0,0.0,0.0
20,4,5,13,0.2,0.2,0.3,dense,True,20,20,20,4,5,15,2,Shard-aware independent max-token diagnostic,most_difficult_harmful_token_not_full_sequence_validity,radius_derived,5,"0,10,20,30,40",1.0,1.0,1.0,0.0,0.0,0.0,0.0,0.0,0.0,0.0,5.0,4.0,7.25,1.0,2.25,4.9,4.0,7.0,0.9000000000000004,2.0999999999999996,4.4,3.0,7.0,1.4000000000000004,2.5999999999999996,5.8,4.0,8.0,1.7999999999999998,2.2,4.0,4.0,4.0,0.0,0.0,4.0,4.0,4.0,0.0,0.0,0.0,0.0,0.0,0.0,0.0,4.0,4.0,4.0,0.0,0.0
20,4,5,13,0.2,0.2,0.3,dense,True,20,20,20,4,5,15,3,Shard-aware independent max-token diagnostic,most_difficult_harmful_token_not_full_sequence_validity,radius_derived,5,"0,10,20,30,40",0.95,0.75,1.0,0.19999999999999996,0.050000000000000044,0.05,0.0,0.25,0.05,0.2,5.0,4.0,7.25,1.0,2.25,4.9,4.0,7.0,0.9000000000000004,2.0999999999999996,4.4,3.0,7.0,1.4000000000000004,2.5999999999999996,5.8,4.0,8.0,1.7999999999999998,2.2,3.8,3.0,4.0,0.7999999999999998,0.20000000000000018,4.0,4.0,4.0,0.0,0.0,0.0,0.0,0.0,0.0,0.0,4.0,4.0,4.0,0.0,0.0
20,4,5,13,0.2,0.2,0.3,dense,True,20,20,20,4,5,15,4,Shard-aware independent max-token diagnostic,most_difficult_harmful_token_not_full_sequence_validity,radius_derived,5,"0,10,20,30,40",0.5,0.0,1.0,0.5,0.5,0.5,0.0,1.0,0.5,0.5,5.0,4.0,7.25,1.0,2.25,4.9,4.0,7.0,0.9000000000000004,2.0999999999999996,4.4,3.0,7.0,1.4000000000000004,2.5999999999999996,5.8,4.0,8.0,1.7999999999999998,2.2,2.0,0.0,4.0,2.0,2.0,4.0,4.0,4.0,0.0,0.0,0.0,0.0,0.0,0.0,0.0,4.0,4.0,4.0,0.0,0.0
20,4,5,13,0.2,0.2,0.3,dense,True,20,20,20,4,5,15,5,Shard-aware independent max-token diagnostic,most_difficult_harmful_token_not_full_sequence_validity,radius_derived,5,"0,10,20,30,40",0.25,0.0,1.0,0.25,0.75,0.75,0.0,1.0,0.75,0.25,5.0,4.0,7.25,1.0,2.25,4.9,4.0,7.0,0.9000000000000004,2.0999999999999996,4.4,3.0,7.0,1.4000000000000004,2.5999999999999996,5.8,4.0,8.0,1.7999999999999998,2.2,1.0,0.0,4.0,1.0,3.0,4.0,4.0,4.0,0.0,0.0,0.0,0.0,0.0,0.0,0.0,4.0,4.0,4.0,0.0,0.0
20,4,5,13,0.2,0.2,0.3,dense,True,20,20,20,4,5,15,6,Shard-aware independent max-token diagnostic,most_difficult_harmful_token_not_full_sequence_validity,radius_derived,5,"0,10,20,30,40",0.25,0.0,1.0,0.25,0.75,0.75,0.0,1.0,0.75,0.25,5.0,4.0,7.25,1.0,2.25,4.9,4.0,7.0,0.9000000000000004,2.0999999999999996,4.4,3.0,7.0,1.4000000000000004,2.5999999999999996,5.8,4.0,8.0,1.7999999999999998,2.2,1.0,0.0,4.0,1.0,3.0,4.0,4.0,4.0,0.0,0.0,0.0,0.0,0.0,0.0,0.0,4.0,4.0,4.0,0.0,0.0
20,4,5,13,0.2,0.2,0.3,dense,True,20,20,20,4,5,15,7,Shard-aware independent max-token diagnostic,most_difficult_harmful_token_not_full_sequence_validity,radius_derived,5,"0,10,20,30,40",0.05,0.0,0.25,0.05,0.2,0.95,0.75,1.0,0.19999999999999996,0.050000000000000044,5.0,4.0,7.25,1.0,2.25,4.9,4.0,7.0,0.9000000000000004,2.0999999999999996,4.4,3.0,7.0,1.4000000000000004,2.5999999999999996,5.8,4.0,8.0,1.7999999999999998,2.2,0.2,0.0,1.0,0.2,0.8,4.0,4.0,4.0,0.0,0.0,0.0,0.0,0.0,0.0,0.0,4.0,4.0,4.0,0.0,0.0
20,4,5,13,0.2,0.2,0.3,dense,True,20,20,20,4,5,15,8,Shard-aware independent max-token diagnostic,most_difficult_harmful_token_not_full_sequence_validity,radius_derived,5,"0,10,20,30,40",0.0,0.0,0.0,0.0,0.0,1.0,1.0,1.0,0.0,0.0,5.0,4.0,7.25,1.0,2.25,4.9,4.0,7.0,0.9000000000000004,2.0999999999999996,4.4,3.0,7.0,1.4000000000000004,2.5999999999999996,5.8,4.0,8.0,1.7999999999999998,2.2,0.0,0.0,0.0,0.0,0.0,4.0,4.0,4.0,0.0,0.0,0.0,0.0,0.0,0.0,0.0,4.0,4.0,4.0,0.0,0.0
20,4,5,13,0.2,0.2,0.3,dense,True,20,20,20,4,5,15,9,Shard-aware independent max-token diagnostic,most_difficult_harmful_token_not_full_sequence_validity,radius_derived,5,"0,10,20,30,40",0.0,0.0,0.0,0.0,0.0,1.0,1.0,1.0,0.0,0.0,5.0,4.0,7.25,1.0,2.25,4.9,4.0,7.0,0.9000000000000004,2.0999999999999996,4.4,3.0,7.0,1.4000000000000004,2.5999999999999996,5.8,4.0,8.0,1.7999999999999998,2.2,0.0,0.0,0.0,0.0,0.0,4.0,4.0,4.0,0.0,0.0,0.0,0.0,0.0,0.0,0.0,4.0,4.0,4.0,0.0,0.0
20,4,5,13,0.2,0.2,0.3,dense,True,20,20,20,4,5,15,10,Shard-aware independent max-token diagnostic,most_difficult_harmful_token_not_full_sequence_validity,radius_derived,5,"0,10,20,30,40",0.0,0.0,0.0,0.0,0.0,1.0,1.0,1.0,0.0,0.0,5.0,4.0,7.25,1.0,2.25,4.9,4.0,7.0,0.9000000000000004,2.0999999999999996,4.4,3.0,7.0,1.4000000000000004,2.5999999999999996,5.8,4.0,8.0,1.7999999999999998,2.2,0.0,0.0,0.0,0.0,0.0,4.0,4.0,4.0,0.0,0.0,0.0,0.0,0.0,0.0,0.0,4.0,4.0,4.0,0.0,0.0
20,4,5,13,0.2,0.2,0.3,dense,True,20,20,20,4,5,15,11,Shard-aware independent max-token diagnostic,most_difficult_harmful_token_not_full_sequence_validity,radius_derived,5,"0,10,20,30,40",0.0,0.0,0.0,0.0,0.0,1.0,1.0,1.0,0.0,0.0,5.0,4.0,7.25,1.0,2.25,4.9,4.0,7.0,0.9000000000000004,2.0999999999999996,4.4,3.0,7.0,1.4000000000000004,2.5999999999999996,5.8,4.0,8.0,1.7999999999999998,2.2,0.0,0.0,0.0,0.0,0.0,4.0,4.0,4.0,0.0,0.0,0.0,0.0,0.0,0.0,0.0,4.0,4.0,4.0,0.0,0.0
20,4,5,13,0.2,0.2,0.3,dense,True,20,20,20,4,5,15,12,Shard-aware independent max-token diagnostic,most_difficult_harmful_token_not_full_sequence_validity,radius_derived,5,"0,10,20,30,40",0.0,0.0,0.0,0.0,0.0,1.0,1.0,1.0,0.0,0.0,5.0,4.0,7.25,1.0,2.25,4.9,4.0,7.0,0.9000000000000004,2.0999999999999996,4.4,3.0,7.0,1.4000000000000004,2.5999999999999996,5.8,4.0,8.0,1.7999999999999998,2.2,0.0,0.0,0.0,0.0,0.0,4.0,4.0,4.0,0.0,0.0,0.0,0.0,0.0,0.0,0.0,4.0,4.0,4.0,0.0,0.0
20,4,5,13,0.2,0.2,0.3,dense,True,20,20,20,4,5,15,13,Shard-aware independent max-token diagnostic,most_difficult_harmful_token_not_full_sequence_validity,radius_derived,5,"0,10,20,30,40",0.0,0.0,0.0,0.0,0.0,1.0,1.0,1.0,0.0,0.0,5.0,4.0,7.25,1.0,2.25,4.9,4.0,7.0,0.9000000000000004,2.0999999999999996,4.4,3.0,7.0,1.4000000000000004,2.5999999999999996,5.8,4.0,8.0,1.7999999999999998,2.2,0.0,0.0,0.0,0.0,0.0,4.0,4.0,4.0,0.0,0.0,0.0,0.0,0.0,0.0,0.0,4.0,4.0,4.0,0.0,0.0
20,4,5,13,0.2,0.2,0.3,dense,True,20,20,20,4,5,15,14,Shard-aware independent max-token diagnostic,most_difficult_harmful_token_not_full_sequence_validity,radius_derived,5,"0,10,20,30,40",0.0,0.0,0.0,0.0,0.0,1.0,1.0,1.0,0.0,0.0,5.0,4.0,7.25,1.0,2.25,4.9,4.0,7.0,0.9000000000000004,2.0999999999999996,4.4,3.0,7.0,1.4000000000000004,2.5999999999999996,5.8,4.0,8.0,1.7999999999999998,2.2,0.0,0.0,0.0,0.0,0.0,4.0,4.0,4.0,0.0,0.0,0.0,0.0,0.0,0.0,0.0,4.0,4.0,4.0,0.0,0.0
20,4,5,13,0.2,0.2,0.3,dense,True,20,20,20,4,5,15,15,Shard-aware independent max-token diagnostic,most_difficult_harmful_token_not_full_sequence_validity,radius_derived,5,"0,10,20,30,40",0.0,0.0,0.0,0.0,0.0,1.0,1.0,1.0,0.0,0.0,5.0,4.0,7.25,1.0,2.25,4.9,4.0,7.0,0.9000000000000004,2.0999999999999996,4.4,3.0,7.0,1.4000000000000004,2.5999999999999996,5.8,4.0,8.0,1.7999999999999998,2.2,0.0,0.0,0.0,0.0,0.0,4.0,4.0,4.0,0.0,0.0,0.0,0.0,0.0,0.0,0.0,4.0,4.0,4.0,0.0,0.0
20,4,5,13,0.2,0.2,0.3,dense,True,20,20,20,4,5,15,16,Shard-aware independent max-token diagnostic,most_difficult_harmful_token_not_full_sequence_validity,radius_derived,5,"0,10,20,30,40",0.0,0.0,0.0,0.0,0.0,1.0,1.0,1.0,0.0,0.0,5.0,4.0,7.25,1.0,2.25,4.9,4.0,7.0,0.9000000000000004,2.0999999999999996,4.4,3.0,7.0,1.4000000000000004,2.5999999999999996,5.8,4.0,8.0,1.7999999999999998,2.2,0.0,0.0,0.0,0.0,0.0,4.0,4.0,4.0,0.0,0.0,0.0,0.0,0.0,0.0,0.0,4.0,4.0,4.0,0.0,0.0
20,4,5,13,0.2,0.2,0.3,dense,True,20,20,20,4,5,15,17,Shard-aware independent max-token diagnostic,most_difficult_harmful_token_not_full_sequence_validity,radius_derived,5,"0,10,20,30,40",0.0,0.0,0.0,0.0,0.0,1.0,1.0,1.0,0.0,0.0,5.0,4.0,7.25,1.0,2.25,4.9,4.0,7.0,0.9000000000000004,2.0999999999999996,4.4,3.0,7.0,1.4000000000000004,2.5999999999999996,5.8,4.0,8.0,1.7999999999999998,2.2,0.0,0.0,0.0,0.0,0.0,4.0,4.0,4.0,0.0,0.0,0.0,0.0,0.0,0.0,0.0,4.0,4.0,4.0,0.0,0.0
20,4,5,13,0.2,0.2,0.3,dense,True,20,20,20,4,5,15,18,Shard-aware independent max-token diagnostic,most_difficult_harmful_token_not_full_sequence_validity,radius_derived,5,"0,10,20,30,40",0.0,0.0,0.0,0.0,0.0,1.0,1.0,1.0,0.0,0.0,5.0,4.0,7.25,1.0,2.25,4.9,4.0,7.0,0.9000000000000004,2.0999999999999996,4.4,3.0,7.0,1.4000000000000004,2.5999999999999996,5.8,4.0,8.0,1.7999999999999998,2.2,0.0,0.0,0.0,0.0,0.0,4.0,4.0,4.0,0.0,0.0,0.0,0.0,0.0,0.0,0.0,4.0,4.0,4.0,0.0,0.0
20,4,5,13,0.2,0.2,0.3,dense,True,20,20,20,4,5,15,19,Shard-aware independent max-token diagnostic,most_difficult_harmful_token_not_full_sequence_validity,radius_derived,5,"0,10,20,30,40",0.0,0.0,0.0,0.0,0.0,1.0,1.0,1.0,0.0,0.0,5.0,4.0,7.25,1.0,2.25,4.9,4.0,7.0,0.9000000000000004,2.0999999999999996,4.4,3.0,7.0,1.4000000000000004,2.5999999999999996,5.8,4.0,8.0,1.7999999999999998,2.2,0.0,0.0,0.0,0.0,0.0,4.0,4.0,4.0,0.0,0.0,0.0,0.0,0.0,0.0,0.0,4.0,4.0,4.0,0.0,0.0
20,4,5,13,0.2,0.2,0.3,dense,True,20,20,20,4,5,15,20,Shard-aware independent max-token diagnostic,most_difficult_harmful_token_not_full_sequence_validity,radius_derived,5,"0,10,20,30,40",0.0,0.0,0.0,0.0,0.0,1.0,1.0,1.0,0.0,0.0,5.0,4.0,7.25,1.0,2.25,4.9,4.0,7.0,0.9000000000000004,2.0999999999999996,4.4,3.0,7.0,1.4000000000000004,2.5999999999999996,5.8,4.0,8.0,1.7999999999999998,2.2,0.0,0.0,0.0,0.0,0.0,4.0,4.0,4.0,0.0,0.0,0.0,0.0,0.0,0.0,0.0,4.0,4.0,4.0,0.0,0.0
20,4,5,13,0.2,0.2,0.3,dense,True,20,20,20,4,5,15,0,TPA max-token phrase baseline,validity_full_harmful_sequence_per_prompt,radius_derived,5,"0,10,20,30,40",1.0,1.0,1.0,0.0,0.0,0.0,0.0,0.0,0.0,0.0,5.0,4.0,7.25,1.0,2.25,4.9,4.0,7.0,0.9000000000000004,2.0999999999999996,4.4,3.0,7.0,1.4000000000000004,2.5999999999999996,5.8,4.0,8.0,1.7999999999999998,2.2,4.0,4.0,4.0,0.0,0.0,4.0,4.0,4.0,0.0,0.0,0.0,0.0,0.0,0.0,0.0,4.0,4.0,4.0,0.0,0.0
20,4,5,13,0.2,0.2,0.3,dense,True,20,20,20,4,5,15,1,TPA max-token phrase baseline,validity_full_harmful_sequence_per_prompt,radius_derived,5,"0,10,20,30,40",1.0,1.0,1.0,0.0,0.0,0.0,0.0,0.0,0.0,0.0,5.0,4.0,7.25,1.0,2.25,4.9,4.0,7.0,0.9000000000000004,2.0999999999999996,4.4,3.0,7.0,1.4000000000000004,2.5999999999999996,5.8,4.0,8.0,1.7999999999999998,2.2,4.0,4.0,4.0,0.0,0.0,4.0,4.0,4.0,0.0,0.0,0.0,0.0,0.0,0.0,0.0,4.0,4.0,4.0,0.0,0.0
20,4,5,13,0.2,0.2,0.3,dense,True,20,20,20,4,5,15,2,TPA max-token phrase baseline,validity_full_harmful_sequence_per_prompt,radius_derived,5,"0,10,20,30,40",1.0,1.0,1.0,0.0,0.0,0.0,0.0,0.0,0.0,0.0,5.0,4.0,7.25,1.0,2.25,4.9,4.0,7.0,0.9000000000000004,2.0999999999999996,4.4,3.0,7.0,1.4000000000000004,2.5999999999999996,5.8,4.0,8.0,1.7999999999999998,2.2,4.0,4.0,4.0,0.0,0.0,4.0,4.0,4.0,0.0,0.0,0.0,0.0,0.0,0.0,0.0,4.0,4.0,4.0,0.0,0.0
20,4,5,13,0.2,0.2,0.3,dense,True,20,20,20,4,5,15,3,TPA max-token phrase baseline,validity_full_harmful_sequence_per_prompt,radius_derived,5,"0,10,20,30,40",0.95,0.75,1.0,0.19999999999999996,0.050000000000000044,0.05,0.0,0.25,0.05,0.2,5.0,4.0,7.25,1.0,2.25,4.9,4.0,7.0,0.9000000000000004,2.0999999999999996,4.4,3.0,7.0,1.4000000000000004,2.5999999999999996,5.8,4.0,8.0,1.7999999999999998,2.2,3.8,3.0,4.0,0.7999999999999998,0.20000000000000018,4.0,4.0,4.0,0.0,0.0,0.0,0.0,0.0,0.0,0.0,4.0,4.0,4.0,0.0,0.0
20,4,5,13,0.2,0.2,0.3,dense,True,20,20,20,4,5,15,4,TPA max-token phrase baseline,validity_full_harmful_sequence_per_prompt,radius_derived,5,"0,10,20,30,40",0.5,0.0,1.0,0.5,0.5,0.5,0.0,1.0,0.5,0.5,5.0,4.0,7.25,1.0,2.25,4.9,4.0,7.0,0.9000000000000004,2.0999999999999996,4.4,3.0,7.0,1.4000000000000004,2.5999999999999996,5.8,4.0,8.0,1.7999999999999998,2.2,2.0,0.0,4.0,2.0,2.0,4.0,4.0,4.0,0.0,0.0,0.0,0.0,0.0,0.0,0.0,4.0,4.0,4.0,0.0,0.0
20,4,5,13,0.2,0.2,0.3,dense,True,20,20,20,4,5,15,5,TPA max-token phrase baseline,validity_full_harmful_sequence_per_prompt,radius_derived,5,"0,10,20,30,40",0.25,0.0,1.0,0.25,0.75,0.75,0.0,1.0,0.75,0.25,5.0,4.0,7.25,1.0,2.25,4.9,4.0,7.0,0.9000000000000004,2.0999999999999996,4.4,3.0,7.0,1.4000000000000004,2.5999999999999996,5.8,4.0,8.0,1.7999999999999998,2.2,1.0,0.0,4.0,1.0,3.0,4.0,4.0,4.0,0.0,0.0,0.0,0.0,0.0,0.0,0.0,4.0,4.0,4.0,0.0,0.0
20,4,5,13,0.2,0.2,0.3,dense,True,20,20,20,4,5,15,6,TPA max-token phrase baseline,validity_full_harmful_sequence_per_prompt,radius_derived,5,"0,10,20,30,40",0.25,0.0,1.0,0.25,0.75,0.75,0.0,1.0,0.75,0.25,5.0,4.0,7.25,1.0,2.25,4.9,4.0,7.0,0.9000000000000004,2.0999999999999996,4.4,3.0,7.0,1.4000000000000004,2.5999999999999996,5.8,4.0,8.0,1.7999999999999998,2.2,1.0,0.0,4.0,1.0,3.0,4.0,4.0,4.0,0.0,0.0,0.0,0.0,0.0,0.0,0.0,4.0,4.0,4.0,0.0,0.0
20,4,5,13,0.2,0.2,0.3,dense,True,20,20,20,4,5,15,7,TPA max-token phrase baseline,validity_full_harmful_sequence_per_prompt,radius_derived,5,"0,10,20,30,40",0.05,0.0,0.25,0.05,0.2,0.95,0.75,1.0,0.19999999999999996,0.050000000000000044,5.0,4.0,7.25,1.0,2.25,4.9,4.0,7.0,0.9000000000000004,2.0999999999999996,4.4,3.0,7.0,1.4000000000000004,2.5999999999999996,5.8,4.0,8.0,1.7999999999999998,2.2,0.2,0.0,1.0,0.2,0.8,4.0,4.0,4.0,0.0,0.0,0.0,0.0,0.0,0.0,0.0,4.0,4.0,4.0,0.0,0.0
20,4,5,13,0.2,0.2,0.3,dense,True,20,20,20,4,5,15,8,TPA max-token phrase baseline,validity_full_harmful_sequence_per_prompt,radius_derived,5,"0,10,20,30,40",0.0,0.0,0.0,0.0,0.0,1.0,1.0,1.0,0.0,0.0,5.0,4.0,7.25,1.0,2.25,4.9,4.0,7.0,0.9000000000000004,2.0999999999999996,4.4,3.0,7.0,1.4000000000000004,2.5999999999999996,5.8,4.0,8.0,1.7999999999999998,2.2,0.0,0.0,0.0,0.0,0.0,4.0,4.0,4.0,0.0,0.0,0.0,0.0,0.0,0.0,0.0,4.0,4.0,4.0,0.0,0.0
20,4,5,13,0.2,0.2,0.3,dense,True,20,20,20,4,5,15,9,TPA max-token phrase baseline,validity_full_harmful_sequence_per_prompt,radius_derived,5,"0,10,20,30,40",0.0,0.0,0.0,0.0,0.0,1.0,1.0,1.0,0.0,0.0,5.0,4.0,7.25,1.0,2.25,4.9,4.0,7.0,0.9000000000000004,2.0999999999999996,4.4,3.0,7.0,1.4000000000000004,2.5999999999999996,5.8,4.0,8.0,1.7999999999999998,2.2,0.0,0.0,0.0,0.0,0.0,4.0,4.0,4.0,0.0,0.0,0.0,0.0,0.0,0.0,0.0,4.0,4.0,4.0,0.0,0.0
20,4,5,13,0.2,0.2,0.3,dense,True,20,20,20,4,5,15,10,TPA max-token phrase baseline,validity_full_harmful_sequence_per_prompt,radius_derived,5,"0,10,20,30,40",0.0,0.0,0.0,0.0,0.0,1.0,1.0,1.0,0.0,0.0,5.0,4.0,7.25,1.0,2.25,4.9,4.0,7.0,0.9000000000000004,2.0999999999999996,4.4,3.0,7.0,1.4000000000000004,2.5999999999999996,5.8,4.0,8.0,1.7999999999999998,2.2,0.0,0.0,0.0,0.0,0.0,4.0,4.0,4.0,0.0,0.0,0.0,0.0,0.0,0.0,0.0,4.0,4.0,4.0,0.0,0.0
20,4,5,13,0.2,0.2,0.3,dense,True,20,20,20,4,5,15,11,TPA max-token phrase baseline,validity_full_harmful_sequence_per_prompt,radius_derived,5,"0,10,20,30,40",0.0,0.0,0.0,0.0,0.0,1.0,1.0,1.0,0.0,0.0,5.0,4.0,7.25,1.0,2.25,4.9,4.0,7.0,0.9000000000000004,2.0999999999999996,4.4,3.0,7.0,1.4000000000000004,2.5999999999999996,5.8,4.0,8.0,1.7999999999999998,2.2,0.0,0.0,0.0,0.0,0.0,4.0,4.0,4.0,0.0,0.0,0.0,0.0,0.0,0.0,0.0,4.0,4.0,4.0,0.0,0.0
20,4,5,13,0.2,0.2,0.3,dense,True,20,20,20,4,5,15,12,TPA max-token phrase baseline,validity_full_harmful_sequence_per_prompt,radius_derived,5,"0,10,20,30,40",0.0,0.0,0.0,0.0,0.0,1.0,1.0,1.0,0.0,0.0,5.0,4.0,7.25,1.0,2.25,4.9,4.0,7.0,0.9000000000000004,2.0999999999999996,4.4,3.0,7.0,1.4000000000000004,2.5999999999999996,5.8,4.0,8.0,1.7999999999999998,2.2,0.0,0.0,0.0,0.0,0.0,4.0,4.0,4.0,0.0,0.0,0.0,0.0,0.0,0.0,0.0,4.0,4.0,4.0,0.0,0.0
20,4,5,13,0.2,0.2,0.3,dense,True,20,20,20,4,5,15,13,TPA max-token phrase baseline,validity_full_harmful_sequence_per_prompt,radius_derived,5,"0,10,20,30,40",0.0,0.0,0.0,0.0,0.0,1.0,1.0,1.0,0.0,0.0,5.0,4.0,7.25,1.0,2.25,4.9,4.0,7.0,0.9000000000000004,2.0999999999999996,4.4,3.0,7.0,1.4000000000000004,2.5999999999999996,5.8,4.0,8.0,1.7999999999999998,2.2,0.0,0.0,0.0,0.0,0.0,4.0,4.0,4.0,0.0,0.0,0.0,0.0,0.0,0.0,0.0,4.0,4.0,4.0,0.0,0.0
20,4,5,13,0.2,0.2,0.3,dense,True,20,20,20,4,5,15,14,TPA max-token phrase baseline,validity_full_harmful_sequence_per_prompt,radius_derived,5,"0,10,20,30,40",0.0,0.0,0.0,0.0,0.0,1.0,1.0,1.0,0.0,0.0,5.0,4.0,7.25,1.0,2.25,4.9,4.0,7.0,0.9000000000000004,2.0999999999999996,4.4,3.0,7.0,1.4000000000000004,2.5999999999999996,5.8,4.0,8.0,1.7999999999999998,2.2,0.0,0.0,0.0,0.0,0.0,4.0,4.0,4.0,0.0,0.0,0.0,0.0,0.0,0.0,0.0,4.0,4.0,4.0,0.0,0.0
20,4,5,13,0.2,0.2,0.3,dense,True,20,20,20,4,5,15,15,TPA max-token phrase baseline,validity_full_harmful_sequence_per_prompt,radius_derived,5,"0,10,20,30,40",0.0,0.0,0.0,0.0,0.0,1.0,1.0,1.0,0.0,0.0,5.0,4.0,7.25,1.0,2.25,4.9,4.0,7.0,0.9000000000000004,2.0999999999999996,4.4,3.0,7.0,1.4000000000000004,2.5999999999999996,5.8,4.0,8.0,1.7999999999999998,2.2,0.0,0.0,0.0,0.0,0.0,4.0,4.0,4.0,0.0,0.0,0.0,0.0,0.0,0.0,0.0,4.0,4.0,4.0,0.0,0.0
20,4,5,13,0.2,0.2,0.3,dense,True,20,20,20,4,5,15,16,TPA max-token phrase baseline,validity_full_harmful_sequence_per_prompt,radius_derived,5,"0,10,20,30,40",0.0,0.0,0.0,0.0,0.0,1.0,1.0,1.0,0.0,0.0,5.0,4.0,7.25,1.0,2.25,4.9,4.0,7.0,0.9000000000000004,2.0999999999999996,4.4,3.0,7.0,1.4000000000000004,2.5999999999999996,5.8,4.0,8.0,1.7999999999999998,2.2,0.0,0.0,0.0,0.0,0.0,4.0,4.0,4.0,0.0,0.0,0.0,0.0,0.0,0.0,0.0,4.0,4.0,4.0,0.0,0.0
20,4,5,13,0.2,0.2,0.3,dense,True,20,20,20,4,5,15,17,TPA max-token phrase baseline,validity_full_harmful_sequence_per_prompt,radius_derived,5,"0,10,20,30,40",0.0,0.0,0.0,0.0,0.0,1.0,1.0,1.0,0.0,0.0,5.0,4.0,7.25,1.0,2.25,4.9,4.0,7.0,0.9000000000000004,2.0999999999999996,4.4,3.0,7.0,1.4000000000000004,2.5999999999999996,5.8,4.0,8.0,1.7999999999999998,2.2,0.0,0.0,0.0,0.0,0.0,4.0,4.0,4.0,0.0,0.0,0.0,0.0,0.0,0.0,0.0,4.0,4.0,4.0,0.0,0.0
20,4,5,13,0.2,0.2,0.3,dense,True,20,20,20,4,5,15,18,TPA max-token phrase baseline,validity_full_harmful_sequence_per_prompt,radius_derived,5,"0,10,20,30,40",0.0,0.0,0.0,0.0,0.0,1.0,1.0,1.0,0.0,0.0,5.0,4.0,7.25,1.0,2.25,4.9,4.0,7.0,0.9000000000000004,2.0999999999999996,4.4,3.0,7.0,1.4000000000000004,2.5999999999999996,5.8,4.0,8.0,1.7999999999999998,2.2,0.0,0.0,0.0,0.0,0.0,4.0,4.0,4.0,0.0,0.0,0.0,0.0,0.0,0.0,0.0,4.0,4.0,4.0,0.0,0.0
20,4,5,13,0.2,0.2,0.3,dense,True,20,20,20,4,5,15,19,TPA max-token phrase baseline,validity_full_harmful_sequence_per_prompt,radius_derived,5,"0,10,20,30,40",0.0,0.0,0.0,0.0,0.0,1.0,1.0,1.0,0.0,0.0,5.0,4.0,7.25,1.0,2.25,4.9,4.0,7.0,0.9000000000000004,2.0999999999999996,4.4,3.0,7.0,1.4000000000000004,2.5999999999999996,5.8,4.0,8.0,1.7999999999999998,2.2,0.0,0.0,0.0,0.0,0.0,4.0,4.0,4.0,0.0,0.0,0.0,0.0,0.0,0.0,0.0,4.0,4.0,4.0,0.0,0.0
20,4,5,13,0.2,0.2,0.3,dense,True,20,20,20,4,5,15,20,TPA max-token phrase baseline,validity_full_harmful_sequence_per_prompt,radius_derived,5,"0,10,20,30,40",0.0,0.0,0.0,0.0,0.0,1.0,1.0,1.0,0.0,0.0,5.0,4.0,7.25,1.0,2.25,4.9,4.0,7.0,0.9000000000000004,2.0999999999999996,4.4,3.0,7.0,1.4000000000000004,2.5999999999999996,5.8,4.0,8.0,1.7999999999999998,2.2,0.0,0.0,0.0,0.0,0.0,4.0,4.0,4.0,0.0,0.0,0.0,0.0,0.0,0.0,0.0,4.0,4.0,4.0,0.0,0.0
20,4,5,13,0.2,0.2,0.3,dense,True,20,20,20,4,5,15,0,Shared MILP,validity_full_harmful_sequence_per_prompt,radius_derived,5,"0,10,20,30,40",1.0,1.0,1.0,0.0,0.0,0.0,0.0,0.0,0.0,0.0,5.0,4.0,7.25,1.0,2.25,4.9,4.0,7.0,0.9000000000000004,2.0999999999999996,4.4,3.0,7.0,1.4000000000000004,2.5999999999999996,5.8,4.0,8.0,1.7999999999999998,2.2,4.0,4.0,4.0,0.0,0.0,4.0,4.0,4.0,0.0,0.0,0.0,0.0,0.0,0.0,0.0,4.0,4.0,4.0,0.0,0.0
20,4,5,13,0.2,0.2,0.3,dense,True,20,20,20,4,5,15,1,Shared MILP,validity_full_harmful_sequence_per_prompt,radius_derived,5,"0,10,20,30,40",1.0,1.0,1.0,0.0,0.0,0.0,0.0,0.0,0.0,0.0,5.0,4.0,7.25,1.0,2.25,4.9,4.0,7.0,0.9000000000000004,2.0999999999999996,4.4,3.0,7.0,1.4000000000000004,2.5999999999999996,5.8,4.0,8.0,1.7999999999999998,2.2,4.0,4.0,4.0,0.0,0.0,4.0,4.0,4.0,0.0,0.0,0.0,0.0,0.0,0.0,0.0,4.0,4.0,4.0,0.0,0.0
20,4,5,13,0.2,0.2,0.3,dense,True,20,20,20,4,5,15,2,Shared MILP,validity_full_harmful_sequence_per_prompt,radius_derived,5,"0,10,20,30,40",1.0,1.0,1.0,0.0,0.0,0.0,0.0,0.0,0.0,0.0,5.0,4.0,7.25,1.0,2.25,4.9,4.0,7.0,0.9000000000000004,2.0999999999999996,4.4,3.0,7.0,1.4000000000000004,2.5999999999999996,5.8,4.0,8.0,1.7999999999999998,2.2,4.0,4.0,4.0,0.0,0.0,4.0,4.0,4.0,0.0,0.0,0.0,0.0,0.0,0.0,0.0,4.0,4.0,4.0,0.0,0.0
20,4,5,13,0.2,0.2,0.3,dense,True,20,20,20,4,5,15,3,Shared MILP,validity_full_harmful_sequence_per_prompt,radius_derived,5,"0,10,20,30,40",0.95,0.75,1.0,0.19999999999999996,0.050000000000000044,0.05,0.0,0.25,0.05,0.2,5.0,4.0,7.25,1.0,2.25,4.9,4.0,7.0,0.9000000000000004,2.0999999999999996,4.4,3.0,7.0,1.4000000000000004,2.5999999999999996,5.8,4.0,8.0,1.7999999999999998,2.2,3.8,3.0,4.0,0.7999999999999998,0.20000000000000018,4.0,4.0,4.0,0.0,0.0,0.0,0.0,0.0,0.0,0.0,4.0,4.0,4.0,0.0,0.0
20,4,5,13,0.2,0.2,0.3,dense,True,20,20,20,4,5,15,4,Shared MILP,validity_full_harmful_sequence_per_prompt,radius_derived,5,"0,10,20,30,40",0.5,0.0,1.0,0.5,0.5,0.5,0.0,1.0,0.5,0.5,5.0,4.0,7.25,1.0,2.25,4.9,4.0,7.0,0.9000000000000004,2.0999999999999996,4.4,3.0,7.0,1.4000000000000004,2.5999999999999996,5.8,4.0,8.0,1.7999999999999998,2.2,2.0,0.0,4.0,2.0,2.0,4.0,4.0,4.0,0.0,0.0,0.0,0.0,0.0,0.0,0.0,4.0,4.0,4.0,0.0,0.0
20,4,5,13,0.2,0.2,0.3,dense,True,20,20,20,4,5,15,5,Shared MILP,validity_full_harmful_sequence_per_prompt,radius_derived,5,"0,10,20,30,40",0.25,0.0,1.0,0.25,0.75,0.75,0.0,1.0,0.75,0.25,5.0,4.0,7.25,1.0,2.25,4.9,4.0,7.0,0.9000000000000004,2.0999999999999996,4.4,3.0,7.0,1.4000000000000004,2.5999999999999996,5.8,4.0,8.0,1.7999999999999998,2.2,1.0,0.0,4.0,1.0,3.0,4.0,4.0,4.0,0.0,0.0,0.0,0.0,0.0,0.0,0.0,4.0,4.0,4.0,0.0,0.0
20,4,5,13,0.2,0.2,0.3,dense,True,20,20,20,4,5,15,6,Shared MILP,validity_full_harmful_sequence_per_prompt,radius_derived,5,"0,10,20,30,40",0.25,0.0,1.0,0.25,0.75,0.75,0.0,1.0,0.75,0.25,5.0,4.0,7.25,1.0,2.25,4.9,4.0,7.0,0.9000000000000004,2.0999999999999996,4.4,3.0,7.0,1.4000000000000004,2.5999999999999996,5.8,4.0,8.0,1.7999999999999998,2.2,1.0,0.0,4.0,1.0,3.0,4.0,4.0,4.0,0.0,0.0,0.0,0.0,0.0,0.0,0.0,4.0,4.0,4.0,0.0,0.0
20,4,5,13,0.2,0.2,0.3,dense,True,20,20,20,4,5,15,7,Shared MILP,validity_full_harmful_sequence_per_prompt,radius_derived,5,"0,10,20,30,40",0.05,0.0,0.25,0.05,0.2,0.95,0.75,1.0,0.19999999999999996,0.050000000000000044,5.0,4.0,7.25,1.0,2.25,4.9,4.0,7.0,0.9000000000000004,2.0999999999999996,4.4,3.0,7.0,1.4000000000000004,2.5999999999999996,5.8,4.0,8.0,1.7999999999999998,2.2,0.2,0.0,1.0,0.2,0.8,4.0,4.0,4.0,0.0,0.0,0.0,0.0,0.0,0.0,0.0,4.0,4.0,4.0,0.0,0.0
20,4,5,13,0.2,0.2,0.3,dense,True,20,20,20,4,5,15,8,Shared MILP,validity_full_harmful_sequence_per_prompt,radius_derived,5,"0,10,20,30,40",0.0,0.0,0.0,0.0,0.0,1.0,1.0,1.0,0.0,0.0,5.0,4.0,7.25,1.0,2.25,4.9,4.0,7.0,0.9000000000000004,2.0999999999999996,4.4,3.0,7.0,1.4000000000000004,2.5999999999999996,5.8,4.0,8.0,1.7999999999999998,2.2,0.0,0.0,0.0,0.0,0.0,4.0,4.0,4.0,0.0,0.0,0.0,0.0,0.0,0.0,0.0,4.0,4.0,4.0,0.0,0.0
20,4,5,13,0.2,0.2,0.3,dense,True,20,20,20,4,5,15,9,Shared MILP,validity_full_harmful_sequence_per_prompt,radius_derived,5,"0,10,20,30,40",0.0,0.0,0.0,0.0,0.0,1.0,1.0,1.0,0.0,0.0,5.0,4.0,7.25,1.0,2.25,4.9,4.0,7.0,0.9000000000000004,2.0999999999999996,4.4,3.0,7.0,1.4000000000000004,2.5999999999999996,5.8,4.0,8.0,1.7999999999999998,2.2,0.0,0.0,0.0,0.0,0.0,4.0,4.0,4.0,0.0,0.0,0.0,0.0,0.0,0.0,0.0,4.0,4.0,4.0,0.0,0.0
20,4,5,13,0.2,0.2,0.3,dense,True,20,20,20,4,5,15,10,Shared MILP,validity_full_harmful_sequence_per_prompt,radius_derived,5,"0,10,20,30,40",0.0,0.0,0.0,0.0,0.0,1.0,1.0,1.0,0.0,0.0,5.0,4.0,7.25,1.0,2.25,4.9,4.0,7.0,0.9000000000000004,2.0999999999999996,4.4,3.0,7.0,1.4000000000000004,2.5999999999999996,5.8,4.0,8.0,1.7999999999999998,2.2,0.0,0.0,0.0,0.0,0.0,4.0,4.0,4.0,0.0,0.0,0.0,0.0,0.0,0.0,0.0,4.0,4.0,4.0,0.0,0.0
20,4,5,13,0.2,0.2,0.3,dense,True,20,20,20,4,5,15,11,Shared MILP,validity_full_harmful_sequence_per_prompt,radius_derived,5,"0,10,20,30,40",0.0,0.0,0.0,0.0,0.0,1.0,1.0,1.0,0.0,0.0,5.0,4.0,7.25,1.0,2.25,4.9,4.0,7.0,0.9000000000000004,2.0999999999999996,4.4,3.0,7.0,1.4000000000000004,2.5999999999999996,5.8,4.0,8.0,1.7999999999999998,2.2,0.0,0.0,0.0,0.0,0.0,4.0,4.0,4.0,0.0,0.0,0.0,0.0,0.0,0.0,0.0,4.0,4.0,4.0,0.0,0.0
20,4,5,13,0.2,0.2,0.3,dense,True,20,20,20,4,5,15,12,Shared MILP,validity_full_harmful_sequence_per_prompt,radius_derived,5,"0,10,20,30,40",0.0,0.0,0.0,0.0,0.0,1.0,1.0,1.0,0.0,0.0,5.0,4.0,7.25,1.0,2.25,4.9,4.0,7.0,0.9000000000000004,2.0999999999999996,4.4,3.0,7.0,1.4000000000000004,2.5999999999999996,5.8,4.0,8.0,1.7999999999999998,2.2,0.0,0.0,0.0,0.0,0.0,4.0,4.0,4.0,0.0,0.0,0.0,0.0,0.0,0.0,0.0,4.0,4.0,4.0,0.0,0.0
20,4,5,13,0.2,0.2,0.3,dense,True,20,20,20,4,5,15,13,Shared MILP,validity_full_harmful_sequence_per_prompt,radius_derived,5,"0,10,20,30,40",0.0,0.0,0.0,0.0,0.0,1.0,1.0,1.0,0.0,0.0,5.0,4.0,7.25,1.0,2.25,4.9,4.0,7.0,0.9000000000000004,2.0999999999999996,4.4,3.0,7.0,1.4000000000000004,2.5999999999999996,5.8,4.0,8.0,1.7999999999999998,2.2,0.0,0.0,0.0,0.0,0.0,4.0,4.0,4.0,0.0,0.0,0.0,0.0,0.0,0.0,0.0,4.0,4.0,4.0,0.0,0.0
20,4,5,13,0.2,0.2,0.3,dense,True,20,20,20,4,5,15,14,Shared MILP,validity_full_harmful_sequence_per_prompt,radius_derived,5,"0,10,20,30,40",0.0,0.0,0.0,0.0,0.0,1.0,1.0,1.0,0.0,0.0,5.0,4.0,7.25,1.0,2.25,4.9,4.0,7.0,0.9000000000000004,2.0999999999999996,4.4,3.0,7.0,1.4000000000000004,2.5999999999999996,5.8,4.0,8.0,1.7999999999999998,2.2,0.0,0.0,0.0,0.0,0.0,4.0,4.0,4.0,0.0,0.0,0.0,0.0,0.0,0.0,0.0,4.0,4.0,4.0,0.0,0.0
20,4,5,13,0.2,0.2,0.3,dense,True,20,20,20,4,5,15,15,Shared MILP,validity_full_harmful_sequence_per_prompt,radius_derived,5,"0,10,20,30,40",0.0,0.0,0.0,0.0,0.0,1.0,1.0,1.0,0.0,0.0,5.0,4.0,7.25,1.0,2.25,4.9,4.0,7.0,0.9000000000000004,2.0999999999999996,4.4,3.0,7.0,1.4000000000000004,2.5999999999999996,5.8,4.0,8.0,1.7999999999999998,2.2,0.0,0.0,0.0,0.0,0.0,4.0,4.0,4.0,0.0,0.0,0.0,0.0,0.0,0.0,0.0,4.0,4.0,4.0,0.0,0.0
20,4,5,13,0.2,0.2,0.3,dense,True,20,20,20,4,5,15,16,Shared MILP,validity_full_harmful_sequence_per_prompt,radius_derived,5,"0,10,20,30,40",0.0,0.0,0.0,0.0,0.0,1.0,1.0,1.0,0.0,0.0,5.0,4.0,7.25,1.0,2.25,4.9,4.0,7.0,0.9000000000000004,2.0999999999999996,4.4,3.0,7.0,1.4000000000000004,2.5999999999999996,5.8,4.0,8.0,1.7999999999999998,2.2,0.0,0.0,0.0,0.0,0.0,4.0,4.0,4.0,0.0,0.0,0.0,0.0,0.0,0.0,0.0,4.0,4.0,4.0,0.0,0.0
20,4,5,13,0.2,0.2,0.3,dense,True,20,20,20,4,5,15,17,Shared MILP,validity_full_harmful_sequence_per_prompt,radius_derived,5,"0,10,20,30,40",0.0,0.0,0.0,0.0,0.0,1.0,1.0,1.0,0.0,0.0,5.0,4.0,7.25,1.0,2.25,4.9,4.0,7.0,0.9000000000000004,2.0999999999999996,4.4,3.0,7.0,1.4000000000000004,2.5999999999999996,5.8,4.0,8.0,1.7999999999999998,2.2,0.0,0.0,0.0,0.0,0.0,4.0,4.0,4.0,0.0,0.0,0.0,0.0,0.0,0.0,0.0,4.0,4.0,4.0,0.0,0.0
20,4,5,13,0.2,0.2,0.3,dense,True,20,20,20,4,5,15,18,Shared MILP,validity_full_harmful_sequence_per_prompt,radius_derived,5,"0,10,20,30,40",0.0,0.0,0.0,0.0,0.0,1.0,1.0,1.0,0.0,0.0,5.0,4.0,7.25,1.0,2.25,4.9,4.0,7.0,0.9000000000000004,2.0999999999999996,4.4,3.0,7.0,1.4000000000000004,2.5999999999999996,5.8,4.0,8.0,1.7999999999999998,2.2,0.0,0.0,0.0,0.0,0.0,4.0,4.0,4.0,0.0,0.0,0.0,0.0,0.0,0.0,0.0,4.0,4.0,4.0,0.0,0.0
20,4,5,13,0.2,0.2,0.3,dense,True,20,20,20,4,5,15,19,Shared MILP,validity_full_harmful_sequence_per_prompt,radius_derived,5,"0,10,20,30,40",0.0,0.0,0.0,0.0,0.0,1.0,1.0,1.0,0.0,0.0,5.0,4.0,7.25,1.0,2.25,4.9,4.0,7.0,0.9000000000000004,2.0999999999999996,4.4,3.0,7.0,1.4000000000000004,2.5999999999999996,5.8,4.0,8.0,1.7999999999999998,2.2,0.0,0.0,0.0,0.0,0.0,4.0,4.0,4.0,0.0,0.0,0.0,0.0,0.0,0.0,0.0,4.0,4.0,4.0,0.0,0.0
20,4,5,13,0.2,0.2,0.3,dense,True,20,20,20,4,5,15,20,Shared MILP,validity_full_harmful_sequence_per_prompt,radius_derived,5,"0,10,20,30,40",0.0,0.0,0.0,0.0,0.0,1.0,1.0,1.0,0.0,0.0,5.0,4.0,7.25,1.0,2.25,4.9,4.0,7.0,0.9000000000000004,2.0999999999999996,4.4,3.0,7.0,1.4000000000000004,2.5999999999999996,5.8,4.0,8.0,1.7999999999999998,2.2,0.0,0.0,0.0,0.0,0.0,4.0,4.0,4.0,0.0,0.0,0.0,0.0,0.0,0.0,0.0,4.0,4.0,4.0,0.0,0.0
20,4,5,13,0.2,0.2,0.3,dense,True,20,20,20,4,5,15,0,Atomic phrase aggregation,validity_full_harmful_sequence_per_prompt,radius_derived,5,"0,10,20,30,40",0.95,0.75,1.0,0.19999999999999996,0.050000000000000044,0.05,0.0,0.25,0.05,0.2,1.55,1.0,2.0,0.55,0.44999999999999996,1.6,1.0,2.0,0.6000000000000001,0.3999999999999999,0.8,0.0,1.0,0.8,0.19999999999999996,2.2,2.0,3.0,0.20000000000000018,0.7999999999999998,3.8,3.0,4.0,0.7999999999999998,0.20000000000000018,4.0,4.0,4.0,0.0,0.0,0.0,0.0,0.0,0.0,0.0,4.0,4.0,4.0,0.0,0.0
20,4,5,13,0.2,0.2,0.3,dense,True,20,20,20,4,5,15,1,Atomic phrase aggregation,validity_full_harmful_sequence_per_prompt,radius_derived,5,"0,10,20,30,40",0.55,0.25,0.75,0.30000000000000004,0.19999999999999996,0.45,0.25,0.75,0.2,0.3,1.55,1.0,2.0,0.55,0.44999999999999996,1.6,1.0,2.0,0.6000000000000001,0.3999999999999999,0.8,0.0,1.0,0.8,0.19999999999999996,2.2,2.0,3.0,0.20000000000000018,0.7999999999999998,2.2,1.0,3.0,1.2000000000000002,0.7999999999999998,4.0,4.0,4.0,0.0,0.0,0.0,0.0,0.0,0.0,0.0,4.0,4.0,4.0,0.0,0.0
20,4,5,13,0.2,0.2,0.3,dense,True,20,20,20,4,5,15,2,Atomic phrase aggregation,validity_full_harmful_sequence_per_prompt,radius_derived,5,"0,10,20,30,40",0.05,0.0,0.25,0.05,0.2,0.95,0.75,1.0,0.19999999999999996,0.050000000000000044,1.55,1.0,2.0,0.55,0.44999999999999996,1.6,1.0,2.0,0.6000000000000001,0.3999999999999999,0.8,0.0,1.0,0.8,0.19999999999999996,2.2,2.0,3.0,0.20000000000000018,0.7999999999999998,0.2,0.0,1.0,0.2,0.8,4.0,4.0,4.0,0.0,0.0,0.0,0.0,0.0,0.0,0.0,4.0,4.0,4.0,0.0,0.0
20,4,5,13,0.2,0.2,0.3,dense,True,20,20,20,4,5,15,3,Atomic phrase aggregation,validity_full_harmful_sequence_per_prompt,radius_derived,5,"0,10,20,30,40",0.0,0.0,0.0,0.0,0.0,1.0,1.0,1.0,0.0,0.0,1.55,1.0,2.0,0.55,0.44999999999999996,1.6,1.0,2.0,0.6000000000000001,0.3999999999999999,0.8,0.0,1.0,0.8,0.19999999999999996,2.2,2.0,3.0,0.20000000000000018,0.7999999999999998,0.0,0.0,0.0,0.0,0.0,4.0,4.0,4.0,0.0,0.0,0.0,0.0,0.0,0.0,0.0,4.0,4.0,4.0,0.0,0.0
20,4,5,13,0.2,0.2,0.3,dense,True,20,20,20,4,5,15,4,Atomic phrase aggregation,validity_full_harmful_sequence_per_prompt,radius_derived,5,"0,10,20,30,40",0.0,0.0,0.0,0.0,0.0,1.0,1.0,1.0,0.0,0.0,1.55,1.0,2.0,0.55,0.44999999999999996,1.6,1.0,2.0,0.6000000000000001,0.3999999999999999,0.8,0.0,1.0,0.8,0.19999999999999996,2.2,2.0,3.0,0.20000000000000018,0.7999999999999998,0.0,0.0,0.0,0.0,0.0,4.0,4.0,4.0,0.0,0.0,0.0,0.0,0.0,0.0,0.0,4.0,4.0,4.0,0.0,0.0
20,4,5,13,0.2,0.2,0.3,dense,True,20,20,20,4,5,15,5,Atomic phrase aggregation,validity_full_harmful_sequence_per_prompt,radius_derived,5,"0,10,20,30,40",0.0,0.0,0.0,0.0,0.0,1.0,1.0,1.0,0.0,0.0,1.55,1.0,2.0,0.55,0.44999999999999996,1.6,1.0,2.0,0.6000000000000001,0.3999999999999999,0.8,0.0,1.0,0.8,0.19999999999999996,2.2,2.0,3.0,0.20000000000000018,0.7999999999999998,0.0,0.0,0.0,0.0,0.0,4.0,4.0,4.0,0.0,0.0,0.0,0.0,0.0,0.0,0.0,4.0,4.0,4.0,0.0,0.0
20,4,5,13,0.2,0.2,0.3,dense,True,20,20,20,4,5,15,6,Atomic phrase aggregation,validity_full_harmful_sequence_per_prompt,radius_derived,5,"0,10,20,30,40",0.0,0.0,0.0,0.0,0.0,1.0,1.0,1.0,0.0,0.0,1.55,1.0,2.0,0.55,0.44999999999999996,1.6,1.0,2.0,0.6000000000000001,0.3999999999999999,0.8,0.0,1.0,0.8,0.19999999999999996,2.2,2.0,3.0,0.20000000000000018,0.7999999999999998,0.0,0.0,0.0,0.0,0.0,4.0,4.0,4.0,0.0,0.0,0.0,0.0,0.0,0.0,0.0,4.0,4.0,4.0,0.0,0.0
20,4,5,13,0.2,0.2,0.3,dense,True,20,20,20,4,5,15,7,Atomic phrase aggregation,validity_full_harmful_sequence_per_prompt,radius_derived,5,"0,10,20,30,40",0.0,0.0,0.0,0.0,0.0,1.0,1.0,1.0,0.0,0.0,1.55,1.0,2.0,0.55,0.44999999999999996,1.6,1.0,2.0,0.6000000000000001,0.3999999999999999,0.8,0.0,1.0,0.8,0.19999999999999996,2.2,2.0,3.0,0.20000000000000018,0.7999999999999998,0.0,0.0,0.0,0.0,0.0,4.0,4.0,4.0,0.0,0.0,0.0,0.0,0.0,0.0,0.0,4.0,4.0,4.0,0.0,0.0
20,4,5,13,0.2,0.2,0.3,dense,True,20,20,20,4,5,15,8,Atomic phrase aggregation,validity_full_harmful_sequence_per_prompt,radius_derived,5,"0,10,20,30,40",0.0,0.0,0.0,0.0,0.0,1.0,1.0,1.0,0.0,0.0,1.55,1.0,2.0,0.55,0.44999999999999996,1.6,1.0,2.0,0.6000000000000001,0.3999999999999999,0.8,0.0,1.0,0.8,0.19999999999999996,2.2,2.0,3.0,0.20000000000000018,0.7999999999999998,0.0,0.0,0.0,0.0,0.0,4.0,4.0,4.0,0.0,0.0,0.0,0.0,0.0,0.0,0.0,4.0,4.0,4.0,0.0,0.0
20,4,5,13,0.2,0.2,0.3,dense,True,20,20,20,4,5,15,9,Atomic phrase aggregation,validity_full_harmful_sequence_per_prompt,radius_derived,5,"0,10,20,30,40",0.0,0.0,0.0,0.0,0.0,1.0,1.0,1.0,0.0,0.0,1.55,1.0,2.0,0.55,0.44999999999999996,1.6,1.0,2.0,0.6000000000000001,0.3999999999999999,0.8,0.0,1.0,0.8,0.19999999999999996,2.2,2.0,3.0,0.20000000000000018,0.7999999999999998,0.0,0.0,0.0,0.0,0.0,4.0,4.0,4.0,0.0,0.0,0.0,0.0,0.0,0.0,0.0,4.0,4.0,4.0,0.0,0.0
20,4,5,13,0.2,0.2,0.3,dense,True,20,20,20,4,5,15,10,Atomic phrase aggregation,validity_full_harmful_sequence_per_prompt,radius_derived,5,"0,10,20,30,40",0.0,0.0,0.0,0.0,0.0,1.0,1.0,1.0,0.0,0.0,1.55,1.0,2.0,0.55,0.44999999999999996,1.6,1.0,2.0,0.6000000000000001,0.3999999999999999,0.8,0.0,1.0,0.8,0.19999999999999996,2.2,2.0,3.0,0.20000000000000018,0.7999999999999998,0.0,0.0,0.0,0.0,0.0,4.0,4.0,4.0,0.0,0.0,0.0,0.0,0.0,0.0,0.0,4.0,4.0,4.0,0.0,0.0
20,4,5,13,0.2,0.2,0.3,dense,True,20,20,20,4,5,15,11,Atomic phrase aggregation,validity_full_harmful_sequence_per_prompt,radius_derived,5,"0,10,20,30,40",0.0,0.0,0.0,0.0,0.0,1.0,1.0,1.0,0.0,0.0,1.55,1.0,2.0,0.55,0.44999999999999996,1.6,1.0,2.0,0.6000000000000001,0.3999999999999999,0.8,0.0,1.0,0.8,0.19999999999999996,2.2,2.0,3.0,0.20000000000000018,0.7999999999999998,0.0,0.0,0.0,0.0,0.0,4.0,4.0,4.0,0.0,0.0,0.0,0.0,0.0,0.0,0.0,4.0,4.0,4.0,0.0,0.0
20,4,5,13,0.2,0.2,0.3,dense,True,20,20,20,4,5,15,12,Atomic phrase aggregation,validity_full_harmful_sequence_per_prompt,radius_derived,5,"0,10,20,30,40",0.0,0.0,0.0,0.0,0.0,1.0,1.0,1.0,0.0,0.0,1.55,1.0,2.0,0.55,0.44999999999999996,1.6,1.0,2.0,0.6000000000000001,0.3999999999999999,0.8,0.0,1.0,0.8,0.19999999999999996,2.2,2.0,3.0,0.20000000000000018,0.7999999999999998,0.0,0.0,0.0,0.0,0.0,4.0,4.0,4.0,0.0,0.0,0.0,0.0,0.0,0.0,0.0,4.0,4.0,4.0,0.0,0.0
20,4,5,13,0.2,0.2,0.3,dense,True,20,20,20,4,5,15,13,Atomic phrase aggregation,validity_full_harmful_sequence_per_prompt,radius_derived,5,"0,10,20,30,40",0.0,0.0,0.0,0.0,0.0,1.0,1.0,1.0,0.0,0.0,1.55,1.0,2.0,0.55,0.44999999999999996,1.6,1.0,2.0,0.6000000000000001,0.3999999999999999,0.8,0.0,1.0,0.8,0.19999999999999996,2.2,2.0,3.0,0.20000000000000018,0.7999999999999998,0.0,0.0,0.0,0.0,0.0,4.0,4.0,4.0,0.0,0.0,0.0,0.0,0.0,0.0,0.0,4.0,4.0,4.0,0.0,0.0
20,4,5,13,0.2,0.2,0.3,dense,True,20,20,20,4,5,15,14,Atomic phrase aggregation,validity_full_harmful_sequence_per_prompt,radius_derived,5,"0,10,20,30,40",0.0,0.0,0.0,0.0,0.0,1.0,1.0,1.0,0.0,0.0,1.55,1.0,2.0,0.55,0.44999999999999996,1.6,1.0,2.0,0.6000000000000001,0.3999999999999999,0.8,0.0,1.0,0.8,0.19999999999999996,2.2,2.0,3.0,0.20000000000000018,0.7999999999999998,0.0,0.0,0.0,0.0,0.0,4.0,4.0,4.0,0.0,0.0,0.0,0.0,0.0,0.0,0.0,4.0,4.0,4.0,0.0,0.0
20,4,5,13,0.2,0.2,0.3,dense,True,20,20,20,4,5,15,15,Atomic phrase aggregation,validity_full_harmful_sequence_per_prompt,radius_derived,5,"0,10,20,30,40",0.0,0.0,0.0,0.0,0.0,1.0,1.0,1.0,0.0,0.0,1.55,1.0,2.0,0.55,0.44999999999999996,1.6,1.0,2.0,0.6000000000000001,0.3999999999999999,0.8,0.0,1.0,0.8,0.19999999999999996,2.2,2.0,3.0,0.20000000000000018,0.7999999999999998,0.0,0.0,0.0,0.0,0.0,4.0,4.0,4.0,0.0,0.0,0.0,0.0,0.0,0.0,0.0,4.0,4.0,4.0,0.0,0.0
20,4,5,13,0.2,0.2,0.3,dense,True,20,20,20,4,5,15,16,Atomic phrase aggregation,validity_full_harmful_sequence_per_prompt,radius_derived,5,"0,10,20,30,40",0.0,0.0,0.0,0.0,0.0,1.0,1.0,1.0,0.0,0.0,1.55,1.0,2.0,0.55,0.44999999999999996,1.6,1.0,2.0,0.6000000000000001,0.3999999999999999,0.8,0.0,1.0,0.8,0.19999999999999996,2.2,2.0,3.0,0.20000000000000018,0.7999999999999998,0.0,0.0,0.0,0.0,0.0,4.0,4.0,4.0,0.0,0.0,0.0,0.0,0.0,0.0,0.0,4.0,4.0,4.0,0.0,0.0
20,4,5,13,0.2,0.2,0.3,dense,True,20,20,20,4,5,15,17,Atomic phrase aggregation,validity_full_harmful_sequence_per_prompt,radius_derived,5,"0,10,20,30,40",0.0,0.0,0.0,0.0,0.0,1.0,1.0,1.0,0.0,0.0,1.55,1.0,2.0,0.55,0.44999999999999996,1.6,1.0,2.0,0.6000000000000001,0.3999999999999999,0.8,0.0,1.0,0.8,0.19999999999999996,2.2,2.0,3.0,0.20000000000000018,0.7999999999999998,0.0,0.0,0.0,0.0,0.0,4.0,4.0,4.0,0.0,0.0,0.0,0.0,0.0,0.0,0.0,4.0,4.0,4.0,0.0,0.0
20,4,5,13,0.2,0.2,0.3,dense,True,20,20,20,4,5,15,18,Atomic phrase aggregation,validity_full_harmful_sequence_per_prompt,radius_derived,5,"0,10,20,30,40",0.0,0.0,0.0,0.0,0.0,1.0,1.0,1.0,0.0,0.0,1.55,1.0,2.0,0.55,0.44999999999999996,1.6,1.0,2.0,0.6000000000000001,0.3999999999999999,0.8,0.0,1.0,0.8,0.19999999999999996,2.2,2.0,3.0,0.20000000000000018,0.7999999999999998,0.0,0.0,0.0,0.0,0.0,4.0,4.0,4.0,0.0,0.0,0.0,0.0,0.0,0.0,0.0,4.0,4.0,4.0,0.0,0.0
20,4,5,13,0.2,0.2,0.3,dense,True,20,20,20,4,5,15,19,Atomic phrase aggregation,validity_full_harmful_sequence_per_prompt,radius_derived,5,"0,10,20,30,40",0.0,0.0,0.0,0.0,0.0,1.0,1.0,1.0,0.0,0.0,1.55,1.0,2.0,0.55,0.44999999999999996,1.6,1.0,2.0,0.6000000000000001,0.3999999999999999,0.8,0.0,1.0,0.8,0.19999999999999996,2.2,2.0,3.0,0.20000000000000018,0.7999999999999998,0.0,0.0,0.0,0.0,0.0,4.0,4.0,4.0,0.0,0.0,0.0,0.0,0.0,0.0,0.0,4.0,4.0,4.0,0.0,0.0
20,4,5,13,0.2,0.2,0.3,dense,True,20,20,20,4,5,15,20,Atomic phrase aggregation,validity_full_harmful_sequence_per_prompt,radius_derived,5,"0,10,20,30,40",0.0,0.0,0.0,0.0,0.0,1.0,1.0,1.0,0.0,0.0,1.55,1.0,2.0,0.55,0.44999999999999996,1.6,1.0,2.0,0.6000000000000001,0.3999999999999999,0.8,0.0,1.0,0.8,0.19999999999999996,2.2,2.0,3.0,0.20000000000000018,0.7999999999999998,0.0,0.0,0.0,0.0,0.0,4.0,4.0,4.0,0.0,0.0,0.0,0.0,0.0,0.0,0.0,4.0,4.0,4.0,0.0,0.0
20,4,5,13,0.2,0.2,0.3,dense,True,20,20,20,4,5,15,0,Independent shard-aware composition diagnostic,validity_full_harmful_sequence_per_prompt,radius_derived,5,"0,10,20,30,40",1.0,1.0,1.0,0.0,0.0,0.0,0.0,0.0,0.0,0.0,13.25,9.5,19.75,3.75,6.5,13.0,10.0,20.0,3.0,7.0,10.6,7.0,15.0,3.5999999999999996,4.4,16.4,11.0,24.0,5.399999999999999,7.600000000000001,4.0,4.0,4.0,0.0,0.0,4.0,4.0,4.0,0.0,0.0,0.0,0.0,0.0,0.0,0.0,4.0,4.0,4.0,0.0,0.0
20,4,5,13,0.2,0.2,0.3,dense,True,20,20,20,4,5,15,1,Independent shard-aware composition diagnostic,validity_full_harmful_sequence_per_prompt,radius_derived,5,"0,10,20,30,40",1.0,1.0,1.0,0.0,0.0,0.0,0.0,0.0,0.0,0.0,13.25,9.5,19.75,3.75,6.5,13.0,10.0,20.0,3.0,7.0,10.6,7.0,15.0,3.5999999999999996,4.4,16.4,11.0,24.0,5.399999999999999,7.600000000000001,4.0,4.0,4.0,0.0,0.0,4.0,4.0,4.0,0.0,0.0,0.0,0.0,0.0,0.0,0.0,4.0,4.0,4.0,0.0,0.0
20,4,5,13,0.2,0.2,0.3,dense,True,20,20,20,4,5,15,2,Independent shard-aware composition diagnostic,validity_full_harmful_sequence_per_prompt,radius_derived,5,"0,10,20,30,40",1.0,1.0,1.0,0.0,0.0,0.0,0.0,0.0,0.0,0.0,13.25,9.5,19.75,3.75,6.5,13.0,10.0,20.0,3.0,7.0,10.6,7.0,15.0,3.5999999999999996,4.4,16.4,11.0,24.0,5.399999999999999,7.600000000000001,4.0,4.0,4.0,0.0,0.0,4.0,4.0,4.0,0.0,0.0,0.0,0.0,0.0,0.0,0.0,4.0,4.0,4.0,0.0,0.0
20,4,5,13,0.2,0.2,0.3,dense,True,20,20,20,4,5,15,3,Independent shard-aware composition diagnostic,validity_full_harmful_sequence_per_prompt,radius_derived,5,"0,10,20,30,40",1.0,1.0,1.0,0.0,0.0,0.0,0.0,0.0,0.0,0.0,13.25,9.5,19.75,3.75,6.5,13.0,10.0,20.0,3.0,7.0,10.6,7.0,15.0,3.5999999999999996,4.4,16.4,11.0,24.0,5.399999999999999,7.600000000000001,4.0,4.0,4.0,0.0,0.0,4.0,4.0,4.0,0.0,0.0,0.0,0.0,0.0,0.0,0.0,4.0,4.0,4.0,0.0,0.0
20,4,5,13,0.2,0.2,0.3,dense,True,20,20,20,4,5,15,4,Independent shard-aware composition diagnostic,validity_full_harmful_sequence_per_prompt,radius_derived,5,"0,10,20,30,40",1.0,1.0,1.0,0.0,0.0,0.0,0.0,0.0,0.0,0.0,13.25,9.5,19.75,3.75,6.5,13.0,10.0,20.0,3.0,7.0,10.6,7.0,15.0,3.5999999999999996,4.4,16.4,11.0,24.0,5.399999999999999,7.600000000000001,4.0,4.0,4.0,0.0,0.0,4.0,4.0,4.0,0.0,0.0,0.0,0.0,0.0,0.0,0.0,4.0,4.0,4.0,0.0,0.0
20,4,5,13,0.2,0.2,0.3,dense,True,20,20,20,4,5,15,5,Independent shard-aware composition diagnostic,validity_full_harmful_sequence_per_prompt,radius_derived,5,"0,10,20,30,40",1.0,1.0,1.0,0.0,0.0,0.0,0.0,0.0,0.0,0.0,13.25,9.5,19.75,3.75,6.5,13.0,10.0,20.0,3.0,7.0,10.6,7.0,15.0,3.5999999999999996,4.4,16.4,11.0,24.0,5.399999999999999,7.600000000000001,4.0,4.0,4.0,0.0,0.0,4.0,4.0,4.0,0.0,0.0,0.0,0.0,0.0,0.0,0.0,4.0,4.0,4.0,0.0,0.0
20,4,5,13,0.2,0.2,0.3,dense,True,20,20,20,4,5,15,6,Independent shard-aware composition diagnostic,validity_full_harmful_sequence_per_prompt,radius_derived,5,"0,10,20,30,40",1.0,1.0,1.0,0.0,0.0,0.0,0.0,0.0,0.0,0.0,13.25,9.5,19.75,3.75,6.5,13.0,10.0,20.0,3.0,7.0,10.6,7.0,15.0,3.5999999999999996,4.4,16.4,11.0,24.0,5.399999999999999,7.600000000000001,4.0,4.0,4.0,0.0,0.0,4.0,4.0,4.0,0.0,0.0,0.0,0.0,0.0,0.0,0.0,4.0,4.0,4.0,0.0,0.0
20,4,5,13,0.2,0.2,0.3,dense,True,20,20,20,4,5,15,7,Independent shard-aware composition diagnostic,validity_full_harmful_sequence_per_prompt,radius_derived,5,"0,10,20,30,40",0.95,0.75,1.0,0.19999999999999996,0.050000000000000044,0.05,0.0,0.25,0.05,0.2,13.25,9.5,19.75,3.75,6.5,13.0,10.0,20.0,3.0,7.0,10.6,7.0,15.0,3.5999999999999996,4.4,16.4,11.0,24.0,5.399999999999999,7.600000000000001,3.8,3.0,4.0,0.7999999999999998,0.20000000000000018,4.0,4.0,4.0,0.0,0.0,0.0,0.0,0.0,0.0,0.0,4.0,4.0,4.0,0.0,0.0
20,4,5,13,0.2,0.2,0.3,dense,True,20,20,20,4,5,15,8,Independent shard-aware composition diagnostic,validity_full_harmful_sequence_per_prompt,radius_derived,5,"0,10,20,30,40",0.95,0.75,1.0,0.19999999999999996,0.050000000000000044,0.05,0.0,0.25,0.05,0.2,13.25,9.5,19.75,3.75,6.5,13.0,10.0,20.0,3.0,7.0,10.6,7.0,15.0,3.5999999999999996,4.4,16.4,11.0,24.0,5.399999999999999,7.600000000000001,3.8,3.0,4.0,0.7999999999999998,0.20000000000000018,4.0,4.0,4.0,0.0,0.0,0.0,0.0,0.0,0.0,0.0,4.0,4.0,4.0,0.0,0.0
20,4,5,13,0.2,0.2,0.3,dense,True,20,20,20,4,5,15,9,Independent shard-aware composition diagnostic,validity_full_harmful_sequence_per_prompt,radius_derived,5,"0,10,20,30,40",0.9,0.5,1.0,0.4,0.09999999999999998,0.1,0.0,0.5,0.1,0.4,13.25,9.5,19.75,3.75,6.5,13.0,10.0,20.0,3.0,7.0,10.6,7.0,15.0,3.5999999999999996,4.4,16.4,11.0,24.0,5.399999999999999,7.600000000000001,3.6,2.0,4.0,1.6,0.3999999999999999,4.0,4.0,4.0,0.0,0.0,0.0,0.0,0.0,0.0,0.0,4.0,4.0,4.0,0.0,0.0
20,4,5,13,0.2,0.2,0.3,dense,True,20,20,20,4,5,15,10,Independent shard-aware composition diagnostic,validity_full_harmful_sequence_per_prompt,radius_derived,5,"0,10,20,30,40",0.75,0.5,1.0,0.25,0.25,0.25,0.0,0.5,0.25,0.25,13.25,9.5,19.75,3.75,6.5,13.0,10.0,20.0,3.0,7.0,10.6,7.0,15.0,3.5999999999999996,4.4,16.4,11.0,24.0,5.399999999999999,7.600000000000001,3.0,2.0,4.0,1.0,1.0,4.0,4.0,4.0,0.0,0.0,0.0,0.0,0.0,0.0,0.0,4.0,4.0,4.0,0.0,0.0
20,4,5,13,0.2,0.2,0.3,dense,True,20,20,20,4,5,15,11,Independent shard-aware composition diagnostic,validity_full_harmful_sequence_per_prompt,radius_derived,5,"0,10,20,30,40",0.55,0.0,1.0,0.55,0.44999999999999996,0.45,0.0,1.0,0.45,0.55,13.25,9.5,19.75,3.75,6.5,13.0,10.0,20.0,3.0,7.0,10.6,7.0,15.0,3.5999999999999996,4.4,16.4,11.0,24.0,5.399999999999999,7.600000000000001,2.2,0.0,4.0,2.2,1.7999999999999998,4.0,4.0,4.0,0.0,0.0,0.0,0.0,0.0,0.0,0.0,4.0,4.0,4.0,0.0,0.0
20,4,5,13,0.2,0.2,0.3,dense,True,20,20,20,4,5,15,12,Independent shard-aware composition diagnostic,validity_full_harmful_sequence_per_prompt,radius_derived,5,"0,10,20,30,40",0.4,0.0,1.0,0.4,0.6,0.6,0.0,1.0,0.6,0.4,13.25,9.5,19.75,3.75,6.5,13.0,10.0,20.0,3.0,7.0,10.6,7.0,15.0,3.5999999999999996,4.4,16.4,11.0,24.0,5.399999999999999,7.600000000000001,1.6,0.0,4.0,1.6,2.4,4.0,4.0,4.0,0.0,0.0,0.0,0.0,0.0,0.0,0.0,4.0,4.0,4.0,0.0,0.0
20,4,5,13,0.2,0.2,0.3,dense,True,20,20,20,4,5,15,13,Independent shard-aware composition diagnostic,validity_full_harmful_sequence_per_prompt,radius_derived,5,"0,10,20,30,40",0.35,0.0,1.0,0.35,0.65,0.65,0.0,1.0,0.65,0.35,13.25,9.5,19.75,3.75,6.5,13.0,10.0,20.0,3.0,7.0,10.6,7.0,15.0,3.5999999999999996,4.4,16.4,11.0,24.0,5.399999999999999,7.600000000000001,1.4,0.0,4.0,1.4,2.6,4.0,4.0,4.0,0.0,0.0,0.0,0.0,0.0,0.0,0.0,4.0,4.0,4.0,0.0,0.0
20,4,5,13,0.2,0.2,0.3,dense,True,20,20,20,4,5,15,14,Independent shard-aware composition diagnostic,validity_full_harmful_sequence_per_prompt,radius_derived,5,"0,10,20,30,40",0.3,0.0,1.0,0.3,0.7,0.7,0.0,1.0,0.7,0.30000000000000004,13.25,9.5,19.75,3.75,6.5,13.0,10.0,20.0,3.0,7.0,10.6,7.0,15.0,3.5999999999999996,4.4,16.4,11.0,24.0,5.399999999999999,7.600000000000001,1.2,0.0,4.0,1.2,2.8,4.0,4.0,4.0,0.0,0.0,0.0,0.0,0.0,0.0,0.0,4.0,4.0,4.0,0.0,0.0
20,4,5,13,0.2,0.2,0.3,dense,True,20,20,20,4,5,15,15,Independent shard-aware composition diagnostic,validity_full_harmful_sequence_per_prompt,radius_derived,5,"0,10,20,30,40",0.2,0.0,0.75,0.2,0.55,0.8,0.25,1.0,0.55,0.19999999999999996,13.25,9.5,19.75,3.75,6.5,13.0,10.0,20.0,3.0,7.0,10.6,7.0,15.0,3.5999999999999996,4.4,16.4,11.0,24.0,5.399999999999999,7.600000000000001,0.8,0.0,3.0,0.8,2.2,4.0,4.0,4.0,0.0,0.0,0.0,0.0,0.0,0.0,0.0,4.0,4.0,4.0,0.0,0.0
20,4,5,13,0.2,0.2,0.3,dense,True,20,20,20,4,5,15,16,Independent shard-aware composition diagnostic,validity_full_harmful_sequence_per_prompt,radius_derived,5,"0,10,20,30,40",0.2,0.0,0.75,0.2,0.55,0.8,0.25,1.0,0.55,0.19999999999999996,13.25,9.5,19.75,3.75,6.5,13.0,10.0,20.0,3.0,7.0,10.6,7.0,15.0,3.5999999999999996,4.4,16.4,11.0,24.0,5.399999999999999,7.600000000000001,0.8,0.0,3.0,0.8,2.2,4.0,4.0,4.0,0.0,0.0,0.0,0.0,0.0,0.0,0.0,4.0,4.0,4.0,0.0,0.0
20,4,5,13,0.2,0.2,0.3,dense,True,20,20,20,4,5,15,17,Independent shard-aware composition diagnostic,validity_full_harmful_sequence_per_prompt,radius_derived,5,"0,10,20,30,40",0.15,0.0,0.5,0.15,0.35,0.85,0.5,1.0,0.35,0.15000000000000002,13.25,9.5,19.75,3.75,6.5,13.0,10.0,20.0,3.0,7.0,10.6,7.0,15.0,3.5999999999999996,4.4,16.4,11.0,24.0,5.399999999999999,7.600000000000001,0.6,0.0,2.0,0.6,1.4,4.0,4.0,4.0,0.0,0.0,0.0,0.0,0.0,0.0,0.0,4.0,4.0,4.0,0.0,0.0
20,4,5,13,0.2,0.2,0.3,dense,True,20,20,20,4,5,15,18,Independent shard-aware composition diagnostic,validity_full_harmful_sequence_per_prompt,radius_derived,5,"0,10,20,30,40",0.1,0.0,0.5,0.1,0.4,0.9,0.5,1.0,0.4,0.09999999999999998,13.25,9.5,19.75,3.75,6.5,13.0,10.0,20.0,3.0,7.0,10.6,7.0,15.0,3.5999999999999996,4.4,16.4,11.0,24.0,5.399999999999999,7.600000000000001,0.4,0.0,2.0,0.4,1.6,4.0,4.0,4.0,0.0,0.0,0.0,0.0,0.0,0.0,0.0,4.0,4.0,4.0,0.0,0.0
20,4,5,13,0.2,0.2,0.3,dense,True,20,20,20,4,5,15,19,Independent shard-aware composition diagnostic,validity_full_harmful_sequence_per_prompt,radius_derived,5,"0,10,20,30,40",0.1,0.0,0.5,0.1,0.4,0.9,0.5,1.0,0.4,0.09999999999999998,13.25,9.5,19.75,3.75,6.5,13.0,10.0,20.0,3.0,7.0,10.6,7.0,15.0,3.5999999999999996,4.4,16.4,11.0,24.0,5.399999999999999,7.600000000000001,0.4,0.0,2.0,0.4,1.6,4.0,4.0,4.0,0.0,0.0,0.0,0.0,0.0,0.0,0.0,4.0,4.0,4.0,0.0,0.0
20,4,5,13,0.2,0.2,0.3,dense,True,20,20,20,4,5,15,20,Independent shard-aware composition diagnostic,validity_full_harmful_sequence_per_prompt,radius_derived,5,"0,10,20,30,40",0.1,0.0,0.5,0.1,0.4,0.9,0.5,1.0,0.4,0.09999999999999998,13.25,9.5,19.75,3.75,6.5,13.0,10.0,20.0,3.0,7.0,10.6,7.0,15.0,3.5999999999999996,4.4,16.4,11.0,24.0,5.399999999999999,7.600000000000001,0.4,0.0,2.0,0.4,1.6,4.0,4.0,4.0,0.0,0.0,0.0,0.0,0.0,0.0,0.0,4.0,4.0,4.0,0.0,0.0
20,4,5,15,0.2,0.2,0.3,dense,True,20,20,20,4,5,15,0,DPA token margin,full_response_stable_against_any_token_change,radius_derived,5,"0,10,20,30,40",1.0,1.0,1.0,0.0,0.0,0.0,0.0,0.0,0.0,0.0,6.25,5.75,6.75,0.5,0.5,6.6,6.0,7.0,0.5999999999999996,0.40000000000000036,5.2,4.0,6.0,1.2000000000000002,0.7999999999999998,6.6,6.0,7.0,0.5999999999999996,0.40000000000000036,4.0,4.0,4.0,0.0,0.0,4.0,4.0,4.0,0.0,0.0,0.0,0.0,0.0,0.0,0.0,4.0,4.0,4.0,0.0,0.0
20,4,5,15,0.2,0.2,0.3,dense,True,20,20,20,4,5,15,1,DPA token margin,full_response_stable_against_any_token_change,radius_derived,5,"0,10,20,30,40",1.0,1.0,1.0,0.0,0.0,0.0,0.0,0.0,0.0,0.0,6.25,5.75,6.75,0.5,0.5,6.6,6.0,7.0,0.5999999999999996,0.40000000000000036,5.2,4.0,6.0,1.2000000000000002,0.7999999999999998,6.6,6.0,7.0,0.5999999999999996,0.40000000000000036,4.0,4.0,4.0,0.0,0.0,4.0,4.0,4.0,0.0,0.0,0.0,0.0,0.0,0.0,0.0,4.0,4.0,4.0,0.0,0.0
20,4,5,15,0.2,0.2,0.3,dense,True,20,20,20,4,5,15,2,DPA token margin,full_response_stable_against_any_token_change,radius_derived,5,"0,10,20,30,40",1.0,1.0,1.0,0.0,0.0,0.0,0.0,0.0,0.0,0.0,6.25,5.75,6.75,0.5,0.5,6.6,6.0,7.0,0.5999999999999996,0.40000000000000036,5.2,4.0,6.0,1.2000000000000002,0.7999999999999998,6.6,6.0,7.0,0.5999999999999996,0.40000000000000036,4.0,4.0,4.0,0.0,0.0,4.0,4.0,4.0,0.0,0.0,0.0,0.0,0.0,0.0,0.0,4.0,4.0,4.0,0.0,0.0
20,4,5,15,0.2,0.2,0.3,dense,True,20,20,20,4,5,15,3,DPA token margin,full_response_stable_against_any_token_change,radius_derived,5,"0,10,20,30,40",1.0,1.0,1.0,0.0,0.0,0.0,0.0,0.0,0.0,0.0,6.25,5.75,6.75,0.5,0.5,6.6,6.0,7.0,0.5999999999999996,0.40000000000000036,5.2,4.0,6.0,1.2000000000000002,0.7999999999999998,6.6,6.0,7.0,0.5999999999999996,0.40000000000000036,4.0,4.0,4.0,0.0,0.0,4.0,4.0,4.0,0.0,0.0,0.0,0.0,0.0,0.0,0.0,4.0,4.0,4.0,0.0,0.0
20,4,5,15,0.2,0.2,0.3,dense,True,20,20,20,4,5,15,4,DPA token margin,full_response_stable_against_any_token_change,radius_derived,5,"0,10,20,30,40",0.95,0.75,1.0,0.19999999999999996,0.050000000000000044,0.05,0.0,0.25,0.05,0.2,6.25,5.75,6.75,0.5,0.5,6.6,6.0,7.0,0.5999999999999996,0.40000000000000036,5.2,4.0,6.0,1.2000000000000002,0.7999999999999998,6.6,6.0,7.0,0.5999999999999996,0.40000000000000036,3.8,3.0,4.0,0.7999999999999998,0.20000000000000018,4.0,4.0,4.0,0.0,0.0,0.0,0.0,0.0,0.0,0.0,4.0,4.0,4.0,0.0,0.0
20,4,5,15,0.2,0.2,0.3,dense,True,20,20,20,4,5,15,5,DPA token margin,full_response_stable_against_any_token_change,radius_derived,5,"0,10,20,30,40",0.85,0.75,1.0,0.09999999999999998,0.15000000000000002,0.15,0.0,0.25,0.15,0.1,6.25,5.75,6.75,0.5,0.5,6.6,6.0,7.0,0.5999999999999996,0.40000000000000036,5.2,4.0,6.0,1.2000000000000002,0.7999999999999998,6.6,6.0,7.0,0.5999999999999996,0.40000000000000036,3.4,3.0,4.0,0.3999999999999999,0.6000000000000001,4.0,4.0,4.0,0.0,0.0,0.0,0.0,0.0,0.0,0.0,4.0,4.0,4.0,0.0,0.0
20,4,5,15,0.2,0.2,0.3,dense,True,20,20,20,4,5,15,6,DPA token margin,full_response_stable_against_any_token_change,radius_derived,5,"0,10,20,30,40",0.45,0.0,0.75,0.45,0.3,0.55,0.25,1.0,0.30000000000000004,0.44999999999999996,6.25,5.75,6.75,0.5,0.5,6.6,6.0,7.0,0.5999999999999996,0.40000000000000036,5.2,4.0,6.0,1.2000000000000002,0.7999999999999998,6.6,6.0,7.0,0.5999999999999996,0.40000000000000036,1.8,0.0,3.0,1.8,1.2,4.0,4.0,4.0,0.0,0.0,0.0,0.0,0.0,0.0,0.0,4.0,4.0,4.0,0.0,0.0
20,4,5,15,0.2,0.2,0.3,dense,True,20,20,20,4,5,15,7,DPA token margin,full_response_stable_against_any_token_change,radius_derived,5,"0,10,20,30,40",0.0,0.0,0.0,0.0,0.0,1.0,1.0,1.0,0.0,0.0,6.25,5.75,6.75,0.5,0.5,6.6,6.0,7.0,0.5999999999999996,0.40000000000000036,5.2,4.0,6.0,1.2000000000000002,0.7999999999999998,6.6,6.0,7.0,0.5999999999999996,0.40000000000000036,0.0,0.0,0.0,0.0,0.0,4.0,4.0,4.0,0.0,0.0,0.0,0.0,0.0,0.0,0.0,4.0,4.0,4.0,0.0,0.0
20,4,5,15,0.2,0.2,0.3,dense,True,20,20,20,4,5,15,8,DPA token margin,full_response_stable_against_any_token_change,radius_derived,5,"0,10,20,30,40",0.0,0.0,0.0,0.0,0.0,1.0,1.0,1.0,0.0,0.0,6.25,5.75,6.75,0.5,0.5,6.6,6.0,7.0,0.5999999999999996,0.40000000000000036,5.2,4.0,6.0,1.2000000000000002,0.7999999999999998,6.6,6.0,7.0,0.5999999999999996,0.40000000000000036,0.0,0.0,0.0,0.0,0.0,4.0,4.0,4.0,0.0,0.0,0.0,0.0,0.0,0.0,0.0,4.0,4.0,4.0,0.0,0.0
20,4,5,15,0.2,0.2,0.3,dense,True,20,20,20,4,5,15,9,DPA token margin,full_response_stable_against_any_token_change,radius_derived,5,"0,10,20,30,40",0.0,0.0,0.0,0.0,0.0,1.0,1.0,1.0,0.0,0.0,6.25,5.75,6.75,0.5,0.5,6.6,6.0,7.0,0.5999999999999996,0.40000000000000036,5.2,4.0,6.0,1.2000000000000002,0.7999999999999998,6.6,6.0,7.0,0.5999999999999996,0.40000000000000036,0.0,0.0,0.0,0.0,0.0,4.0,4.0,4.0,0.0,0.0,0.0,0.0,0.0,0.0,0.0,4.0,4.0,4.0,0.0,0.0
20,4,5,15,0.2,0.2,0.3,dense,True,20,20,20,4,5,15,10,DPA token margin,full_response_stable_against_any_token_change,radius_derived,5,"0,10,20,30,40",0.0,0.0,0.0,0.0,0.0,1.0,1.0,1.0,0.0,0.0,6.25,5.75,6.75,0.5,0.5,6.6,6.0,7.0,0.5999999999999996,0.40000000000000036,5.2,4.0,6.0,1.2000000000000002,0.7999999999999998,6.6,6.0,7.0,0.5999999999999996,0.40000000000000036,0.0,0.0,0.0,0.0,0.0,4.0,4.0,4.0,0.0,0.0,0.0,0.0,0.0,0.0,0.0,4.0,4.0,4.0,0.0,0.0
20,4,5,15,0.2,0.2,0.3,dense,True,20,20,20,4,5,15,11,DPA token margin,full_response_stable_against_any_token_change,radius_derived,5,"0,10,20,30,40",0.0,0.0,0.0,0.0,0.0,1.0,1.0,1.0,0.0,0.0,6.25,5.75,6.75,0.5,0.5,6.6,6.0,7.0,0.5999999999999996,0.40000000000000036,5.2,4.0,6.0,1.2000000000000002,0.7999999999999998,6.6,6.0,7.0,0.5999999999999996,0.40000000000000036,0.0,0.0,0.0,0.0,0.0,4.0,4.0,4.0,0.0,0.0,0.0,0.0,0.0,0.0,0.0,4.0,4.0,4.0,0.0,0.0
20,4,5,15,0.2,0.2,0.3,dense,True,20,20,20,4,5,15,12,DPA token margin,full_response_stable_against_any_token_change,radius_derived,5,"0,10,20,30,40",0.0,0.0,0.0,0.0,0.0,1.0,1.0,1.0,0.0,0.0,6.25,5.75,6.75,0.5,0.5,6.6,6.0,7.0,0.5999999999999996,0.40000000000000036,5.2,4.0,6.0,1.2000000000000002,0.7999999999999998,6.6,6.0,7.0,0.5999999999999996,0.40000000000000036,0.0,0.0,0.0,0.0,0.0,4.0,4.0,4.0,0.0,0.0,0.0,0.0,0.0,0.0,0.0,4.0,4.0,4.0,0.0,0.0
20,4,5,15,0.2,0.2,0.3,dense,True,20,20,20,4,5,15,13,DPA token margin,full_response_stable_against_any_token_change,radius_derived,5,"0,10,20,30,40",0.0,0.0,0.0,0.0,0.0,1.0,1.0,1.0,0.0,0.0,6.25,5.75,6.75,0.5,0.5,6.6,6.0,7.0,0.5999999999999996,0.40000000000000036,5.2,4.0,6.0,1.2000000000000002,0.7999999999999998,6.6,6.0,7.0,0.5999999999999996,0.40000000000000036,0.0,0.0,0.0,0.0,0.0,4.0,4.0,4.0,0.0,0.0,0.0,0.0,0.0,0.0,0.0,4.0,4.0,4.0,0.0,0.0
20,4,5,15,0.2,0.2,0.3,dense,True,20,20,20,4,5,15,14,DPA token margin,full_response_stable_against_any_token_change,radius_derived,5,"0,10,20,30,40",0.0,0.0,0.0,0.0,0.0,1.0,1.0,1.0,0.0,0.0,6.25,5.75,6.75,0.5,0.5,6.6,6.0,7.0,0.5999999999999996,0.40000000000000036,5.2,4.0,6.0,1.2000000000000002,0.7999999999999998,6.6,6.0,7.0,0.5999999999999996,0.40000000000000036,0.0,0.0,0.0,0.0,0.0,4.0,4.0,4.0,0.0,0.0,0.0,0.0,0.0,0.0,0.0,4.0,4.0,4.0,0.0,0.0
20,4,5,15,0.2,0.2,0.3,dense,True,20,20,20,4,5,15,15,DPA token margin,full_response_stable_against_any_token_change,radius_derived,5,"0,10,20,30,40",0.0,0.0,0.0,0.0,0.0,1.0,1.0,1.0,0.0,0.0,6.25,5.75,6.75,0.5,0.5,6.6,6.0,7.0,0.5999999999999996,0.40000000000000036,5.2,4.0,6.0,1.2000000000000002,0.7999999999999998,6.6,6.0,7.0,0.5999999999999996,0.40000000000000036,0.0,0.0,0.0,0.0,0.0,4.0,4.0,4.0,0.0,0.0,0.0,0.0,0.0,0.0,0.0,4.0,4.0,4.0,0.0,0.0
20,4,5,15,0.2,0.2,0.3,dense,True,20,20,20,4,5,15,16,DPA token margin,full_response_stable_against_any_token_change,radius_derived,5,"0,10,20,30,40",0.0,0.0,0.0,0.0,0.0,1.0,1.0,1.0,0.0,0.0,6.25,5.75,6.75,0.5,0.5,6.6,6.0,7.0,0.5999999999999996,0.40000000000000036,5.2,4.0,6.0,1.2000000000000002,0.7999999999999998,6.6,6.0,7.0,0.5999999999999996,0.40000000000000036,0.0,0.0,0.0,0.0,0.0,4.0,4.0,4.0,0.0,0.0,0.0,0.0,0.0,0.0,0.0,4.0,4.0,4.0,0.0,0.0
20,4,5,15,0.2,0.2,0.3,dense,True,20,20,20,4,5,15,17,DPA token margin,full_response_stable_against_any_token_change,radius_derived,5,"0,10,20,30,40",0.0,0.0,0.0,0.0,0.0,1.0,1.0,1.0,0.0,0.0,6.25,5.75,6.75,0.5,0.5,6.6,6.0,7.0,0.5999999999999996,0.40000000000000036,5.2,4.0,6.0,1.2000000000000002,0.7999999999999998,6.6,6.0,7.0,0.5999999999999996,0.40000000000000036,0.0,0.0,0.0,0.0,0.0,4.0,4.0,4.0,0.0,0.0,0.0,0.0,0.0,0.0,0.0,4.0,4.0,4.0,0.0,0.0
20,4,5,15,0.2,0.2,0.3,dense,True,20,20,20,4,5,15,18,DPA token margin,full_response_stable_against_any_token_change,radius_derived,5,"0,10,20,30,40",0.0,0.0,0.0,0.0,0.0,1.0,1.0,1.0,0.0,0.0,6.25,5.75,6.75,0.5,0.5,6.6,6.0,7.0,0.5999999999999996,0.40000000000000036,5.2,4.0,6.0,1.2000000000000002,0.7999999999999998,6.6,6.0,7.0,0.5999999999999996,0.40000000000000036,0.0,0.0,0.0,0.0,0.0,4.0,4.0,4.0,0.0,0.0,0.0,0.0,0.0,0.0,0.0,4.0,4.0,4.0,0.0,0.0
20,4,5,15,0.2,0.2,0.3,dense,True,20,20,20,4,5,15,19,DPA token margin,full_response_stable_against_any_token_change,radius_derived,5,"0,10,20,30,40",0.0,0.0,0.0,0.0,0.0,1.0,1.0,1.0,0.0,0.0,6.25,5.75,6.75,0.5,0.5,6.6,6.0,7.0,0.5999999999999996,0.40000000000000036,5.2,4.0,6.0,1.2000000000000002,0.7999999999999998,6.6,6.0,7.0,0.5999999999999996,0.40000000000000036,0.0,0.0,0.0,0.0,0.0,4.0,4.0,4.0,0.0,0.0,0.0,0.0,0.0,0.0,0.0,4.0,4.0,4.0,0.0,0.0
20,4,5,15,0.2,0.2,0.3,dense,True,20,20,20,4,5,15,20,DPA token margin,full_response_stable_against_any_token_change,radius_derived,5,"0,10,20,30,40",0.0,0.0,0.0,0.0,0.0,1.0,1.0,1.0,0.0,0.0,6.25,5.75,6.75,0.5,0.5,6.6,6.0,7.0,0.5999999999999996,0.40000000000000036,5.2,4.0,6.0,1.2000000000000002,0.7999999999999998,6.6,6.0,7.0,0.5999999999999996,0.40000000000000036,0.0,0.0,0.0,0.0,0.0,4.0,4.0,4.0,0.0,0.0,0.0,0.0,0.0,0.0,0.0,4.0,4.0,4.0,0.0,0.0
20,4,5,15,0.2,0.2,0.3,dense,True,20,20,20,4,5,15,0,Shared MILP,stability_one_token_per_prompt,radius_derived,5,"0,10,20,30,40",1.0,1.0,1.0,0.0,0.0,0.0,0.0,0.0,0.0,0.0,6.25,5.75,6.75,0.5,0.5,6.6,6.0,7.0,0.5999999999999996,0.40000000000000036,5.2,4.0,6.0,1.2000000000000002,0.7999999999999998,6.6,6.0,7.0,0.5999999999999996,0.40000000000000036,4.0,4.0,4.0,0.0,0.0,4.0,4.0,4.0,0.0,0.0,0.0,0.0,0.0,0.0,0.0,4.0,4.0,4.0,0.0,0.0
20,4,5,15,0.2,0.2,0.3,dense,True,20,20,20,4,5,15,1,Shared MILP,stability_one_token_per_prompt,radius_derived,5,"0,10,20,30,40",1.0,1.0,1.0,0.0,0.0,0.0,0.0,0.0,0.0,0.0,6.25,5.75,6.75,0.5,0.5,6.6,6.0,7.0,0.5999999999999996,0.40000000000000036,5.2,4.0,6.0,1.2000000000000002,0.7999999999999998,6.6,6.0,7.0,0.5999999999999996,0.40000000000000036,4.0,4.0,4.0,0.0,0.0,4.0,4.0,4.0,0.0,0.0,0.0,0.0,0.0,0.0,0.0,4.0,4.0,4.0,0.0,0.0
20,4,5,15,0.2,0.2,0.3,dense,True,20,20,20,4,5,15,2,Shared MILP,stability_one_token_per_prompt,radius_derived,5,"0,10,20,30,40",1.0,1.0,1.0,0.0,0.0,0.0,0.0,0.0,0.0,0.0,6.25,5.75,6.75,0.5,0.5,6.6,6.0,7.0,0.5999999999999996,0.40000000000000036,5.2,4.0,6.0,1.2000000000000002,0.7999999999999998,6.6,6.0,7.0,0.5999999999999996,0.40000000000000036,4.0,4.0,4.0,0.0,0.0,4.0,4.0,4.0,0.0,0.0,0.0,0.0,0.0,0.0,0.0,4.0,4.0,4.0,0.0,0.0
20,4,5,15,0.2,0.2,0.3,dense,True,20,20,20,4,5,15,3,Shared MILP,stability_one_token_per_prompt,radius_derived,5,"0,10,20,30,40",1.0,1.0,1.0,0.0,0.0,0.0,0.0,0.0,0.0,0.0,6.25,5.75,6.75,0.5,0.5,6.6,6.0,7.0,0.5999999999999996,0.40000000000000036,5.2,4.0,6.0,1.2000000000000002,0.7999999999999998,6.6,6.0,7.0,0.5999999999999996,0.40000000000000036,4.0,4.0,4.0,0.0,0.0,4.0,4.0,4.0,0.0,0.0,0.0,0.0,0.0,0.0,0.0,4.0,4.0,4.0,0.0,0.0
20,4,5,15,0.2,0.2,0.3,dense,True,20,20,20,4,5,15,4,Shared MILP,stability_one_token_per_prompt,radius_derived,5,"0,10,20,30,40",0.95,0.75,1.0,0.19999999999999996,0.050000000000000044,0.05,0.0,0.25,0.05,0.2,6.25,5.75,6.75,0.5,0.5,6.6,6.0,7.0,0.5999999999999996,0.40000000000000036,5.2,4.0,6.0,1.2000000000000002,0.7999999999999998,6.6,6.0,7.0,0.5999999999999996,0.40000000000000036,3.8,3.0,4.0,0.7999999999999998,0.20000000000000018,4.0,4.0,4.0,0.0,0.0,0.0,0.0,0.0,0.0,0.0,4.0,4.0,4.0,0.0,0.0
20,4,5,15,0.2,0.2,0.3,dense,True,20,20,20,4,5,15,5,Shared MILP,stability_one_token_per_prompt,radius_derived,5,"0,10,20,30,40",0.85,0.75,1.0,0.09999999999999998,0.15000000000000002,0.15,0.0,0.25,0.15,0.1,6.25,5.75,6.75,0.5,0.5,6.6,6.0,7.0,0.5999999999999996,0.40000000000000036,5.2,4.0,6.0,1.2000000000000002,0.7999999999999998,6.6,6.0,7.0,0.5999999999999996,0.40000000000000036,3.4,3.0,4.0,0.3999999999999999,0.6000000000000001,4.0,4.0,4.0,0.0,0.0,0.0,0.0,0.0,0.0,0.0,4.0,4.0,4.0,0.0,0.0
20,4,5,15,0.2,0.2,0.3,dense,True,20,20,20,4,5,15,6,Shared MILP,stability_one_token_per_prompt,radius_derived,5,"0,10,20,30,40",0.45,0.0,0.75,0.45,0.3,0.55,0.25,1.0,0.30000000000000004,0.44999999999999996,6.25,5.75,6.75,0.5,0.5,6.6,6.0,7.0,0.5999999999999996,0.40000000000000036,5.2,4.0,6.0,1.2000000000000002,0.7999999999999998,6.6,6.0,7.0,0.5999999999999996,0.40000000000000036,1.8,0.0,3.0,1.8,1.2,4.0,4.0,4.0,0.0,0.0,0.0,0.0,0.0,0.0,0.0,4.0,4.0,4.0,0.0,0.0
20,4,5,15,0.2,0.2,0.3,dense,True,20,20,20,4,5,15,7,Shared MILP,stability_one_token_per_prompt,radius_derived,5,"0,10,20,30,40",0.0,0.0,0.0,0.0,0.0,1.0,1.0,1.0,0.0,0.0,6.25,5.75,6.75,0.5,0.5,6.6,6.0,7.0,0.5999999999999996,0.40000000000000036,5.2,4.0,6.0,1.2000000000000002,0.7999999999999998,6.6,6.0,7.0,0.5999999999999996,0.40000000000000036,0.0,0.0,0.0,0.0,0.0,4.0,4.0,4.0,0.0,0.0,0.0,0.0,0.0,0.0,0.0,4.0,4.0,4.0,0.0,0.0
20,4,5,15,0.2,0.2,0.3,dense,True,20,20,20,4,5,15,8,Shared MILP,stability_one_token_per_prompt,radius_derived,5,"0,10,20,30,40",0.0,0.0,0.0,0.0,0.0,1.0,1.0,1.0,0.0,0.0,6.25,5.75,6.75,0.5,0.5,6.6,6.0,7.0,0.5999999999999996,0.40000000000000036,5.2,4.0,6.0,1.2000000000000002,0.7999999999999998,6.6,6.0,7.0,0.5999999999999996,0.40000000000000036,0.0,0.0,0.0,0.0,0.0,4.0,4.0,4.0,0.0,0.0,0.0,0.0,0.0,0.0,0.0,4.0,4.0,4.0,0.0,0.0
20,4,5,15,0.2,0.2,0.3,dense,True,20,20,20,4,5,15,9,Shared MILP,stability_one_token_per_prompt,radius_derived,5,"0,10,20,30,40",0.0,0.0,0.0,0.0,0.0,1.0,1.0,1.0,0.0,0.0,6.25,5.75,6.75,0.5,0.5,6.6,6.0,7.0,0.5999999999999996,0.40000000000000036,5.2,4.0,6.0,1.2000000000000002,0.7999999999999998,6.6,6.0,7.0,0.5999999999999996,0.40000000000000036,0.0,0.0,0.0,0.0,0.0,4.0,4.0,4.0,0.0,0.0,0.0,0.0,0.0,0.0,0.0,4.0,4.0,4.0,0.0,0.0
20,4,5,15,0.2,0.2,0.3,dense,True,20,20,20,4,5,15,10,Shared MILP,stability_one_token_per_prompt,radius_derived,5,"0,10,20,30,40",0.0,0.0,0.0,0.0,0.0,1.0,1.0,1.0,0.0,0.0,6.25,5.75,6.75,0.5,0.5,6.6,6.0,7.0,0.5999999999999996,0.40000000000000036,5.2,4.0,6.0,1.2000000000000002,0.7999999999999998,6.6,6.0,7.0,0.5999999999999996,0.40000000000000036,0.0,0.0,0.0,0.0,0.0,4.0,4.0,4.0,0.0,0.0,0.0,0.0,0.0,0.0,0.0,4.0,4.0,4.0,0.0,0.0
20,4,5,15,0.2,0.2,0.3,dense,True,20,20,20,4,5,15,11,Shared MILP,stability_one_token_per_prompt,radius_derived,5,"0,10,20,30,40",0.0,0.0,0.0,0.0,0.0,1.0,1.0,1.0,0.0,0.0,6.25,5.75,6.75,0.5,0.5,6.6,6.0,7.0,0.5999999999999996,0.40000000000000036,5.2,4.0,6.0,1.2000000000000002,0.7999999999999998,6.6,6.0,7.0,0.5999999999999996,0.40000000000000036,0.0,0.0,0.0,0.0,0.0,4.0,4.0,4.0,0.0,0.0,0.0,0.0,0.0,0.0,0.0,4.0,4.0,4.0,0.0,0.0
20,4,5,15,0.2,0.2,0.3,dense,True,20,20,20,4,5,15,12,Shared MILP,stability_one_token_per_prompt,radius_derived,5,"0,10,20,30,40",0.0,0.0,0.0,0.0,0.0,1.0,1.0,1.0,0.0,0.0,6.25,5.75,6.75,0.5,0.5,6.6,6.0,7.0,0.5999999999999996,0.40000000000000036,5.2,4.0,6.0,1.2000000000000002,0.7999999999999998,6.6,6.0,7.0,0.5999999999999996,0.40000000000000036,0.0,0.0,0.0,0.0,0.0,4.0,4.0,4.0,0.0,0.0,0.0,0.0,0.0,0.0,0.0,4.0,4.0,4.0,0.0,0.0
20,4,5,15,0.2,0.2,0.3,dense,True,20,20,20,4,5,15,13,Shared MILP,stability_one_token_per_prompt,radius_derived,5,"0,10,20,30,40",0.0,0.0,0.0,0.0,0.0,1.0,1.0,1.0,0.0,0.0,6.25,5.75,6.75,0.5,0.5,6.6,6.0,7.0,0.5999999999999996,0.40000000000000036,5.2,4.0,6.0,1.2000000000000002,0.7999999999999998,6.6,6.0,7.0,0.5999999999999996,0.40000000000000036,0.0,0.0,0.0,0.0,0.0,4.0,4.0,4.0,0.0,0.0,0.0,0.0,0.0,0.0,0.0,4.0,4.0,4.0,0.0,0.0
20,4,5,15,0.2,0.2,0.3,dense,True,20,20,20,4,5,15,14,Shared MILP,stability_one_token_per_prompt,radius_derived,5,"0,10,20,30,40",0.0,0.0,0.0,0.0,0.0,1.0,1.0,1.0,0.0,0.0,6.25,5.75,6.75,0.5,0.5,6.6,6.0,7.0,0.5999999999999996,0.40000000000000036,5.2,4.0,6.0,1.2000000000000002,0.7999999999999998,6.6,6.0,7.0,0.5999999999999996,0.40000000000000036,0.0,0.0,0.0,0.0,0.0,4.0,4.0,4.0,0.0,0.0,0.0,0.0,0.0,0.0,0.0,4.0,4.0,4.0,0.0,0.0
20,4,5,15,0.2,0.2,0.3,dense,True,20,20,20,4,5,15,15,Shared MILP,stability_one_token_per_prompt,radius_derived,5,"0,10,20,30,40",0.0,0.0,0.0,0.0,0.0,1.0,1.0,1.0,0.0,0.0,6.25,5.75,6.75,0.5,0.5,6.6,6.0,7.0,0.5999999999999996,0.40000000000000036,5.2,4.0,6.0,1.2000000000000002,0.7999999999999998,6.6,6.0,7.0,0.5999999999999996,0.40000000000000036,0.0,0.0,0.0,0.0,0.0,4.0,4.0,4.0,0.0,0.0,0.0,0.0,0.0,0.0,0.0,4.0,4.0,4.0,0.0,0.0
20,4,5,15,0.2,0.2,0.3,dense,True,20,20,20,4,5,15,16,Shared MILP,stability_one_token_per_prompt,radius_derived,5,"0,10,20,30,40",0.0,0.0,0.0,0.0,0.0,1.0,1.0,1.0,0.0,0.0,6.25,5.75,6.75,0.5,0.5,6.6,6.0,7.0,0.5999999999999996,0.40000000000000036,5.2,4.0,6.0,1.2000000000000002,0.7999999999999998,6.6,6.0,7.0,0.5999999999999996,0.40000000000000036,0.0,0.0,0.0,0.0,0.0,4.0,4.0,4.0,0.0,0.0,0.0,0.0,0.0,0.0,0.0,4.0,4.0,4.0,0.0,0.0
20,4,5,15,0.2,0.2,0.3,dense,True,20,20,20,4,5,15,17,Shared MILP,stability_one_token_per_prompt,radius_derived,5,"0,10,20,30,40",0.0,0.0,0.0,0.0,0.0,1.0,1.0,1.0,0.0,0.0,6.25,5.75,6.75,0.5,0.5,6.6,6.0,7.0,0.5999999999999996,0.40000000000000036,5.2,4.0,6.0,1.2000000000000002,0.7999999999999998,6.6,6.0,7.0,0.5999999999999996,0.40000000000000036,0.0,0.0,0.0,0.0,0.0,4.0,4.0,4.0,0.0,0.0,0.0,0.0,0.0,0.0,0.0,4.0,4.0,4.0,0.0,0.0
20,4,5,15,0.2,0.2,0.3,dense,True,20,20,20,4,5,15,18,Shared MILP,stability_one_token_per_prompt,radius_derived,5,"0,10,20,30,40",0.0,0.0,0.0,0.0,0.0,1.0,1.0,1.0,0.0,0.0,6.25,5.75,6.75,0.5,0.5,6.6,6.0,7.0,0.5999999999999996,0.40000000000000036,5.2,4.0,6.0,1.2000000000000002,0.7999999999999998,6.6,6.0,7.0,0.5999999999999996,0.40000000000000036,0.0,0.0,0.0,0.0,0.0,4.0,4.0,4.0,0.0,0.0,0.0,0.0,0.0,0.0,0.0,4.0,4.0,4.0,0.0,0.0
20,4,5,15,0.2,0.2,0.3,dense,True,20,20,20,4,5,15,19,Shared MILP,stability_one_token_per_prompt,radius_derived,5,"0,10,20,30,40",0.0,0.0,0.0,0.0,0.0,1.0,1.0,1.0,0.0,0.0,6.25,5.75,6.75,0.5,0.5,6.6,6.0,7.0,0.5999999999999996,0.40000000000000036,5.2,4.0,6.0,1.2000000000000002,0.7999999999999998,6.6,6.0,7.0,0.5999999999999996,0.40000000000000036,0.0,0.0,0.0,0.0,0.0,4.0,4.0,4.0,0.0,0.0,0.0,0.0,0.0,0.0,0.0,4.0,4.0,4.0,0.0,0.0
20,4,5,15,0.2,0.2,0.3,dense,True,20,20,20,4,5,15,20,Shared MILP,stability_one_token_per_prompt,radius_derived,5,"0,10,20,30,40",0.0,0.0,0.0,0.0,0.0,1.0,1.0,1.0,0.0,0.0,6.25,5.75,6.75,0.5,0.5,6.6,6.0,7.0,0.5999999999999996,0.40000000000000036,5.2,4.0,6.0,1.2000000000000002,0.7999999999999998,6.6,6.0,7.0,0.5999999999999996,0.40000000000000036,0.0,0.0,0.0,0.0,0.0,4.0,4.0,4.0,0.0,0.0,0.0,0.0,0.0,0.0,0.0,4.0,4.0,4.0,0.0,0.0
20,4,5,15,0.2,0.2,0.3,dense,True,20,20,20,4,5,15,0,Shared MILP,stability_full_sequence_per_prompt,radius_derived,5,"0,10,20,30,40",1.0,1.0,1.0,0.0,0.0,0.0,0.0,0.0,0.0,0.0,8.85,8.75,9.25,0.09999999999999964,0.40000000000000036,9.0,9.0,9.0,0.0,0.0,8.2,8.0,9.0,0.1999999999999993,0.8000000000000007,9.2,9.0,10.0,0.1999999999999993,0.8000000000000007,4.0,4.0,4.0,0.0,0.0,4.0,4.0,4.0,0.0,0.0,0.0,0.0,0.0,0.0,0.0,4.0,4.0,4.0,0.0,0.0
20,4,5,15,0.2,0.2,0.3,dense,True,20,20,20,4,5,15,1,Shared MILP,stability_full_sequence_per_prompt,radius_derived,5,"0,10,20,30,40",1.0,1.0,1.0,0.0,0.0,0.0,0.0,0.0,0.0,0.0,8.85,8.75,9.25,0.09999999999999964,0.40000000000000036,9.0,9.0,9.0,0.0,0.0,8.2,8.0,9.0,0.1999999999999993,0.8000000000000007,9.2,9.0,10.0,0.1999999999999993,0.8000000000000007,4.0,4.0,4.0,0.0,0.0,4.0,4.0,4.0,0.0,0.0,0.0,0.0,0.0,0.0,0.0,4.0,4.0,4.0,0.0,0.0
20,4,5,15,0.2,0.2,0.3,dense,True,20,20,20,4,5,15,2,Shared MILP,stability_full_sequence_per_prompt,radius_derived,5,"0,10,20,30,40",1.0,1.0,1.0,0.0,0.0,0.0,0.0,0.0,0.0,0.0,8.85,8.75,9.25,0.09999999999999964,0.40000000000000036,9.0,9.0,9.0,0.0,0.0,8.2,8.0,9.0,0.1999999999999993,0.8000000000000007,9.2,9.0,10.0,0.1999999999999993,0.8000000000000007,4.0,4.0,4.0,0.0,0.0,4.0,4.0,4.0,0.0,0.0,0.0,0.0,0.0,0.0,0.0,4.0,4.0,4.0,0.0,0.0
20,4,5,15,0.2,0.2,0.3,dense,True,20,20,20,4,5,15,3,Shared MILP,stability_full_sequence_per_prompt,radius_derived,5,"0,10,20,30,40",1.0,1.0,1.0,0.0,0.0,0.0,0.0,0.0,0.0,0.0,8.85,8.75,9.25,0.09999999999999964,0.40000000000000036,9.0,9.0,9.0,0.0,0.0,8.2,8.0,9.0,0.1999999999999993,0.8000000000000007,9.2,9.0,10.0,0.1999999999999993,0.8000000000000007,4.0,4.0,4.0,0.0,0.0,4.0,4.0,4.0,0.0,0.0,0.0,0.0,0.0,0.0,0.0,4.0,4.0,4.0,0.0,0.0
20,4,5,15,0.2,0.2,0.3,dense,True,20,20,20,4,5,15,4,Shared MILP,stability_full_sequence_per_prompt,radius_derived,5,"0,10,20,30,40",1.0,1.0,1.0,0.0,0.0,0.0,0.0,0.0,0.0,0.0,8.85,8.75,9.25,0.09999999999999964,0.40000000000000036,9.0,9.0,9.0,0.0,0.0,8.2,8.0,9.0,0.1999999999999993,0.8000000000000007,9.2,9.0,10.0,0.1999999999999993,0.8000000000000007,4.0,4.0,4.0,0.0,0.0,4.0,4.0,4.0,0.0,0.0,0.0,0.0,0.0,0.0,0.0,4.0,4.0,4.0,0.0,0.0
20,4,5,15,0.2,0.2,0.3,dense,True,20,20,20,4,5,15,5,Shared MILP,stability_full_sequence_per_prompt,radius_derived,5,"0,10,20,30,40",1.0,1.0,1.0,0.0,0.0,0.0,0.0,0.0,0.0,0.0,8.85,8.75,9.25,0.09999999999999964,0.40000000000000036,9.0,9.0,9.0,0.0,0.0,8.2,8.0,9.0,0.1999999999999993,0.8000000000000007,9.2,9.0,10.0,0.1999999999999993,0.8000000000000007,4.0,4.0,4.0,0.0,0.0,4.0,4.0,4.0,0.0,0.0,0.0,0.0,0.0,0.0,0.0,4.0,4.0,4.0,0.0,0.0
20,4,5,15,0.2,0.2,0.3,dense,True,20,20,20,4,5,15,6,Shared MILP,stability_full_sequence_per_prompt,radius_derived,5,"0,10,20,30,40",1.0,1.0,1.0,0.0,0.0,0.0,0.0,0.0,0.0,0.0,8.85,8.75,9.25,0.09999999999999964,0.40000000000000036,9.0,9.0,9.0,0.0,0.0,8.2,8.0,9.0,0.1999999999999993,0.8000000000000007,9.2,9.0,10.0,0.1999999999999993,0.8000000000000007,4.0,4.0,4.0,0.0,0.0,4.0,4.0,4.0,0.0,0.0,0.0,0.0,0.0,0.0,0.0,4.0,4.0,4.0,0.0,0.0
20,4,5,15,0.2,0.2,0.3,dense,True,20,20,20,4,5,15,7,Shared MILP,stability_full_sequence_per_prompt,radius_derived,5,"0,10,20,30,40",1.0,1.0,1.0,0.0,0.0,0.0,0.0,0.0,0.0,0.0,8.85,8.75,9.25,0.09999999999999964,0.40000000000000036,9.0,9.0,9.0,0.0,0.0,8.2,8.0,9.0,0.1999999999999993,0.8000000000000007,9.2,9.0,10.0,0.1999999999999993,0.8000000000000007,4.0,4.0,4.0,0.0,0.0,4.0,4.0,4.0,0.0,0.0,0.0,0.0,0.0,0.0,0.0,4.0,4.0,4.0,0.0,0.0
20,4,5,15,0.2,0.2,0.3,dense,True,20,20,20,4,5,15,8,Shared MILP,stability_full_sequence_per_prompt,radius_derived,5,"0,10,20,30,40",0.8,0.75,1.0,0.050000000000000044,0.19999999999999996,0.2,0.0,0.25,0.2,0.04999999999999999,8.85,8.75,9.25,0.09999999999999964,0.40000000000000036,9.0,9.0,9.0,0.0,0.0,8.2,8.0,9.0,0.1999999999999993,0.8000000000000007,9.2,9.0,10.0,0.1999999999999993,0.8000000000000007,3.2,3.0,4.0,0.20000000000000018,0.7999999999999998,4.0,4.0,4.0,0.0,0.0,0.0,0.0,0.0,0.0,0.0,4.0,4.0,4.0,0.0,0.0
20,4,5,15,0.2,0.2,0.3,dense,True,20,20,20,4,5,15,9,Shared MILP,stability_full_sequence_per_prompt,radius_derived,5,"0,10,20,30,40",0.05,0.0,0.25,0.05,0.2,0.95,0.75,1.0,0.19999999999999996,0.050000000000000044,8.85,8.75,9.25,0.09999999999999964,0.40000000000000036,9.0,9.0,9.0,0.0,0.0,8.2,8.0,9.0,0.1999999999999993,0.8000000000000007,9.2,9.0,10.0,0.1999999999999993,0.8000000000000007,0.2,0.0,1.0,0.2,0.8,4.0,4.0,4.0,0.0,0.0,0.0,0.0,0.0,0.0,0.0,4.0,4.0,4.0,0.0,0.0
20,4,5,15,0.2,0.2,0.3,dense,True,20,20,20,4,5,15,10,Shared MILP,stability_full_sequence_per_prompt,radius_derived,5,"0,10,20,30,40",0.0,0.0,0.0,0.0,0.0,1.0,1.0,1.0,0.0,0.0,8.85,8.75,9.25,0.09999999999999964,0.40000000000000036,9.0,9.0,9.0,0.0,0.0,8.2,8.0,9.0,0.1999999999999993,0.8000000000000007,9.2,9.0,10.0,0.1999999999999993,0.8000000000000007,0.0,0.0,0.0,0.0,0.0,4.0,4.0,4.0,0.0,0.0,0.0,0.0,0.0,0.0,0.0,4.0,4.0,4.0,0.0,0.0
20,4,5,15,0.2,0.2,0.3,dense,True,20,20,20,4,5,15,11,Shared MILP,stability_full_sequence_per_prompt,radius_derived,5,"0,10,20,30,40",0.0,0.0,0.0,0.0,0.0,1.0,1.0,1.0,0.0,0.0,8.85,8.75,9.25,0.09999999999999964,0.40000000000000036,9.0,9.0,9.0,0.0,0.0,8.2,8.0,9.0,0.1999999999999993,0.8000000000000007,9.2,9.0,10.0,0.1999999999999993,0.8000000000000007,0.0,0.0,0.0,0.0,0.0,4.0,4.0,4.0,0.0,0.0,0.0,0.0,0.0,0.0,0.0,4.0,4.0,4.0,0.0,0.0
20,4,5,15,0.2,0.2,0.3,dense,True,20,20,20,4,5,15,12,Shared MILP,stability_full_sequence_per_prompt,radius_derived,5,"0,10,20,30,40",0.0,0.0,0.0,0.0,0.0,1.0,1.0,1.0,0.0,0.0,8.85,8.75,9.25,0.09999999999999964,0.40000000000000036,9.0,9.0,9.0,0.0,0.0,8.2,8.0,9.0,0.1999999999999993,0.8000000000000007,9.2,9.0,10.0,0.1999999999999993,0.8000000000000007,0.0,0.0,0.0,0.0,0.0,4.0,4.0,4.0,0.0,0.0,0.0,0.0,0.0,0.0,0.0,4.0,4.0,4.0,0.0,0.0
20,4,5,15,0.2,0.2,0.3,dense,True,20,20,20,4,5,15,13,Shared MILP,stability_full_sequence_per_prompt,radius_derived,5,"0,10,20,30,40",0.0,0.0,0.0,0.0,0.0,1.0,1.0,1.0,0.0,0.0,8.85,8.75,9.25,0.09999999999999964,0.40000000000000036,9.0,9.0,9.0,0.0,0.0,8.2,8.0,9.0,0.1999999999999993,0.8000000000000007,9.2,9.0,10.0,0.1999999999999993,0.8000000000000007,0.0,0.0,0.0,0.0,0.0,4.0,4.0,4.0,0.0,0.0,0.0,0.0,0.0,0.0,0.0,4.0,4.0,4.0,0.0,0.0
20,4,5,15,0.2,0.2,0.3,dense,True,20,20,20,4,5,15,14,Shared MILP,stability_full_sequence_per_prompt,radius_derived,5,"0,10,20,30,40",0.0,0.0,0.0,0.0,0.0,1.0,1.0,1.0,0.0,0.0,8.85,8.75,9.25,0.09999999999999964,0.40000000000000036,9.0,9.0,9.0,0.0,0.0,8.2,8.0,9.0,0.1999999999999993,0.8000000000000007,9.2,9.0,10.0,0.1999999999999993,0.8000000000000007,0.0,0.0,0.0,0.0,0.0,4.0,4.0,4.0,0.0,0.0,0.0,0.0,0.0,0.0,0.0,4.0,4.0,4.0,0.0,0.0
20,4,5,15,0.2,0.2,0.3,dense,True,20,20,20,4,5,15,15,Shared MILP,stability_full_sequence_per_prompt,radius_derived,5,"0,10,20,30,40",0.0,0.0,0.0,0.0,0.0,1.0,1.0,1.0,0.0,0.0,8.85,8.75,9.25,0.09999999999999964,0.40000000000000036,9.0,9.0,9.0,0.0,0.0,8.2,8.0,9.0,0.1999999999999993,0.8000000000000007,9.2,9.0,10.0,0.1999999999999993,0.8000000000000007,0.0,0.0,0.0,0.0,0.0,4.0,4.0,4.0,0.0,0.0,0.0,0.0,0.0,0.0,0.0,4.0,4.0,4.0,0.0,0.0
20,4,5,15,0.2,0.2,0.3,dense,True,20,20,20,4,5,15,16,Shared MILP,stability_full_sequence_per_prompt,radius_derived,5,"0,10,20,30,40",0.0,0.0,0.0,0.0,0.0,1.0,1.0,1.0,0.0,0.0,8.85,8.75,9.25,0.09999999999999964,0.40000000000000036,9.0,9.0,9.0,0.0,0.0,8.2,8.0,9.0,0.1999999999999993,0.8000000000000007,9.2,9.0,10.0,0.1999999999999993,0.8000000000000007,0.0,0.0,0.0,0.0,0.0,4.0,4.0,4.0,0.0,0.0,0.0,0.0,0.0,0.0,0.0,4.0,4.0,4.0,0.0,0.0
20,4,5,15,0.2,0.2,0.3,dense,True,20,20,20,4,5,15,17,Shared MILP,stability_full_sequence_per_prompt,radius_derived,5,"0,10,20,30,40",0.0,0.0,0.0,0.0,0.0,1.0,1.0,1.0,0.0,0.0,8.85,8.75,9.25,0.09999999999999964,0.40000000000000036,9.0,9.0,9.0,0.0,0.0,8.2,8.0,9.0,0.1999999999999993,0.8000000000000007,9.2,9.0,10.0,0.1999999999999993,0.8000000000000007,0.0,0.0,0.0,0.0,0.0,4.0,4.0,4.0,0.0,0.0,0.0,0.0,0.0,0.0,0.0,4.0,4.0,4.0,0.0,0.0
20,4,5,15,0.2,0.2,0.3,dense,True,20,20,20,4,5,15,18,Shared MILP,stability_full_sequence_per_prompt,radius_derived,5,"0,10,20,30,40",0.0,0.0,0.0,0.0,0.0,1.0,1.0,1.0,0.0,0.0,8.85,8.75,9.25,0.09999999999999964,0.40000000000000036,9.0,9.0,9.0,0.0,0.0,8.2,8.0,9.0,0.1999999999999993,0.8000000000000007,9.2,9.0,10.0,0.1999999999999993,0.8000000000000007,0.0,0.0,0.0,0.0,0.0,4.0,4.0,4.0,0.0,0.0,0.0,0.0,0.0,0.0,0.0,4.0,4.0,4.0,0.0,0.0
20,4,5,15,0.2,0.2,0.3,dense,True,20,20,20,4,5,15,19,Shared MILP,stability_full_sequence_per_prompt,radius_derived,5,"0,10,20,30,40",0.0,0.0,0.0,0.0,0.0,1.0,1.0,1.0,0.0,0.0,8.85,8.75,9.25,0.09999999999999964,0.40000000000000036,9.0,9.0,9.0,0.0,0.0,8.2,8.0,9.0,0.1999999999999993,0.8000000000000007,9.2,9.0,10.0,0.1999999999999993,0.8000000000000007,0.0,0.0,0.0,0.0,0.0,4.0,4.0,4.0,0.0,0.0,0.0,0.0,0.0,0.0,0.0,4.0,4.0,4.0,0.0,0.0
20,4,5,15,0.2,0.2,0.3,dense,True,20,20,20,4,5,15,20,Shared MILP,stability_full_sequence_per_prompt,radius_derived,5,"0,10,20,30,40",0.0,0.0,0.0,0.0,0.0,1.0,1.0,1.0,0.0,0.0,8.85,8.75,9.25,0.09999999999999964,0.40000000000000036,9.0,9.0,9.0,0.0,0.0,8.2,8.0,9.0,0.1999999999999993,0.8000000000000007,9.2,9.0,10.0,0.1999999999999993,0.8000000000000007,0.0,0.0,0.0,0.0,0.0,4.0,4.0,4.0,0.0,0.0,0.0,0.0,0.0,0.0,0.0,4.0,4.0,4.0,0.0,0.0
20,4,5,15,0.2,0.2,0.3,dense,True,20,20,20,4,5,15,0,Plain DPA max token,validity_full_harmful_sequence_per_prompt,radius_derived,5,"0,10,20,30,40",1.0,1.0,1.0,0.0,0.0,0.0,0.0,0.0,0.0,0.0,5.0,4.0,7.25,1.0,2.25,4.9,4.0,7.0,0.9000000000000004,2.0999999999999996,4.4,3.0,7.0,1.4000000000000004,2.5999999999999996,5.8,4.0,8.0,1.7999999999999998,2.2,4.0,4.0,4.0,0.0,0.0,4.0,4.0,4.0,0.0,0.0,0.0,0.0,0.0,0.0,0.0,4.0,4.0,4.0,0.0,0.0
20,4,5,15,0.2,0.2,0.3,dense,True,20,20,20,4,5,15,1,Plain DPA max token,validity_full_harmful_sequence_per_prompt,radius_derived,5,"0,10,20,30,40",1.0,1.0,1.0,0.0,0.0,0.0,0.0,0.0,0.0,0.0,5.0,4.0,7.25,1.0,2.25,4.9,4.0,7.0,0.9000000000000004,2.0999999999999996,4.4,3.0,7.0,1.4000000000000004,2.5999999999999996,5.8,4.0,8.0,1.7999999999999998,2.2,4.0,4.0,4.0,0.0,0.0,4.0,4.0,4.0,0.0,0.0,0.0,0.0,0.0,0.0,0.0,4.0,4.0,4.0,0.0,0.0
20,4,5,15,0.2,0.2,0.3,dense,True,20,20,20,4,5,15,2,Plain DPA max token,validity_full_harmful_sequence_per_prompt,radius_derived,5,"0,10,20,30,40",1.0,1.0,1.0,0.0,0.0,0.0,0.0,0.0,0.0,0.0,5.0,4.0,7.25,1.0,2.25,4.9,4.0,7.0,0.9000000000000004,2.0999999999999996,4.4,3.0,7.0,1.4000000000000004,2.5999999999999996,5.8,4.0,8.0,1.7999999999999998,2.2,4.0,4.0,4.0,0.0,0.0,4.0,4.0,4.0,0.0,0.0,0.0,0.0,0.0,0.0,0.0,4.0,4.0,4.0,0.0,0.0
20,4,5,15,0.2,0.2,0.3,dense,True,20,20,20,4,5,15,3,Plain DPA max token,validity_full_harmful_sequence_per_prompt,radius_derived,5,"0,10,20,30,40",0.95,0.75,1.0,0.19999999999999996,0.050000000000000044,0.05,0.0,0.25,0.05,0.2,5.0,4.0,7.25,1.0,2.25,4.9,4.0,7.0,0.9000000000000004,2.0999999999999996,4.4,3.0,7.0,1.4000000000000004,2.5999999999999996,5.8,4.0,8.0,1.7999999999999998,2.2,3.8,3.0,4.0,0.7999999999999998,0.20000000000000018,4.0,4.0,4.0,0.0,0.0,0.0,0.0,0.0,0.0,0.0,4.0,4.0,4.0,0.0,0.0
20,4,5,15,0.2,0.2,0.3,dense,True,20,20,20,4,5,15,4,Plain DPA max token,validity_full_harmful_sequence_per_prompt,radius_derived,5,"0,10,20,30,40",0.5,0.0,1.0,0.5,0.5,0.5,0.0,1.0,0.5,0.5,5.0,4.0,7.25,1.0,2.25,4.9,4.0,7.0,0.9000000000000004,2.0999999999999996,4.4,3.0,7.0,1.4000000000000004,2.5999999999999996,5.8,4.0,8.0,1.7999999999999998,2.2,2.0,0.0,4.0,2.0,2.0,4.0,4.0,4.0,0.0,0.0,0.0,0.0,0.0,0.0,0.0,4.0,4.0,4.0,0.0,0.0
20,4,5,15,0.2,0.2,0.3,dense,True,20,20,20,4,5,15,5,Plain DPA max token,validity_full_harmful_sequence_per_prompt,radius_derived,5,"0,10,20,30,40",0.25,0.0,1.0,0.25,0.75,0.75,0.0,1.0,0.75,0.25,5.0,4.0,7.25,1.0,2.25,4.9,4.0,7.0,0.9000000000000004,2.0999999999999996,4.4,3.0,7.0,1.4000000000000004,2.5999999999999996,5.8,4.0,8.0,1.7999999999999998,2.2,1.0,0.0,4.0,1.0,3.0,4.0,4.0,4.0,0.0,0.0,0.0,0.0,0.0,0.0,0.0,4.0,4.0,4.0,0.0,0.0
20,4,5,15,0.2,0.2,0.3,dense,True,20,20,20,4,5,15,6,Plain DPA max token,validity_full_harmful_sequence_per_prompt,radius_derived,5,"0,10,20,30,40",0.25,0.0,1.0,0.25,0.75,0.75,0.0,1.0,0.75,0.25,5.0,4.0,7.25,1.0,2.25,4.9,4.0,7.0,0.9000000000000004,2.0999999999999996,4.4,3.0,7.0,1.4000000000000004,2.5999999999999996,5.8,4.0,8.0,1.7999999999999998,2.2,1.0,0.0,4.0,1.0,3.0,4.0,4.0,4.0,0.0,0.0,0.0,0.0,0.0,0.0,0.0,4.0,4.0,4.0,0.0,0.0
20,4,5,15,0.2,0.2,0.3,dense,True,20,20,20,4,5,15,7,Plain DPA max token,validity_full_harmful_sequence_per_prompt,radius_derived,5,"0,10,20,30,40",0.05,0.0,0.25,0.05,0.2,0.95,0.75,1.0,0.19999999999999996,0.050000000000000044,5.0,4.0,7.25,1.0,2.25,4.9,4.0,7.0,0.9000000000000004,2.0999999999999996,4.4,3.0,7.0,1.4000000000000004,2.5999999999999996,5.8,4.0,8.0,1.7999999999999998,2.2,0.2,0.0,1.0,0.2,0.8,4.0,4.0,4.0,0.0,0.0,0.0,0.0,0.0,0.0,0.0,4.0,4.0,4.0,0.0,0.0
20,4,5,15,0.2,0.2,0.3,dense,True,20,20,20,4,5,15,8,Plain DPA max token,validity_full_harmful_sequence_per_prompt,radius_derived,5,"0,10,20,30,40",0.0,0.0,0.0,0.0,0.0,1.0,1.0,1.0,0.0,0.0,5.0,4.0,7.25,1.0,2.25,4.9,4.0,7.0,0.9000000000000004,2.0999999999999996,4.4,3.0,7.0,1.4000000000000004,2.5999999999999996,5.8,4.0,8.0,1.7999999999999998,2.2,0.0,0.0,0.0,0.0,0.0,4.0,4.0,4.0,0.0,0.0,0.0,0.0,0.0,0.0,0.0,4.0,4.0,4.0,0.0,0.0
20,4,5,15,0.2,0.2,0.3,dense,True,20,20,20,4,5,15,9,Plain DPA max token,validity_full_harmful_sequence_per_prompt,radius_derived,5,"0,10,20,30,40",0.0,0.0,0.0,0.0,0.0,1.0,1.0,1.0,0.0,0.0,5.0,4.0,7.25,1.0,2.25,4.9,4.0,7.0,0.9000000000000004,2.0999999999999996,4.4,3.0,7.0,1.4000000000000004,2.5999999999999996,5.8,4.0,8.0,1.7999999999999998,2.2,0.0,0.0,0.0,0.0,0.0,4.0,4.0,4.0,0.0,0.0,0.0,0.0,0.0,0.0,0.0,4.0,4.0,4.0,0.0,0.0
20,4,5,15,0.2,0.2,0.3,dense,True,20,20,20,4,5,15,10,Plain DPA max token,validity_full_harmful_sequence_per_prompt,radius_derived,5,"0,10,20,30,40",0.0,0.0,0.0,0.0,0.0,1.0,1.0,1.0,0.0,0.0,5.0,4.0,7.25,1.0,2.25,4.9,4.0,7.0,0.9000000000000004,2.0999999999999996,4.4,3.0,7.0,1.4000000000000004,2.5999999999999996,5.8,4.0,8.0,1.7999999999999998,2.2,0.0,0.0,0.0,0.0,0.0,4.0,4.0,4.0,0.0,0.0,0.0,0.0,0.0,0.0,0.0,4.0,4.0,4.0,0.0,0.0
20,4,5,15,0.2,0.2,0.3,dense,True,20,20,20,4,5,15,11,Plain DPA max token,validity_full_harmful_sequence_per_prompt,radius_derived,5,"0,10,20,30,40",0.0,0.0,0.0,0.0,0.0,1.0,1.0,1.0,0.0,0.0,5.0,4.0,7.25,1.0,2.25,4.9,4.0,7.0,0.9000000000000004,2.0999999999999996,4.4,3.0,7.0,1.4000000000000004,2.5999999999999996,5.8,4.0,8.0,1.7999999999999998,2.2,0.0,0.0,0.0,0.0,0.0,4.0,4.0,4.0,0.0,0.0,0.0,0.0,0.0,0.0,0.0,4.0,4.0,4.0,0.0,0.0
20,4,5,15,0.2,0.2,0.3,dense,True,20,20,20,4,5,15,12,Plain DPA max token,validity_full_harmful_sequence_per_prompt,radius_derived,5,"0,10,20,30,40",0.0,0.0,0.0,0.0,0.0,1.0,1.0,1.0,0.0,0.0,5.0,4.0,7.25,1.0,2.25,4.9,4.0,7.0,0.9000000000000004,2.0999999999999996,4.4,3.0,7.0,1.4000000000000004,2.5999999999999996,5.8,4.0,8.0,1.7999999999999998,2.2,0.0,0.0,0.0,0.0,0.0,4.0,4.0,4.0,0.0,0.0,0.0,0.0,0.0,0.0,0.0,4.0,4.0,4.0,0.0,0.0
20,4,5,15,0.2,0.2,0.3,dense,True,20,20,20,4,5,15,13,Plain DPA max token,validity_full_harmful_sequence_per_prompt,radius_derived,5,"0,10,20,30,40",0.0,0.0,0.0,0.0,0.0,1.0,1.0,1.0,0.0,0.0,5.0,4.0,7.25,1.0,2.25,4.9,4.0,7.0,0.9000000000000004,2.0999999999999996,4.4,3.0,7.0,1.4000000000000004,2.5999999999999996,5.8,4.0,8.0,1.7999999999999998,2.2,0.0,0.0,0.0,0.0,0.0,4.0,4.0,4.0,0.0,0.0,0.0,0.0,0.0,0.0,0.0,4.0,4.0,4.0,0.0,0.0
20,4,5,15,0.2,0.2,0.3,dense,True,20,20,20,4,5,15,14,Plain DPA max token,validity_full_harmful_sequence_per_prompt,radius_derived,5,"0,10,20,30,40",0.0,0.0,0.0,0.0,0.0,1.0,1.0,1.0,0.0,0.0,5.0,4.0,7.25,1.0,2.25,4.9,4.0,7.0,0.9000000000000004,2.0999999999999996,4.4,3.0,7.0,1.4000000000000004,2.5999999999999996,5.8,4.0,8.0,1.7999999999999998,2.2,0.0,0.0,0.0,0.0,0.0,4.0,4.0,4.0,0.0,0.0,0.0,0.0,0.0,0.0,0.0,4.0,4.0,4.0,0.0,0.0
20,4,5,15,0.2,0.2,0.3,dense,True,20,20,20,4,5,15,15,Plain DPA max token,validity_full_harmful_sequence_per_prompt,radius_derived,5,"0,10,20,30,40",0.0,0.0,0.0,0.0,0.0,1.0,1.0,1.0,0.0,0.0,5.0,4.0,7.25,1.0,2.25,4.9,4.0,7.0,0.9000000000000004,2.0999999999999996,4.4,3.0,7.0,1.4000000000000004,2.5999999999999996,5.8,4.0,8.0,1.7999999999999998,2.2,0.0,0.0,0.0,0.0,0.0,4.0,4.0,4.0,0.0,0.0,0.0,0.0,0.0,0.0,0.0,4.0,4.0,4.0,0.0,0.0
20,4,5,15,0.2,0.2,0.3,dense,True,20,20,20,4,5,15,16,Plain DPA max token,validity_full_harmful_sequence_per_prompt,radius_derived,5,"0,10,20,30,40",0.0,0.0,0.0,0.0,0.0,1.0,1.0,1.0,0.0,0.0,5.0,4.0,7.25,1.0,2.25,4.9,4.0,7.0,0.9000000000000004,2.0999999999999996,4.4,3.0,7.0,1.4000000000000004,2.5999999999999996,5.8,4.0,8.0,1.7999999999999998,2.2,0.0,0.0,0.0,0.0,0.0,4.0,4.0,4.0,0.0,0.0,0.0,0.0,0.0,0.0,0.0,4.0,4.0,4.0,0.0,0.0
20,4,5,15,0.2,0.2,0.3,dense,True,20,20,20,4,5,15,17,Plain DPA max token,validity_full_harmful_sequence_per_prompt,radius_derived,5,"0,10,20,30,40",0.0,0.0,0.0,0.0,0.0,1.0,1.0,1.0,0.0,0.0,5.0,4.0,7.25,1.0,2.25,4.9,4.0,7.0,0.9000000000000004,2.0999999999999996,4.4,3.0,7.0,1.4000000000000004,2.5999999999999996,5.8,4.0,8.0,1.7999999999999998,2.2,0.0,0.0,0.0,0.0,0.0,4.0,4.0,4.0,0.0,0.0,0.0,0.0,0.0,0.0,0.0,4.0,4.0,4.0,0.0,0.0
20,4,5,15,0.2,0.2,0.3,dense,True,20,20,20,4,5,15,18,Plain DPA max token,validity_full_harmful_sequence_per_prompt,radius_derived,5,"0,10,20,30,40",0.0,0.0,0.0,0.0,0.0,1.0,1.0,1.0,0.0,0.0,5.0,4.0,7.25,1.0,2.25,4.9,4.0,7.0,0.9000000000000004,2.0999999999999996,4.4,3.0,7.0,1.4000000000000004,2.5999999999999996,5.8,4.0,8.0,1.7999999999999998,2.2,0.0,0.0,0.0,0.0,0.0,4.0,4.0,4.0,0.0,0.0,0.0,0.0,0.0,0.0,0.0,4.0,4.0,4.0,0.0,0.0
20,4,5,15,0.2,0.2,0.3,dense,True,20,20,20,4,5,15,19,Plain DPA max token,validity_full_harmful_sequence_per_prompt,radius_derived,5,"0,10,20,30,40",0.0,0.0,0.0,0.0,0.0,1.0,1.0,1.0,0.0,0.0,5.0,4.0,7.25,1.0,2.25,4.9,4.0,7.0,0.9000000000000004,2.0999999999999996,4.4,3.0,7.0,1.4000000000000004,2.5999999999999996,5.8,4.0,8.0,1.7999999999999998,2.2,0.0,0.0,0.0,0.0,0.0,4.0,4.0,4.0,0.0,0.0,0.0,0.0,0.0,0.0,0.0,4.0,4.0,4.0,0.0,0.0
20,4,5,15,0.2,0.2,0.3,dense,True,20,20,20,4,5,15,20,Plain DPA max token,validity_full_harmful_sequence_per_prompt,radius_derived,5,"0,10,20,30,40",0.0,0.0,0.0,0.0,0.0,1.0,1.0,1.0,0.0,0.0,5.0,4.0,7.25,1.0,2.25,4.9,4.0,7.0,0.9000000000000004,2.0999999999999996,4.4,3.0,7.0,1.4000000000000004,2.5999999999999996,5.8,4.0,8.0,1.7999999999999998,2.2,0.0,0.0,0.0,0.0,0.0,4.0,4.0,4.0,0.0,0.0,0.0,0.0,0.0,0.0,0.0,4.0,4.0,4.0,0.0,0.0
20,4,5,15,0.2,0.2,0.3,dense,True,20,20,20,4,5,15,0,Shard-aware weakest-token diagnostic,weakest_harmful_token_not_full_sequence_validity,radius_derived,5,"0,10,20,30,40",0.45,0.0,0.75,0.45,0.3,0.55,0.25,1.0,0.30000000000000004,0.44999999999999996,0.5,0.0,0.75,0.5,0.25,0.5,0.0,1.0,0.5,0.5,0.0,0.0,0.0,0.0,0.0,1.0,0.0,2.0,1.0,1.0,1.8,0.0,3.0,1.8,1.2,4.0,4.0,4.0,0.0,0.0,0.0,0.0,0.0,0.0,0.0,4.0,4.0,4.0,0.0,0.0
20,4,5,15,0.2,0.2,0.3,dense,True,20,20,20,4,5,15,1,Shard-aware weakest-token diagnostic,weakest_harmful_token_not_full_sequence_validity,radius_derived,5,"0,10,20,30,40",0.05,0.0,0.25,0.05,0.2,0.95,0.75,1.0,0.19999999999999996,0.050000000000000044,0.5,0.0,0.75,0.5,0.25,0.5,0.0,1.0,0.5,0.5,0.0,0.0,0.0,0.0,0.0,1.0,0.0,2.0,1.0,1.0,0.2,0.0,1.0,0.2,0.8,4.0,4.0,4.0,0.0,0.0,0.0,0.0,0.0,0.0,0.0,4.0,4.0,4.0,0.0,0.0
20,4,5,15,0.2,0.2,0.3,dense,True,20,20,20,4,5,15,2,Shard-aware weakest-token diagnostic,weakest_harmful_token_not_full_sequence_validity,radius_derived,5,"0,10,20,30,40",0.0,0.0,0.0,0.0,0.0,1.0,1.0,1.0,0.0,0.0,0.5,0.0,0.75,0.5,0.25,0.5,0.0,1.0,0.5,0.5,0.0,0.0,0.0,0.0,0.0,1.0,0.0,2.0,1.0,1.0,0.0,0.0,0.0,0.0,0.0,4.0,4.0,4.0,0.0,0.0,0.0,0.0,0.0,0.0,0.0,4.0,4.0,4.0,0.0,0.0
20,4,5,15,0.2,0.2,0.3,dense,True,20,20,20,4,5,15,3,Shard-aware weakest-token diagnostic,weakest_harmful_token_not_full_sequence_validity,radius_derived,5,"0,10,20,30,40",0.0,0.0,0.0,0.0,0.0,1.0,1.0,1.0,0.0,0.0,0.5,0.0,0.75,0.5,0.25,0.5,0.0,1.0,0.5,0.5,0.0,0.0,0.0,0.0,0.0,1.0,0.0,2.0,1.0,1.0,0.0,0.0,0.0,0.0,0.0,4.0,4.0,4.0,0.0,0.0,0.0,0.0,0.0,0.0,0.0,4.0,4.0,4.0,0.0,0.0
20,4,5,15,0.2,0.2,0.3,dense,True,20,20,20,4,5,15,4,Shard-aware weakest-token diagnostic,weakest_harmful_token_not_full_sequence_validity,radius_derived,5,"0,10,20,30,40",0.0,0.0,0.0,0.0,0.0,1.0,1.0,1.0,0.0,0.0,0.5,0.0,0.75,0.5,0.25,0.5,0.0,1.0,0.5,0.5,0.0,0.0,0.0,0.0,0.0,1.0,0.0,2.0,1.0,1.0,0.0,0.0,0.0,0.0,0.0,4.0,4.0,4.0,0.0,0.0,0.0,0.0,0.0,0.0,0.0,4.0,4.0,4.0,0.0,0.0
20,4,5,15,0.2,0.2,0.3,dense,True,20,20,20,4,5,15,5,Shard-aware weakest-token diagnostic,weakest_harmful_token_not_full_sequence_validity,radius_derived,5,"0,10,20,30,40",0.0,0.0,0.0,0.0,0.0,1.0,1.0,1.0,0.0,0.0,0.5,0.0,0.75,0.5,0.25,0.5,0.0,1.0,0.5,0.5,0.0,0.0,0.0,0.0,0.0,1.0,0.0,2.0,1.0,1.0,0.0,0.0,0.0,0.0,0.0,4.0,4.0,4.0,0.0,0.0,0.0,0.0,0.0,0.0,0.0,4.0,4.0,4.0,0.0,0.0
20,4,5,15,0.2,0.2,0.3,dense,True,20,20,20,4,5,15,6,Shard-aware weakest-token diagnostic,weakest_harmful_token_not_full_sequence_validity,radius_derived,5,"0,10,20,30,40",0.0,0.0,0.0,0.0,0.0,1.0,1.0,1.0,0.0,0.0,0.5,0.0,0.75,0.5,0.25,0.5,0.0,1.0,0.5,0.5,0.0,0.0,0.0,0.0,0.0,1.0,0.0,2.0,1.0,1.0,0.0,0.0,0.0,0.0,0.0,4.0,4.0,4.0,0.0,0.0,0.0,0.0,0.0,0.0,0.0,4.0,4.0,4.0,0.0,0.0
20,4,5,15,0.2,0.2,0.3,dense,True,20,20,20,4,5,15,7,Shard-aware weakest-token diagnostic,weakest_harmful_token_not_full_sequence_validity,radius_derived,5,"0,10,20,30,40",0.0,0.0,0.0,0.0,0.0,1.0,1.0,1.0,0.0,0.0,0.5,0.0,0.75,0.5,0.25,0.5,0.0,1.0,0.5,0.5,0.0,0.0,0.0,0.0,0.0,1.0,0.0,2.0,1.0,1.0,0.0,0.0,0.0,0.0,0.0,4.0,4.0,4.0,0.0,0.0,0.0,0.0,0.0,0.0,0.0,4.0,4.0,4.0,0.0,0.0
20,4,5,15,0.2,0.2,0.3,dense,True,20,20,20,4,5,15,8,Shard-aware weakest-token diagnostic,weakest_harmful_token_not_full_sequence_validity,radius_derived,5,"0,10,20,30,40",0.0,0.0,0.0,0.0,0.0,1.0,1.0,1.0,0.0,0.0,0.5,0.0,0.75,0.5,0.25,0.5,0.0,1.0,0.5,0.5,0.0,0.0,0.0,0.0,0.0,1.0,0.0,2.0,1.0,1.0,0.0,0.0,0.0,0.0,0.0,4.0,4.0,4.0,0.0,0.0,0.0,0.0,0.0,0.0,0.0,4.0,4.0,4.0,0.0,0.0
20,4,5,15,0.2,0.2,0.3,dense,True,20,20,20,4,5,15,9,Shard-aware weakest-token diagnostic,weakest_harmful_token_not_full_sequence_validity,radius_derived,5,"0,10,20,30,40",0.0,0.0,0.0,0.0,0.0,1.0,1.0,1.0,0.0,0.0,0.5,0.0,0.75,0.5,0.25,0.5,0.0,1.0,0.5,0.5,0.0,0.0,0.0,0.0,0.0,1.0,0.0,2.0,1.0,1.0,0.0,0.0,0.0,0.0,0.0,4.0,4.0,4.0,0.0,0.0,0.0,0.0,0.0,0.0,0.0,4.0,4.0,4.0,0.0,0.0
20,4,5,15,0.2,0.2,0.3,dense,True,20,20,20,4,5,15,10,Shard-aware weakest-token diagnostic,weakest_harmful_token_not_full_sequence_validity,radius_derived,5,"0,10,20,30,40",0.0,0.0,0.0,0.0,0.0,1.0,1.0,1.0,0.0,0.0,0.5,0.0,0.75,0.5,0.25,0.5,0.0,1.0,0.5,0.5,0.0,0.0,0.0,0.0,0.0,1.0,0.0,2.0,1.0,1.0,0.0,0.0,0.0,0.0,0.0,4.0,4.0,4.0,0.0,0.0,0.0,0.0,0.0,0.0,0.0,4.0,4.0,4.0,0.0,0.0
20,4,5,15,0.2,0.2,0.3,dense,True,20,20,20,4,5,15,11,Shard-aware weakest-token diagnostic,weakest_harmful_token_not_full_sequence_validity,radius_derived,5,"0,10,20,30,40",0.0,0.0,0.0,0.0,0.0,1.0,1.0,1.0,0.0,0.0,0.5,0.0,0.75,0.5,0.25,0.5,0.0,1.0,0.5,0.5,0.0,0.0,0.0,0.0,0.0,1.0,0.0,2.0,1.0,1.0,0.0,0.0,0.0,0.0,0.0,4.0,4.0,4.0,0.0,0.0,0.0,0.0,0.0,0.0,0.0,4.0,4.0,4.0,0.0,0.0
20,4,5,15,0.2,0.2,0.3,dense,True,20,20,20,4,5,15,12,Shard-aware weakest-token diagnostic,weakest_harmful_token_not_full_sequence_validity,radius_derived,5,"0,10,20,30,40",0.0,0.0,0.0,0.0,0.0,1.0,1.0,1.0,0.0,0.0,0.5,0.0,0.75,0.5,0.25,0.5,0.0,1.0,0.5,0.5,0.0,0.0,0.0,0.0,0.0,1.0,0.0,2.0,1.0,1.0,0.0,0.0,0.0,0.0,0.0,4.0,4.0,4.0,0.0,0.0,0.0,0.0,0.0,0.0,0.0,4.0,4.0,4.0,0.0,0.0
20,4,5,15,0.2,0.2,0.3,dense,True,20,20,20,4,5,15,13,Shard-aware weakest-token diagnostic,weakest_harmful_token_not_full_sequence_validity,radius_derived,5,"0,10,20,30,40",0.0,0.0,0.0,0.0,0.0,1.0,1.0,1.0,0.0,0.0,0.5,0.0,0.75,0.5,0.25,0.5,0.0,1.0,0.5,0.5,0.0,0.0,0.0,0.0,0.0,1.0,0.0,2.0,1.0,1.0,0.0,0.0,0.0,0.0,0.0,4.0,4.0,4.0,0.0,0.0,0.0,0.0,0.0,0.0,0.0,4.0,4.0,4.0,0.0,0.0
20,4,5,15,0.2,0.2,0.3,dense,True,20,20,20,4,5,15,14,Shard-aware weakest-token diagnostic,weakest_harmful_token_not_full_sequence_validity,radius_derived,5,"0,10,20,30,40",0.0,0.0,0.0,0.0,0.0,1.0,1.0,1.0,0.0,0.0,0.5,0.0,0.75,0.5,0.25,0.5,0.0,1.0,0.5,0.5,0.0,0.0,0.0,0.0,0.0,1.0,0.0,2.0,1.0,1.0,0.0,0.0,0.0,0.0,0.0,4.0,4.0,4.0,0.0,0.0,0.0,0.0,0.0,0.0,0.0,4.0,4.0,4.0,0.0,0.0
20,4,5,15,0.2,0.2,0.3,dense,True,20,20,20,4,5,15,15,Shard-aware weakest-token diagnostic,weakest_harmful_token_not_full_sequence_validity,radius_derived,5,"0,10,20,30,40",0.0,0.0,0.0,0.0,0.0,1.0,1.0,1.0,0.0,0.0,0.5,0.0,0.75,0.5,0.25,0.5,0.0,1.0,0.5,0.5,0.0,0.0,0.0,0.0,0.0,1.0,0.0,2.0,1.0,1.0,0.0,0.0,0.0,0.0,0.0,4.0,4.0,4.0,0.0,0.0,0.0,0.0,0.0,0.0,0.0,4.0,4.0,4.0,0.0,0.0
20,4,5,15,0.2,0.2,0.3,dense,True,20,20,20,4,5,15,16,Shard-aware weakest-token diagnostic,weakest_harmful_token_not_full_sequence_validity,radius_derived,5,"0,10,20,30,40",0.0,0.0,0.0,0.0,0.0,1.0,1.0,1.0,0.0,0.0,0.5,0.0,0.75,0.5,0.25,0.5,0.0,1.0,0.5,0.5,0.0,0.0,0.0,0.0,0.0,1.0,0.0,2.0,1.0,1.0,0.0,0.0,0.0,0.0,0.0,4.0,4.0,4.0,0.0,0.0,0.0,0.0,0.0,0.0,0.0,4.0,4.0,4.0,0.0,0.0
20,4,5,15,0.2,0.2,0.3,dense,True,20,20,20,4,5,15,17,Shard-aware weakest-token diagnostic,weakest_harmful_token_not_full_sequence_validity,radius_derived,5,"0,10,20,30,40",0.0,0.0,0.0,0.0,0.0,1.0,1.0,1.0,0.0,0.0,0.5,0.0,0.75,0.5,0.25,0.5,0.0,1.0,0.5,0.5,0.0,0.0,0.0,0.0,0.0,1.0,0.0,2.0,1.0,1.0,0.0,0.0,0.0,0.0,0.0,4.0,4.0,4.0,0.0,0.0,0.0,0.0,0.0,0.0,0.0,4.0,4.0,4.0,0.0,0.0
20,4,5,15,0.2,0.2,0.3,dense,True,20,20,20,4,5,15,18,Shard-aware weakest-token diagnostic,weakest_harmful_token_not_full_sequence_validity,radius_derived,5,"0,10,20,30,40",0.0,0.0,0.0,0.0,0.0,1.0,1.0,1.0,0.0,0.0,0.5,0.0,0.75,0.5,0.25,0.5,0.0,1.0,0.5,0.5,0.0,0.0,0.0,0.0,0.0,1.0,0.0,2.0,1.0,1.0,0.0,0.0,0.0,0.0,0.0,4.0,4.0,4.0,0.0,0.0,0.0,0.0,0.0,0.0,0.0,4.0,4.0,4.0,0.0,0.0
20,4,5,15,0.2,0.2,0.3,dense,True,20,20,20,4,5,15,19,Shard-aware weakest-token diagnostic,weakest_harmful_token_not_full_sequence_validity,radius_derived,5,"0,10,20,30,40",0.0,0.0,0.0,0.0,0.0,1.0,1.0,1.0,0.0,0.0,0.5,0.0,0.75,0.5,0.25,0.5,0.0,1.0,0.5,0.5,0.0,0.0,0.0,0.0,0.0,1.0,0.0,2.0,1.0,1.0,0.0,0.0,0.0,0.0,0.0,4.0,4.0,4.0,0.0,0.0,0.0,0.0,0.0,0.0,0.0,4.0,4.0,4.0,0.0,0.0
20,4,5,15,0.2,0.2,0.3,dense,True,20,20,20,4,5,15,20,Shard-aware weakest-token diagnostic,weakest_harmful_token_not_full_sequence_validity,radius_derived,5,"0,10,20,30,40",0.0,0.0,0.0,0.0,0.0,1.0,1.0,1.0,0.0,0.0,0.5,0.0,0.75,0.5,0.25,0.5,0.0,1.0,0.5,0.5,0.0,0.0,0.0,0.0,0.0,1.0,0.0,2.0,1.0,1.0,0.0,0.0,0.0,0.0,0.0,4.0,4.0,4.0,0.0,0.0,0.0,0.0,0.0,0.0,0.0,4.0,4.0,4.0,0.0,0.0
20,4,5,15,0.2,0.2,0.3,dense,True,20,20,20,4,5,15,0,Shard-aware independent max-token diagnostic,most_difficult_harmful_token_not_full_sequence_validity,radius_derived,5,"0,10,20,30,40",1.0,1.0,1.0,0.0,0.0,0.0,0.0,0.0,0.0,0.0,5.0,4.0,7.25,1.0,2.25,4.9,4.0,7.0,0.9000000000000004,2.0999999999999996,4.4,3.0,7.0,1.4000000000000004,2.5999999999999996,5.8,4.0,8.0,1.7999999999999998,2.2,4.0,4.0,4.0,0.0,0.0,4.0,4.0,4.0,0.0,0.0,0.0,0.0,0.0,0.0,0.0,4.0,4.0,4.0,0.0,0.0
20,4,5,15,0.2,0.2,0.3,dense,True,20,20,20,4,5,15,1,Shard-aware independent max-token diagnostic,most_difficult_harmful_token_not_full_sequence_validity,radius_derived,5,"0,10,20,30,40",1.0,1.0,1.0,0.0,0.0,0.0,0.0,0.0,0.0,0.0,5.0,4.0,7.25,1.0,2.25,4.9,4.0,7.0,0.9000000000000004,2.0999999999999996,4.4,3.0,7.0,1.4000000000000004,2.5999999999999996,5.8,4.0,8.0,1.7999999999999998,2.2,4.0,4.0,4.0,0.0,0.0,4.0,4.0,4.0,0.0,0.0,0.0,0.0,0.0,0.0,0.0,4.0,4.0,4.0,0.0,0.0
20,4,5,15,0.2,0.2,0.3,dense,True,20,20,20,4,5,15,2,Shard-aware independent max-token diagnostic,most_difficult_harmful_token_not_full_sequence_validity,radius_derived,5,"0,10,20,30,40",1.0,1.0,1.0,0.0,0.0,0.0,0.0,0.0,0.0,0.0,5.0,4.0,7.25,1.0,2.25,4.9,4.0,7.0,0.9000000000000004,2.0999999999999996,4.4,3.0,7.0,1.4000000000000004,2.5999999999999996,5.8,4.0,8.0,1.7999999999999998,2.2,4.0,4.0,4.0,0.0,0.0,4.0,4.0,4.0,0.0,0.0,0.0,0.0,0.0,0.0,0.0,4.0,4.0,4.0,0.0,0.0
20,4,5,15,0.2,0.2,0.3,dense,True,20,20,20,4,5,15,3,Shard-aware independent max-token diagnostic,most_difficult_harmful_token_not_full_sequence_validity,radius_derived,5,"0,10,20,30,40",0.95,0.75,1.0,0.19999999999999996,0.050000000000000044,0.05,0.0,0.25,0.05,0.2,5.0,4.0,7.25,1.0,2.25,4.9,4.0,7.0,0.9000000000000004,2.0999999999999996,4.4,3.0,7.0,1.4000000000000004,2.5999999999999996,5.8,4.0,8.0,1.7999999999999998,2.2,3.8,3.0,4.0,0.7999999999999998,0.20000000000000018,4.0,4.0,4.0,0.0,0.0,0.0,0.0,0.0,0.0,0.0,4.0,4.0,4.0,0.0,0.0
20,4,5,15,0.2,0.2,0.3,dense,True,20,20,20,4,5,15,4,Shard-aware independent max-token diagnostic,most_difficult_harmful_token_not_full_sequence_validity,radius_derived,5,"0,10,20,30,40",0.5,0.0,1.0,0.5,0.5,0.5,0.0,1.0,0.5,0.5,5.0,4.0,7.25,1.0,2.25,4.9,4.0,7.0,0.9000000000000004,2.0999999999999996,4.4,3.0,7.0,1.4000000000000004,2.5999999999999996,5.8,4.0,8.0,1.7999999999999998,2.2,2.0,0.0,4.0,2.0,2.0,4.0,4.0,4.0,0.0,0.0,0.0,0.0,0.0,0.0,0.0,4.0,4.0,4.0,0.0,0.0
20,4,5,15,0.2,0.2,0.3,dense,True,20,20,20,4,5,15,5,Shard-aware independent max-token diagnostic,most_difficult_harmful_token_not_full_sequence_validity,radius_derived,5,"0,10,20,30,40",0.25,0.0,1.0,0.25,0.75,0.75,0.0,1.0,0.75,0.25,5.0,4.0,7.25,1.0,2.25,4.9,4.0,7.0,0.9000000000000004,2.0999999999999996,4.4,3.0,7.0,1.4000000000000004,2.5999999999999996,5.8,4.0,8.0,1.7999999999999998,2.2,1.0,0.0,4.0,1.0,3.0,4.0,4.0,4.0,0.0,0.0,0.0,0.0,0.0,0.0,0.0,4.0,4.0,4.0,0.0,0.0
20,4,5,15,0.2,0.2,0.3,dense,True,20,20,20,4,5,15,6,Shard-aware independent max-token diagnostic,most_difficult_harmful_token_not_full_sequence_validity,radius_derived,5,"0,10,20,30,40",0.25,0.0,1.0,0.25,0.75,0.75,0.0,1.0,0.75,0.25,5.0,4.0,7.25,1.0,2.25,4.9,4.0,7.0,0.9000000000000004,2.0999999999999996,4.4,3.0,7.0,1.4000000000000004,2.5999999999999996,5.8,4.0,8.0,1.7999999999999998,2.2,1.0,0.0,4.0,1.0,3.0,4.0,4.0,4.0,0.0,0.0,0.0,0.0,0.0,0.0,0.0,4.0,4.0,4.0,0.0,0.0
20,4,5,15,0.2,0.2,0.3,dense,True,20,20,20,4,5,15,7,Shard-aware independent max-token diagnostic,most_difficult_harmful_token_not_full_sequence_validity,radius_derived,5,"0,10,20,30,40",0.05,0.0,0.25,0.05,0.2,0.95,0.75,1.0,0.19999999999999996,0.050000000000000044,5.0,4.0,7.25,1.0,2.25,4.9,4.0,7.0,0.9000000000000004,2.0999999999999996,4.4,3.0,7.0,1.4000000000000004,2.5999999999999996,5.8,4.0,8.0,1.7999999999999998,2.2,0.2,0.0,1.0,0.2,0.8,4.0,4.0,4.0,0.0,0.0,0.0,0.0,0.0,0.0,0.0,4.0,4.0,4.0,0.0,0.0
20,4,5,15,0.2,0.2,0.3,dense,True,20,20,20,4,5,15,8,Shard-aware independent max-token diagnostic,most_difficult_harmful_token_not_full_sequence_validity,radius_derived,5,"0,10,20,30,40",0.0,0.0,0.0,0.0,0.0,1.0,1.0,1.0,0.0,0.0,5.0,4.0,7.25,1.0,2.25,4.9,4.0,7.0,0.9000000000000004,2.0999999999999996,4.4,3.0,7.0,1.4000000000000004,2.5999999999999996,5.8,4.0,8.0,1.7999999999999998,2.2,0.0,0.0,0.0,0.0,0.0,4.0,4.0,4.0,0.0,0.0,0.0,0.0,0.0,0.0,0.0,4.0,4.0,4.0,0.0,0.0
20,4,5,15,0.2,0.2,0.3,dense,True,20,20,20,4,5,15,9,Shard-aware independent max-token diagnostic,most_difficult_harmful_token_not_full_sequence_validity,radius_derived,5,"0,10,20,30,40",0.0,0.0,0.0,0.0,0.0,1.0,1.0,1.0,0.0,0.0,5.0,4.0,7.25,1.0,2.25,4.9,4.0,7.0,0.9000000000000004,2.0999999999999996,4.4,3.0,7.0,1.4000000000000004,2.5999999999999996,5.8,4.0,8.0,1.7999999999999998,2.2,0.0,0.0,0.0,0.0,0.0,4.0,4.0,4.0,0.0,0.0,0.0,0.0,0.0,0.0,0.0,4.0,4.0,4.0,0.0,0.0
20,4,5,15,0.2,0.2,0.3,dense,True,20,20,20,4,5,15,10,Shard-aware independent max-token diagnostic,most_difficult_harmful_token_not_full_sequence_validity,radius_derived,5,"0,10,20,30,40",0.0,0.0,0.0,0.0,0.0,1.0,1.0,1.0,0.0,0.0,5.0,4.0,7.25,1.0,2.25,4.9,4.0,7.0,0.9000000000000004,2.0999999999999996,4.4,3.0,7.0,1.4000000000000004,2.5999999999999996,5.8,4.0,8.0,1.7999999999999998,2.2,0.0,0.0,0.0,0.0,0.0,4.0,4.0,4.0,0.0,0.0,0.0,0.0,0.0,0.0,0.0,4.0,4.0,4.0,0.0,0.0
20,4,5,15,0.2,0.2,0.3,dense,True,20,20,20,4,5,15,11,Shard-aware independent max-token diagnostic,most_difficult_harmful_token_not_full_sequence_validity,radius_derived,5,"0,10,20,30,40",0.0,0.0,0.0,0.0,0.0,1.0,1.0,1.0,0.0,0.0,5.0,4.0,7.25,1.0,2.25,4.9,4.0,7.0,0.9000000000000004,2.0999999999999996,4.4,3.0,7.0,1.4000000000000004,2.5999999999999996,5.8,4.0,8.0,1.7999999999999998,2.2,0.0,0.0,0.0,0.0,0.0,4.0,4.0,4.0,0.0,0.0,0.0,0.0,0.0,0.0,0.0,4.0,4.0,4.0,0.0,0.0
20,4,5,15,0.2,0.2,0.3,dense,True,20,20,20,4,5,15,12,Shard-aware independent max-token diagnostic,most_difficult_harmful_token_not_full_sequence_validity,radius_derived,5,"0,10,20,30,40",0.0,0.0,0.0,0.0,0.0,1.0,1.0,1.0,0.0,0.0,5.0,4.0,7.25,1.0,2.25,4.9,4.0,7.0,0.9000000000000004,2.0999999999999996,4.4,3.0,7.0,1.4000000000000004,2.5999999999999996,5.8,4.0,8.0,1.7999999999999998,2.2,0.0,0.0,0.0,0.0,0.0,4.0,4.0,4.0,0.0,0.0,0.0,0.0,0.0,0.0,0.0,4.0,4.0,4.0,0.0,0.0
20,4,5,15,0.2,0.2,0.3,dense,True,20,20,20,4,5,15,13,Shard-aware independent max-token diagnostic,most_difficult_harmful_token_not_full_sequence_validity,radius_derived,5,"0,10,20,30,40",0.0,0.0,0.0,0.0,0.0,1.0,1.0,1.0,0.0,0.0,5.0,4.0,7.25,1.0,2.25,4.9,4.0,7.0,0.9000000000000004,2.0999999999999996,4.4,3.0,7.0,1.4000000000000004,2.5999999999999996,5.8,4.0,8.0,1.7999999999999998,2.2,0.0,0.0,0.0,0.0,0.0,4.0,4.0,4.0,0.0,0.0,0.0,0.0,0.0,0.0,0.0,4.0,4.0,4.0,0.0,0.0
20,4,5,15,0.2,0.2,0.3,dense,True,20,20,20,4,5,15,14,Shard-aware independent max-token diagnostic,most_difficult_harmful_token_not_full_sequence_validity,radius_derived,5,"0,10,20,30,40",0.0,0.0,0.0,0.0,0.0,1.0,1.0,1.0,0.0,0.0,5.0,4.0,7.25,1.0,2.25,4.9,4.0,7.0,0.9000000000000004,2.0999999999999996,4.4,3.0,7.0,1.4000000000000004,2.5999999999999996,5.8,4.0,8.0,1.7999999999999998,2.2,0.0,0.0,0.0,0.0,0.0,4.0,4.0,4.0,0.0,0.0,0.0,0.0,0.0,0.0,0.0,4.0,4.0,4.0,0.0,0.0
20,4,5,15,0.2,0.2,0.3,dense,True,20,20,20,4,5,15,15,Shard-aware independent max-token diagnostic,most_difficult_harmful_token_not_full_sequence_validity,radius_derived,5,"0,10,20,30,40",0.0,0.0,0.0,0.0,0.0,1.0,1.0,1.0,0.0,0.0,5.0,4.0,7.25,1.0,2.25,4.9,4.0,7.0,0.9000000000000004,2.0999999999999996,4.4,3.0,7.0,1.4000000000000004,2.5999999999999996,5.8,4.0,8.0,1.7999999999999998,2.2,0.0,0.0,0.0,0.0,0.0,4.0,4.0,4.0,0.0,0.0,0.0,0.0,0.0,0.0,0.0,4.0,4.0,4.0,0.0,0.0
20,4,5,15,0.2,0.2,0.3,dense,True,20,20,20,4,5,15,16,Shard-aware independent max-token diagnostic,most_difficult_harmful_token_not_full_sequence_validity,radius_derived,5,"0,10,20,30,40",0.0,0.0,0.0,0.0,0.0,1.0,1.0,1.0,0.0,0.0,5.0,4.0,7.25,1.0,2.25,4.9,4.0,7.0,0.9000000000000004,2.0999999999999996,4.4,3.0,7.0,1.4000000000000004,2.5999999999999996,5.8,4.0,8.0,1.7999999999999998,2.2,0.0,0.0,0.0,0.0,0.0,4.0,4.0,4.0,0.0,0.0,0.0,0.0,0.0,0.0,0.0,4.0,4.0,4.0,0.0,0.0
20,4,5,15,0.2,0.2,0.3,dense,True,20,20,20,4,5,15,17,Shard-aware independent max-token diagnostic,most_difficult_harmful_token_not_full_sequence_validity,radius_derived,5,"0,10,20,30,40",0.0,0.0,0.0,0.0,0.0,1.0,1.0,1.0,0.0,0.0,5.0,4.0,7.25,1.0,2.25,4.9,4.0,7.0,0.9000000000000004,2.0999999999999996,4.4,3.0,7.0,1.4000000000000004,2.5999999999999996,5.8,4.0,8.0,1.7999999999999998,2.2,0.0,0.0,0.0,0.0,0.0,4.0,4.0,4.0,0.0,0.0,0.0,0.0,0.0,0.0,0.0,4.0,4.0,4.0,0.0,0.0
20,4,5,15,0.2,0.2,0.3,dense,True,20,20,20,4,5,15,18,Shard-aware independent max-token diagnostic,most_difficult_harmful_token_not_full_sequence_validity,radius_derived,5,"0,10,20,30,40",0.0,0.0,0.0,0.0,0.0,1.0,1.0,1.0,0.0,0.0,5.0,4.0,7.25,1.0,2.25,4.9,4.0,7.0,0.9000000000000004,2.0999999999999996,4.4,3.0,7.0,1.4000000000000004,2.5999999999999996,5.8,4.0,8.0,1.7999999999999998,2.2,0.0,0.0,0.0,0.0,0.0,4.0,4.0,4.0,0.0,0.0,0.0,0.0,0.0,0.0,0.0,4.0,4.0,4.0,0.0,0.0
20,4,5,15,0.2,0.2,0.3,dense,True,20,20,20,4,5,15,19,Shard-aware independent max-token diagnostic,most_difficult_harmful_token_not_full_sequence_validity,radius_derived,5,"0,10,20,30,40",0.0,0.0,0.0,0.0,0.0,1.0,1.0,1.0,0.0,0.0,5.0,4.0,7.25,1.0,2.25,4.9,4.0,7.0,0.9000000000000004,2.0999999999999996,4.4,3.0,7.0,1.4000000000000004,2.5999999999999996,5.8,4.0,8.0,1.7999999999999998,2.2,0.0,0.0,0.0,0.0,0.0,4.0,4.0,4.0,0.0,0.0,0.0,0.0,0.0,0.0,0.0,4.0,4.0,4.0,0.0,0.0
20,4,5,15,0.2,0.2,0.3,dense,True,20,20,20,4,5,15,20,Shard-aware independent max-token diagnostic,most_difficult_harmful_token_not_full_sequence_validity,radius_derived,5,"0,10,20,30,40",0.0,0.0,0.0,0.0,0.0,1.0,1.0,1.0,0.0,0.0,5.0,4.0,7.25,1.0,2.25,4.9,4.0,7.0,0.9000000000000004,2.0999999999999996,4.4,3.0,7.0,1.4000000000000004,2.5999999999999996,5.8,4.0,8.0,1.7999999999999998,2.2,0.0,0.0,0.0,0.0,0.0,4.0,4.0,4.0,0.0,0.0,0.0,0.0,0.0,0.0,0.0,4.0,4.0,4.0,0.0,0.0
20,4,5,15,0.2,0.2,0.3,dense,True,20,20,20,4,5,15,0,TPA max-token phrase baseline,validity_full_harmful_sequence_per_prompt,radius_derived,5,"0,10,20,30,40",1.0,1.0,1.0,0.0,0.0,0.0,0.0,0.0,0.0,0.0,5.0,4.0,7.25,1.0,2.25,4.9,4.0,7.0,0.9000000000000004,2.0999999999999996,4.4,3.0,7.0,1.4000000000000004,2.5999999999999996,5.8,4.0,8.0,1.7999999999999998,2.2,4.0,4.0,4.0,0.0,0.0,4.0,4.0,4.0,0.0,0.0,0.0,0.0,0.0,0.0,0.0,4.0,4.0,4.0,0.0,0.0
20,4,5,15,0.2,0.2,0.3,dense,True,20,20,20,4,5,15,1,TPA max-token phrase baseline,validity_full_harmful_sequence_per_prompt,radius_derived,5,"0,10,20,30,40",1.0,1.0,1.0,0.0,0.0,0.0,0.0,0.0,0.0,0.0,5.0,4.0,7.25,1.0,2.25,4.9,4.0,7.0,0.9000000000000004,2.0999999999999996,4.4,3.0,7.0,1.4000000000000004,2.5999999999999996,5.8,4.0,8.0,1.7999999999999998,2.2,4.0,4.0,4.0,0.0,0.0,4.0,4.0,4.0,0.0,0.0,0.0,0.0,0.0,0.0,0.0,4.0,4.0,4.0,0.0,0.0
20,4,5,15,0.2,0.2,0.3,dense,True,20,20,20,4,5,15,2,TPA max-token phrase baseline,validity_full_harmful_sequence_per_prompt,radius_derived,5,"0,10,20,30,40",1.0,1.0,1.0,0.0,0.0,0.0,0.0,0.0,0.0,0.0,5.0,4.0,7.25,1.0,2.25,4.9,4.0,7.0,0.9000000000000004,2.0999999999999996,4.4,3.0,7.0,1.4000000000000004,2.5999999999999996,5.8,4.0,8.0,1.7999999999999998,2.2,4.0,4.0,4.0,0.0,0.0,4.0,4.0,4.0,0.0,0.0,0.0,0.0,0.0,0.0,0.0,4.0,4.0,4.0,0.0,0.0
20,4,5,15,0.2,0.2,0.3,dense,True,20,20,20,4,5,15,3,TPA max-token phrase baseline,validity_full_harmful_sequence_per_prompt,radius_derived,5,"0,10,20,30,40",0.95,0.75,1.0,0.19999999999999996,0.050000000000000044,0.05,0.0,0.25,0.05,0.2,5.0,4.0,7.25,1.0,2.25,4.9,4.0,7.0,0.9000000000000004,2.0999999999999996,4.4,3.0,7.0,1.4000000000000004,2.5999999999999996,5.8,4.0,8.0,1.7999999999999998,2.2,3.8,3.0,4.0,0.7999999999999998,0.20000000000000018,4.0,4.0,4.0,0.0,0.0,0.0,0.0,0.0,0.0,0.0,4.0,4.0,4.0,0.0,0.0
20,4,5,15,0.2,0.2,0.3,dense,True,20,20,20,4,5,15,4,TPA max-token phrase baseline,validity_full_harmful_sequence_per_prompt,radius_derived,5,"0,10,20,30,40",0.5,0.0,1.0,0.5,0.5,0.5,0.0,1.0,0.5,0.5,5.0,4.0,7.25,1.0,2.25,4.9,4.0,7.0,0.9000000000000004,2.0999999999999996,4.4,3.0,7.0,1.4000000000000004,2.5999999999999996,5.8,4.0,8.0,1.7999999999999998,2.2,2.0,0.0,4.0,2.0,2.0,4.0,4.0,4.0,0.0,0.0,0.0,0.0,0.0,0.0,0.0,4.0,4.0,4.0,0.0,0.0
20,4,5,15,0.2,0.2,0.3,dense,True,20,20,20,4,5,15,5,TPA max-token phrase baseline,validity_full_harmful_sequence_per_prompt,radius_derived,5,"0,10,20,30,40",0.25,0.0,1.0,0.25,0.75,0.75,0.0,1.0,0.75,0.25,5.0,4.0,7.25,1.0,2.25,4.9,4.0,7.0,0.9000000000000004,2.0999999999999996,4.4,3.0,7.0,1.4000000000000004,2.5999999999999996,5.8,4.0,8.0,1.7999999999999998,2.2,1.0,0.0,4.0,1.0,3.0,4.0,4.0,4.0,0.0,0.0,0.0,0.0,0.0,0.0,0.0,4.0,4.0,4.0,0.0,0.0
20,4,5,15,0.2,0.2,0.3,dense,True,20,20,20,4,5,15,6,TPA max-token phrase baseline,validity_full_harmful_sequence_per_prompt,radius_derived,5,"0,10,20,30,40",0.25,0.0,1.0,0.25,0.75,0.75,0.0,1.0,0.75,0.25,5.0,4.0,7.25,1.0,2.25,4.9,4.0,7.0,0.9000000000000004,2.0999999999999996,4.4,3.0,7.0,1.4000000000000004,2.5999999999999996,5.8,4.0,8.0,1.7999999999999998,2.2,1.0,0.0,4.0,1.0,3.0,4.0,4.0,4.0,0.0,0.0,0.0,0.0,0.0,0.0,0.0,4.0,4.0,4.0,0.0,0.0
20,4,5,15,0.2,0.2,0.3,dense,True,20,20,20,4,5,15,7,TPA max-token phrase baseline,validity_full_harmful_sequence_per_prompt,radius_derived,5,"0,10,20,30,40",0.05,0.0,0.25,0.05,0.2,0.95,0.75,1.0,0.19999999999999996,0.050000000000000044,5.0,4.0,7.25,1.0,2.25,4.9,4.0,7.0,0.9000000000000004,2.0999999999999996,4.4,3.0,7.0,1.4000000000000004,2.5999999999999996,5.8,4.0,8.0,1.7999999999999998,2.2,0.2,0.0,1.0,0.2,0.8,4.0,4.0,4.0,0.0,0.0,0.0,0.0,0.0,0.0,0.0,4.0,4.0,4.0,0.0,0.0
20,4,5,15,0.2,0.2,0.3,dense,True,20,20,20,4,5,15,8,TPA max-token phrase baseline,validity_full_harmful_sequence_per_prompt,radius_derived,5,"0,10,20,30,40",0.0,0.0,0.0,0.0,0.0,1.0,1.0,1.0,0.0,0.0,5.0,4.0,7.25,1.0,2.25,4.9,4.0,7.0,0.9000000000000004,2.0999999999999996,4.4,3.0,7.0,1.4000000000000004,2.5999999999999996,5.8,4.0,8.0,1.7999999999999998,2.2,0.0,0.0,0.0,0.0,0.0,4.0,4.0,4.0,0.0,0.0,0.0,0.0,0.0,0.0,0.0,4.0,4.0,4.0,0.0,0.0
20,4,5,15,0.2,0.2,0.3,dense,True,20,20,20,4,5,15,9,TPA max-token phrase baseline,validity_full_harmful_sequence_per_prompt,radius_derived,5,"0,10,20,30,40",0.0,0.0,0.0,0.0,0.0,1.0,1.0,1.0,0.0,0.0,5.0,4.0,7.25,1.0,2.25,4.9,4.0,7.0,0.9000000000000004,2.0999999999999996,4.4,3.0,7.0,1.4000000000000004,2.5999999999999996,5.8,4.0,8.0,1.7999999999999998,2.2,0.0,0.0,0.0,0.0,0.0,4.0,4.0,4.0,0.0,0.0,0.0,0.0,0.0,0.0,0.0,4.0,4.0,4.0,0.0,0.0
20,4,5,15,0.2,0.2,0.3,dense,True,20,20,20,4,5,15,10,TPA max-token phrase baseline,validity_full_harmful_sequence_per_prompt,radius_derived,5,"0,10,20,30,40",0.0,0.0,0.0,0.0,0.0,1.0,1.0,1.0,0.0,0.0,5.0,4.0,7.25,1.0,2.25,4.9,4.0,7.0,0.9000000000000004,2.0999999999999996,4.4,3.0,7.0,1.4000000000000004,2.5999999999999996,5.8,4.0,8.0,1.7999999999999998,2.2,0.0,0.0,0.0,0.0,0.0,4.0,4.0,4.0,0.0,0.0,0.0,0.0,0.0,0.0,0.0,4.0,4.0,4.0,0.0,0.0
20,4,5,15,0.2,0.2,0.3,dense,True,20,20,20,4,5,15,11,TPA max-token phrase baseline,validity_full_harmful_sequence_per_prompt,radius_derived,5,"0,10,20,30,40",0.0,0.0,0.0,0.0,0.0,1.0,1.0,1.0,0.0,0.0,5.0,4.0,7.25,1.0,2.25,4.9,4.0,7.0,0.9000000000000004,2.0999999999999996,4.4,3.0,7.0,1.4000000000000004,2.5999999999999996,5.8,4.0,8.0,1.7999999999999998,2.2,0.0,0.0,0.0,0.0,0.0,4.0,4.0,4.0,0.0,0.0,0.0,0.0,0.0,0.0,0.0,4.0,4.0,4.0,0.0,0.0
20,4,5,15,0.2,0.2,0.3,dense,True,20,20,20,4,5,15,12,TPA max-token phrase baseline,validity_full_harmful_sequence_per_prompt,radius_derived,5,"0,10,20,30,40",0.0,0.0,0.0,0.0,0.0,1.0,1.0,1.0,0.0,0.0,5.0,4.0,7.25,1.0,2.25,4.9,4.0,7.0,0.9000000000000004,2.0999999999999996,4.4,3.0,7.0,1.4000000000000004,2.5999999999999996,5.8,4.0,8.0,1.7999999999999998,2.2,0.0,0.0,0.0,0.0,0.0,4.0,4.0,4.0,0.0,0.0,0.0,0.0,0.0,0.0,0.0,4.0,4.0,4.0,0.0,0.0
20,4,5,15,0.2,0.2,0.3,dense,True,20,20,20,4,5,15,13,TPA max-token phrase baseline,validity_full_harmful_sequence_per_prompt,radius_derived,5,"0,10,20,30,40",0.0,0.0,0.0,0.0,0.0,1.0,1.0,1.0,0.0,0.0,5.0,4.0,7.25,1.0,2.25,4.9,4.0,7.0,0.9000000000000004,2.0999999999999996,4.4,3.0,7.0,1.4000000000000004,2.5999999999999996,5.8,4.0,8.0,1.7999999999999998,2.2,0.0,0.0,0.0,0.0,0.0,4.0,4.0,4.0,0.0,0.0,0.0,0.0,0.0,0.0,0.0,4.0,4.0,4.0,0.0,0.0
20,4,5,15,0.2,0.2,0.3,dense,True,20,20,20,4,5,15,14,TPA max-token phrase baseline,validity_full_harmful_sequence_per_prompt,radius_derived,5,"0,10,20,30,40",0.0,0.0,0.0,0.0,0.0,1.0,1.0,1.0,0.0,0.0,5.0,4.0,7.25,1.0,2.25,4.9,4.0,7.0,0.9000000000000004,2.0999999999999996,4.4,3.0,7.0,1.4000000000000004,2.5999999999999996,5.8,4.0,8.0,1.7999999999999998,2.2,0.0,0.0,0.0,0.0,0.0,4.0,4.0,4.0,0.0,0.0,0.0,0.0,0.0,0.0,0.0,4.0,4.0,4.0,0.0,0.0
20,4,5,15,0.2,0.2,0.3,dense,True,20,20,20,4,5,15,15,TPA max-token phrase baseline,validity_full_harmful_sequence_per_prompt,radius_derived,5,"0,10,20,30,40",0.0,0.0,0.0,0.0,0.0,1.0,1.0,1.0,0.0,0.0,5.0,4.0,7.25,1.0,2.25,4.9,4.0,7.0,0.9000000000000004,2.0999999999999996,4.4,3.0,7.0,1.4000000000000004,2.5999999999999996,5.8,4.0,8.0,1.7999999999999998,2.2,0.0,0.0,0.0,0.0,0.0,4.0,4.0,4.0,0.0,0.0,0.0,0.0,0.0,0.0,0.0,4.0,4.0,4.0,0.0,0.0
20,4,5,15,0.2,0.2,0.3,dense,True,20,20,20,4,5,15,16,TPA max-token phrase baseline,validity_full_harmful_sequence_per_prompt,radius_derived,5,"0,10,20,30,40",0.0,0.0,0.0,0.0,0.0,1.0,1.0,1.0,0.0,0.0,5.0,4.0,7.25,1.0,2.25,4.9,4.0,7.0,0.9000000000000004,2.0999999999999996,4.4,3.0,7.0,1.4000000000000004,2.5999999999999996,5.8,4.0,8.0,1.7999999999999998,2.2,0.0,0.0,0.0,0.0,0.0,4.0,4.0,4.0,0.0,0.0,0.0,0.0,0.0,0.0,0.0,4.0,4.0,4.0,0.0,0.0
20,4,5,15,0.2,0.2,0.3,dense,True,20,20,20,4,5,15,17,TPA max-token phrase baseline,validity_full_harmful_sequence_per_prompt,radius_derived,5,"0,10,20,30,40",0.0,0.0,0.0,0.0,0.0,1.0,1.0,1.0,0.0,0.0,5.0,4.0,7.25,1.0,2.25,4.9,4.0,7.0,0.9000000000000004,2.0999999999999996,4.4,3.0,7.0,1.4000000000000004,2.5999999999999996,5.8,4.0,8.0,1.7999999999999998,2.2,0.0,0.0,0.0,0.0,0.0,4.0,4.0,4.0,0.0,0.0,0.0,0.0,0.0,0.0,0.0,4.0,4.0,4.0,0.0,0.0
20,4,5,15,0.2,0.2,0.3,dense,True,20,20,20,4,5,15,18,TPA max-token phrase baseline,validity_full_harmful_sequence_per_prompt,radius_derived,5,"0,10,20,30,40",0.0,0.0,0.0,0.0,0.0,1.0,1.0,1.0,0.0,0.0,5.0,4.0,7.25,1.0,2.25,4.9,4.0,7.0,0.9000000000000004,2.0999999999999996,4.4,3.0,7.0,1.4000000000000004,2.5999999999999996,5.8,4.0,8.0,1.7999999999999998,2.2,0.0,0.0,0.0,0.0,0.0,4.0,4.0,4.0,0.0,0.0,0.0,0.0,0.0,0.0,0.0,4.0,4.0,4.0,0.0,0.0
20,4,5,15,0.2,0.2,0.3,dense,True,20,20,20,4,5,15,19,TPA max-token phrase baseline,validity_full_harmful_sequence_per_prompt,radius_derived,5,"0,10,20,30,40",0.0,0.0,0.0,0.0,0.0,1.0,1.0,1.0,0.0,0.0,5.0,4.0,7.25,1.0,2.25,4.9,4.0,7.0,0.9000000000000004,2.0999999999999996,4.4,3.0,7.0,1.4000000000000004,2.5999999999999996,5.8,4.0,8.0,1.7999999999999998,2.2,0.0,0.0,0.0,0.0,0.0,4.0,4.0,4.0,0.0,0.0,0.0,0.0,0.0,0.0,0.0,4.0,4.0,4.0,0.0,0.0
20,4,5,15,0.2,0.2,0.3,dense,True,20,20,20,4,5,15,20,TPA max-token phrase baseline,validity_full_harmful_sequence_per_prompt,radius_derived,5,"0,10,20,30,40",0.0,0.0,0.0,0.0,0.0,1.0,1.0,1.0,0.0,0.0,5.0,4.0,7.25,1.0,2.25,4.9,4.0,7.0,0.9000000000000004,2.0999999999999996,4.4,3.0,7.0,1.4000000000000004,2.5999999999999996,5.8,4.0,8.0,1.7999999999999998,2.2,0.0,0.0,0.0,0.0,0.0,4.0,4.0,4.0,0.0,0.0,0.0,0.0,0.0,0.0,0.0,4.0,4.0,4.0,0.0,0.0
20,4,5,15,0.2,0.2,0.3,dense,True,20,20,20,4,5,15,0,Shared MILP,validity_full_harmful_sequence_per_prompt,radius_derived,5,"0,10,20,30,40",1.0,1.0,1.0,0.0,0.0,0.0,0.0,0.0,0.0,0.0,5.0,4.0,7.25,1.0,2.25,4.9,4.0,7.0,0.9000000000000004,2.0999999999999996,4.4,3.0,7.0,1.4000000000000004,2.5999999999999996,5.8,4.0,8.0,1.7999999999999998,2.2,4.0,4.0,4.0,0.0,0.0,4.0,4.0,4.0,0.0,0.0,0.0,0.0,0.0,0.0,0.0,4.0,4.0,4.0,0.0,0.0
20,4,5,15,0.2,0.2,0.3,dense,True,20,20,20,4,5,15,1,Shared MILP,validity_full_harmful_sequence_per_prompt,radius_derived,5,"0,10,20,30,40",1.0,1.0,1.0,0.0,0.0,0.0,0.0,0.0,0.0,0.0,5.0,4.0,7.25,1.0,2.25,4.9,4.0,7.0,0.9000000000000004,2.0999999999999996,4.4,3.0,7.0,1.4000000000000004,2.5999999999999996,5.8,4.0,8.0,1.7999999999999998,2.2,4.0,4.0,4.0,0.0,0.0,4.0,4.0,4.0,0.0,0.0,0.0,0.0,0.0,0.0,0.0,4.0,4.0,4.0,0.0,0.0
20,4,5,15,0.2,0.2,0.3,dense,True,20,20,20,4,5,15,2,Shared MILP,validity_full_harmful_sequence_per_prompt,radius_derived,5,"0,10,20,30,40",1.0,1.0,1.0,0.0,0.0,0.0,0.0,0.0,0.0,0.0,5.0,4.0,7.25,1.0,2.25,4.9,4.0,7.0,0.9000000000000004,2.0999999999999996,4.4,3.0,7.0,1.4000000000000004,2.5999999999999996,5.8,4.0,8.0,1.7999999999999998,2.2,4.0,4.0,4.0,0.0,0.0,4.0,4.0,4.0,0.0,0.0,0.0,0.0,0.0,0.0,0.0,4.0,4.0,4.0,0.0,0.0
20,4,5,15,0.2,0.2,0.3,dense,True,20,20,20,4,5,15,3,Shared MILP,validity_full_harmful_sequence_per_prompt,radius_derived,5,"0,10,20,30,40",0.95,0.75,1.0,0.19999999999999996,0.050000000000000044,0.05,0.0,0.25,0.05,0.2,5.0,4.0,7.25,1.0,2.25,4.9,4.0,7.0,0.9000000000000004,2.0999999999999996,4.4,3.0,7.0,1.4000000000000004,2.5999999999999996,5.8,4.0,8.0,1.7999999999999998,2.2,3.8,3.0,4.0,0.7999999999999998,0.20000000000000018,4.0,4.0,4.0,0.0,0.0,0.0,0.0,0.0,0.0,0.0,4.0,4.0,4.0,0.0,0.0
20,4,5,15,0.2,0.2,0.3,dense,True,20,20,20,4,5,15,4,Shared MILP,validity_full_harmful_sequence_per_prompt,radius_derived,5,"0,10,20,30,40",0.5,0.0,1.0,0.5,0.5,0.5,0.0,1.0,0.5,0.5,5.0,4.0,7.25,1.0,2.25,4.9,4.0,7.0,0.9000000000000004,2.0999999999999996,4.4,3.0,7.0,1.4000000000000004,2.5999999999999996,5.8,4.0,8.0,1.7999999999999998,2.2,2.0,0.0,4.0,2.0,2.0,4.0,4.0,4.0,0.0,0.0,0.0,0.0,0.0,0.0,0.0,4.0,4.0,4.0,0.0,0.0
20,4,5,15,0.2,0.2,0.3,dense,True,20,20,20,4,5,15,5,Shared MILP,validity_full_harmful_sequence_per_prompt,radius_derived,5,"0,10,20,30,40",0.25,0.0,1.0,0.25,0.75,0.75,0.0,1.0,0.75,0.25,5.0,4.0,7.25,1.0,2.25,4.9,4.0,7.0,0.9000000000000004,2.0999999999999996,4.4,3.0,7.0,1.4000000000000004,2.5999999999999996,5.8,4.0,8.0,1.7999999999999998,2.2,1.0,0.0,4.0,1.0,3.0,4.0,4.0,4.0,0.0,0.0,0.0,0.0,0.0,0.0,0.0,4.0,4.0,4.0,0.0,0.0
20,4,5,15,0.2,0.2,0.3,dense,True,20,20,20,4,5,15,6,Shared MILP,validity_full_harmful_sequence_per_prompt,radius_derived,5,"0,10,20,30,40",0.25,0.0,1.0,0.25,0.75,0.75,0.0,1.0,0.75,0.25,5.0,4.0,7.25,1.0,2.25,4.9,4.0,7.0,0.9000000000000004,2.0999999999999996,4.4,3.0,7.0,1.4000000000000004,2.5999999999999996,5.8,4.0,8.0,1.7999999999999998,2.2,1.0,0.0,4.0,1.0,3.0,4.0,4.0,4.0,0.0,0.0,0.0,0.0,0.0,0.0,0.0,4.0,4.0,4.0,0.0,0.0
20,4,5,15,0.2,0.2,0.3,dense,True,20,20,20,4,5,15,7,Shared MILP,validity_full_harmful_sequence_per_prompt,radius_derived,5,"0,10,20,30,40",0.05,0.0,0.25,0.05,0.2,0.95,0.75,1.0,0.19999999999999996,0.050000000000000044,5.0,4.0,7.25,1.0,2.25,4.9,4.0,7.0,0.9000000000000004,2.0999999999999996,4.4,3.0,7.0,1.4000000000000004,2.5999999999999996,5.8,4.0,8.0,1.7999999999999998,2.2,0.2,0.0,1.0,0.2,0.8,4.0,4.0,4.0,0.0,0.0,0.0,0.0,0.0,0.0,0.0,4.0,4.0,4.0,0.0,0.0
20,4,5,15,0.2,0.2,0.3,dense,True,20,20,20,4,5,15,8,Shared MILP,validity_full_harmful_sequence_per_prompt,radius_derived,5,"0,10,20,30,40",0.0,0.0,0.0,0.0,0.0,1.0,1.0,1.0,0.0,0.0,5.0,4.0,7.25,1.0,2.25,4.9,4.0,7.0,0.9000000000000004,2.0999999999999996,4.4,3.0,7.0,1.4000000000000004,2.5999999999999996,5.8,4.0,8.0,1.7999999999999998,2.2,0.0,0.0,0.0,0.0,0.0,4.0,4.0,4.0,0.0,0.0,0.0,0.0,0.0,0.0,0.0,4.0,4.0,4.0,0.0,0.0
20,4,5,15,0.2,0.2,0.3,dense,True,20,20,20,4,5,15,9,Shared MILP,validity_full_harmful_sequence_per_prompt,radius_derived,5,"0,10,20,30,40",0.0,0.0,0.0,0.0,0.0,1.0,1.0,1.0,0.0,0.0,5.0,4.0,7.25,1.0,2.25,4.9,4.0,7.0,0.9000000000000004,2.0999999999999996,4.4,3.0,7.0,1.4000000000000004,2.5999999999999996,5.8,4.0,8.0,1.7999999999999998,2.2,0.0,0.0,0.0,0.0,0.0,4.0,4.0,4.0,0.0,0.0,0.0,0.0,0.0,0.0,0.0,4.0,4.0,4.0,0.0,0.0
20,4,5,15,0.2,0.2,0.3,dense,True,20,20,20,4,5,15,10,Shared MILP,validity_full_harmful_sequence_per_prompt,radius_derived,5,"0,10,20,30,40",0.0,0.0,0.0,0.0,0.0,1.0,1.0,1.0,0.0,0.0,5.0,4.0,7.25,1.0,2.25,4.9,4.0,7.0,0.9000000000000004,2.0999999999999996,4.4,3.0,7.0,1.4000000000000004,2.5999999999999996,5.8,4.0,8.0,1.7999999999999998,2.2,0.0,0.0,0.0,0.0,0.0,4.0,4.0,4.0,0.0,0.0,0.0,0.0,0.0,0.0,0.0,4.0,4.0,4.0,0.0,0.0
20,4,5,15,0.2,0.2,0.3,dense,True,20,20,20,4,5,15,11,Shared MILP,validity_full_harmful_sequence_per_prompt,radius_derived,5,"0,10,20,30,40",0.0,0.0,0.0,0.0,0.0,1.0,1.0,1.0,0.0,0.0,5.0,4.0,7.25,1.0,2.25,4.9,4.0,7.0,0.9000000000000004,2.0999999999999996,4.4,3.0,7.0,1.4000000000000004,2.5999999999999996,5.8,4.0,8.0,1.7999999999999998,2.2,0.0,0.0,0.0,0.0,0.0,4.0,4.0,4.0,0.0,0.0,0.0,0.0,0.0,0.0,0.0,4.0,4.0,4.0,0.0,0.0
20,4,5,15,0.2,0.2,0.3,dense,True,20,20,20,4,5,15,12,Shared MILP,validity_full_harmful_sequence_per_prompt,radius_derived,5,"0,10,20,30,40",0.0,0.0,0.0,0.0,0.0,1.0,1.0,1.0,0.0,0.0,5.0,4.0,7.25,1.0,2.25,4.9,4.0,7.0,0.9000000000000004,2.0999999999999996,4.4,3.0,7.0,1.4000000000000004,2.5999999999999996,5.8,4.0,8.0,1.7999999999999998,2.2,0.0,0.0,0.0,0.0,0.0,4.0,4.0,4.0,0.0,0.0,0.0,0.0,0.0,0.0,0.0,4.0,4.0,4.0,0.0,0.0
20,4,5,15,0.2,0.2,0.3,dense,True,20,20,20,4,5,15,13,Shared MILP,validity_full_harmful_sequence_per_prompt,radius_derived,5,"0,10,20,30,40",0.0,0.0,0.0,0.0,0.0,1.0,1.0,1.0,0.0,0.0,5.0,4.0,7.25,1.0,2.25,4.9,4.0,7.0,0.9000000000000004,2.0999999999999996,4.4,3.0,7.0,1.4000000000000004,2.5999999999999996,5.8,4.0,8.0,1.7999999999999998,2.2,0.0,0.0,0.0,0.0,0.0,4.0,4.0,4.0,0.0,0.0,0.0,0.0,0.0,0.0,0.0,4.0,4.0,4.0,0.0,0.0
20,4,5,15,0.2,0.2,0.3,dense,True,20,20,20,4,5,15,14,Shared MILP,validity_full_harmful_sequence_per_prompt,radius_derived,5,"0,10,20,30,40",0.0,0.0,0.0,0.0,0.0,1.0,1.0,1.0,0.0,0.0,5.0,4.0,7.25,1.0,2.25,4.9,4.0,7.0,0.9000000000000004,2.0999999999999996,4.4,3.0,7.0,1.4000000000000004,2.5999999999999996,5.8,4.0,8.0,1.7999999999999998,2.2,0.0,0.0,0.0,0.0,0.0,4.0,4.0,4.0,0.0,0.0,0.0,0.0,0.0,0.0,0.0,4.0,4.0,4.0,0.0,0.0
20,4,5,15,0.2,0.2,0.3,dense,True,20,20,20,4,5,15,15,Shared MILP,validity_full_harmful_sequence_per_prompt,radius_derived,5,"0,10,20,30,40",0.0,0.0,0.0,0.0,0.0,1.0,1.0,1.0,0.0,0.0,5.0,4.0,7.25,1.0,2.25,4.9,4.0,7.0,0.9000000000000004,2.0999999999999996,4.4,3.0,7.0,1.4000000000000004,2.5999999999999996,5.8,4.0,8.0,1.7999999999999998,2.2,0.0,0.0,0.0,0.0,0.0,4.0,4.0,4.0,0.0,0.0,0.0,0.0,0.0,0.0,0.0,4.0,4.0,4.0,0.0,0.0
20,4,5,15,0.2,0.2,0.3,dense,True,20,20,20,4,5,15,16,Shared MILP,validity_full_harmful_sequence_per_prompt,radius_derived,5,"0,10,20,30,40",0.0,0.0,0.0,0.0,0.0,1.0,1.0,1.0,0.0,0.0,5.0,4.0,7.25,1.0,2.25,4.9,4.0,7.0,0.9000000000000004,2.0999999999999996,4.4,3.0,7.0,1.4000000000000004,2.5999999999999996,5.8,4.0,8.0,1.7999999999999998,2.2,0.0,0.0,0.0,0.0,0.0,4.0,4.0,4.0,0.0,0.0,0.0,0.0,0.0,0.0,0.0,4.0,4.0,4.0,0.0,0.0
20,4,5,15,0.2,0.2,0.3,dense,True,20,20,20,4,5,15,17,Shared MILP,validity_full_harmful_sequence_per_prompt,radius_derived,5,"0,10,20,30,40",0.0,0.0,0.0,0.0,0.0,1.0,1.0,1.0,0.0,0.0,5.0,4.0,7.25,1.0,2.25,4.9,4.0,7.0,0.9000000000000004,2.0999999999999996,4.4,3.0,7.0,1.4000000000000004,2.5999999999999996,5.8,4.0,8.0,1.7999999999999998,2.2,0.0,0.0,0.0,0.0,0.0,4.0,4.0,4.0,0.0,0.0,0.0,0.0,0.0,0.0,0.0,4.0,4.0,4.0,0.0,0.0
20,4,5,15,0.2,0.2,0.3,dense,True,20,20,20,4,5,15,18,Shared MILP,validity_full_harmful_sequence_per_prompt,radius_derived,5,"0,10,20,30,40",0.0,0.0,0.0,0.0,0.0,1.0,1.0,1.0,0.0,0.0,5.0,4.0,7.25,1.0,2.25,4.9,4.0,7.0,0.9000000000000004,2.0999999999999996,4.4,3.0,7.0,1.4000000000000004,2.5999999999999996,5.8,4.0,8.0,1.7999999999999998,2.2,0.0,0.0,0.0,0.0,0.0,4.0,4.0,4.0,0.0,0.0,0.0,0.0,0.0,0.0,0.0,4.0,4.0,4.0,0.0,0.0
20,4,5,15,0.2,0.2,0.3,dense,True,20,20,20,4,5,15,19,Shared MILP,validity_full_harmful_sequence_per_prompt,radius_derived,5,"0,10,20,30,40",0.0,0.0,0.0,0.0,0.0,1.0,1.0,1.0,0.0,0.0,5.0,4.0,7.25,1.0,2.25,4.9,4.0,7.0,0.9000000000000004,2.0999999999999996,4.4,3.0,7.0,1.4000000000000004,2.5999999999999996,5.8,4.0,8.0,1.7999999999999998,2.2,0.0,0.0,0.0,0.0,0.0,4.0,4.0,4.0,0.0,0.0,0.0,0.0,0.0,0.0,0.0,4.0,4.0,4.0,0.0,0.0
20,4,5,15,0.2,0.2,0.3,dense,True,20,20,20,4,5,15,20,Shared MILP,validity_full_harmful_sequence_per_prompt,radius_derived,5,"0,10,20,30,40",0.0,0.0,0.0,0.0,0.0,1.0,1.0,1.0,0.0,0.0,5.0,4.0,7.25,1.0,2.25,4.9,4.0,7.0,0.9000000000000004,2.0999999999999996,4.4,3.0,7.0,1.4000000000000004,2.5999999999999996,5.8,4.0,8.0,1.7999999999999998,2.2,0.0,0.0,0.0,0.0,0.0,4.0,4.0,4.0,0.0,0.0,0.0,0.0,0.0,0.0,0.0,4.0,4.0,4.0,0.0,0.0
20,4,5,15,0.2,0.2,0.3,dense,True,20,20,20,4,5,15,0,Atomic phrase aggregation,validity_full_harmful_sequence_per_prompt,radius_derived,5,"0,10,20,30,40",0.95,0.75,1.0,0.19999999999999996,0.050000000000000044,0.05,0.0,0.25,0.05,0.2,1.55,1.0,2.0,0.55,0.44999999999999996,1.6,1.0,2.0,0.6000000000000001,0.3999999999999999,0.8,0.0,1.0,0.8,0.19999999999999996,2.2,2.0,3.0,0.20000000000000018,0.7999999999999998,3.8,3.0,4.0,0.7999999999999998,0.20000000000000018,4.0,4.0,4.0,0.0,0.0,0.0,0.0,0.0,0.0,0.0,4.0,4.0,4.0,0.0,0.0
20,4,5,15,0.2,0.2,0.3,dense,True,20,20,20,4,5,15,1,Atomic phrase aggregation,validity_full_harmful_sequence_per_prompt,radius_derived,5,"0,10,20,30,40",0.55,0.25,0.75,0.30000000000000004,0.19999999999999996,0.45,0.25,0.75,0.2,0.3,1.55,1.0,2.0,0.55,0.44999999999999996,1.6,1.0,2.0,0.6000000000000001,0.3999999999999999,0.8,0.0,1.0,0.8,0.19999999999999996,2.2,2.0,3.0,0.20000000000000018,0.7999999999999998,2.2,1.0,3.0,1.2000000000000002,0.7999999999999998,4.0,4.0,4.0,0.0,0.0,0.0,0.0,0.0,0.0,0.0,4.0,4.0,4.0,0.0,0.0
20,4,5,15,0.2,0.2,0.3,dense,True,20,20,20,4,5,15,2,Atomic phrase aggregation,validity_full_harmful_sequence_per_prompt,radius_derived,5,"0,10,20,30,40",0.05,0.0,0.25,0.05,0.2,0.95,0.75,1.0,0.19999999999999996,0.050000000000000044,1.55,1.0,2.0,0.55,0.44999999999999996,1.6,1.0,2.0,0.6000000000000001,0.3999999999999999,0.8,0.0,1.0,0.8,0.19999999999999996,2.2,2.0,3.0,0.20000000000000018,0.7999999999999998,0.2,0.0,1.0,0.2,0.8,4.0,4.0,4.0,0.0,0.0,0.0,0.0,0.0,0.0,0.0,4.0,4.0,4.0,0.0,0.0
20,4,5,15,0.2,0.2,0.3,dense,True,20,20,20,4,5,15,3,Atomic phrase aggregation,validity_full_harmful_sequence_per_prompt,radius_derived,5,"0,10,20,30,40",0.0,0.0,0.0,0.0,0.0,1.0,1.0,1.0,0.0,0.0,1.55,1.0,2.0,0.55,0.44999999999999996,1.6,1.0,2.0,0.6000000000000001,0.3999999999999999,0.8,0.0,1.0,0.8,0.19999999999999996,2.2,2.0,3.0,0.20000000000000018,0.7999999999999998,0.0,0.0,0.0,0.0,0.0,4.0,4.0,4.0,0.0,0.0,0.0,0.0,0.0,0.0,0.0,4.0,4.0,4.0,0.0,0.0
20,4,5,15,0.2,0.2,0.3,dense,True,20,20,20,4,5,15,4,Atomic phrase aggregation,validity_full_harmful_sequence_per_prompt,radius_derived,5,"0,10,20,30,40",0.0,0.0,0.0,0.0,0.0,1.0,1.0,1.0,0.0,0.0,1.55,1.0,2.0,0.55,0.44999999999999996,1.6,1.0,2.0,0.6000000000000001,0.3999999999999999,0.8,0.0,1.0,0.8,0.19999999999999996,2.2,2.0,3.0,0.20000000000000018,0.7999999999999998,0.0,0.0,0.0,0.0,0.0,4.0,4.0,4.0,0.0,0.0,0.0,0.0,0.0,0.0,0.0,4.0,4.0,4.0,0.0,0.0
20,4,5,15,0.2,0.2,0.3,dense,True,20,20,20,4,5,15,5,Atomic phrase aggregation,validity_full_harmful_sequence_per_prompt,radius_derived,5,"0,10,20,30,40",0.0,0.0,0.0,0.0,0.0,1.0,1.0,1.0,0.0,0.0,1.55,1.0,2.0,0.55,0.44999999999999996,1.6,1.0,2.0,0.6000000000000001,0.3999999999999999,0.8,0.0,1.0,0.8,0.19999999999999996,2.2,2.0,3.0,0.20000000000000018,0.7999999999999998,0.0,0.0,0.0,0.0,0.0,4.0,4.0,4.0,0.0,0.0,0.0,0.0,0.0,0.0,0.0,4.0,4.0,4.0,0.0,0.0
20,4,5,15,0.2,0.2,0.3,dense,True,20,20,20,4,5,15,6,Atomic phrase aggregation,validity_full_harmful_sequence_per_prompt,radius_derived,5,"0,10,20,30,40",0.0,0.0,0.0,0.0,0.0,1.0,1.0,1.0,0.0,0.0,1.55,1.0,2.0,0.55,0.44999999999999996,1.6,1.0,2.0,0.6000000000000001,0.3999999999999999,0.8,0.0,1.0,0.8,0.19999999999999996,2.2,2.0,3.0,0.20000000000000018,0.7999999999999998,0.0,0.0,0.0,0.0,0.0,4.0,4.0,4.0,0.0,0.0,0.0,0.0,0.0,0.0,0.0,4.0,4.0,4.0,0.0,0.0
20,4,5,15,0.2,0.2,0.3,dense,True,20,20,20,4,5,15,7,Atomic phrase aggregation,validity_full_harmful_sequence_per_prompt,radius_derived,5,"0,10,20,30,40",0.0,0.0,0.0,0.0,0.0,1.0,1.0,1.0,0.0,0.0,1.55,1.0,2.0,0.55,0.44999999999999996,1.6,1.0,2.0,0.6000000000000001,0.3999999999999999,0.8,0.0,1.0,0.8,0.19999999999999996,2.2,2.0,3.0,0.20000000000000018,0.7999999999999998,0.0,0.0,0.0,0.0,0.0,4.0,4.0,4.0,0.0,0.0,0.0,0.0,0.0,0.0,0.0,4.0,4.0,4.0,0.0,0.0
20,4,5,15,0.2,0.2,0.3,dense,True,20,20,20,4,5,15,8,Atomic phrase aggregation,validity_full_harmful_sequence_per_prompt,radius_derived,5,"0,10,20,30,40",0.0,0.0,0.0,0.0,0.0,1.0,1.0,1.0,0.0,0.0,1.55,1.0,2.0,0.55,0.44999999999999996,1.6,1.0,2.0,0.6000000000000001,0.3999999999999999,0.8,0.0,1.0,0.8,0.19999999999999996,2.2,2.0,3.0,0.20000000000000018,0.7999999999999998,0.0,0.0,0.0,0.0,0.0,4.0,4.0,4.0,0.0,0.0,0.0,0.0,0.0,0.0,0.0,4.0,4.0,4.0,0.0,0.0
20,4,5,15,0.2,0.2,0.3,dense,True,20,20,20,4,5,15,9,Atomic phrase aggregation,validity_full_harmful_sequence_per_prompt,radius_derived,5,"0,10,20,30,40",0.0,0.0,0.0,0.0,0.0,1.0,1.0,1.0,0.0,0.0,1.55,1.0,2.0,0.55,0.44999999999999996,1.6,1.0,2.0,0.6000000000000001,0.3999999999999999,0.8,0.0,1.0,0.8,0.19999999999999996,2.2,2.0,3.0,0.20000000000000018,0.7999999999999998,0.0,0.0,0.0,0.0,0.0,4.0,4.0,4.0,0.0,0.0,0.0,0.0,0.0,0.0,0.0,4.0,4.0,4.0,0.0,0.0
20,4,5,15,0.2,0.2,0.3,dense,True,20,20,20,4,5,15,10,Atomic phrase aggregation,validity_full_harmful_sequence_per_prompt,radius_derived,5,"0,10,20,30,40",0.0,0.0,0.0,0.0,0.0,1.0,1.0,1.0,0.0,0.0,1.55,1.0,2.0,0.55,0.44999999999999996,1.6,1.0,2.0,0.6000000000000001,0.3999999999999999,0.8,0.0,1.0,0.8,0.19999999999999996,2.2,2.0,3.0,0.20000000000000018,0.7999999999999998,0.0,0.0,0.0,0.0,0.0,4.0,4.0,4.0,0.0,0.0,0.0,0.0,0.0,0.0,0.0,4.0,4.0,4.0,0.0,0.0
20,4,5,15,0.2,0.2,0.3,dense,True,20,20,20,4,5,15,11,Atomic phrase aggregation,validity_full_harmful_sequence_per_prompt,radius_derived,5,"0,10,20,30,40",0.0,0.0,0.0,0.0,0.0,1.0,1.0,1.0,0.0,0.0,1.55,1.0,2.0,0.55,0.44999999999999996,1.6,1.0,2.0,0.6000000000000001,0.3999999999999999,0.8,0.0,1.0,0.8,0.19999999999999996,2.2,2.0,3.0,0.20000000000000018,0.7999999999999998,0.0,0.0,0.0,0.0,0.0,4.0,4.0,4.0,0.0,0.0,0.0,0.0,0.0,0.0,0.0,4.0,4.0,4.0,0.0,0.0
20,4,5,15,0.2,0.2,0.3,dense,True,20,20,20,4,5,15,12,Atomic phrase aggregation,validity_full_harmful_sequence_per_prompt,radius_derived,5,"0,10,20,30,40",0.0,0.0,0.0,0.0,0.0,1.0,1.0,1.0,0.0,0.0,1.55,1.0,2.0,0.55,0.44999999999999996,1.6,1.0,2.0,0.6000000000000001,0.3999999999999999,0.8,0.0,1.0,0.8,0.19999999999999996,2.2,2.0,3.0,0.20000000000000018,0.7999999999999998,0.0,0.0,0.0,0.0,0.0,4.0,4.0,4.0,0.0,0.0,0.0,0.0,0.0,0.0,0.0,4.0,4.0,4.0,0.0,0.0
20,4,5,15,0.2,0.2,0.3,dense,True,20,20,20,4,5,15,13,Atomic phrase aggregation,validity_full_harmful_sequence_per_prompt,radius_derived,5,"0,10,20,30,40",0.0,0.0,0.0,0.0,0.0,1.0,1.0,1.0,0.0,0.0,1.55,1.0,2.0,0.55,0.44999999999999996,1.6,1.0,2.0,0.6000000000000001,0.3999999999999999,0.8,0.0,1.0,0.8,0.19999999999999996,2.2,2.0,3.0,0.20000000000000018,0.7999999999999998,0.0,0.0,0.0,0.0,0.0,4.0,4.0,4.0,0.0,0.0,0.0,0.0,0.0,0.0,0.0,4.0,4.0,4.0,0.0,0.0
20,4,5,15,0.2,0.2,0.3,dense,True,20,20,20,4,5,15,14,Atomic phrase aggregation,validity_full_harmful_sequence_per_prompt,radius_derived,5,"0,10,20,30,40",0.0,0.0,0.0,0.0,0.0,1.0,1.0,1.0,0.0,0.0,1.55,1.0,2.0,0.55,0.44999999999999996,1.6,1.0,2.0,0.6000000000000001,0.3999999999999999,0.8,0.0,1.0,0.8,0.19999999999999996,2.2,2.0,3.0,0.20000000000000018,0.7999999999999998,0.0,0.0,0.0,0.0,0.0,4.0,4.0,4.0,0.0,0.0,0.0,0.0,0.0,0.0,0.0,4.0,4.0,4.0,0.0,0.0
20,4,5,15,0.2,0.2,0.3,dense,True,20,20,20,4,5,15,15,Atomic phrase aggregation,validity_full_harmful_sequence_per_prompt,radius_derived,5,"0,10,20,30,40",0.0,0.0,0.0,0.0,0.0,1.0,1.0,1.0,0.0,0.0,1.55,1.0,2.0,0.55,0.44999999999999996,1.6,1.0,2.0,0.6000000000000001,0.3999999999999999,0.8,0.0,1.0,0.8,0.19999999999999996,2.2,2.0,3.0,0.20000000000000018,0.7999999999999998,0.0,0.0,0.0,0.0,0.0,4.0,4.0,4.0,0.0,0.0,0.0,0.0,0.0,0.0,0.0,4.0,4.0,4.0,0.0,0.0
20,4,5,15,0.2,0.2,0.3,dense,True,20,20,20,4,5,15,16,Atomic phrase aggregation,validity_full_harmful_sequence_per_prompt,radius_derived,5,"0,10,20,30,40",0.0,0.0,0.0,0.0,0.0,1.0,1.0,1.0,0.0,0.0,1.55,1.0,2.0,0.55,0.44999999999999996,1.6,1.0,2.0,0.6000000000000001,0.3999999999999999,0.8,0.0,1.0,0.8,0.19999999999999996,2.2,2.0,3.0,0.20000000000000018,0.7999999999999998,0.0,0.0,0.0,0.0,0.0,4.0,4.0,4.0,0.0,0.0,0.0,0.0,0.0,0.0,0.0,4.0,4.0,4.0,0.0,0.0
20,4,5,15,0.2,0.2,0.3,dense,True,20,20,20,4,5,15,17,Atomic phrase aggregation,validity_full_harmful_sequence_per_prompt,radius_derived,5,"0,10,20,30,40",0.0,0.0,0.0,0.0,0.0,1.0,1.0,1.0,0.0,0.0,1.55,1.0,2.0,0.55,0.44999999999999996,1.6,1.0,2.0,0.6000000000000001,0.3999999999999999,0.8,0.0,1.0,0.8,0.19999999999999996,2.2,2.0,3.0,0.20000000000000018,0.7999999999999998,0.0,0.0,0.0,0.0,0.0,4.0,4.0,4.0,0.0,0.0,0.0,0.0,0.0,0.0,0.0,4.0,4.0,4.0,0.0,0.0
20,4,5,15,0.2,0.2,0.3,dense,True,20,20,20,4,5,15,18,Atomic phrase aggregation,validity_full_harmful_sequence_per_prompt,radius_derived,5,"0,10,20,30,40",0.0,0.0,0.0,0.0,0.0,1.0,1.0,1.0,0.0,0.0,1.55,1.0,2.0,0.55,0.44999999999999996,1.6,1.0,2.0,0.6000000000000001,0.3999999999999999,0.8,0.0,1.0,0.8,0.19999999999999996,2.2,2.0,3.0,0.20000000000000018,0.7999999999999998,0.0,0.0,0.0,0.0,0.0,4.0,4.0,4.0,0.0,0.0,0.0,0.0,0.0,0.0,0.0,4.0,4.0,4.0,0.0,0.0
20,4,5,15,0.2,0.2,0.3,dense,True,20,20,20,4,5,15,19,Atomic phrase aggregation,validity_full_harmful_sequence_per_prompt,radius_derived,5,"0,10,20,30,40",0.0,0.0,0.0,0.0,0.0,1.0,1.0,1.0,0.0,0.0,1.55,1.0,2.0,0.55,0.44999999999999996,1.6,1.0,2.0,0.6000000000000001,0.3999999999999999,0.8,0.0,1.0,0.8,0.19999999999999996,2.2,2.0,3.0,0.20000000000000018,0.7999999999999998,0.0,0.0,0.0,0.0,0.0,4.0,4.0,4.0,0.0,0.0,0.0,0.0,0.0,0.0,0.0,4.0,4.0,4.0,0.0,0.0
20,4,5,15,0.2,0.2,0.3,dense,True,20,20,20,4,5,15,20,Atomic phrase aggregation,validity_full_harmful_sequence_per_prompt,radius_derived,5,"0,10,20,30,40",0.0,0.0,0.0,0.0,0.0,1.0,1.0,1.0,0.0,0.0,1.55,1.0,2.0,0.55,0.44999999999999996,1.6,1.0,2.0,0.6000000000000001,0.3999999999999999,0.8,0.0,1.0,0.8,0.19999999999999996,2.2,2.0,3.0,0.20000000000000018,0.7999999999999998,0.0,0.0,0.0,0.0,0.0,4.0,4.0,4.0,0.0,0.0,0.0,0.0,0.0,0.0,0.0,4.0,4.0,4.0,0.0,0.0
20,4,5,15,0.2,0.2,0.3,dense,True,20,20,20,4,5,15,0,Independent shard-aware composition diagnostic,validity_full_harmful_sequence_per_prompt,radius_derived,5,"0,10,20,30,40",1.0,1.0,1.0,0.0,0.0,0.0,0.0,0.0,0.0,0.0,13.45,9.75,19.25,3.6999999999999993,5.800000000000001,13.5,10.5,19.5,3.0,6.0,10.2,7.0,14.0,3.1999999999999993,3.8000000000000007,16.6,11.0,24.0,5.600000000000001,7.399999999999999,4.0,4.0,4.0,0.0,0.0,4.0,4.0,4.0,0.0,0.0,0.0,0.0,0.0,0.0,0.0,4.0,4.0,4.0,0.0,0.0
20,4,5,15,0.2,0.2,0.3,dense,True,20,20,20,4,5,15,1,Independent shard-aware composition diagnostic,validity_full_harmful_sequence_per_prompt,radius_derived,5,"0,10,20,30,40",1.0,1.0,1.0,0.0,0.0,0.0,0.0,0.0,0.0,0.0,13.45,9.75,19.25,3.6999999999999993,5.800000000000001,13.5,10.5,19.5,3.0,6.0,10.2,7.0,14.0,3.1999999999999993,3.8000000000000007,16.6,11.0,24.0,5.600000000000001,7.399999999999999,4.0,4.0,4.0,0.0,0.0,4.0,4.0,4.0,0.0,0.0,0.0,0.0,0.0,0.0,0.0,4.0,4.0,4.0,0.0,0.0
20,4,5,15,0.2,0.2,0.3,dense,True,20,20,20,4,5,15,2,Independent shard-aware composition diagnostic,validity_full_harmful_sequence_per_prompt,radius_derived,5,"0,10,20,30,40",1.0,1.0,1.0,0.0,0.0,0.0,0.0,0.0,0.0,0.0,13.45,9.75,19.25,3.6999999999999993,5.800000000000001,13.5,10.5,19.5,3.0,6.0,10.2,7.0,14.0,3.1999999999999993,3.8000000000000007,16.6,11.0,24.0,5.600000000000001,7.399999999999999,4.0,4.0,4.0,0.0,0.0,4.0,4.0,4.0,0.0,0.0,0.0,0.0,0.0,0.0,0.0,4.0,4.0,4.0,0.0,0.0
20,4,5,15,0.2,0.2,0.3,dense,True,20,20,20,4,5,15,3,Independent shard-aware composition diagnostic,validity_full_harmful_sequence_per_prompt,radius_derived,5,"0,10,20,30,40",1.0,1.0,1.0,0.0,0.0,0.0,0.0,0.0,0.0,0.0,13.45,9.75,19.25,3.6999999999999993,5.800000000000001,13.5,10.5,19.5,3.0,6.0,10.2,7.0,14.0,3.1999999999999993,3.8000000000000007,16.6,11.0,24.0,5.600000000000001,7.399999999999999,4.0,4.0,4.0,0.0,0.0,4.0,4.0,4.0,0.0,0.0,0.0,0.0,0.0,0.0,0.0,4.0,4.0,4.0,0.0,0.0
20,4,5,15,0.2,0.2,0.3,dense,True,20,20,20,4,5,15,4,Independent shard-aware composition diagnostic,validity_full_harmful_sequence_per_prompt,radius_derived,5,"0,10,20,30,40",1.0,1.0,1.0,0.0,0.0,0.0,0.0,0.0,0.0,0.0,13.45,9.75,19.25,3.6999999999999993,5.800000000000001,13.5,10.5,19.5,3.0,6.0,10.2,7.0,14.0,3.1999999999999993,3.8000000000000007,16.6,11.0,24.0,5.600000000000001,7.399999999999999,4.0,4.0,4.0,0.0,0.0,4.0,4.0,4.0,0.0,0.0,0.0,0.0,0.0,0.0,0.0,4.0,4.0,4.0,0.0,0.0
20,4,5,15,0.2,0.2,0.3,dense,True,20,20,20,4,5,15,5,Independent shard-aware composition diagnostic,validity_full_harmful_sequence_per_prompt,radius_derived,5,"0,10,20,30,40",1.0,1.0,1.0,0.0,0.0,0.0,0.0,0.0,0.0,0.0,13.45,9.75,19.25,3.6999999999999993,5.800000000000001,13.5,10.5,19.5,3.0,6.0,10.2,7.0,14.0,3.1999999999999993,3.8000000000000007,16.6,11.0,24.0,5.600000000000001,7.399999999999999,4.0,4.0,4.0,0.0,0.0,4.0,4.0,4.0,0.0,0.0,0.0,0.0,0.0,0.0,0.0,4.0,4.0,4.0,0.0,0.0
20,4,5,15,0.2,0.2,0.3,dense,True,20,20,20,4,5,15,6,Independent shard-aware composition diagnostic,validity_full_harmful_sequence_per_prompt,radius_derived,5,"0,10,20,30,40",1.0,1.0,1.0,0.0,0.0,0.0,0.0,0.0,0.0,0.0,13.45,9.75,19.25,3.6999999999999993,5.800000000000001,13.5,10.5,19.5,3.0,6.0,10.2,7.0,14.0,3.1999999999999993,3.8000000000000007,16.6,11.0,24.0,5.600000000000001,7.399999999999999,4.0,4.0,4.0,0.0,0.0,4.0,4.0,4.0,0.0,0.0,0.0,0.0,0.0,0.0,0.0,4.0,4.0,4.0,0.0,0.0
20,4,5,15,0.2,0.2,0.3,dense,True,20,20,20,4,5,15,7,Independent shard-aware composition diagnostic,validity_full_harmful_sequence_per_prompt,radius_derived,5,"0,10,20,30,40",0.95,0.75,1.0,0.19999999999999996,0.050000000000000044,0.05,0.0,0.25,0.05,0.2,13.45,9.75,19.25,3.6999999999999993,5.800000000000001,13.5,10.5,19.5,3.0,6.0,10.2,7.0,14.0,3.1999999999999993,3.8000000000000007,16.6,11.0,24.0,5.600000000000001,7.399999999999999,3.8,3.0,4.0,0.7999999999999998,0.20000000000000018,4.0,4.0,4.0,0.0,0.0,0.0,0.0,0.0,0.0,0.0,4.0,4.0,4.0,0.0,0.0
20,4,5,15,0.2,0.2,0.3,dense,True,20,20,20,4,5,15,8,Independent shard-aware composition diagnostic,validity_full_harmful_sequence_per_prompt,radius_derived,5,"0,10,20,30,40",0.9,0.75,1.0,0.15000000000000002,0.09999999999999998,0.1,0.0,0.25,0.1,0.15,13.45,9.75,19.25,3.6999999999999993,5.800000000000001,13.5,10.5,19.5,3.0,6.0,10.2,7.0,14.0,3.1999999999999993,3.8000000000000007,16.6,11.0,24.0,5.600000000000001,7.399999999999999,3.6,3.0,4.0,0.6000000000000001,0.3999999999999999,4.0,4.0,4.0,0.0,0.0,0.0,0.0,0.0,0.0,0.0,4.0,4.0,4.0,0.0,0.0
20,4,5,15,0.2,0.2,0.3,dense,True,20,20,20,4,5,15,9,Independent shard-aware composition diagnostic,validity_full_harmful_sequence_per_prompt,radius_derived,5,"0,10,20,30,40",0.9,0.75,1.0,0.15000000000000002,0.09999999999999998,0.1,0.0,0.25,0.1,0.15,13.45,9.75,19.25,3.6999999999999993,5.800000000000001,13.5,10.5,19.5,3.0,6.0,10.2,7.0,14.0,3.1999999999999993,3.8000000000000007,16.6,11.0,24.0,5.600000000000001,7.399999999999999,3.6,3.0,4.0,0.6000000000000001,0.3999999999999999,4.0,4.0,4.0,0.0,0.0,0.0,0.0,0.0,0.0,0.0,4.0,4.0,4.0,0.0,0.0
20,4,5,15,0.2,0.2,0.3,dense,True,20,20,20,4,5,15,10,Independent shard-aware composition diagnostic,validity_full_harmful_sequence_per_prompt,radius_derived,5,"0,10,20,30,40",0.75,0.5,1.0,0.25,0.25,0.25,0.0,0.5,0.25,0.25,13.45,9.75,19.25,3.6999999999999993,5.800000000000001,13.5,10.5,19.5,3.0,6.0,10.2,7.0,14.0,3.1999999999999993,3.8000000000000007,16.6,11.0,24.0,5.600000000000001,7.399999999999999,3.0,2.0,4.0,1.0,1.0,4.0,4.0,4.0,0.0,0.0,0.0,0.0,0.0,0.0,0.0,4.0,4.0,4.0,0.0,0.0
20,4,5,15,0.2,0.2,0.3,dense,True,20,20,20,4,5,15,11,Independent shard-aware composition diagnostic,validity_full_harmful_sequence_per_prompt,radius_derived,5,"0,10,20,30,40",0.65,0.0,1.0,0.65,0.35,0.35,0.0,1.0,0.35,0.65,13.45,9.75,19.25,3.6999999999999993,5.800000000000001,13.5,10.5,19.5,3.0,6.0,10.2,7.0,14.0,3.1999999999999993,3.8000000000000007,16.6,11.0,24.0,5.600000000000001,7.399999999999999,2.6,0.0,4.0,2.6,1.4,4.0,4.0,4.0,0.0,0.0,0.0,0.0,0.0,0.0,0.0,4.0,4.0,4.0,0.0,0.0
20,4,5,15,0.2,0.2,0.3,dense,True,20,20,20,4,5,15,12,Independent shard-aware composition diagnostic,validity_full_harmful_sequence_per_prompt,radius_derived,5,"0,10,20,30,40",0.45,0.0,1.0,0.45,0.55,0.55,0.0,1.0,0.55,0.44999999999999996,13.45,9.75,19.25,3.6999999999999993,5.800000000000001,13.5,10.5,19.5,3.0,6.0,10.2,7.0,14.0,3.1999999999999993,3.8000000000000007,16.6,11.0,24.0,5.600000000000001,7.399999999999999,1.8,0.0,4.0,1.8,2.2,4.0,4.0,4.0,0.0,0.0,0.0,0.0,0.0,0.0,0.0,4.0,4.0,4.0,0.0,0.0
20,4,5,15,0.2,0.2,0.3,dense,True,20,20,20,4,5,15,13,Independent shard-aware composition diagnostic,validity_full_harmful_sequence_per_prompt,radius_derived,5,"0,10,20,30,40",0.45,0.0,1.0,0.45,0.55,0.55,0.0,1.0,0.55,0.44999999999999996,13.45,9.75,19.25,3.6999999999999993,5.800000000000001,13.5,10.5,19.5,3.0,6.0,10.2,7.0,14.0,3.1999999999999993,3.8000000000000007,16.6,11.0,24.0,5.600000000000001,7.399999999999999,1.8,0.0,4.0,1.8,2.2,4.0,4.0,4.0,0.0,0.0,0.0,0.0,0.0,0.0,0.0,4.0,4.0,4.0,0.0,0.0
20,4,5,15,0.2,0.2,0.3,dense,True,20,20,20,4,5,15,14,Independent shard-aware composition diagnostic,validity_full_harmful_sequence_per_prompt,radius_derived,5,"0,10,20,30,40",0.3,0.0,0.75,0.3,0.45,0.7,0.25,1.0,0.44999999999999996,0.30000000000000004,13.45,9.75,19.25,3.6999999999999993,5.800000000000001,13.5,10.5,19.5,3.0,6.0,10.2,7.0,14.0,3.1999999999999993,3.8000000000000007,16.6,11.0,24.0,5.600000000000001,7.399999999999999,1.2,0.0,3.0,1.2,1.8,4.0,4.0,4.0,0.0,0.0,0.0,0.0,0.0,0.0,0.0,4.0,4.0,4.0,0.0,0.0
20,4,5,15,0.2,0.2,0.3,dense,True,20,20,20,4,5,15,15,Independent shard-aware composition diagnostic,validity_full_harmful_sequence_per_prompt,radius_derived,5,"0,10,20,30,40",0.25,0.0,0.75,0.25,0.5,0.75,0.25,1.0,0.5,0.25,13.45,9.75,19.25,3.6999999999999993,5.800000000000001,13.5,10.5,19.5,3.0,6.0,10.2,7.0,14.0,3.1999999999999993,3.8000000000000007,16.6,11.0,24.0,5.600000000000001,7.399999999999999,1.0,0.0,3.0,1.0,2.0,4.0,4.0,4.0,0.0,0.0,0.0,0.0,0.0,0.0,0.0,4.0,4.0,4.0,0.0,0.0
20,4,5,15,0.2,0.2,0.3,dense,True,20,20,20,4,5,15,16,Independent shard-aware composition diagnostic,validity_full_harmful_sequence_per_prompt,radius_derived,5,"0,10,20,30,40",0.2,0.0,0.75,0.2,0.55,0.8,0.25,1.0,0.55,0.19999999999999996,13.45,9.75,19.25,3.6999999999999993,5.800000000000001,13.5,10.5,19.5,3.0,6.0,10.2,7.0,14.0,3.1999999999999993,3.8000000000000007,16.6,11.0,24.0,5.600000000000001,7.399999999999999,0.8,0.0,3.0,0.8,2.2,4.0,4.0,4.0,0.0,0.0,0.0,0.0,0.0,0.0,0.0,4.0,4.0,4.0,0.0,0.0
20,4,5,15,0.2,0.2,0.3,dense,True,20,20,20,4,5,15,17,Independent shard-aware composition diagnostic,validity_full_harmful_sequence_per_prompt,radius_derived,5,"0,10,20,30,40",0.15,0.0,0.5,0.15,0.35,0.85,0.5,1.0,0.35,0.15000000000000002,13.45,9.75,19.25,3.6999999999999993,5.800000000000001,13.5,10.5,19.5,3.0,6.0,10.2,7.0,14.0,3.1999999999999993,3.8000000000000007,16.6,11.0,24.0,5.600000000000001,7.399999999999999,0.6,0.0,2.0,0.6,1.4,4.0,4.0,4.0,0.0,0.0,0.0,0.0,0.0,0.0,0.0,4.0,4.0,4.0,0.0,0.0
20,4,5,15,0.2,0.2,0.3,dense,True,20,20,20,4,5,15,18,Independent shard-aware composition diagnostic,validity_full_harmful_sequence_per_prompt,radius_derived,5,"0,10,20,30,40",0.1,0.0,0.5,0.1,0.4,0.9,0.5,1.0,0.4,0.09999999999999998,13.45,9.75,19.25,3.6999999999999993,5.800000000000001,13.5,10.5,19.5,3.0,6.0,10.2,7.0,14.0,3.1999999999999993,3.8000000000000007,16.6,11.0,24.0,5.600000000000001,7.399999999999999,0.4,0.0,2.0,0.4,1.6,4.0,4.0,4.0,0.0,0.0,0.0,0.0,0.0,0.0,0.0,4.0,4.0,4.0,0.0,0.0
20,4,5,15,0.2,0.2,0.3,dense,True,20,20,20,4,5,15,19,Independent shard-aware composition diagnostic,validity_full_harmful_sequence_per_prompt,radius_derived,5,"0,10,20,30,40",0.1,0.0,0.5,0.1,0.4,0.9,0.5,1.0,0.4,0.09999999999999998,13.45,9.75,19.25,3.6999999999999993,5.800000000000001,13.5,10.5,19.5,3.0,6.0,10.2,7.0,14.0,3.1999999999999993,3.8000000000000007,16.6,11.0,24.0,5.600000000000001,7.399999999999999,0.4,0.0,2.0,0.4,1.6,4.0,4.0,4.0,0.0,0.0,0.0,0.0,0.0,0.0,0.0,4.0,4.0,4.0,0.0,0.0
20,4,5,15,0.2,0.2,0.3,dense,True,20,20,20,4,5,15,20,Independent shard-aware composition diagnostic,validity_full_harmful_sequence_per_prompt,radius_derived,5,"0,10,20,30,40",0.1,0.0,0.5,0.1,0.4,0.9,0.5,1.0,0.4,0.09999999999999998,13.45,9.75,19.25,3.6999999999999993,5.800000000000001,13.5,10.5,19.5,3.0,6.0,10.2,7.0,14.0,3.1999999999999993,3.8000000000000007,16.6,11.0,24.0,5.600000000000001,7.399999999999999,0.4,0.0,2.0,0.4,1.6,4.0,4.0,4.0,0.0,0.0,0.0,0.0,0.0,0.0,0.0,4.0,4.0,4.0,0.0,0.0
