K,N,L,T,delta_stab,delta_val,target_bias,influence_mode,coupled_generation,K_requested,K_actual,K_master,N_master,L_master,T_master,budget,method,objective,curve_type,seed_count,seed_values,certified_fraction,certified_fraction_min,certified_fraction_max,certified_fraction_minus,certified_fraction_plus,attacked_fraction,attacked_fraction_min,attacked_fraction_max,attacked_fraction_minus,attacked_fraction_plus,mean_radius,mean_radius_min,mean_radius_max,mean_radius_minus,mean_radius_plus,median_radius,median_radius_min,median_radius_max,median_radius_minus,median_radius_plus,min_radius,min_radius_min,min_radius_max,min_radius_minus,min_radius_plus,max_radius,max_radius_min,max_radius_max,max_radius_minus,max_radius_plus,num_certified,num_certified_min,num_certified_max,num_certified_minus,num_certified_plus,num_known,num_known_min,num_known_max,num_known_minus,num_known_plus,num_unknown,num_unknown_min,num_unknown_max,num_unknown_minus,num_unknown_plus,num_total,num_total_min,num_total_max,num_total_minus,num_total_plus
20,4,5,5,0,0.2,0.3,dense,True,20,20,20,4,5,5,0,DPA token margin,full_response_stable_against_any_token_change,radius_derived,5,"0,10,20,30,40",1.0,1.0,1.0,0.0,0.0,0.0,0.0,0.0,0.0,0.0,10.0,10.0,10.0,0.0,0.0,10.0,10.0,10.0,0.0,0.0,10.0,10.0,10.0,0.0,0.0,10.0,10.0,10.0,0.0,0.0,4.0,4.0,4.0,0.0,0.0,4.0,4.0,4.0,0.0,0.0,0.0,0.0,0.0,0.0,0.0,4.0,4.0,4.0,0.0,0.0
20,4,5,5,0,0.2,0.3,dense,True,20,20,20,4,5,5,1,DPA token margin,full_response_stable_against_any_token_change,radius_derived,5,"0,10,20,30,40",1.0,1.0,1.0,0.0,0.0,0.0,0.0,0.0,0.0,0.0,10.0,10.0,10.0,0.0,0.0,10.0,10.0,10.0,0.0,0.0,10.0,10.0,10.0,0.0,0.0,10.0,10.0,10.0,0.0,0.0,4.0,4.0,4.0,0.0,0.0,4.0,4.0,4.0,0.0,0.0,0.0,0.0,0.0,0.0,0.0,4.0,4.0,4.0,0.0,0.0
20,4,5,5,0,0.2,0.3,dense,True,20,20,20,4,5,5,2,DPA token margin,full_response_stable_against_any_token_change,radius_derived,5,"0,10,20,30,40",1.0,1.0,1.0,0.0,0.0,0.0,0.0,0.0,0.0,0.0,10.0,10.0,10.0,0.0,0.0,10.0,10.0,10.0,0.0,0.0,10.0,10.0,10.0,0.0,0.0,10.0,10.0,10.0,0.0,0.0,4.0,4.0,4.0,0.0,0.0,4.0,4.0,4.0,0.0,0.0,0.0,0.0,0.0,0.0,0.0,4.0,4.0,4.0,0.0,0.0
20,4,5,5,0,0.2,0.3,dense,True,20,20,20,4,5,5,3,DPA token margin,full_response_stable_against_any_token_change,radius_derived,5,"0,10,20,30,40",1.0,1.0,1.0,0.0,0.0,0.0,0.0,0.0,0.0,0.0,10.0,10.0,10.0,0.0,0.0,10.0,10.0,10.0,0.0,0.0,10.0,10.0,10.0,0.0,0.0,10.0,10.0,10.0,0.0,0.0,4.0,4.0,4.0,0.0,0.0,4.0,4.0,4.0,0.0,0.0,0.0,0.0,0.0,0.0,0.0,4.0,4.0,4.0,0.0,0.0
20,4,5,5,0,0.2,0.3,dense,True,20,20,20,4,5,5,4,DPA token margin,full_response_stable_against_any_token_change,radius_derived,5,"0,10,20,30,40",1.0,1.0,1.0,0.0,0.0,0.0,0.0,0.0,0.0,0.0,10.0,10.0,10.0,0.0,0.0,10.0,10.0,10.0,0.0,0.0,10.0,10.0,10.0,0.0,0.0,10.0,10.0,10.0,0.0,0.0,4.0,4.0,4.0,0.0,0.0,4.0,4.0,4.0,0.0,0.0,0.0,0.0,0.0,0.0,0.0,4.0,4.0,4.0,0.0,0.0
20,4,5,5,0,0.2,0.3,dense,True,20,20,20,4,5,5,5,DPA token margin,full_response_stable_against_any_token_change,radius_derived,5,"0,10,20,30,40",1.0,1.0,1.0,0.0,0.0,0.0,0.0,0.0,0.0,0.0,10.0,10.0,10.0,0.0,0.0,10.0,10.0,10.0,0.0,0.0,10.0,10.0,10.0,0.0,0.0,10.0,10.0,10.0,0.0,0.0,4.0,4.0,4.0,0.0,0.0,4.0,4.0,4.0,0.0,0.0,0.0,0.0,0.0,0.0,0.0,4.0,4.0,4.0,0.0,0.0
20,4,5,5,0,0.2,0.3,dense,True,20,20,20,4,5,5,6,DPA token margin,full_response_stable_against_any_token_change,radius_derived,5,"0,10,20,30,40",1.0,1.0,1.0,0.0,0.0,0.0,0.0,0.0,0.0,0.0,10.0,10.0,10.0,0.0,0.0,10.0,10.0,10.0,0.0,0.0,10.0,10.0,10.0,0.0,0.0,10.0,10.0,10.0,0.0,0.0,4.0,4.0,4.0,0.0,0.0,4.0,4.0,4.0,0.0,0.0,0.0,0.0,0.0,0.0,0.0,4.0,4.0,4.0,0.0,0.0
20,4,5,5,0,0.2,0.3,dense,True,20,20,20,4,5,5,7,DPA token margin,full_response_stable_against_any_token_change,radius_derived,5,"0,10,20,30,40",1.0,1.0,1.0,0.0,0.0,0.0,0.0,0.0,0.0,0.0,10.0,10.0,10.0,0.0,0.0,10.0,10.0,10.0,0.0,0.0,10.0,10.0,10.0,0.0,0.0,10.0,10.0,10.0,0.0,0.0,4.0,4.0,4.0,0.0,0.0,4.0,4.0,4.0,0.0,0.0,0.0,0.0,0.0,0.0,0.0,4.0,4.0,4.0,0.0,0.0
20,4,5,5,0,0.2,0.3,dense,True,20,20,20,4,5,5,8,DPA token margin,full_response_stable_against_any_token_change,radius_derived,5,"0,10,20,30,40",1.0,1.0,1.0,0.0,0.0,0.0,0.0,0.0,0.0,0.0,10.0,10.0,10.0,0.0,0.0,10.0,10.0,10.0,0.0,0.0,10.0,10.0,10.0,0.0,0.0,10.0,10.0,10.0,0.0,0.0,4.0,4.0,4.0,0.0,0.0,4.0,4.0,4.0,0.0,0.0,0.0,0.0,0.0,0.0,0.0,4.0,4.0,4.0,0.0,0.0
20,4,5,5,0,0.2,0.3,dense,True,20,20,20,4,5,5,9,DPA token margin,full_response_stable_against_any_token_change,radius_derived,5,"0,10,20,30,40",1.0,1.0,1.0,0.0,0.0,0.0,0.0,0.0,0.0,0.0,10.0,10.0,10.0,0.0,0.0,10.0,10.0,10.0,0.0,0.0,10.0,10.0,10.0,0.0,0.0,10.0,10.0,10.0,0.0,0.0,4.0,4.0,4.0,0.0,0.0,4.0,4.0,4.0,0.0,0.0,0.0,0.0,0.0,0.0,0.0,4.0,4.0,4.0,0.0,0.0
20,4,5,5,0,0.2,0.3,dense,True,20,20,20,4,5,5,10,DPA token margin,full_response_stable_against_any_token_change,radius_derived,5,"0,10,20,30,40",0.0,0.0,0.0,0.0,0.0,1.0,1.0,1.0,0.0,0.0,10.0,10.0,10.0,0.0,0.0,10.0,10.0,10.0,0.0,0.0,10.0,10.0,10.0,0.0,0.0,10.0,10.0,10.0,0.0,0.0,0.0,0.0,0.0,0.0,0.0,4.0,4.0,4.0,0.0,0.0,0.0,0.0,0.0,0.0,0.0,4.0,4.0,4.0,0.0,0.0
20,4,5,5,0,0.2,0.3,dense,True,20,20,20,4,5,5,11,DPA token margin,full_response_stable_against_any_token_change,radius_derived,5,"0,10,20,30,40",0.0,0.0,0.0,0.0,0.0,1.0,1.0,1.0,0.0,0.0,10.0,10.0,10.0,0.0,0.0,10.0,10.0,10.0,0.0,0.0,10.0,10.0,10.0,0.0,0.0,10.0,10.0,10.0,0.0,0.0,0.0,0.0,0.0,0.0,0.0,4.0,4.0,4.0,0.0,0.0,0.0,0.0,0.0,0.0,0.0,4.0,4.0,4.0,0.0,0.0
20,4,5,5,0,0.2,0.3,dense,True,20,20,20,4,5,5,12,DPA token margin,full_response_stable_against_any_token_change,radius_derived,5,"0,10,20,30,40",0.0,0.0,0.0,0.0,0.0,1.0,1.0,1.0,0.0,0.0,10.0,10.0,10.0,0.0,0.0,10.0,10.0,10.0,0.0,0.0,10.0,10.0,10.0,0.0,0.0,10.0,10.0,10.0,0.0,0.0,0.0,0.0,0.0,0.0,0.0,4.0,4.0,4.0,0.0,0.0,0.0,0.0,0.0,0.0,0.0,4.0,4.0,4.0,0.0,0.0
20,4,5,5,0,0.2,0.3,dense,True,20,20,20,4,5,5,13,DPA token margin,full_response_stable_against_any_token_change,radius_derived,5,"0,10,20,30,40",0.0,0.0,0.0,0.0,0.0,1.0,1.0,1.0,0.0,0.0,10.0,10.0,10.0,0.0,0.0,10.0,10.0,10.0,0.0,0.0,10.0,10.0,10.0,0.0,0.0,10.0,10.0,10.0,0.0,0.0,0.0,0.0,0.0,0.0,0.0,4.0,4.0,4.0,0.0,0.0,0.0,0.0,0.0,0.0,0.0,4.0,4.0,4.0,0.0,0.0
20,4,5,5,0,0.2,0.3,dense,True,20,20,20,4,5,5,14,DPA token margin,full_response_stable_against_any_token_change,radius_derived,5,"0,10,20,30,40",0.0,0.0,0.0,0.0,0.0,1.0,1.0,1.0,0.0,0.0,10.0,10.0,10.0,0.0,0.0,10.0,10.0,10.0,0.0,0.0,10.0,10.0,10.0,0.0,0.0,10.0,10.0,10.0,0.0,0.0,0.0,0.0,0.0,0.0,0.0,4.0,4.0,4.0,0.0,0.0,0.0,0.0,0.0,0.0,0.0,4.0,4.0,4.0,0.0,0.0
20,4,5,5,0,0.2,0.3,dense,True,20,20,20,4,5,5,15,DPA token margin,full_response_stable_against_any_token_change,radius_derived,5,"0,10,20,30,40",0.0,0.0,0.0,0.0,0.0,1.0,1.0,1.0,0.0,0.0,10.0,10.0,10.0,0.0,0.0,10.0,10.0,10.0,0.0,0.0,10.0,10.0,10.0,0.0,0.0,10.0,10.0,10.0,0.0,0.0,0.0,0.0,0.0,0.0,0.0,4.0,4.0,4.0,0.0,0.0,0.0,0.0,0.0,0.0,0.0,4.0,4.0,4.0,0.0,0.0
20,4,5,5,0,0.2,0.3,dense,True,20,20,20,4,5,5,16,DPA token margin,full_response_stable_against_any_token_change,radius_derived,5,"0,10,20,30,40",0.0,0.0,0.0,0.0,0.0,1.0,1.0,1.0,0.0,0.0,10.0,10.0,10.0,0.0,0.0,10.0,10.0,10.0,0.0,0.0,10.0,10.0,10.0,0.0,0.0,10.0,10.0,10.0,0.0,0.0,0.0,0.0,0.0,0.0,0.0,4.0,4.0,4.0,0.0,0.0,0.0,0.0,0.0,0.0,0.0,4.0,4.0,4.0,0.0,0.0
20,4,5,5,0,0.2,0.3,dense,True,20,20,20,4,5,5,17,DPA token margin,full_response_stable_against_any_token_change,radius_derived,5,"0,10,20,30,40",0.0,0.0,0.0,0.0,0.0,1.0,1.0,1.0,0.0,0.0,10.0,10.0,10.0,0.0,0.0,10.0,10.0,10.0,0.0,0.0,10.0,10.0,10.0,0.0,0.0,10.0,10.0,10.0,0.0,0.0,0.0,0.0,0.0,0.0,0.0,4.0,4.0,4.0,0.0,0.0,0.0,0.0,0.0,0.0,0.0,4.0,4.0,4.0,0.0,0.0
20,4,5,5,0,0.2,0.3,dense,True,20,20,20,4,5,5,18,DPA token margin,full_response_stable_against_any_token_change,radius_derived,5,"0,10,20,30,40",0.0,0.0,0.0,0.0,0.0,1.0,1.0,1.0,0.0,0.0,10.0,10.0,10.0,0.0,0.0,10.0,10.0,10.0,0.0,0.0,10.0,10.0,10.0,0.0,0.0,10.0,10.0,10.0,0.0,0.0,0.0,0.0,0.0,0.0,0.0,4.0,4.0,4.0,0.0,0.0,0.0,0.0,0.0,0.0,0.0,4.0,4.0,4.0,0.0,0.0
20,4,5,5,0,0.2,0.3,dense,True,20,20,20,4,5,5,19,DPA token margin,full_response_stable_against_any_token_change,radius_derived,5,"0,10,20,30,40",0.0,0.0,0.0,0.0,0.0,1.0,1.0,1.0,0.0,0.0,10.0,10.0,10.0,0.0,0.0,10.0,10.0,10.0,0.0,0.0,10.0,10.0,10.0,0.0,0.0,10.0,10.0,10.0,0.0,0.0,0.0,0.0,0.0,0.0,0.0,4.0,4.0,4.0,0.0,0.0,0.0,0.0,0.0,0.0,0.0,4.0,4.0,4.0,0.0,0.0
20,4,5,5,0,0.2,0.3,dense,True,20,20,20,4,5,5,20,DPA token margin,full_response_stable_against_any_token_change,radius_derived,5,"0,10,20,30,40",0.0,0.0,0.0,0.0,0.0,1.0,1.0,1.0,0.0,0.0,10.0,10.0,10.0,0.0,0.0,10.0,10.0,10.0,0.0,0.0,10.0,10.0,10.0,0.0,0.0,10.0,10.0,10.0,0.0,0.0,0.0,0.0,0.0,0.0,0.0,4.0,4.0,4.0,0.0,0.0,0.0,0.0,0.0,0.0,0.0,4.0,4.0,4.0,0.0,0.0
20,4,5,5,0,0.2,0.3,dense,True,20,20,20,4,5,5,0,Shared MILP,stability_one_token_per_prompt,radius_derived,5,"0,10,20,30,40",1.0,1.0,1.0,0.0,0.0,0.0,0.0,0.0,0.0,0.0,10.0,10.0,10.0,0.0,0.0,10.0,10.0,10.0,0.0,0.0,10.0,10.0,10.0,0.0,0.0,10.0,10.0,10.0,0.0,0.0,4.0,4.0,4.0,0.0,0.0,4.0,4.0,4.0,0.0,0.0,0.0,0.0,0.0,0.0,0.0,4.0,4.0,4.0,0.0,0.0
20,4,5,5,0,0.2,0.3,dense,True,20,20,20,4,5,5,1,Shared MILP,stability_one_token_per_prompt,radius_derived,5,"0,10,20,30,40",1.0,1.0,1.0,0.0,0.0,0.0,0.0,0.0,0.0,0.0,10.0,10.0,10.0,0.0,0.0,10.0,10.0,10.0,0.0,0.0,10.0,10.0,10.0,0.0,0.0,10.0,10.0,10.0,0.0,0.0,4.0,4.0,4.0,0.0,0.0,4.0,4.0,4.0,0.0,0.0,0.0,0.0,0.0,0.0,0.0,4.0,4.0,4.0,0.0,0.0
20,4,5,5,0,0.2,0.3,dense,True,20,20,20,4,5,5,2,Shared MILP,stability_one_token_per_prompt,radius_derived,5,"0,10,20,30,40",1.0,1.0,1.0,0.0,0.0,0.0,0.0,0.0,0.0,0.0,10.0,10.0,10.0,0.0,0.0,10.0,10.0,10.0,0.0,0.0,10.0,10.0,10.0,0.0,0.0,10.0,10.0,10.0,0.0,0.0,4.0,4.0,4.0,0.0,0.0,4.0,4.0,4.0,0.0,0.0,0.0,0.0,0.0,0.0,0.0,4.0,4.0,4.0,0.0,0.0
20,4,5,5,0,0.2,0.3,dense,True,20,20,20,4,5,5,3,Shared MILP,stability_one_token_per_prompt,radius_derived,5,"0,10,20,30,40",1.0,1.0,1.0,0.0,0.0,0.0,0.0,0.0,0.0,0.0,10.0,10.0,10.0,0.0,0.0,10.0,10.0,10.0,0.0,0.0,10.0,10.0,10.0,0.0,0.0,10.0,10.0,10.0,0.0,0.0,4.0,4.0,4.0,0.0,0.0,4.0,4.0,4.0,0.0,0.0,0.0,0.0,0.0,0.0,0.0,4.0,4.0,4.0,0.0,0.0
20,4,5,5,0,0.2,0.3,dense,True,20,20,20,4,5,5,4,Shared MILP,stability_one_token_per_prompt,radius_derived,5,"0,10,20,30,40",1.0,1.0,1.0,0.0,0.0,0.0,0.0,0.0,0.0,0.0,10.0,10.0,10.0,0.0,0.0,10.0,10.0,10.0,0.0,0.0,10.0,10.0,10.0,0.0,0.0,10.0,10.0,10.0,0.0,0.0,4.0,4.0,4.0,0.0,0.0,4.0,4.0,4.0,0.0,0.0,0.0,0.0,0.0,0.0,0.0,4.0,4.0,4.0,0.0,0.0
20,4,5,5,0,0.2,0.3,dense,True,20,20,20,4,5,5,5,Shared MILP,stability_one_token_per_prompt,radius_derived,5,"0,10,20,30,40",1.0,1.0,1.0,0.0,0.0,0.0,0.0,0.0,0.0,0.0,10.0,10.0,10.0,0.0,0.0,10.0,10.0,10.0,0.0,0.0,10.0,10.0,10.0,0.0,0.0,10.0,10.0,10.0,0.0,0.0,4.0,4.0,4.0,0.0,0.0,4.0,4.0,4.0,0.0,0.0,0.0,0.0,0.0,0.0,0.0,4.0,4.0,4.0,0.0,0.0
20,4,5,5,0,0.2,0.3,dense,True,20,20,20,4,5,5,6,Shared MILP,stability_one_token_per_prompt,radius_derived,5,"0,10,20,30,40",1.0,1.0,1.0,0.0,0.0,0.0,0.0,0.0,0.0,0.0,10.0,10.0,10.0,0.0,0.0,10.0,10.0,10.0,0.0,0.0,10.0,10.0,10.0,0.0,0.0,10.0,10.0,10.0,0.0,0.0,4.0,4.0,4.0,0.0,0.0,4.0,4.0,4.0,0.0,0.0,0.0,0.0,0.0,0.0,0.0,4.0,4.0,4.0,0.0,0.0
20,4,5,5,0,0.2,0.3,dense,True,20,20,20,4,5,5,7,Shared MILP,stability_one_token_per_prompt,radius_derived,5,"0,10,20,30,40",1.0,1.0,1.0,0.0,0.0,0.0,0.0,0.0,0.0,0.0,10.0,10.0,10.0,0.0,0.0,10.0,10.0,10.0,0.0,0.0,10.0,10.0,10.0,0.0,0.0,10.0,10.0,10.0,0.0,0.0,4.0,4.0,4.0,0.0,0.0,4.0,4.0,4.0,0.0,0.0,0.0,0.0,0.0,0.0,0.0,4.0,4.0,4.0,0.0,0.0
20,4,5,5,0,0.2,0.3,dense,True,20,20,20,4,5,5,8,Shared MILP,stability_one_token_per_prompt,radius_derived,5,"0,10,20,30,40",1.0,1.0,1.0,0.0,0.0,0.0,0.0,0.0,0.0,0.0,10.0,10.0,10.0,0.0,0.0,10.0,10.0,10.0,0.0,0.0,10.0,10.0,10.0,0.0,0.0,10.0,10.0,10.0,0.0,0.0,4.0,4.0,4.0,0.0,0.0,4.0,4.0,4.0,0.0,0.0,0.0,0.0,0.0,0.0,0.0,4.0,4.0,4.0,0.0,0.0
20,4,5,5,0,0.2,0.3,dense,True,20,20,20,4,5,5,9,Shared MILP,stability_one_token_per_prompt,radius_derived,5,"0,10,20,30,40",1.0,1.0,1.0,0.0,0.0,0.0,0.0,0.0,0.0,0.0,10.0,10.0,10.0,0.0,0.0,10.0,10.0,10.0,0.0,0.0,10.0,10.0,10.0,0.0,0.0,10.0,10.0,10.0,0.0,0.0,4.0,4.0,4.0,0.0,0.0,4.0,4.0,4.0,0.0,0.0,0.0,0.0,0.0,0.0,0.0,4.0,4.0,4.0,0.0,0.0
20,4,5,5,0,0.2,0.3,dense,True,20,20,20,4,5,5,10,Shared MILP,stability_one_token_per_prompt,radius_derived,5,"0,10,20,30,40",0.0,0.0,0.0,0.0,0.0,1.0,1.0,1.0,0.0,0.0,10.0,10.0,10.0,0.0,0.0,10.0,10.0,10.0,0.0,0.0,10.0,10.0,10.0,0.0,0.0,10.0,10.0,10.0,0.0,0.0,0.0,0.0,0.0,0.0,0.0,4.0,4.0,4.0,0.0,0.0,0.0,0.0,0.0,0.0,0.0,4.0,4.0,4.0,0.0,0.0
20,4,5,5,0,0.2,0.3,dense,True,20,20,20,4,5,5,11,Shared MILP,stability_one_token_per_prompt,radius_derived,5,"0,10,20,30,40",0.0,0.0,0.0,0.0,0.0,1.0,1.0,1.0,0.0,0.0,10.0,10.0,10.0,0.0,0.0,10.0,10.0,10.0,0.0,0.0,10.0,10.0,10.0,0.0,0.0,10.0,10.0,10.0,0.0,0.0,0.0,0.0,0.0,0.0,0.0,4.0,4.0,4.0,0.0,0.0,0.0,0.0,0.0,0.0,0.0,4.0,4.0,4.0,0.0,0.0
20,4,5,5,0,0.2,0.3,dense,True,20,20,20,4,5,5,12,Shared MILP,stability_one_token_per_prompt,radius_derived,5,"0,10,20,30,40",0.0,0.0,0.0,0.0,0.0,1.0,1.0,1.0,0.0,0.0,10.0,10.0,10.0,0.0,0.0,10.0,10.0,10.0,0.0,0.0,10.0,10.0,10.0,0.0,0.0,10.0,10.0,10.0,0.0,0.0,0.0,0.0,0.0,0.0,0.0,4.0,4.0,4.0,0.0,0.0,0.0,0.0,0.0,0.0,0.0,4.0,4.0,4.0,0.0,0.0
20,4,5,5,0,0.2,0.3,dense,True,20,20,20,4,5,5,13,Shared MILP,stability_one_token_per_prompt,radius_derived,5,"0,10,20,30,40",0.0,0.0,0.0,0.0,0.0,1.0,1.0,1.0,0.0,0.0,10.0,10.0,10.0,0.0,0.0,10.0,10.0,10.0,0.0,0.0,10.0,10.0,10.0,0.0,0.0,10.0,10.0,10.0,0.0,0.0,0.0,0.0,0.0,0.0,0.0,4.0,4.0,4.0,0.0,0.0,0.0,0.0,0.0,0.0,0.0,4.0,4.0,4.0,0.0,0.0
20,4,5,5,0,0.2,0.3,dense,True,20,20,20,4,5,5,14,Shared MILP,stability_one_token_per_prompt,radius_derived,5,"0,10,20,30,40",0.0,0.0,0.0,0.0,0.0,1.0,1.0,1.0,0.0,0.0,10.0,10.0,10.0,0.0,0.0,10.0,10.0,10.0,0.0,0.0,10.0,10.0,10.0,0.0,0.0,10.0,10.0,10.0,0.0,0.0,0.0,0.0,0.0,0.0,0.0,4.0,4.0,4.0,0.0,0.0,0.0,0.0,0.0,0.0,0.0,4.0,4.0,4.0,0.0,0.0
20,4,5,5,0,0.2,0.3,dense,True,20,20,20,4,5,5,15,Shared MILP,stability_one_token_per_prompt,radius_derived,5,"0,10,20,30,40",0.0,0.0,0.0,0.0,0.0,1.0,1.0,1.0,0.0,0.0,10.0,10.0,10.0,0.0,0.0,10.0,10.0,10.0,0.0,0.0,10.0,10.0,10.0,0.0,0.0,10.0,10.0,10.0,0.0,0.0,0.0,0.0,0.0,0.0,0.0,4.0,4.0,4.0,0.0,0.0,0.0,0.0,0.0,0.0,0.0,4.0,4.0,4.0,0.0,0.0
20,4,5,5,0,0.2,0.3,dense,True,20,20,20,4,5,5,16,Shared MILP,stability_one_token_per_prompt,radius_derived,5,"0,10,20,30,40",0.0,0.0,0.0,0.0,0.0,1.0,1.0,1.0,0.0,0.0,10.0,10.0,10.0,0.0,0.0,10.0,10.0,10.0,0.0,0.0,10.0,10.0,10.0,0.0,0.0,10.0,10.0,10.0,0.0,0.0,0.0,0.0,0.0,0.0,0.0,4.0,4.0,4.0,0.0,0.0,0.0,0.0,0.0,0.0,0.0,4.0,4.0,4.0,0.0,0.0
20,4,5,5,0,0.2,0.3,dense,True,20,20,20,4,5,5,17,Shared MILP,stability_one_token_per_prompt,radius_derived,5,"0,10,20,30,40",0.0,0.0,0.0,0.0,0.0,1.0,1.0,1.0,0.0,0.0,10.0,10.0,10.0,0.0,0.0,10.0,10.0,10.0,0.0,0.0,10.0,10.0,10.0,0.0,0.0,10.0,10.0,10.0,0.0,0.0,0.0,0.0,0.0,0.0,0.0,4.0,4.0,4.0,0.0,0.0,0.0,0.0,0.0,0.0,0.0,4.0,4.0,4.0,0.0,0.0
20,4,5,5,0,0.2,0.3,dense,True,20,20,20,4,5,5,18,Shared MILP,stability_one_token_per_prompt,radius_derived,5,"0,10,20,30,40",0.0,0.0,0.0,0.0,0.0,1.0,1.0,1.0,0.0,0.0,10.0,10.0,10.0,0.0,0.0,10.0,10.0,10.0,0.0,0.0,10.0,10.0,10.0,0.0,0.0,10.0,10.0,10.0,0.0,0.0,0.0,0.0,0.0,0.0,0.0,4.0,4.0,4.0,0.0,0.0,0.0,0.0,0.0,0.0,0.0,4.0,4.0,4.0,0.0,0.0
20,4,5,5,0,0.2,0.3,dense,True,20,20,20,4,5,5,19,Shared MILP,stability_one_token_per_prompt,radius_derived,5,"0,10,20,30,40",0.0,0.0,0.0,0.0,0.0,1.0,1.0,1.0,0.0,0.0,10.0,10.0,10.0,0.0,0.0,10.0,10.0,10.0,0.0,0.0,10.0,10.0,10.0,0.0,0.0,10.0,10.0,10.0,0.0,0.0,0.0,0.0,0.0,0.0,0.0,4.0,4.0,4.0,0.0,0.0,0.0,0.0,0.0,0.0,0.0,4.0,4.0,4.0,0.0,0.0
20,4,5,5,0,0.2,0.3,dense,True,20,20,20,4,5,5,20,Shared MILP,stability_one_token_per_prompt,radius_derived,5,"0,10,20,30,40",0.0,0.0,0.0,0.0,0.0,1.0,1.0,1.0,0.0,0.0,10.0,10.0,10.0,0.0,0.0,10.0,10.0,10.0,0.0,0.0,10.0,10.0,10.0,0.0,0.0,10.0,10.0,10.0,0.0,0.0,0.0,0.0,0.0,0.0,0.0,4.0,4.0,4.0,0.0,0.0,0.0,0.0,0.0,0.0,0.0,4.0,4.0,4.0,0.0,0.0
20,4,5,5,0,0.2,0.3,dense,True,20,20,20,4,5,5,0,Shared MILP,stability_full_sequence_per_prompt,radius_derived,5,"0,10,20,30,40",1.0,1.0,1.0,0.0,0.0,0.0,0.0,0.0,0.0,0.0,10.0,10.0,10.0,0.0,0.0,10.0,10.0,10.0,0.0,0.0,10.0,10.0,10.0,0.0,0.0,10.0,10.0,10.0,0.0,0.0,4.0,4.0,4.0,0.0,0.0,4.0,4.0,4.0,0.0,0.0,0.0,0.0,0.0,0.0,0.0,4.0,4.0,4.0,0.0,0.0
20,4,5,5,0,0.2,0.3,dense,True,20,20,20,4,5,5,1,Shared MILP,stability_full_sequence_per_prompt,radius_derived,5,"0,10,20,30,40",1.0,1.0,1.0,0.0,0.0,0.0,0.0,0.0,0.0,0.0,10.0,10.0,10.0,0.0,0.0,10.0,10.0,10.0,0.0,0.0,10.0,10.0,10.0,0.0,0.0,10.0,10.0,10.0,0.0,0.0,4.0,4.0,4.0,0.0,0.0,4.0,4.0,4.0,0.0,0.0,0.0,0.0,0.0,0.0,0.0,4.0,4.0,4.0,0.0,0.0
20,4,5,5,0,0.2,0.3,dense,True,20,20,20,4,5,5,2,Shared MILP,stability_full_sequence_per_prompt,radius_derived,5,"0,10,20,30,40",1.0,1.0,1.0,0.0,0.0,0.0,0.0,0.0,0.0,0.0,10.0,10.0,10.0,0.0,0.0,10.0,10.0,10.0,0.0,0.0,10.0,10.0,10.0,0.0,0.0,10.0,10.0,10.0,0.0,0.0,4.0,4.0,4.0,0.0,0.0,4.0,4.0,4.0,0.0,0.0,0.0,0.0,0.0,0.0,0.0,4.0,4.0,4.0,0.0,0.0
20,4,5,5,0,0.2,0.3,dense,True,20,20,20,4,5,5,3,Shared MILP,stability_full_sequence_per_prompt,radius_derived,5,"0,10,20,30,40",1.0,1.0,1.0,0.0,0.0,0.0,0.0,0.0,0.0,0.0,10.0,10.0,10.0,0.0,0.0,10.0,10.0,10.0,0.0,0.0,10.0,10.0,10.0,0.0,0.0,10.0,10.0,10.0,0.0,0.0,4.0,4.0,4.0,0.0,0.0,4.0,4.0,4.0,0.0,0.0,0.0,0.0,0.0,0.0,0.0,4.0,4.0,4.0,0.0,0.0
20,4,5,5,0,0.2,0.3,dense,True,20,20,20,4,5,5,4,Shared MILP,stability_full_sequence_per_prompt,radius_derived,5,"0,10,20,30,40",1.0,1.0,1.0,0.0,0.0,0.0,0.0,0.0,0.0,0.0,10.0,10.0,10.0,0.0,0.0,10.0,10.0,10.0,0.0,0.0,10.0,10.0,10.0,0.0,0.0,10.0,10.0,10.0,0.0,0.0,4.0,4.0,4.0,0.0,0.0,4.0,4.0,4.0,0.0,0.0,0.0,0.0,0.0,0.0,0.0,4.0,4.0,4.0,0.0,0.0
20,4,5,5,0,0.2,0.3,dense,True,20,20,20,4,5,5,5,Shared MILP,stability_full_sequence_per_prompt,radius_derived,5,"0,10,20,30,40",1.0,1.0,1.0,0.0,0.0,0.0,0.0,0.0,0.0,0.0,10.0,10.0,10.0,0.0,0.0,10.0,10.0,10.0,0.0,0.0,10.0,10.0,10.0,0.0,0.0,10.0,10.0,10.0,0.0,0.0,4.0,4.0,4.0,0.0,0.0,4.0,4.0,4.0,0.0,0.0,0.0,0.0,0.0,0.0,0.0,4.0,4.0,4.0,0.0,0.0
20,4,5,5,0,0.2,0.3,dense,True,20,20,20,4,5,5,6,Shared MILP,stability_full_sequence_per_prompt,radius_derived,5,"0,10,20,30,40",1.0,1.0,1.0,0.0,0.0,0.0,0.0,0.0,0.0,0.0,10.0,10.0,10.0,0.0,0.0,10.0,10.0,10.0,0.0,0.0,10.0,10.0,10.0,0.0,0.0,10.0,10.0,10.0,0.0,0.0,4.0,4.0,4.0,0.0,0.0,4.0,4.0,4.0,0.0,0.0,0.0,0.0,0.0,0.0,0.0,4.0,4.0,4.0,0.0,0.0
20,4,5,5,0,0.2,0.3,dense,True,20,20,20,4,5,5,7,Shared MILP,stability_full_sequence_per_prompt,radius_derived,5,"0,10,20,30,40",1.0,1.0,1.0,0.0,0.0,0.0,0.0,0.0,0.0,0.0,10.0,10.0,10.0,0.0,0.0,10.0,10.0,10.0,0.0,0.0,10.0,10.0,10.0,0.0,0.0,10.0,10.0,10.0,0.0,0.0,4.0,4.0,4.0,0.0,0.0,4.0,4.0,4.0,0.0,0.0,0.0,0.0,0.0,0.0,0.0,4.0,4.0,4.0,0.0,0.0
20,4,5,5,0,0.2,0.3,dense,True,20,20,20,4,5,5,8,Shared MILP,stability_full_sequence_per_prompt,radius_derived,5,"0,10,20,30,40",1.0,1.0,1.0,0.0,0.0,0.0,0.0,0.0,0.0,0.0,10.0,10.0,10.0,0.0,0.0,10.0,10.0,10.0,0.0,0.0,10.0,10.0,10.0,0.0,0.0,10.0,10.0,10.0,0.0,0.0,4.0,4.0,4.0,0.0,0.0,4.0,4.0,4.0,0.0,0.0,0.0,0.0,0.0,0.0,0.0,4.0,4.0,4.0,0.0,0.0
20,4,5,5,0,0.2,0.3,dense,True,20,20,20,4,5,5,9,Shared MILP,stability_full_sequence_per_prompt,radius_derived,5,"0,10,20,30,40",1.0,1.0,1.0,0.0,0.0,0.0,0.0,0.0,0.0,0.0,10.0,10.0,10.0,0.0,0.0,10.0,10.0,10.0,0.0,0.0,10.0,10.0,10.0,0.0,0.0,10.0,10.0,10.0,0.0,0.0,4.0,4.0,4.0,0.0,0.0,4.0,4.0,4.0,0.0,0.0,0.0,0.0,0.0,0.0,0.0,4.0,4.0,4.0,0.0,0.0
20,4,5,5,0,0.2,0.3,dense,True,20,20,20,4,5,5,10,Shared MILP,stability_full_sequence_per_prompt,radius_derived,5,"0,10,20,30,40",0.0,0.0,0.0,0.0,0.0,1.0,1.0,1.0,0.0,0.0,10.0,10.0,10.0,0.0,0.0,10.0,10.0,10.0,0.0,0.0,10.0,10.0,10.0,0.0,0.0,10.0,10.0,10.0,0.0,0.0,0.0,0.0,0.0,0.0,0.0,4.0,4.0,4.0,0.0,0.0,0.0,0.0,0.0,0.0,0.0,4.0,4.0,4.0,0.0,0.0
20,4,5,5,0,0.2,0.3,dense,True,20,20,20,4,5,5,11,Shared MILP,stability_full_sequence_per_prompt,radius_derived,5,"0,10,20,30,40",0.0,0.0,0.0,0.0,0.0,1.0,1.0,1.0,0.0,0.0,10.0,10.0,10.0,0.0,0.0,10.0,10.0,10.0,0.0,0.0,10.0,10.0,10.0,0.0,0.0,10.0,10.0,10.0,0.0,0.0,0.0,0.0,0.0,0.0,0.0,4.0,4.0,4.0,0.0,0.0,0.0,0.0,0.0,0.0,0.0,4.0,4.0,4.0,0.0,0.0
20,4,5,5,0,0.2,0.3,dense,True,20,20,20,4,5,5,12,Shared MILP,stability_full_sequence_per_prompt,radius_derived,5,"0,10,20,30,40",0.0,0.0,0.0,0.0,0.0,1.0,1.0,1.0,0.0,0.0,10.0,10.0,10.0,0.0,0.0,10.0,10.0,10.0,0.0,0.0,10.0,10.0,10.0,0.0,0.0,10.0,10.0,10.0,0.0,0.0,0.0,0.0,0.0,0.0,0.0,4.0,4.0,4.0,0.0,0.0,0.0,0.0,0.0,0.0,0.0,4.0,4.0,4.0,0.0,0.0
20,4,5,5,0,0.2,0.3,dense,True,20,20,20,4,5,5,13,Shared MILP,stability_full_sequence_per_prompt,radius_derived,5,"0,10,20,30,40",0.0,0.0,0.0,0.0,0.0,1.0,1.0,1.0,0.0,0.0,10.0,10.0,10.0,0.0,0.0,10.0,10.0,10.0,0.0,0.0,10.0,10.0,10.0,0.0,0.0,10.0,10.0,10.0,0.0,0.0,0.0,0.0,0.0,0.0,0.0,4.0,4.0,4.0,0.0,0.0,0.0,0.0,0.0,0.0,0.0,4.0,4.0,4.0,0.0,0.0
20,4,5,5,0,0.2,0.3,dense,True,20,20,20,4,5,5,14,Shared MILP,stability_full_sequence_per_prompt,radius_derived,5,"0,10,20,30,40",0.0,0.0,0.0,0.0,0.0,1.0,1.0,1.0,0.0,0.0,10.0,10.0,10.0,0.0,0.0,10.0,10.0,10.0,0.0,0.0,10.0,10.0,10.0,0.0,0.0,10.0,10.0,10.0,0.0,0.0,0.0,0.0,0.0,0.0,0.0,4.0,4.0,4.0,0.0,0.0,0.0,0.0,0.0,0.0,0.0,4.0,4.0,4.0,0.0,0.0
20,4,5,5,0,0.2,0.3,dense,True,20,20,20,4,5,5,15,Shared MILP,stability_full_sequence_per_prompt,radius_derived,5,"0,10,20,30,40",0.0,0.0,0.0,0.0,0.0,1.0,1.0,1.0,0.0,0.0,10.0,10.0,10.0,0.0,0.0,10.0,10.0,10.0,0.0,0.0,10.0,10.0,10.0,0.0,0.0,10.0,10.0,10.0,0.0,0.0,0.0,0.0,0.0,0.0,0.0,4.0,4.0,4.0,0.0,0.0,0.0,0.0,0.0,0.0,0.0,4.0,4.0,4.0,0.0,0.0
20,4,5,5,0,0.2,0.3,dense,True,20,20,20,4,5,5,16,Shared MILP,stability_full_sequence_per_prompt,radius_derived,5,"0,10,20,30,40",0.0,0.0,0.0,0.0,0.0,1.0,1.0,1.0,0.0,0.0,10.0,10.0,10.0,0.0,0.0,10.0,10.0,10.0,0.0,0.0,10.0,10.0,10.0,0.0,0.0,10.0,10.0,10.0,0.0,0.0,0.0,0.0,0.0,0.0,0.0,4.0,4.0,4.0,0.0,0.0,0.0,0.0,0.0,0.0,0.0,4.0,4.0,4.0,0.0,0.0
20,4,5,5,0,0.2,0.3,dense,True,20,20,20,4,5,5,17,Shared MILP,stability_full_sequence_per_prompt,radius_derived,5,"0,10,20,30,40",0.0,0.0,0.0,0.0,0.0,1.0,1.0,1.0,0.0,0.0,10.0,10.0,10.0,0.0,0.0,10.0,10.0,10.0,0.0,0.0,10.0,10.0,10.0,0.0,0.0,10.0,10.0,10.0,0.0,0.0,0.0,0.0,0.0,0.0,0.0,4.0,4.0,4.0,0.0,0.0,0.0,0.0,0.0,0.0,0.0,4.0,4.0,4.0,0.0,0.0
20,4,5,5,0,0.2,0.3,dense,True,20,20,20,4,5,5,18,Shared MILP,stability_full_sequence_per_prompt,radius_derived,5,"0,10,20,30,40",0.0,0.0,0.0,0.0,0.0,1.0,1.0,1.0,0.0,0.0,10.0,10.0,10.0,0.0,0.0,10.0,10.0,10.0,0.0,0.0,10.0,10.0,10.0,0.0,0.0,10.0,10.0,10.0,0.0,0.0,0.0,0.0,0.0,0.0,0.0,4.0,4.0,4.0,0.0,0.0,0.0,0.0,0.0,0.0,0.0,4.0,4.0,4.0,0.0,0.0
20,4,5,5,0,0.2,0.3,dense,True,20,20,20,4,5,5,19,Shared MILP,stability_full_sequence_per_prompt,radius_derived,5,"0,10,20,30,40",0.0,0.0,0.0,0.0,0.0,1.0,1.0,1.0,0.0,0.0,10.0,10.0,10.0,0.0,0.0,10.0,10.0,10.0,0.0,0.0,10.0,10.0,10.0,0.0,0.0,10.0,10.0,10.0,0.0,0.0,0.0,0.0,0.0,0.0,0.0,4.0,4.0,4.0,0.0,0.0,0.0,0.0,0.0,0.0,0.0,4.0,4.0,4.0,0.0,0.0
20,4,5,5,0,0.2,0.3,dense,True,20,20,20,4,5,5,20,Shared MILP,stability_full_sequence_per_prompt,radius_derived,5,"0,10,20,30,40",0.0,0.0,0.0,0.0,0.0,1.0,1.0,1.0,0.0,0.0,10.0,10.0,10.0,0.0,0.0,10.0,10.0,10.0,0.0,0.0,10.0,10.0,10.0,0.0,0.0,10.0,10.0,10.0,0.0,0.0,0.0,0.0,0.0,0.0,0.0,4.0,4.0,4.0,0.0,0.0,0.0,0.0,0.0,0.0,0.0,4.0,4.0,4.0,0.0,0.0
20,4,5,5,0,0.2,0.3,dense,True,20,20,20,4,5,5,0,Plain DPA max token,validity_full_harmful_sequence_per_prompt,radius_derived,5,"0,10,20,30,40",1.0,1.0,1.0,0.0,0.0,0.0,0.0,0.0,0.0,0.0,4.85,3.75,6.25,1.0999999999999996,1.4000000000000004,4.8,3.5,6.5,1.2999999999999998,1.7000000000000002,3.6,2.0,5.0,1.6,1.4,6.2,5.0,7.0,1.2000000000000002,0.7999999999999998,4.0,4.0,4.0,0.0,0.0,4.0,4.0,4.0,0.0,0.0,0.0,0.0,0.0,0.0,0.0,4.0,4.0,4.0,0.0,0.0
20,4,5,5,0,0.2,0.3,dense,True,20,20,20,4,5,5,1,Plain DPA max token,validity_full_harmful_sequence_per_prompt,radius_derived,5,"0,10,20,30,40",1.0,1.0,1.0,0.0,0.0,0.0,0.0,0.0,0.0,0.0,4.85,3.75,6.25,1.0999999999999996,1.4000000000000004,4.8,3.5,6.5,1.2999999999999998,1.7000000000000002,3.6,2.0,5.0,1.6,1.4,6.2,5.0,7.0,1.2000000000000002,0.7999999999999998,4.0,4.0,4.0,0.0,0.0,4.0,4.0,4.0,0.0,0.0,0.0,0.0,0.0,0.0,0.0,4.0,4.0,4.0,0.0,0.0
20,4,5,5,0,0.2,0.3,dense,True,20,20,20,4,5,5,2,Plain DPA max token,validity_full_harmful_sequence_per_prompt,radius_derived,5,"0,10,20,30,40",0.95,0.75,1.0,0.19999999999999996,0.050000000000000044,0.05,0.0,0.25,0.05,0.2,4.85,3.75,6.25,1.0999999999999996,1.4000000000000004,4.8,3.5,6.5,1.2999999999999998,1.7000000000000002,3.6,2.0,5.0,1.6,1.4,6.2,5.0,7.0,1.2000000000000002,0.7999999999999998,3.8,3.0,4.0,0.7999999999999998,0.20000000000000018,4.0,4.0,4.0,0.0,0.0,0.0,0.0,0.0,0.0,0.0,4.0,4.0,4.0,0.0,0.0
20,4,5,5,0,0.2,0.3,dense,True,20,20,20,4,5,5,3,Plain DPA max token,validity_full_harmful_sequence_per_prompt,radius_derived,5,"0,10,20,30,40",0.75,0.5,1.0,0.25,0.25,0.25,0.0,0.5,0.25,0.25,4.85,3.75,6.25,1.0999999999999996,1.4000000000000004,4.8,3.5,6.5,1.2999999999999998,1.7000000000000002,3.6,2.0,5.0,1.6,1.4,6.2,5.0,7.0,1.2000000000000002,0.7999999999999998,3.0,2.0,4.0,1.0,1.0,4.0,4.0,4.0,0.0,0.0,0.0,0.0,0.0,0.0,0.0,4.0,4.0,4.0,0.0,0.0
20,4,5,5,0,0.2,0.3,dense,True,20,20,20,4,5,5,4,Plain DPA max token,validity_full_harmful_sequence_per_prompt,radius_derived,5,"0,10,20,30,40",0.65,0.25,1.0,0.4,0.35,0.35,0.0,0.75,0.35,0.4,4.85,3.75,6.25,1.0999999999999996,1.4000000000000004,4.8,3.5,6.5,1.2999999999999998,1.7000000000000002,3.6,2.0,5.0,1.6,1.4,6.2,5.0,7.0,1.2000000000000002,0.7999999999999998,2.6,1.0,4.0,1.6,1.4,4.0,4.0,4.0,0.0,0.0,0.0,0.0,0.0,0.0,0.0,4.0,4.0,4.0,0.0,0.0
20,4,5,5,0,0.2,0.3,dense,True,20,20,20,4,5,5,5,Plain DPA max token,validity_full_harmful_sequence_per_prompt,radius_derived,5,"0,10,20,30,40",0.35,0.0,0.75,0.35,0.4,0.65,0.25,1.0,0.4,0.35,4.85,3.75,6.25,1.0999999999999996,1.4000000000000004,4.8,3.5,6.5,1.2999999999999998,1.7000000000000002,3.6,2.0,5.0,1.6,1.4,6.2,5.0,7.0,1.2000000000000002,0.7999999999999998,1.4,0.0,3.0,1.4,1.6,4.0,4.0,4.0,0.0,0.0,0.0,0.0,0.0,0.0,0.0,4.0,4.0,4.0,0.0,0.0
20,4,5,5,0,0.2,0.3,dense,True,20,20,20,4,5,5,6,Plain DPA max token,validity_full_harmful_sequence_per_prompt,radius_derived,5,"0,10,20,30,40",0.15,0.0,0.5,0.15,0.35,0.85,0.5,1.0,0.35,0.15000000000000002,4.85,3.75,6.25,1.0999999999999996,1.4000000000000004,4.8,3.5,6.5,1.2999999999999998,1.7000000000000002,3.6,2.0,5.0,1.6,1.4,6.2,5.0,7.0,1.2000000000000002,0.7999999999999998,0.6,0.0,2.0,0.6,1.4,4.0,4.0,4.0,0.0,0.0,0.0,0.0,0.0,0.0,0.0,4.0,4.0,4.0,0.0,0.0
20,4,5,5,0,0.2,0.3,dense,True,20,20,20,4,5,5,7,Plain DPA max token,validity_full_harmful_sequence_per_prompt,radius_derived,5,"0,10,20,30,40",0.0,0.0,0.0,0.0,0.0,1.0,1.0,1.0,0.0,0.0,4.85,3.75,6.25,1.0999999999999996,1.4000000000000004,4.8,3.5,6.5,1.2999999999999998,1.7000000000000002,3.6,2.0,5.0,1.6,1.4,6.2,5.0,7.0,1.2000000000000002,0.7999999999999998,0.0,0.0,0.0,0.0,0.0,4.0,4.0,4.0,0.0,0.0,0.0,0.0,0.0,0.0,0.0,4.0,4.0,4.0,0.0,0.0
20,4,5,5,0,0.2,0.3,dense,True,20,20,20,4,5,5,8,Plain DPA max token,validity_full_harmful_sequence_per_prompt,radius_derived,5,"0,10,20,30,40",0.0,0.0,0.0,0.0,0.0,1.0,1.0,1.0,0.0,0.0,4.85,3.75,6.25,1.0999999999999996,1.4000000000000004,4.8,3.5,6.5,1.2999999999999998,1.7000000000000002,3.6,2.0,5.0,1.6,1.4,6.2,5.0,7.0,1.2000000000000002,0.7999999999999998,0.0,0.0,0.0,0.0,0.0,4.0,4.0,4.0,0.0,0.0,0.0,0.0,0.0,0.0,0.0,4.0,4.0,4.0,0.0,0.0
20,4,5,5,0,0.2,0.3,dense,True,20,20,20,4,5,5,9,Plain DPA max token,validity_full_harmful_sequence_per_prompt,radius_derived,5,"0,10,20,30,40",0.0,0.0,0.0,0.0,0.0,1.0,1.0,1.0,0.0,0.0,4.85,3.75,6.25,1.0999999999999996,1.4000000000000004,4.8,3.5,6.5,1.2999999999999998,1.7000000000000002,3.6,2.0,5.0,1.6,1.4,6.2,5.0,7.0,1.2000000000000002,0.7999999999999998,0.0,0.0,0.0,0.0,0.0,4.0,4.0,4.0,0.0,0.0,0.0,0.0,0.0,0.0,0.0,4.0,4.0,4.0,0.0,0.0
20,4,5,5,0,0.2,0.3,dense,True,20,20,20,4,5,5,10,Plain DPA max token,validity_full_harmful_sequence_per_prompt,radius_derived,5,"0,10,20,30,40",0.0,0.0,0.0,0.0,0.0,1.0,1.0,1.0,0.0,0.0,4.85,3.75,6.25,1.0999999999999996,1.4000000000000004,4.8,3.5,6.5,1.2999999999999998,1.7000000000000002,3.6,2.0,5.0,1.6,1.4,6.2,5.0,7.0,1.2000000000000002,0.7999999999999998,0.0,0.0,0.0,0.0,0.0,4.0,4.0,4.0,0.0,0.0,0.0,0.0,0.0,0.0,0.0,4.0,4.0,4.0,0.0,0.0
20,4,5,5,0,0.2,0.3,dense,True,20,20,20,4,5,5,11,Plain DPA max token,validity_full_harmful_sequence_per_prompt,radius_derived,5,"0,10,20,30,40",0.0,0.0,0.0,0.0,0.0,1.0,1.0,1.0,0.0,0.0,4.85,3.75,6.25,1.0999999999999996,1.4000000000000004,4.8,3.5,6.5,1.2999999999999998,1.7000000000000002,3.6,2.0,5.0,1.6,1.4,6.2,5.0,7.0,1.2000000000000002,0.7999999999999998,0.0,0.0,0.0,0.0,0.0,4.0,4.0,4.0,0.0,0.0,0.0,0.0,0.0,0.0,0.0,4.0,4.0,4.0,0.0,0.0
20,4,5,5,0,0.2,0.3,dense,True,20,20,20,4,5,5,12,Plain DPA max token,validity_full_harmful_sequence_per_prompt,radius_derived,5,"0,10,20,30,40",0.0,0.0,0.0,0.0,0.0,1.0,1.0,1.0,0.0,0.0,4.85,3.75,6.25,1.0999999999999996,1.4000000000000004,4.8,3.5,6.5,1.2999999999999998,1.7000000000000002,3.6,2.0,5.0,1.6,1.4,6.2,5.0,7.0,1.2000000000000002,0.7999999999999998,0.0,0.0,0.0,0.0,0.0,4.0,4.0,4.0,0.0,0.0,0.0,0.0,0.0,0.0,0.0,4.0,4.0,4.0,0.0,0.0
20,4,5,5,0,0.2,0.3,dense,True,20,20,20,4,5,5,13,Plain DPA max token,validity_full_harmful_sequence_per_prompt,radius_derived,5,"0,10,20,30,40",0.0,0.0,0.0,0.0,0.0,1.0,1.0,1.0,0.0,0.0,4.85,3.75,6.25,1.0999999999999996,1.4000000000000004,4.8,3.5,6.5,1.2999999999999998,1.7000000000000002,3.6,2.0,5.0,1.6,1.4,6.2,5.0,7.0,1.2000000000000002,0.7999999999999998,0.0,0.0,0.0,0.0,0.0,4.0,4.0,4.0,0.0,0.0,0.0,0.0,0.0,0.0,0.0,4.0,4.0,4.0,0.0,0.0
20,4,5,5,0,0.2,0.3,dense,True,20,20,20,4,5,5,14,Plain DPA max token,validity_full_harmful_sequence_per_prompt,radius_derived,5,"0,10,20,30,40",0.0,0.0,0.0,0.0,0.0,1.0,1.0,1.0,0.0,0.0,4.85,3.75,6.25,1.0999999999999996,1.4000000000000004,4.8,3.5,6.5,1.2999999999999998,1.7000000000000002,3.6,2.0,5.0,1.6,1.4,6.2,5.0,7.0,1.2000000000000002,0.7999999999999998,0.0,0.0,0.0,0.0,0.0,4.0,4.0,4.0,0.0,0.0,0.0,0.0,0.0,0.0,0.0,4.0,4.0,4.0,0.0,0.0
20,4,5,5,0,0.2,0.3,dense,True,20,20,20,4,5,5,15,Plain DPA max token,validity_full_harmful_sequence_per_prompt,radius_derived,5,"0,10,20,30,40",0.0,0.0,0.0,0.0,0.0,1.0,1.0,1.0,0.0,0.0,4.85,3.75,6.25,1.0999999999999996,1.4000000000000004,4.8,3.5,6.5,1.2999999999999998,1.7000000000000002,3.6,2.0,5.0,1.6,1.4,6.2,5.0,7.0,1.2000000000000002,0.7999999999999998,0.0,0.0,0.0,0.0,0.0,4.0,4.0,4.0,0.0,0.0,0.0,0.0,0.0,0.0,0.0,4.0,4.0,4.0,0.0,0.0
20,4,5,5,0,0.2,0.3,dense,True,20,20,20,4,5,5,16,Plain DPA max token,validity_full_harmful_sequence_per_prompt,radius_derived,5,"0,10,20,30,40",0.0,0.0,0.0,0.0,0.0,1.0,1.0,1.0,0.0,0.0,4.85,3.75,6.25,1.0999999999999996,1.4000000000000004,4.8,3.5,6.5,1.2999999999999998,1.7000000000000002,3.6,2.0,5.0,1.6,1.4,6.2,5.0,7.0,1.2000000000000002,0.7999999999999998,0.0,0.0,0.0,0.0,0.0,4.0,4.0,4.0,0.0,0.0,0.0,0.0,0.0,0.0,0.0,4.0,4.0,4.0,0.0,0.0
20,4,5,5,0,0.2,0.3,dense,True,20,20,20,4,5,5,17,Plain DPA max token,validity_full_harmful_sequence_per_prompt,radius_derived,5,"0,10,20,30,40",0.0,0.0,0.0,0.0,0.0,1.0,1.0,1.0,0.0,0.0,4.85,3.75,6.25,1.0999999999999996,1.4000000000000004,4.8,3.5,6.5,1.2999999999999998,1.7000000000000002,3.6,2.0,5.0,1.6,1.4,6.2,5.0,7.0,1.2000000000000002,0.7999999999999998,0.0,0.0,0.0,0.0,0.0,4.0,4.0,4.0,0.0,0.0,0.0,0.0,0.0,0.0,0.0,4.0,4.0,4.0,0.0,0.0
20,4,5,5,0,0.2,0.3,dense,True,20,20,20,4,5,5,18,Plain DPA max token,validity_full_harmful_sequence_per_prompt,radius_derived,5,"0,10,20,30,40",0.0,0.0,0.0,0.0,0.0,1.0,1.0,1.0,0.0,0.0,4.85,3.75,6.25,1.0999999999999996,1.4000000000000004,4.8,3.5,6.5,1.2999999999999998,1.7000000000000002,3.6,2.0,5.0,1.6,1.4,6.2,5.0,7.0,1.2000000000000002,0.7999999999999998,0.0,0.0,0.0,0.0,0.0,4.0,4.0,4.0,0.0,0.0,0.0,0.0,0.0,0.0,0.0,4.0,4.0,4.0,0.0,0.0
20,4,5,5,0,0.2,0.3,dense,True,20,20,20,4,5,5,19,Plain DPA max token,validity_full_harmful_sequence_per_prompt,radius_derived,5,"0,10,20,30,40",0.0,0.0,0.0,0.0,0.0,1.0,1.0,1.0,0.0,0.0,4.85,3.75,6.25,1.0999999999999996,1.4000000000000004,4.8,3.5,6.5,1.2999999999999998,1.7000000000000002,3.6,2.0,5.0,1.6,1.4,6.2,5.0,7.0,1.2000000000000002,0.7999999999999998,0.0,0.0,0.0,0.0,0.0,4.0,4.0,4.0,0.0,0.0,0.0,0.0,0.0,0.0,0.0,4.0,4.0,4.0,0.0,0.0
20,4,5,5,0,0.2,0.3,dense,True,20,20,20,4,5,5,20,Plain DPA max token,validity_full_harmful_sequence_per_prompt,radius_derived,5,"0,10,20,30,40",0.0,0.0,0.0,0.0,0.0,1.0,1.0,1.0,0.0,0.0,4.85,3.75,6.25,1.0999999999999996,1.4000000000000004,4.8,3.5,6.5,1.2999999999999998,1.7000000000000002,3.6,2.0,5.0,1.6,1.4,6.2,5.0,7.0,1.2000000000000002,0.7999999999999998,0.0,0.0,0.0,0.0,0.0,4.0,4.0,4.0,0.0,0.0,0.0,0.0,0.0,0.0,0.0,4.0,4.0,4.0,0.0,0.0
20,4,5,5,0,0.2,0.3,dense,True,20,20,20,4,5,5,0,Shard-aware weakest-token diagnostic,weakest_harmful_token_not_full_sequence_validity,radius_derived,5,"0,10,20,30,40",0.5,0.25,0.75,0.25,0.25,0.5,0.25,0.75,0.25,0.25,0.7,0.25,1.5,0.44999999999999996,0.8,0.7,0.0,2.0,0.7,1.3,0.0,0.0,0.0,0.0,0.0,1.4,1.0,2.0,0.3999999999999999,0.6000000000000001,2.0,1.0,3.0,1.0,1.0,4.0,4.0,4.0,0.0,0.0,0.0,0.0,0.0,0.0,0.0,4.0,4.0,4.0,0.0,0.0
20,4,5,5,0,0.2,0.3,dense,True,20,20,20,4,5,5,1,Shard-aware weakest-token diagnostic,weakest_harmful_token_not_full_sequence_validity,radius_derived,5,"0,10,20,30,40",0.2,0.0,0.75,0.2,0.55,0.8,0.25,1.0,0.55,0.19999999999999996,0.7,0.25,1.5,0.44999999999999996,0.8,0.7,0.0,2.0,0.7,1.3,0.0,0.0,0.0,0.0,0.0,1.4,1.0,2.0,0.3999999999999999,0.6000000000000001,0.8,0.0,3.0,0.8,2.2,4.0,4.0,4.0,0.0,0.0,0.0,0.0,0.0,0.0,0.0,4.0,4.0,4.0,0.0,0.0
20,4,5,5,0,0.2,0.3,dense,True,20,20,20,4,5,5,2,Shard-aware weakest-token diagnostic,weakest_harmful_token_not_full_sequence_validity,radius_derived,5,"0,10,20,30,40",0.0,0.0,0.0,0.0,0.0,1.0,1.0,1.0,0.0,0.0,0.7,0.25,1.5,0.44999999999999996,0.8,0.7,0.0,2.0,0.7,1.3,0.0,0.0,0.0,0.0,0.0,1.4,1.0,2.0,0.3999999999999999,0.6000000000000001,0.0,0.0,0.0,0.0,0.0,4.0,4.0,4.0,0.0,0.0,0.0,0.0,0.0,0.0,0.0,4.0,4.0,4.0,0.0,0.0
20,4,5,5,0,0.2,0.3,dense,True,20,20,20,4,5,5,3,Shard-aware weakest-token diagnostic,weakest_harmful_token_not_full_sequence_validity,radius_derived,5,"0,10,20,30,40",0.0,0.0,0.0,0.0,0.0,1.0,1.0,1.0,0.0,0.0,0.7,0.25,1.5,0.44999999999999996,0.8,0.7,0.0,2.0,0.7,1.3,0.0,0.0,0.0,0.0,0.0,1.4,1.0,2.0,0.3999999999999999,0.6000000000000001,0.0,0.0,0.0,0.0,0.0,4.0,4.0,4.0,0.0,0.0,0.0,0.0,0.0,0.0,0.0,4.0,4.0,4.0,0.0,0.0
20,4,5,5,0,0.2,0.3,dense,True,20,20,20,4,5,5,4,Shard-aware weakest-token diagnostic,weakest_harmful_token_not_full_sequence_validity,radius_derived,5,"0,10,20,30,40",0.0,0.0,0.0,0.0,0.0,1.0,1.0,1.0,0.0,0.0,0.7,0.25,1.5,0.44999999999999996,0.8,0.7,0.0,2.0,0.7,1.3,0.0,0.0,0.0,0.0,0.0,1.4,1.0,2.0,0.3999999999999999,0.6000000000000001,0.0,0.0,0.0,0.0,0.0,4.0,4.0,4.0,0.0,0.0,0.0,0.0,0.0,0.0,0.0,4.0,4.0,4.0,0.0,0.0
20,4,5,5,0,0.2,0.3,dense,True,20,20,20,4,5,5,5,Shard-aware weakest-token diagnostic,weakest_harmful_token_not_full_sequence_validity,radius_derived,5,"0,10,20,30,40",0.0,0.0,0.0,0.0,0.0,1.0,1.0,1.0,0.0,0.0,0.7,0.25,1.5,0.44999999999999996,0.8,0.7,0.0,2.0,0.7,1.3,0.0,0.0,0.0,0.0,0.0,1.4,1.0,2.0,0.3999999999999999,0.6000000000000001,0.0,0.0,0.0,0.0,0.0,4.0,4.0,4.0,0.0,0.0,0.0,0.0,0.0,0.0,0.0,4.0,4.0,4.0,0.0,0.0
20,4,5,5,0,0.2,0.3,dense,True,20,20,20,4,5,5,6,Shard-aware weakest-token diagnostic,weakest_harmful_token_not_full_sequence_validity,radius_derived,5,"0,10,20,30,40",0.0,0.0,0.0,0.0,0.0,1.0,1.0,1.0,0.0,0.0,0.7,0.25,1.5,0.44999999999999996,0.8,0.7,0.0,2.0,0.7,1.3,0.0,0.0,0.0,0.0,0.0,1.4,1.0,2.0,0.3999999999999999,0.6000000000000001,0.0,0.0,0.0,0.0,0.0,4.0,4.0,4.0,0.0,0.0,0.0,0.0,0.0,0.0,0.0,4.0,4.0,4.0,0.0,0.0
20,4,5,5,0,0.2,0.3,dense,True,20,20,20,4,5,5,7,Shard-aware weakest-token diagnostic,weakest_harmful_token_not_full_sequence_validity,radius_derived,5,"0,10,20,30,40",0.0,0.0,0.0,0.0,0.0,1.0,1.0,1.0,0.0,0.0,0.7,0.25,1.5,0.44999999999999996,0.8,0.7,0.0,2.0,0.7,1.3,0.0,0.0,0.0,0.0,0.0,1.4,1.0,2.0,0.3999999999999999,0.6000000000000001,0.0,0.0,0.0,0.0,0.0,4.0,4.0,4.0,0.0,0.0,0.0,0.0,0.0,0.0,0.0,4.0,4.0,4.0,0.0,0.0
20,4,5,5,0,0.2,0.3,dense,True,20,20,20,4,5,5,8,Shard-aware weakest-token diagnostic,weakest_harmful_token_not_full_sequence_validity,radius_derived,5,"0,10,20,30,40",0.0,0.0,0.0,0.0,0.0,1.0,1.0,1.0,0.0,0.0,0.7,0.25,1.5,0.44999999999999996,0.8,0.7,0.0,2.0,0.7,1.3,0.0,0.0,0.0,0.0,0.0,1.4,1.0,2.0,0.3999999999999999,0.6000000000000001,0.0,0.0,0.0,0.0,0.0,4.0,4.0,4.0,0.0,0.0,0.0,0.0,0.0,0.0,0.0,4.0,4.0,4.0,0.0,0.0
20,4,5,5,0,0.2,0.3,dense,True,20,20,20,4,5,5,9,Shard-aware weakest-token diagnostic,weakest_harmful_token_not_full_sequence_validity,radius_derived,5,"0,10,20,30,40",0.0,0.0,0.0,0.0,0.0,1.0,1.0,1.0,0.0,0.0,0.7,0.25,1.5,0.44999999999999996,0.8,0.7,0.0,2.0,0.7,1.3,0.0,0.0,0.0,0.0,0.0,1.4,1.0,2.0,0.3999999999999999,0.6000000000000001,0.0,0.0,0.0,0.0,0.0,4.0,4.0,4.0,0.0,0.0,0.0,0.0,0.0,0.0,0.0,4.0,4.0,4.0,0.0,0.0
20,4,5,5,0,0.2,0.3,dense,True,20,20,20,4,5,5,10,Shard-aware weakest-token diagnostic,weakest_harmful_token_not_full_sequence_validity,radius_derived,5,"0,10,20,30,40",0.0,0.0,0.0,0.0,0.0,1.0,1.0,1.0,0.0,0.0,0.7,0.25,1.5,0.44999999999999996,0.8,0.7,0.0,2.0,0.7,1.3,0.0,0.0,0.0,0.0,0.0,1.4,1.0,2.0,0.3999999999999999,0.6000000000000001,0.0,0.0,0.0,0.0,0.0,4.0,4.0,4.0,0.0,0.0,0.0,0.0,0.0,0.0,0.0,4.0,4.0,4.0,0.0,0.0
20,4,5,5,0,0.2,0.3,dense,True,20,20,20,4,5,5,11,Shard-aware weakest-token diagnostic,weakest_harmful_token_not_full_sequence_validity,radius_derived,5,"0,10,20,30,40",0.0,0.0,0.0,0.0,0.0,1.0,1.0,1.0,0.0,0.0,0.7,0.25,1.5,0.44999999999999996,0.8,0.7,0.0,2.0,0.7,1.3,0.0,0.0,0.0,0.0,0.0,1.4,1.0,2.0,0.3999999999999999,0.6000000000000001,0.0,0.0,0.0,0.0,0.0,4.0,4.0,4.0,0.0,0.0,0.0,0.0,0.0,0.0,0.0,4.0,4.0,4.0,0.0,0.0
20,4,5,5,0,0.2,0.3,dense,True,20,20,20,4,5,5,12,Shard-aware weakest-token diagnostic,weakest_harmful_token_not_full_sequence_validity,radius_derived,5,"0,10,20,30,40",0.0,0.0,0.0,0.0,0.0,1.0,1.0,1.0,0.0,0.0,0.7,0.25,1.5,0.44999999999999996,0.8,0.7,0.0,2.0,0.7,1.3,0.0,0.0,0.0,0.0,0.0,1.4,1.0,2.0,0.3999999999999999,0.6000000000000001,0.0,0.0,0.0,0.0,0.0,4.0,4.0,4.0,0.0,0.0,0.0,0.0,0.0,0.0,0.0,4.0,4.0,4.0,0.0,0.0
20,4,5,5,0,0.2,0.3,dense,True,20,20,20,4,5,5,13,Shard-aware weakest-token diagnostic,weakest_harmful_token_not_full_sequence_validity,radius_derived,5,"0,10,20,30,40",0.0,0.0,0.0,0.0,0.0,1.0,1.0,1.0,0.0,0.0,0.7,0.25,1.5,0.44999999999999996,0.8,0.7,0.0,2.0,0.7,1.3,0.0,0.0,0.0,0.0,0.0,1.4,1.0,2.0,0.3999999999999999,0.6000000000000001,0.0,0.0,0.0,0.0,0.0,4.0,4.0,4.0,0.0,0.0,0.0,0.0,0.0,0.0,0.0,4.0,4.0,4.0,0.0,0.0
20,4,5,5,0,0.2,0.3,dense,True,20,20,20,4,5,5,14,Shard-aware weakest-token diagnostic,weakest_harmful_token_not_full_sequence_validity,radius_derived,5,"0,10,20,30,40",0.0,0.0,0.0,0.0,0.0,1.0,1.0,1.0,0.0,0.0,0.7,0.25,1.5,0.44999999999999996,0.8,0.7,0.0,2.0,0.7,1.3,0.0,0.0,0.0,0.0,0.0,1.4,1.0,2.0,0.3999999999999999,0.6000000000000001,0.0,0.0,0.0,0.0,0.0,4.0,4.0,4.0,0.0,0.0,0.0,0.0,0.0,0.0,0.0,4.0,4.0,4.0,0.0,0.0
20,4,5,5,0,0.2,0.3,dense,True,20,20,20,4,5,5,15,Shard-aware weakest-token diagnostic,weakest_harmful_token_not_full_sequence_validity,radius_derived,5,"0,10,20,30,40",0.0,0.0,0.0,0.0,0.0,1.0,1.0,1.0,0.0,0.0,0.7,0.25,1.5,0.44999999999999996,0.8,0.7,0.0,2.0,0.7,1.3,0.0,0.0,0.0,0.0,0.0,1.4,1.0,2.0,0.3999999999999999,0.6000000000000001,0.0,0.0,0.0,0.0,0.0,4.0,4.0,4.0,0.0,0.0,0.0,0.0,0.0,0.0,0.0,4.0,4.0,4.0,0.0,0.0
20,4,5,5,0,0.2,0.3,dense,True,20,20,20,4,5,5,16,Shard-aware weakest-token diagnostic,weakest_harmful_token_not_full_sequence_validity,radius_derived,5,"0,10,20,30,40",0.0,0.0,0.0,0.0,0.0,1.0,1.0,1.0,0.0,0.0,0.7,0.25,1.5,0.44999999999999996,0.8,0.7,0.0,2.0,0.7,1.3,0.0,0.0,0.0,0.0,0.0,1.4,1.0,2.0,0.3999999999999999,0.6000000000000001,0.0,0.0,0.0,0.0,0.0,4.0,4.0,4.0,0.0,0.0,0.0,0.0,0.0,0.0,0.0,4.0,4.0,4.0,0.0,0.0
20,4,5,5,0,0.2,0.3,dense,True,20,20,20,4,5,5,17,Shard-aware weakest-token diagnostic,weakest_harmful_token_not_full_sequence_validity,radius_derived,5,"0,10,20,30,40",0.0,0.0,0.0,0.0,0.0,1.0,1.0,1.0,0.0,0.0,0.7,0.25,1.5,0.44999999999999996,0.8,0.7,0.0,2.0,0.7,1.3,0.0,0.0,0.0,0.0,0.0,1.4,1.0,2.0,0.3999999999999999,0.6000000000000001,0.0,0.0,0.0,0.0,0.0,4.0,4.0,4.0,0.0,0.0,0.0,0.0,0.0,0.0,0.0,4.0,4.0,4.0,0.0,0.0
20,4,5,5,0,0.2,0.3,dense,True,20,20,20,4,5,5,18,Shard-aware weakest-token diagnostic,weakest_harmful_token_not_full_sequence_validity,radius_derived,5,"0,10,20,30,40",0.0,0.0,0.0,0.0,0.0,1.0,1.0,1.0,0.0,0.0,0.7,0.25,1.5,0.44999999999999996,0.8,0.7,0.0,2.0,0.7,1.3,0.0,0.0,0.0,0.0,0.0,1.4,1.0,2.0,0.3999999999999999,0.6000000000000001,0.0,0.0,0.0,0.0,0.0,4.0,4.0,4.0,0.0,0.0,0.0,0.0,0.0,0.0,0.0,4.0,4.0,4.0,0.0,0.0
20,4,5,5,0,0.2,0.3,dense,True,20,20,20,4,5,5,19,Shard-aware weakest-token diagnostic,weakest_harmful_token_not_full_sequence_validity,radius_derived,5,"0,10,20,30,40",0.0,0.0,0.0,0.0,0.0,1.0,1.0,1.0,0.0,0.0,0.7,0.25,1.5,0.44999999999999996,0.8,0.7,0.0,2.0,0.7,1.3,0.0,0.0,0.0,0.0,0.0,1.4,1.0,2.0,0.3999999999999999,0.6000000000000001,0.0,0.0,0.0,0.0,0.0,4.0,4.0,4.0,0.0,0.0,0.0,0.0,0.0,0.0,0.0,4.0,4.0,4.0,0.0,0.0
20,4,5,5,0,0.2,0.3,dense,True,20,20,20,4,5,5,20,Shard-aware weakest-token diagnostic,weakest_harmful_token_not_full_sequence_validity,radius_derived,5,"0,10,20,30,40",0.0,0.0,0.0,0.0,0.0,1.0,1.0,1.0,0.0,0.0,0.7,0.25,1.5,0.44999999999999996,0.8,0.7,0.0,2.0,0.7,1.3,0.0,0.0,0.0,0.0,0.0,1.4,1.0,2.0,0.3999999999999999,0.6000000000000001,0.0,0.0,0.0,0.0,0.0,4.0,4.0,4.0,0.0,0.0,0.0,0.0,0.0,0.0,0.0,4.0,4.0,4.0,0.0,0.0
20,4,5,5,0,0.2,0.3,dense,True,20,20,20,4,5,5,0,Shard-aware independent max-token diagnostic,most_difficult_harmful_token_not_full_sequence_validity,radius_derived,5,"0,10,20,30,40",1.0,1.0,1.0,0.0,0.0,0.0,0.0,0.0,0.0,0.0,4.85,3.75,6.25,1.0999999999999996,1.4000000000000004,4.8,3.5,6.5,1.2999999999999998,1.7000000000000002,3.6,2.0,5.0,1.6,1.4,6.2,5.0,7.0,1.2000000000000002,0.7999999999999998,4.0,4.0,4.0,0.0,0.0,4.0,4.0,4.0,0.0,0.0,0.0,0.0,0.0,0.0,0.0,4.0,4.0,4.0,0.0,0.0
20,4,5,5,0,0.2,0.3,dense,True,20,20,20,4,5,5,1,Shard-aware independent max-token diagnostic,most_difficult_harmful_token_not_full_sequence_validity,radius_derived,5,"0,10,20,30,40",1.0,1.0,1.0,0.0,0.0,0.0,0.0,0.0,0.0,0.0,4.85,3.75,6.25,1.0999999999999996,1.4000000000000004,4.8,3.5,6.5,1.2999999999999998,1.7000000000000002,3.6,2.0,5.0,1.6,1.4,6.2,5.0,7.0,1.2000000000000002,0.7999999999999998,4.0,4.0,4.0,0.0,0.0,4.0,4.0,4.0,0.0,0.0,0.0,0.0,0.0,0.0,0.0,4.0,4.0,4.0,0.0,0.0
20,4,5,5,0,0.2,0.3,dense,True,20,20,20,4,5,5,2,Shard-aware independent max-token diagnostic,most_difficult_harmful_token_not_full_sequence_validity,radius_derived,5,"0,10,20,30,40",0.95,0.75,1.0,0.19999999999999996,0.050000000000000044,0.05,0.0,0.25,0.05,0.2,4.85,3.75,6.25,1.0999999999999996,1.4000000000000004,4.8,3.5,6.5,1.2999999999999998,1.7000000000000002,3.6,2.0,5.0,1.6,1.4,6.2,5.0,7.0,1.2000000000000002,0.7999999999999998,3.8,3.0,4.0,0.7999999999999998,0.20000000000000018,4.0,4.0,4.0,0.0,0.0,0.0,0.0,0.0,0.0,0.0,4.0,4.0,4.0,0.0,0.0
20,4,5,5,0,0.2,0.3,dense,True,20,20,20,4,5,5,3,Shard-aware independent max-token diagnostic,most_difficult_harmful_token_not_full_sequence_validity,radius_derived,5,"0,10,20,30,40",0.75,0.5,1.0,0.25,0.25,0.25,0.0,0.5,0.25,0.25,4.85,3.75,6.25,1.0999999999999996,1.4000000000000004,4.8,3.5,6.5,1.2999999999999998,1.7000000000000002,3.6,2.0,5.0,1.6,1.4,6.2,5.0,7.0,1.2000000000000002,0.7999999999999998,3.0,2.0,4.0,1.0,1.0,4.0,4.0,4.0,0.0,0.0,0.0,0.0,0.0,0.0,0.0,4.0,4.0,4.0,0.0,0.0
20,4,5,5,0,0.2,0.3,dense,True,20,20,20,4,5,5,4,Shard-aware independent max-token diagnostic,most_difficult_harmful_token_not_full_sequence_validity,radius_derived,5,"0,10,20,30,40",0.65,0.25,1.0,0.4,0.35,0.35,0.0,0.75,0.35,0.4,4.85,3.75,6.25,1.0999999999999996,1.4000000000000004,4.8,3.5,6.5,1.2999999999999998,1.7000000000000002,3.6,2.0,5.0,1.6,1.4,6.2,5.0,7.0,1.2000000000000002,0.7999999999999998,2.6,1.0,4.0,1.6,1.4,4.0,4.0,4.0,0.0,0.0,0.0,0.0,0.0,0.0,0.0,4.0,4.0,4.0,0.0,0.0
20,4,5,5,0,0.2,0.3,dense,True,20,20,20,4,5,5,5,Shard-aware independent max-token diagnostic,most_difficult_harmful_token_not_full_sequence_validity,radius_derived,5,"0,10,20,30,40",0.35,0.0,0.75,0.35,0.4,0.65,0.25,1.0,0.4,0.35,4.85,3.75,6.25,1.0999999999999996,1.4000000000000004,4.8,3.5,6.5,1.2999999999999998,1.7000000000000002,3.6,2.0,5.0,1.6,1.4,6.2,5.0,7.0,1.2000000000000002,0.7999999999999998,1.4,0.0,3.0,1.4,1.6,4.0,4.0,4.0,0.0,0.0,0.0,0.0,0.0,0.0,0.0,4.0,4.0,4.0,0.0,0.0
20,4,5,5,0,0.2,0.3,dense,True,20,20,20,4,5,5,6,Shard-aware independent max-token diagnostic,most_difficult_harmful_token_not_full_sequence_validity,radius_derived,5,"0,10,20,30,40",0.15,0.0,0.5,0.15,0.35,0.85,0.5,1.0,0.35,0.15000000000000002,4.85,3.75,6.25,1.0999999999999996,1.4000000000000004,4.8,3.5,6.5,1.2999999999999998,1.7000000000000002,3.6,2.0,5.0,1.6,1.4,6.2,5.0,7.0,1.2000000000000002,0.7999999999999998,0.6,0.0,2.0,0.6,1.4,4.0,4.0,4.0,0.0,0.0,0.0,0.0,0.0,0.0,0.0,4.0,4.0,4.0,0.0,0.0
20,4,5,5,0,0.2,0.3,dense,True,20,20,20,4,5,5,7,Shard-aware independent max-token diagnostic,most_difficult_harmful_token_not_full_sequence_validity,radius_derived,5,"0,10,20,30,40",0.0,0.0,0.0,0.0,0.0,1.0,1.0,1.0,0.0,0.0,4.85,3.75,6.25,1.0999999999999996,1.4000000000000004,4.8,3.5,6.5,1.2999999999999998,1.7000000000000002,3.6,2.0,5.0,1.6,1.4,6.2,5.0,7.0,1.2000000000000002,0.7999999999999998,0.0,0.0,0.0,0.0,0.0,4.0,4.0,4.0,0.0,0.0,0.0,0.0,0.0,0.0,0.0,4.0,4.0,4.0,0.0,0.0
20,4,5,5,0,0.2,0.3,dense,True,20,20,20,4,5,5,8,Shard-aware independent max-token diagnostic,most_difficult_harmful_token_not_full_sequence_validity,radius_derived,5,"0,10,20,30,40",0.0,0.0,0.0,0.0,0.0,1.0,1.0,1.0,0.0,0.0,4.85,3.75,6.25,1.0999999999999996,1.4000000000000004,4.8,3.5,6.5,1.2999999999999998,1.7000000000000002,3.6,2.0,5.0,1.6,1.4,6.2,5.0,7.0,1.2000000000000002,0.7999999999999998,0.0,0.0,0.0,0.0,0.0,4.0,4.0,4.0,0.0,0.0,0.0,0.0,0.0,0.0,0.0,4.0,4.0,4.0,0.0,0.0
20,4,5,5,0,0.2,0.3,dense,True,20,20,20,4,5,5,9,Shard-aware independent max-token diagnostic,most_difficult_harmful_token_not_full_sequence_validity,radius_derived,5,"0,10,20,30,40",0.0,0.0,0.0,0.0,0.0,1.0,1.0,1.0,0.0,0.0,4.85,3.75,6.25,1.0999999999999996,1.4000000000000004,4.8,3.5,6.5,1.2999999999999998,1.7000000000000002,3.6,2.0,5.0,1.6,1.4,6.2,5.0,7.0,1.2000000000000002,0.7999999999999998,0.0,0.0,0.0,0.0,0.0,4.0,4.0,4.0,0.0,0.0,0.0,0.0,0.0,0.0,0.0,4.0,4.0,4.0,0.0,0.0
20,4,5,5,0,0.2,0.3,dense,True,20,20,20,4,5,5,10,Shard-aware independent max-token diagnostic,most_difficult_harmful_token_not_full_sequence_validity,radius_derived,5,"0,10,20,30,40",0.0,0.0,0.0,0.0,0.0,1.0,1.0,1.0,0.0,0.0,4.85,3.75,6.25,1.0999999999999996,1.4000000000000004,4.8,3.5,6.5,1.2999999999999998,1.7000000000000002,3.6,2.0,5.0,1.6,1.4,6.2,5.0,7.0,1.2000000000000002,0.7999999999999998,0.0,0.0,0.0,0.0,0.0,4.0,4.0,4.0,0.0,0.0,0.0,0.0,0.0,0.0,0.0,4.0,4.0,4.0,0.0,0.0
20,4,5,5,0,0.2,0.3,dense,True,20,20,20,4,5,5,11,Shard-aware independent max-token diagnostic,most_difficult_harmful_token_not_full_sequence_validity,radius_derived,5,"0,10,20,30,40",0.0,0.0,0.0,0.0,0.0,1.0,1.0,1.0,0.0,0.0,4.85,3.75,6.25,1.0999999999999996,1.4000000000000004,4.8,3.5,6.5,1.2999999999999998,1.7000000000000002,3.6,2.0,5.0,1.6,1.4,6.2,5.0,7.0,1.2000000000000002,0.7999999999999998,0.0,0.0,0.0,0.0,0.0,4.0,4.0,4.0,0.0,0.0,0.0,0.0,0.0,0.0,0.0,4.0,4.0,4.0,0.0,0.0
20,4,5,5,0,0.2,0.3,dense,True,20,20,20,4,5,5,12,Shard-aware independent max-token diagnostic,most_difficult_harmful_token_not_full_sequence_validity,radius_derived,5,"0,10,20,30,40",0.0,0.0,0.0,0.0,0.0,1.0,1.0,1.0,0.0,0.0,4.85,3.75,6.25,1.0999999999999996,1.4000000000000004,4.8,3.5,6.5,1.2999999999999998,1.7000000000000002,3.6,2.0,5.0,1.6,1.4,6.2,5.0,7.0,1.2000000000000002,0.7999999999999998,0.0,0.0,0.0,0.0,0.0,4.0,4.0,4.0,0.0,0.0,0.0,0.0,0.0,0.0,0.0,4.0,4.0,4.0,0.0,0.0
20,4,5,5,0,0.2,0.3,dense,True,20,20,20,4,5,5,13,Shard-aware independent max-token diagnostic,most_difficult_harmful_token_not_full_sequence_validity,radius_derived,5,"0,10,20,30,40",0.0,0.0,0.0,0.0,0.0,1.0,1.0,1.0,0.0,0.0,4.85,3.75,6.25,1.0999999999999996,1.4000000000000004,4.8,3.5,6.5,1.2999999999999998,1.7000000000000002,3.6,2.0,5.0,1.6,1.4,6.2,5.0,7.0,1.2000000000000002,0.7999999999999998,0.0,0.0,0.0,0.0,0.0,4.0,4.0,4.0,0.0,0.0,0.0,0.0,0.0,0.0,0.0,4.0,4.0,4.0,0.0,0.0
20,4,5,5,0,0.2,0.3,dense,True,20,20,20,4,5,5,14,Shard-aware independent max-token diagnostic,most_difficult_harmful_token_not_full_sequence_validity,radius_derived,5,"0,10,20,30,40",0.0,0.0,0.0,0.0,0.0,1.0,1.0,1.0,0.0,0.0,4.85,3.75,6.25,1.0999999999999996,1.4000000000000004,4.8,3.5,6.5,1.2999999999999998,1.7000000000000002,3.6,2.0,5.0,1.6,1.4,6.2,5.0,7.0,1.2000000000000002,0.7999999999999998,0.0,0.0,0.0,0.0,0.0,4.0,4.0,4.0,0.0,0.0,0.0,0.0,0.0,0.0,0.0,4.0,4.0,4.0,0.0,0.0
20,4,5,5,0,0.2,0.3,dense,True,20,20,20,4,5,5,15,Shard-aware independent max-token diagnostic,most_difficult_harmful_token_not_full_sequence_validity,radius_derived,5,"0,10,20,30,40",0.0,0.0,0.0,0.0,0.0,1.0,1.0,1.0,0.0,0.0,4.85,3.75,6.25,1.0999999999999996,1.4000000000000004,4.8,3.5,6.5,1.2999999999999998,1.7000000000000002,3.6,2.0,5.0,1.6,1.4,6.2,5.0,7.0,1.2000000000000002,0.7999999999999998,0.0,0.0,0.0,0.0,0.0,4.0,4.0,4.0,0.0,0.0,0.0,0.0,0.0,0.0,0.0,4.0,4.0,4.0,0.0,0.0
20,4,5,5,0,0.2,0.3,dense,True,20,20,20,4,5,5,16,Shard-aware independent max-token diagnostic,most_difficult_harmful_token_not_full_sequence_validity,radius_derived,5,"0,10,20,30,40",0.0,0.0,0.0,0.0,0.0,1.0,1.0,1.0,0.0,0.0,4.85,3.75,6.25,1.0999999999999996,1.4000000000000004,4.8,3.5,6.5,1.2999999999999998,1.7000000000000002,3.6,2.0,5.0,1.6,1.4,6.2,5.0,7.0,1.2000000000000002,0.7999999999999998,0.0,0.0,0.0,0.0,0.0,4.0,4.0,4.0,0.0,0.0,0.0,0.0,0.0,0.0,0.0,4.0,4.0,4.0,0.0,0.0
20,4,5,5,0,0.2,0.3,dense,True,20,20,20,4,5,5,17,Shard-aware independent max-token diagnostic,most_difficult_harmful_token_not_full_sequence_validity,radius_derived,5,"0,10,20,30,40",0.0,0.0,0.0,0.0,0.0,1.0,1.0,1.0,0.0,0.0,4.85,3.75,6.25,1.0999999999999996,1.4000000000000004,4.8,3.5,6.5,1.2999999999999998,1.7000000000000002,3.6,2.0,5.0,1.6,1.4,6.2,5.0,7.0,1.2000000000000002,0.7999999999999998,0.0,0.0,0.0,0.0,0.0,4.0,4.0,4.0,0.0,0.0,0.0,0.0,0.0,0.0,0.0,4.0,4.0,4.0,0.0,0.0
20,4,5,5,0,0.2,0.3,dense,True,20,20,20,4,5,5,18,Shard-aware independent max-token diagnostic,most_difficult_harmful_token_not_full_sequence_validity,radius_derived,5,"0,10,20,30,40",0.0,0.0,0.0,0.0,0.0,1.0,1.0,1.0,0.0,0.0,4.85,3.75,6.25,1.0999999999999996,1.4000000000000004,4.8,3.5,6.5,1.2999999999999998,1.7000000000000002,3.6,2.0,5.0,1.6,1.4,6.2,5.0,7.0,1.2000000000000002,0.7999999999999998,0.0,0.0,0.0,0.0,0.0,4.0,4.0,4.0,0.0,0.0,0.0,0.0,0.0,0.0,0.0,4.0,4.0,4.0,0.0,0.0
20,4,5,5,0,0.2,0.3,dense,True,20,20,20,4,5,5,19,Shard-aware independent max-token diagnostic,most_difficult_harmful_token_not_full_sequence_validity,radius_derived,5,"0,10,20,30,40",0.0,0.0,0.0,0.0,0.0,1.0,1.0,1.0,0.0,0.0,4.85,3.75,6.25,1.0999999999999996,1.4000000000000004,4.8,3.5,6.5,1.2999999999999998,1.7000000000000002,3.6,2.0,5.0,1.6,1.4,6.2,5.0,7.0,1.2000000000000002,0.7999999999999998,0.0,0.0,0.0,0.0,0.0,4.0,4.0,4.0,0.0,0.0,0.0,0.0,0.0,0.0,0.0,4.0,4.0,4.0,0.0,0.0
20,4,5,5,0,0.2,0.3,dense,True,20,20,20,4,5,5,20,Shard-aware independent max-token diagnostic,most_difficult_harmful_token_not_full_sequence_validity,radius_derived,5,"0,10,20,30,40",0.0,0.0,0.0,0.0,0.0,1.0,1.0,1.0,0.0,0.0,4.85,3.75,6.25,1.0999999999999996,1.4000000000000004,4.8,3.5,6.5,1.2999999999999998,1.7000000000000002,3.6,2.0,5.0,1.6,1.4,6.2,5.0,7.0,1.2000000000000002,0.7999999999999998,0.0,0.0,0.0,0.0,0.0,4.0,4.0,4.0,0.0,0.0,0.0,0.0,0.0,0.0,0.0,4.0,4.0,4.0,0.0,0.0
20,4,5,5,0,0.2,0.3,dense,True,20,20,20,4,5,5,0,TPA max-token phrase baseline,validity_full_harmful_sequence_per_prompt,radius_derived,5,"0,10,20,30,40",1.0,1.0,1.0,0.0,0.0,0.0,0.0,0.0,0.0,0.0,4.85,3.75,6.25,1.0999999999999996,1.4000000000000004,4.8,3.5,6.5,1.2999999999999998,1.7000000000000002,3.6,2.0,5.0,1.6,1.4,6.2,5.0,7.0,1.2000000000000002,0.7999999999999998,4.0,4.0,4.0,0.0,0.0,4.0,4.0,4.0,0.0,0.0,0.0,0.0,0.0,0.0,0.0,4.0,4.0,4.0,0.0,0.0
20,4,5,5,0,0.2,0.3,dense,True,20,20,20,4,5,5,1,TPA max-token phrase baseline,validity_full_harmful_sequence_per_prompt,radius_derived,5,"0,10,20,30,40",1.0,1.0,1.0,0.0,0.0,0.0,0.0,0.0,0.0,0.0,4.85,3.75,6.25,1.0999999999999996,1.4000000000000004,4.8,3.5,6.5,1.2999999999999998,1.7000000000000002,3.6,2.0,5.0,1.6,1.4,6.2,5.0,7.0,1.2000000000000002,0.7999999999999998,4.0,4.0,4.0,0.0,0.0,4.0,4.0,4.0,0.0,0.0,0.0,0.0,0.0,0.0,0.0,4.0,4.0,4.0,0.0,0.0
20,4,5,5,0,0.2,0.3,dense,True,20,20,20,4,5,5,2,TPA max-token phrase baseline,validity_full_harmful_sequence_per_prompt,radius_derived,5,"0,10,20,30,40",0.95,0.75,1.0,0.19999999999999996,0.050000000000000044,0.05,0.0,0.25,0.05,0.2,4.85,3.75,6.25,1.0999999999999996,1.4000000000000004,4.8,3.5,6.5,1.2999999999999998,1.7000000000000002,3.6,2.0,5.0,1.6,1.4,6.2,5.0,7.0,1.2000000000000002,0.7999999999999998,3.8,3.0,4.0,0.7999999999999998,0.20000000000000018,4.0,4.0,4.0,0.0,0.0,0.0,0.0,0.0,0.0,0.0,4.0,4.0,4.0,0.0,0.0
20,4,5,5,0,0.2,0.3,dense,True,20,20,20,4,5,5,3,TPA max-token phrase baseline,validity_full_harmful_sequence_per_prompt,radius_derived,5,"0,10,20,30,40",0.75,0.5,1.0,0.25,0.25,0.25,0.0,0.5,0.25,0.25,4.85,3.75,6.25,1.0999999999999996,1.4000000000000004,4.8,3.5,6.5,1.2999999999999998,1.7000000000000002,3.6,2.0,5.0,1.6,1.4,6.2,5.0,7.0,1.2000000000000002,0.7999999999999998,3.0,2.0,4.0,1.0,1.0,4.0,4.0,4.0,0.0,0.0,0.0,0.0,0.0,0.0,0.0,4.0,4.0,4.0,0.0,0.0
20,4,5,5,0,0.2,0.3,dense,True,20,20,20,4,5,5,4,TPA max-token phrase baseline,validity_full_harmful_sequence_per_prompt,radius_derived,5,"0,10,20,30,40",0.65,0.25,1.0,0.4,0.35,0.35,0.0,0.75,0.35,0.4,4.85,3.75,6.25,1.0999999999999996,1.4000000000000004,4.8,3.5,6.5,1.2999999999999998,1.7000000000000002,3.6,2.0,5.0,1.6,1.4,6.2,5.0,7.0,1.2000000000000002,0.7999999999999998,2.6,1.0,4.0,1.6,1.4,4.0,4.0,4.0,0.0,0.0,0.0,0.0,0.0,0.0,0.0,4.0,4.0,4.0,0.0,0.0
20,4,5,5,0,0.2,0.3,dense,True,20,20,20,4,5,5,5,TPA max-token phrase baseline,validity_full_harmful_sequence_per_prompt,radius_derived,5,"0,10,20,30,40",0.35,0.0,0.75,0.35,0.4,0.65,0.25,1.0,0.4,0.35,4.85,3.75,6.25,1.0999999999999996,1.4000000000000004,4.8,3.5,6.5,1.2999999999999998,1.7000000000000002,3.6,2.0,5.0,1.6,1.4,6.2,5.0,7.0,1.2000000000000002,0.7999999999999998,1.4,0.0,3.0,1.4,1.6,4.0,4.0,4.0,0.0,0.0,0.0,0.0,0.0,0.0,0.0,4.0,4.0,4.0,0.0,0.0
20,4,5,5,0,0.2,0.3,dense,True,20,20,20,4,5,5,6,TPA max-token phrase baseline,validity_full_harmful_sequence_per_prompt,radius_derived,5,"0,10,20,30,40",0.15,0.0,0.5,0.15,0.35,0.85,0.5,1.0,0.35,0.15000000000000002,4.85,3.75,6.25,1.0999999999999996,1.4000000000000004,4.8,3.5,6.5,1.2999999999999998,1.7000000000000002,3.6,2.0,5.0,1.6,1.4,6.2,5.0,7.0,1.2000000000000002,0.7999999999999998,0.6,0.0,2.0,0.6,1.4,4.0,4.0,4.0,0.0,0.0,0.0,0.0,0.0,0.0,0.0,4.0,4.0,4.0,0.0,0.0
20,4,5,5,0,0.2,0.3,dense,True,20,20,20,4,5,5,7,TPA max-token phrase baseline,validity_full_harmful_sequence_per_prompt,radius_derived,5,"0,10,20,30,40",0.0,0.0,0.0,0.0,0.0,1.0,1.0,1.0,0.0,0.0,4.85,3.75,6.25,1.0999999999999996,1.4000000000000004,4.8,3.5,6.5,1.2999999999999998,1.7000000000000002,3.6,2.0,5.0,1.6,1.4,6.2,5.0,7.0,1.2000000000000002,0.7999999999999998,0.0,0.0,0.0,0.0,0.0,4.0,4.0,4.0,0.0,0.0,0.0,0.0,0.0,0.0,0.0,4.0,4.0,4.0,0.0,0.0
20,4,5,5,0,0.2,0.3,dense,True,20,20,20,4,5,5,8,TPA max-token phrase baseline,validity_full_harmful_sequence_per_prompt,radius_derived,5,"0,10,20,30,40",0.0,0.0,0.0,0.0,0.0,1.0,1.0,1.0,0.0,0.0,4.85,3.75,6.25,1.0999999999999996,1.4000000000000004,4.8,3.5,6.5,1.2999999999999998,1.7000000000000002,3.6,2.0,5.0,1.6,1.4,6.2,5.0,7.0,1.2000000000000002,0.7999999999999998,0.0,0.0,0.0,0.0,0.0,4.0,4.0,4.0,0.0,0.0,0.0,0.0,0.0,0.0,0.0,4.0,4.0,4.0,0.0,0.0
20,4,5,5,0,0.2,0.3,dense,True,20,20,20,4,5,5,9,TPA max-token phrase baseline,validity_full_harmful_sequence_per_prompt,radius_derived,5,"0,10,20,30,40",0.0,0.0,0.0,0.0,0.0,1.0,1.0,1.0,0.0,0.0,4.85,3.75,6.25,1.0999999999999996,1.4000000000000004,4.8,3.5,6.5,1.2999999999999998,1.7000000000000002,3.6,2.0,5.0,1.6,1.4,6.2,5.0,7.0,1.2000000000000002,0.7999999999999998,0.0,0.0,0.0,0.0,0.0,4.0,4.0,4.0,0.0,0.0,0.0,0.0,0.0,0.0,0.0,4.0,4.0,4.0,0.0,0.0
20,4,5,5,0,0.2,0.3,dense,True,20,20,20,4,5,5,10,TPA max-token phrase baseline,validity_full_harmful_sequence_per_prompt,radius_derived,5,"0,10,20,30,40",0.0,0.0,0.0,0.0,0.0,1.0,1.0,1.0,0.0,0.0,4.85,3.75,6.25,1.0999999999999996,1.4000000000000004,4.8,3.5,6.5,1.2999999999999998,1.7000000000000002,3.6,2.0,5.0,1.6,1.4,6.2,5.0,7.0,1.2000000000000002,0.7999999999999998,0.0,0.0,0.0,0.0,0.0,4.0,4.0,4.0,0.0,0.0,0.0,0.0,0.0,0.0,0.0,4.0,4.0,4.0,0.0,0.0
20,4,5,5,0,0.2,0.3,dense,True,20,20,20,4,5,5,11,TPA max-token phrase baseline,validity_full_harmful_sequence_per_prompt,radius_derived,5,"0,10,20,30,40",0.0,0.0,0.0,0.0,0.0,1.0,1.0,1.0,0.0,0.0,4.85,3.75,6.25,1.0999999999999996,1.4000000000000004,4.8,3.5,6.5,1.2999999999999998,1.7000000000000002,3.6,2.0,5.0,1.6,1.4,6.2,5.0,7.0,1.2000000000000002,0.7999999999999998,0.0,0.0,0.0,0.0,0.0,4.0,4.0,4.0,0.0,0.0,0.0,0.0,0.0,0.0,0.0,4.0,4.0,4.0,0.0,0.0
20,4,5,5,0,0.2,0.3,dense,True,20,20,20,4,5,5,12,TPA max-token phrase baseline,validity_full_harmful_sequence_per_prompt,radius_derived,5,"0,10,20,30,40",0.0,0.0,0.0,0.0,0.0,1.0,1.0,1.0,0.0,0.0,4.85,3.75,6.25,1.0999999999999996,1.4000000000000004,4.8,3.5,6.5,1.2999999999999998,1.7000000000000002,3.6,2.0,5.0,1.6,1.4,6.2,5.0,7.0,1.2000000000000002,0.7999999999999998,0.0,0.0,0.0,0.0,0.0,4.0,4.0,4.0,0.0,0.0,0.0,0.0,0.0,0.0,0.0,4.0,4.0,4.0,0.0,0.0
20,4,5,5,0,0.2,0.3,dense,True,20,20,20,4,5,5,13,TPA max-token phrase baseline,validity_full_harmful_sequence_per_prompt,radius_derived,5,"0,10,20,30,40",0.0,0.0,0.0,0.0,0.0,1.0,1.0,1.0,0.0,0.0,4.85,3.75,6.25,1.0999999999999996,1.4000000000000004,4.8,3.5,6.5,1.2999999999999998,1.7000000000000002,3.6,2.0,5.0,1.6,1.4,6.2,5.0,7.0,1.2000000000000002,0.7999999999999998,0.0,0.0,0.0,0.0,0.0,4.0,4.0,4.0,0.0,0.0,0.0,0.0,0.0,0.0,0.0,4.0,4.0,4.0,0.0,0.0
20,4,5,5,0,0.2,0.3,dense,True,20,20,20,4,5,5,14,TPA max-token phrase baseline,validity_full_harmful_sequence_per_prompt,radius_derived,5,"0,10,20,30,40",0.0,0.0,0.0,0.0,0.0,1.0,1.0,1.0,0.0,0.0,4.85,3.75,6.25,1.0999999999999996,1.4000000000000004,4.8,3.5,6.5,1.2999999999999998,1.7000000000000002,3.6,2.0,5.0,1.6,1.4,6.2,5.0,7.0,1.2000000000000002,0.7999999999999998,0.0,0.0,0.0,0.0,0.0,4.0,4.0,4.0,0.0,0.0,0.0,0.0,0.0,0.0,0.0,4.0,4.0,4.0,0.0,0.0
20,4,5,5,0,0.2,0.3,dense,True,20,20,20,4,5,5,15,TPA max-token phrase baseline,validity_full_harmful_sequence_per_prompt,radius_derived,5,"0,10,20,30,40",0.0,0.0,0.0,0.0,0.0,1.0,1.0,1.0,0.0,0.0,4.85,3.75,6.25,1.0999999999999996,1.4000000000000004,4.8,3.5,6.5,1.2999999999999998,1.7000000000000002,3.6,2.0,5.0,1.6,1.4,6.2,5.0,7.0,1.2000000000000002,0.7999999999999998,0.0,0.0,0.0,0.0,0.0,4.0,4.0,4.0,0.0,0.0,0.0,0.0,0.0,0.0,0.0,4.0,4.0,4.0,0.0,0.0
20,4,5,5,0,0.2,0.3,dense,True,20,20,20,4,5,5,16,TPA max-token phrase baseline,validity_full_harmful_sequence_per_prompt,radius_derived,5,"0,10,20,30,40",0.0,0.0,0.0,0.0,0.0,1.0,1.0,1.0,0.0,0.0,4.85,3.75,6.25,1.0999999999999996,1.4000000000000004,4.8,3.5,6.5,1.2999999999999998,1.7000000000000002,3.6,2.0,5.0,1.6,1.4,6.2,5.0,7.0,1.2000000000000002,0.7999999999999998,0.0,0.0,0.0,0.0,0.0,4.0,4.0,4.0,0.0,0.0,0.0,0.0,0.0,0.0,0.0,4.0,4.0,4.0,0.0,0.0
20,4,5,5,0,0.2,0.3,dense,True,20,20,20,4,5,5,17,TPA max-token phrase baseline,validity_full_harmful_sequence_per_prompt,radius_derived,5,"0,10,20,30,40",0.0,0.0,0.0,0.0,0.0,1.0,1.0,1.0,0.0,0.0,4.85,3.75,6.25,1.0999999999999996,1.4000000000000004,4.8,3.5,6.5,1.2999999999999998,1.7000000000000002,3.6,2.0,5.0,1.6,1.4,6.2,5.0,7.0,1.2000000000000002,0.7999999999999998,0.0,0.0,0.0,0.0,0.0,4.0,4.0,4.0,0.0,0.0,0.0,0.0,0.0,0.0,0.0,4.0,4.0,4.0,0.0,0.0
20,4,5,5,0,0.2,0.3,dense,True,20,20,20,4,5,5,18,TPA max-token phrase baseline,validity_full_harmful_sequence_per_prompt,radius_derived,5,"0,10,20,30,40",0.0,0.0,0.0,0.0,0.0,1.0,1.0,1.0,0.0,0.0,4.85,3.75,6.25,1.0999999999999996,1.4000000000000004,4.8,3.5,6.5,1.2999999999999998,1.7000000000000002,3.6,2.0,5.0,1.6,1.4,6.2,5.0,7.0,1.2000000000000002,0.7999999999999998,0.0,0.0,0.0,0.0,0.0,4.0,4.0,4.0,0.0,0.0,0.0,0.0,0.0,0.0,0.0,4.0,4.0,4.0,0.0,0.0
20,4,5,5,0,0.2,0.3,dense,True,20,20,20,4,5,5,19,TPA max-token phrase baseline,validity_full_harmful_sequence_per_prompt,radius_derived,5,"0,10,20,30,40",0.0,0.0,0.0,0.0,0.0,1.0,1.0,1.0,0.0,0.0,4.85,3.75,6.25,1.0999999999999996,1.4000000000000004,4.8,3.5,6.5,1.2999999999999998,1.7000000000000002,3.6,2.0,5.0,1.6,1.4,6.2,5.0,7.0,1.2000000000000002,0.7999999999999998,0.0,0.0,0.0,0.0,0.0,4.0,4.0,4.0,0.0,0.0,0.0,0.0,0.0,0.0,0.0,4.0,4.0,4.0,0.0,0.0
20,4,5,5,0,0.2,0.3,dense,True,20,20,20,4,5,5,20,TPA max-token phrase baseline,validity_full_harmful_sequence_per_prompt,radius_derived,5,"0,10,20,30,40",0.0,0.0,0.0,0.0,0.0,1.0,1.0,1.0,0.0,0.0,4.85,3.75,6.25,1.0999999999999996,1.4000000000000004,4.8,3.5,6.5,1.2999999999999998,1.7000000000000002,3.6,2.0,5.0,1.6,1.4,6.2,5.0,7.0,1.2000000000000002,0.7999999999999998,0.0,0.0,0.0,0.0,0.0,4.0,4.0,4.0,0.0,0.0,0.0,0.0,0.0,0.0,0.0,4.0,4.0,4.0,0.0,0.0
20,4,5,5,0,0.2,0.3,dense,True,20,20,20,4,5,5,0,Shared MILP,validity_full_harmful_sequence_per_prompt,radius_derived,5,"0,10,20,30,40",1.0,1.0,1.0,0.0,0.0,0.0,0.0,0.0,0.0,0.0,4.85,3.75,6.25,1.0999999999999996,1.4000000000000004,4.8,3.5,6.5,1.2999999999999998,1.7000000000000002,3.6,2.0,5.0,1.6,1.4,6.2,5.0,7.0,1.2000000000000002,0.7999999999999998,4.0,4.0,4.0,0.0,0.0,4.0,4.0,4.0,0.0,0.0,0.0,0.0,0.0,0.0,0.0,4.0,4.0,4.0,0.0,0.0
20,4,5,5,0,0.2,0.3,dense,True,20,20,20,4,5,5,1,Shared MILP,validity_full_harmful_sequence_per_prompt,radius_derived,5,"0,10,20,30,40",1.0,1.0,1.0,0.0,0.0,0.0,0.0,0.0,0.0,0.0,4.85,3.75,6.25,1.0999999999999996,1.4000000000000004,4.8,3.5,6.5,1.2999999999999998,1.7000000000000002,3.6,2.0,5.0,1.6,1.4,6.2,5.0,7.0,1.2000000000000002,0.7999999999999998,4.0,4.0,4.0,0.0,0.0,4.0,4.0,4.0,0.0,0.0,0.0,0.0,0.0,0.0,0.0,4.0,4.0,4.0,0.0,0.0
20,4,5,5,0,0.2,0.3,dense,True,20,20,20,4,5,5,2,Shared MILP,validity_full_harmful_sequence_per_prompt,radius_derived,5,"0,10,20,30,40",0.95,0.75,1.0,0.19999999999999996,0.050000000000000044,0.05,0.0,0.25,0.05,0.2,4.85,3.75,6.25,1.0999999999999996,1.4000000000000004,4.8,3.5,6.5,1.2999999999999998,1.7000000000000002,3.6,2.0,5.0,1.6,1.4,6.2,5.0,7.0,1.2000000000000002,0.7999999999999998,3.8,3.0,4.0,0.7999999999999998,0.20000000000000018,4.0,4.0,4.0,0.0,0.0,0.0,0.0,0.0,0.0,0.0,4.0,4.0,4.0,0.0,0.0
20,4,5,5,0,0.2,0.3,dense,True,20,20,20,4,5,5,3,Shared MILP,validity_full_harmful_sequence_per_prompt,radius_derived,5,"0,10,20,30,40",0.75,0.5,1.0,0.25,0.25,0.25,0.0,0.5,0.25,0.25,4.85,3.75,6.25,1.0999999999999996,1.4000000000000004,4.8,3.5,6.5,1.2999999999999998,1.7000000000000002,3.6,2.0,5.0,1.6,1.4,6.2,5.0,7.0,1.2000000000000002,0.7999999999999998,3.0,2.0,4.0,1.0,1.0,4.0,4.0,4.0,0.0,0.0,0.0,0.0,0.0,0.0,0.0,4.0,4.0,4.0,0.0,0.0
20,4,5,5,0,0.2,0.3,dense,True,20,20,20,4,5,5,4,Shared MILP,validity_full_harmful_sequence_per_prompt,radius_derived,5,"0,10,20,30,40",0.65,0.25,1.0,0.4,0.35,0.35,0.0,0.75,0.35,0.4,4.85,3.75,6.25,1.0999999999999996,1.4000000000000004,4.8,3.5,6.5,1.2999999999999998,1.7000000000000002,3.6,2.0,5.0,1.6,1.4,6.2,5.0,7.0,1.2000000000000002,0.7999999999999998,2.6,1.0,4.0,1.6,1.4,4.0,4.0,4.0,0.0,0.0,0.0,0.0,0.0,0.0,0.0,4.0,4.0,4.0,0.0,0.0
20,4,5,5,0,0.2,0.3,dense,True,20,20,20,4,5,5,5,Shared MILP,validity_full_harmful_sequence_per_prompt,radius_derived,5,"0,10,20,30,40",0.35,0.0,0.75,0.35,0.4,0.65,0.25,1.0,0.4,0.35,4.85,3.75,6.25,1.0999999999999996,1.4000000000000004,4.8,3.5,6.5,1.2999999999999998,1.7000000000000002,3.6,2.0,5.0,1.6,1.4,6.2,5.0,7.0,1.2000000000000002,0.7999999999999998,1.4,0.0,3.0,1.4,1.6,4.0,4.0,4.0,0.0,0.0,0.0,0.0,0.0,0.0,0.0,4.0,4.0,4.0,0.0,0.0
20,4,5,5,0,0.2,0.3,dense,True,20,20,20,4,5,5,6,Shared MILP,validity_full_harmful_sequence_per_prompt,radius_derived,5,"0,10,20,30,40",0.15,0.0,0.5,0.15,0.35,0.85,0.5,1.0,0.35,0.15000000000000002,4.85,3.75,6.25,1.0999999999999996,1.4000000000000004,4.8,3.5,6.5,1.2999999999999998,1.7000000000000002,3.6,2.0,5.0,1.6,1.4,6.2,5.0,7.0,1.2000000000000002,0.7999999999999998,0.6,0.0,2.0,0.6,1.4,4.0,4.0,4.0,0.0,0.0,0.0,0.0,0.0,0.0,0.0,4.0,4.0,4.0,0.0,0.0
20,4,5,5,0,0.2,0.3,dense,True,20,20,20,4,5,5,7,Shared MILP,validity_full_harmful_sequence_per_prompt,radius_derived,5,"0,10,20,30,40",0.0,0.0,0.0,0.0,0.0,1.0,1.0,1.0,0.0,0.0,4.85,3.75,6.25,1.0999999999999996,1.4000000000000004,4.8,3.5,6.5,1.2999999999999998,1.7000000000000002,3.6,2.0,5.0,1.6,1.4,6.2,5.0,7.0,1.2000000000000002,0.7999999999999998,0.0,0.0,0.0,0.0,0.0,4.0,4.0,4.0,0.0,0.0,0.0,0.0,0.0,0.0,0.0,4.0,4.0,4.0,0.0,0.0
20,4,5,5,0,0.2,0.3,dense,True,20,20,20,4,5,5,8,Shared MILP,validity_full_harmful_sequence_per_prompt,radius_derived,5,"0,10,20,30,40",0.0,0.0,0.0,0.0,0.0,1.0,1.0,1.0,0.0,0.0,4.85,3.75,6.25,1.0999999999999996,1.4000000000000004,4.8,3.5,6.5,1.2999999999999998,1.7000000000000002,3.6,2.0,5.0,1.6,1.4,6.2,5.0,7.0,1.2000000000000002,0.7999999999999998,0.0,0.0,0.0,0.0,0.0,4.0,4.0,4.0,0.0,0.0,0.0,0.0,0.0,0.0,0.0,4.0,4.0,4.0,0.0,0.0
20,4,5,5,0,0.2,0.3,dense,True,20,20,20,4,5,5,9,Shared MILP,validity_full_harmful_sequence_per_prompt,radius_derived,5,"0,10,20,30,40",0.0,0.0,0.0,0.0,0.0,1.0,1.0,1.0,0.0,0.0,4.85,3.75,6.25,1.0999999999999996,1.4000000000000004,4.8,3.5,6.5,1.2999999999999998,1.7000000000000002,3.6,2.0,5.0,1.6,1.4,6.2,5.0,7.0,1.2000000000000002,0.7999999999999998,0.0,0.0,0.0,0.0,0.0,4.0,4.0,4.0,0.0,0.0,0.0,0.0,0.0,0.0,0.0,4.0,4.0,4.0,0.0,0.0
20,4,5,5,0,0.2,0.3,dense,True,20,20,20,4,5,5,10,Shared MILP,validity_full_harmful_sequence_per_prompt,radius_derived,5,"0,10,20,30,40",0.0,0.0,0.0,0.0,0.0,1.0,1.0,1.0,0.0,0.0,4.85,3.75,6.25,1.0999999999999996,1.4000000000000004,4.8,3.5,6.5,1.2999999999999998,1.7000000000000002,3.6,2.0,5.0,1.6,1.4,6.2,5.0,7.0,1.2000000000000002,0.7999999999999998,0.0,0.0,0.0,0.0,0.0,4.0,4.0,4.0,0.0,0.0,0.0,0.0,0.0,0.0,0.0,4.0,4.0,4.0,0.0,0.0
20,4,5,5,0,0.2,0.3,dense,True,20,20,20,4,5,5,11,Shared MILP,validity_full_harmful_sequence_per_prompt,radius_derived,5,"0,10,20,30,40",0.0,0.0,0.0,0.0,0.0,1.0,1.0,1.0,0.0,0.0,4.85,3.75,6.25,1.0999999999999996,1.4000000000000004,4.8,3.5,6.5,1.2999999999999998,1.7000000000000002,3.6,2.0,5.0,1.6,1.4,6.2,5.0,7.0,1.2000000000000002,0.7999999999999998,0.0,0.0,0.0,0.0,0.0,4.0,4.0,4.0,0.0,0.0,0.0,0.0,0.0,0.0,0.0,4.0,4.0,4.0,0.0,0.0
20,4,5,5,0,0.2,0.3,dense,True,20,20,20,4,5,5,12,Shared MILP,validity_full_harmful_sequence_per_prompt,radius_derived,5,"0,10,20,30,40",0.0,0.0,0.0,0.0,0.0,1.0,1.0,1.0,0.0,0.0,4.85,3.75,6.25,1.0999999999999996,1.4000000000000004,4.8,3.5,6.5,1.2999999999999998,1.7000000000000002,3.6,2.0,5.0,1.6,1.4,6.2,5.0,7.0,1.2000000000000002,0.7999999999999998,0.0,0.0,0.0,0.0,0.0,4.0,4.0,4.0,0.0,0.0,0.0,0.0,0.0,0.0,0.0,4.0,4.0,4.0,0.0,0.0
20,4,5,5,0,0.2,0.3,dense,True,20,20,20,4,5,5,13,Shared MILP,validity_full_harmful_sequence_per_prompt,radius_derived,5,"0,10,20,30,40",0.0,0.0,0.0,0.0,0.0,1.0,1.0,1.0,0.0,0.0,4.85,3.75,6.25,1.0999999999999996,1.4000000000000004,4.8,3.5,6.5,1.2999999999999998,1.7000000000000002,3.6,2.0,5.0,1.6,1.4,6.2,5.0,7.0,1.2000000000000002,0.7999999999999998,0.0,0.0,0.0,0.0,0.0,4.0,4.0,4.0,0.0,0.0,0.0,0.0,0.0,0.0,0.0,4.0,4.0,4.0,0.0,0.0
20,4,5,5,0,0.2,0.3,dense,True,20,20,20,4,5,5,14,Shared MILP,validity_full_harmful_sequence_per_prompt,radius_derived,5,"0,10,20,30,40",0.0,0.0,0.0,0.0,0.0,1.0,1.0,1.0,0.0,0.0,4.85,3.75,6.25,1.0999999999999996,1.4000000000000004,4.8,3.5,6.5,1.2999999999999998,1.7000000000000002,3.6,2.0,5.0,1.6,1.4,6.2,5.0,7.0,1.2000000000000002,0.7999999999999998,0.0,0.0,0.0,0.0,0.0,4.0,4.0,4.0,0.0,0.0,0.0,0.0,0.0,0.0,0.0,4.0,4.0,4.0,0.0,0.0
20,4,5,5,0,0.2,0.3,dense,True,20,20,20,4,5,5,15,Shared MILP,validity_full_harmful_sequence_per_prompt,radius_derived,5,"0,10,20,30,40",0.0,0.0,0.0,0.0,0.0,1.0,1.0,1.0,0.0,0.0,4.85,3.75,6.25,1.0999999999999996,1.4000000000000004,4.8,3.5,6.5,1.2999999999999998,1.7000000000000002,3.6,2.0,5.0,1.6,1.4,6.2,5.0,7.0,1.2000000000000002,0.7999999999999998,0.0,0.0,0.0,0.0,0.0,4.0,4.0,4.0,0.0,0.0,0.0,0.0,0.0,0.0,0.0,4.0,4.0,4.0,0.0,0.0
20,4,5,5,0,0.2,0.3,dense,True,20,20,20,4,5,5,16,Shared MILP,validity_full_harmful_sequence_per_prompt,radius_derived,5,"0,10,20,30,40",0.0,0.0,0.0,0.0,0.0,1.0,1.0,1.0,0.0,0.0,4.85,3.75,6.25,1.0999999999999996,1.4000000000000004,4.8,3.5,6.5,1.2999999999999998,1.7000000000000002,3.6,2.0,5.0,1.6,1.4,6.2,5.0,7.0,1.2000000000000002,0.7999999999999998,0.0,0.0,0.0,0.0,0.0,4.0,4.0,4.0,0.0,0.0,0.0,0.0,0.0,0.0,0.0,4.0,4.0,4.0,0.0,0.0
20,4,5,5,0,0.2,0.3,dense,True,20,20,20,4,5,5,17,Shared MILP,validity_full_harmful_sequence_per_prompt,radius_derived,5,"0,10,20,30,40",0.0,0.0,0.0,0.0,0.0,1.0,1.0,1.0,0.0,0.0,4.85,3.75,6.25,1.0999999999999996,1.4000000000000004,4.8,3.5,6.5,1.2999999999999998,1.7000000000000002,3.6,2.0,5.0,1.6,1.4,6.2,5.0,7.0,1.2000000000000002,0.7999999999999998,0.0,0.0,0.0,0.0,0.0,4.0,4.0,4.0,0.0,0.0,0.0,0.0,0.0,0.0,0.0,4.0,4.0,4.0,0.0,0.0
20,4,5,5,0,0.2,0.3,dense,True,20,20,20,4,5,5,18,Shared MILP,validity_full_harmful_sequence_per_prompt,radius_derived,5,"0,10,20,30,40",0.0,0.0,0.0,0.0,0.0,1.0,1.0,1.0,0.0,0.0,4.85,3.75,6.25,1.0999999999999996,1.4000000000000004,4.8,3.5,6.5,1.2999999999999998,1.7000000000000002,3.6,2.0,5.0,1.6,1.4,6.2,5.0,7.0,1.2000000000000002,0.7999999999999998,0.0,0.0,0.0,0.0,0.0,4.0,4.0,4.0,0.0,0.0,0.0,0.0,0.0,0.0,0.0,4.0,4.0,4.0,0.0,0.0
20,4,5,5,0,0.2,0.3,dense,True,20,20,20,4,5,5,19,Shared MILP,validity_full_harmful_sequence_per_prompt,radius_derived,5,"0,10,20,30,40",0.0,0.0,0.0,0.0,0.0,1.0,1.0,1.0,0.0,0.0,4.85,3.75,6.25,1.0999999999999996,1.4000000000000004,4.8,3.5,6.5,1.2999999999999998,1.7000000000000002,3.6,2.0,5.0,1.6,1.4,6.2,5.0,7.0,1.2000000000000002,0.7999999999999998,0.0,0.0,0.0,0.0,0.0,4.0,4.0,4.0,0.0,0.0,0.0,0.0,0.0,0.0,0.0,4.0,4.0,4.0,0.0,0.0
20,4,5,5,0,0.2,0.3,dense,True,20,20,20,4,5,5,20,Shared MILP,validity_full_harmful_sequence_per_prompt,radius_derived,5,"0,10,20,30,40",0.0,0.0,0.0,0.0,0.0,1.0,1.0,1.0,0.0,0.0,4.85,3.75,6.25,1.0999999999999996,1.4000000000000004,4.8,3.5,6.5,1.2999999999999998,1.7000000000000002,3.6,2.0,5.0,1.6,1.4,6.2,5.0,7.0,1.2000000000000002,0.7999999999999998,0.0,0.0,0.0,0.0,0.0,4.0,4.0,4.0,0.0,0.0,0.0,0.0,0.0,0.0,0.0,4.0,4.0,4.0,0.0,0.0
20,4,5,5,0,0.2,0.3,dense,True,20,20,20,4,5,5,0,Atomic phrase aggregation,validity_full_harmful_sequence_per_prompt,radius_derived,5,"0,10,20,30,40",0.95,0.75,1.0,0.19999999999999996,0.050000000000000044,0.05,0.0,0.25,0.05,0.2,1.45,1.0,1.75,0.44999999999999996,0.30000000000000004,1.5,1.0,2.0,0.5,0.5,0.8,0.0,1.0,0.8,0.19999999999999996,2.0,2.0,2.0,0.0,0.0,3.8,3.0,4.0,0.7999999999999998,0.20000000000000018,4.0,4.0,4.0,0.0,0.0,0.0,0.0,0.0,0.0,0.0,4.0,4.0,4.0,0.0,0.0
20,4,5,5,0,0.2,0.3,dense,True,20,20,20,4,5,5,1,Atomic phrase aggregation,validity_full_harmful_sequence_per_prompt,radius_derived,5,"0,10,20,30,40",0.5,0.25,0.75,0.25,0.25,0.5,0.25,0.75,0.25,0.25,1.45,1.0,1.75,0.44999999999999996,0.30000000000000004,1.5,1.0,2.0,0.5,0.5,0.8,0.0,1.0,0.8,0.19999999999999996,2.0,2.0,2.0,0.0,0.0,2.0,1.0,3.0,1.0,1.0,4.0,4.0,4.0,0.0,0.0,0.0,0.0,0.0,0.0,0.0,4.0,4.0,4.0,0.0,0.0
20,4,5,5,0,0.2,0.3,dense,True,20,20,20,4,5,5,2,Atomic phrase aggregation,validity_full_harmful_sequence_per_prompt,radius_derived,5,"0,10,20,30,40",0.0,0.0,0.0,0.0,0.0,1.0,1.0,1.0,0.0,0.0,1.45,1.0,1.75,0.44999999999999996,0.30000000000000004,1.5,1.0,2.0,0.5,0.5,0.8,0.0,1.0,0.8,0.19999999999999996,2.0,2.0,2.0,0.0,0.0,0.0,0.0,0.0,0.0,0.0,4.0,4.0,4.0,0.0,0.0,0.0,0.0,0.0,0.0,0.0,4.0,4.0,4.0,0.0,0.0
20,4,5,5,0,0.2,0.3,dense,True,20,20,20,4,5,5,3,Atomic phrase aggregation,validity_full_harmful_sequence_per_prompt,radius_derived,5,"0,10,20,30,40",0.0,0.0,0.0,0.0,0.0,1.0,1.0,1.0,0.0,0.0,1.45,1.0,1.75,0.44999999999999996,0.30000000000000004,1.5,1.0,2.0,0.5,0.5,0.8,0.0,1.0,0.8,0.19999999999999996,2.0,2.0,2.0,0.0,0.0,0.0,0.0,0.0,0.0,0.0,4.0,4.0,4.0,0.0,0.0,0.0,0.0,0.0,0.0,0.0,4.0,4.0,4.0,0.0,0.0
20,4,5,5,0,0.2,0.3,dense,True,20,20,20,4,5,5,4,Atomic phrase aggregation,validity_full_harmful_sequence_per_prompt,radius_derived,5,"0,10,20,30,40",0.0,0.0,0.0,0.0,0.0,1.0,1.0,1.0,0.0,0.0,1.45,1.0,1.75,0.44999999999999996,0.30000000000000004,1.5,1.0,2.0,0.5,0.5,0.8,0.0,1.0,0.8,0.19999999999999996,2.0,2.0,2.0,0.0,0.0,0.0,0.0,0.0,0.0,0.0,4.0,4.0,4.0,0.0,0.0,0.0,0.0,0.0,0.0,0.0,4.0,4.0,4.0,0.0,0.0
20,4,5,5,0,0.2,0.3,dense,True,20,20,20,4,5,5,5,Atomic phrase aggregation,validity_full_harmful_sequence_per_prompt,radius_derived,5,"0,10,20,30,40",0.0,0.0,0.0,0.0,0.0,1.0,1.0,1.0,0.0,0.0,1.45,1.0,1.75,0.44999999999999996,0.30000000000000004,1.5,1.0,2.0,0.5,0.5,0.8,0.0,1.0,0.8,0.19999999999999996,2.0,2.0,2.0,0.0,0.0,0.0,0.0,0.0,0.0,0.0,4.0,4.0,4.0,0.0,0.0,0.0,0.0,0.0,0.0,0.0,4.0,4.0,4.0,0.0,0.0
20,4,5,5,0,0.2,0.3,dense,True,20,20,20,4,5,5,6,Atomic phrase aggregation,validity_full_harmful_sequence_per_prompt,radius_derived,5,"0,10,20,30,40",0.0,0.0,0.0,0.0,0.0,1.0,1.0,1.0,0.0,0.0,1.45,1.0,1.75,0.44999999999999996,0.30000000000000004,1.5,1.0,2.0,0.5,0.5,0.8,0.0,1.0,0.8,0.19999999999999996,2.0,2.0,2.0,0.0,0.0,0.0,0.0,0.0,0.0,0.0,4.0,4.0,4.0,0.0,0.0,0.0,0.0,0.0,0.0,0.0,4.0,4.0,4.0,0.0,0.0
20,4,5,5,0,0.2,0.3,dense,True,20,20,20,4,5,5,7,Atomic phrase aggregation,validity_full_harmful_sequence_per_prompt,radius_derived,5,"0,10,20,30,40",0.0,0.0,0.0,0.0,0.0,1.0,1.0,1.0,0.0,0.0,1.45,1.0,1.75,0.44999999999999996,0.30000000000000004,1.5,1.0,2.0,0.5,0.5,0.8,0.0,1.0,0.8,0.19999999999999996,2.0,2.0,2.0,0.0,0.0,0.0,0.0,0.0,0.0,0.0,4.0,4.0,4.0,0.0,0.0,0.0,0.0,0.0,0.0,0.0,4.0,4.0,4.0,0.0,0.0
20,4,5,5,0,0.2,0.3,dense,True,20,20,20,4,5,5,8,Atomic phrase aggregation,validity_full_harmful_sequence_per_prompt,radius_derived,5,"0,10,20,30,40",0.0,0.0,0.0,0.0,0.0,1.0,1.0,1.0,0.0,0.0,1.45,1.0,1.75,0.44999999999999996,0.30000000000000004,1.5,1.0,2.0,0.5,0.5,0.8,0.0,1.0,0.8,0.19999999999999996,2.0,2.0,2.0,0.0,0.0,0.0,0.0,0.0,0.0,0.0,4.0,4.0,4.0,0.0,0.0,0.0,0.0,0.0,0.0,0.0,4.0,4.0,4.0,0.0,0.0
20,4,5,5,0,0.2,0.3,dense,True,20,20,20,4,5,5,9,Atomic phrase aggregation,validity_full_harmful_sequence_per_prompt,radius_derived,5,"0,10,20,30,40",0.0,0.0,0.0,0.0,0.0,1.0,1.0,1.0,0.0,0.0,1.45,1.0,1.75,0.44999999999999996,0.30000000000000004,1.5,1.0,2.0,0.5,0.5,0.8,0.0,1.0,0.8,0.19999999999999996,2.0,2.0,2.0,0.0,0.0,0.0,0.0,0.0,0.0,0.0,4.0,4.0,4.0,0.0,0.0,0.0,0.0,0.0,0.0,0.0,4.0,4.0,4.0,0.0,0.0
20,4,5,5,0,0.2,0.3,dense,True,20,20,20,4,5,5,10,Atomic phrase aggregation,validity_full_harmful_sequence_per_prompt,radius_derived,5,"0,10,20,30,40",0.0,0.0,0.0,0.0,0.0,1.0,1.0,1.0,0.0,0.0,1.45,1.0,1.75,0.44999999999999996,0.30000000000000004,1.5,1.0,2.0,0.5,0.5,0.8,0.0,1.0,0.8,0.19999999999999996,2.0,2.0,2.0,0.0,0.0,0.0,0.0,0.0,0.0,0.0,4.0,4.0,4.0,0.0,0.0,0.0,0.0,0.0,0.0,0.0,4.0,4.0,4.0,0.0,0.0
20,4,5,5,0,0.2,0.3,dense,True,20,20,20,4,5,5,11,Atomic phrase aggregation,validity_full_harmful_sequence_per_prompt,radius_derived,5,"0,10,20,30,40",0.0,0.0,0.0,0.0,0.0,1.0,1.0,1.0,0.0,0.0,1.45,1.0,1.75,0.44999999999999996,0.30000000000000004,1.5,1.0,2.0,0.5,0.5,0.8,0.0,1.0,0.8,0.19999999999999996,2.0,2.0,2.0,0.0,0.0,0.0,0.0,0.0,0.0,0.0,4.0,4.0,4.0,0.0,0.0,0.0,0.0,0.0,0.0,0.0,4.0,4.0,4.0,0.0,0.0
20,4,5,5,0,0.2,0.3,dense,True,20,20,20,4,5,5,12,Atomic phrase aggregation,validity_full_harmful_sequence_per_prompt,radius_derived,5,"0,10,20,30,40",0.0,0.0,0.0,0.0,0.0,1.0,1.0,1.0,0.0,0.0,1.45,1.0,1.75,0.44999999999999996,0.30000000000000004,1.5,1.0,2.0,0.5,0.5,0.8,0.0,1.0,0.8,0.19999999999999996,2.0,2.0,2.0,0.0,0.0,0.0,0.0,0.0,0.0,0.0,4.0,4.0,4.0,0.0,0.0,0.0,0.0,0.0,0.0,0.0,4.0,4.0,4.0,0.0,0.0
20,4,5,5,0,0.2,0.3,dense,True,20,20,20,4,5,5,13,Atomic phrase aggregation,validity_full_harmful_sequence_per_prompt,radius_derived,5,"0,10,20,30,40",0.0,0.0,0.0,0.0,0.0,1.0,1.0,1.0,0.0,0.0,1.45,1.0,1.75,0.44999999999999996,0.30000000000000004,1.5,1.0,2.0,0.5,0.5,0.8,0.0,1.0,0.8,0.19999999999999996,2.0,2.0,2.0,0.0,0.0,0.0,0.0,0.0,0.0,0.0,4.0,4.0,4.0,0.0,0.0,0.0,0.0,0.0,0.0,0.0,4.0,4.0,4.0,0.0,0.0
20,4,5,5,0,0.2,0.3,dense,True,20,20,20,4,5,5,14,Atomic phrase aggregation,validity_full_harmful_sequence_per_prompt,radius_derived,5,"0,10,20,30,40",0.0,0.0,0.0,0.0,0.0,1.0,1.0,1.0,0.0,0.0,1.45,1.0,1.75,0.44999999999999996,0.30000000000000004,1.5,1.0,2.0,0.5,0.5,0.8,0.0,1.0,0.8,0.19999999999999996,2.0,2.0,2.0,0.0,0.0,0.0,0.0,0.0,0.0,0.0,4.0,4.0,4.0,0.0,0.0,0.0,0.0,0.0,0.0,0.0,4.0,4.0,4.0,0.0,0.0
20,4,5,5,0,0.2,0.3,dense,True,20,20,20,4,5,5,15,Atomic phrase aggregation,validity_full_harmful_sequence_per_prompt,radius_derived,5,"0,10,20,30,40",0.0,0.0,0.0,0.0,0.0,1.0,1.0,1.0,0.0,0.0,1.45,1.0,1.75,0.44999999999999996,0.30000000000000004,1.5,1.0,2.0,0.5,0.5,0.8,0.0,1.0,0.8,0.19999999999999996,2.0,2.0,2.0,0.0,0.0,0.0,0.0,0.0,0.0,0.0,4.0,4.0,4.0,0.0,0.0,0.0,0.0,0.0,0.0,0.0,4.0,4.0,4.0,0.0,0.0
20,4,5,5,0,0.2,0.3,dense,True,20,20,20,4,5,5,16,Atomic phrase aggregation,validity_full_harmful_sequence_per_prompt,radius_derived,5,"0,10,20,30,40",0.0,0.0,0.0,0.0,0.0,1.0,1.0,1.0,0.0,0.0,1.45,1.0,1.75,0.44999999999999996,0.30000000000000004,1.5,1.0,2.0,0.5,0.5,0.8,0.0,1.0,0.8,0.19999999999999996,2.0,2.0,2.0,0.0,0.0,0.0,0.0,0.0,0.0,0.0,4.0,4.0,4.0,0.0,0.0,0.0,0.0,0.0,0.0,0.0,4.0,4.0,4.0,0.0,0.0
20,4,5,5,0,0.2,0.3,dense,True,20,20,20,4,5,5,17,Atomic phrase aggregation,validity_full_harmful_sequence_per_prompt,radius_derived,5,"0,10,20,30,40",0.0,0.0,0.0,0.0,0.0,1.0,1.0,1.0,0.0,0.0,1.45,1.0,1.75,0.44999999999999996,0.30000000000000004,1.5,1.0,2.0,0.5,0.5,0.8,0.0,1.0,0.8,0.19999999999999996,2.0,2.0,2.0,0.0,0.0,0.0,0.0,0.0,0.0,0.0,4.0,4.0,4.0,0.0,0.0,0.0,0.0,0.0,0.0,0.0,4.0,4.0,4.0,0.0,0.0
20,4,5,5,0,0.2,0.3,dense,True,20,20,20,4,5,5,18,Atomic phrase aggregation,validity_full_harmful_sequence_per_prompt,radius_derived,5,"0,10,20,30,40",0.0,0.0,0.0,0.0,0.0,1.0,1.0,1.0,0.0,0.0,1.45,1.0,1.75,0.44999999999999996,0.30000000000000004,1.5,1.0,2.0,0.5,0.5,0.8,0.0,1.0,0.8,0.19999999999999996,2.0,2.0,2.0,0.0,0.0,0.0,0.0,0.0,0.0,0.0,4.0,4.0,4.0,0.0,0.0,0.0,0.0,0.0,0.0,0.0,4.0,4.0,4.0,0.0,0.0
20,4,5,5,0,0.2,0.3,dense,True,20,20,20,4,5,5,19,Atomic phrase aggregation,validity_full_harmful_sequence_per_prompt,radius_derived,5,"0,10,20,30,40",0.0,0.0,0.0,0.0,0.0,1.0,1.0,1.0,0.0,0.0,1.45,1.0,1.75,0.44999999999999996,0.30000000000000004,1.5,1.0,2.0,0.5,0.5,0.8,0.0,1.0,0.8,0.19999999999999996,2.0,2.0,2.0,0.0,0.0,0.0,0.0,0.0,0.0,0.0,4.0,4.0,4.0,0.0,0.0,0.0,0.0,0.0,0.0,0.0,4.0,4.0,4.0,0.0,0.0
20,4,5,5,0,0.2,0.3,dense,True,20,20,20,4,5,5,20,Atomic phrase aggregation,validity_full_harmful_sequence_per_prompt,radius_derived,5,"0,10,20,30,40",0.0,0.0,0.0,0.0,0.0,1.0,1.0,1.0,0.0,0.0,1.45,1.0,1.75,0.44999999999999996,0.30000000000000004,1.5,1.0,2.0,0.5,0.5,0.8,0.0,1.0,0.8,0.19999999999999996,2.0,2.0,2.0,0.0,0.0,0.0,0.0,0.0,0.0,0.0,4.0,4.0,4.0,0.0,0.0,0.0,0.0,0.0,0.0,0.0,4.0,4.0,4.0,0.0,0.0
20,4,5,5,0,0.2,0.3,dense,True,20,20,20,4,5,5,0,Independent shard-aware composition diagnostic,validity_full_harmful_sequence_per_prompt,radius_derived,5,"0,10,20,30,40",1.0,1.0,1.0,0.0,0.0,0.0,0.0,0.0,0.0,0.0,12.8,9.25,19.25,3.5500000000000007,6.449999999999999,13.6,11.0,18.5,2.5999999999999996,4.9,7.6,4.0,16.0,3.5999999999999996,8.4,16.4,11.0,24.0,5.399999999999999,7.600000000000001,4.0,4.0,4.0,0.0,0.0,4.0,4.0,4.0,0.0,0.0,0.0,0.0,0.0,0.0,0.0,4.0,4.0,4.0,0.0,0.0
20,4,5,5,0,0.2,0.3,dense,True,20,20,20,4,5,5,1,Independent shard-aware composition diagnostic,validity_full_harmful_sequence_per_prompt,radius_derived,5,"0,10,20,30,40",1.0,1.0,1.0,0.0,0.0,0.0,0.0,0.0,0.0,0.0,12.8,9.25,19.25,3.5500000000000007,6.449999999999999,13.6,11.0,18.5,2.5999999999999996,4.9,7.6,4.0,16.0,3.5999999999999996,8.4,16.4,11.0,24.0,5.399999999999999,7.600000000000001,4.0,4.0,4.0,0.0,0.0,4.0,4.0,4.0,0.0,0.0,0.0,0.0,0.0,0.0,0.0,4.0,4.0,4.0,0.0,0.0
20,4,5,5,0,0.2,0.3,dense,True,20,20,20,4,5,5,2,Independent shard-aware composition diagnostic,validity_full_harmful_sequence_per_prompt,radius_derived,5,"0,10,20,30,40",1.0,1.0,1.0,0.0,0.0,0.0,0.0,0.0,0.0,0.0,12.8,9.25,19.25,3.5500000000000007,6.449999999999999,13.6,11.0,18.5,2.5999999999999996,4.9,7.6,4.0,16.0,3.5999999999999996,8.4,16.4,11.0,24.0,5.399999999999999,7.600000000000001,4.0,4.0,4.0,0.0,0.0,4.0,4.0,4.0,0.0,0.0,0.0,0.0,0.0,0.0,0.0,4.0,4.0,4.0,0.0,0.0
20,4,5,5,0,0.2,0.3,dense,True,20,20,20,4,5,5,3,Independent shard-aware composition diagnostic,validity_full_harmful_sequence_per_prompt,radius_derived,5,"0,10,20,30,40",1.0,1.0,1.0,0.0,0.0,0.0,0.0,0.0,0.0,0.0,12.8,9.25,19.25,3.5500000000000007,6.449999999999999,13.6,11.0,18.5,2.5999999999999996,4.9,7.6,4.0,16.0,3.5999999999999996,8.4,16.4,11.0,24.0,5.399999999999999,7.600000000000001,4.0,4.0,4.0,0.0,0.0,4.0,4.0,4.0,0.0,0.0,0.0,0.0,0.0,0.0,0.0,4.0,4.0,4.0,0.0,0.0
20,4,5,5,0,0.2,0.3,dense,True,20,20,20,4,5,5,4,Independent shard-aware composition diagnostic,validity_full_harmful_sequence_per_prompt,radius_derived,5,"0,10,20,30,40",0.9,0.75,1.0,0.15000000000000002,0.09999999999999998,0.1,0.0,0.25,0.1,0.15,12.8,9.25,19.25,3.5500000000000007,6.449999999999999,13.6,11.0,18.5,2.5999999999999996,4.9,7.6,4.0,16.0,3.5999999999999996,8.4,16.4,11.0,24.0,5.399999999999999,7.600000000000001,3.6,3.0,4.0,0.6000000000000001,0.3999999999999999,4.0,4.0,4.0,0.0,0.0,0.0,0.0,0.0,0.0,0.0,4.0,4.0,4.0,0.0,0.0
20,4,5,5,0,0.2,0.3,dense,True,20,20,20,4,5,5,5,Independent shard-aware composition diagnostic,validity_full_harmful_sequence_per_prompt,radius_derived,5,"0,10,20,30,40",0.9,0.75,1.0,0.15000000000000002,0.09999999999999998,0.1,0.0,0.25,0.1,0.15,12.8,9.25,19.25,3.5500000000000007,6.449999999999999,13.6,11.0,18.5,2.5999999999999996,4.9,7.6,4.0,16.0,3.5999999999999996,8.4,16.4,11.0,24.0,5.399999999999999,7.600000000000001,3.6,3.0,4.0,0.6000000000000001,0.3999999999999999,4.0,4.0,4.0,0.0,0.0,0.0,0.0,0.0,0.0,0.0,4.0,4.0,4.0,0.0,0.0
20,4,5,5,0,0.2,0.3,dense,True,20,20,20,4,5,5,6,Independent shard-aware composition diagnostic,validity_full_harmful_sequence_per_prompt,radius_derived,5,"0,10,20,30,40",0.85,0.75,1.0,0.09999999999999998,0.15000000000000002,0.15,0.0,0.25,0.15,0.1,12.8,9.25,19.25,3.5500000000000007,6.449999999999999,13.6,11.0,18.5,2.5999999999999996,4.9,7.6,4.0,16.0,3.5999999999999996,8.4,16.4,11.0,24.0,5.399999999999999,7.600000000000001,3.4,3.0,4.0,0.3999999999999999,0.6000000000000001,4.0,4.0,4.0,0.0,0.0,0.0,0.0,0.0,0.0,0.0,4.0,4.0,4.0,0.0,0.0
20,4,5,5,0,0.2,0.3,dense,True,20,20,20,4,5,5,7,Independent shard-aware composition diagnostic,validity_full_harmful_sequence_per_prompt,radius_derived,5,"0,10,20,30,40",0.85,0.75,1.0,0.09999999999999998,0.15000000000000002,0.15,0.0,0.25,0.15,0.1,12.8,9.25,19.25,3.5500000000000007,6.449999999999999,13.6,11.0,18.5,2.5999999999999996,4.9,7.6,4.0,16.0,3.5999999999999996,8.4,16.4,11.0,24.0,5.399999999999999,7.600000000000001,3.4,3.0,4.0,0.3999999999999999,0.6000000000000001,4.0,4.0,4.0,0.0,0.0,0.0,0.0,0.0,0.0,0.0,4.0,4.0,4.0,0.0,0.0
20,4,5,5,0,0.2,0.3,dense,True,20,20,20,4,5,5,8,Independent shard-aware composition diagnostic,validity_full_harmful_sequence_per_prompt,radius_derived,5,"0,10,20,30,40",0.8,0.75,1.0,0.050000000000000044,0.19999999999999996,0.2,0.0,0.25,0.2,0.04999999999999999,12.8,9.25,19.25,3.5500000000000007,6.449999999999999,13.6,11.0,18.5,2.5999999999999996,4.9,7.6,4.0,16.0,3.5999999999999996,8.4,16.4,11.0,24.0,5.399999999999999,7.600000000000001,3.2,3.0,4.0,0.20000000000000018,0.7999999999999998,4.0,4.0,4.0,0.0,0.0,0.0,0.0,0.0,0.0,0.0,4.0,4.0,4.0,0.0,0.0
20,4,5,5,0,0.2,0.3,dense,True,20,20,20,4,5,5,9,Independent shard-aware composition diagnostic,validity_full_harmful_sequence_per_prompt,radius_derived,5,"0,10,20,30,40",0.75,0.5,1.0,0.25,0.25,0.25,0.0,0.5,0.25,0.25,12.8,9.25,19.25,3.5500000000000007,6.449999999999999,13.6,11.0,18.5,2.5999999999999996,4.9,7.6,4.0,16.0,3.5999999999999996,8.4,16.4,11.0,24.0,5.399999999999999,7.600000000000001,3.0,2.0,4.0,1.0,1.0,4.0,4.0,4.0,0.0,0.0,0.0,0.0,0.0,0.0,0.0,4.0,4.0,4.0,0.0,0.0
20,4,5,5,0,0.2,0.3,dense,True,20,20,20,4,5,5,10,Independent shard-aware composition diagnostic,validity_full_harmful_sequence_per_prompt,radius_derived,5,"0,10,20,30,40",0.75,0.5,1.0,0.25,0.25,0.25,0.0,0.5,0.25,0.25,12.8,9.25,19.25,3.5500000000000007,6.449999999999999,13.6,11.0,18.5,2.5999999999999996,4.9,7.6,4.0,16.0,3.5999999999999996,8.4,16.4,11.0,24.0,5.399999999999999,7.600000000000001,3.0,2.0,4.0,1.0,1.0,4.0,4.0,4.0,0.0,0.0,0.0,0.0,0.0,0.0,0.0,4.0,4.0,4.0,0.0,0.0
20,4,5,5,0,0.2,0.3,dense,True,20,20,20,4,5,5,11,Independent shard-aware composition diagnostic,validity_full_harmful_sequence_per_prompt,radius_derived,5,"0,10,20,30,40",0.6,0.0,1.0,0.6,0.4,0.4,0.0,1.0,0.4,0.6,12.8,9.25,19.25,3.5500000000000007,6.449999999999999,13.6,11.0,18.5,2.5999999999999996,4.9,7.6,4.0,16.0,3.5999999999999996,8.4,16.4,11.0,24.0,5.399999999999999,7.600000000000001,2.4,0.0,4.0,2.4,1.6,4.0,4.0,4.0,0.0,0.0,0.0,0.0,0.0,0.0,0.0,4.0,4.0,4.0,0.0,0.0
20,4,5,5,0,0.2,0.3,dense,True,20,20,20,4,5,5,12,Independent shard-aware composition diagnostic,validity_full_harmful_sequence_per_prompt,radius_derived,5,"0,10,20,30,40",0.6,0.0,1.0,0.6,0.4,0.4,0.0,1.0,0.4,0.6,12.8,9.25,19.25,3.5500000000000007,6.449999999999999,13.6,11.0,18.5,2.5999999999999996,4.9,7.6,4.0,16.0,3.5999999999999996,8.4,16.4,11.0,24.0,5.399999999999999,7.600000000000001,2.4,0.0,4.0,2.4,1.6,4.0,4.0,4.0,0.0,0.0,0.0,0.0,0.0,0.0,0.0,4.0,4.0,4.0,0.0,0.0
20,4,5,5,0,0.2,0.3,dense,True,20,20,20,4,5,5,13,Independent shard-aware composition diagnostic,validity_full_harmful_sequence_per_prompt,radius_derived,5,"0,10,20,30,40",0.45,0.0,1.0,0.45,0.55,0.55,0.0,1.0,0.55,0.44999999999999996,12.8,9.25,19.25,3.5500000000000007,6.449999999999999,13.6,11.0,18.5,2.5999999999999996,4.9,7.6,4.0,16.0,3.5999999999999996,8.4,16.4,11.0,24.0,5.399999999999999,7.600000000000001,1.8,0.0,4.0,1.8,2.2,4.0,4.0,4.0,0.0,0.0,0.0,0.0,0.0,0.0,0.0,4.0,4.0,4.0,0.0,0.0
20,4,5,5,0,0.2,0.3,dense,True,20,20,20,4,5,5,14,Independent shard-aware composition diagnostic,validity_full_harmful_sequence_per_prompt,radius_derived,5,"0,10,20,30,40",0.4,0.0,1.0,0.4,0.6,0.6,0.0,1.0,0.6,0.4,12.8,9.25,19.25,3.5500000000000007,6.449999999999999,13.6,11.0,18.5,2.5999999999999996,4.9,7.6,4.0,16.0,3.5999999999999996,8.4,16.4,11.0,24.0,5.399999999999999,7.600000000000001,1.6,0.0,4.0,1.6,2.4,4.0,4.0,4.0,0.0,0.0,0.0,0.0,0.0,0.0,0.0,4.0,4.0,4.0,0.0,0.0
20,4,5,5,0,0.2,0.3,dense,True,20,20,20,4,5,5,15,Independent shard-aware composition diagnostic,validity_full_harmful_sequence_per_prompt,radius_derived,5,"0,10,20,30,40",0.3,0.0,1.0,0.3,0.7,0.7,0.0,1.0,0.7,0.30000000000000004,12.8,9.25,19.25,3.5500000000000007,6.449999999999999,13.6,11.0,18.5,2.5999999999999996,4.9,7.6,4.0,16.0,3.5999999999999996,8.4,16.4,11.0,24.0,5.399999999999999,7.600000000000001,1.2,0.0,4.0,1.2,2.8,4.0,4.0,4.0,0.0,0.0,0.0,0.0,0.0,0.0,0.0,4.0,4.0,4.0,0.0,0.0
20,4,5,5,0,0.2,0.3,dense,True,20,20,20,4,5,5,16,Independent shard-aware composition diagnostic,validity_full_harmful_sequence_per_prompt,radius_derived,5,"0,10,20,30,40",0.15,0.0,0.75,0.15,0.6,0.85,0.25,1.0,0.6,0.15000000000000002,12.8,9.25,19.25,3.5500000000000007,6.449999999999999,13.6,11.0,18.5,2.5999999999999996,4.9,7.6,4.0,16.0,3.5999999999999996,8.4,16.4,11.0,24.0,5.399999999999999,7.600000000000001,0.6,0.0,3.0,0.6,2.4,4.0,4.0,4.0,0.0,0.0,0.0,0.0,0.0,0.0,0.0,4.0,4.0,4.0,0.0,0.0
20,4,5,5,0,0.2,0.3,dense,True,20,20,20,4,5,5,17,Independent shard-aware composition diagnostic,validity_full_harmful_sequence_per_prompt,radius_derived,5,"0,10,20,30,40",0.1,0.0,0.5,0.1,0.4,0.9,0.5,1.0,0.4,0.09999999999999998,12.8,9.25,19.25,3.5500000000000007,6.449999999999999,13.6,11.0,18.5,2.5999999999999996,4.9,7.6,4.0,16.0,3.5999999999999996,8.4,16.4,11.0,24.0,5.399999999999999,7.600000000000001,0.4,0.0,2.0,0.4,1.6,4.0,4.0,4.0,0.0,0.0,0.0,0.0,0.0,0.0,0.0,4.0,4.0,4.0,0.0,0.0
20,4,5,5,0,0.2,0.3,dense,True,20,20,20,4,5,5,18,Independent shard-aware composition diagnostic,validity_full_harmful_sequence_per_prompt,radius_derived,5,"0,10,20,30,40",0.1,0.0,0.5,0.1,0.4,0.9,0.5,1.0,0.4,0.09999999999999998,12.8,9.25,19.25,3.5500000000000007,6.449999999999999,13.6,11.0,18.5,2.5999999999999996,4.9,7.6,4.0,16.0,3.5999999999999996,8.4,16.4,11.0,24.0,5.399999999999999,7.600000000000001,0.4,0.0,2.0,0.4,1.6,4.0,4.0,4.0,0.0,0.0,0.0,0.0,0.0,0.0,0.0,4.0,4.0,4.0,0.0,0.0
20,4,5,5,0,0.2,0.3,dense,True,20,20,20,4,5,5,19,Independent shard-aware composition diagnostic,validity_full_harmful_sequence_per_prompt,radius_derived,5,"0,10,20,30,40",0.1,0.0,0.5,0.1,0.4,0.9,0.5,1.0,0.4,0.09999999999999998,12.8,9.25,19.25,3.5500000000000007,6.449999999999999,13.6,11.0,18.5,2.5999999999999996,4.9,7.6,4.0,16.0,3.5999999999999996,8.4,16.4,11.0,24.0,5.399999999999999,7.600000000000001,0.4,0.0,2.0,0.4,1.6,4.0,4.0,4.0,0.0,0.0,0.0,0.0,0.0,0.0,0.0,4.0,4.0,4.0,0.0,0.0
20,4,5,5,0,0.2,0.3,dense,True,20,20,20,4,5,5,20,Independent shard-aware composition diagnostic,validity_full_harmful_sequence_per_prompt,radius_derived,5,"0,10,20,30,40",0.05,0.0,0.25,0.05,0.2,0.95,0.75,1.0,0.19999999999999996,0.050000000000000044,12.8,9.25,19.25,3.5500000000000007,6.449999999999999,13.6,11.0,18.5,2.5999999999999996,4.9,7.6,4.0,16.0,3.5999999999999996,8.4,16.4,11.0,24.0,5.399999999999999,7.600000000000001,0.2,0.0,1.0,0.2,0.8,4.0,4.0,4.0,0.0,0.0,0.0,0.0,0.0,0.0,0.0,4.0,4.0,4.0,0.0,0.0
20,4,5,5,0.1,0.2,0.3,dense,True,20,20,20,4,5,5,0,DPA token margin,full_response_stable_against_any_token_change,radius_derived,5,"0,10,20,30,40",1.0,1.0,1.0,0.0,0.0,0.0,0.0,0.0,0.0,0.0,7.5,7.25,8.0,0.25,0.5,7.6,7.0,8.0,0.5999999999999996,0.40000000000000036,6.6,6.0,7.0,0.5999999999999996,0.40000000000000036,8.2,8.0,9.0,0.1999999999999993,0.8000000000000007,4.0,4.0,4.0,0.0,0.0,4.0,4.0,4.0,0.0,0.0,0.0,0.0,0.0,0.0,0.0,4.0,4.0,4.0,0.0,0.0
20,4,5,5,0.1,0.2,0.3,dense,True,20,20,20,4,5,5,1,DPA token margin,full_response_stable_against_any_token_change,radius_derived,5,"0,10,20,30,40",1.0,1.0,1.0,0.0,0.0,0.0,0.0,0.0,0.0,0.0,7.5,7.25,8.0,0.25,0.5,7.6,7.0,8.0,0.5999999999999996,0.40000000000000036,6.6,6.0,7.0,0.5999999999999996,0.40000000000000036,8.2,8.0,9.0,0.1999999999999993,0.8000000000000007,4.0,4.0,4.0,0.0,0.0,4.0,4.0,4.0,0.0,0.0,0.0,0.0,0.0,0.0,0.0,4.0,4.0,4.0,0.0,0.0
20,4,5,5,0.1,0.2,0.3,dense,True,20,20,20,4,5,5,2,DPA token margin,full_response_stable_against_any_token_change,radius_derived,5,"0,10,20,30,40",1.0,1.0,1.0,0.0,0.0,0.0,0.0,0.0,0.0,0.0,7.5,7.25,8.0,0.25,0.5,7.6,7.0,8.0,0.5999999999999996,0.40000000000000036,6.6,6.0,7.0,0.5999999999999996,0.40000000000000036,8.2,8.0,9.0,0.1999999999999993,0.8000000000000007,4.0,4.0,4.0,0.0,0.0,4.0,4.0,4.0,0.0,0.0,0.0,0.0,0.0,0.0,0.0,4.0,4.0,4.0,0.0,0.0
20,4,5,5,0.1,0.2,0.3,dense,True,20,20,20,4,5,5,3,DPA token margin,full_response_stable_against_any_token_change,radius_derived,5,"0,10,20,30,40",1.0,1.0,1.0,0.0,0.0,0.0,0.0,0.0,0.0,0.0,7.5,7.25,8.0,0.25,0.5,7.6,7.0,8.0,0.5999999999999996,0.40000000000000036,6.6,6.0,7.0,0.5999999999999996,0.40000000000000036,8.2,8.0,9.0,0.1999999999999993,0.8000000000000007,4.0,4.0,4.0,0.0,0.0,4.0,4.0,4.0,0.0,0.0,0.0,0.0,0.0,0.0,0.0,4.0,4.0,4.0,0.0,0.0
20,4,5,5,0.1,0.2,0.3,dense,True,20,20,20,4,5,5,4,DPA token margin,full_response_stable_against_any_token_change,radius_derived,5,"0,10,20,30,40",1.0,1.0,1.0,0.0,0.0,0.0,0.0,0.0,0.0,0.0,7.5,7.25,8.0,0.25,0.5,7.6,7.0,8.0,0.5999999999999996,0.40000000000000036,6.6,6.0,7.0,0.5999999999999996,0.40000000000000036,8.2,8.0,9.0,0.1999999999999993,0.8000000000000007,4.0,4.0,4.0,0.0,0.0,4.0,4.0,4.0,0.0,0.0,0.0,0.0,0.0,0.0,0.0,4.0,4.0,4.0,0.0,0.0
20,4,5,5,0.1,0.2,0.3,dense,True,20,20,20,4,5,5,5,DPA token margin,full_response_stable_against_any_token_change,radius_derived,5,"0,10,20,30,40",1.0,1.0,1.0,0.0,0.0,0.0,0.0,0.0,0.0,0.0,7.5,7.25,8.0,0.25,0.5,7.6,7.0,8.0,0.5999999999999996,0.40000000000000036,6.6,6.0,7.0,0.5999999999999996,0.40000000000000036,8.2,8.0,9.0,0.1999999999999993,0.8000000000000007,4.0,4.0,4.0,0.0,0.0,4.0,4.0,4.0,0.0,0.0,0.0,0.0,0.0,0.0,0.0,4.0,4.0,4.0,0.0,0.0
20,4,5,5,0.1,0.2,0.3,dense,True,20,20,20,4,5,5,6,DPA token margin,full_response_stable_against_any_token_change,radius_derived,5,"0,10,20,30,40",0.9,0.75,1.0,0.15000000000000002,0.09999999999999998,0.1,0.0,0.25,0.1,0.15,7.5,7.25,8.0,0.25,0.5,7.6,7.0,8.0,0.5999999999999996,0.40000000000000036,6.6,6.0,7.0,0.5999999999999996,0.40000000000000036,8.2,8.0,9.0,0.1999999999999993,0.8000000000000007,3.6,3.0,4.0,0.6000000000000001,0.3999999999999999,4.0,4.0,4.0,0.0,0.0,0.0,0.0,0.0,0.0,0.0,4.0,4.0,4.0,0.0,0.0
20,4,5,5,0.1,0.2,0.3,dense,True,20,20,20,4,5,5,7,DPA token margin,full_response_stable_against_any_token_change,radius_derived,5,"0,10,20,30,40",0.55,0.25,0.75,0.30000000000000004,0.19999999999999996,0.45,0.25,0.75,0.2,0.3,7.5,7.25,8.0,0.25,0.5,7.6,7.0,8.0,0.5999999999999996,0.40000000000000036,6.6,6.0,7.0,0.5999999999999996,0.40000000000000036,8.2,8.0,9.0,0.1999999999999993,0.8000000000000007,2.2,1.0,3.0,1.2000000000000002,0.7999999999999998,4.0,4.0,4.0,0.0,0.0,0.0,0.0,0.0,0.0,0.0,4.0,4.0,4.0,0.0,0.0
20,4,5,5,0.1,0.2,0.3,dense,True,20,20,20,4,5,5,8,DPA token margin,full_response_stable_against_any_token_change,radius_derived,5,"0,10,20,30,40",0.05,0.0,0.25,0.05,0.2,0.95,0.75,1.0,0.19999999999999996,0.050000000000000044,7.5,7.25,8.0,0.25,0.5,7.6,7.0,8.0,0.5999999999999996,0.40000000000000036,6.6,6.0,7.0,0.5999999999999996,0.40000000000000036,8.2,8.0,9.0,0.1999999999999993,0.8000000000000007,0.2,0.0,1.0,0.2,0.8,4.0,4.0,4.0,0.0,0.0,0.0,0.0,0.0,0.0,0.0,4.0,4.0,4.0,0.0,0.0
20,4,5,5,0.1,0.2,0.3,dense,True,20,20,20,4,5,5,9,DPA token margin,full_response_stable_against_any_token_change,radius_derived,5,"0,10,20,30,40",0.0,0.0,0.0,0.0,0.0,1.0,1.0,1.0,0.0,0.0,7.5,7.25,8.0,0.25,0.5,7.6,7.0,8.0,0.5999999999999996,0.40000000000000036,6.6,6.0,7.0,0.5999999999999996,0.40000000000000036,8.2,8.0,9.0,0.1999999999999993,0.8000000000000007,0.0,0.0,0.0,0.0,0.0,4.0,4.0,4.0,0.0,0.0,0.0,0.0,0.0,0.0,0.0,4.0,4.0,4.0,0.0,0.0
20,4,5,5,0.1,0.2,0.3,dense,True,20,20,20,4,5,5,10,DPA token margin,full_response_stable_against_any_token_change,radius_derived,5,"0,10,20,30,40",0.0,0.0,0.0,0.0,0.0,1.0,1.0,1.0,0.0,0.0,7.5,7.25,8.0,0.25,0.5,7.6,7.0,8.0,0.5999999999999996,0.40000000000000036,6.6,6.0,7.0,0.5999999999999996,0.40000000000000036,8.2,8.0,9.0,0.1999999999999993,0.8000000000000007,0.0,0.0,0.0,0.0,0.0,4.0,4.0,4.0,0.0,0.0,0.0,0.0,0.0,0.0,0.0,4.0,4.0,4.0,0.0,0.0
20,4,5,5,0.1,0.2,0.3,dense,True,20,20,20,4,5,5,11,DPA token margin,full_response_stable_against_any_token_change,radius_derived,5,"0,10,20,30,40",0.0,0.0,0.0,0.0,0.0,1.0,1.0,1.0,0.0,0.0,7.5,7.25,8.0,0.25,0.5,7.6,7.0,8.0,0.5999999999999996,0.40000000000000036,6.6,6.0,7.0,0.5999999999999996,0.40000000000000036,8.2,8.0,9.0,0.1999999999999993,0.8000000000000007,0.0,0.0,0.0,0.0,0.0,4.0,4.0,4.0,0.0,0.0,0.0,0.0,0.0,0.0,0.0,4.0,4.0,4.0,0.0,0.0
20,4,5,5,0.1,0.2,0.3,dense,True,20,20,20,4,5,5,12,DPA token margin,full_response_stable_against_any_token_change,radius_derived,5,"0,10,20,30,40",0.0,0.0,0.0,0.0,0.0,1.0,1.0,1.0,0.0,0.0,7.5,7.25,8.0,0.25,0.5,7.6,7.0,8.0,0.5999999999999996,0.40000000000000036,6.6,6.0,7.0,0.5999999999999996,0.40000000000000036,8.2,8.0,9.0,0.1999999999999993,0.8000000000000007,0.0,0.0,0.0,0.0,0.0,4.0,4.0,4.0,0.0,0.0,0.0,0.0,0.0,0.0,0.0,4.0,4.0,4.0,0.0,0.0
20,4,5,5,0.1,0.2,0.3,dense,True,20,20,20,4,5,5,13,DPA token margin,full_response_stable_against_any_token_change,radius_derived,5,"0,10,20,30,40",0.0,0.0,0.0,0.0,0.0,1.0,1.0,1.0,0.0,0.0,7.5,7.25,8.0,0.25,0.5,7.6,7.0,8.0,0.5999999999999996,0.40000000000000036,6.6,6.0,7.0,0.5999999999999996,0.40000000000000036,8.2,8.0,9.0,0.1999999999999993,0.8000000000000007,0.0,0.0,0.0,0.0,0.0,4.0,4.0,4.0,0.0,0.0,0.0,0.0,0.0,0.0,0.0,4.0,4.0,4.0,0.0,0.0
20,4,5,5,0.1,0.2,0.3,dense,True,20,20,20,4,5,5,14,DPA token margin,full_response_stable_against_any_token_change,radius_derived,5,"0,10,20,30,40",0.0,0.0,0.0,0.0,0.0,1.0,1.0,1.0,0.0,0.0,7.5,7.25,8.0,0.25,0.5,7.6,7.0,8.0,0.5999999999999996,0.40000000000000036,6.6,6.0,7.0,0.5999999999999996,0.40000000000000036,8.2,8.0,9.0,0.1999999999999993,0.8000000000000007,0.0,0.0,0.0,0.0,0.0,4.0,4.0,4.0,0.0,0.0,0.0,0.0,0.0,0.0,0.0,4.0,4.0,4.0,0.0,0.0
20,4,5,5,0.1,0.2,0.3,dense,True,20,20,20,4,5,5,15,DPA token margin,full_response_stable_against_any_token_change,radius_derived,5,"0,10,20,30,40",0.0,0.0,0.0,0.0,0.0,1.0,1.0,1.0,0.0,0.0,7.5,7.25,8.0,0.25,0.5,7.6,7.0,8.0,0.5999999999999996,0.40000000000000036,6.6,6.0,7.0,0.5999999999999996,0.40000000000000036,8.2,8.0,9.0,0.1999999999999993,0.8000000000000007,0.0,0.0,0.0,0.0,0.0,4.0,4.0,4.0,0.0,0.0,0.0,0.0,0.0,0.0,0.0,4.0,4.0,4.0,0.0,0.0
20,4,5,5,0.1,0.2,0.3,dense,True,20,20,20,4,5,5,16,DPA token margin,full_response_stable_against_any_token_change,radius_derived,5,"0,10,20,30,40",0.0,0.0,0.0,0.0,0.0,1.0,1.0,1.0,0.0,0.0,7.5,7.25,8.0,0.25,0.5,7.6,7.0,8.0,0.5999999999999996,0.40000000000000036,6.6,6.0,7.0,0.5999999999999996,0.40000000000000036,8.2,8.0,9.0,0.1999999999999993,0.8000000000000007,0.0,0.0,0.0,0.0,0.0,4.0,4.0,4.0,0.0,0.0,0.0,0.0,0.0,0.0,0.0,4.0,4.0,4.0,0.0,0.0
20,4,5,5,0.1,0.2,0.3,dense,True,20,20,20,4,5,5,17,DPA token margin,full_response_stable_against_any_token_change,radius_derived,5,"0,10,20,30,40",0.0,0.0,0.0,0.0,0.0,1.0,1.0,1.0,0.0,0.0,7.5,7.25,8.0,0.25,0.5,7.6,7.0,8.0,0.5999999999999996,0.40000000000000036,6.6,6.0,7.0,0.5999999999999996,0.40000000000000036,8.2,8.0,9.0,0.1999999999999993,0.8000000000000007,0.0,0.0,0.0,0.0,0.0,4.0,4.0,4.0,0.0,0.0,0.0,0.0,0.0,0.0,0.0,4.0,4.0,4.0,0.0,0.0
20,4,5,5,0.1,0.2,0.3,dense,True,20,20,20,4,5,5,18,DPA token margin,full_response_stable_against_any_token_change,radius_derived,5,"0,10,20,30,40",0.0,0.0,0.0,0.0,0.0,1.0,1.0,1.0,0.0,0.0,7.5,7.25,8.0,0.25,0.5,7.6,7.0,8.0,0.5999999999999996,0.40000000000000036,6.6,6.0,7.0,0.5999999999999996,0.40000000000000036,8.2,8.0,9.0,0.1999999999999993,0.8000000000000007,0.0,0.0,0.0,0.0,0.0,4.0,4.0,4.0,0.0,0.0,0.0,0.0,0.0,0.0,0.0,4.0,4.0,4.0,0.0,0.0
20,4,5,5,0.1,0.2,0.3,dense,True,20,20,20,4,5,5,19,DPA token margin,full_response_stable_against_any_token_change,radius_derived,5,"0,10,20,30,40",0.0,0.0,0.0,0.0,0.0,1.0,1.0,1.0,0.0,0.0,7.5,7.25,8.0,0.25,0.5,7.6,7.0,8.0,0.5999999999999996,0.40000000000000036,6.6,6.0,7.0,0.5999999999999996,0.40000000000000036,8.2,8.0,9.0,0.1999999999999993,0.8000000000000007,0.0,0.0,0.0,0.0,0.0,4.0,4.0,4.0,0.0,0.0,0.0,0.0,0.0,0.0,0.0,4.0,4.0,4.0,0.0,0.0
20,4,5,5,0.1,0.2,0.3,dense,True,20,20,20,4,5,5,20,DPA token margin,full_response_stable_against_any_token_change,radius_derived,5,"0,10,20,30,40",0.0,0.0,0.0,0.0,0.0,1.0,1.0,1.0,0.0,0.0,7.5,7.25,8.0,0.25,0.5,7.6,7.0,8.0,0.5999999999999996,0.40000000000000036,6.6,6.0,7.0,0.5999999999999996,0.40000000000000036,8.2,8.0,9.0,0.1999999999999993,0.8000000000000007,0.0,0.0,0.0,0.0,0.0,4.0,4.0,4.0,0.0,0.0,0.0,0.0,0.0,0.0,0.0,4.0,4.0,4.0,0.0,0.0
20,4,5,5,0.1,0.2,0.3,dense,True,20,20,20,4,5,5,0,Shared MILP,stability_one_token_per_prompt,radius_derived,5,"0,10,20,30,40",1.0,1.0,1.0,0.0,0.0,0.0,0.0,0.0,0.0,0.0,7.5,7.25,8.0,0.25,0.5,7.6,7.0,8.0,0.5999999999999996,0.40000000000000036,6.6,6.0,7.0,0.5999999999999996,0.40000000000000036,8.2,8.0,9.0,0.1999999999999993,0.8000000000000007,4.0,4.0,4.0,0.0,0.0,4.0,4.0,4.0,0.0,0.0,0.0,0.0,0.0,0.0,0.0,4.0,4.0,4.0,0.0,0.0
20,4,5,5,0.1,0.2,0.3,dense,True,20,20,20,4,5,5,1,Shared MILP,stability_one_token_per_prompt,radius_derived,5,"0,10,20,30,40",1.0,1.0,1.0,0.0,0.0,0.0,0.0,0.0,0.0,0.0,7.5,7.25,8.0,0.25,0.5,7.6,7.0,8.0,0.5999999999999996,0.40000000000000036,6.6,6.0,7.0,0.5999999999999996,0.40000000000000036,8.2,8.0,9.0,0.1999999999999993,0.8000000000000007,4.0,4.0,4.0,0.0,0.0,4.0,4.0,4.0,0.0,0.0,0.0,0.0,0.0,0.0,0.0,4.0,4.0,4.0,0.0,0.0
20,4,5,5,0.1,0.2,0.3,dense,True,20,20,20,4,5,5,2,Shared MILP,stability_one_token_per_prompt,radius_derived,5,"0,10,20,30,40",1.0,1.0,1.0,0.0,0.0,0.0,0.0,0.0,0.0,0.0,7.5,7.25,8.0,0.25,0.5,7.6,7.0,8.0,0.5999999999999996,0.40000000000000036,6.6,6.0,7.0,0.5999999999999996,0.40000000000000036,8.2,8.0,9.0,0.1999999999999993,0.8000000000000007,4.0,4.0,4.0,0.0,0.0,4.0,4.0,4.0,0.0,0.0,0.0,0.0,0.0,0.0,0.0,4.0,4.0,4.0,0.0,0.0
20,4,5,5,0.1,0.2,0.3,dense,True,20,20,20,4,5,5,3,Shared MILP,stability_one_token_per_prompt,radius_derived,5,"0,10,20,30,40",1.0,1.0,1.0,0.0,0.0,0.0,0.0,0.0,0.0,0.0,7.5,7.25,8.0,0.25,0.5,7.6,7.0,8.0,0.5999999999999996,0.40000000000000036,6.6,6.0,7.0,0.5999999999999996,0.40000000000000036,8.2,8.0,9.0,0.1999999999999993,0.8000000000000007,4.0,4.0,4.0,0.0,0.0,4.0,4.0,4.0,0.0,0.0,0.0,0.0,0.0,0.0,0.0,4.0,4.0,4.0,0.0,0.0
20,4,5,5,0.1,0.2,0.3,dense,True,20,20,20,4,5,5,4,Shared MILP,stability_one_token_per_prompt,radius_derived,5,"0,10,20,30,40",1.0,1.0,1.0,0.0,0.0,0.0,0.0,0.0,0.0,0.0,7.5,7.25,8.0,0.25,0.5,7.6,7.0,8.0,0.5999999999999996,0.40000000000000036,6.6,6.0,7.0,0.5999999999999996,0.40000000000000036,8.2,8.0,9.0,0.1999999999999993,0.8000000000000007,4.0,4.0,4.0,0.0,0.0,4.0,4.0,4.0,0.0,0.0,0.0,0.0,0.0,0.0,0.0,4.0,4.0,4.0,0.0,0.0
20,4,5,5,0.1,0.2,0.3,dense,True,20,20,20,4,5,5,5,Shared MILP,stability_one_token_per_prompt,radius_derived,5,"0,10,20,30,40",1.0,1.0,1.0,0.0,0.0,0.0,0.0,0.0,0.0,0.0,7.5,7.25,8.0,0.25,0.5,7.6,7.0,8.0,0.5999999999999996,0.40000000000000036,6.6,6.0,7.0,0.5999999999999996,0.40000000000000036,8.2,8.0,9.0,0.1999999999999993,0.8000000000000007,4.0,4.0,4.0,0.0,0.0,4.0,4.0,4.0,0.0,0.0,0.0,0.0,0.0,0.0,0.0,4.0,4.0,4.0,0.0,0.0
20,4,5,5,0.1,0.2,0.3,dense,True,20,20,20,4,5,5,6,Shared MILP,stability_one_token_per_prompt,radius_derived,5,"0,10,20,30,40",0.9,0.75,1.0,0.15000000000000002,0.09999999999999998,0.1,0.0,0.25,0.1,0.15,7.5,7.25,8.0,0.25,0.5,7.6,7.0,8.0,0.5999999999999996,0.40000000000000036,6.6,6.0,7.0,0.5999999999999996,0.40000000000000036,8.2,8.0,9.0,0.1999999999999993,0.8000000000000007,3.6,3.0,4.0,0.6000000000000001,0.3999999999999999,4.0,4.0,4.0,0.0,0.0,0.0,0.0,0.0,0.0,0.0,4.0,4.0,4.0,0.0,0.0
20,4,5,5,0.1,0.2,0.3,dense,True,20,20,20,4,5,5,7,Shared MILP,stability_one_token_per_prompt,radius_derived,5,"0,10,20,30,40",0.55,0.25,0.75,0.30000000000000004,0.19999999999999996,0.45,0.25,0.75,0.2,0.3,7.5,7.25,8.0,0.25,0.5,7.6,7.0,8.0,0.5999999999999996,0.40000000000000036,6.6,6.0,7.0,0.5999999999999996,0.40000000000000036,8.2,8.0,9.0,0.1999999999999993,0.8000000000000007,2.2,1.0,3.0,1.2000000000000002,0.7999999999999998,4.0,4.0,4.0,0.0,0.0,0.0,0.0,0.0,0.0,0.0,4.0,4.0,4.0,0.0,0.0
20,4,5,5,0.1,0.2,0.3,dense,True,20,20,20,4,5,5,8,Shared MILP,stability_one_token_per_prompt,radius_derived,5,"0,10,20,30,40",0.05,0.0,0.25,0.05,0.2,0.95,0.75,1.0,0.19999999999999996,0.050000000000000044,7.5,7.25,8.0,0.25,0.5,7.6,7.0,8.0,0.5999999999999996,0.40000000000000036,6.6,6.0,7.0,0.5999999999999996,0.40000000000000036,8.2,8.0,9.0,0.1999999999999993,0.8000000000000007,0.2,0.0,1.0,0.2,0.8,4.0,4.0,4.0,0.0,0.0,0.0,0.0,0.0,0.0,0.0,4.0,4.0,4.0,0.0,0.0
20,4,5,5,0.1,0.2,0.3,dense,True,20,20,20,4,5,5,9,Shared MILP,stability_one_token_per_prompt,radius_derived,5,"0,10,20,30,40",0.0,0.0,0.0,0.0,0.0,1.0,1.0,1.0,0.0,0.0,7.5,7.25,8.0,0.25,0.5,7.6,7.0,8.0,0.5999999999999996,0.40000000000000036,6.6,6.0,7.0,0.5999999999999996,0.40000000000000036,8.2,8.0,9.0,0.1999999999999993,0.8000000000000007,0.0,0.0,0.0,0.0,0.0,4.0,4.0,4.0,0.0,0.0,0.0,0.0,0.0,0.0,0.0,4.0,4.0,4.0,0.0,0.0
20,4,5,5,0.1,0.2,0.3,dense,True,20,20,20,4,5,5,10,Shared MILP,stability_one_token_per_prompt,radius_derived,5,"0,10,20,30,40",0.0,0.0,0.0,0.0,0.0,1.0,1.0,1.0,0.0,0.0,7.5,7.25,8.0,0.25,0.5,7.6,7.0,8.0,0.5999999999999996,0.40000000000000036,6.6,6.0,7.0,0.5999999999999996,0.40000000000000036,8.2,8.0,9.0,0.1999999999999993,0.8000000000000007,0.0,0.0,0.0,0.0,0.0,4.0,4.0,4.0,0.0,0.0,0.0,0.0,0.0,0.0,0.0,4.0,4.0,4.0,0.0,0.0
20,4,5,5,0.1,0.2,0.3,dense,True,20,20,20,4,5,5,11,Shared MILP,stability_one_token_per_prompt,radius_derived,5,"0,10,20,30,40",0.0,0.0,0.0,0.0,0.0,1.0,1.0,1.0,0.0,0.0,7.5,7.25,8.0,0.25,0.5,7.6,7.0,8.0,0.5999999999999996,0.40000000000000036,6.6,6.0,7.0,0.5999999999999996,0.40000000000000036,8.2,8.0,9.0,0.1999999999999993,0.8000000000000007,0.0,0.0,0.0,0.0,0.0,4.0,4.0,4.0,0.0,0.0,0.0,0.0,0.0,0.0,0.0,4.0,4.0,4.0,0.0,0.0
20,4,5,5,0.1,0.2,0.3,dense,True,20,20,20,4,5,5,12,Shared MILP,stability_one_token_per_prompt,radius_derived,5,"0,10,20,30,40",0.0,0.0,0.0,0.0,0.0,1.0,1.0,1.0,0.0,0.0,7.5,7.25,8.0,0.25,0.5,7.6,7.0,8.0,0.5999999999999996,0.40000000000000036,6.6,6.0,7.0,0.5999999999999996,0.40000000000000036,8.2,8.0,9.0,0.1999999999999993,0.8000000000000007,0.0,0.0,0.0,0.0,0.0,4.0,4.0,4.0,0.0,0.0,0.0,0.0,0.0,0.0,0.0,4.0,4.0,4.0,0.0,0.0
20,4,5,5,0.1,0.2,0.3,dense,True,20,20,20,4,5,5,13,Shared MILP,stability_one_token_per_prompt,radius_derived,5,"0,10,20,30,40",0.0,0.0,0.0,0.0,0.0,1.0,1.0,1.0,0.0,0.0,7.5,7.25,8.0,0.25,0.5,7.6,7.0,8.0,0.5999999999999996,0.40000000000000036,6.6,6.0,7.0,0.5999999999999996,0.40000000000000036,8.2,8.0,9.0,0.1999999999999993,0.8000000000000007,0.0,0.0,0.0,0.0,0.0,4.0,4.0,4.0,0.0,0.0,0.0,0.0,0.0,0.0,0.0,4.0,4.0,4.0,0.0,0.0
20,4,5,5,0.1,0.2,0.3,dense,True,20,20,20,4,5,5,14,Shared MILP,stability_one_token_per_prompt,radius_derived,5,"0,10,20,30,40",0.0,0.0,0.0,0.0,0.0,1.0,1.0,1.0,0.0,0.0,7.5,7.25,8.0,0.25,0.5,7.6,7.0,8.0,0.5999999999999996,0.40000000000000036,6.6,6.0,7.0,0.5999999999999996,0.40000000000000036,8.2,8.0,9.0,0.1999999999999993,0.8000000000000007,0.0,0.0,0.0,0.0,0.0,4.0,4.0,4.0,0.0,0.0,0.0,0.0,0.0,0.0,0.0,4.0,4.0,4.0,0.0,0.0
20,4,5,5,0.1,0.2,0.3,dense,True,20,20,20,4,5,5,15,Shared MILP,stability_one_token_per_prompt,radius_derived,5,"0,10,20,30,40",0.0,0.0,0.0,0.0,0.0,1.0,1.0,1.0,0.0,0.0,7.5,7.25,8.0,0.25,0.5,7.6,7.0,8.0,0.5999999999999996,0.40000000000000036,6.6,6.0,7.0,0.5999999999999996,0.40000000000000036,8.2,8.0,9.0,0.1999999999999993,0.8000000000000007,0.0,0.0,0.0,0.0,0.0,4.0,4.0,4.0,0.0,0.0,0.0,0.0,0.0,0.0,0.0,4.0,4.0,4.0,0.0,0.0
20,4,5,5,0.1,0.2,0.3,dense,True,20,20,20,4,5,5,16,Shared MILP,stability_one_token_per_prompt,radius_derived,5,"0,10,20,30,40",0.0,0.0,0.0,0.0,0.0,1.0,1.0,1.0,0.0,0.0,7.5,7.25,8.0,0.25,0.5,7.6,7.0,8.0,0.5999999999999996,0.40000000000000036,6.6,6.0,7.0,0.5999999999999996,0.40000000000000036,8.2,8.0,9.0,0.1999999999999993,0.8000000000000007,0.0,0.0,0.0,0.0,0.0,4.0,4.0,4.0,0.0,0.0,0.0,0.0,0.0,0.0,0.0,4.0,4.0,4.0,0.0,0.0
20,4,5,5,0.1,0.2,0.3,dense,True,20,20,20,4,5,5,17,Shared MILP,stability_one_token_per_prompt,radius_derived,5,"0,10,20,30,40",0.0,0.0,0.0,0.0,0.0,1.0,1.0,1.0,0.0,0.0,7.5,7.25,8.0,0.25,0.5,7.6,7.0,8.0,0.5999999999999996,0.40000000000000036,6.6,6.0,7.0,0.5999999999999996,0.40000000000000036,8.2,8.0,9.0,0.1999999999999993,0.8000000000000007,0.0,0.0,0.0,0.0,0.0,4.0,4.0,4.0,0.0,0.0,0.0,0.0,0.0,0.0,0.0,4.0,4.0,4.0,0.0,0.0
20,4,5,5,0.1,0.2,0.3,dense,True,20,20,20,4,5,5,18,Shared MILP,stability_one_token_per_prompt,radius_derived,5,"0,10,20,30,40",0.0,0.0,0.0,0.0,0.0,1.0,1.0,1.0,0.0,0.0,7.5,7.25,8.0,0.25,0.5,7.6,7.0,8.0,0.5999999999999996,0.40000000000000036,6.6,6.0,7.0,0.5999999999999996,0.40000000000000036,8.2,8.0,9.0,0.1999999999999993,0.8000000000000007,0.0,0.0,0.0,0.0,0.0,4.0,4.0,4.0,0.0,0.0,0.0,0.0,0.0,0.0,0.0,4.0,4.0,4.0,0.0,0.0
20,4,5,5,0.1,0.2,0.3,dense,True,20,20,20,4,5,5,19,Shared MILP,stability_one_token_per_prompt,radius_derived,5,"0,10,20,30,40",0.0,0.0,0.0,0.0,0.0,1.0,1.0,1.0,0.0,0.0,7.5,7.25,8.0,0.25,0.5,7.6,7.0,8.0,0.5999999999999996,0.40000000000000036,6.6,6.0,7.0,0.5999999999999996,0.40000000000000036,8.2,8.0,9.0,0.1999999999999993,0.8000000000000007,0.0,0.0,0.0,0.0,0.0,4.0,4.0,4.0,0.0,0.0,0.0,0.0,0.0,0.0,0.0,4.0,4.0,4.0,0.0,0.0
20,4,5,5,0.1,0.2,0.3,dense,True,20,20,20,4,5,5,20,Shared MILP,stability_one_token_per_prompt,radius_derived,5,"0,10,20,30,40",0.0,0.0,0.0,0.0,0.0,1.0,1.0,1.0,0.0,0.0,7.5,7.25,8.0,0.25,0.5,7.6,7.0,8.0,0.5999999999999996,0.40000000000000036,6.6,6.0,7.0,0.5999999999999996,0.40000000000000036,8.2,8.0,9.0,0.1999999999999993,0.8000000000000007,0.0,0.0,0.0,0.0,0.0,4.0,4.0,4.0,0.0,0.0,0.0,0.0,0.0,0.0,0.0,4.0,4.0,4.0,0.0,0.0
20,4,5,5,0.1,0.2,0.3,dense,True,20,20,20,4,5,5,0,Shared MILP,stability_full_sequence_per_prompt,radius_derived,5,"0,10,20,30,40",1.0,1.0,1.0,0.0,0.0,0.0,0.0,0.0,0.0,0.0,9.35,9.0,9.75,0.34999999999999964,0.40000000000000036,9.3,9.0,10.0,0.3000000000000007,0.6999999999999993,9.0,9.0,9.0,0.0,0.0,9.8,9.0,10.0,0.8000000000000007,0.1999999999999993,4.0,4.0,4.0,0.0,0.0,4.0,4.0,4.0,0.0,0.0,0.0,0.0,0.0,0.0,0.0,4.0,4.0,4.0,0.0,0.0
20,4,5,5,0.1,0.2,0.3,dense,True,20,20,20,4,5,5,1,Shared MILP,stability_full_sequence_per_prompt,radius_derived,5,"0,10,20,30,40",1.0,1.0,1.0,0.0,0.0,0.0,0.0,0.0,0.0,0.0,9.35,9.0,9.75,0.34999999999999964,0.40000000000000036,9.3,9.0,10.0,0.3000000000000007,0.6999999999999993,9.0,9.0,9.0,0.0,0.0,9.8,9.0,10.0,0.8000000000000007,0.1999999999999993,4.0,4.0,4.0,0.0,0.0,4.0,4.0,4.0,0.0,0.0,0.0,0.0,0.0,0.0,0.0,4.0,4.0,4.0,0.0,0.0
20,4,5,5,0.1,0.2,0.3,dense,True,20,20,20,4,5,5,2,Shared MILP,stability_full_sequence_per_prompt,radius_derived,5,"0,10,20,30,40",1.0,1.0,1.0,0.0,0.0,0.0,0.0,0.0,0.0,0.0,9.35,9.0,9.75,0.34999999999999964,0.40000000000000036,9.3,9.0,10.0,0.3000000000000007,0.6999999999999993,9.0,9.0,9.0,0.0,0.0,9.8,9.0,10.0,0.8000000000000007,0.1999999999999993,4.0,4.0,4.0,0.0,0.0,4.0,4.0,4.0,0.0,0.0,0.0,0.0,0.0,0.0,0.0,4.0,4.0,4.0,0.0,0.0
20,4,5,5,0.1,0.2,0.3,dense,True,20,20,20,4,5,5,3,Shared MILP,stability_full_sequence_per_prompt,radius_derived,5,"0,10,20,30,40",1.0,1.0,1.0,0.0,0.0,0.0,0.0,0.0,0.0,0.0,9.35,9.0,9.75,0.34999999999999964,0.40000000000000036,9.3,9.0,10.0,0.3000000000000007,0.6999999999999993,9.0,9.0,9.0,0.0,0.0,9.8,9.0,10.0,0.8000000000000007,0.1999999999999993,4.0,4.0,4.0,0.0,0.0,4.0,4.0,4.0,0.0,0.0,0.0,0.0,0.0,0.0,0.0,4.0,4.0,4.0,0.0,0.0
20,4,5,5,0.1,0.2,0.3,dense,True,20,20,20,4,5,5,4,Shared MILP,stability_full_sequence_per_prompt,radius_derived,5,"0,10,20,30,40",1.0,1.0,1.0,0.0,0.0,0.0,0.0,0.0,0.0,0.0,9.35,9.0,9.75,0.34999999999999964,0.40000000000000036,9.3,9.0,10.0,0.3000000000000007,0.6999999999999993,9.0,9.0,9.0,0.0,0.0,9.8,9.0,10.0,0.8000000000000007,0.1999999999999993,4.0,4.0,4.0,0.0,0.0,4.0,4.0,4.0,0.0,0.0,0.0,0.0,0.0,0.0,0.0,4.0,4.0,4.0,0.0,0.0
20,4,5,5,0.1,0.2,0.3,dense,True,20,20,20,4,5,5,5,Shared MILP,stability_full_sequence_per_prompt,radius_derived,5,"0,10,20,30,40",1.0,1.0,1.0,0.0,0.0,0.0,0.0,0.0,0.0,0.0,9.35,9.0,9.75,0.34999999999999964,0.40000000000000036,9.3,9.0,10.0,0.3000000000000007,0.6999999999999993,9.0,9.0,9.0,0.0,0.0,9.8,9.0,10.0,0.8000000000000007,0.1999999999999993,4.0,4.0,4.0,0.0,0.0,4.0,4.0,4.0,0.0,0.0,0.0,0.0,0.0,0.0,0.0,4.0,4.0,4.0,0.0,0.0
20,4,5,5,0.1,0.2,0.3,dense,True,20,20,20,4,5,5,6,Shared MILP,stability_full_sequence_per_prompt,radius_derived,5,"0,10,20,30,40",1.0,1.0,1.0,0.0,0.0,0.0,0.0,0.0,0.0,0.0,9.35,9.0,9.75,0.34999999999999964,0.40000000000000036,9.3,9.0,10.0,0.3000000000000007,0.6999999999999993,9.0,9.0,9.0,0.0,0.0,9.8,9.0,10.0,0.8000000000000007,0.1999999999999993,4.0,4.0,4.0,0.0,0.0,4.0,4.0,4.0,0.0,0.0,0.0,0.0,0.0,0.0,0.0,4.0,4.0,4.0,0.0,0.0
20,4,5,5,0.1,0.2,0.3,dense,True,20,20,20,4,5,5,7,Shared MILP,stability_full_sequence_per_prompt,radius_derived,5,"0,10,20,30,40",1.0,1.0,1.0,0.0,0.0,0.0,0.0,0.0,0.0,0.0,9.35,9.0,9.75,0.34999999999999964,0.40000000000000036,9.3,9.0,10.0,0.3000000000000007,0.6999999999999993,9.0,9.0,9.0,0.0,0.0,9.8,9.0,10.0,0.8000000000000007,0.1999999999999993,4.0,4.0,4.0,0.0,0.0,4.0,4.0,4.0,0.0,0.0,0.0,0.0,0.0,0.0,0.0,4.0,4.0,4.0,0.0,0.0
20,4,5,5,0.1,0.2,0.3,dense,True,20,20,20,4,5,5,8,Shared MILP,stability_full_sequence_per_prompt,radius_derived,5,"0,10,20,30,40",1.0,1.0,1.0,0.0,0.0,0.0,0.0,0.0,0.0,0.0,9.35,9.0,9.75,0.34999999999999964,0.40000000000000036,9.3,9.0,10.0,0.3000000000000007,0.6999999999999993,9.0,9.0,9.0,0.0,0.0,9.8,9.0,10.0,0.8000000000000007,0.1999999999999993,4.0,4.0,4.0,0.0,0.0,4.0,4.0,4.0,0.0,0.0,0.0,0.0,0.0,0.0,0.0,4.0,4.0,4.0,0.0,0.0
20,4,5,5,0.1,0.2,0.3,dense,True,20,20,20,4,5,5,9,Shared MILP,stability_full_sequence_per_prompt,radius_derived,5,"0,10,20,30,40",0.35,0.0,0.75,0.35,0.4,0.65,0.25,1.0,0.4,0.35,9.35,9.0,9.75,0.34999999999999964,0.40000000000000036,9.3,9.0,10.0,0.3000000000000007,0.6999999999999993,9.0,9.0,9.0,0.0,0.0,9.8,9.0,10.0,0.8000000000000007,0.1999999999999993,1.4,0.0,3.0,1.4,1.6,4.0,4.0,4.0,0.0,0.0,0.0,0.0,0.0,0.0,0.0,4.0,4.0,4.0,0.0,0.0
20,4,5,5,0.1,0.2,0.3,dense,True,20,20,20,4,5,5,10,Shared MILP,stability_full_sequence_per_prompt,radius_derived,5,"0,10,20,30,40",0.0,0.0,0.0,0.0,0.0,1.0,1.0,1.0,0.0,0.0,9.35,9.0,9.75,0.34999999999999964,0.40000000000000036,9.3,9.0,10.0,0.3000000000000007,0.6999999999999993,9.0,9.0,9.0,0.0,0.0,9.8,9.0,10.0,0.8000000000000007,0.1999999999999993,0.0,0.0,0.0,0.0,0.0,4.0,4.0,4.0,0.0,0.0,0.0,0.0,0.0,0.0,0.0,4.0,4.0,4.0,0.0,0.0
20,4,5,5,0.1,0.2,0.3,dense,True,20,20,20,4,5,5,11,Shared MILP,stability_full_sequence_per_prompt,radius_derived,5,"0,10,20,30,40",0.0,0.0,0.0,0.0,0.0,1.0,1.0,1.0,0.0,0.0,9.35,9.0,9.75,0.34999999999999964,0.40000000000000036,9.3,9.0,10.0,0.3000000000000007,0.6999999999999993,9.0,9.0,9.0,0.0,0.0,9.8,9.0,10.0,0.8000000000000007,0.1999999999999993,0.0,0.0,0.0,0.0,0.0,4.0,4.0,4.0,0.0,0.0,0.0,0.0,0.0,0.0,0.0,4.0,4.0,4.0,0.0,0.0
20,4,5,5,0.1,0.2,0.3,dense,True,20,20,20,4,5,5,12,Shared MILP,stability_full_sequence_per_prompt,radius_derived,5,"0,10,20,30,40",0.0,0.0,0.0,0.0,0.0,1.0,1.0,1.0,0.0,0.0,9.35,9.0,9.75,0.34999999999999964,0.40000000000000036,9.3,9.0,10.0,0.3000000000000007,0.6999999999999993,9.0,9.0,9.0,0.0,0.0,9.8,9.0,10.0,0.8000000000000007,0.1999999999999993,0.0,0.0,0.0,0.0,0.0,4.0,4.0,4.0,0.0,0.0,0.0,0.0,0.0,0.0,0.0,4.0,4.0,4.0,0.0,0.0
20,4,5,5,0.1,0.2,0.3,dense,True,20,20,20,4,5,5,13,Shared MILP,stability_full_sequence_per_prompt,radius_derived,5,"0,10,20,30,40",0.0,0.0,0.0,0.0,0.0,1.0,1.0,1.0,0.0,0.0,9.35,9.0,9.75,0.34999999999999964,0.40000000000000036,9.3,9.0,10.0,0.3000000000000007,0.6999999999999993,9.0,9.0,9.0,0.0,0.0,9.8,9.0,10.0,0.8000000000000007,0.1999999999999993,0.0,0.0,0.0,0.0,0.0,4.0,4.0,4.0,0.0,0.0,0.0,0.0,0.0,0.0,0.0,4.0,4.0,4.0,0.0,0.0
20,4,5,5,0.1,0.2,0.3,dense,True,20,20,20,4,5,5,14,Shared MILP,stability_full_sequence_per_prompt,radius_derived,5,"0,10,20,30,40",0.0,0.0,0.0,0.0,0.0,1.0,1.0,1.0,0.0,0.0,9.35,9.0,9.75,0.34999999999999964,0.40000000000000036,9.3,9.0,10.0,0.3000000000000007,0.6999999999999993,9.0,9.0,9.0,0.0,0.0,9.8,9.0,10.0,0.8000000000000007,0.1999999999999993,0.0,0.0,0.0,0.0,0.0,4.0,4.0,4.0,0.0,0.0,0.0,0.0,0.0,0.0,0.0,4.0,4.0,4.0,0.0,0.0
20,4,5,5,0.1,0.2,0.3,dense,True,20,20,20,4,5,5,15,Shared MILP,stability_full_sequence_per_prompt,radius_derived,5,"0,10,20,30,40",0.0,0.0,0.0,0.0,0.0,1.0,1.0,1.0,0.0,0.0,9.35,9.0,9.75,0.34999999999999964,0.40000000000000036,9.3,9.0,10.0,0.3000000000000007,0.6999999999999993,9.0,9.0,9.0,0.0,0.0,9.8,9.0,10.0,0.8000000000000007,0.1999999999999993,0.0,0.0,0.0,0.0,0.0,4.0,4.0,4.0,0.0,0.0,0.0,0.0,0.0,0.0,0.0,4.0,4.0,4.0,0.0,0.0
20,4,5,5,0.1,0.2,0.3,dense,True,20,20,20,4,5,5,16,Shared MILP,stability_full_sequence_per_prompt,radius_derived,5,"0,10,20,30,40",0.0,0.0,0.0,0.0,0.0,1.0,1.0,1.0,0.0,0.0,9.35,9.0,9.75,0.34999999999999964,0.40000000000000036,9.3,9.0,10.0,0.3000000000000007,0.6999999999999993,9.0,9.0,9.0,0.0,0.0,9.8,9.0,10.0,0.8000000000000007,0.1999999999999993,0.0,0.0,0.0,0.0,0.0,4.0,4.0,4.0,0.0,0.0,0.0,0.0,0.0,0.0,0.0,4.0,4.0,4.0,0.0,0.0
20,4,5,5,0.1,0.2,0.3,dense,True,20,20,20,4,5,5,17,Shared MILP,stability_full_sequence_per_prompt,radius_derived,5,"0,10,20,30,40",0.0,0.0,0.0,0.0,0.0,1.0,1.0,1.0,0.0,0.0,9.35,9.0,9.75,0.34999999999999964,0.40000000000000036,9.3,9.0,10.0,0.3000000000000007,0.6999999999999993,9.0,9.0,9.0,0.0,0.0,9.8,9.0,10.0,0.8000000000000007,0.1999999999999993,0.0,0.0,0.0,0.0,0.0,4.0,4.0,4.0,0.0,0.0,0.0,0.0,0.0,0.0,0.0,4.0,4.0,4.0,0.0,0.0
20,4,5,5,0.1,0.2,0.3,dense,True,20,20,20,4,5,5,18,Shared MILP,stability_full_sequence_per_prompt,radius_derived,5,"0,10,20,30,40",0.0,0.0,0.0,0.0,0.0,1.0,1.0,1.0,0.0,0.0,9.35,9.0,9.75,0.34999999999999964,0.40000000000000036,9.3,9.0,10.0,0.3000000000000007,0.6999999999999993,9.0,9.0,9.0,0.0,0.0,9.8,9.0,10.0,0.8000000000000007,0.1999999999999993,0.0,0.0,0.0,0.0,0.0,4.0,4.0,4.0,0.0,0.0,0.0,0.0,0.0,0.0,0.0,4.0,4.0,4.0,0.0,0.0
20,4,5,5,0.1,0.2,0.3,dense,True,20,20,20,4,5,5,19,Shared MILP,stability_full_sequence_per_prompt,radius_derived,5,"0,10,20,30,40",0.0,0.0,0.0,0.0,0.0,1.0,1.0,1.0,0.0,0.0,9.35,9.0,9.75,0.34999999999999964,0.40000000000000036,9.3,9.0,10.0,0.3000000000000007,0.6999999999999993,9.0,9.0,9.0,0.0,0.0,9.8,9.0,10.0,0.8000000000000007,0.1999999999999993,0.0,0.0,0.0,0.0,0.0,4.0,4.0,4.0,0.0,0.0,0.0,0.0,0.0,0.0,0.0,4.0,4.0,4.0,0.0,0.0
20,4,5,5,0.1,0.2,0.3,dense,True,20,20,20,4,5,5,20,Shared MILP,stability_full_sequence_per_prompt,radius_derived,5,"0,10,20,30,40",0.0,0.0,0.0,0.0,0.0,1.0,1.0,1.0,0.0,0.0,9.35,9.0,9.75,0.34999999999999964,0.40000000000000036,9.3,9.0,10.0,0.3000000000000007,0.6999999999999993,9.0,9.0,9.0,0.0,0.0,9.8,9.0,10.0,0.8000000000000007,0.1999999999999993,0.0,0.0,0.0,0.0,0.0,4.0,4.0,4.0,0.0,0.0,0.0,0.0,0.0,0.0,0.0,4.0,4.0,4.0,0.0,0.0
20,4,5,5,0.1,0.2,0.3,dense,True,20,20,20,4,5,5,0,Plain DPA max token,validity_full_harmful_sequence_per_prompt,radius_derived,5,"0,10,20,30,40",1.0,1.0,1.0,0.0,0.0,0.0,0.0,0.0,0.0,0.0,5.0,4.0,6.5,1.0,1.5,5.0,4.0,6.5,1.0,1.5,4.0,3.0,6.0,1.0,2.0,6.0,5.0,7.0,1.0,1.0,4.0,4.0,4.0,0.0,0.0,4.0,4.0,4.0,0.0,0.0,0.0,0.0,0.0,0.0,0.0,4.0,4.0,4.0,0.0,0.0
20,4,5,5,0.1,0.2,0.3,dense,True,20,20,20,4,5,5,1,Plain DPA max token,validity_full_harmful_sequence_per_prompt,radius_derived,5,"0,10,20,30,40",1.0,1.0,1.0,0.0,0.0,0.0,0.0,0.0,0.0,0.0,5.0,4.0,6.5,1.0,1.5,5.0,4.0,6.5,1.0,1.5,4.0,3.0,6.0,1.0,2.0,6.0,5.0,7.0,1.0,1.0,4.0,4.0,4.0,0.0,0.0,4.0,4.0,4.0,0.0,0.0,0.0,0.0,0.0,0.0,0.0,4.0,4.0,4.0,0.0,0.0
20,4,5,5,0.1,0.2,0.3,dense,True,20,20,20,4,5,5,2,Plain DPA max token,validity_full_harmful_sequence_per_prompt,radius_derived,5,"0,10,20,30,40",1.0,1.0,1.0,0.0,0.0,0.0,0.0,0.0,0.0,0.0,5.0,4.0,6.5,1.0,1.5,5.0,4.0,6.5,1.0,1.5,4.0,3.0,6.0,1.0,2.0,6.0,5.0,7.0,1.0,1.0,4.0,4.0,4.0,0.0,0.0,4.0,4.0,4.0,0.0,0.0,0.0,0.0,0.0,0.0,0.0,4.0,4.0,4.0,0.0,0.0
20,4,5,5,0.1,0.2,0.3,dense,True,20,20,20,4,5,5,3,Plain DPA max token,validity_full_harmful_sequence_per_prompt,radius_derived,5,"0,10,20,30,40",0.85,0.5,1.0,0.35,0.15000000000000002,0.15,0.0,0.5,0.15,0.35,5.0,4.0,6.5,1.0,1.5,5.0,4.0,6.5,1.0,1.5,4.0,3.0,6.0,1.0,2.0,6.0,5.0,7.0,1.0,1.0,3.4,2.0,4.0,1.4,0.6000000000000001,4.0,4.0,4.0,0.0,0.0,0.0,0.0,0.0,0.0,0.0,4.0,4.0,4.0,0.0,0.0
20,4,5,5,0.1,0.2,0.3,dense,True,20,20,20,4,5,5,4,Plain DPA max token,validity_full_harmful_sequence_per_prompt,radius_derived,5,"0,10,20,30,40",0.65,0.25,1.0,0.4,0.35,0.35,0.0,0.75,0.35,0.4,5.0,4.0,6.5,1.0,1.5,5.0,4.0,6.5,1.0,1.5,4.0,3.0,6.0,1.0,2.0,6.0,5.0,7.0,1.0,1.0,2.6,1.0,4.0,1.6,1.4,4.0,4.0,4.0,0.0,0.0,0.0,0.0,0.0,0.0,0.0,4.0,4.0,4.0,0.0,0.0
20,4,5,5,0.1,0.2,0.3,dense,True,20,20,20,4,5,5,5,Plain DPA max token,validity_full_harmful_sequence_per_prompt,radius_derived,5,"0,10,20,30,40",0.35,0.0,1.0,0.35,0.65,0.65,0.0,1.0,0.65,0.35,5.0,4.0,6.5,1.0,1.5,5.0,4.0,6.5,1.0,1.5,4.0,3.0,6.0,1.0,2.0,6.0,5.0,7.0,1.0,1.0,1.4,0.0,4.0,1.4,2.6,4.0,4.0,4.0,0.0,0.0,0.0,0.0,0.0,0.0,0.0,4.0,4.0,4.0,0.0,0.0
20,4,5,5,0.1,0.2,0.3,dense,True,20,20,20,4,5,5,6,Plain DPA max token,validity_full_harmful_sequence_per_prompt,radius_derived,5,"0,10,20,30,40",0.15,0.0,0.5,0.15,0.35,0.85,0.5,1.0,0.35,0.15000000000000002,5.0,4.0,6.5,1.0,1.5,5.0,4.0,6.5,1.0,1.5,4.0,3.0,6.0,1.0,2.0,6.0,5.0,7.0,1.0,1.0,0.6,0.0,2.0,0.6,1.4,4.0,4.0,4.0,0.0,0.0,0.0,0.0,0.0,0.0,0.0,4.0,4.0,4.0,0.0,0.0
20,4,5,5,0.1,0.2,0.3,dense,True,20,20,20,4,5,5,7,Plain DPA max token,validity_full_harmful_sequence_per_prompt,radius_derived,5,"0,10,20,30,40",0.0,0.0,0.0,0.0,0.0,1.0,1.0,1.0,0.0,0.0,5.0,4.0,6.5,1.0,1.5,5.0,4.0,6.5,1.0,1.5,4.0,3.0,6.0,1.0,2.0,6.0,5.0,7.0,1.0,1.0,0.0,0.0,0.0,0.0,0.0,4.0,4.0,4.0,0.0,0.0,0.0,0.0,0.0,0.0,0.0,4.0,4.0,4.0,0.0,0.0
20,4,5,5,0.1,0.2,0.3,dense,True,20,20,20,4,5,5,8,Plain DPA max token,validity_full_harmful_sequence_per_prompt,radius_derived,5,"0,10,20,30,40",0.0,0.0,0.0,0.0,0.0,1.0,1.0,1.0,0.0,0.0,5.0,4.0,6.5,1.0,1.5,5.0,4.0,6.5,1.0,1.5,4.0,3.0,6.0,1.0,2.0,6.0,5.0,7.0,1.0,1.0,0.0,0.0,0.0,0.0,0.0,4.0,4.0,4.0,0.0,0.0,0.0,0.0,0.0,0.0,0.0,4.0,4.0,4.0,0.0,0.0
20,4,5,5,0.1,0.2,0.3,dense,True,20,20,20,4,5,5,9,Plain DPA max token,validity_full_harmful_sequence_per_prompt,radius_derived,5,"0,10,20,30,40",0.0,0.0,0.0,0.0,0.0,1.0,1.0,1.0,0.0,0.0,5.0,4.0,6.5,1.0,1.5,5.0,4.0,6.5,1.0,1.5,4.0,3.0,6.0,1.0,2.0,6.0,5.0,7.0,1.0,1.0,0.0,0.0,0.0,0.0,0.0,4.0,4.0,4.0,0.0,0.0,0.0,0.0,0.0,0.0,0.0,4.0,4.0,4.0,0.0,0.0
20,4,5,5,0.1,0.2,0.3,dense,True,20,20,20,4,5,5,10,Plain DPA max token,validity_full_harmful_sequence_per_prompt,radius_derived,5,"0,10,20,30,40",0.0,0.0,0.0,0.0,0.0,1.0,1.0,1.0,0.0,0.0,5.0,4.0,6.5,1.0,1.5,5.0,4.0,6.5,1.0,1.5,4.0,3.0,6.0,1.0,2.0,6.0,5.0,7.0,1.0,1.0,0.0,0.0,0.0,0.0,0.0,4.0,4.0,4.0,0.0,0.0,0.0,0.0,0.0,0.0,0.0,4.0,4.0,4.0,0.0,0.0
20,4,5,5,0.1,0.2,0.3,dense,True,20,20,20,4,5,5,11,Plain DPA max token,validity_full_harmful_sequence_per_prompt,radius_derived,5,"0,10,20,30,40",0.0,0.0,0.0,0.0,0.0,1.0,1.0,1.0,0.0,0.0,5.0,4.0,6.5,1.0,1.5,5.0,4.0,6.5,1.0,1.5,4.0,3.0,6.0,1.0,2.0,6.0,5.0,7.0,1.0,1.0,0.0,0.0,0.0,0.0,0.0,4.0,4.0,4.0,0.0,0.0,0.0,0.0,0.0,0.0,0.0,4.0,4.0,4.0,0.0,0.0
20,4,5,5,0.1,0.2,0.3,dense,True,20,20,20,4,5,5,12,Plain DPA max token,validity_full_harmful_sequence_per_prompt,radius_derived,5,"0,10,20,30,40",0.0,0.0,0.0,0.0,0.0,1.0,1.0,1.0,0.0,0.0,5.0,4.0,6.5,1.0,1.5,5.0,4.0,6.5,1.0,1.5,4.0,3.0,6.0,1.0,2.0,6.0,5.0,7.0,1.0,1.0,0.0,0.0,0.0,0.0,0.0,4.0,4.0,4.0,0.0,0.0,0.0,0.0,0.0,0.0,0.0,4.0,4.0,4.0,0.0,0.0
20,4,5,5,0.1,0.2,0.3,dense,True,20,20,20,4,5,5,13,Plain DPA max token,validity_full_harmful_sequence_per_prompt,radius_derived,5,"0,10,20,30,40",0.0,0.0,0.0,0.0,0.0,1.0,1.0,1.0,0.0,0.0,5.0,4.0,6.5,1.0,1.5,5.0,4.0,6.5,1.0,1.5,4.0,3.0,6.0,1.0,2.0,6.0,5.0,7.0,1.0,1.0,0.0,0.0,0.0,0.0,0.0,4.0,4.0,4.0,0.0,0.0,0.0,0.0,0.0,0.0,0.0,4.0,4.0,4.0,0.0,0.0
20,4,5,5,0.1,0.2,0.3,dense,True,20,20,20,4,5,5,14,Plain DPA max token,validity_full_harmful_sequence_per_prompt,radius_derived,5,"0,10,20,30,40",0.0,0.0,0.0,0.0,0.0,1.0,1.0,1.0,0.0,0.0,5.0,4.0,6.5,1.0,1.5,5.0,4.0,6.5,1.0,1.5,4.0,3.0,6.0,1.0,2.0,6.0,5.0,7.0,1.0,1.0,0.0,0.0,0.0,0.0,0.0,4.0,4.0,4.0,0.0,0.0,0.0,0.0,0.0,0.0,0.0,4.0,4.0,4.0,0.0,0.0
20,4,5,5,0.1,0.2,0.3,dense,True,20,20,20,4,5,5,15,Plain DPA max token,validity_full_harmful_sequence_per_prompt,radius_derived,5,"0,10,20,30,40",0.0,0.0,0.0,0.0,0.0,1.0,1.0,1.0,0.0,0.0,5.0,4.0,6.5,1.0,1.5,5.0,4.0,6.5,1.0,1.5,4.0,3.0,6.0,1.0,2.0,6.0,5.0,7.0,1.0,1.0,0.0,0.0,0.0,0.0,0.0,4.0,4.0,4.0,0.0,0.0,0.0,0.0,0.0,0.0,0.0,4.0,4.0,4.0,0.0,0.0
20,4,5,5,0.1,0.2,0.3,dense,True,20,20,20,4,5,5,16,Plain DPA max token,validity_full_harmful_sequence_per_prompt,radius_derived,5,"0,10,20,30,40",0.0,0.0,0.0,0.0,0.0,1.0,1.0,1.0,0.0,0.0,5.0,4.0,6.5,1.0,1.5,5.0,4.0,6.5,1.0,1.5,4.0,3.0,6.0,1.0,2.0,6.0,5.0,7.0,1.0,1.0,0.0,0.0,0.0,0.0,0.0,4.0,4.0,4.0,0.0,0.0,0.0,0.0,0.0,0.0,0.0,4.0,4.0,4.0,0.0,0.0
20,4,5,5,0.1,0.2,0.3,dense,True,20,20,20,4,5,5,17,Plain DPA max token,validity_full_harmful_sequence_per_prompt,radius_derived,5,"0,10,20,30,40",0.0,0.0,0.0,0.0,0.0,1.0,1.0,1.0,0.0,0.0,5.0,4.0,6.5,1.0,1.5,5.0,4.0,6.5,1.0,1.5,4.0,3.0,6.0,1.0,2.0,6.0,5.0,7.0,1.0,1.0,0.0,0.0,0.0,0.0,0.0,4.0,4.0,4.0,0.0,0.0,0.0,0.0,0.0,0.0,0.0,4.0,4.0,4.0,0.0,0.0
20,4,5,5,0.1,0.2,0.3,dense,True,20,20,20,4,5,5,18,Plain DPA max token,validity_full_harmful_sequence_per_prompt,radius_derived,5,"0,10,20,30,40",0.0,0.0,0.0,0.0,0.0,1.0,1.0,1.0,0.0,0.0,5.0,4.0,6.5,1.0,1.5,5.0,4.0,6.5,1.0,1.5,4.0,3.0,6.0,1.0,2.0,6.0,5.0,7.0,1.0,1.0,0.0,0.0,0.0,0.0,0.0,4.0,4.0,4.0,0.0,0.0,0.0,0.0,0.0,0.0,0.0,4.0,4.0,4.0,0.0,0.0
20,4,5,5,0.1,0.2,0.3,dense,True,20,20,20,4,5,5,19,Plain DPA max token,validity_full_harmful_sequence_per_prompt,radius_derived,5,"0,10,20,30,40",0.0,0.0,0.0,0.0,0.0,1.0,1.0,1.0,0.0,0.0,5.0,4.0,6.5,1.0,1.5,5.0,4.0,6.5,1.0,1.5,4.0,3.0,6.0,1.0,2.0,6.0,5.0,7.0,1.0,1.0,0.0,0.0,0.0,0.0,0.0,4.0,4.0,4.0,0.0,0.0,0.0,0.0,0.0,0.0,0.0,4.0,4.0,4.0,0.0,0.0
20,4,5,5,0.1,0.2,0.3,dense,True,20,20,20,4,5,5,20,Plain DPA max token,validity_full_harmful_sequence_per_prompt,radius_derived,5,"0,10,20,30,40",0.0,0.0,0.0,0.0,0.0,1.0,1.0,1.0,0.0,0.0,5.0,4.0,6.5,1.0,1.5,5.0,4.0,6.5,1.0,1.5,4.0,3.0,6.0,1.0,2.0,6.0,5.0,7.0,1.0,1.0,0.0,0.0,0.0,0.0,0.0,4.0,4.0,4.0,0.0,0.0,0.0,0.0,0.0,0.0,0.0,4.0,4.0,4.0,0.0,0.0
20,4,5,5,0.1,0.2,0.3,dense,True,20,20,20,4,5,5,0,Shard-aware weakest-token diagnostic,weakest_harmful_token_not_full_sequence_validity,radius_derived,5,"0,10,20,30,40",0.35,0.0,0.75,0.35,0.4,0.65,0.25,1.0,0.4,0.35,0.55,0.0,1.0,0.55,0.44999999999999996,0.3,0.0,1.0,0.3,0.7,0.0,0.0,0.0,0.0,0.0,1.6,0.0,3.0,1.6,1.4,1.4,0.0,3.0,1.4,1.6,4.0,4.0,4.0,0.0,0.0,0.0,0.0,0.0,0.0,0.0,4.0,4.0,4.0,0.0,0.0
20,4,5,5,0.1,0.2,0.3,dense,True,20,20,20,4,5,5,1,Shard-aware weakest-token diagnostic,weakest_harmful_token_not_full_sequence_validity,radius_derived,5,"0,10,20,30,40",0.15,0.0,0.25,0.15,0.1,0.85,0.75,1.0,0.09999999999999998,0.15000000000000002,0.55,0.0,1.0,0.55,0.44999999999999996,0.3,0.0,1.0,0.3,0.7,0.0,0.0,0.0,0.0,0.0,1.6,0.0,3.0,1.6,1.4,0.6,0.0,1.0,0.6,0.4,4.0,4.0,4.0,0.0,0.0,0.0,0.0,0.0,0.0,0.0,4.0,4.0,4.0,0.0,0.0
20,4,5,5,0.1,0.2,0.3,dense,True,20,20,20,4,5,5,2,Shard-aware weakest-token diagnostic,weakest_harmful_token_not_full_sequence_validity,radius_derived,5,"0,10,20,30,40",0.05,0.0,0.25,0.05,0.2,0.95,0.75,1.0,0.19999999999999996,0.050000000000000044,0.55,0.0,1.0,0.55,0.44999999999999996,0.3,0.0,1.0,0.3,0.7,0.0,0.0,0.0,0.0,0.0,1.6,0.0,3.0,1.6,1.4,0.2,0.0,1.0,0.2,0.8,4.0,4.0,4.0,0.0,0.0,0.0,0.0,0.0,0.0,0.0,4.0,4.0,4.0,0.0,0.0
20,4,5,5,0.1,0.2,0.3,dense,True,20,20,20,4,5,5,3,Shard-aware weakest-token diagnostic,weakest_harmful_token_not_full_sequence_validity,radius_derived,5,"0,10,20,30,40",0.0,0.0,0.0,0.0,0.0,1.0,1.0,1.0,0.0,0.0,0.55,0.0,1.0,0.55,0.44999999999999996,0.3,0.0,1.0,0.3,0.7,0.0,0.0,0.0,0.0,0.0,1.6,0.0,3.0,1.6,1.4,0.0,0.0,0.0,0.0,0.0,4.0,4.0,4.0,0.0,0.0,0.0,0.0,0.0,0.0,0.0,4.0,4.0,4.0,0.0,0.0
20,4,5,5,0.1,0.2,0.3,dense,True,20,20,20,4,5,5,4,Shard-aware weakest-token diagnostic,weakest_harmful_token_not_full_sequence_validity,radius_derived,5,"0,10,20,30,40",0.0,0.0,0.0,0.0,0.0,1.0,1.0,1.0,0.0,0.0,0.55,0.0,1.0,0.55,0.44999999999999996,0.3,0.0,1.0,0.3,0.7,0.0,0.0,0.0,0.0,0.0,1.6,0.0,3.0,1.6,1.4,0.0,0.0,0.0,0.0,0.0,4.0,4.0,4.0,0.0,0.0,0.0,0.0,0.0,0.0,0.0,4.0,4.0,4.0,0.0,0.0
20,4,5,5,0.1,0.2,0.3,dense,True,20,20,20,4,5,5,5,Shard-aware weakest-token diagnostic,weakest_harmful_token_not_full_sequence_validity,radius_derived,5,"0,10,20,30,40",0.0,0.0,0.0,0.0,0.0,1.0,1.0,1.0,0.0,0.0,0.55,0.0,1.0,0.55,0.44999999999999996,0.3,0.0,1.0,0.3,0.7,0.0,0.0,0.0,0.0,0.0,1.6,0.0,3.0,1.6,1.4,0.0,0.0,0.0,0.0,0.0,4.0,4.0,4.0,0.0,0.0,0.0,0.0,0.0,0.0,0.0,4.0,4.0,4.0,0.0,0.0
20,4,5,5,0.1,0.2,0.3,dense,True,20,20,20,4,5,5,6,Shard-aware weakest-token diagnostic,weakest_harmful_token_not_full_sequence_validity,radius_derived,5,"0,10,20,30,40",0.0,0.0,0.0,0.0,0.0,1.0,1.0,1.0,0.0,0.0,0.55,0.0,1.0,0.55,0.44999999999999996,0.3,0.0,1.0,0.3,0.7,0.0,0.0,0.0,0.0,0.0,1.6,0.0,3.0,1.6,1.4,0.0,0.0,0.0,0.0,0.0,4.0,4.0,4.0,0.0,0.0,0.0,0.0,0.0,0.0,0.0,4.0,4.0,4.0,0.0,0.0
20,4,5,5,0.1,0.2,0.3,dense,True,20,20,20,4,5,5,7,Shard-aware weakest-token diagnostic,weakest_harmful_token_not_full_sequence_validity,radius_derived,5,"0,10,20,30,40",0.0,0.0,0.0,0.0,0.0,1.0,1.0,1.0,0.0,0.0,0.55,0.0,1.0,0.55,0.44999999999999996,0.3,0.0,1.0,0.3,0.7,0.0,0.0,0.0,0.0,0.0,1.6,0.0,3.0,1.6,1.4,0.0,0.0,0.0,0.0,0.0,4.0,4.0,4.0,0.0,0.0,0.0,0.0,0.0,0.0,0.0,4.0,4.0,4.0,0.0,0.0
20,4,5,5,0.1,0.2,0.3,dense,True,20,20,20,4,5,5,8,Shard-aware weakest-token diagnostic,weakest_harmful_token_not_full_sequence_validity,radius_derived,5,"0,10,20,30,40",0.0,0.0,0.0,0.0,0.0,1.0,1.0,1.0,0.0,0.0,0.55,0.0,1.0,0.55,0.44999999999999996,0.3,0.0,1.0,0.3,0.7,0.0,0.0,0.0,0.0,0.0,1.6,0.0,3.0,1.6,1.4,0.0,0.0,0.0,0.0,0.0,4.0,4.0,4.0,0.0,0.0,0.0,0.0,0.0,0.0,0.0,4.0,4.0,4.0,0.0,0.0
20,4,5,5,0.1,0.2,0.3,dense,True,20,20,20,4,5,5,9,Shard-aware weakest-token diagnostic,weakest_harmful_token_not_full_sequence_validity,radius_derived,5,"0,10,20,30,40",0.0,0.0,0.0,0.0,0.0,1.0,1.0,1.0,0.0,0.0,0.55,0.0,1.0,0.55,0.44999999999999996,0.3,0.0,1.0,0.3,0.7,0.0,0.0,0.0,0.0,0.0,1.6,0.0,3.0,1.6,1.4,0.0,0.0,0.0,0.0,0.0,4.0,4.0,4.0,0.0,0.0,0.0,0.0,0.0,0.0,0.0,4.0,4.0,4.0,0.0,0.0
20,4,5,5,0.1,0.2,0.3,dense,True,20,20,20,4,5,5,10,Shard-aware weakest-token diagnostic,weakest_harmful_token_not_full_sequence_validity,radius_derived,5,"0,10,20,30,40",0.0,0.0,0.0,0.0,0.0,1.0,1.0,1.0,0.0,0.0,0.55,0.0,1.0,0.55,0.44999999999999996,0.3,0.0,1.0,0.3,0.7,0.0,0.0,0.0,0.0,0.0,1.6,0.0,3.0,1.6,1.4,0.0,0.0,0.0,0.0,0.0,4.0,4.0,4.0,0.0,0.0,0.0,0.0,0.0,0.0,0.0,4.0,4.0,4.0,0.0,0.0
20,4,5,5,0.1,0.2,0.3,dense,True,20,20,20,4,5,5,11,Shard-aware weakest-token diagnostic,weakest_harmful_token_not_full_sequence_validity,radius_derived,5,"0,10,20,30,40",0.0,0.0,0.0,0.0,0.0,1.0,1.0,1.0,0.0,0.0,0.55,0.0,1.0,0.55,0.44999999999999996,0.3,0.0,1.0,0.3,0.7,0.0,0.0,0.0,0.0,0.0,1.6,0.0,3.0,1.6,1.4,0.0,0.0,0.0,0.0,0.0,4.0,4.0,4.0,0.0,0.0,0.0,0.0,0.0,0.0,0.0,4.0,4.0,4.0,0.0,0.0
20,4,5,5,0.1,0.2,0.3,dense,True,20,20,20,4,5,5,12,Shard-aware weakest-token diagnostic,weakest_harmful_token_not_full_sequence_validity,radius_derived,5,"0,10,20,30,40",0.0,0.0,0.0,0.0,0.0,1.0,1.0,1.0,0.0,0.0,0.55,0.0,1.0,0.55,0.44999999999999996,0.3,0.0,1.0,0.3,0.7,0.0,0.0,0.0,0.0,0.0,1.6,0.0,3.0,1.6,1.4,0.0,0.0,0.0,0.0,0.0,4.0,4.0,4.0,0.0,0.0,0.0,0.0,0.0,0.0,0.0,4.0,4.0,4.0,0.0,0.0
20,4,5,5,0.1,0.2,0.3,dense,True,20,20,20,4,5,5,13,Shard-aware weakest-token diagnostic,weakest_harmful_token_not_full_sequence_validity,radius_derived,5,"0,10,20,30,40",0.0,0.0,0.0,0.0,0.0,1.0,1.0,1.0,0.0,0.0,0.55,0.0,1.0,0.55,0.44999999999999996,0.3,0.0,1.0,0.3,0.7,0.0,0.0,0.0,0.0,0.0,1.6,0.0,3.0,1.6,1.4,0.0,0.0,0.0,0.0,0.0,4.0,4.0,4.0,0.0,0.0,0.0,0.0,0.0,0.0,0.0,4.0,4.0,4.0,0.0,0.0
20,4,5,5,0.1,0.2,0.3,dense,True,20,20,20,4,5,5,14,Shard-aware weakest-token diagnostic,weakest_harmful_token_not_full_sequence_validity,radius_derived,5,"0,10,20,30,40",0.0,0.0,0.0,0.0,0.0,1.0,1.0,1.0,0.0,0.0,0.55,0.0,1.0,0.55,0.44999999999999996,0.3,0.0,1.0,0.3,0.7,0.0,0.0,0.0,0.0,0.0,1.6,0.0,3.0,1.6,1.4,0.0,0.0,0.0,0.0,0.0,4.0,4.0,4.0,0.0,0.0,0.0,0.0,0.0,0.0,0.0,4.0,4.0,4.0,0.0,0.0
20,4,5,5,0.1,0.2,0.3,dense,True,20,20,20,4,5,5,15,Shard-aware weakest-token diagnostic,weakest_harmful_token_not_full_sequence_validity,radius_derived,5,"0,10,20,30,40",0.0,0.0,0.0,0.0,0.0,1.0,1.0,1.0,0.0,0.0,0.55,0.0,1.0,0.55,0.44999999999999996,0.3,0.0,1.0,0.3,0.7,0.0,0.0,0.0,0.0,0.0,1.6,0.0,3.0,1.6,1.4,0.0,0.0,0.0,0.0,0.0,4.0,4.0,4.0,0.0,0.0,0.0,0.0,0.0,0.0,0.0,4.0,4.0,4.0,0.0,0.0
20,4,5,5,0.1,0.2,0.3,dense,True,20,20,20,4,5,5,16,Shard-aware weakest-token diagnostic,weakest_harmful_token_not_full_sequence_validity,radius_derived,5,"0,10,20,30,40",0.0,0.0,0.0,0.0,0.0,1.0,1.0,1.0,0.0,0.0,0.55,0.0,1.0,0.55,0.44999999999999996,0.3,0.0,1.0,0.3,0.7,0.0,0.0,0.0,0.0,0.0,1.6,0.0,3.0,1.6,1.4,0.0,0.0,0.0,0.0,0.0,4.0,4.0,4.0,0.0,0.0,0.0,0.0,0.0,0.0,0.0,4.0,4.0,4.0,0.0,0.0
20,4,5,5,0.1,0.2,0.3,dense,True,20,20,20,4,5,5,17,Shard-aware weakest-token diagnostic,weakest_harmful_token_not_full_sequence_validity,radius_derived,5,"0,10,20,30,40",0.0,0.0,0.0,0.0,0.0,1.0,1.0,1.0,0.0,0.0,0.55,0.0,1.0,0.55,0.44999999999999996,0.3,0.0,1.0,0.3,0.7,0.0,0.0,0.0,0.0,0.0,1.6,0.0,3.0,1.6,1.4,0.0,0.0,0.0,0.0,0.0,4.0,4.0,4.0,0.0,0.0,0.0,0.0,0.0,0.0,0.0,4.0,4.0,4.0,0.0,0.0
20,4,5,5,0.1,0.2,0.3,dense,True,20,20,20,4,5,5,18,Shard-aware weakest-token diagnostic,weakest_harmful_token_not_full_sequence_validity,radius_derived,5,"0,10,20,30,40",0.0,0.0,0.0,0.0,0.0,1.0,1.0,1.0,0.0,0.0,0.55,0.0,1.0,0.55,0.44999999999999996,0.3,0.0,1.0,0.3,0.7,0.0,0.0,0.0,0.0,0.0,1.6,0.0,3.0,1.6,1.4,0.0,0.0,0.0,0.0,0.0,4.0,4.0,4.0,0.0,0.0,0.0,0.0,0.0,0.0,0.0,4.0,4.0,4.0,0.0,0.0
20,4,5,5,0.1,0.2,0.3,dense,True,20,20,20,4,5,5,19,Shard-aware weakest-token diagnostic,weakest_harmful_token_not_full_sequence_validity,radius_derived,5,"0,10,20,30,40",0.0,0.0,0.0,0.0,0.0,1.0,1.0,1.0,0.0,0.0,0.55,0.0,1.0,0.55,0.44999999999999996,0.3,0.0,1.0,0.3,0.7,0.0,0.0,0.0,0.0,0.0,1.6,0.0,3.0,1.6,1.4,0.0,0.0,0.0,0.0,0.0,4.0,4.0,4.0,0.0,0.0,0.0,0.0,0.0,0.0,0.0,4.0,4.0,4.0,0.0,0.0
20,4,5,5,0.1,0.2,0.3,dense,True,20,20,20,4,5,5,20,Shard-aware weakest-token diagnostic,weakest_harmful_token_not_full_sequence_validity,radius_derived,5,"0,10,20,30,40",0.0,0.0,0.0,0.0,0.0,1.0,1.0,1.0,0.0,0.0,0.55,0.0,1.0,0.55,0.44999999999999996,0.3,0.0,1.0,0.3,0.7,0.0,0.0,0.0,0.0,0.0,1.6,0.0,3.0,1.6,1.4,0.0,0.0,0.0,0.0,0.0,4.0,4.0,4.0,0.0,0.0,0.0,0.0,0.0,0.0,0.0,4.0,4.0,4.0,0.0,0.0
20,4,5,5,0.1,0.2,0.3,dense,True,20,20,20,4,5,5,0,Shard-aware independent max-token diagnostic,most_difficult_harmful_token_not_full_sequence_validity,radius_derived,5,"0,10,20,30,40",1.0,1.0,1.0,0.0,0.0,0.0,0.0,0.0,0.0,0.0,5.0,4.0,6.5,1.0,1.5,5.0,4.0,6.5,1.0,1.5,4.0,3.0,6.0,1.0,2.0,6.0,5.0,7.0,1.0,1.0,4.0,4.0,4.0,0.0,0.0,4.0,4.0,4.0,0.0,0.0,0.0,0.0,0.0,0.0,0.0,4.0,4.0,4.0,0.0,0.0
20,4,5,5,0.1,0.2,0.3,dense,True,20,20,20,4,5,5,1,Shard-aware independent max-token diagnostic,most_difficult_harmful_token_not_full_sequence_validity,radius_derived,5,"0,10,20,30,40",1.0,1.0,1.0,0.0,0.0,0.0,0.0,0.0,0.0,0.0,5.0,4.0,6.5,1.0,1.5,5.0,4.0,6.5,1.0,1.5,4.0,3.0,6.0,1.0,2.0,6.0,5.0,7.0,1.0,1.0,4.0,4.0,4.0,0.0,0.0,4.0,4.0,4.0,0.0,0.0,0.0,0.0,0.0,0.0,0.0,4.0,4.0,4.0,0.0,0.0
20,4,5,5,0.1,0.2,0.3,dense,True,20,20,20,4,5,5,2,Shard-aware independent max-token diagnostic,most_difficult_harmful_token_not_full_sequence_validity,radius_derived,5,"0,10,20,30,40",1.0,1.0,1.0,0.0,0.0,0.0,0.0,0.0,0.0,0.0,5.0,4.0,6.5,1.0,1.5,5.0,4.0,6.5,1.0,1.5,4.0,3.0,6.0,1.0,2.0,6.0,5.0,7.0,1.0,1.0,4.0,4.0,4.0,0.0,0.0,4.0,4.0,4.0,0.0,0.0,0.0,0.0,0.0,0.0,0.0,4.0,4.0,4.0,0.0,0.0
20,4,5,5,0.1,0.2,0.3,dense,True,20,20,20,4,5,5,3,Shard-aware independent max-token diagnostic,most_difficult_harmful_token_not_full_sequence_validity,radius_derived,5,"0,10,20,30,40",0.85,0.5,1.0,0.35,0.15000000000000002,0.15,0.0,0.5,0.15,0.35,5.0,4.0,6.5,1.0,1.5,5.0,4.0,6.5,1.0,1.5,4.0,3.0,6.0,1.0,2.0,6.0,5.0,7.0,1.0,1.0,3.4,2.0,4.0,1.4,0.6000000000000001,4.0,4.0,4.0,0.0,0.0,0.0,0.0,0.0,0.0,0.0,4.0,4.0,4.0,0.0,0.0
20,4,5,5,0.1,0.2,0.3,dense,True,20,20,20,4,5,5,4,Shard-aware independent max-token diagnostic,most_difficult_harmful_token_not_full_sequence_validity,radius_derived,5,"0,10,20,30,40",0.65,0.25,1.0,0.4,0.35,0.35,0.0,0.75,0.35,0.4,5.0,4.0,6.5,1.0,1.5,5.0,4.0,6.5,1.0,1.5,4.0,3.0,6.0,1.0,2.0,6.0,5.0,7.0,1.0,1.0,2.6,1.0,4.0,1.6,1.4,4.0,4.0,4.0,0.0,0.0,0.0,0.0,0.0,0.0,0.0,4.0,4.0,4.0,0.0,0.0
20,4,5,5,0.1,0.2,0.3,dense,True,20,20,20,4,5,5,5,Shard-aware independent max-token diagnostic,most_difficult_harmful_token_not_full_sequence_validity,radius_derived,5,"0,10,20,30,40",0.35,0.0,1.0,0.35,0.65,0.65,0.0,1.0,0.65,0.35,5.0,4.0,6.5,1.0,1.5,5.0,4.0,6.5,1.0,1.5,4.0,3.0,6.0,1.0,2.0,6.0,5.0,7.0,1.0,1.0,1.4,0.0,4.0,1.4,2.6,4.0,4.0,4.0,0.0,0.0,0.0,0.0,0.0,0.0,0.0,4.0,4.0,4.0,0.0,0.0
20,4,5,5,0.1,0.2,0.3,dense,True,20,20,20,4,5,5,6,Shard-aware independent max-token diagnostic,most_difficult_harmful_token_not_full_sequence_validity,radius_derived,5,"0,10,20,30,40",0.15,0.0,0.5,0.15,0.35,0.85,0.5,1.0,0.35,0.15000000000000002,5.0,4.0,6.5,1.0,1.5,5.0,4.0,6.5,1.0,1.5,4.0,3.0,6.0,1.0,2.0,6.0,5.0,7.0,1.0,1.0,0.6,0.0,2.0,0.6,1.4,4.0,4.0,4.0,0.0,0.0,0.0,0.0,0.0,0.0,0.0,4.0,4.0,4.0,0.0,0.0
20,4,5,5,0.1,0.2,0.3,dense,True,20,20,20,4,5,5,7,Shard-aware independent max-token diagnostic,most_difficult_harmful_token_not_full_sequence_validity,radius_derived,5,"0,10,20,30,40",0.0,0.0,0.0,0.0,0.0,1.0,1.0,1.0,0.0,0.0,5.0,4.0,6.5,1.0,1.5,5.0,4.0,6.5,1.0,1.5,4.0,3.0,6.0,1.0,2.0,6.0,5.0,7.0,1.0,1.0,0.0,0.0,0.0,0.0,0.0,4.0,4.0,4.0,0.0,0.0,0.0,0.0,0.0,0.0,0.0,4.0,4.0,4.0,0.0,0.0
20,4,5,5,0.1,0.2,0.3,dense,True,20,20,20,4,5,5,8,Shard-aware independent max-token diagnostic,most_difficult_harmful_token_not_full_sequence_validity,radius_derived,5,"0,10,20,30,40",0.0,0.0,0.0,0.0,0.0,1.0,1.0,1.0,0.0,0.0,5.0,4.0,6.5,1.0,1.5,5.0,4.0,6.5,1.0,1.5,4.0,3.0,6.0,1.0,2.0,6.0,5.0,7.0,1.0,1.0,0.0,0.0,0.0,0.0,0.0,4.0,4.0,4.0,0.0,0.0,0.0,0.0,0.0,0.0,0.0,4.0,4.0,4.0,0.0,0.0
20,4,5,5,0.1,0.2,0.3,dense,True,20,20,20,4,5,5,9,Shard-aware independent max-token diagnostic,most_difficult_harmful_token_not_full_sequence_validity,radius_derived,5,"0,10,20,30,40",0.0,0.0,0.0,0.0,0.0,1.0,1.0,1.0,0.0,0.0,5.0,4.0,6.5,1.0,1.5,5.0,4.0,6.5,1.0,1.5,4.0,3.0,6.0,1.0,2.0,6.0,5.0,7.0,1.0,1.0,0.0,0.0,0.0,0.0,0.0,4.0,4.0,4.0,0.0,0.0,0.0,0.0,0.0,0.0,0.0,4.0,4.0,4.0,0.0,0.0
20,4,5,5,0.1,0.2,0.3,dense,True,20,20,20,4,5,5,10,Shard-aware independent max-token diagnostic,most_difficult_harmful_token_not_full_sequence_validity,radius_derived,5,"0,10,20,30,40",0.0,0.0,0.0,0.0,0.0,1.0,1.0,1.0,0.0,0.0,5.0,4.0,6.5,1.0,1.5,5.0,4.0,6.5,1.0,1.5,4.0,3.0,6.0,1.0,2.0,6.0,5.0,7.0,1.0,1.0,0.0,0.0,0.0,0.0,0.0,4.0,4.0,4.0,0.0,0.0,0.0,0.0,0.0,0.0,0.0,4.0,4.0,4.0,0.0,0.0
20,4,5,5,0.1,0.2,0.3,dense,True,20,20,20,4,5,5,11,Shard-aware independent max-token diagnostic,most_difficult_harmful_token_not_full_sequence_validity,radius_derived,5,"0,10,20,30,40",0.0,0.0,0.0,0.0,0.0,1.0,1.0,1.0,0.0,0.0,5.0,4.0,6.5,1.0,1.5,5.0,4.0,6.5,1.0,1.5,4.0,3.0,6.0,1.0,2.0,6.0,5.0,7.0,1.0,1.0,0.0,0.0,0.0,0.0,0.0,4.0,4.0,4.0,0.0,0.0,0.0,0.0,0.0,0.0,0.0,4.0,4.0,4.0,0.0,0.0
20,4,5,5,0.1,0.2,0.3,dense,True,20,20,20,4,5,5,12,Shard-aware independent max-token diagnostic,most_difficult_harmful_token_not_full_sequence_validity,radius_derived,5,"0,10,20,30,40",0.0,0.0,0.0,0.0,0.0,1.0,1.0,1.0,0.0,0.0,5.0,4.0,6.5,1.0,1.5,5.0,4.0,6.5,1.0,1.5,4.0,3.0,6.0,1.0,2.0,6.0,5.0,7.0,1.0,1.0,0.0,0.0,0.0,0.0,0.0,4.0,4.0,4.0,0.0,0.0,0.0,0.0,0.0,0.0,0.0,4.0,4.0,4.0,0.0,0.0
20,4,5,5,0.1,0.2,0.3,dense,True,20,20,20,4,5,5,13,Shard-aware independent max-token diagnostic,most_difficult_harmful_token_not_full_sequence_validity,radius_derived,5,"0,10,20,30,40",0.0,0.0,0.0,0.0,0.0,1.0,1.0,1.0,0.0,0.0,5.0,4.0,6.5,1.0,1.5,5.0,4.0,6.5,1.0,1.5,4.0,3.0,6.0,1.0,2.0,6.0,5.0,7.0,1.0,1.0,0.0,0.0,0.0,0.0,0.0,4.0,4.0,4.0,0.0,0.0,0.0,0.0,0.0,0.0,0.0,4.0,4.0,4.0,0.0,0.0
20,4,5,5,0.1,0.2,0.3,dense,True,20,20,20,4,5,5,14,Shard-aware independent max-token diagnostic,most_difficult_harmful_token_not_full_sequence_validity,radius_derived,5,"0,10,20,30,40",0.0,0.0,0.0,0.0,0.0,1.0,1.0,1.0,0.0,0.0,5.0,4.0,6.5,1.0,1.5,5.0,4.0,6.5,1.0,1.5,4.0,3.0,6.0,1.0,2.0,6.0,5.0,7.0,1.0,1.0,0.0,0.0,0.0,0.0,0.0,4.0,4.0,4.0,0.0,0.0,0.0,0.0,0.0,0.0,0.0,4.0,4.0,4.0,0.0,0.0
20,4,5,5,0.1,0.2,0.3,dense,True,20,20,20,4,5,5,15,Shard-aware independent max-token diagnostic,most_difficult_harmful_token_not_full_sequence_validity,radius_derived,5,"0,10,20,30,40",0.0,0.0,0.0,0.0,0.0,1.0,1.0,1.0,0.0,0.0,5.0,4.0,6.5,1.0,1.5,5.0,4.0,6.5,1.0,1.5,4.0,3.0,6.0,1.0,2.0,6.0,5.0,7.0,1.0,1.0,0.0,0.0,0.0,0.0,0.0,4.0,4.0,4.0,0.0,0.0,0.0,0.0,0.0,0.0,0.0,4.0,4.0,4.0,0.0,0.0
20,4,5,5,0.1,0.2,0.3,dense,True,20,20,20,4,5,5,16,Shard-aware independent max-token diagnostic,most_difficult_harmful_token_not_full_sequence_validity,radius_derived,5,"0,10,20,30,40",0.0,0.0,0.0,0.0,0.0,1.0,1.0,1.0,0.0,0.0,5.0,4.0,6.5,1.0,1.5,5.0,4.0,6.5,1.0,1.5,4.0,3.0,6.0,1.0,2.0,6.0,5.0,7.0,1.0,1.0,0.0,0.0,0.0,0.0,0.0,4.0,4.0,4.0,0.0,0.0,0.0,0.0,0.0,0.0,0.0,4.0,4.0,4.0,0.0,0.0
20,4,5,5,0.1,0.2,0.3,dense,True,20,20,20,4,5,5,17,Shard-aware independent max-token diagnostic,most_difficult_harmful_token_not_full_sequence_validity,radius_derived,5,"0,10,20,30,40",0.0,0.0,0.0,0.0,0.0,1.0,1.0,1.0,0.0,0.0,5.0,4.0,6.5,1.0,1.5,5.0,4.0,6.5,1.0,1.5,4.0,3.0,6.0,1.0,2.0,6.0,5.0,7.0,1.0,1.0,0.0,0.0,0.0,0.0,0.0,4.0,4.0,4.0,0.0,0.0,0.0,0.0,0.0,0.0,0.0,4.0,4.0,4.0,0.0,0.0
20,4,5,5,0.1,0.2,0.3,dense,True,20,20,20,4,5,5,18,Shard-aware independent max-token diagnostic,most_difficult_harmful_token_not_full_sequence_validity,radius_derived,5,"0,10,20,30,40",0.0,0.0,0.0,0.0,0.0,1.0,1.0,1.0,0.0,0.0,5.0,4.0,6.5,1.0,1.5,5.0,4.0,6.5,1.0,1.5,4.0,3.0,6.0,1.0,2.0,6.0,5.0,7.0,1.0,1.0,0.0,0.0,0.0,0.0,0.0,4.0,4.0,4.0,0.0,0.0,0.0,0.0,0.0,0.0,0.0,4.0,4.0,4.0,0.0,0.0
20,4,5,5,0.1,0.2,0.3,dense,True,20,20,20,4,5,5,19,Shard-aware independent max-token diagnostic,most_difficult_harmful_token_not_full_sequence_validity,radius_derived,5,"0,10,20,30,40",0.0,0.0,0.0,0.0,0.0,1.0,1.0,1.0,0.0,0.0,5.0,4.0,6.5,1.0,1.5,5.0,4.0,6.5,1.0,1.5,4.0,3.0,6.0,1.0,2.0,6.0,5.0,7.0,1.0,1.0,0.0,0.0,0.0,0.0,0.0,4.0,4.0,4.0,0.0,0.0,0.0,0.0,0.0,0.0,0.0,4.0,4.0,4.0,0.0,0.0
20,4,5,5,0.1,0.2,0.3,dense,True,20,20,20,4,5,5,20,Shard-aware independent max-token diagnostic,most_difficult_harmful_token_not_full_sequence_validity,radius_derived,5,"0,10,20,30,40",0.0,0.0,0.0,0.0,0.0,1.0,1.0,1.0,0.0,0.0,5.0,4.0,6.5,1.0,1.5,5.0,4.0,6.5,1.0,1.5,4.0,3.0,6.0,1.0,2.0,6.0,5.0,7.0,1.0,1.0,0.0,0.0,0.0,0.0,0.0,4.0,4.0,4.0,0.0,0.0,0.0,0.0,0.0,0.0,0.0,4.0,4.0,4.0,0.0,0.0
20,4,5,5,0.1,0.2,0.3,dense,True,20,20,20,4,5,5,0,TPA max-token phrase baseline,validity_full_harmful_sequence_per_prompt,radius_derived,5,"0,10,20,30,40",1.0,1.0,1.0,0.0,0.0,0.0,0.0,0.0,0.0,0.0,5.0,4.0,6.5,1.0,1.5,5.0,4.0,6.5,1.0,1.5,4.0,3.0,6.0,1.0,2.0,6.0,5.0,7.0,1.0,1.0,4.0,4.0,4.0,0.0,0.0,4.0,4.0,4.0,0.0,0.0,0.0,0.0,0.0,0.0,0.0,4.0,4.0,4.0,0.0,0.0
20,4,5,5,0.1,0.2,0.3,dense,True,20,20,20,4,5,5,1,TPA max-token phrase baseline,validity_full_harmful_sequence_per_prompt,radius_derived,5,"0,10,20,30,40",1.0,1.0,1.0,0.0,0.0,0.0,0.0,0.0,0.0,0.0,5.0,4.0,6.5,1.0,1.5,5.0,4.0,6.5,1.0,1.5,4.0,3.0,6.0,1.0,2.0,6.0,5.0,7.0,1.0,1.0,4.0,4.0,4.0,0.0,0.0,4.0,4.0,4.0,0.0,0.0,0.0,0.0,0.0,0.0,0.0,4.0,4.0,4.0,0.0,0.0
20,4,5,5,0.1,0.2,0.3,dense,True,20,20,20,4,5,5,2,TPA max-token phrase baseline,validity_full_harmful_sequence_per_prompt,radius_derived,5,"0,10,20,30,40",1.0,1.0,1.0,0.0,0.0,0.0,0.0,0.0,0.0,0.0,5.0,4.0,6.5,1.0,1.5,5.0,4.0,6.5,1.0,1.5,4.0,3.0,6.0,1.0,2.0,6.0,5.0,7.0,1.0,1.0,4.0,4.0,4.0,0.0,0.0,4.0,4.0,4.0,0.0,0.0,0.0,0.0,0.0,0.0,0.0,4.0,4.0,4.0,0.0,0.0
20,4,5,5,0.1,0.2,0.3,dense,True,20,20,20,4,5,5,3,TPA max-token phrase baseline,validity_full_harmful_sequence_per_prompt,radius_derived,5,"0,10,20,30,40",0.85,0.5,1.0,0.35,0.15000000000000002,0.15,0.0,0.5,0.15,0.35,5.0,4.0,6.5,1.0,1.5,5.0,4.0,6.5,1.0,1.5,4.0,3.0,6.0,1.0,2.0,6.0,5.0,7.0,1.0,1.0,3.4,2.0,4.0,1.4,0.6000000000000001,4.0,4.0,4.0,0.0,0.0,0.0,0.0,0.0,0.0,0.0,4.0,4.0,4.0,0.0,0.0
20,4,5,5,0.1,0.2,0.3,dense,True,20,20,20,4,5,5,4,TPA max-token phrase baseline,validity_full_harmful_sequence_per_prompt,radius_derived,5,"0,10,20,30,40",0.65,0.25,1.0,0.4,0.35,0.35,0.0,0.75,0.35,0.4,5.0,4.0,6.5,1.0,1.5,5.0,4.0,6.5,1.0,1.5,4.0,3.0,6.0,1.0,2.0,6.0,5.0,7.0,1.0,1.0,2.6,1.0,4.0,1.6,1.4,4.0,4.0,4.0,0.0,0.0,0.0,0.0,0.0,0.0,0.0,4.0,4.0,4.0,0.0,0.0
20,4,5,5,0.1,0.2,0.3,dense,True,20,20,20,4,5,5,5,TPA max-token phrase baseline,validity_full_harmful_sequence_per_prompt,radius_derived,5,"0,10,20,30,40",0.35,0.0,1.0,0.35,0.65,0.65,0.0,1.0,0.65,0.35,5.0,4.0,6.5,1.0,1.5,5.0,4.0,6.5,1.0,1.5,4.0,3.0,6.0,1.0,2.0,6.0,5.0,7.0,1.0,1.0,1.4,0.0,4.0,1.4,2.6,4.0,4.0,4.0,0.0,0.0,0.0,0.0,0.0,0.0,0.0,4.0,4.0,4.0,0.0,0.0
20,4,5,5,0.1,0.2,0.3,dense,True,20,20,20,4,5,5,6,TPA max-token phrase baseline,validity_full_harmful_sequence_per_prompt,radius_derived,5,"0,10,20,30,40",0.15,0.0,0.5,0.15,0.35,0.85,0.5,1.0,0.35,0.15000000000000002,5.0,4.0,6.5,1.0,1.5,5.0,4.0,6.5,1.0,1.5,4.0,3.0,6.0,1.0,2.0,6.0,5.0,7.0,1.0,1.0,0.6,0.0,2.0,0.6,1.4,4.0,4.0,4.0,0.0,0.0,0.0,0.0,0.0,0.0,0.0,4.0,4.0,4.0,0.0,0.0
20,4,5,5,0.1,0.2,0.3,dense,True,20,20,20,4,5,5,7,TPA max-token phrase baseline,validity_full_harmful_sequence_per_prompt,radius_derived,5,"0,10,20,30,40",0.0,0.0,0.0,0.0,0.0,1.0,1.0,1.0,0.0,0.0,5.0,4.0,6.5,1.0,1.5,5.0,4.0,6.5,1.0,1.5,4.0,3.0,6.0,1.0,2.0,6.0,5.0,7.0,1.0,1.0,0.0,0.0,0.0,0.0,0.0,4.0,4.0,4.0,0.0,0.0,0.0,0.0,0.0,0.0,0.0,4.0,4.0,4.0,0.0,0.0
20,4,5,5,0.1,0.2,0.3,dense,True,20,20,20,4,5,5,8,TPA max-token phrase baseline,validity_full_harmful_sequence_per_prompt,radius_derived,5,"0,10,20,30,40",0.0,0.0,0.0,0.0,0.0,1.0,1.0,1.0,0.0,0.0,5.0,4.0,6.5,1.0,1.5,5.0,4.0,6.5,1.0,1.5,4.0,3.0,6.0,1.0,2.0,6.0,5.0,7.0,1.0,1.0,0.0,0.0,0.0,0.0,0.0,4.0,4.0,4.0,0.0,0.0,0.0,0.0,0.0,0.0,0.0,4.0,4.0,4.0,0.0,0.0
20,4,5,5,0.1,0.2,0.3,dense,True,20,20,20,4,5,5,9,TPA max-token phrase baseline,validity_full_harmful_sequence_per_prompt,radius_derived,5,"0,10,20,30,40",0.0,0.0,0.0,0.0,0.0,1.0,1.0,1.0,0.0,0.0,5.0,4.0,6.5,1.0,1.5,5.0,4.0,6.5,1.0,1.5,4.0,3.0,6.0,1.0,2.0,6.0,5.0,7.0,1.0,1.0,0.0,0.0,0.0,0.0,0.0,4.0,4.0,4.0,0.0,0.0,0.0,0.0,0.0,0.0,0.0,4.0,4.0,4.0,0.0,0.0
20,4,5,5,0.1,0.2,0.3,dense,True,20,20,20,4,5,5,10,TPA max-token phrase baseline,validity_full_harmful_sequence_per_prompt,radius_derived,5,"0,10,20,30,40",0.0,0.0,0.0,0.0,0.0,1.0,1.0,1.0,0.0,0.0,5.0,4.0,6.5,1.0,1.5,5.0,4.0,6.5,1.0,1.5,4.0,3.0,6.0,1.0,2.0,6.0,5.0,7.0,1.0,1.0,0.0,0.0,0.0,0.0,0.0,4.0,4.0,4.0,0.0,0.0,0.0,0.0,0.0,0.0,0.0,4.0,4.0,4.0,0.0,0.0
20,4,5,5,0.1,0.2,0.3,dense,True,20,20,20,4,5,5,11,TPA max-token phrase baseline,validity_full_harmful_sequence_per_prompt,radius_derived,5,"0,10,20,30,40",0.0,0.0,0.0,0.0,0.0,1.0,1.0,1.0,0.0,0.0,5.0,4.0,6.5,1.0,1.5,5.0,4.0,6.5,1.0,1.5,4.0,3.0,6.0,1.0,2.0,6.0,5.0,7.0,1.0,1.0,0.0,0.0,0.0,0.0,0.0,4.0,4.0,4.0,0.0,0.0,0.0,0.0,0.0,0.0,0.0,4.0,4.0,4.0,0.0,0.0
20,4,5,5,0.1,0.2,0.3,dense,True,20,20,20,4,5,5,12,TPA max-token phrase baseline,validity_full_harmful_sequence_per_prompt,radius_derived,5,"0,10,20,30,40",0.0,0.0,0.0,0.0,0.0,1.0,1.0,1.0,0.0,0.0,5.0,4.0,6.5,1.0,1.5,5.0,4.0,6.5,1.0,1.5,4.0,3.0,6.0,1.0,2.0,6.0,5.0,7.0,1.0,1.0,0.0,0.0,0.0,0.0,0.0,4.0,4.0,4.0,0.0,0.0,0.0,0.0,0.0,0.0,0.0,4.0,4.0,4.0,0.0,0.0
20,4,5,5,0.1,0.2,0.3,dense,True,20,20,20,4,5,5,13,TPA max-token phrase baseline,validity_full_harmful_sequence_per_prompt,radius_derived,5,"0,10,20,30,40",0.0,0.0,0.0,0.0,0.0,1.0,1.0,1.0,0.0,0.0,5.0,4.0,6.5,1.0,1.5,5.0,4.0,6.5,1.0,1.5,4.0,3.0,6.0,1.0,2.0,6.0,5.0,7.0,1.0,1.0,0.0,0.0,0.0,0.0,0.0,4.0,4.0,4.0,0.0,0.0,0.0,0.0,0.0,0.0,0.0,4.0,4.0,4.0,0.0,0.0
20,4,5,5,0.1,0.2,0.3,dense,True,20,20,20,4,5,5,14,TPA max-token phrase baseline,validity_full_harmful_sequence_per_prompt,radius_derived,5,"0,10,20,30,40",0.0,0.0,0.0,0.0,0.0,1.0,1.0,1.0,0.0,0.0,5.0,4.0,6.5,1.0,1.5,5.0,4.0,6.5,1.0,1.5,4.0,3.0,6.0,1.0,2.0,6.0,5.0,7.0,1.0,1.0,0.0,0.0,0.0,0.0,0.0,4.0,4.0,4.0,0.0,0.0,0.0,0.0,0.0,0.0,0.0,4.0,4.0,4.0,0.0,0.0
20,4,5,5,0.1,0.2,0.3,dense,True,20,20,20,4,5,5,15,TPA max-token phrase baseline,validity_full_harmful_sequence_per_prompt,radius_derived,5,"0,10,20,30,40",0.0,0.0,0.0,0.0,0.0,1.0,1.0,1.0,0.0,0.0,5.0,4.0,6.5,1.0,1.5,5.0,4.0,6.5,1.0,1.5,4.0,3.0,6.0,1.0,2.0,6.0,5.0,7.0,1.0,1.0,0.0,0.0,0.0,0.0,0.0,4.0,4.0,4.0,0.0,0.0,0.0,0.0,0.0,0.0,0.0,4.0,4.0,4.0,0.0,0.0
20,4,5,5,0.1,0.2,0.3,dense,True,20,20,20,4,5,5,16,TPA max-token phrase baseline,validity_full_harmful_sequence_per_prompt,radius_derived,5,"0,10,20,30,40",0.0,0.0,0.0,0.0,0.0,1.0,1.0,1.0,0.0,0.0,5.0,4.0,6.5,1.0,1.5,5.0,4.0,6.5,1.0,1.5,4.0,3.0,6.0,1.0,2.0,6.0,5.0,7.0,1.0,1.0,0.0,0.0,0.0,0.0,0.0,4.0,4.0,4.0,0.0,0.0,0.0,0.0,0.0,0.0,0.0,4.0,4.0,4.0,0.0,0.0
20,4,5,5,0.1,0.2,0.3,dense,True,20,20,20,4,5,5,17,TPA max-token phrase baseline,validity_full_harmful_sequence_per_prompt,radius_derived,5,"0,10,20,30,40",0.0,0.0,0.0,0.0,0.0,1.0,1.0,1.0,0.0,0.0,5.0,4.0,6.5,1.0,1.5,5.0,4.0,6.5,1.0,1.5,4.0,3.0,6.0,1.0,2.0,6.0,5.0,7.0,1.0,1.0,0.0,0.0,0.0,0.0,0.0,4.0,4.0,4.0,0.0,0.0,0.0,0.0,0.0,0.0,0.0,4.0,4.0,4.0,0.0,0.0
20,4,5,5,0.1,0.2,0.3,dense,True,20,20,20,4,5,5,18,TPA max-token phrase baseline,validity_full_harmful_sequence_per_prompt,radius_derived,5,"0,10,20,30,40",0.0,0.0,0.0,0.0,0.0,1.0,1.0,1.0,0.0,0.0,5.0,4.0,6.5,1.0,1.5,5.0,4.0,6.5,1.0,1.5,4.0,3.0,6.0,1.0,2.0,6.0,5.0,7.0,1.0,1.0,0.0,0.0,0.0,0.0,0.0,4.0,4.0,4.0,0.0,0.0,0.0,0.0,0.0,0.0,0.0,4.0,4.0,4.0,0.0,0.0
20,4,5,5,0.1,0.2,0.3,dense,True,20,20,20,4,5,5,19,TPA max-token phrase baseline,validity_full_harmful_sequence_per_prompt,radius_derived,5,"0,10,20,30,40",0.0,0.0,0.0,0.0,0.0,1.0,1.0,1.0,0.0,0.0,5.0,4.0,6.5,1.0,1.5,5.0,4.0,6.5,1.0,1.5,4.0,3.0,6.0,1.0,2.0,6.0,5.0,7.0,1.0,1.0,0.0,0.0,0.0,0.0,0.0,4.0,4.0,4.0,0.0,0.0,0.0,0.0,0.0,0.0,0.0,4.0,4.0,4.0,0.0,0.0
20,4,5,5,0.1,0.2,0.3,dense,True,20,20,20,4,5,5,20,TPA max-token phrase baseline,validity_full_harmful_sequence_per_prompt,radius_derived,5,"0,10,20,30,40",0.0,0.0,0.0,0.0,0.0,1.0,1.0,1.0,0.0,0.0,5.0,4.0,6.5,1.0,1.5,5.0,4.0,6.5,1.0,1.5,4.0,3.0,6.0,1.0,2.0,6.0,5.0,7.0,1.0,1.0,0.0,0.0,0.0,0.0,0.0,4.0,4.0,4.0,0.0,0.0,0.0,0.0,0.0,0.0,0.0,4.0,4.0,4.0,0.0,0.0
20,4,5,5,0.1,0.2,0.3,dense,True,20,20,20,4,5,5,0,Shared MILP,validity_full_harmful_sequence_per_prompt,radius_derived,5,"0,10,20,30,40",1.0,1.0,1.0,0.0,0.0,0.0,0.0,0.0,0.0,0.0,5.0,4.0,6.5,1.0,1.5,5.0,4.0,6.5,1.0,1.5,4.0,3.0,6.0,1.0,2.0,6.0,5.0,7.0,1.0,1.0,4.0,4.0,4.0,0.0,0.0,4.0,4.0,4.0,0.0,0.0,0.0,0.0,0.0,0.0,0.0,4.0,4.0,4.0,0.0,0.0
20,4,5,5,0.1,0.2,0.3,dense,True,20,20,20,4,5,5,1,Shared MILP,validity_full_harmful_sequence_per_prompt,radius_derived,5,"0,10,20,30,40",1.0,1.0,1.0,0.0,0.0,0.0,0.0,0.0,0.0,0.0,5.0,4.0,6.5,1.0,1.5,5.0,4.0,6.5,1.0,1.5,4.0,3.0,6.0,1.0,2.0,6.0,5.0,7.0,1.0,1.0,4.0,4.0,4.0,0.0,0.0,4.0,4.0,4.0,0.0,0.0,0.0,0.0,0.0,0.0,0.0,4.0,4.0,4.0,0.0,0.0
20,4,5,5,0.1,0.2,0.3,dense,True,20,20,20,4,5,5,2,Shared MILP,validity_full_harmful_sequence_per_prompt,radius_derived,5,"0,10,20,30,40",1.0,1.0,1.0,0.0,0.0,0.0,0.0,0.0,0.0,0.0,5.0,4.0,6.5,1.0,1.5,5.0,4.0,6.5,1.0,1.5,4.0,3.0,6.0,1.0,2.0,6.0,5.0,7.0,1.0,1.0,4.0,4.0,4.0,0.0,0.0,4.0,4.0,4.0,0.0,0.0,0.0,0.0,0.0,0.0,0.0,4.0,4.0,4.0,0.0,0.0
20,4,5,5,0.1,0.2,0.3,dense,True,20,20,20,4,5,5,3,Shared MILP,validity_full_harmful_sequence_per_prompt,radius_derived,5,"0,10,20,30,40",0.85,0.5,1.0,0.35,0.15000000000000002,0.15,0.0,0.5,0.15,0.35,5.0,4.0,6.5,1.0,1.5,5.0,4.0,6.5,1.0,1.5,4.0,3.0,6.0,1.0,2.0,6.0,5.0,7.0,1.0,1.0,3.4,2.0,4.0,1.4,0.6000000000000001,4.0,4.0,4.0,0.0,0.0,0.0,0.0,0.0,0.0,0.0,4.0,4.0,4.0,0.0,0.0
20,4,5,5,0.1,0.2,0.3,dense,True,20,20,20,4,5,5,4,Shared MILP,validity_full_harmful_sequence_per_prompt,radius_derived,5,"0,10,20,30,40",0.65,0.25,1.0,0.4,0.35,0.35,0.0,0.75,0.35,0.4,5.0,4.0,6.5,1.0,1.5,5.0,4.0,6.5,1.0,1.5,4.0,3.0,6.0,1.0,2.0,6.0,5.0,7.0,1.0,1.0,2.6,1.0,4.0,1.6,1.4,4.0,4.0,4.0,0.0,0.0,0.0,0.0,0.0,0.0,0.0,4.0,4.0,4.0,0.0,0.0
20,4,5,5,0.1,0.2,0.3,dense,True,20,20,20,4,5,5,5,Shared MILP,validity_full_harmful_sequence_per_prompt,radius_derived,5,"0,10,20,30,40",0.35,0.0,1.0,0.35,0.65,0.65,0.0,1.0,0.65,0.35,5.0,4.0,6.5,1.0,1.5,5.0,4.0,6.5,1.0,1.5,4.0,3.0,6.0,1.0,2.0,6.0,5.0,7.0,1.0,1.0,1.4,0.0,4.0,1.4,2.6,4.0,4.0,4.0,0.0,0.0,0.0,0.0,0.0,0.0,0.0,4.0,4.0,4.0,0.0,0.0
20,4,5,5,0.1,0.2,0.3,dense,True,20,20,20,4,5,5,6,Shared MILP,validity_full_harmful_sequence_per_prompt,radius_derived,5,"0,10,20,30,40",0.15,0.0,0.5,0.15,0.35,0.85,0.5,1.0,0.35,0.15000000000000002,5.0,4.0,6.5,1.0,1.5,5.0,4.0,6.5,1.0,1.5,4.0,3.0,6.0,1.0,2.0,6.0,5.0,7.0,1.0,1.0,0.6,0.0,2.0,0.6,1.4,4.0,4.0,4.0,0.0,0.0,0.0,0.0,0.0,0.0,0.0,4.0,4.0,4.0,0.0,0.0
20,4,5,5,0.1,0.2,0.3,dense,True,20,20,20,4,5,5,7,Shared MILP,validity_full_harmful_sequence_per_prompt,radius_derived,5,"0,10,20,30,40",0.0,0.0,0.0,0.0,0.0,1.0,1.0,1.0,0.0,0.0,5.0,4.0,6.5,1.0,1.5,5.0,4.0,6.5,1.0,1.5,4.0,3.0,6.0,1.0,2.0,6.0,5.0,7.0,1.0,1.0,0.0,0.0,0.0,0.0,0.0,4.0,4.0,4.0,0.0,0.0,0.0,0.0,0.0,0.0,0.0,4.0,4.0,4.0,0.0,0.0
20,4,5,5,0.1,0.2,0.3,dense,True,20,20,20,4,5,5,8,Shared MILP,validity_full_harmful_sequence_per_prompt,radius_derived,5,"0,10,20,30,40",0.0,0.0,0.0,0.0,0.0,1.0,1.0,1.0,0.0,0.0,5.0,4.0,6.5,1.0,1.5,5.0,4.0,6.5,1.0,1.5,4.0,3.0,6.0,1.0,2.0,6.0,5.0,7.0,1.0,1.0,0.0,0.0,0.0,0.0,0.0,4.0,4.0,4.0,0.0,0.0,0.0,0.0,0.0,0.0,0.0,4.0,4.0,4.0,0.0,0.0
20,4,5,5,0.1,0.2,0.3,dense,True,20,20,20,4,5,5,9,Shared MILP,validity_full_harmful_sequence_per_prompt,radius_derived,5,"0,10,20,30,40",0.0,0.0,0.0,0.0,0.0,1.0,1.0,1.0,0.0,0.0,5.0,4.0,6.5,1.0,1.5,5.0,4.0,6.5,1.0,1.5,4.0,3.0,6.0,1.0,2.0,6.0,5.0,7.0,1.0,1.0,0.0,0.0,0.0,0.0,0.0,4.0,4.0,4.0,0.0,0.0,0.0,0.0,0.0,0.0,0.0,4.0,4.0,4.0,0.0,0.0
20,4,5,5,0.1,0.2,0.3,dense,True,20,20,20,4,5,5,10,Shared MILP,validity_full_harmful_sequence_per_prompt,radius_derived,5,"0,10,20,30,40",0.0,0.0,0.0,0.0,0.0,1.0,1.0,1.0,0.0,0.0,5.0,4.0,6.5,1.0,1.5,5.0,4.0,6.5,1.0,1.5,4.0,3.0,6.0,1.0,2.0,6.0,5.0,7.0,1.0,1.0,0.0,0.0,0.0,0.0,0.0,4.0,4.0,4.0,0.0,0.0,0.0,0.0,0.0,0.0,0.0,4.0,4.0,4.0,0.0,0.0
20,4,5,5,0.1,0.2,0.3,dense,True,20,20,20,4,5,5,11,Shared MILP,validity_full_harmful_sequence_per_prompt,radius_derived,5,"0,10,20,30,40",0.0,0.0,0.0,0.0,0.0,1.0,1.0,1.0,0.0,0.0,5.0,4.0,6.5,1.0,1.5,5.0,4.0,6.5,1.0,1.5,4.0,3.0,6.0,1.0,2.0,6.0,5.0,7.0,1.0,1.0,0.0,0.0,0.0,0.0,0.0,4.0,4.0,4.0,0.0,0.0,0.0,0.0,0.0,0.0,0.0,4.0,4.0,4.0,0.0,0.0
20,4,5,5,0.1,0.2,0.3,dense,True,20,20,20,4,5,5,12,Shared MILP,validity_full_harmful_sequence_per_prompt,radius_derived,5,"0,10,20,30,40",0.0,0.0,0.0,0.0,0.0,1.0,1.0,1.0,0.0,0.0,5.0,4.0,6.5,1.0,1.5,5.0,4.0,6.5,1.0,1.5,4.0,3.0,6.0,1.0,2.0,6.0,5.0,7.0,1.0,1.0,0.0,0.0,0.0,0.0,0.0,4.0,4.0,4.0,0.0,0.0,0.0,0.0,0.0,0.0,0.0,4.0,4.0,4.0,0.0,0.0
20,4,5,5,0.1,0.2,0.3,dense,True,20,20,20,4,5,5,13,Shared MILP,validity_full_harmful_sequence_per_prompt,radius_derived,5,"0,10,20,30,40",0.0,0.0,0.0,0.0,0.0,1.0,1.0,1.0,0.0,0.0,5.0,4.0,6.5,1.0,1.5,5.0,4.0,6.5,1.0,1.5,4.0,3.0,6.0,1.0,2.0,6.0,5.0,7.0,1.0,1.0,0.0,0.0,0.0,0.0,0.0,4.0,4.0,4.0,0.0,0.0,0.0,0.0,0.0,0.0,0.0,4.0,4.0,4.0,0.0,0.0
20,4,5,5,0.1,0.2,0.3,dense,True,20,20,20,4,5,5,14,Shared MILP,validity_full_harmful_sequence_per_prompt,radius_derived,5,"0,10,20,30,40",0.0,0.0,0.0,0.0,0.0,1.0,1.0,1.0,0.0,0.0,5.0,4.0,6.5,1.0,1.5,5.0,4.0,6.5,1.0,1.5,4.0,3.0,6.0,1.0,2.0,6.0,5.0,7.0,1.0,1.0,0.0,0.0,0.0,0.0,0.0,4.0,4.0,4.0,0.0,0.0,0.0,0.0,0.0,0.0,0.0,4.0,4.0,4.0,0.0,0.0
20,4,5,5,0.1,0.2,0.3,dense,True,20,20,20,4,5,5,15,Shared MILP,validity_full_harmful_sequence_per_prompt,radius_derived,5,"0,10,20,30,40",0.0,0.0,0.0,0.0,0.0,1.0,1.0,1.0,0.0,0.0,5.0,4.0,6.5,1.0,1.5,5.0,4.0,6.5,1.0,1.5,4.0,3.0,6.0,1.0,2.0,6.0,5.0,7.0,1.0,1.0,0.0,0.0,0.0,0.0,0.0,4.0,4.0,4.0,0.0,0.0,0.0,0.0,0.0,0.0,0.0,4.0,4.0,4.0,0.0,0.0
20,4,5,5,0.1,0.2,0.3,dense,True,20,20,20,4,5,5,16,Shared MILP,validity_full_harmful_sequence_per_prompt,radius_derived,5,"0,10,20,30,40",0.0,0.0,0.0,0.0,0.0,1.0,1.0,1.0,0.0,0.0,5.0,4.0,6.5,1.0,1.5,5.0,4.0,6.5,1.0,1.5,4.0,3.0,6.0,1.0,2.0,6.0,5.0,7.0,1.0,1.0,0.0,0.0,0.0,0.0,0.0,4.0,4.0,4.0,0.0,0.0,0.0,0.0,0.0,0.0,0.0,4.0,4.0,4.0,0.0,0.0
20,4,5,5,0.1,0.2,0.3,dense,True,20,20,20,4,5,5,17,Shared MILP,validity_full_harmful_sequence_per_prompt,radius_derived,5,"0,10,20,30,40",0.0,0.0,0.0,0.0,0.0,1.0,1.0,1.0,0.0,0.0,5.0,4.0,6.5,1.0,1.5,5.0,4.0,6.5,1.0,1.5,4.0,3.0,6.0,1.0,2.0,6.0,5.0,7.0,1.0,1.0,0.0,0.0,0.0,0.0,0.0,4.0,4.0,4.0,0.0,0.0,0.0,0.0,0.0,0.0,0.0,4.0,4.0,4.0,0.0,0.0
20,4,5,5,0.1,0.2,0.3,dense,True,20,20,20,4,5,5,18,Shared MILP,validity_full_harmful_sequence_per_prompt,radius_derived,5,"0,10,20,30,40",0.0,0.0,0.0,0.0,0.0,1.0,1.0,1.0,0.0,0.0,5.0,4.0,6.5,1.0,1.5,5.0,4.0,6.5,1.0,1.5,4.0,3.0,6.0,1.0,2.0,6.0,5.0,7.0,1.0,1.0,0.0,0.0,0.0,0.0,0.0,4.0,4.0,4.0,0.0,0.0,0.0,0.0,0.0,0.0,0.0,4.0,4.0,4.0,0.0,0.0
20,4,5,5,0.1,0.2,0.3,dense,True,20,20,20,4,5,5,19,Shared MILP,validity_full_harmful_sequence_per_prompt,radius_derived,5,"0,10,20,30,40",0.0,0.0,0.0,0.0,0.0,1.0,1.0,1.0,0.0,0.0,5.0,4.0,6.5,1.0,1.5,5.0,4.0,6.5,1.0,1.5,4.0,3.0,6.0,1.0,2.0,6.0,5.0,7.0,1.0,1.0,0.0,0.0,0.0,0.0,0.0,4.0,4.0,4.0,0.0,0.0,0.0,0.0,0.0,0.0,0.0,4.0,4.0,4.0,0.0,0.0
20,4,5,5,0.1,0.2,0.3,dense,True,20,20,20,4,5,5,20,Shared MILP,validity_full_harmful_sequence_per_prompt,radius_derived,5,"0,10,20,30,40",0.0,0.0,0.0,0.0,0.0,1.0,1.0,1.0,0.0,0.0,5.0,4.0,6.5,1.0,1.5,5.0,4.0,6.5,1.0,1.5,4.0,3.0,6.0,1.0,2.0,6.0,5.0,7.0,1.0,1.0,0.0,0.0,0.0,0.0,0.0,4.0,4.0,4.0,0.0,0.0,0.0,0.0,0.0,0.0,0.0,4.0,4.0,4.0,0.0,0.0
20,4,5,5,0.1,0.2,0.3,dense,True,20,20,20,4,5,5,0,Atomic phrase aggregation,validity_full_harmful_sequence_per_prompt,radius_derived,5,"0,10,20,30,40",1.0,1.0,1.0,0.0,0.0,0.0,0.0,0.0,0.0,0.0,1.8,1.75,2.0,0.050000000000000044,0.19999999999999996,2.0,2.0,2.0,0.0,0.0,1.0,1.0,1.0,0.0,0.0,2.2,2.0,3.0,0.20000000000000018,0.7999999999999998,4.0,4.0,4.0,0.0,0.0,4.0,4.0,4.0,0.0,0.0,0.0,0.0,0.0,0.0,0.0,4.0,4.0,4.0,0.0,0.0
20,4,5,5,0.1,0.2,0.3,dense,True,20,20,20,4,5,5,1,Atomic phrase aggregation,validity_full_harmful_sequence_per_prompt,radius_derived,5,"0,10,20,30,40",0.75,0.75,0.75,0.0,0.0,0.25,0.25,0.25,0.0,0.0,1.8,1.75,2.0,0.050000000000000044,0.19999999999999996,2.0,2.0,2.0,0.0,0.0,1.0,1.0,1.0,0.0,0.0,2.2,2.0,3.0,0.20000000000000018,0.7999999999999998,3.0,3.0,3.0,0.0,0.0,4.0,4.0,4.0,0.0,0.0,0.0,0.0,0.0,0.0,0.0,4.0,4.0,4.0,0.0,0.0
20,4,5,5,0.1,0.2,0.3,dense,True,20,20,20,4,5,5,2,Atomic phrase aggregation,validity_full_harmful_sequence_per_prompt,radius_derived,5,"0,10,20,30,40",0.05,0.0,0.25,0.05,0.2,0.95,0.75,1.0,0.19999999999999996,0.050000000000000044,1.8,1.75,2.0,0.050000000000000044,0.19999999999999996,2.0,2.0,2.0,0.0,0.0,1.0,1.0,1.0,0.0,0.0,2.2,2.0,3.0,0.20000000000000018,0.7999999999999998,0.2,0.0,1.0,0.2,0.8,4.0,4.0,4.0,0.0,0.0,0.0,0.0,0.0,0.0,0.0,4.0,4.0,4.0,0.0,0.0
20,4,5,5,0.1,0.2,0.3,dense,True,20,20,20,4,5,5,3,Atomic phrase aggregation,validity_full_harmful_sequence_per_prompt,radius_derived,5,"0,10,20,30,40",0.0,0.0,0.0,0.0,0.0,1.0,1.0,1.0,0.0,0.0,1.8,1.75,2.0,0.050000000000000044,0.19999999999999996,2.0,2.0,2.0,0.0,0.0,1.0,1.0,1.0,0.0,0.0,2.2,2.0,3.0,0.20000000000000018,0.7999999999999998,0.0,0.0,0.0,0.0,0.0,4.0,4.0,4.0,0.0,0.0,0.0,0.0,0.0,0.0,0.0,4.0,4.0,4.0,0.0,0.0
20,4,5,5,0.1,0.2,0.3,dense,True,20,20,20,4,5,5,4,Atomic phrase aggregation,validity_full_harmful_sequence_per_prompt,radius_derived,5,"0,10,20,30,40",0.0,0.0,0.0,0.0,0.0,1.0,1.0,1.0,0.0,0.0,1.8,1.75,2.0,0.050000000000000044,0.19999999999999996,2.0,2.0,2.0,0.0,0.0,1.0,1.0,1.0,0.0,0.0,2.2,2.0,3.0,0.20000000000000018,0.7999999999999998,0.0,0.0,0.0,0.0,0.0,4.0,4.0,4.0,0.0,0.0,0.0,0.0,0.0,0.0,0.0,4.0,4.0,4.0,0.0,0.0
20,4,5,5,0.1,0.2,0.3,dense,True,20,20,20,4,5,5,5,Atomic phrase aggregation,validity_full_harmful_sequence_per_prompt,radius_derived,5,"0,10,20,30,40",0.0,0.0,0.0,0.0,0.0,1.0,1.0,1.0,0.0,0.0,1.8,1.75,2.0,0.050000000000000044,0.19999999999999996,2.0,2.0,2.0,0.0,0.0,1.0,1.0,1.0,0.0,0.0,2.2,2.0,3.0,0.20000000000000018,0.7999999999999998,0.0,0.0,0.0,0.0,0.0,4.0,4.0,4.0,0.0,0.0,0.0,0.0,0.0,0.0,0.0,4.0,4.0,4.0,0.0,0.0
20,4,5,5,0.1,0.2,0.3,dense,True,20,20,20,4,5,5,6,Atomic phrase aggregation,validity_full_harmful_sequence_per_prompt,radius_derived,5,"0,10,20,30,40",0.0,0.0,0.0,0.0,0.0,1.0,1.0,1.0,0.0,0.0,1.8,1.75,2.0,0.050000000000000044,0.19999999999999996,2.0,2.0,2.0,0.0,0.0,1.0,1.0,1.0,0.0,0.0,2.2,2.0,3.0,0.20000000000000018,0.7999999999999998,0.0,0.0,0.0,0.0,0.0,4.0,4.0,4.0,0.0,0.0,0.0,0.0,0.0,0.0,0.0,4.0,4.0,4.0,0.0,0.0
20,4,5,5,0.1,0.2,0.3,dense,True,20,20,20,4,5,5,7,Atomic phrase aggregation,validity_full_harmful_sequence_per_prompt,radius_derived,5,"0,10,20,30,40",0.0,0.0,0.0,0.0,0.0,1.0,1.0,1.0,0.0,0.0,1.8,1.75,2.0,0.050000000000000044,0.19999999999999996,2.0,2.0,2.0,0.0,0.0,1.0,1.0,1.0,0.0,0.0,2.2,2.0,3.0,0.20000000000000018,0.7999999999999998,0.0,0.0,0.0,0.0,0.0,4.0,4.0,4.0,0.0,0.0,0.0,0.0,0.0,0.0,0.0,4.0,4.0,4.0,0.0,0.0
20,4,5,5,0.1,0.2,0.3,dense,True,20,20,20,4,5,5,8,Atomic phrase aggregation,validity_full_harmful_sequence_per_prompt,radius_derived,5,"0,10,20,30,40",0.0,0.0,0.0,0.0,0.0,1.0,1.0,1.0,0.0,0.0,1.8,1.75,2.0,0.050000000000000044,0.19999999999999996,2.0,2.0,2.0,0.0,0.0,1.0,1.0,1.0,0.0,0.0,2.2,2.0,3.0,0.20000000000000018,0.7999999999999998,0.0,0.0,0.0,0.0,0.0,4.0,4.0,4.0,0.0,0.0,0.0,0.0,0.0,0.0,0.0,4.0,4.0,4.0,0.0,0.0
20,4,5,5,0.1,0.2,0.3,dense,True,20,20,20,4,5,5,9,Atomic phrase aggregation,validity_full_harmful_sequence_per_prompt,radius_derived,5,"0,10,20,30,40",0.0,0.0,0.0,0.0,0.0,1.0,1.0,1.0,0.0,0.0,1.8,1.75,2.0,0.050000000000000044,0.19999999999999996,2.0,2.0,2.0,0.0,0.0,1.0,1.0,1.0,0.0,0.0,2.2,2.0,3.0,0.20000000000000018,0.7999999999999998,0.0,0.0,0.0,0.0,0.0,4.0,4.0,4.0,0.0,0.0,0.0,0.0,0.0,0.0,0.0,4.0,4.0,4.0,0.0,0.0
20,4,5,5,0.1,0.2,0.3,dense,True,20,20,20,4,5,5,10,Atomic phrase aggregation,validity_full_harmful_sequence_per_prompt,radius_derived,5,"0,10,20,30,40",0.0,0.0,0.0,0.0,0.0,1.0,1.0,1.0,0.0,0.0,1.8,1.75,2.0,0.050000000000000044,0.19999999999999996,2.0,2.0,2.0,0.0,0.0,1.0,1.0,1.0,0.0,0.0,2.2,2.0,3.0,0.20000000000000018,0.7999999999999998,0.0,0.0,0.0,0.0,0.0,4.0,4.0,4.0,0.0,0.0,0.0,0.0,0.0,0.0,0.0,4.0,4.0,4.0,0.0,0.0
20,4,5,5,0.1,0.2,0.3,dense,True,20,20,20,4,5,5,11,Atomic phrase aggregation,validity_full_harmful_sequence_per_prompt,radius_derived,5,"0,10,20,30,40",0.0,0.0,0.0,0.0,0.0,1.0,1.0,1.0,0.0,0.0,1.8,1.75,2.0,0.050000000000000044,0.19999999999999996,2.0,2.0,2.0,0.0,0.0,1.0,1.0,1.0,0.0,0.0,2.2,2.0,3.0,0.20000000000000018,0.7999999999999998,0.0,0.0,0.0,0.0,0.0,4.0,4.0,4.0,0.0,0.0,0.0,0.0,0.0,0.0,0.0,4.0,4.0,4.0,0.0,0.0
20,4,5,5,0.1,0.2,0.3,dense,True,20,20,20,4,5,5,12,Atomic phrase aggregation,validity_full_harmful_sequence_per_prompt,radius_derived,5,"0,10,20,30,40",0.0,0.0,0.0,0.0,0.0,1.0,1.0,1.0,0.0,0.0,1.8,1.75,2.0,0.050000000000000044,0.19999999999999996,2.0,2.0,2.0,0.0,0.0,1.0,1.0,1.0,0.0,0.0,2.2,2.0,3.0,0.20000000000000018,0.7999999999999998,0.0,0.0,0.0,0.0,0.0,4.0,4.0,4.0,0.0,0.0,0.0,0.0,0.0,0.0,0.0,4.0,4.0,4.0,0.0,0.0
20,4,5,5,0.1,0.2,0.3,dense,True,20,20,20,4,5,5,13,Atomic phrase aggregation,validity_full_harmful_sequence_per_prompt,radius_derived,5,"0,10,20,30,40",0.0,0.0,0.0,0.0,0.0,1.0,1.0,1.0,0.0,0.0,1.8,1.75,2.0,0.050000000000000044,0.19999999999999996,2.0,2.0,2.0,0.0,0.0,1.0,1.0,1.0,0.0,0.0,2.2,2.0,3.0,0.20000000000000018,0.7999999999999998,0.0,0.0,0.0,0.0,0.0,4.0,4.0,4.0,0.0,0.0,0.0,0.0,0.0,0.0,0.0,4.0,4.0,4.0,0.0,0.0
20,4,5,5,0.1,0.2,0.3,dense,True,20,20,20,4,5,5,14,Atomic phrase aggregation,validity_full_harmful_sequence_per_prompt,radius_derived,5,"0,10,20,30,40",0.0,0.0,0.0,0.0,0.0,1.0,1.0,1.0,0.0,0.0,1.8,1.75,2.0,0.050000000000000044,0.19999999999999996,2.0,2.0,2.0,0.0,0.0,1.0,1.0,1.0,0.0,0.0,2.2,2.0,3.0,0.20000000000000018,0.7999999999999998,0.0,0.0,0.0,0.0,0.0,4.0,4.0,4.0,0.0,0.0,0.0,0.0,0.0,0.0,0.0,4.0,4.0,4.0,0.0,0.0
20,4,5,5,0.1,0.2,0.3,dense,True,20,20,20,4,5,5,15,Atomic phrase aggregation,validity_full_harmful_sequence_per_prompt,radius_derived,5,"0,10,20,30,40",0.0,0.0,0.0,0.0,0.0,1.0,1.0,1.0,0.0,0.0,1.8,1.75,2.0,0.050000000000000044,0.19999999999999996,2.0,2.0,2.0,0.0,0.0,1.0,1.0,1.0,0.0,0.0,2.2,2.0,3.0,0.20000000000000018,0.7999999999999998,0.0,0.0,0.0,0.0,0.0,4.0,4.0,4.0,0.0,0.0,0.0,0.0,0.0,0.0,0.0,4.0,4.0,4.0,0.0,0.0
20,4,5,5,0.1,0.2,0.3,dense,True,20,20,20,4,5,5,16,Atomic phrase aggregation,validity_full_harmful_sequence_per_prompt,radius_derived,5,"0,10,20,30,40",0.0,0.0,0.0,0.0,0.0,1.0,1.0,1.0,0.0,0.0,1.8,1.75,2.0,0.050000000000000044,0.19999999999999996,2.0,2.0,2.0,0.0,0.0,1.0,1.0,1.0,0.0,0.0,2.2,2.0,3.0,0.20000000000000018,0.7999999999999998,0.0,0.0,0.0,0.0,0.0,4.0,4.0,4.0,0.0,0.0,0.0,0.0,0.0,0.0,0.0,4.0,4.0,4.0,0.0,0.0
20,4,5,5,0.1,0.2,0.3,dense,True,20,20,20,4,5,5,17,Atomic phrase aggregation,validity_full_harmful_sequence_per_prompt,radius_derived,5,"0,10,20,30,40",0.0,0.0,0.0,0.0,0.0,1.0,1.0,1.0,0.0,0.0,1.8,1.75,2.0,0.050000000000000044,0.19999999999999996,2.0,2.0,2.0,0.0,0.0,1.0,1.0,1.0,0.0,0.0,2.2,2.0,3.0,0.20000000000000018,0.7999999999999998,0.0,0.0,0.0,0.0,0.0,4.0,4.0,4.0,0.0,0.0,0.0,0.0,0.0,0.0,0.0,4.0,4.0,4.0,0.0,0.0
20,4,5,5,0.1,0.2,0.3,dense,True,20,20,20,4,5,5,18,Atomic phrase aggregation,validity_full_harmful_sequence_per_prompt,radius_derived,5,"0,10,20,30,40",0.0,0.0,0.0,0.0,0.0,1.0,1.0,1.0,0.0,0.0,1.8,1.75,2.0,0.050000000000000044,0.19999999999999996,2.0,2.0,2.0,0.0,0.0,1.0,1.0,1.0,0.0,0.0,2.2,2.0,3.0,0.20000000000000018,0.7999999999999998,0.0,0.0,0.0,0.0,0.0,4.0,4.0,4.0,0.0,0.0,0.0,0.0,0.0,0.0,0.0,4.0,4.0,4.0,0.0,0.0
20,4,5,5,0.1,0.2,0.3,dense,True,20,20,20,4,5,5,19,Atomic phrase aggregation,validity_full_harmful_sequence_per_prompt,radius_derived,5,"0,10,20,30,40",0.0,0.0,0.0,0.0,0.0,1.0,1.0,1.0,0.0,0.0,1.8,1.75,2.0,0.050000000000000044,0.19999999999999996,2.0,2.0,2.0,0.0,0.0,1.0,1.0,1.0,0.0,0.0,2.2,2.0,3.0,0.20000000000000018,0.7999999999999998,0.0,0.0,0.0,0.0,0.0,4.0,4.0,4.0,0.0,0.0,0.0,0.0,0.0,0.0,0.0,4.0,4.0,4.0,0.0,0.0
20,4,5,5,0.1,0.2,0.3,dense,True,20,20,20,4,5,5,20,Atomic phrase aggregation,validity_full_harmful_sequence_per_prompt,radius_derived,5,"0,10,20,30,40",0.0,0.0,0.0,0.0,0.0,1.0,1.0,1.0,0.0,0.0,1.8,1.75,2.0,0.050000000000000044,0.19999999999999996,2.0,2.0,2.0,0.0,0.0,1.0,1.0,1.0,0.0,0.0,2.2,2.0,3.0,0.20000000000000018,0.7999999999999998,0.0,0.0,0.0,0.0,0.0,4.0,4.0,4.0,0.0,0.0,0.0,0.0,0.0,0.0,0.0,4.0,4.0,4.0,0.0,0.0
20,4,5,5,0.1,0.2,0.3,dense,True,20,20,20,4,5,5,0,Independent shard-aware composition diagnostic,validity_full_harmful_sequence_per_prompt,radius_derived,5,"0,10,20,30,40",1.0,1.0,1.0,0.0,0.0,0.0,0.0,0.0,0.0,0.0,13.15,10.25,18.0,2.9000000000000004,4.85,12.4,9.0,19.0,3.4000000000000004,6.6,9.2,6.0,13.0,3.1999999999999993,3.8000000000000007,18.6,16.0,21.0,2.6000000000000014,2.3999999999999986,4.0,4.0,4.0,0.0,0.0,4.0,4.0,4.0,0.0,0.0,0.0,0.0,0.0,0.0,0.0,4.0,4.0,4.0,0.0,0.0
20,4,5,5,0.1,0.2,0.3,dense,True,20,20,20,4,5,5,1,Independent shard-aware composition diagnostic,validity_full_harmful_sequence_per_prompt,radius_derived,5,"0,10,20,30,40",1.0,1.0,1.0,0.0,0.0,0.0,0.0,0.0,0.0,0.0,13.15,10.25,18.0,2.9000000000000004,4.85,12.4,9.0,19.0,3.4000000000000004,6.6,9.2,6.0,13.0,3.1999999999999993,3.8000000000000007,18.6,16.0,21.0,2.6000000000000014,2.3999999999999986,4.0,4.0,4.0,0.0,0.0,4.0,4.0,4.0,0.0,0.0,0.0,0.0,0.0,0.0,0.0,4.0,4.0,4.0,0.0,0.0
20,4,5,5,0.1,0.2,0.3,dense,True,20,20,20,4,5,5,2,Independent shard-aware composition diagnostic,validity_full_harmful_sequence_per_prompt,radius_derived,5,"0,10,20,30,40",1.0,1.0,1.0,0.0,0.0,0.0,0.0,0.0,0.0,0.0,13.15,10.25,18.0,2.9000000000000004,4.85,12.4,9.0,19.0,3.4000000000000004,6.6,9.2,6.0,13.0,3.1999999999999993,3.8000000000000007,18.6,16.0,21.0,2.6000000000000014,2.3999999999999986,4.0,4.0,4.0,0.0,0.0,4.0,4.0,4.0,0.0,0.0,0.0,0.0,0.0,0.0,0.0,4.0,4.0,4.0,0.0,0.0
20,4,5,5,0.1,0.2,0.3,dense,True,20,20,20,4,5,5,3,Independent shard-aware composition diagnostic,validity_full_harmful_sequence_per_prompt,radius_derived,5,"0,10,20,30,40",1.0,1.0,1.0,0.0,0.0,0.0,0.0,0.0,0.0,0.0,13.15,10.25,18.0,2.9000000000000004,4.85,12.4,9.0,19.0,3.4000000000000004,6.6,9.2,6.0,13.0,3.1999999999999993,3.8000000000000007,18.6,16.0,21.0,2.6000000000000014,2.3999999999999986,4.0,4.0,4.0,0.0,0.0,4.0,4.0,4.0,0.0,0.0,0.0,0.0,0.0,0.0,0.0,4.0,4.0,4.0,0.0,0.0
20,4,5,5,0.1,0.2,0.3,dense,True,20,20,20,4,5,5,4,Independent shard-aware composition diagnostic,validity_full_harmful_sequence_per_prompt,radius_derived,5,"0,10,20,30,40",1.0,1.0,1.0,0.0,0.0,0.0,0.0,0.0,0.0,0.0,13.15,10.25,18.0,2.9000000000000004,4.85,12.4,9.0,19.0,3.4000000000000004,6.6,9.2,6.0,13.0,3.1999999999999993,3.8000000000000007,18.6,16.0,21.0,2.6000000000000014,2.3999999999999986,4.0,4.0,4.0,0.0,0.0,4.0,4.0,4.0,0.0,0.0,0.0,0.0,0.0,0.0,0.0,4.0,4.0,4.0,0.0,0.0
20,4,5,5,0.1,0.2,0.3,dense,True,20,20,20,4,5,5,5,Independent shard-aware composition diagnostic,validity_full_harmful_sequence_per_prompt,radius_derived,5,"0,10,20,30,40",1.0,1.0,1.0,0.0,0.0,0.0,0.0,0.0,0.0,0.0,13.15,10.25,18.0,2.9000000000000004,4.85,12.4,9.0,19.0,3.4000000000000004,6.6,9.2,6.0,13.0,3.1999999999999993,3.8000000000000007,18.6,16.0,21.0,2.6000000000000014,2.3999999999999986,4.0,4.0,4.0,0.0,0.0,4.0,4.0,4.0,0.0,0.0,0.0,0.0,0.0,0.0,0.0,4.0,4.0,4.0,0.0,0.0
20,4,5,5,0.1,0.2,0.3,dense,True,20,20,20,4,5,5,6,Independent shard-aware composition diagnostic,validity_full_harmful_sequence_per_prompt,radius_derived,5,"0,10,20,30,40",0.95,0.75,1.0,0.19999999999999996,0.050000000000000044,0.05,0.0,0.25,0.05,0.2,13.15,10.25,18.0,2.9000000000000004,4.85,12.4,9.0,19.0,3.4000000000000004,6.6,9.2,6.0,13.0,3.1999999999999993,3.8000000000000007,18.6,16.0,21.0,2.6000000000000014,2.3999999999999986,3.8,3.0,4.0,0.7999999999999998,0.20000000000000018,4.0,4.0,4.0,0.0,0.0,0.0,0.0,0.0,0.0,0.0,4.0,4.0,4.0,0.0,0.0
20,4,5,5,0.1,0.2,0.3,dense,True,20,20,20,4,5,5,7,Independent shard-aware composition diagnostic,validity_full_harmful_sequence_per_prompt,radius_derived,5,"0,10,20,30,40",0.9,0.75,1.0,0.15000000000000002,0.09999999999999998,0.1,0.0,0.25,0.1,0.15,13.15,10.25,18.0,2.9000000000000004,4.85,12.4,9.0,19.0,3.4000000000000004,6.6,9.2,6.0,13.0,3.1999999999999993,3.8000000000000007,18.6,16.0,21.0,2.6000000000000014,2.3999999999999986,3.6,3.0,4.0,0.6000000000000001,0.3999999999999999,4.0,4.0,4.0,0.0,0.0,0.0,0.0,0.0,0.0,0.0,4.0,4.0,4.0,0.0,0.0
20,4,5,5,0.1,0.2,0.3,dense,True,20,20,20,4,5,5,8,Independent shard-aware composition diagnostic,validity_full_harmful_sequence_per_prompt,radius_derived,5,"0,10,20,30,40",0.9,0.75,1.0,0.15000000000000002,0.09999999999999998,0.1,0.0,0.25,0.1,0.15,13.15,10.25,18.0,2.9000000000000004,4.85,12.4,9.0,19.0,3.4000000000000004,6.6,9.2,6.0,13.0,3.1999999999999993,3.8000000000000007,18.6,16.0,21.0,2.6000000000000014,2.3999999999999986,3.6,3.0,4.0,0.6000000000000001,0.3999999999999999,4.0,4.0,4.0,0.0,0.0,0.0,0.0,0.0,0.0,0.0,4.0,4.0,4.0,0.0,0.0
20,4,5,5,0.1,0.2,0.3,dense,True,20,20,20,4,5,5,9,Independent shard-aware composition diagnostic,validity_full_harmful_sequence_per_prompt,radius_derived,5,"0,10,20,30,40",0.75,0.25,1.0,0.5,0.25,0.25,0.0,0.75,0.25,0.5,13.15,10.25,18.0,2.9000000000000004,4.85,12.4,9.0,19.0,3.4000000000000004,6.6,9.2,6.0,13.0,3.1999999999999993,3.8000000000000007,18.6,16.0,21.0,2.6000000000000014,2.3999999999999986,3.0,1.0,4.0,2.0,1.0,4.0,4.0,4.0,0.0,0.0,0.0,0.0,0.0,0.0,0.0,4.0,4.0,4.0,0.0,0.0
20,4,5,5,0.1,0.2,0.3,dense,True,20,20,20,4,5,5,10,Independent shard-aware composition diagnostic,validity_full_harmful_sequence_per_prompt,radius_derived,5,"0,10,20,30,40",0.55,0.25,1.0,0.30000000000000004,0.44999999999999996,0.45,0.0,0.75,0.45,0.3,13.15,10.25,18.0,2.9000000000000004,4.85,12.4,9.0,19.0,3.4000000000000004,6.6,9.2,6.0,13.0,3.1999999999999993,3.8000000000000007,18.6,16.0,21.0,2.6000000000000014,2.3999999999999986,2.2,1.0,4.0,1.2000000000000002,1.7999999999999998,4.0,4.0,4.0,0.0,0.0,0.0,0.0,0.0,0.0,0.0,4.0,4.0,4.0,0.0,0.0
20,4,5,5,0.1,0.2,0.3,dense,True,20,20,20,4,5,5,11,Independent shard-aware composition diagnostic,validity_full_harmful_sequence_per_prompt,radius_derived,5,"0,10,20,30,40",0.5,0.25,1.0,0.25,0.5,0.5,0.0,0.75,0.5,0.25,13.15,10.25,18.0,2.9000000000000004,4.85,12.4,9.0,19.0,3.4000000000000004,6.6,9.2,6.0,13.0,3.1999999999999993,3.8000000000000007,18.6,16.0,21.0,2.6000000000000014,2.3999999999999986,2.0,1.0,4.0,1.0,2.0,4.0,4.0,4.0,0.0,0.0,0.0,0.0,0.0,0.0,0.0,4.0,4.0,4.0,0.0,0.0
20,4,5,5,0.1,0.2,0.3,dense,True,20,20,20,4,5,5,12,Independent shard-aware composition diagnostic,validity_full_harmful_sequence_per_prompt,radius_derived,5,"0,10,20,30,40",0.45,0.25,1.0,0.2,0.55,0.55,0.0,0.75,0.55,0.19999999999999996,13.15,10.25,18.0,2.9000000000000004,4.85,12.4,9.0,19.0,3.4000000000000004,6.6,9.2,6.0,13.0,3.1999999999999993,3.8000000000000007,18.6,16.0,21.0,2.6000000000000014,2.3999999999999986,1.8,1.0,4.0,0.8,2.2,4.0,4.0,4.0,0.0,0.0,0.0,0.0,0.0,0.0,0.0,4.0,4.0,4.0,0.0,0.0
20,4,5,5,0.1,0.2,0.3,dense,True,20,20,20,4,5,5,13,Independent shard-aware composition diagnostic,validity_full_harmful_sequence_per_prompt,radius_derived,5,"0,10,20,30,40",0.4,0.25,0.75,0.15000000000000002,0.35,0.6,0.25,0.75,0.35,0.15000000000000002,13.15,10.25,18.0,2.9000000000000004,4.85,12.4,9.0,19.0,3.4000000000000004,6.6,9.2,6.0,13.0,3.1999999999999993,3.8000000000000007,18.6,16.0,21.0,2.6000000000000014,2.3999999999999986,1.6,1.0,3.0,0.6000000000000001,1.4,4.0,4.0,4.0,0.0,0.0,0.0,0.0,0.0,0.0,0.0,4.0,4.0,4.0,0.0,0.0
20,4,5,5,0.1,0.2,0.3,dense,True,20,20,20,4,5,5,14,Independent shard-aware composition diagnostic,validity_full_harmful_sequence_per_prompt,radius_derived,5,"0,10,20,30,40",0.4,0.25,0.75,0.15000000000000002,0.35,0.6,0.25,0.75,0.35,0.15000000000000002,13.15,10.25,18.0,2.9000000000000004,4.85,12.4,9.0,19.0,3.4000000000000004,6.6,9.2,6.0,13.0,3.1999999999999993,3.8000000000000007,18.6,16.0,21.0,2.6000000000000014,2.3999999999999986,1.6,1.0,3.0,0.6000000000000001,1.4,4.0,4.0,4.0,0.0,0.0,0.0,0.0,0.0,0.0,0.0,4.0,4.0,4.0,0.0,0.0
20,4,5,5,0.1,0.2,0.3,dense,True,20,20,20,4,5,5,15,Independent shard-aware composition diagnostic,validity_full_harmful_sequence_per_prompt,radius_derived,5,"0,10,20,30,40",0.4,0.25,0.75,0.15000000000000002,0.35,0.6,0.25,0.75,0.35,0.15000000000000002,13.15,10.25,18.0,2.9000000000000004,4.85,12.4,9.0,19.0,3.4000000000000004,6.6,9.2,6.0,13.0,3.1999999999999993,3.8000000000000007,18.6,16.0,21.0,2.6000000000000014,2.3999999999999986,1.6,1.0,3.0,0.6000000000000001,1.4,4.0,4.0,4.0,0.0,0.0,0.0,0.0,0.0,0.0,0.0,4.0,4.0,4.0,0.0,0.0
20,4,5,5,0.1,0.2,0.3,dense,True,20,20,20,4,5,5,16,Independent shard-aware composition diagnostic,validity_full_harmful_sequence_per_prompt,radius_derived,5,"0,10,20,30,40",0.3,0.0,0.75,0.3,0.45,0.7,0.25,1.0,0.44999999999999996,0.30000000000000004,13.15,10.25,18.0,2.9000000000000004,4.85,12.4,9.0,19.0,3.4000000000000004,6.6,9.2,6.0,13.0,3.1999999999999993,3.8000000000000007,18.6,16.0,21.0,2.6000000000000014,2.3999999999999986,1.2,0.0,3.0,1.2,1.8,4.0,4.0,4.0,0.0,0.0,0.0,0.0,0.0,0.0,0.0,4.0,4.0,4.0,0.0,0.0
20,4,5,5,0.1,0.2,0.3,dense,True,20,20,20,4,5,5,17,Independent shard-aware composition diagnostic,validity_full_harmful_sequence_per_prompt,radius_derived,5,"0,10,20,30,40",0.2,0.0,0.5,0.2,0.3,0.8,0.5,1.0,0.30000000000000004,0.19999999999999996,13.15,10.25,18.0,2.9000000000000004,4.85,12.4,9.0,19.0,3.4000000000000004,6.6,9.2,6.0,13.0,3.1999999999999993,3.8000000000000007,18.6,16.0,21.0,2.6000000000000014,2.3999999999999986,0.8,0.0,2.0,0.8,1.2,4.0,4.0,4.0,0.0,0.0,0.0,0.0,0.0,0.0,0.0,4.0,4.0,4.0,0.0,0.0
20,4,5,5,0.1,0.2,0.3,dense,True,20,20,20,4,5,5,18,Independent shard-aware composition diagnostic,validity_full_harmful_sequence_per_prompt,radius_derived,5,"0,10,20,30,40",0.2,0.0,0.5,0.2,0.3,0.8,0.5,1.0,0.30000000000000004,0.19999999999999996,13.15,10.25,18.0,2.9000000000000004,4.85,12.4,9.0,19.0,3.4000000000000004,6.6,9.2,6.0,13.0,3.1999999999999993,3.8000000000000007,18.6,16.0,21.0,2.6000000000000014,2.3999999999999986,0.8,0.0,2.0,0.8,1.2,4.0,4.0,4.0,0.0,0.0,0.0,0.0,0.0,0.0,0.0,4.0,4.0,4.0,0.0,0.0
20,4,5,5,0.1,0.2,0.3,dense,True,20,20,20,4,5,5,19,Independent shard-aware composition diagnostic,validity_full_harmful_sequence_per_prompt,radius_derived,5,"0,10,20,30,40",0.15,0.0,0.5,0.15,0.35,0.85,0.5,1.0,0.35,0.15000000000000002,13.15,10.25,18.0,2.9000000000000004,4.85,12.4,9.0,19.0,3.4000000000000004,6.6,9.2,6.0,13.0,3.1999999999999993,3.8000000000000007,18.6,16.0,21.0,2.6000000000000014,2.3999999999999986,0.6,0.0,2.0,0.6,1.4,4.0,4.0,4.0,0.0,0.0,0.0,0.0,0.0,0.0,0.0,4.0,4.0,4.0,0.0,0.0
20,4,5,5,0.1,0.2,0.3,dense,True,20,20,20,4,5,5,20,Independent shard-aware composition diagnostic,validity_full_harmful_sequence_per_prompt,radius_derived,5,"0,10,20,30,40",0.1,0.0,0.5,0.1,0.4,0.9,0.5,1.0,0.4,0.09999999999999998,13.15,10.25,18.0,2.9000000000000004,4.85,12.4,9.0,19.0,3.4000000000000004,6.6,9.2,6.0,13.0,3.1999999999999993,3.8000000000000007,18.6,16.0,21.0,2.6000000000000014,2.3999999999999986,0.4,0.0,2.0,0.4,1.6,4.0,4.0,4.0,0.0,0.0,0.0,0.0,0.0,0.0,0.0,4.0,4.0,4.0,0.0,0.0
20,4,5,5,0.2,0.2,0.3,dense,True,20,20,20,4,5,5,0,DPA token margin,full_response_stable_against_any_token_change,radius_derived,5,"0,10,20,30,40",1.0,1.0,1.0,0.0,0.0,0.0,0.0,0.0,0.0,0.0,5.6,4.75,6.5,0.8499999999999996,0.9000000000000004,5.8,5.0,6.5,0.7999999999999998,0.7000000000000002,4.2,3.0,6.0,1.2000000000000002,1.7999999999999998,6.6,6.0,7.0,0.5999999999999996,0.40000000000000036,4.0,4.0,4.0,0.0,0.0,4.0,4.0,4.0,0.0,0.0,0.0,0.0,0.0,0.0,0.0,4.0,4.0,4.0,0.0,0.0
20,4,5,5,0.2,0.2,0.3,dense,True,20,20,20,4,5,5,1,DPA token margin,full_response_stable_against_any_token_change,radius_derived,5,"0,10,20,30,40",1.0,1.0,1.0,0.0,0.0,0.0,0.0,0.0,0.0,0.0,5.6,4.75,6.5,0.8499999999999996,0.9000000000000004,5.8,5.0,6.5,0.7999999999999998,0.7000000000000002,4.2,3.0,6.0,1.2000000000000002,1.7999999999999998,6.6,6.0,7.0,0.5999999999999996,0.40000000000000036,4.0,4.0,4.0,0.0,0.0,4.0,4.0,4.0,0.0,0.0,0.0,0.0,0.0,0.0,0.0,4.0,4.0,4.0,0.0,0.0
20,4,5,5,0.2,0.2,0.3,dense,True,20,20,20,4,5,5,2,DPA token margin,full_response_stable_against_any_token_change,radius_derived,5,"0,10,20,30,40",1.0,1.0,1.0,0.0,0.0,0.0,0.0,0.0,0.0,0.0,5.6,4.75,6.5,0.8499999999999996,0.9000000000000004,5.8,5.0,6.5,0.7999999999999998,0.7000000000000002,4.2,3.0,6.0,1.2000000000000002,1.7999999999999998,6.6,6.0,7.0,0.5999999999999996,0.40000000000000036,4.0,4.0,4.0,0.0,0.0,4.0,4.0,4.0,0.0,0.0,0.0,0.0,0.0,0.0,0.0,4.0,4.0,4.0,0.0,0.0
20,4,5,5,0.2,0.2,0.3,dense,True,20,20,20,4,5,5,3,DPA token margin,full_response_stable_against_any_token_change,radius_derived,5,"0,10,20,30,40",0.9,0.75,1.0,0.15000000000000002,0.09999999999999998,0.1,0.0,0.25,0.1,0.15,5.6,4.75,6.5,0.8499999999999996,0.9000000000000004,5.8,5.0,6.5,0.7999999999999998,0.7000000000000002,4.2,3.0,6.0,1.2000000000000002,1.7999999999999998,6.6,6.0,7.0,0.5999999999999996,0.40000000000000036,3.6,3.0,4.0,0.6000000000000001,0.3999999999999999,4.0,4.0,4.0,0.0,0.0,0.0,0.0,0.0,0.0,0.0,4.0,4.0,4.0,0.0,0.0
20,4,5,5,0.2,0.2,0.3,dense,True,20,20,20,4,5,5,4,DPA token margin,full_response_stable_against_any_token_change,radius_derived,5,"0,10,20,30,40",0.85,0.75,1.0,0.09999999999999998,0.15000000000000002,0.15,0.0,0.25,0.15,0.1,5.6,4.75,6.5,0.8499999999999996,0.9000000000000004,5.8,5.0,6.5,0.7999999999999998,0.7000000000000002,4.2,3.0,6.0,1.2000000000000002,1.7999999999999998,6.6,6.0,7.0,0.5999999999999996,0.40000000000000036,3.4,3.0,4.0,0.3999999999999999,0.6000000000000001,4.0,4.0,4.0,0.0,0.0,0.0,0.0,0.0,0.0,0.0,4.0,4.0,4.0,0.0,0.0
20,4,5,5,0.2,0.2,0.3,dense,True,20,20,20,4,5,5,5,DPA token margin,full_response_stable_against_any_token_change,radius_derived,5,"0,10,20,30,40",0.65,0.25,1.0,0.4,0.35,0.35,0.0,0.75,0.35,0.4,5.6,4.75,6.5,0.8499999999999996,0.9000000000000004,5.8,5.0,6.5,0.7999999999999998,0.7000000000000002,4.2,3.0,6.0,1.2000000000000002,1.7999999999999998,6.6,6.0,7.0,0.5999999999999996,0.40000000000000036,2.6,1.0,4.0,1.6,1.4,4.0,4.0,4.0,0.0,0.0,0.0,0.0,0.0,0.0,0.0,4.0,4.0,4.0,0.0,0.0
20,4,5,5,0.2,0.2,0.3,dense,True,20,20,20,4,5,5,6,DPA token margin,full_response_stable_against_any_token_change,radius_derived,5,"0,10,20,30,40",0.2,0.0,0.5,0.2,0.3,0.8,0.5,1.0,0.30000000000000004,0.19999999999999996,5.6,4.75,6.5,0.8499999999999996,0.9000000000000004,5.8,5.0,6.5,0.7999999999999998,0.7000000000000002,4.2,3.0,6.0,1.2000000000000002,1.7999999999999998,6.6,6.0,7.0,0.5999999999999996,0.40000000000000036,0.8,0.0,2.0,0.8,1.2,4.0,4.0,4.0,0.0,0.0,0.0,0.0,0.0,0.0,0.0,4.0,4.0,4.0,0.0,0.0
20,4,5,5,0.2,0.2,0.3,dense,True,20,20,20,4,5,5,7,DPA token margin,full_response_stable_against_any_token_change,radius_derived,5,"0,10,20,30,40",0.0,0.0,0.0,0.0,0.0,1.0,1.0,1.0,0.0,0.0,5.6,4.75,6.5,0.8499999999999996,0.9000000000000004,5.8,5.0,6.5,0.7999999999999998,0.7000000000000002,4.2,3.0,6.0,1.2000000000000002,1.7999999999999998,6.6,6.0,7.0,0.5999999999999996,0.40000000000000036,0.0,0.0,0.0,0.0,0.0,4.0,4.0,4.0,0.0,0.0,0.0,0.0,0.0,0.0,0.0,4.0,4.0,4.0,0.0,0.0
20,4,5,5,0.2,0.2,0.3,dense,True,20,20,20,4,5,5,8,DPA token margin,full_response_stable_against_any_token_change,radius_derived,5,"0,10,20,30,40",0.0,0.0,0.0,0.0,0.0,1.0,1.0,1.0,0.0,0.0,5.6,4.75,6.5,0.8499999999999996,0.9000000000000004,5.8,5.0,6.5,0.7999999999999998,0.7000000000000002,4.2,3.0,6.0,1.2000000000000002,1.7999999999999998,6.6,6.0,7.0,0.5999999999999996,0.40000000000000036,0.0,0.0,0.0,0.0,0.0,4.0,4.0,4.0,0.0,0.0,0.0,0.0,0.0,0.0,0.0,4.0,4.0,4.0,0.0,0.0
20,4,5,5,0.2,0.2,0.3,dense,True,20,20,20,4,5,5,9,DPA token margin,full_response_stable_against_any_token_change,radius_derived,5,"0,10,20,30,40",0.0,0.0,0.0,0.0,0.0,1.0,1.0,1.0,0.0,0.0,5.6,4.75,6.5,0.8499999999999996,0.9000000000000004,5.8,5.0,6.5,0.7999999999999998,0.7000000000000002,4.2,3.0,6.0,1.2000000000000002,1.7999999999999998,6.6,6.0,7.0,0.5999999999999996,0.40000000000000036,0.0,0.0,0.0,0.0,0.0,4.0,4.0,4.0,0.0,0.0,0.0,0.0,0.0,0.0,0.0,4.0,4.0,4.0,0.0,0.0
20,4,5,5,0.2,0.2,0.3,dense,True,20,20,20,4,5,5,10,DPA token margin,full_response_stable_against_any_token_change,radius_derived,5,"0,10,20,30,40",0.0,0.0,0.0,0.0,0.0,1.0,1.0,1.0,0.0,0.0,5.6,4.75,6.5,0.8499999999999996,0.9000000000000004,5.8,5.0,6.5,0.7999999999999998,0.7000000000000002,4.2,3.0,6.0,1.2000000000000002,1.7999999999999998,6.6,6.0,7.0,0.5999999999999996,0.40000000000000036,0.0,0.0,0.0,0.0,0.0,4.0,4.0,4.0,0.0,0.0,0.0,0.0,0.0,0.0,0.0,4.0,4.0,4.0,0.0,0.0
20,4,5,5,0.2,0.2,0.3,dense,True,20,20,20,4,5,5,11,DPA token margin,full_response_stable_against_any_token_change,radius_derived,5,"0,10,20,30,40",0.0,0.0,0.0,0.0,0.0,1.0,1.0,1.0,0.0,0.0,5.6,4.75,6.5,0.8499999999999996,0.9000000000000004,5.8,5.0,6.5,0.7999999999999998,0.7000000000000002,4.2,3.0,6.0,1.2000000000000002,1.7999999999999998,6.6,6.0,7.0,0.5999999999999996,0.40000000000000036,0.0,0.0,0.0,0.0,0.0,4.0,4.0,4.0,0.0,0.0,0.0,0.0,0.0,0.0,0.0,4.0,4.0,4.0,0.0,0.0
20,4,5,5,0.2,0.2,0.3,dense,True,20,20,20,4,5,5,12,DPA token margin,full_response_stable_against_any_token_change,radius_derived,5,"0,10,20,30,40",0.0,0.0,0.0,0.0,0.0,1.0,1.0,1.0,0.0,0.0,5.6,4.75,6.5,0.8499999999999996,0.9000000000000004,5.8,5.0,6.5,0.7999999999999998,0.7000000000000002,4.2,3.0,6.0,1.2000000000000002,1.7999999999999998,6.6,6.0,7.0,0.5999999999999996,0.40000000000000036,0.0,0.0,0.0,0.0,0.0,4.0,4.0,4.0,0.0,0.0,0.0,0.0,0.0,0.0,0.0,4.0,4.0,4.0,0.0,0.0
20,4,5,5,0.2,0.2,0.3,dense,True,20,20,20,4,5,5,13,DPA token margin,full_response_stable_against_any_token_change,radius_derived,5,"0,10,20,30,40",0.0,0.0,0.0,0.0,0.0,1.0,1.0,1.0,0.0,0.0,5.6,4.75,6.5,0.8499999999999996,0.9000000000000004,5.8,5.0,6.5,0.7999999999999998,0.7000000000000002,4.2,3.0,6.0,1.2000000000000002,1.7999999999999998,6.6,6.0,7.0,0.5999999999999996,0.40000000000000036,0.0,0.0,0.0,0.0,0.0,4.0,4.0,4.0,0.0,0.0,0.0,0.0,0.0,0.0,0.0,4.0,4.0,4.0,0.0,0.0
20,4,5,5,0.2,0.2,0.3,dense,True,20,20,20,4,5,5,14,DPA token margin,full_response_stable_against_any_token_change,radius_derived,5,"0,10,20,30,40",0.0,0.0,0.0,0.0,0.0,1.0,1.0,1.0,0.0,0.0,5.6,4.75,6.5,0.8499999999999996,0.9000000000000004,5.8,5.0,6.5,0.7999999999999998,0.7000000000000002,4.2,3.0,6.0,1.2000000000000002,1.7999999999999998,6.6,6.0,7.0,0.5999999999999996,0.40000000000000036,0.0,0.0,0.0,0.0,0.0,4.0,4.0,4.0,0.0,0.0,0.0,0.0,0.0,0.0,0.0,4.0,4.0,4.0,0.0,0.0
20,4,5,5,0.2,0.2,0.3,dense,True,20,20,20,4,5,5,15,DPA token margin,full_response_stable_against_any_token_change,radius_derived,5,"0,10,20,30,40",0.0,0.0,0.0,0.0,0.0,1.0,1.0,1.0,0.0,0.0,5.6,4.75,6.5,0.8499999999999996,0.9000000000000004,5.8,5.0,6.5,0.7999999999999998,0.7000000000000002,4.2,3.0,6.0,1.2000000000000002,1.7999999999999998,6.6,6.0,7.0,0.5999999999999996,0.40000000000000036,0.0,0.0,0.0,0.0,0.0,4.0,4.0,4.0,0.0,0.0,0.0,0.0,0.0,0.0,0.0,4.0,4.0,4.0,0.0,0.0
20,4,5,5,0.2,0.2,0.3,dense,True,20,20,20,4,5,5,16,DPA token margin,full_response_stable_against_any_token_change,radius_derived,5,"0,10,20,30,40",0.0,0.0,0.0,0.0,0.0,1.0,1.0,1.0,0.0,0.0,5.6,4.75,6.5,0.8499999999999996,0.9000000000000004,5.8,5.0,6.5,0.7999999999999998,0.7000000000000002,4.2,3.0,6.0,1.2000000000000002,1.7999999999999998,6.6,6.0,7.0,0.5999999999999996,0.40000000000000036,0.0,0.0,0.0,0.0,0.0,4.0,4.0,4.0,0.0,0.0,0.0,0.0,0.0,0.0,0.0,4.0,4.0,4.0,0.0,0.0
20,4,5,5,0.2,0.2,0.3,dense,True,20,20,20,4,5,5,17,DPA token margin,full_response_stable_against_any_token_change,radius_derived,5,"0,10,20,30,40",0.0,0.0,0.0,0.0,0.0,1.0,1.0,1.0,0.0,0.0,5.6,4.75,6.5,0.8499999999999996,0.9000000000000004,5.8,5.0,6.5,0.7999999999999998,0.7000000000000002,4.2,3.0,6.0,1.2000000000000002,1.7999999999999998,6.6,6.0,7.0,0.5999999999999996,0.40000000000000036,0.0,0.0,0.0,0.0,0.0,4.0,4.0,4.0,0.0,0.0,0.0,0.0,0.0,0.0,0.0,4.0,4.0,4.0,0.0,0.0
20,4,5,5,0.2,0.2,0.3,dense,True,20,20,20,4,5,5,18,DPA token margin,full_response_stable_against_any_token_change,radius_derived,5,"0,10,20,30,40",0.0,0.0,0.0,0.0,0.0,1.0,1.0,1.0,0.0,0.0,5.6,4.75,6.5,0.8499999999999996,0.9000000000000004,5.8,5.0,6.5,0.7999999999999998,0.7000000000000002,4.2,3.0,6.0,1.2000000000000002,1.7999999999999998,6.6,6.0,7.0,0.5999999999999996,0.40000000000000036,0.0,0.0,0.0,0.0,0.0,4.0,4.0,4.0,0.0,0.0,0.0,0.0,0.0,0.0,0.0,4.0,4.0,4.0,0.0,0.0
20,4,5,5,0.2,0.2,0.3,dense,True,20,20,20,4,5,5,19,DPA token margin,full_response_stable_against_any_token_change,radius_derived,5,"0,10,20,30,40",0.0,0.0,0.0,0.0,0.0,1.0,1.0,1.0,0.0,0.0,5.6,4.75,6.5,0.8499999999999996,0.9000000000000004,5.8,5.0,6.5,0.7999999999999998,0.7000000000000002,4.2,3.0,6.0,1.2000000000000002,1.7999999999999998,6.6,6.0,7.0,0.5999999999999996,0.40000000000000036,0.0,0.0,0.0,0.0,0.0,4.0,4.0,4.0,0.0,0.0,0.0,0.0,0.0,0.0,0.0,4.0,4.0,4.0,0.0,0.0
20,4,5,5,0.2,0.2,0.3,dense,True,20,20,20,4,5,5,20,DPA token margin,full_response_stable_against_any_token_change,radius_derived,5,"0,10,20,30,40",0.0,0.0,0.0,0.0,0.0,1.0,1.0,1.0,0.0,0.0,5.6,4.75,6.5,0.8499999999999996,0.9000000000000004,5.8,5.0,6.5,0.7999999999999998,0.7000000000000002,4.2,3.0,6.0,1.2000000000000002,1.7999999999999998,6.6,6.0,7.0,0.5999999999999996,0.40000000000000036,0.0,0.0,0.0,0.0,0.0,4.0,4.0,4.0,0.0,0.0,0.0,0.0,0.0,0.0,0.0,4.0,4.0,4.0,0.0,0.0
20,4,5,5,0.2,0.2,0.3,dense,True,20,20,20,4,5,5,0,Shared MILP,stability_one_token_per_prompt,radius_derived,5,"0,10,20,30,40",1.0,1.0,1.0,0.0,0.0,0.0,0.0,0.0,0.0,0.0,5.6,4.75,6.5,0.8499999999999996,0.9000000000000004,5.8,5.0,6.5,0.7999999999999998,0.7000000000000002,4.2,3.0,6.0,1.2000000000000002,1.7999999999999998,6.6,6.0,7.0,0.5999999999999996,0.40000000000000036,4.0,4.0,4.0,0.0,0.0,4.0,4.0,4.0,0.0,0.0,0.0,0.0,0.0,0.0,0.0,4.0,4.0,4.0,0.0,0.0
20,4,5,5,0.2,0.2,0.3,dense,True,20,20,20,4,5,5,1,Shared MILP,stability_one_token_per_prompt,radius_derived,5,"0,10,20,30,40",1.0,1.0,1.0,0.0,0.0,0.0,0.0,0.0,0.0,0.0,5.6,4.75,6.5,0.8499999999999996,0.9000000000000004,5.8,5.0,6.5,0.7999999999999998,0.7000000000000002,4.2,3.0,6.0,1.2000000000000002,1.7999999999999998,6.6,6.0,7.0,0.5999999999999996,0.40000000000000036,4.0,4.0,4.0,0.0,0.0,4.0,4.0,4.0,0.0,0.0,0.0,0.0,0.0,0.0,0.0,4.0,4.0,4.0,0.0,0.0
20,4,5,5,0.2,0.2,0.3,dense,True,20,20,20,4,5,5,2,Shared MILP,stability_one_token_per_prompt,radius_derived,5,"0,10,20,30,40",1.0,1.0,1.0,0.0,0.0,0.0,0.0,0.0,0.0,0.0,5.6,4.75,6.5,0.8499999999999996,0.9000000000000004,5.8,5.0,6.5,0.7999999999999998,0.7000000000000002,4.2,3.0,6.0,1.2000000000000002,1.7999999999999998,6.6,6.0,7.0,0.5999999999999996,0.40000000000000036,4.0,4.0,4.0,0.0,0.0,4.0,4.0,4.0,0.0,0.0,0.0,0.0,0.0,0.0,0.0,4.0,4.0,4.0,0.0,0.0
20,4,5,5,0.2,0.2,0.3,dense,True,20,20,20,4,5,5,3,Shared MILP,stability_one_token_per_prompt,radius_derived,5,"0,10,20,30,40",0.9,0.75,1.0,0.15000000000000002,0.09999999999999998,0.1,0.0,0.25,0.1,0.15,5.6,4.75,6.5,0.8499999999999996,0.9000000000000004,5.8,5.0,6.5,0.7999999999999998,0.7000000000000002,4.2,3.0,6.0,1.2000000000000002,1.7999999999999998,6.6,6.0,7.0,0.5999999999999996,0.40000000000000036,3.6,3.0,4.0,0.6000000000000001,0.3999999999999999,4.0,4.0,4.0,0.0,0.0,0.0,0.0,0.0,0.0,0.0,4.0,4.0,4.0,0.0,0.0
20,4,5,5,0.2,0.2,0.3,dense,True,20,20,20,4,5,5,4,Shared MILP,stability_one_token_per_prompt,radius_derived,5,"0,10,20,30,40",0.85,0.75,1.0,0.09999999999999998,0.15000000000000002,0.15,0.0,0.25,0.15,0.1,5.6,4.75,6.5,0.8499999999999996,0.9000000000000004,5.8,5.0,6.5,0.7999999999999998,0.7000000000000002,4.2,3.0,6.0,1.2000000000000002,1.7999999999999998,6.6,6.0,7.0,0.5999999999999996,0.40000000000000036,3.4,3.0,4.0,0.3999999999999999,0.6000000000000001,4.0,4.0,4.0,0.0,0.0,0.0,0.0,0.0,0.0,0.0,4.0,4.0,4.0,0.0,0.0
20,4,5,5,0.2,0.2,0.3,dense,True,20,20,20,4,5,5,5,Shared MILP,stability_one_token_per_prompt,radius_derived,5,"0,10,20,30,40",0.65,0.25,1.0,0.4,0.35,0.35,0.0,0.75,0.35,0.4,5.6,4.75,6.5,0.8499999999999996,0.9000000000000004,5.8,5.0,6.5,0.7999999999999998,0.7000000000000002,4.2,3.0,6.0,1.2000000000000002,1.7999999999999998,6.6,6.0,7.0,0.5999999999999996,0.40000000000000036,2.6,1.0,4.0,1.6,1.4,4.0,4.0,4.0,0.0,0.0,0.0,0.0,0.0,0.0,0.0,4.0,4.0,4.0,0.0,0.0
20,4,5,5,0.2,0.2,0.3,dense,True,20,20,20,4,5,5,6,Shared MILP,stability_one_token_per_prompt,radius_derived,5,"0,10,20,30,40",0.2,0.0,0.5,0.2,0.3,0.8,0.5,1.0,0.30000000000000004,0.19999999999999996,5.6,4.75,6.5,0.8499999999999996,0.9000000000000004,5.8,5.0,6.5,0.7999999999999998,0.7000000000000002,4.2,3.0,6.0,1.2000000000000002,1.7999999999999998,6.6,6.0,7.0,0.5999999999999996,0.40000000000000036,0.8,0.0,2.0,0.8,1.2,4.0,4.0,4.0,0.0,0.0,0.0,0.0,0.0,0.0,0.0,4.0,4.0,4.0,0.0,0.0
20,4,5,5,0.2,0.2,0.3,dense,True,20,20,20,4,5,5,7,Shared MILP,stability_one_token_per_prompt,radius_derived,5,"0,10,20,30,40",0.0,0.0,0.0,0.0,0.0,1.0,1.0,1.0,0.0,0.0,5.6,4.75,6.5,0.8499999999999996,0.9000000000000004,5.8,5.0,6.5,0.7999999999999998,0.7000000000000002,4.2,3.0,6.0,1.2000000000000002,1.7999999999999998,6.6,6.0,7.0,0.5999999999999996,0.40000000000000036,0.0,0.0,0.0,0.0,0.0,4.0,4.0,4.0,0.0,0.0,0.0,0.0,0.0,0.0,0.0,4.0,4.0,4.0,0.0,0.0
20,4,5,5,0.2,0.2,0.3,dense,True,20,20,20,4,5,5,8,Shared MILP,stability_one_token_per_prompt,radius_derived,5,"0,10,20,30,40",0.0,0.0,0.0,0.0,0.0,1.0,1.0,1.0,0.0,0.0,5.6,4.75,6.5,0.8499999999999996,0.9000000000000004,5.8,5.0,6.5,0.7999999999999998,0.7000000000000002,4.2,3.0,6.0,1.2000000000000002,1.7999999999999998,6.6,6.0,7.0,0.5999999999999996,0.40000000000000036,0.0,0.0,0.0,0.0,0.0,4.0,4.0,4.0,0.0,0.0,0.0,0.0,0.0,0.0,0.0,4.0,4.0,4.0,0.0,0.0
20,4,5,5,0.2,0.2,0.3,dense,True,20,20,20,4,5,5,9,Shared MILP,stability_one_token_per_prompt,radius_derived,5,"0,10,20,30,40",0.0,0.0,0.0,0.0,0.0,1.0,1.0,1.0,0.0,0.0,5.6,4.75,6.5,0.8499999999999996,0.9000000000000004,5.8,5.0,6.5,0.7999999999999998,0.7000000000000002,4.2,3.0,6.0,1.2000000000000002,1.7999999999999998,6.6,6.0,7.0,0.5999999999999996,0.40000000000000036,0.0,0.0,0.0,0.0,0.0,4.0,4.0,4.0,0.0,0.0,0.0,0.0,0.0,0.0,0.0,4.0,4.0,4.0,0.0,0.0
20,4,5,5,0.2,0.2,0.3,dense,True,20,20,20,4,5,5,10,Shared MILP,stability_one_token_per_prompt,radius_derived,5,"0,10,20,30,40",0.0,0.0,0.0,0.0,0.0,1.0,1.0,1.0,0.0,0.0,5.6,4.75,6.5,0.8499999999999996,0.9000000000000004,5.8,5.0,6.5,0.7999999999999998,0.7000000000000002,4.2,3.0,6.0,1.2000000000000002,1.7999999999999998,6.6,6.0,7.0,0.5999999999999996,0.40000000000000036,0.0,0.0,0.0,0.0,0.0,4.0,4.0,4.0,0.0,0.0,0.0,0.0,0.0,0.0,0.0,4.0,4.0,4.0,0.0,0.0
20,4,5,5,0.2,0.2,0.3,dense,True,20,20,20,4,5,5,11,Shared MILP,stability_one_token_per_prompt,radius_derived,5,"0,10,20,30,40",0.0,0.0,0.0,0.0,0.0,1.0,1.0,1.0,0.0,0.0,5.6,4.75,6.5,0.8499999999999996,0.9000000000000004,5.8,5.0,6.5,0.7999999999999998,0.7000000000000002,4.2,3.0,6.0,1.2000000000000002,1.7999999999999998,6.6,6.0,7.0,0.5999999999999996,0.40000000000000036,0.0,0.0,0.0,0.0,0.0,4.0,4.0,4.0,0.0,0.0,0.0,0.0,0.0,0.0,0.0,4.0,4.0,4.0,0.0,0.0
20,4,5,5,0.2,0.2,0.3,dense,True,20,20,20,4,5,5,12,Shared MILP,stability_one_token_per_prompt,radius_derived,5,"0,10,20,30,40",0.0,0.0,0.0,0.0,0.0,1.0,1.0,1.0,0.0,0.0,5.6,4.75,6.5,0.8499999999999996,0.9000000000000004,5.8,5.0,6.5,0.7999999999999998,0.7000000000000002,4.2,3.0,6.0,1.2000000000000002,1.7999999999999998,6.6,6.0,7.0,0.5999999999999996,0.40000000000000036,0.0,0.0,0.0,0.0,0.0,4.0,4.0,4.0,0.0,0.0,0.0,0.0,0.0,0.0,0.0,4.0,4.0,4.0,0.0,0.0
20,4,5,5,0.2,0.2,0.3,dense,True,20,20,20,4,5,5,13,Shared MILP,stability_one_token_per_prompt,radius_derived,5,"0,10,20,30,40",0.0,0.0,0.0,0.0,0.0,1.0,1.0,1.0,0.0,0.0,5.6,4.75,6.5,0.8499999999999996,0.9000000000000004,5.8,5.0,6.5,0.7999999999999998,0.7000000000000002,4.2,3.0,6.0,1.2000000000000002,1.7999999999999998,6.6,6.0,7.0,0.5999999999999996,0.40000000000000036,0.0,0.0,0.0,0.0,0.0,4.0,4.0,4.0,0.0,0.0,0.0,0.0,0.0,0.0,0.0,4.0,4.0,4.0,0.0,0.0
20,4,5,5,0.2,0.2,0.3,dense,True,20,20,20,4,5,5,14,Shared MILP,stability_one_token_per_prompt,radius_derived,5,"0,10,20,30,40",0.0,0.0,0.0,0.0,0.0,1.0,1.0,1.0,0.0,0.0,5.6,4.75,6.5,0.8499999999999996,0.9000000000000004,5.8,5.0,6.5,0.7999999999999998,0.7000000000000002,4.2,3.0,6.0,1.2000000000000002,1.7999999999999998,6.6,6.0,7.0,0.5999999999999996,0.40000000000000036,0.0,0.0,0.0,0.0,0.0,4.0,4.0,4.0,0.0,0.0,0.0,0.0,0.0,0.0,0.0,4.0,4.0,4.0,0.0,0.0
20,4,5,5,0.2,0.2,0.3,dense,True,20,20,20,4,5,5,15,Shared MILP,stability_one_token_per_prompt,radius_derived,5,"0,10,20,30,40",0.0,0.0,0.0,0.0,0.0,1.0,1.0,1.0,0.0,0.0,5.6,4.75,6.5,0.8499999999999996,0.9000000000000004,5.8,5.0,6.5,0.7999999999999998,0.7000000000000002,4.2,3.0,6.0,1.2000000000000002,1.7999999999999998,6.6,6.0,7.0,0.5999999999999996,0.40000000000000036,0.0,0.0,0.0,0.0,0.0,4.0,4.0,4.0,0.0,0.0,0.0,0.0,0.0,0.0,0.0,4.0,4.0,4.0,0.0,0.0
20,4,5,5,0.2,0.2,0.3,dense,True,20,20,20,4,5,5,16,Shared MILP,stability_one_token_per_prompt,radius_derived,5,"0,10,20,30,40",0.0,0.0,0.0,0.0,0.0,1.0,1.0,1.0,0.0,0.0,5.6,4.75,6.5,0.8499999999999996,0.9000000000000004,5.8,5.0,6.5,0.7999999999999998,0.7000000000000002,4.2,3.0,6.0,1.2000000000000002,1.7999999999999998,6.6,6.0,7.0,0.5999999999999996,0.40000000000000036,0.0,0.0,0.0,0.0,0.0,4.0,4.0,4.0,0.0,0.0,0.0,0.0,0.0,0.0,0.0,4.0,4.0,4.0,0.0,0.0
20,4,5,5,0.2,0.2,0.3,dense,True,20,20,20,4,5,5,17,Shared MILP,stability_one_token_per_prompt,radius_derived,5,"0,10,20,30,40",0.0,0.0,0.0,0.0,0.0,1.0,1.0,1.0,0.0,0.0,5.6,4.75,6.5,0.8499999999999996,0.9000000000000004,5.8,5.0,6.5,0.7999999999999998,0.7000000000000002,4.2,3.0,6.0,1.2000000000000002,1.7999999999999998,6.6,6.0,7.0,0.5999999999999996,0.40000000000000036,0.0,0.0,0.0,0.0,0.0,4.0,4.0,4.0,0.0,0.0,0.0,0.0,0.0,0.0,0.0,4.0,4.0,4.0,0.0,0.0
20,4,5,5,0.2,0.2,0.3,dense,True,20,20,20,4,5,5,18,Shared MILP,stability_one_token_per_prompt,radius_derived,5,"0,10,20,30,40",0.0,0.0,0.0,0.0,0.0,1.0,1.0,1.0,0.0,0.0,5.6,4.75,6.5,0.8499999999999996,0.9000000000000004,5.8,5.0,6.5,0.7999999999999998,0.7000000000000002,4.2,3.0,6.0,1.2000000000000002,1.7999999999999998,6.6,6.0,7.0,0.5999999999999996,0.40000000000000036,0.0,0.0,0.0,0.0,0.0,4.0,4.0,4.0,0.0,0.0,0.0,0.0,0.0,0.0,0.0,4.0,4.0,4.0,0.0,0.0
20,4,5,5,0.2,0.2,0.3,dense,True,20,20,20,4,5,5,19,Shared MILP,stability_one_token_per_prompt,radius_derived,5,"0,10,20,30,40",0.0,0.0,0.0,0.0,0.0,1.0,1.0,1.0,0.0,0.0,5.6,4.75,6.5,0.8499999999999996,0.9000000000000004,5.8,5.0,6.5,0.7999999999999998,0.7000000000000002,4.2,3.0,6.0,1.2000000000000002,1.7999999999999998,6.6,6.0,7.0,0.5999999999999996,0.40000000000000036,0.0,0.0,0.0,0.0,0.0,4.0,4.0,4.0,0.0,0.0,0.0,0.0,0.0,0.0,0.0,4.0,4.0,4.0,0.0,0.0
20,4,5,5,0.2,0.2,0.3,dense,True,20,20,20,4,5,5,20,Shared MILP,stability_one_token_per_prompt,radius_derived,5,"0,10,20,30,40",0.0,0.0,0.0,0.0,0.0,1.0,1.0,1.0,0.0,0.0,5.6,4.75,6.5,0.8499999999999996,0.9000000000000004,5.8,5.0,6.5,0.7999999999999998,0.7000000000000002,4.2,3.0,6.0,1.2000000000000002,1.7999999999999998,6.6,6.0,7.0,0.5999999999999996,0.40000000000000036,0.0,0.0,0.0,0.0,0.0,4.0,4.0,4.0,0.0,0.0,0.0,0.0,0.0,0.0,0.0,4.0,4.0,4.0,0.0,0.0
20,4,5,5,0.2,0.2,0.3,dense,True,20,20,20,4,5,5,0,Shared MILP,stability_full_sequence_per_prompt,radius_derived,5,"0,10,20,30,40",1.0,1.0,1.0,0.0,0.0,0.0,0.0,0.0,0.0,0.0,8.85,8.5,9.25,0.34999999999999964,0.40000000000000036,8.9,8.5,9.0,0.40000000000000036,0.09999999999999964,8.4,8.0,9.0,0.40000000000000036,0.5999999999999996,9.2,9.0,10.0,0.1999999999999993,0.8000000000000007,4.0,4.0,4.0,0.0,0.0,4.0,4.0,4.0,0.0,0.0,0.0,0.0,0.0,0.0,0.0,4.0,4.0,4.0,0.0,0.0
20,4,5,5,0.2,0.2,0.3,dense,True,20,20,20,4,5,5,1,Shared MILP,stability_full_sequence_per_prompt,radius_derived,5,"0,10,20,30,40",1.0,1.0,1.0,0.0,0.0,0.0,0.0,0.0,0.0,0.0,8.85,8.5,9.25,0.34999999999999964,0.40000000000000036,8.9,8.5,9.0,0.40000000000000036,0.09999999999999964,8.4,8.0,9.0,0.40000000000000036,0.5999999999999996,9.2,9.0,10.0,0.1999999999999993,0.8000000000000007,4.0,4.0,4.0,0.0,0.0,4.0,4.0,4.0,0.0,0.0,0.0,0.0,0.0,0.0,0.0,4.0,4.0,4.0,0.0,0.0
20,4,5,5,0.2,0.2,0.3,dense,True,20,20,20,4,5,5,2,Shared MILP,stability_full_sequence_per_prompt,radius_derived,5,"0,10,20,30,40",1.0,1.0,1.0,0.0,0.0,0.0,0.0,0.0,0.0,0.0,8.85,8.5,9.25,0.34999999999999964,0.40000000000000036,8.9,8.5,9.0,0.40000000000000036,0.09999999999999964,8.4,8.0,9.0,0.40000000000000036,0.5999999999999996,9.2,9.0,10.0,0.1999999999999993,0.8000000000000007,4.0,4.0,4.0,0.0,0.0,4.0,4.0,4.0,0.0,0.0,0.0,0.0,0.0,0.0,0.0,4.0,4.0,4.0,0.0,0.0
20,4,5,5,0.2,0.2,0.3,dense,True,20,20,20,4,5,5,3,Shared MILP,stability_full_sequence_per_prompt,radius_derived,5,"0,10,20,30,40",1.0,1.0,1.0,0.0,0.0,0.0,0.0,0.0,0.0,0.0,8.85,8.5,9.25,0.34999999999999964,0.40000000000000036,8.9,8.5,9.0,0.40000000000000036,0.09999999999999964,8.4,8.0,9.0,0.40000000000000036,0.5999999999999996,9.2,9.0,10.0,0.1999999999999993,0.8000000000000007,4.0,4.0,4.0,0.0,0.0,4.0,4.0,4.0,0.0,0.0,0.0,0.0,0.0,0.0,0.0,4.0,4.0,4.0,0.0,0.0
20,4,5,5,0.2,0.2,0.3,dense,True,20,20,20,4,5,5,4,Shared MILP,stability_full_sequence_per_prompt,radius_derived,5,"0,10,20,30,40",1.0,1.0,1.0,0.0,0.0,0.0,0.0,0.0,0.0,0.0,8.85,8.5,9.25,0.34999999999999964,0.40000000000000036,8.9,8.5,9.0,0.40000000000000036,0.09999999999999964,8.4,8.0,9.0,0.40000000000000036,0.5999999999999996,9.2,9.0,10.0,0.1999999999999993,0.8000000000000007,4.0,4.0,4.0,0.0,0.0,4.0,4.0,4.0,0.0,0.0,0.0,0.0,0.0,0.0,0.0,4.0,4.0,4.0,0.0,0.0
20,4,5,5,0.2,0.2,0.3,dense,True,20,20,20,4,5,5,5,Shared MILP,stability_full_sequence_per_prompt,radius_derived,5,"0,10,20,30,40",1.0,1.0,1.0,0.0,0.0,0.0,0.0,0.0,0.0,0.0,8.85,8.5,9.25,0.34999999999999964,0.40000000000000036,8.9,8.5,9.0,0.40000000000000036,0.09999999999999964,8.4,8.0,9.0,0.40000000000000036,0.5999999999999996,9.2,9.0,10.0,0.1999999999999993,0.8000000000000007,4.0,4.0,4.0,0.0,0.0,4.0,4.0,4.0,0.0,0.0,0.0,0.0,0.0,0.0,0.0,4.0,4.0,4.0,0.0,0.0
20,4,5,5,0.2,0.2,0.3,dense,True,20,20,20,4,5,5,6,Shared MILP,stability_full_sequence_per_prompt,radius_derived,5,"0,10,20,30,40",1.0,1.0,1.0,0.0,0.0,0.0,0.0,0.0,0.0,0.0,8.85,8.5,9.25,0.34999999999999964,0.40000000000000036,8.9,8.5,9.0,0.40000000000000036,0.09999999999999964,8.4,8.0,9.0,0.40000000000000036,0.5999999999999996,9.2,9.0,10.0,0.1999999999999993,0.8000000000000007,4.0,4.0,4.0,0.0,0.0,4.0,4.0,4.0,0.0,0.0,0.0,0.0,0.0,0.0,0.0,4.0,4.0,4.0,0.0,0.0
20,4,5,5,0.2,0.2,0.3,dense,True,20,20,20,4,5,5,7,Shared MILP,stability_full_sequence_per_prompt,radius_derived,5,"0,10,20,30,40",1.0,1.0,1.0,0.0,0.0,0.0,0.0,0.0,0.0,0.0,8.85,8.5,9.25,0.34999999999999964,0.40000000000000036,8.9,8.5,9.0,0.40000000000000036,0.09999999999999964,8.4,8.0,9.0,0.40000000000000036,0.5999999999999996,9.2,9.0,10.0,0.1999999999999993,0.8000000000000007,4.0,4.0,4.0,0.0,0.0,4.0,4.0,4.0,0.0,0.0,0.0,0.0,0.0,0.0,0.0,4.0,4.0,4.0,0.0,0.0
20,4,5,5,0.2,0.2,0.3,dense,True,20,20,20,4,5,5,8,Shared MILP,stability_full_sequence_per_prompt,radius_derived,5,"0,10,20,30,40",0.8,0.5,1.0,0.30000000000000004,0.19999999999999996,0.2,0.0,0.5,0.2,0.3,8.85,8.5,9.25,0.34999999999999964,0.40000000000000036,8.9,8.5,9.0,0.40000000000000036,0.09999999999999964,8.4,8.0,9.0,0.40000000000000036,0.5999999999999996,9.2,9.0,10.0,0.1999999999999993,0.8000000000000007,3.2,2.0,4.0,1.2000000000000002,0.7999999999999998,4.0,4.0,4.0,0.0,0.0,0.0,0.0,0.0,0.0,0.0,4.0,4.0,4.0,0.0,0.0
20,4,5,5,0.2,0.2,0.3,dense,True,20,20,20,4,5,5,9,Shared MILP,stability_full_sequence_per_prompt,radius_derived,5,"0,10,20,30,40",0.05,0.0,0.25,0.05,0.2,0.95,0.75,1.0,0.19999999999999996,0.050000000000000044,8.85,8.5,9.25,0.34999999999999964,0.40000000000000036,8.9,8.5,9.0,0.40000000000000036,0.09999999999999964,8.4,8.0,9.0,0.40000000000000036,0.5999999999999996,9.2,9.0,10.0,0.1999999999999993,0.8000000000000007,0.2,0.0,1.0,0.2,0.8,4.0,4.0,4.0,0.0,0.0,0.0,0.0,0.0,0.0,0.0,4.0,4.0,4.0,0.0,0.0
20,4,5,5,0.2,0.2,0.3,dense,True,20,20,20,4,5,5,10,Shared MILP,stability_full_sequence_per_prompt,radius_derived,5,"0,10,20,30,40",0.0,0.0,0.0,0.0,0.0,1.0,1.0,1.0,0.0,0.0,8.85,8.5,9.25,0.34999999999999964,0.40000000000000036,8.9,8.5,9.0,0.40000000000000036,0.09999999999999964,8.4,8.0,9.0,0.40000000000000036,0.5999999999999996,9.2,9.0,10.0,0.1999999999999993,0.8000000000000007,0.0,0.0,0.0,0.0,0.0,4.0,4.0,4.0,0.0,0.0,0.0,0.0,0.0,0.0,0.0,4.0,4.0,4.0,0.0,0.0
20,4,5,5,0.2,0.2,0.3,dense,True,20,20,20,4,5,5,11,Shared MILP,stability_full_sequence_per_prompt,radius_derived,5,"0,10,20,30,40",0.0,0.0,0.0,0.0,0.0,1.0,1.0,1.0,0.0,0.0,8.85,8.5,9.25,0.34999999999999964,0.40000000000000036,8.9,8.5,9.0,0.40000000000000036,0.09999999999999964,8.4,8.0,9.0,0.40000000000000036,0.5999999999999996,9.2,9.0,10.0,0.1999999999999993,0.8000000000000007,0.0,0.0,0.0,0.0,0.0,4.0,4.0,4.0,0.0,0.0,0.0,0.0,0.0,0.0,0.0,4.0,4.0,4.0,0.0,0.0
20,4,5,5,0.2,0.2,0.3,dense,True,20,20,20,4,5,5,12,Shared MILP,stability_full_sequence_per_prompt,radius_derived,5,"0,10,20,30,40",0.0,0.0,0.0,0.0,0.0,1.0,1.0,1.0,0.0,0.0,8.85,8.5,9.25,0.34999999999999964,0.40000000000000036,8.9,8.5,9.0,0.40000000000000036,0.09999999999999964,8.4,8.0,9.0,0.40000000000000036,0.5999999999999996,9.2,9.0,10.0,0.1999999999999993,0.8000000000000007,0.0,0.0,0.0,0.0,0.0,4.0,4.0,4.0,0.0,0.0,0.0,0.0,0.0,0.0,0.0,4.0,4.0,4.0,0.0,0.0
20,4,5,5,0.2,0.2,0.3,dense,True,20,20,20,4,5,5,13,Shared MILP,stability_full_sequence_per_prompt,radius_derived,5,"0,10,20,30,40",0.0,0.0,0.0,0.0,0.0,1.0,1.0,1.0,0.0,0.0,8.85,8.5,9.25,0.34999999999999964,0.40000000000000036,8.9,8.5,9.0,0.40000000000000036,0.09999999999999964,8.4,8.0,9.0,0.40000000000000036,0.5999999999999996,9.2,9.0,10.0,0.1999999999999993,0.8000000000000007,0.0,0.0,0.0,0.0,0.0,4.0,4.0,4.0,0.0,0.0,0.0,0.0,0.0,0.0,0.0,4.0,4.0,4.0,0.0,0.0
20,4,5,5,0.2,0.2,0.3,dense,True,20,20,20,4,5,5,14,Shared MILP,stability_full_sequence_per_prompt,radius_derived,5,"0,10,20,30,40",0.0,0.0,0.0,0.0,0.0,1.0,1.0,1.0,0.0,0.0,8.85,8.5,9.25,0.34999999999999964,0.40000000000000036,8.9,8.5,9.0,0.40000000000000036,0.09999999999999964,8.4,8.0,9.0,0.40000000000000036,0.5999999999999996,9.2,9.0,10.0,0.1999999999999993,0.8000000000000007,0.0,0.0,0.0,0.0,0.0,4.0,4.0,4.0,0.0,0.0,0.0,0.0,0.0,0.0,0.0,4.0,4.0,4.0,0.0,0.0
20,4,5,5,0.2,0.2,0.3,dense,True,20,20,20,4,5,5,15,Shared MILP,stability_full_sequence_per_prompt,radius_derived,5,"0,10,20,30,40",0.0,0.0,0.0,0.0,0.0,1.0,1.0,1.0,0.0,0.0,8.85,8.5,9.25,0.34999999999999964,0.40000000000000036,8.9,8.5,9.0,0.40000000000000036,0.09999999999999964,8.4,8.0,9.0,0.40000000000000036,0.5999999999999996,9.2,9.0,10.0,0.1999999999999993,0.8000000000000007,0.0,0.0,0.0,0.0,0.0,4.0,4.0,4.0,0.0,0.0,0.0,0.0,0.0,0.0,0.0,4.0,4.0,4.0,0.0,0.0
20,4,5,5,0.2,0.2,0.3,dense,True,20,20,20,4,5,5,16,Shared MILP,stability_full_sequence_per_prompt,radius_derived,5,"0,10,20,30,40",0.0,0.0,0.0,0.0,0.0,1.0,1.0,1.0,0.0,0.0,8.85,8.5,9.25,0.34999999999999964,0.40000000000000036,8.9,8.5,9.0,0.40000000000000036,0.09999999999999964,8.4,8.0,9.0,0.40000000000000036,0.5999999999999996,9.2,9.0,10.0,0.1999999999999993,0.8000000000000007,0.0,0.0,0.0,0.0,0.0,4.0,4.0,4.0,0.0,0.0,0.0,0.0,0.0,0.0,0.0,4.0,4.0,4.0,0.0,0.0
20,4,5,5,0.2,0.2,0.3,dense,True,20,20,20,4,5,5,17,Shared MILP,stability_full_sequence_per_prompt,radius_derived,5,"0,10,20,30,40",0.0,0.0,0.0,0.0,0.0,1.0,1.0,1.0,0.0,0.0,8.85,8.5,9.25,0.34999999999999964,0.40000000000000036,8.9,8.5,9.0,0.40000000000000036,0.09999999999999964,8.4,8.0,9.0,0.40000000000000036,0.5999999999999996,9.2,9.0,10.0,0.1999999999999993,0.8000000000000007,0.0,0.0,0.0,0.0,0.0,4.0,4.0,4.0,0.0,0.0,0.0,0.0,0.0,0.0,0.0,4.0,4.0,4.0,0.0,0.0
20,4,5,5,0.2,0.2,0.3,dense,True,20,20,20,4,5,5,18,Shared MILP,stability_full_sequence_per_prompt,radius_derived,5,"0,10,20,30,40",0.0,0.0,0.0,0.0,0.0,1.0,1.0,1.0,0.0,0.0,8.85,8.5,9.25,0.34999999999999964,0.40000000000000036,8.9,8.5,9.0,0.40000000000000036,0.09999999999999964,8.4,8.0,9.0,0.40000000000000036,0.5999999999999996,9.2,9.0,10.0,0.1999999999999993,0.8000000000000007,0.0,0.0,0.0,0.0,0.0,4.0,4.0,4.0,0.0,0.0,0.0,0.0,0.0,0.0,0.0,4.0,4.0,4.0,0.0,0.0
20,4,5,5,0.2,0.2,0.3,dense,True,20,20,20,4,5,5,19,Shared MILP,stability_full_sequence_per_prompt,radius_derived,5,"0,10,20,30,40",0.0,0.0,0.0,0.0,0.0,1.0,1.0,1.0,0.0,0.0,8.85,8.5,9.25,0.34999999999999964,0.40000000000000036,8.9,8.5,9.0,0.40000000000000036,0.09999999999999964,8.4,8.0,9.0,0.40000000000000036,0.5999999999999996,9.2,9.0,10.0,0.1999999999999993,0.8000000000000007,0.0,0.0,0.0,0.0,0.0,4.0,4.0,4.0,0.0,0.0,0.0,0.0,0.0,0.0,0.0,4.0,4.0,4.0,0.0,0.0
20,4,5,5,0.2,0.2,0.3,dense,True,20,20,20,4,5,5,20,Shared MILP,stability_full_sequence_per_prompt,radius_derived,5,"0,10,20,30,40",0.0,0.0,0.0,0.0,0.0,1.0,1.0,1.0,0.0,0.0,8.85,8.5,9.25,0.34999999999999964,0.40000000000000036,8.9,8.5,9.0,0.40000000000000036,0.09999999999999964,8.4,8.0,9.0,0.40000000000000036,0.5999999999999996,9.2,9.0,10.0,0.1999999999999993,0.8000000000000007,0.0,0.0,0.0,0.0,0.0,4.0,4.0,4.0,0.0,0.0,0.0,0.0,0.0,0.0,0.0,4.0,4.0,4.0,0.0,0.0
20,4,5,5,0.2,0.2,0.3,dense,True,20,20,20,4,5,5,0,Plain DPA max token,validity_full_harmful_sequence_per_prompt,radius_derived,5,"0,10,20,30,40",1.0,1.0,1.0,0.0,0.0,0.0,0.0,0.0,0.0,0.0,4.65,3.5,6.75,1.1500000000000004,2.0999999999999996,4.5,3.5,6.5,1.0,2.0,3.8,3.0,6.0,0.7999999999999998,2.2,5.8,4.0,8.0,1.7999999999999998,2.2,4.0,4.0,4.0,0.0,0.0,4.0,4.0,4.0,0.0,0.0,0.0,0.0,0.0,0.0,0.0,4.0,4.0,4.0,0.0,0.0
20,4,5,5,0.2,0.2,0.3,dense,True,20,20,20,4,5,5,1,Plain DPA max token,validity_full_harmful_sequence_per_prompt,radius_derived,5,"0,10,20,30,40",1.0,1.0,1.0,0.0,0.0,0.0,0.0,0.0,0.0,0.0,4.65,3.5,6.75,1.1500000000000004,2.0999999999999996,4.5,3.5,6.5,1.0,2.0,3.8,3.0,6.0,0.7999999999999998,2.2,5.8,4.0,8.0,1.7999999999999998,2.2,4.0,4.0,4.0,0.0,0.0,4.0,4.0,4.0,0.0,0.0,0.0,0.0,0.0,0.0,0.0,4.0,4.0,4.0,0.0,0.0
20,4,5,5,0.2,0.2,0.3,dense,True,20,20,20,4,5,5,2,Plain DPA max token,validity_full_harmful_sequence_per_prompt,radius_derived,5,"0,10,20,30,40",1.0,1.0,1.0,0.0,0.0,0.0,0.0,0.0,0.0,0.0,4.65,3.5,6.75,1.1500000000000004,2.0999999999999996,4.5,3.5,6.5,1.0,2.0,3.8,3.0,6.0,0.7999999999999998,2.2,5.8,4.0,8.0,1.7999999999999998,2.2,4.0,4.0,4.0,0.0,0.0,4.0,4.0,4.0,0.0,0.0,0.0,0.0,0.0,0.0,0.0,4.0,4.0,4.0,0.0,0.0
20,4,5,5,0.2,0.2,0.3,dense,True,20,20,20,4,5,5,3,Plain DPA max token,validity_full_harmful_sequence_per_prompt,radius_derived,5,"0,10,20,30,40",0.8,0.5,1.0,0.30000000000000004,0.19999999999999996,0.2,0.0,0.5,0.2,0.3,4.65,3.5,6.75,1.1500000000000004,2.0999999999999996,4.5,3.5,6.5,1.0,2.0,3.8,3.0,6.0,0.7999999999999998,2.2,5.8,4.0,8.0,1.7999999999999998,2.2,3.2,2.0,4.0,1.2000000000000002,0.7999999999999998,4.0,4.0,4.0,0.0,0.0,0.0,0.0,0.0,0.0,0.0,4.0,4.0,4.0,0.0,0.0
20,4,5,5,0.2,0.2,0.3,dense,True,20,20,20,4,5,5,4,Plain DPA max token,validity_full_harmful_sequence_per_prompt,radius_derived,5,"0,10,20,30,40",0.4,0.0,1.0,0.4,0.6,0.6,0.0,1.0,0.6,0.4,4.65,3.5,6.75,1.1500000000000004,2.0999999999999996,4.5,3.5,6.5,1.0,2.0,3.8,3.0,6.0,0.7999999999999998,2.2,5.8,4.0,8.0,1.7999999999999998,2.2,1.6,0.0,4.0,1.6,2.4,4.0,4.0,4.0,0.0,0.0,0.0,0.0,0.0,0.0,0.0,4.0,4.0,4.0,0.0,0.0
20,4,5,5,0.2,0.2,0.3,dense,True,20,20,20,4,5,5,5,Plain DPA max token,validity_full_harmful_sequence_per_prompt,radius_derived,5,"0,10,20,30,40",0.25,0.0,1.0,0.25,0.75,0.75,0.0,1.0,0.75,0.25,4.65,3.5,6.75,1.1500000000000004,2.0999999999999996,4.5,3.5,6.5,1.0,2.0,3.8,3.0,6.0,0.7999999999999998,2.2,5.8,4.0,8.0,1.7999999999999998,2.2,1.0,0.0,4.0,1.0,3.0,4.0,4.0,4.0,0.0,0.0,0.0,0.0,0.0,0.0,0.0,4.0,4.0,4.0,0.0,0.0
20,4,5,5,0.2,0.2,0.3,dense,True,20,20,20,4,5,5,6,Plain DPA max token,validity_full_harmful_sequence_per_prompt,radius_derived,5,"0,10,20,30,40",0.15,0.0,0.5,0.15,0.35,0.85,0.5,1.0,0.35,0.15000000000000002,4.65,3.5,6.75,1.1500000000000004,2.0999999999999996,4.5,3.5,6.5,1.0,2.0,3.8,3.0,6.0,0.7999999999999998,2.2,5.8,4.0,8.0,1.7999999999999998,2.2,0.6,0.0,2.0,0.6,1.4,4.0,4.0,4.0,0.0,0.0,0.0,0.0,0.0,0.0,0.0,4.0,4.0,4.0,0.0,0.0
20,4,5,5,0.2,0.2,0.3,dense,True,20,20,20,4,5,5,7,Plain DPA max token,validity_full_harmful_sequence_per_prompt,radius_derived,5,"0,10,20,30,40",0.05,0.0,0.25,0.05,0.2,0.95,0.75,1.0,0.19999999999999996,0.050000000000000044,4.65,3.5,6.75,1.1500000000000004,2.0999999999999996,4.5,3.5,6.5,1.0,2.0,3.8,3.0,6.0,0.7999999999999998,2.2,5.8,4.0,8.0,1.7999999999999998,2.2,0.2,0.0,1.0,0.2,0.8,4.0,4.0,4.0,0.0,0.0,0.0,0.0,0.0,0.0,0.0,4.0,4.0,4.0,0.0,0.0
20,4,5,5,0.2,0.2,0.3,dense,True,20,20,20,4,5,5,8,Plain DPA max token,validity_full_harmful_sequence_per_prompt,radius_derived,5,"0,10,20,30,40",0.0,0.0,0.0,0.0,0.0,1.0,1.0,1.0,0.0,0.0,4.65,3.5,6.75,1.1500000000000004,2.0999999999999996,4.5,3.5,6.5,1.0,2.0,3.8,3.0,6.0,0.7999999999999998,2.2,5.8,4.0,8.0,1.7999999999999998,2.2,0.0,0.0,0.0,0.0,0.0,4.0,4.0,4.0,0.0,0.0,0.0,0.0,0.0,0.0,0.0,4.0,4.0,4.0,0.0,0.0
20,4,5,5,0.2,0.2,0.3,dense,True,20,20,20,4,5,5,9,Plain DPA max token,validity_full_harmful_sequence_per_prompt,radius_derived,5,"0,10,20,30,40",0.0,0.0,0.0,0.0,0.0,1.0,1.0,1.0,0.0,0.0,4.65,3.5,6.75,1.1500000000000004,2.0999999999999996,4.5,3.5,6.5,1.0,2.0,3.8,3.0,6.0,0.7999999999999998,2.2,5.8,4.0,8.0,1.7999999999999998,2.2,0.0,0.0,0.0,0.0,0.0,4.0,4.0,4.0,0.0,0.0,0.0,0.0,0.0,0.0,0.0,4.0,4.0,4.0,0.0,0.0
20,4,5,5,0.2,0.2,0.3,dense,True,20,20,20,4,5,5,10,Plain DPA max token,validity_full_harmful_sequence_per_prompt,radius_derived,5,"0,10,20,30,40",0.0,0.0,0.0,0.0,0.0,1.0,1.0,1.0,0.0,0.0,4.65,3.5,6.75,1.1500000000000004,2.0999999999999996,4.5,3.5,6.5,1.0,2.0,3.8,3.0,6.0,0.7999999999999998,2.2,5.8,4.0,8.0,1.7999999999999998,2.2,0.0,0.0,0.0,0.0,0.0,4.0,4.0,4.0,0.0,0.0,0.0,0.0,0.0,0.0,0.0,4.0,4.0,4.0,0.0,0.0
20,4,5,5,0.2,0.2,0.3,dense,True,20,20,20,4,5,5,11,Plain DPA max token,validity_full_harmful_sequence_per_prompt,radius_derived,5,"0,10,20,30,40",0.0,0.0,0.0,0.0,0.0,1.0,1.0,1.0,0.0,0.0,4.65,3.5,6.75,1.1500000000000004,2.0999999999999996,4.5,3.5,6.5,1.0,2.0,3.8,3.0,6.0,0.7999999999999998,2.2,5.8,4.0,8.0,1.7999999999999998,2.2,0.0,0.0,0.0,0.0,0.0,4.0,4.0,4.0,0.0,0.0,0.0,0.0,0.0,0.0,0.0,4.0,4.0,4.0,0.0,0.0
20,4,5,5,0.2,0.2,0.3,dense,True,20,20,20,4,5,5,12,Plain DPA max token,validity_full_harmful_sequence_per_prompt,radius_derived,5,"0,10,20,30,40",0.0,0.0,0.0,0.0,0.0,1.0,1.0,1.0,0.0,0.0,4.65,3.5,6.75,1.1500000000000004,2.0999999999999996,4.5,3.5,6.5,1.0,2.0,3.8,3.0,6.0,0.7999999999999998,2.2,5.8,4.0,8.0,1.7999999999999998,2.2,0.0,0.0,0.0,0.0,0.0,4.0,4.0,4.0,0.0,0.0,0.0,0.0,0.0,0.0,0.0,4.0,4.0,4.0,0.0,0.0
20,4,5,5,0.2,0.2,0.3,dense,True,20,20,20,4,5,5,13,Plain DPA max token,validity_full_harmful_sequence_per_prompt,radius_derived,5,"0,10,20,30,40",0.0,0.0,0.0,0.0,0.0,1.0,1.0,1.0,0.0,0.0,4.65,3.5,6.75,1.1500000000000004,2.0999999999999996,4.5,3.5,6.5,1.0,2.0,3.8,3.0,6.0,0.7999999999999998,2.2,5.8,4.0,8.0,1.7999999999999998,2.2,0.0,0.0,0.0,0.0,0.0,4.0,4.0,4.0,0.0,0.0,0.0,0.0,0.0,0.0,0.0,4.0,4.0,4.0,0.0,0.0
20,4,5,5,0.2,0.2,0.3,dense,True,20,20,20,4,5,5,14,Plain DPA max token,validity_full_harmful_sequence_per_prompt,radius_derived,5,"0,10,20,30,40",0.0,0.0,0.0,0.0,0.0,1.0,1.0,1.0,0.0,0.0,4.65,3.5,6.75,1.1500000000000004,2.0999999999999996,4.5,3.5,6.5,1.0,2.0,3.8,3.0,6.0,0.7999999999999998,2.2,5.8,4.0,8.0,1.7999999999999998,2.2,0.0,0.0,0.0,0.0,0.0,4.0,4.0,4.0,0.0,0.0,0.0,0.0,0.0,0.0,0.0,4.0,4.0,4.0,0.0,0.0
20,4,5,5,0.2,0.2,0.3,dense,True,20,20,20,4,5,5,15,Plain DPA max token,validity_full_harmful_sequence_per_prompt,radius_derived,5,"0,10,20,30,40",0.0,0.0,0.0,0.0,0.0,1.0,1.0,1.0,0.0,0.0,4.65,3.5,6.75,1.1500000000000004,2.0999999999999996,4.5,3.5,6.5,1.0,2.0,3.8,3.0,6.0,0.7999999999999998,2.2,5.8,4.0,8.0,1.7999999999999998,2.2,0.0,0.0,0.0,0.0,0.0,4.0,4.0,4.0,0.0,0.0,0.0,0.0,0.0,0.0,0.0,4.0,4.0,4.0,0.0,0.0
20,4,5,5,0.2,0.2,0.3,dense,True,20,20,20,4,5,5,16,Plain DPA max token,validity_full_harmful_sequence_per_prompt,radius_derived,5,"0,10,20,30,40",0.0,0.0,0.0,0.0,0.0,1.0,1.0,1.0,0.0,0.0,4.65,3.5,6.75,1.1500000000000004,2.0999999999999996,4.5,3.5,6.5,1.0,2.0,3.8,3.0,6.0,0.7999999999999998,2.2,5.8,4.0,8.0,1.7999999999999998,2.2,0.0,0.0,0.0,0.0,0.0,4.0,4.0,4.0,0.0,0.0,0.0,0.0,0.0,0.0,0.0,4.0,4.0,4.0,0.0,0.0
20,4,5,5,0.2,0.2,0.3,dense,True,20,20,20,4,5,5,17,Plain DPA max token,validity_full_harmful_sequence_per_prompt,radius_derived,5,"0,10,20,30,40",0.0,0.0,0.0,0.0,0.0,1.0,1.0,1.0,0.0,0.0,4.65,3.5,6.75,1.1500000000000004,2.0999999999999996,4.5,3.5,6.5,1.0,2.0,3.8,3.0,6.0,0.7999999999999998,2.2,5.8,4.0,8.0,1.7999999999999998,2.2,0.0,0.0,0.0,0.0,0.0,4.0,4.0,4.0,0.0,0.0,0.0,0.0,0.0,0.0,0.0,4.0,4.0,4.0,0.0,0.0
20,4,5,5,0.2,0.2,0.3,dense,True,20,20,20,4,5,5,18,Plain DPA max token,validity_full_harmful_sequence_per_prompt,radius_derived,5,"0,10,20,30,40",0.0,0.0,0.0,0.0,0.0,1.0,1.0,1.0,0.0,0.0,4.65,3.5,6.75,1.1500000000000004,2.0999999999999996,4.5,3.5,6.5,1.0,2.0,3.8,3.0,6.0,0.7999999999999998,2.2,5.8,4.0,8.0,1.7999999999999998,2.2,0.0,0.0,0.0,0.0,0.0,4.0,4.0,4.0,0.0,0.0,0.0,0.0,0.0,0.0,0.0,4.0,4.0,4.0,0.0,0.0
20,4,5,5,0.2,0.2,0.3,dense,True,20,20,20,4,5,5,19,Plain DPA max token,validity_full_harmful_sequence_per_prompt,radius_derived,5,"0,10,20,30,40",0.0,0.0,0.0,0.0,0.0,1.0,1.0,1.0,0.0,0.0,4.65,3.5,6.75,1.1500000000000004,2.0999999999999996,4.5,3.5,6.5,1.0,2.0,3.8,3.0,6.0,0.7999999999999998,2.2,5.8,4.0,8.0,1.7999999999999998,2.2,0.0,0.0,0.0,0.0,0.0,4.0,4.0,4.0,0.0,0.0,0.0,0.0,0.0,0.0,0.0,4.0,4.0,4.0,0.0,0.0
20,4,5,5,0.2,0.2,0.3,dense,True,20,20,20,4,5,5,20,Plain DPA max token,validity_full_harmful_sequence_per_prompt,radius_derived,5,"0,10,20,30,40",0.0,0.0,0.0,0.0,0.0,1.0,1.0,1.0,0.0,0.0,4.65,3.5,6.75,1.1500000000000004,2.0999999999999996,4.5,3.5,6.5,1.0,2.0,3.8,3.0,6.0,0.7999999999999998,2.2,5.8,4.0,8.0,1.7999999999999998,2.2,0.0,0.0,0.0,0.0,0.0,4.0,4.0,4.0,0.0,0.0,0.0,0.0,0.0,0.0,0.0,4.0,4.0,4.0,0.0,0.0
20,4,5,5,0.2,0.2,0.3,dense,True,20,20,20,4,5,5,0,Shard-aware weakest-token diagnostic,weakest_harmful_token_not_full_sequence_validity,radius_derived,5,"0,10,20,30,40",0.35,0.0,0.75,0.35,0.4,0.65,0.25,1.0,0.4,0.35,0.4,0.0,0.75,0.4,0.35,0.4,0.0,1.0,0.4,0.6,0.0,0.0,0.0,0.0,0.0,0.8,0.0,2.0,0.8,1.2,1.4,0.0,3.0,1.4,1.6,4.0,4.0,4.0,0.0,0.0,0.0,0.0,0.0,0.0,0.0,4.0,4.0,4.0,0.0,0.0
20,4,5,5,0.2,0.2,0.3,dense,True,20,20,20,4,5,5,1,Shard-aware weakest-token diagnostic,weakest_harmful_token_not_full_sequence_validity,radius_derived,5,"0,10,20,30,40",0.05,0.0,0.25,0.05,0.2,0.95,0.75,1.0,0.19999999999999996,0.050000000000000044,0.4,0.0,0.75,0.4,0.35,0.4,0.0,1.0,0.4,0.6,0.0,0.0,0.0,0.0,0.0,0.8,0.0,2.0,0.8,1.2,0.2,0.0,1.0,0.2,0.8,4.0,4.0,4.0,0.0,0.0,0.0,0.0,0.0,0.0,0.0,4.0,4.0,4.0,0.0,0.0
20,4,5,5,0.2,0.2,0.3,dense,True,20,20,20,4,5,5,2,Shard-aware weakest-token diagnostic,weakest_harmful_token_not_full_sequence_validity,radius_derived,5,"0,10,20,30,40",0.0,0.0,0.0,0.0,0.0,1.0,1.0,1.0,0.0,0.0,0.4,0.0,0.75,0.4,0.35,0.4,0.0,1.0,0.4,0.6,0.0,0.0,0.0,0.0,0.0,0.8,0.0,2.0,0.8,1.2,0.0,0.0,0.0,0.0,0.0,4.0,4.0,4.0,0.0,0.0,0.0,0.0,0.0,0.0,0.0,4.0,4.0,4.0,0.0,0.0
20,4,5,5,0.2,0.2,0.3,dense,True,20,20,20,4,5,5,3,Shard-aware weakest-token diagnostic,weakest_harmful_token_not_full_sequence_validity,radius_derived,5,"0,10,20,30,40",0.0,0.0,0.0,0.0,0.0,1.0,1.0,1.0,0.0,0.0,0.4,0.0,0.75,0.4,0.35,0.4,0.0,1.0,0.4,0.6,0.0,0.0,0.0,0.0,0.0,0.8,0.0,2.0,0.8,1.2,0.0,0.0,0.0,0.0,0.0,4.0,4.0,4.0,0.0,0.0,0.0,0.0,0.0,0.0,0.0,4.0,4.0,4.0,0.0,0.0
20,4,5,5,0.2,0.2,0.3,dense,True,20,20,20,4,5,5,4,Shard-aware weakest-token diagnostic,weakest_harmful_token_not_full_sequence_validity,radius_derived,5,"0,10,20,30,40",0.0,0.0,0.0,0.0,0.0,1.0,1.0,1.0,0.0,0.0,0.4,0.0,0.75,0.4,0.35,0.4,0.0,1.0,0.4,0.6,0.0,0.0,0.0,0.0,0.0,0.8,0.0,2.0,0.8,1.2,0.0,0.0,0.0,0.0,0.0,4.0,4.0,4.0,0.0,0.0,0.0,0.0,0.0,0.0,0.0,4.0,4.0,4.0,0.0,0.0
20,4,5,5,0.2,0.2,0.3,dense,True,20,20,20,4,5,5,5,Shard-aware weakest-token diagnostic,weakest_harmful_token_not_full_sequence_validity,radius_derived,5,"0,10,20,30,40",0.0,0.0,0.0,0.0,0.0,1.0,1.0,1.0,0.0,0.0,0.4,0.0,0.75,0.4,0.35,0.4,0.0,1.0,0.4,0.6,0.0,0.0,0.0,0.0,0.0,0.8,0.0,2.0,0.8,1.2,0.0,0.0,0.0,0.0,0.0,4.0,4.0,4.0,0.0,0.0,0.0,0.0,0.0,0.0,0.0,4.0,4.0,4.0,0.0,0.0
20,4,5,5,0.2,0.2,0.3,dense,True,20,20,20,4,5,5,6,Shard-aware weakest-token diagnostic,weakest_harmful_token_not_full_sequence_validity,radius_derived,5,"0,10,20,30,40",0.0,0.0,0.0,0.0,0.0,1.0,1.0,1.0,0.0,0.0,0.4,0.0,0.75,0.4,0.35,0.4,0.0,1.0,0.4,0.6,0.0,0.0,0.0,0.0,0.0,0.8,0.0,2.0,0.8,1.2,0.0,0.0,0.0,0.0,0.0,4.0,4.0,4.0,0.0,0.0,0.0,0.0,0.0,0.0,0.0,4.0,4.0,4.0,0.0,0.0
20,4,5,5,0.2,0.2,0.3,dense,True,20,20,20,4,5,5,7,Shard-aware weakest-token diagnostic,weakest_harmful_token_not_full_sequence_validity,radius_derived,5,"0,10,20,30,40",0.0,0.0,0.0,0.0,0.0,1.0,1.0,1.0,0.0,0.0,0.4,0.0,0.75,0.4,0.35,0.4,0.0,1.0,0.4,0.6,0.0,0.0,0.0,0.0,0.0,0.8,0.0,2.0,0.8,1.2,0.0,0.0,0.0,0.0,0.0,4.0,4.0,4.0,0.0,0.0,0.0,0.0,0.0,0.0,0.0,4.0,4.0,4.0,0.0,0.0
20,4,5,5,0.2,0.2,0.3,dense,True,20,20,20,4,5,5,8,Shard-aware weakest-token diagnostic,weakest_harmful_token_not_full_sequence_validity,radius_derived,5,"0,10,20,30,40",0.0,0.0,0.0,0.0,0.0,1.0,1.0,1.0,0.0,0.0,0.4,0.0,0.75,0.4,0.35,0.4,0.0,1.0,0.4,0.6,0.0,0.0,0.0,0.0,0.0,0.8,0.0,2.0,0.8,1.2,0.0,0.0,0.0,0.0,0.0,4.0,4.0,4.0,0.0,0.0,0.0,0.0,0.0,0.0,0.0,4.0,4.0,4.0,0.0,0.0
20,4,5,5,0.2,0.2,0.3,dense,True,20,20,20,4,5,5,9,Shard-aware weakest-token diagnostic,weakest_harmful_token_not_full_sequence_validity,radius_derived,5,"0,10,20,30,40",0.0,0.0,0.0,0.0,0.0,1.0,1.0,1.0,0.0,0.0,0.4,0.0,0.75,0.4,0.35,0.4,0.0,1.0,0.4,0.6,0.0,0.0,0.0,0.0,0.0,0.8,0.0,2.0,0.8,1.2,0.0,0.0,0.0,0.0,0.0,4.0,4.0,4.0,0.0,0.0,0.0,0.0,0.0,0.0,0.0,4.0,4.0,4.0,0.0,0.0
20,4,5,5,0.2,0.2,0.3,dense,True,20,20,20,4,5,5,10,Shard-aware weakest-token diagnostic,weakest_harmful_token_not_full_sequence_validity,radius_derived,5,"0,10,20,30,40",0.0,0.0,0.0,0.0,0.0,1.0,1.0,1.0,0.0,0.0,0.4,0.0,0.75,0.4,0.35,0.4,0.0,1.0,0.4,0.6,0.0,0.0,0.0,0.0,0.0,0.8,0.0,2.0,0.8,1.2,0.0,0.0,0.0,0.0,0.0,4.0,4.0,4.0,0.0,0.0,0.0,0.0,0.0,0.0,0.0,4.0,4.0,4.0,0.0,0.0
20,4,5,5,0.2,0.2,0.3,dense,True,20,20,20,4,5,5,11,Shard-aware weakest-token diagnostic,weakest_harmful_token_not_full_sequence_validity,radius_derived,5,"0,10,20,30,40",0.0,0.0,0.0,0.0,0.0,1.0,1.0,1.0,0.0,0.0,0.4,0.0,0.75,0.4,0.35,0.4,0.0,1.0,0.4,0.6,0.0,0.0,0.0,0.0,0.0,0.8,0.0,2.0,0.8,1.2,0.0,0.0,0.0,0.0,0.0,4.0,4.0,4.0,0.0,0.0,0.0,0.0,0.0,0.0,0.0,4.0,4.0,4.0,0.0,0.0
20,4,5,5,0.2,0.2,0.3,dense,True,20,20,20,4,5,5,12,Shard-aware weakest-token diagnostic,weakest_harmful_token_not_full_sequence_validity,radius_derived,5,"0,10,20,30,40",0.0,0.0,0.0,0.0,0.0,1.0,1.0,1.0,0.0,0.0,0.4,0.0,0.75,0.4,0.35,0.4,0.0,1.0,0.4,0.6,0.0,0.0,0.0,0.0,0.0,0.8,0.0,2.0,0.8,1.2,0.0,0.0,0.0,0.0,0.0,4.0,4.0,4.0,0.0,0.0,0.0,0.0,0.0,0.0,0.0,4.0,4.0,4.0,0.0,0.0
20,4,5,5,0.2,0.2,0.3,dense,True,20,20,20,4,5,5,13,Shard-aware weakest-token diagnostic,weakest_harmful_token_not_full_sequence_validity,radius_derived,5,"0,10,20,30,40",0.0,0.0,0.0,0.0,0.0,1.0,1.0,1.0,0.0,0.0,0.4,0.0,0.75,0.4,0.35,0.4,0.0,1.0,0.4,0.6,0.0,0.0,0.0,0.0,0.0,0.8,0.0,2.0,0.8,1.2,0.0,0.0,0.0,0.0,0.0,4.0,4.0,4.0,0.0,0.0,0.0,0.0,0.0,0.0,0.0,4.0,4.0,4.0,0.0,0.0
20,4,5,5,0.2,0.2,0.3,dense,True,20,20,20,4,5,5,14,Shard-aware weakest-token diagnostic,weakest_harmful_token_not_full_sequence_validity,radius_derived,5,"0,10,20,30,40",0.0,0.0,0.0,0.0,0.0,1.0,1.0,1.0,0.0,0.0,0.4,0.0,0.75,0.4,0.35,0.4,0.0,1.0,0.4,0.6,0.0,0.0,0.0,0.0,0.0,0.8,0.0,2.0,0.8,1.2,0.0,0.0,0.0,0.0,0.0,4.0,4.0,4.0,0.0,0.0,0.0,0.0,0.0,0.0,0.0,4.0,4.0,4.0,0.0,0.0
20,4,5,5,0.2,0.2,0.3,dense,True,20,20,20,4,5,5,15,Shard-aware weakest-token diagnostic,weakest_harmful_token_not_full_sequence_validity,radius_derived,5,"0,10,20,30,40",0.0,0.0,0.0,0.0,0.0,1.0,1.0,1.0,0.0,0.0,0.4,0.0,0.75,0.4,0.35,0.4,0.0,1.0,0.4,0.6,0.0,0.0,0.0,0.0,0.0,0.8,0.0,2.0,0.8,1.2,0.0,0.0,0.0,0.0,0.0,4.0,4.0,4.0,0.0,0.0,0.0,0.0,0.0,0.0,0.0,4.0,4.0,4.0,0.0,0.0
20,4,5,5,0.2,0.2,0.3,dense,True,20,20,20,4,5,5,16,Shard-aware weakest-token diagnostic,weakest_harmful_token_not_full_sequence_validity,radius_derived,5,"0,10,20,30,40",0.0,0.0,0.0,0.0,0.0,1.0,1.0,1.0,0.0,0.0,0.4,0.0,0.75,0.4,0.35,0.4,0.0,1.0,0.4,0.6,0.0,0.0,0.0,0.0,0.0,0.8,0.0,2.0,0.8,1.2,0.0,0.0,0.0,0.0,0.0,4.0,4.0,4.0,0.0,0.0,0.0,0.0,0.0,0.0,0.0,4.0,4.0,4.0,0.0,0.0
20,4,5,5,0.2,0.2,0.3,dense,True,20,20,20,4,5,5,17,Shard-aware weakest-token diagnostic,weakest_harmful_token_not_full_sequence_validity,radius_derived,5,"0,10,20,30,40",0.0,0.0,0.0,0.0,0.0,1.0,1.0,1.0,0.0,0.0,0.4,0.0,0.75,0.4,0.35,0.4,0.0,1.0,0.4,0.6,0.0,0.0,0.0,0.0,0.0,0.8,0.0,2.0,0.8,1.2,0.0,0.0,0.0,0.0,0.0,4.0,4.0,4.0,0.0,0.0,0.0,0.0,0.0,0.0,0.0,4.0,4.0,4.0,0.0,0.0
20,4,5,5,0.2,0.2,0.3,dense,True,20,20,20,4,5,5,18,Shard-aware weakest-token diagnostic,weakest_harmful_token_not_full_sequence_validity,radius_derived,5,"0,10,20,30,40",0.0,0.0,0.0,0.0,0.0,1.0,1.0,1.0,0.0,0.0,0.4,0.0,0.75,0.4,0.35,0.4,0.0,1.0,0.4,0.6,0.0,0.0,0.0,0.0,0.0,0.8,0.0,2.0,0.8,1.2,0.0,0.0,0.0,0.0,0.0,4.0,4.0,4.0,0.0,0.0,0.0,0.0,0.0,0.0,0.0,4.0,4.0,4.0,0.0,0.0
20,4,5,5,0.2,0.2,0.3,dense,True,20,20,20,4,5,5,19,Shard-aware weakest-token diagnostic,weakest_harmful_token_not_full_sequence_validity,radius_derived,5,"0,10,20,30,40",0.0,0.0,0.0,0.0,0.0,1.0,1.0,1.0,0.0,0.0,0.4,0.0,0.75,0.4,0.35,0.4,0.0,1.0,0.4,0.6,0.0,0.0,0.0,0.0,0.0,0.8,0.0,2.0,0.8,1.2,0.0,0.0,0.0,0.0,0.0,4.0,4.0,4.0,0.0,0.0,0.0,0.0,0.0,0.0,0.0,4.0,4.0,4.0,0.0,0.0
20,4,5,5,0.2,0.2,0.3,dense,True,20,20,20,4,5,5,20,Shard-aware weakest-token diagnostic,weakest_harmful_token_not_full_sequence_validity,radius_derived,5,"0,10,20,30,40",0.0,0.0,0.0,0.0,0.0,1.0,1.0,1.0,0.0,0.0,0.4,0.0,0.75,0.4,0.35,0.4,0.0,1.0,0.4,0.6,0.0,0.0,0.0,0.0,0.0,0.8,0.0,2.0,0.8,1.2,0.0,0.0,0.0,0.0,0.0,4.0,4.0,4.0,0.0,0.0,0.0,0.0,0.0,0.0,0.0,4.0,4.0,4.0,0.0,0.0
20,4,5,5,0.2,0.2,0.3,dense,True,20,20,20,4,5,5,0,Shard-aware independent max-token diagnostic,most_difficult_harmful_token_not_full_sequence_validity,radius_derived,5,"0,10,20,30,40",1.0,1.0,1.0,0.0,0.0,0.0,0.0,0.0,0.0,0.0,4.65,3.5,6.75,1.1500000000000004,2.0999999999999996,4.5,3.5,6.5,1.0,2.0,3.8,3.0,6.0,0.7999999999999998,2.2,5.8,4.0,8.0,1.7999999999999998,2.2,4.0,4.0,4.0,0.0,0.0,4.0,4.0,4.0,0.0,0.0,0.0,0.0,0.0,0.0,0.0,4.0,4.0,4.0,0.0,0.0
20,4,5,5,0.2,0.2,0.3,dense,True,20,20,20,4,5,5,1,Shard-aware independent max-token diagnostic,most_difficult_harmful_token_not_full_sequence_validity,radius_derived,5,"0,10,20,30,40",1.0,1.0,1.0,0.0,0.0,0.0,0.0,0.0,0.0,0.0,4.65,3.5,6.75,1.1500000000000004,2.0999999999999996,4.5,3.5,6.5,1.0,2.0,3.8,3.0,6.0,0.7999999999999998,2.2,5.8,4.0,8.0,1.7999999999999998,2.2,4.0,4.0,4.0,0.0,0.0,4.0,4.0,4.0,0.0,0.0,0.0,0.0,0.0,0.0,0.0,4.0,4.0,4.0,0.0,0.0
20,4,5,5,0.2,0.2,0.3,dense,True,20,20,20,4,5,5,2,Shard-aware independent max-token diagnostic,most_difficult_harmful_token_not_full_sequence_validity,radius_derived,5,"0,10,20,30,40",1.0,1.0,1.0,0.0,0.0,0.0,0.0,0.0,0.0,0.0,4.65,3.5,6.75,1.1500000000000004,2.0999999999999996,4.5,3.5,6.5,1.0,2.0,3.8,3.0,6.0,0.7999999999999998,2.2,5.8,4.0,8.0,1.7999999999999998,2.2,4.0,4.0,4.0,0.0,0.0,4.0,4.0,4.0,0.0,0.0,0.0,0.0,0.0,0.0,0.0,4.0,4.0,4.0,0.0,0.0
20,4,5,5,0.2,0.2,0.3,dense,True,20,20,20,4,5,5,3,Shard-aware independent max-token diagnostic,most_difficult_harmful_token_not_full_sequence_validity,radius_derived,5,"0,10,20,30,40",0.8,0.5,1.0,0.30000000000000004,0.19999999999999996,0.2,0.0,0.5,0.2,0.3,4.65,3.5,6.75,1.1500000000000004,2.0999999999999996,4.5,3.5,6.5,1.0,2.0,3.8,3.0,6.0,0.7999999999999998,2.2,5.8,4.0,8.0,1.7999999999999998,2.2,3.2,2.0,4.0,1.2000000000000002,0.7999999999999998,4.0,4.0,4.0,0.0,0.0,0.0,0.0,0.0,0.0,0.0,4.0,4.0,4.0,0.0,0.0
20,4,5,5,0.2,0.2,0.3,dense,True,20,20,20,4,5,5,4,Shard-aware independent max-token diagnostic,most_difficult_harmful_token_not_full_sequence_validity,radius_derived,5,"0,10,20,30,40",0.4,0.0,1.0,0.4,0.6,0.6,0.0,1.0,0.6,0.4,4.65,3.5,6.75,1.1500000000000004,2.0999999999999996,4.5,3.5,6.5,1.0,2.0,3.8,3.0,6.0,0.7999999999999998,2.2,5.8,4.0,8.0,1.7999999999999998,2.2,1.6,0.0,4.0,1.6,2.4,4.0,4.0,4.0,0.0,0.0,0.0,0.0,0.0,0.0,0.0,4.0,4.0,4.0,0.0,0.0
20,4,5,5,0.2,0.2,0.3,dense,True,20,20,20,4,5,5,5,Shard-aware independent max-token diagnostic,most_difficult_harmful_token_not_full_sequence_validity,radius_derived,5,"0,10,20,30,40",0.25,0.0,1.0,0.25,0.75,0.75,0.0,1.0,0.75,0.25,4.65,3.5,6.75,1.1500000000000004,2.0999999999999996,4.5,3.5,6.5,1.0,2.0,3.8,3.0,6.0,0.7999999999999998,2.2,5.8,4.0,8.0,1.7999999999999998,2.2,1.0,0.0,4.0,1.0,3.0,4.0,4.0,4.0,0.0,0.0,0.0,0.0,0.0,0.0,0.0,4.0,4.0,4.0,0.0,0.0
20,4,5,5,0.2,0.2,0.3,dense,True,20,20,20,4,5,5,6,Shard-aware independent max-token diagnostic,most_difficult_harmful_token_not_full_sequence_validity,radius_derived,5,"0,10,20,30,40",0.15,0.0,0.5,0.15,0.35,0.85,0.5,1.0,0.35,0.15000000000000002,4.65,3.5,6.75,1.1500000000000004,2.0999999999999996,4.5,3.5,6.5,1.0,2.0,3.8,3.0,6.0,0.7999999999999998,2.2,5.8,4.0,8.0,1.7999999999999998,2.2,0.6,0.0,2.0,0.6,1.4,4.0,4.0,4.0,0.0,0.0,0.0,0.0,0.0,0.0,0.0,4.0,4.0,4.0,0.0,0.0
20,4,5,5,0.2,0.2,0.3,dense,True,20,20,20,4,5,5,7,Shard-aware independent max-token diagnostic,most_difficult_harmful_token_not_full_sequence_validity,radius_derived,5,"0,10,20,30,40",0.05,0.0,0.25,0.05,0.2,0.95,0.75,1.0,0.19999999999999996,0.050000000000000044,4.65,3.5,6.75,1.1500000000000004,2.0999999999999996,4.5,3.5,6.5,1.0,2.0,3.8,3.0,6.0,0.7999999999999998,2.2,5.8,4.0,8.0,1.7999999999999998,2.2,0.2,0.0,1.0,0.2,0.8,4.0,4.0,4.0,0.0,0.0,0.0,0.0,0.0,0.0,0.0,4.0,4.0,4.0,0.0,0.0
20,4,5,5,0.2,0.2,0.3,dense,True,20,20,20,4,5,5,8,Shard-aware independent max-token diagnostic,most_difficult_harmful_token_not_full_sequence_validity,radius_derived,5,"0,10,20,30,40",0.0,0.0,0.0,0.0,0.0,1.0,1.0,1.0,0.0,0.0,4.65,3.5,6.75,1.1500000000000004,2.0999999999999996,4.5,3.5,6.5,1.0,2.0,3.8,3.0,6.0,0.7999999999999998,2.2,5.8,4.0,8.0,1.7999999999999998,2.2,0.0,0.0,0.0,0.0,0.0,4.0,4.0,4.0,0.0,0.0,0.0,0.0,0.0,0.0,0.0,4.0,4.0,4.0,0.0,0.0
20,4,5,5,0.2,0.2,0.3,dense,True,20,20,20,4,5,5,9,Shard-aware independent max-token diagnostic,most_difficult_harmful_token_not_full_sequence_validity,radius_derived,5,"0,10,20,30,40",0.0,0.0,0.0,0.0,0.0,1.0,1.0,1.0,0.0,0.0,4.65,3.5,6.75,1.1500000000000004,2.0999999999999996,4.5,3.5,6.5,1.0,2.0,3.8,3.0,6.0,0.7999999999999998,2.2,5.8,4.0,8.0,1.7999999999999998,2.2,0.0,0.0,0.0,0.0,0.0,4.0,4.0,4.0,0.0,0.0,0.0,0.0,0.0,0.0,0.0,4.0,4.0,4.0,0.0,0.0
20,4,5,5,0.2,0.2,0.3,dense,True,20,20,20,4,5,5,10,Shard-aware independent max-token diagnostic,most_difficult_harmful_token_not_full_sequence_validity,radius_derived,5,"0,10,20,30,40",0.0,0.0,0.0,0.0,0.0,1.0,1.0,1.0,0.0,0.0,4.65,3.5,6.75,1.1500000000000004,2.0999999999999996,4.5,3.5,6.5,1.0,2.0,3.8,3.0,6.0,0.7999999999999998,2.2,5.8,4.0,8.0,1.7999999999999998,2.2,0.0,0.0,0.0,0.0,0.0,4.0,4.0,4.0,0.0,0.0,0.0,0.0,0.0,0.0,0.0,4.0,4.0,4.0,0.0,0.0
20,4,5,5,0.2,0.2,0.3,dense,True,20,20,20,4,5,5,11,Shard-aware independent max-token diagnostic,most_difficult_harmful_token_not_full_sequence_validity,radius_derived,5,"0,10,20,30,40",0.0,0.0,0.0,0.0,0.0,1.0,1.0,1.0,0.0,0.0,4.65,3.5,6.75,1.1500000000000004,2.0999999999999996,4.5,3.5,6.5,1.0,2.0,3.8,3.0,6.0,0.7999999999999998,2.2,5.8,4.0,8.0,1.7999999999999998,2.2,0.0,0.0,0.0,0.0,0.0,4.0,4.0,4.0,0.0,0.0,0.0,0.0,0.0,0.0,0.0,4.0,4.0,4.0,0.0,0.0
20,4,5,5,0.2,0.2,0.3,dense,True,20,20,20,4,5,5,12,Shard-aware independent max-token diagnostic,most_difficult_harmful_token_not_full_sequence_validity,radius_derived,5,"0,10,20,30,40",0.0,0.0,0.0,0.0,0.0,1.0,1.0,1.0,0.0,0.0,4.65,3.5,6.75,1.1500000000000004,2.0999999999999996,4.5,3.5,6.5,1.0,2.0,3.8,3.0,6.0,0.7999999999999998,2.2,5.8,4.0,8.0,1.7999999999999998,2.2,0.0,0.0,0.0,0.0,0.0,4.0,4.0,4.0,0.0,0.0,0.0,0.0,0.0,0.0,0.0,4.0,4.0,4.0,0.0,0.0
20,4,5,5,0.2,0.2,0.3,dense,True,20,20,20,4,5,5,13,Shard-aware independent max-token diagnostic,most_difficult_harmful_token_not_full_sequence_validity,radius_derived,5,"0,10,20,30,40",0.0,0.0,0.0,0.0,0.0,1.0,1.0,1.0,0.0,0.0,4.65,3.5,6.75,1.1500000000000004,2.0999999999999996,4.5,3.5,6.5,1.0,2.0,3.8,3.0,6.0,0.7999999999999998,2.2,5.8,4.0,8.0,1.7999999999999998,2.2,0.0,0.0,0.0,0.0,0.0,4.0,4.0,4.0,0.0,0.0,0.0,0.0,0.0,0.0,0.0,4.0,4.0,4.0,0.0,0.0
20,4,5,5,0.2,0.2,0.3,dense,True,20,20,20,4,5,5,14,Shard-aware independent max-token diagnostic,most_difficult_harmful_token_not_full_sequence_validity,radius_derived,5,"0,10,20,30,40",0.0,0.0,0.0,0.0,0.0,1.0,1.0,1.0,0.0,0.0,4.65,3.5,6.75,1.1500000000000004,2.0999999999999996,4.5,3.5,6.5,1.0,2.0,3.8,3.0,6.0,0.7999999999999998,2.2,5.8,4.0,8.0,1.7999999999999998,2.2,0.0,0.0,0.0,0.0,0.0,4.0,4.0,4.0,0.0,0.0,0.0,0.0,0.0,0.0,0.0,4.0,4.0,4.0,0.0,0.0
20,4,5,5,0.2,0.2,0.3,dense,True,20,20,20,4,5,5,15,Shard-aware independent max-token diagnostic,most_difficult_harmful_token_not_full_sequence_validity,radius_derived,5,"0,10,20,30,40",0.0,0.0,0.0,0.0,0.0,1.0,1.0,1.0,0.0,0.0,4.65,3.5,6.75,1.1500000000000004,2.0999999999999996,4.5,3.5,6.5,1.0,2.0,3.8,3.0,6.0,0.7999999999999998,2.2,5.8,4.0,8.0,1.7999999999999998,2.2,0.0,0.0,0.0,0.0,0.0,4.0,4.0,4.0,0.0,0.0,0.0,0.0,0.0,0.0,0.0,4.0,4.0,4.0,0.0,0.0
20,4,5,5,0.2,0.2,0.3,dense,True,20,20,20,4,5,5,16,Shard-aware independent max-token diagnostic,most_difficult_harmful_token_not_full_sequence_validity,radius_derived,5,"0,10,20,30,40",0.0,0.0,0.0,0.0,0.0,1.0,1.0,1.0,0.0,0.0,4.65,3.5,6.75,1.1500000000000004,2.0999999999999996,4.5,3.5,6.5,1.0,2.0,3.8,3.0,6.0,0.7999999999999998,2.2,5.8,4.0,8.0,1.7999999999999998,2.2,0.0,0.0,0.0,0.0,0.0,4.0,4.0,4.0,0.0,0.0,0.0,0.0,0.0,0.0,0.0,4.0,4.0,4.0,0.0,0.0
20,4,5,5,0.2,0.2,0.3,dense,True,20,20,20,4,5,5,17,Shard-aware independent max-token diagnostic,most_difficult_harmful_token_not_full_sequence_validity,radius_derived,5,"0,10,20,30,40",0.0,0.0,0.0,0.0,0.0,1.0,1.0,1.0,0.0,0.0,4.65,3.5,6.75,1.1500000000000004,2.0999999999999996,4.5,3.5,6.5,1.0,2.0,3.8,3.0,6.0,0.7999999999999998,2.2,5.8,4.0,8.0,1.7999999999999998,2.2,0.0,0.0,0.0,0.0,0.0,4.0,4.0,4.0,0.0,0.0,0.0,0.0,0.0,0.0,0.0,4.0,4.0,4.0,0.0,0.0
20,4,5,5,0.2,0.2,0.3,dense,True,20,20,20,4,5,5,18,Shard-aware independent max-token diagnostic,most_difficult_harmful_token_not_full_sequence_validity,radius_derived,5,"0,10,20,30,40",0.0,0.0,0.0,0.0,0.0,1.0,1.0,1.0,0.0,0.0,4.65,3.5,6.75,1.1500000000000004,2.0999999999999996,4.5,3.5,6.5,1.0,2.0,3.8,3.0,6.0,0.7999999999999998,2.2,5.8,4.0,8.0,1.7999999999999998,2.2,0.0,0.0,0.0,0.0,0.0,4.0,4.0,4.0,0.0,0.0,0.0,0.0,0.0,0.0,0.0,4.0,4.0,4.0,0.0,0.0
20,4,5,5,0.2,0.2,0.3,dense,True,20,20,20,4,5,5,19,Shard-aware independent max-token diagnostic,most_difficult_harmful_token_not_full_sequence_validity,radius_derived,5,"0,10,20,30,40",0.0,0.0,0.0,0.0,0.0,1.0,1.0,1.0,0.0,0.0,4.65,3.5,6.75,1.1500000000000004,2.0999999999999996,4.5,3.5,6.5,1.0,2.0,3.8,3.0,6.0,0.7999999999999998,2.2,5.8,4.0,8.0,1.7999999999999998,2.2,0.0,0.0,0.0,0.0,0.0,4.0,4.0,4.0,0.0,0.0,0.0,0.0,0.0,0.0,0.0,4.0,4.0,4.0,0.0,0.0
20,4,5,5,0.2,0.2,0.3,dense,True,20,20,20,4,5,5,20,Shard-aware independent max-token diagnostic,most_difficult_harmful_token_not_full_sequence_validity,radius_derived,5,"0,10,20,30,40",0.0,0.0,0.0,0.0,0.0,1.0,1.0,1.0,0.0,0.0,4.65,3.5,6.75,1.1500000000000004,2.0999999999999996,4.5,3.5,6.5,1.0,2.0,3.8,3.0,6.0,0.7999999999999998,2.2,5.8,4.0,8.0,1.7999999999999998,2.2,0.0,0.0,0.0,0.0,0.0,4.0,4.0,4.0,0.0,0.0,0.0,0.0,0.0,0.0,0.0,4.0,4.0,4.0,0.0,0.0
20,4,5,5,0.2,0.2,0.3,dense,True,20,20,20,4,5,5,0,TPA max-token phrase baseline,validity_full_harmful_sequence_per_prompt,radius_derived,5,"0,10,20,30,40",1.0,1.0,1.0,0.0,0.0,0.0,0.0,0.0,0.0,0.0,4.65,3.5,6.75,1.1500000000000004,2.0999999999999996,4.5,3.5,6.5,1.0,2.0,3.8,3.0,6.0,0.7999999999999998,2.2,5.8,4.0,8.0,1.7999999999999998,2.2,4.0,4.0,4.0,0.0,0.0,4.0,4.0,4.0,0.0,0.0,0.0,0.0,0.0,0.0,0.0,4.0,4.0,4.0,0.0,0.0
20,4,5,5,0.2,0.2,0.3,dense,True,20,20,20,4,5,5,1,TPA max-token phrase baseline,validity_full_harmful_sequence_per_prompt,radius_derived,5,"0,10,20,30,40",1.0,1.0,1.0,0.0,0.0,0.0,0.0,0.0,0.0,0.0,4.65,3.5,6.75,1.1500000000000004,2.0999999999999996,4.5,3.5,6.5,1.0,2.0,3.8,3.0,6.0,0.7999999999999998,2.2,5.8,4.0,8.0,1.7999999999999998,2.2,4.0,4.0,4.0,0.0,0.0,4.0,4.0,4.0,0.0,0.0,0.0,0.0,0.0,0.0,0.0,4.0,4.0,4.0,0.0,0.0
20,4,5,5,0.2,0.2,0.3,dense,True,20,20,20,4,5,5,2,TPA max-token phrase baseline,validity_full_harmful_sequence_per_prompt,radius_derived,5,"0,10,20,30,40",1.0,1.0,1.0,0.0,0.0,0.0,0.0,0.0,0.0,0.0,4.65,3.5,6.75,1.1500000000000004,2.0999999999999996,4.5,3.5,6.5,1.0,2.0,3.8,3.0,6.0,0.7999999999999998,2.2,5.8,4.0,8.0,1.7999999999999998,2.2,4.0,4.0,4.0,0.0,0.0,4.0,4.0,4.0,0.0,0.0,0.0,0.0,0.0,0.0,0.0,4.0,4.0,4.0,0.0,0.0
20,4,5,5,0.2,0.2,0.3,dense,True,20,20,20,4,5,5,3,TPA max-token phrase baseline,validity_full_harmful_sequence_per_prompt,radius_derived,5,"0,10,20,30,40",0.8,0.5,1.0,0.30000000000000004,0.19999999999999996,0.2,0.0,0.5,0.2,0.3,4.65,3.5,6.75,1.1500000000000004,2.0999999999999996,4.5,3.5,6.5,1.0,2.0,3.8,3.0,6.0,0.7999999999999998,2.2,5.8,4.0,8.0,1.7999999999999998,2.2,3.2,2.0,4.0,1.2000000000000002,0.7999999999999998,4.0,4.0,4.0,0.0,0.0,0.0,0.0,0.0,0.0,0.0,4.0,4.0,4.0,0.0,0.0
20,4,5,5,0.2,0.2,0.3,dense,True,20,20,20,4,5,5,4,TPA max-token phrase baseline,validity_full_harmful_sequence_per_prompt,radius_derived,5,"0,10,20,30,40",0.4,0.0,1.0,0.4,0.6,0.6,0.0,1.0,0.6,0.4,4.65,3.5,6.75,1.1500000000000004,2.0999999999999996,4.5,3.5,6.5,1.0,2.0,3.8,3.0,6.0,0.7999999999999998,2.2,5.8,4.0,8.0,1.7999999999999998,2.2,1.6,0.0,4.0,1.6,2.4,4.0,4.0,4.0,0.0,0.0,0.0,0.0,0.0,0.0,0.0,4.0,4.0,4.0,0.0,0.0
20,4,5,5,0.2,0.2,0.3,dense,True,20,20,20,4,5,5,5,TPA max-token phrase baseline,validity_full_harmful_sequence_per_prompt,radius_derived,5,"0,10,20,30,40",0.25,0.0,1.0,0.25,0.75,0.75,0.0,1.0,0.75,0.25,4.65,3.5,6.75,1.1500000000000004,2.0999999999999996,4.5,3.5,6.5,1.0,2.0,3.8,3.0,6.0,0.7999999999999998,2.2,5.8,4.0,8.0,1.7999999999999998,2.2,1.0,0.0,4.0,1.0,3.0,4.0,4.0,4.0,0.0,0.0,0.0,0.0,0.0,0.0,0.0,4.0,4.0,4.0,0.0,0.0
20,4,5,5,0.2,0.2,0.3,dense,True,20,20,20,4,5,5,6,TPA max-token phrase baseline,validity_full_harmful_sequence_per_prompt,radius_derived,5,"0,10,20,30,40",0.15,0.0,0.5,0.15,0.35,0.85,0.5,1.0,0.35,0.15000000000000002,4.65,3.5,6.75,1.1500000000000004,2.0999999999999996,4.5,3.5,6.5,1.0,2.0,3.8,3.0,6.0,0.7999999999999998,2.2,5.8,4.0,8.0,1.7999999999999998,2.2,0.6,0.0,2.0,0.6,1.4,4.0,4.0,4.0,0.0,0.0,0.0,0.0,0.0,0.0,0.0,4.0,4.0,4.0,0.0,0.0
20,4,5,5,0.2,0.2,0.3,dense,True,20,20,20,4,5,5,7,TPA max-token phrase baseline,validity_full_harmful_sequence_per_prompt,radius_derived,5,"0,10,20,30,40",0.05,0.0,0.25,0.05,0.2,0.95,0.75,1.0,0.19999999999999996,0.050000000000000044,4.65,3.5,6.75,1.1500000000000004,2.0999999999999996,4.5,3.5,6.5,1.0,2.0,3.8,3.0,6.0,0.7999999999999998,2.2,5.8,4.0,8.0,1.7999999999999998,2.2,0.2,0.0,1.0,0.2,0.8,4.0,4.0,4.0,0.0,0.0,0.0,0.0,0.0,0.0,0.0,4.0,4.0,4.0,0.0,0.0
20,4,5,5,0.2,0.2,0.3,dense,True,20,20,20,4,5,5,8,TPA max-token phrase baseline,validity_full_harmful_sequence_per_prompt,radius_derived,5,"0,10,20,30,40",0.0,0.0,0.0,0.0,0.0,1.0,1.0,1.0,0.0,0.0,4.65,3.5,6.75,1.1500000000000004,2.0999999999999996,4.5,3.5,6.5,1.0,2.0,3.8,3.0,6.0,0.7999999999999998,2.2,5.8,4.0,8.0,1.7999999999999998,2.2,0.0,0.0,0.0,0.0,0.0,4.0,4.0,4.0,0.0,0.0,0.0,0.0,0.0,0.0,0.0,4.0,4.0,4.0,0.0,0.0
20,4,5,5,0.2,0.2,0.3,dense,True,20,20,20,4,5,5,9,TPA max-token phrase baseline,validity_full_harmful_sequence_per_prompt,radius_derived,5,"0,10,20,30,40",0.0,0.0,0.0,0.0,0.0,1.0,1.0,1.0,0.0,0.0,4.65,3.5,6.75,1.1500000000000004,2.0999999999999996,4.5,3.5,6.5,1.0,2.0,3.8,3.0,6.0,0.7999999999999998,2.2,5.8,4.0,8.0,1.7999999999999998,2.2,0.0,0.0,0.0,0.0,0.0,4.0,4.0,4.0,0.0,0.0,0.0,0.0,0.0,0.0,0.0,4.0,4.0,4.0,0.0,0.0
20,4,5,5,0.2,0.2,0.3,dense,True,20,20,20,4,5,5,10,TPA max-token phrase baseline,validity_full_harmful_sequence_per_prompt,radius_derived,5,"0,10,20,30,40",0.0,0.0,0.0,0.0,0.0,1.0,1.0,1.0,0.0,0.0,4.65,3.5,6.75,1.1500000000000004,2.0999999999999996,4.5,3.5,6.5,1.0,2.0,3.8,3.0,6.0,0.7999999999999998,2.2,5.8,4.0,8.0,1.7999999999999998,2.2,0.0,0.0,0.0,0.0,0.0,4.0,4.0,4.0,0.0,0.0,0.0,0.0,0.0,0.0,0.0,4.0,4.0,4.0,0.0,0.0
20,4,5,5,0.2,0.2,0.3,dense,True,20,20,20,4,5,5,11,TPA max-token phrase baseline,validity_full_harmful_sequence_per_prompt,radius_derived,5,"0,10,20,30,40",0.0,0.0,0.0,0.0,0.0,1.0,1.0,1.0,0.0,0.0,4.65,3.5,6.75,1.1500000000000004,2.0999999999999996,4.5,3.5,6.5,1.0,2.0,3.8,3.0,6.0,0.7999999999999998,2.2,5.8,4.0,8.0,1.7999999999999998,2.2,0.0,0.0,0.0,0.0,0.0,4.0,4.0,4.0,0.0,0.0,0.0,0.0,0.0,0.0,0.0,4.0,4.0,4.0,0.0,0.0
20,4,5,5,0.2,0.2,0.3,dense,True,20,20,20,4,5,5,12,TPA max-token phrase baseline,validity_full_harmful_sequence_per_prompt,radius_derived,5,"0,10,20,30,40",0.0,0.0,0.0,0.0,0.0,1.0,1.0,1.0,0.0,0.0,4.65,3.5,6.75,1.1500000000000004,2.0999999999999996,4.5,3.5,6.5,1.0,2.0,3.8,3.0,6.0,0.7999999999999998,2.2,5.8,4.0,8.0,1.7999999999999998,2.2,0.0,0.0,0.0,0.0,0.0,4.0,4.0,4.0,0.0,0.0,0.0,0.0,0.0,0.0,0.0,4.0,4.0,4.0,0.0,0.0
20,4,5,5,0.2,0.2,0.3,dense,True,20,20,20,4,5,5,13,TPA max-token phrase baseline,validity_full_harmful_sequence_per_prompt,radius_derived,5,"0,10,20,30,40",0.0,0.0,0.0,0.0,0.0,1.0,1.0,1.0,0.0,0.0,4.65,3.5,6.75,1.1500000000000004,2.0999999999999996,4.5,3.5,6.5,1.0,2.0,3.8,3.0,6.0,0.7999999999999998,2.2,5.8,4.0,8.0,1.7999999999999998,2.2,0.0,0.0,0.0,0.0,0.0,4.0,4.0,4.0,0.0,0.0,0.0,0.0,0.0,0.0,0.0,4.0,4.0,4.0,0.0,0.0
20,4,5,5,0.2,0.2,0.3,dense,True,20,20,20,4,5,5,14,TPA max-token phrase baseline,validity_full_harmful_sequence_per_prompt,radius_derived,5,"0,10,20,30,40",0.0,0.0,0.0,0.0,0.0,1.0,1.0,1.0,0.0,0.0,4.65,3.5,6.75,1.1500000000000004,2.0999999999999996,4.5,3.5,6.5,1.0,2.0,3.8,3.0,6.0,0.7999999999999998,2.2,5.8,4.0,8.0,1.7999999999999998,2.2,0.0,0.0,0.0,0.0,0.0,4.0,4.0,4.0,0.0,0.0,0.0,0.0,0.0,0.0,0.0,4.0,4.0,4.0,0.0,0.0
20,4,5,5,0.2,0.2,0.3,dense,True,20,20,20,4,5,5,15,TPA max-token phrase baseline,validity_full_harmful_sequence_per_prompt,radius_derived,5,"0,10,20,30,40",0.0,0.0,0.0,0.0,0.0,1.0,1.0,1.0,0.0,0.0,4.65,3.5,6.75,1.1500000000000004,2.0999999999999996,4.5,3.5,6.5,1.0,2.0,3.8,3.0,6.0,0.7999999999999998,2.2,5.8,4.0,8.0,1.7999999999999998,2.2,0.0,0.0,0.0,0.0,0.0,4.0,4.0,4.0,0.0,0.0,0.0,0.0,0.0,0.0,0.0,4.0,4.0,4.0,0.0,0.0
20,4,5,5,0.2,0.2,0.3,dense,True,20,20,20,4,5,5,16,TPA max-token phrase baseline,validity_full_harmful_sequence_per_prompt,radius_derived,5,"0,10,20,30,40",0.0,0.0,0.0,0.0,0.0,1.0,1.0,1.0,0.0,0.0,4.65,3.5,6.75,1.1500000000000004,2.0999999999999996,4.5,3.5,6.5,1.0,2.0,3.8,3.0,6.0,0.7999999999999998,2.2,5.8,4.0,8.0,1.7999999999999998,2.2,0.0,0.0,0.0,0.0,0.0,4.0,4.0,4.0,0.0,0.0,0.0,0.0,0.0,0.0,0.0,4.0,4.0,4.0,0.0,0.0
20,4,5,5,0.2,0.2,0.3,dense,True,20,20,20,4,5,5,17,TPA max-token phrase baseline,validity_full_harmful_sequence_per_prompt,radius_derived,5,"0,10,20,30,40",0.0,0.0,0.0,0.0,0.0,1.0,1.0,1.0,0.0,0.0,4.65,3.5,6.75,1.1500000000000004,2.0999999999999996,4.5,3.5,6.5,1.0,2.0,3.8,3.0,6.0,0.7999999999999998,2.2,5.8,4.0,8.0,1.7999999999999998,2.2,0.0,0.0,0.0,0.0,0.0,4.0,4.0,4.0,0.0,0.0,0.0,0.0,0.0,0.0,0.0,4.0,4.0,4.0,0.0,0.0
20,4,5,5,0.2,0.2,0.3,dense,True,20,20,20,4,5,5,18,TPA max-token phrase baseline,validity_full_harmful_sequence_per_prompt,radius_derived,5,"0,10,20,30,40",0.0,0.0,0.0,0.0,0.0,1.0,1.0,1.0,0.0,0.0,4.65,3.5,6.75,1.1500000000000004,2.0999999999999996,4.5,3.5,6.5,1.0,2.0,3.8,3.0,6.0,0.7999999999999998,2.2,5.8,4.0,8.0,1.7999999999999998,2.2,0.0,0.0,0.0,0.0,0.0,4.0,4.0,4.0,0.0,0.0,0.0,0.0,0.0,0.0,0.0,4.0,4.0,4.0,0.0,0.0
20,4,5,5,0.2,0.2,0.3,dense,True,20,20,20,4,5,5,19,TPA max-token phrase baseline,validity_full_harmful_sequence_per_prompt,radius_derived,5,"0,10,20,30,40",0.0,0.0,0.0,0.0,0.0,1.0,1.0,1.0,0.0,0.0,4.65,3.5,6.75,1.1500000000000004,2.0999999999999996,4.5,3.5,6.5,1.0,2.0,3.8,3.0,6.0,0.7999999999999998,2.2,5.8,4.0,8.0,1.7999999999999998,2.2,0.0,0.0,0.0,0.0,0.0,4.0,4.0,4.0,0.0,0.0,0.0,0.0,0.0,0.0,0.0,4.0,4.0,4.0,0.0,0.0
20,4,5,5,0.2,0.2,0.3,dense,True,20,20,20,4,5,5,20,TPA max-token phrase baseline,validity_full_harmful_sequence_per_prompt,radius_derived,5,"0,10,20,30,40",0.0,0.0,0.0,0.0,0.0,1.0,1.0,1.0,0.0,0.0,4.65,3.5,6.75,1.1500000000000004,2.0999999999999996,4.5,3.5,6.5,1.0,2.0,3.8,3.0,6.0,0.7999999999999998,2.2,5.8,4.0,8.0,1.7999999999999998,2.2,0.0,0.0,0.0,0.0,0.0,4.0,4.0,4.0,0.0,0.0,0.0,0.0,0.0,0.0,0.0,4.0,4.0,4.0,0.0,0.0
20,4,5,5,0.2,0.2,0.3,dense,True,20,20,20,4,5,5,0,Shared MILP,validity_full_harmful_sequence_per_prompt,radius_derived,5,"0,10,20,30,40",1.0,1.0,1.0,0.0,0.0,0.0,0.0,0.0,0.0,0.0,4.65,3.5,6.75,1.1500000000000004,2.0999999999999996,4.5,3.5,6.5,1.0,2.0,3.8,3.0,6.0,0.7999999999999998,2.2,5.8,4.0,8.0,1.7999999999999998,2.2,4.0,4.0,4.0,0.0,0.0,4.0,4.0,4.0,0.0,0.0,0.0,0.0,0.0,0.0,0.0,4.0,4.0,4.0,0.0,0.0
20,4,5,5,0.2,0.2,0.3,dense,True,20,20,20,4,5,5,1,Shared MILP,validity_full_harmful_sequence_per_prompt,radius_derived,5,"0,10,20,30,40",1.0,1.0,1.0,0.0,0.0,0.0,0.0,0.0,0.0,0.0,4.65,3.5,6.75,1.1500000000000004,2.0999999999999996,4.5,3.5,6.5,1.0,2.0,3.8,3.0,6.0,0.7999999999999998,2.2,5.8,4.0,8.0,1.7999999999999998,2.2,4.0,4.0,4.0,0.0,0.0,4.0,4.0,4.0,0.0,0.0,0.0,0.0,0.0,0.0,0.0,4.0,4.0,4.0,0.0,0.0
20,4,5,5,0.2,0.2,0.3,dense,True,20,20,20,4,5,5,2,Shared MILP,validity_full_harmful_sequence_per_prompt,radius_derived,5,"0,10,20,30,40",1.0,1.0,1.0,0.0,0.0,0.0,0.0,0.0,0.0,0.0,4.65,3.5,6.75,1.1500000000000004,2.0999999999999996,4.5,3.5,6.5,1.0,2.0,3.8,3.0,6.0,0.7999999999999998,2.2,5.8,4.0,8.0,1.7999999999999998,2.2,4.0,4.0,4.0,0.0,0.0,4.0,4.0,4.0,0.0,0.0,0.0,0.0,0.0,0.0,0.0,4.0,4.0,4.0,0.0,0.0
20,4,5,5,0.2,0.2,0.3,dense,True,20,20,20,4,5,5,3,Shared MILP,validity_full_harmful_sequence_per_prompt,radius_derived,5,"0,10,20,30,40",0.8,0.5,1.0,0.30000000000000004,0.19999999999999996,0.2,0.0,0.5,0.2,0.3,4.65,3.5,6.75,1.1500000000000004,2.0999999999999996,4.5,3.5,6.5,1.0,2.0,3.8,3.0,6.0,0.7999999999999998,2.2,5.8,4.0,8.0,1.7999999999999998,2.2,3.2,2.0,4.0,1.2000000000000002,0.7999999999999998,4.0,4.0,4.0,0.0,0.0,0.0,0.0,0.0,0.0,0.0,4.0,4.0,4.0,0.0,0.0
20,4,5,5,0.2,0.2,0.3,dense,True,20,20,20,4,5,5,4,Shared MILP,validity_full_harmful_sequence_per_prompt,radius_derived,5,"0,10,20,30,40",0.4,0.0,1.0,0.4,0.6,0.6,0.0,1.0,0.6,0.4,4.65,3.5,6.75,1.1500000000000004,2.0999999999999996,4.5,3.5,6.5,1.0,2.0,3.8,3.0,6.0,0.7999999999999998,2.2,5.8,4.0,8.0,1.7999999999999998,2.2,1.6,0.0,4.0,1.6,2.4,4.0,4.0,4.0,0.0,0.0,0.0,0.0,0.0,0.0,0.0,4.0,4.0,4.0,0.0,0.0
20,4,5,5,0.2,0.2,0.3,dense,True,20,20,20,4,5,5,5,Shared MILP,validity_full_harmful_sequence_per_prompt,radius_derived,5,"0,10,20,30,40",0.25,0.0,1.0,0.25,0.75,0.75,0.0,1.0,0.75,0.25,4.65,3.5,6.75,1.1500000000000004,2.0999999999999996,4.5,3.5,6.5,1.0,2.0,3.8,3.0,6.0,0.7999999999999998,2.2,5.8,4.0,8.0,1.7999999999999998,2.2,1.0,0.0,4.0,1.0,3.0,4.0,4.0,4.0,0.0,0.0,0.0,0.0,0.0,0.0,0.0,4.0,4.0,4.0,0.0,0.0
20,4,5,5,0.2,0.2,0.3,dense,True,20,20,20,4,5,5,6,Shared MILP,validity_full_harmful_sequence_per_prompt,radius_derived,5,"0,10,20,30,40",0.15,0.0,0.5,0.15,0.35,0.85,0.5,1.0,0.35,0.15000000000000002,4.65,3.5,6.75,1.1500000000000004,2.0999999999999996,4.5,3.5,6.5,1.0,2.0,3.8,3.0,6.0,0.7999999999999998,2.2,5.8,4.0,8.0,1.7999999999999998,2.2,0.6,0.0,2.0,0.6,1.4,4.0,4.0,4.0,0.0,0.0,0.0,0.0,0.0,0.0,0.0,4.0,4.0,4.0,0.0,0.0
20,4,5,5,0.2,0.2,0.3,dense,True,20,20,20,4,5,5,7,Shared MILP,validity_full_harmful_sequence_per_prompt,radius_derived,5,"0,10,20,30,40",0.05,0.0,0.25,0.05,0.2,0.95,0.75,1.0,0.19999999999999996,0.050000000000000044,4.65,3.5,6.75,1.1500000000000004,2.0999999999999996,4.5,3.5,6.5,1.0,2.0,3.8,3.0,6.0,0.7999999999999998,2.2,5.8,4.0,8.0,1.7999999999999998,2.2,0.2,0.0,1.0,0.2,0.8,4.0,4.0,4.0,0.0,0.0,0.0,0.0,0.0,0.0,0.0,4.0,4.0,4.0,0.0,0.0
20,4,5,5,0.2,0.2,0.3,dense,True,20,20,20,4,5,5,8,Shared MILP,validity_full_harmful_sequence_per_prompt,radius_derived,5,"0,10,20,30,40",0.0,0.0,0.0,0.0,0.0,1.0,1.0,1.0,0.0,0.0,4.65,3.5,6.75,1.1500000000000004,2.0999999999999996,4.5,3.5,6.5,1.0,2.0,3.8,3.0,6.0,0.7999999999999998,2.2,5.8,4.0,8.0,1.7999999999999998,2.2,0.0,0.0,0.0,0.0,0.0,4.0,4.0,4.0,0.0,0.0,0.0,0.0,0.0,0.0,0.0,4.0,4.0,4.0,0.0,0.0
20,4,5,5,0.2,0.2,0.3,dense,True,20,20,20,4,5,5,9,Shared MILP,validity_full_harmful_sequence_per_prompt,radius_derived,5,"0,10,20,30,40",0.0,0.0,0.0,0.0,0.0,1.0,1.0,1.0,0.0,0.0,4.65,3.5,6.75,1.1500000000000004,2.0999999999999996,4.5,3.5,6.5,1.0,2.0,3.8,3.0,6.0,0.7999999999999998,2.2,5.8,4.0,8.0,1.7999999999999998,2.2,0.0,0.0,0.0,0.0,0.0,4.0,4.0,4.0,0.0,0.0,0.0,0.0,0.0,0.0,0.0,4.0,4.0,4.0,0.0,0.0
20,4,5,5,0.2,0.2,0.3,dense,True,20,20,20,4,5,5,10,Shared MILP,validity_full_harmful_sequence_per_prompt,radius_derived,5,"0,10,20,30,40",0.0,0.0,0.0,0.0,0.0,1.0,1.0,1.0,0.0,0.0,4.65,3.5,6.75,1.1500000000000004,2.0999999999999996,4.5,3.5,6.5,1.0,2.0,3.8,3.0,6.0,0.7999999999999998,2.2,5.8,4.0,8.0,1.7999999999999998,2.2,0.0,0.0,0.0,0.0,0.0,4.0,4.0,4.0,0.0,0.0,0.0,0.0,0.0,0.0,0.0,4.0,4.0,4.0,0.0,0.0
20,4,5,5,0.2,0.2,0.3,dense,True,20,20,20,4,5,5,11,Shared MILP,validity_full_harmful_sequence_per_prompt,radius_derived,5,"0,10,20,30,40",0.0,0.0,0.0,0.0,0.0,1.0,1.0,1.0,0.0,0.0,4.65,3.5,6.75,1.1500000000000004,2.0999999999999996,4.5,3.5,6.5,1.0,2.0,3.8,3.0,6.0,0.7999999999999998,2.2,5.8,4.0,8.0,1.7999999999999998,2.2,0.0,0.0,0.0,0.0,0.0,4.0,4.0,4.0,0.0,0.0,0.0,0.0,0.0,0.0,0.0,4.0,4.0,4.0,0.0,0.0
20,4,5,5,0.2,0.2,0.3,dense,True,20,20,20,4,5,5,12,Shared MILP,validity_full_harmful_sequence_per_prompt,radius_derived,5,"0,10,20,30,40",0.0,0.0,0.0,0.0,0.0,1.0,1.0,1.0,0.0,0.0,4.65,3.5,6.75,1.1500000000000004,2.0999999999999996,4.5,3.5,6.5,1.0,2.0,3.8,3.0,6.0,0.7999999999999998,2.2,5.8,4.0,8.0,1.7999999999999998,2.2,0.0,0.0,0.0,0.0,0.0,4.0,4.0,4.0,0.0,0.0,0.0,0.0,0.0,0.0,0.0,4.0,4.0,4.0,0.0,0.0
20,4,5,5,0.2,0.2,0.3,dense,True,20,20,20,4,5,5,13,Shared MILP,validity_full_harmful_sequence_per_prompt,radius_derived,5,"0,10,20,30,40",0.0,0.0,0.0,0.0,0.0,1.0,1.0,1.0,0.0,0.0,4.65,3.5,6.75,1.1500000000000004,2.0999999999999996,4.5,3.5,6.5,1.0,2.0,3.8,3.0,6.0,0.7999999999999998,2.2,5.8,4.0,8.0,1.7999999999999998,2.2,0.0,0.0,0.0,0.0,0.0,4.0,4.0,4.0,0.0,0.0,0.0,0.0,0.0,0.0,0.0,4.0,4.0,4.0,0.0,0.0
20,4,5,5,0.2,0.2,0.3,dense,True,20,20,20,4,5,5,14,Shared MILP,validity_full_harmful_sequence_per_prompt,radius_derived,5,"0,10,20,30,40",0.0,0.0,0.0,0.0,0.0,1.0,1.0,1.0,0.0,0.0,4.65,3.5,6.75,1.1500000000000004,2.0999999999999996,4.5,3.5,6.5,1.0,2.0,3.8,3.0,6.0,0.7999999999999998,2.2,5.8,4.0,8.0,1.7999999999999998,2.2,0.0,0.0,0.0,0.0,0.0,4.0,4.0,4.0,0.0,0.0,0.0,0.0,0.0,0.0,0.0,4.0,4.0,4.0,0.0,0.0
20,4,5,5,0.2,0.2,0.3,dense,True,20,20,20,4,5,5,15,Shared MILP,validity_full_harmful_sequence_per_prompt,radius_derived,5,"0,10,20,30,40",0.0,0.0,0.0,0.0,0.0,1.0,1.0,1.0,0.0,0.0,4.65,3.5,6.75,1.1500000000000004,2.0999999999999996,4.5,3.5,6.5,1.0,2.0,3.8,3.0,6.0,0.7999999999999998,2.2,5.8,4.0,8.0,1.7999999999999998,2.2,0.0,0.0,0.0,0.0,0.0,4.0,4.0,4.0,0.0,0.0,0.0,0.0,0.0,0.0,0.0,4.0,4.0,4.0,0.0,0.0
20,4,5,5,0.2,0.2,0.3,dense,True,20,20,20,4,5,5,16,Shared MILP,validity_full_harmful_sequence_per_prompt,radius_derived,5,"0,10,20,30,40",0.0,0.0,0.0,0.0,0.0,1.0,1.0,1.0,0.0,0.0,4.65,3.5,6.75,1.1500000000000004,2.0999999999999996,4.5,3.5,6.5,1.0,2.0,3.8,3.0,6.0,0.7999999999999998,2.2,5.8,4.0,8.0,1.7999999999999998,2.2,0.0,0.0,0.0,0.0,0.0,4.0,4.0,4.0,0.0,0.0,0.0,0.0,0.0,0.0,0.0,4.0,4.0,4.0,0.0,0.0
20,4,5,5,0.2,0.2,0.3,dense,True,20,20,20,4,5,5,17,Shared MILP,validity_full_harmful_sequence_per_prompt,radius_derived,5,"0,10,20,30,40",0.0,0.0,0.0,0.0,0.0,1.0,1.0,1.0,0.0,0.0,4.65,3.5,6.75,1.1500000000000004,2.0999999999999996,4.5,3.5,6.5,1.0,2.0,3.8,3.0,6.0,0.7999999999999998,2.2,5.8,4.0,8.0,1.7999999999999998,2.2,0.0,0.0,0.0,0.0,0.0,4.0,4.0,4.0,0.0,0.0,0.0,0.0,0.0,0.0,0.0,4.0,4.0,4.0,0.0,0.0
20,4,5,5,0.2,0.2,0.3,dense,True,20,20,20,4,5,5,18,Shared MILP,validity_full_harmful_sequence_per_prompt,radius_derived,5,"0,10,20,30,40",0.0,0.0,0.0,0.0,0.0,1.0,1.0,1.0,0.0,0.0,4.65,3.5,6.75,1.1500000000000004,2.0999999999999996,4.5,3.5,6.5,1.0,2.0,3.8,3.0,6.0,0.7999999999999998,2.2,5.8,4.0,8.0,1.7999999999999998,2.2,0.0,0.0,0.0,0.0,0.0,4.0,4.0,4.0,0.0,0.0,0.0,0.0,0.0,0.0,0.0,4.0,4.0,4.0,0.0,0.0
20,4,5,5,0.2,0.2,0.3,dense,True,20,20,20,4,5,5,19,Shared MILP,validity_full_harmful_sequence_per_prompt,radius_derived,5,"0,10,20,30,40",0.0,0.0,0.0,0.0,0.0,1.0,1.0,1.0,0.0,0.0,4.65,3.5,6.75,1.1500000000000004,2.0999999999999996,4.5,3.5,6.5,1.0,2.0,3.8,3.0,6.0,0.7999999999999998,2.2,5.8,4.0,8.0,1.7999999999999998,2.2,0.0,0.0,0.0,0.0,0.0,4.0,4.0,4.0,0.0,0.0,0.0,0.0,0.0,0.0,0.0,4.0,4.0,4.0,0.0,0.0
20,4,5,5,0.2,0.2,0.3,dense,True,20,20,20,4,5,5,20,Shared MILP,validity_full_harmful_sequence_per_prompt,radius_derived,5,"0,10,20,30,40",0.0,0.0,0.0,0.0,0.0,1.0,1.0,1.0,0.0,0.0,4.65,3.5,6.75,1.1500000000000004,2.0999999999999996,4.5,3.5,6.5,1.0,2.0,3.8,3.0,6.0,0.7999999999999998,2.2,5.8,4.0,8.0,1.7999999999999998,2.2,0.0,0.0,0.0,0.0,0.0,4.0,4.0,4.0,0.0,0.0,0.0,0.0,0.0,0.0,0.0,4.0,4.0,4.0,0.0,0.0
20,4,5,5,0.2,0.2,0.3,dense,True,20,20,20,4,5,5,0,Atomic phrase aggregation,validity_full_harmful_sequence_per_prompt,radius_derived,5,"0,10,20,30,40",1.0,1.0,1.0,0.0,0.0,0.0,0.0,0.0,0.0,0.0,1.65,1.25,2.0,0.3999999999999999,0.3500000000000001,1.7,1.0,2.0,0.7,0.30000000000000004,1.0,1.0,1.0,0.0,0.0,2.2,2.0,3.0,0.20000000000000018,0.7999999999999998,4.0,4.0,4.0,0.0,0.0,4.0,4.0,4.0,0.0,0.0,0.0,0.0,0.0,0.0,0.0,4.0,4.0,4.0,0.0,0.0
20,4,5,5,0.2,0.2,0.3,dense,True,20,20,20,4,5,5,1,Atomic phrase aggregation,validity_full_harmful_sequence_per_prompt,radius_derived,5,"0,10,20,30,40",0.6,0.25,0.75,0.35,0.15000000000000002,0.4,0.25,0.75,0.15000000000000002,0.35,1.65,1.25,2.0,0.3999999999999999,0.3500000000000001,1.7,1.0,2.0,0.7,0.30000000000000004,1.0,1.0,1.0,0.0,0.0,2.2,2.0,3.0,0.20000000000000018,0.7999999999999998,2.4,1.0,3.0,1.4,0.6000000000000001,4.0,4.0,4.0,0.0,0.0,0.0,0.0,0.0,0.0,0.0,4.0,4.0,4.0,0.0,0.0
20,4,5,5,0.2,0.2,0.3,dense,True,20,20,20,4,5,5,2,Atomic phrase aggregation,validity_full_harmful_sequence_per_prompt,radius_derived,5,"0,10,20,30,40",0.05,0.0,0.25,0.05,0.2,0.95,0.75,1.0,0.19999999999999996,0.050000000000000044,1.65,1.25,2.0,0.3999999999999999,0.3500000000000001,1.7,1.0,2.0,0.7,0.30000000000000004,1.0,1.0,1.0,0.0,0.0,2.2,2.0,3.0,0.20000000000000018,0.7999999999999998,0.2,0.0,1.0,0.2,0.8,4.0,4.0,4.0,0.0,0.0,0.0,0.0,0.0,0.0,0.0,4.0,4.0,4.0,0.0,0.0
20,4,5,5,0.2,0.2,0.3,dense,True,20,20,20,4,5,5,3,Atomic phrase aggregation,validity_full_harmful_sequence_per_prompt,radius_derived,5,"0,10,20,30,40",0.0,0.0,0.0,0.0,0.0,1.0,1.0,1.0,0.0,0.0,1.65,1.25,2.0,0.3999999999999999,0.3500000000000001,1.7,1.0,2.0,0.7,0.30000000000000004,1.0,1.0,1.0,0.0,0.0,2.2,2.0,3.0,0.20000000000000018,0.7999999999999998,0.0,0.0,0.0,0.0,0.0,4.0,4.0,4.0,0.0,0.0,0.0,0.0,0.0,0.0,0.0,4.0,4.0,4.0,0.0,0.0
20,4,5,5,0.2,0.2,0.3,dense,True,20,20,20,4,5,5,4,Atomic phrase aggregation,validity_full_harmful_sequence_per_prompt,radius_derived,5,"0,10,20,30,40",0.0,0.0,0.0,0.0,0.0,1.0,1.0,1.0,0.0,0.0,1.65,1.25,2.0,0.3999999999999999,0.3500000000000001,1.7,1.0,2.0,0.7,0.30000000000000004,1.0,1.0,1.0,0.0,0.0,2.2,2.0,3.0,0.20000000000000018,0.7999999999999998,0.0,0.0,0.0,0.0,0.0,4.0,4.0,4.0,0.0,0.0,0.0,0.0,0.0,0.0,0.0,4.0,4.0,4.0,0.0,0.0
20,4,5,5,0.2,0.2,0.3,dense,True,20,20,20,4,5,5,5,Atomic phrase aggregation,validity_full_harmful_sequence_per_prompt,radius_derived,5,"0,10,20,30,40",0.0,0.0,0.0,0.0,0.0,1.0,1.0,1.0,0.0,0.0,1.65,1.25,2.0,0.3999999999999999,0.3500000000000001,1.7,1.0,2.0,0.7,0.30000000000000004,1.0,1.0,1.0,0.0,0.0,2.2,2.0,3.0,0.20000000000000018,0.7999999999999998,0.0,0.0,0.0,0.0,0.0,4.0,4.0,4.0,0.0,0.0,0.0,0.0,0.0,0.0,0.0,4.0,4.0,4.0,0.0,0.0
20,4,5,5,0.2,0.2,0.3,dense,True,20,20,20,4,5,5,6,Atomic phrase aggregation,validity_full_harmful_sequence_per_prompt,radius_derived,5,"0,10,20,30,40",0.0,0.0,0.0,0.0,0.0,1.0,1.0,1.0,0.0,0.0,1.65,1.25,2.0,0.3999999999999999,0.3500000000000001,1.7,1.0,2.0,0.7,0.30000000000000004,1.0,1.0,1.0,0.0,0.0,2.2,2.0,3.0,0.20000000000000018,0.7999999999999998,0.0,0.0,0.0,0.0,0.0,4.0,4.0,4.0,0.0,0.0,0.0,0.0,0.0,0.0,0.0,4.0,4.0,4.0,0.0,0.0
20,4,5,5,0.2,0.2,0.3,dense,True,20,20,20,4,5,5,7,Atomic phrase aggregation,validity_full_harmful_sequence_per_prompt,radius_derived,5,"0,10,20,30,40",0.0,0.0,0.0,0.0,0.0,1.0,1.0,1.0,0.0,0.0,1.65,1.25,2.0,0.3999999999999999,0.3500000000000001,1.7,1.0,2.0,0.7,0.30000000000000004,1.0,1.0,1.0,0.0,0.0,2.2,2.0,3.0,0.20000000000000018,0.7999999999999998,0.0,0.0,0.0,0.0,0.0,4.0,4.0,4.0,0.0,0.0,0.0,0.0,0.0,0.0,0.0,4.0,4.0,4.0,0.0,0.0
20,4,5,5,0.2,0.2,0.3,dense,True,20,20,20,4,5,5,8,Atomic phrase aggregation,validity_full_harmful_sequence_per_prompt,radius_derived,5,"0,10,20,30,40",0.0,0.0,0.0,0.0,0.0,1.0,1.0,1.0,0.0,0.0,1.65,1.25,2.0,0.3999999999999999,0.3500000000000001,1.7,1.0,2.0,0.7,0.30000000000000004,1.0,1.0,1.0,0.0,0.0,2.2,2.0,3.0,0.20000000000000018,0.7999999999999998,0.0,0.0,0.0,0.0,0.0,4.0,4.0,4.0,0.0,0.0,0.0,0.0,0.0,0.0,0.0,4.0,4.0,4.0,0.0,0.0
20,4,5,5,0.2,0.2,0.3,dense,True,20,20,20,4,5,5,9,Atomic phrase aggregation,validity_full_harmful_sequence_per_prompt,radius_derived,5,"0,10,20,30,40",0.0,0.0,0.0,0.0,0.0,1.0,1.0,1.0,0.0,0.0,1.65,1.25,2.0,0.3999999999999999,0.3500000000000001,1.7,1.0,2.0,0.7,0.30000000000000004,1.0,1.0,1.0,0.0,0.0,2.2,2.0,3.0,0.20000000000000018,0.7999999999999998,0.0,0.0,0.0,0.0,0.0,4.0,4.0,4.0,0.0,0.0,0.0,0.0,0.0,0.0,0.0,4.0,4.0,4.0,0.0,0.0
20,4,5,5,0.2,0.2,0.3,dense,True,20,20,20,4,5,5,10,Atomic phrase aggregation,validity_full_harmful_sequence_per_prompt,radius_derived,5,"0,10,20,30,40",0.0,0.0,0.0,0.0,0.0,1.0,1.0,1.0,0.0,0.0,1.65,1.25,2.0,0.3999999999999999,0.3500000000000001,1.7,1.0,2.0,0.7,0.30000000000000004,1.0,1.0,1.0,0.0,0.0,2.2,2.0,3.0,0.20000000000000018,0.7999999999999998,0.0,0.0,0.0,0.0,0.0,4.0,4.0,4.0,0.0,0.0,0.0,0.0,0.0,0.0,0.0,4.0,4.0,4.0,0.0,0.0
20,4,5,5,0.2,0.2,0.3,dense,True,20,20,20,4,5,5,11,Atomic phrase aggregation,validity_full_harmful_sequence_per_prompt,radius_derived,5,"0,10,20,30,40",0.0,0.0,0.0,0.0,0.0,1.0,1.0,1.0,0.0,0.0,1.65,1.25,2.0,0.3999999999999999,0.3500000000000001,1.7,1.0,2.0,0.7,0.30000000000000004,1.0,1.0,1.0,0.0,0.0,2.2,2.0,3.0,0.20000000000000018,0.7999999999999998,0.0,0.0,0.0,0.0,0.0,4.0,4.0,4.0,0.0,0.0,0.0,0.0,0.0,0.0,0.0,4.0,4.0,4.0,0.0,0.0
20,4,5,5,0.2,0.2,0.3,dense,True,20,20,20,4,5,5,12,Atomic phrase aggregation,validity_full_harmful_sequence_per_prompt,radius_derived,5,"0,10,20,30,40",0.0,0.0,0.0,0.0,0.0,1.0,1.0,1.0,0.0,0.0,1.65,1.25,2.0,0.3999999999999999,0.3500000000000001,1.7,1.0,2.0,0.7,0.30000000000000004,1.0,1.0,1.0,0.0,0.0,2.2,2.0,3.0,0.20000000000000018,0.7999999999999998,0.0,0.0,0.0,0.0,0.0,4.0,4.0,4.0,0.0,0.0,0.0,0.0,0.0,0.0,0.0,4.0,4.0,4.0,0.0,0.0
20,4,5,5,0.2,0.2,0.3,dense,True,20,20,20,4,5,5,13,Atomic phrase aggregation,validity_full_harmful_sequence_per_prompt,radius_derived,5,"0,10,20,30,40",0.0,0.0,0.0,0.0,0.0,1.0,1.0,1.0,0.0,0.0,1.65,1.25,2.0,0.3999999999999999,0.3500000000000001,1.7,1.0,2.0,0.7,0.30000000000000004,1.0,1.0,1.0,0.0,0.0,2.2,2.0,3.0,0.20000000000000018,0.7999999999999998,0.0,0.0,0.0,0.0,0.0,4.0,4.0,4.0,0.0,0.0,0.0,0.0,0.0,0.0,0.0,4.0,4.0,4.0,0.0,0.0
20,4,5,5,0.2,0.2,0.3,dense,True,20,20,20,4,5,5,14,Atomic phrase aggregation,validity_full_harmful_sequence_per_prompt,radius_derived,5,"0,10,20,30,40",0.0,0.0,0.0,0.0,0.0,1.0,1.0,1.0,0.0,0.0,1.65,1.25,2.0,0.3999999999999999,0.3500000000000001,1.7,1.0,2.0,0.7,0.30000000000000004,1.0,1.0,1.0,0.0,0.0,2.2,2.0,3.0,0.20000000000000018,0.7999999999999998,0.0,0.0,0.0,0.0,0.0,4.0,4.0,4.0,0.0,0.0,0.0,0.0,0.0,0.0,0.0,4.0,4.0,4.0,0.0,0.0
20,4,5,5,0.2,0.2,0.3,dense,True,20,20,20,4,5,5,15,Atomic phrase aggregation,validity_full_harmful_sequence_per_prompt,radius_derived,5,"0,10,20,30,40",0.0,0.0,0.0,0.0,0.0,1.0,1.0,1.0,0.0,0.0,1.65,1.25,2.0,0.3999999999999999,0.3500000000000001,1.7,1.0,2.0,0.7,0.30000000000000004,1.0,1.0,1.0,0.0,0.0,2.2,2.0,3.0,0.20000000000000018,0.7999999999999998,0.0,0.0,0.0,0.0,0.0,4.0,4.0,4.0,0.0,0.0,0.0,0.0,0.0,0.0,0.0,4.0,4.0,4.0,0.0,0.0
20,4,5,5,0.2,0.2,0.3,dense,True,20,20,20,4,5,5,16,Atomic phrase aggregation,validity_full_harmful_sequence_per_prompt,radius_derived,5,"0,10,20,30,40",0.0,0.0,0.0,0.0,0.0,1.0,1.0,1.0,0.0,0.0,1.65,1.25,2.0,0.3999999999999999,0.3500000000000001,1.7,1.0,2.0,0.7,0.30000000000000004,1.0,1.0,1.0,0.0,0.0,2.2,2.0,3.0,0.20000000000000018,0.7999999999999998,0.0,0.0,0.0,0.0,0.0,4.0,4.0,4.0,0.0,0.0,0.0,0.0,0.0,0.0,0.0,4.0,4.0,4.0,0.0,0.0
20,4,5,5,0.2,0.2,0.3,dense,True,20,20,20,4,5,5,17,Atomic phrase aggregation,validity_full_harmful_sequence_per_prompt,radius_derived,5,"0,10,20,30,40",0.0,0.0,0.0,0.0,0.0,1.0,1.0,1.0,0.0,0.0,1.65,1.25,2.0,0.3999999999999999,0.3500000000000001,1.7,1.0,2.0,0.7,0.30000000000000004,1.0,1.0,1.0,0.0,0.0,2.2,2.0,3.0,0.20000000000000018,0.7999999999999998,0.0,0.0,0.0,0.0,0.0,4.0,4.0,4.0,0.0,0.0,0.0,0.0,0.0,0.0,0.0,4.0,4.0,4.0,0.0,0.0
20,4,5,5,0.2,0.2,0.3,dense,True,20,20,20,4,5,5,18,Atomic phrase aggregation,validity_full_harmful_sequence_per_prompt,radius_derived,5,"0,10,20,30,40",0.0,0.0,0.0,0.0,0.0,1.0,1.0,1.0,0.0,0.0,1.65,1.25,2.0,0.3999999999999999,0.3500000000000001,1.7,1.0,2.0,0.7,0.30000000000000004,1.0,1.0,1.0,0.0,0.0,2.2,2.0,3.0,0.20000000000000018,0.7999999999999998,0.0,0.0,0.0,0.0,0.0,4.0,4.0,4.0,0.0,0.0,0.0,0.0,0.0,0.0,0.0,4.0,4.0,4.0,0.0,0.0
20,4,5,5,0.2,0.2,0.3,dense,True,20,20,20,4,5,5,19,Atomic phrase aggregation,validity_full_harmful_sequence_per_prompt,radius_derived,5,"0,10,20,30,40",0.0,0.0,0.0,0.0,0.0,1.0,1.0,1.0,0.0,0.0,1.65,1.25,2.0,0.3999999999999999,0.3500000000000001,1.7,1.0,2.0,0.7,0.30000000000000004,1.0,1.0,1.0,0.0,0.0,2.2,2.0,3.0,0.20000000000000018,0.7999999999999998,0.0,0.0,0.0,0.0,0.0,4.0,4.0,4.0,0.0,0.0,0.0,0.0,0.0,0.0,0.0,4.0,4.0,4.0,0.0,0.0
20,4,5,5,0.2,0.2,0.3,dense,True,20,20,20,4,5,5,20,Atomic phrase aggregation,validity_full_harmful_sequence_per_prompt,radius_derived,5,"0,10,20,30,40",0.0,0.0,0.0,0.0,0.0,1.0,1.0,1.0,0.0,0.0,1.65,1.25,2.0,0.3999999999999999,0.3500000000000001,1.7,1.0,2.0,0.7,0.30000000000000004,1.0,1.0,1.0,0.0,0.0,2.2,2.0,3.0,0.20000000000000018,0.7999999999999998,0.0,0.0,0.0,0.0,0.0,4.0,4.0,4.0,0.0,0.0,0.0,0.0,0.0,0.0,0.0,4.0,4.0,4.0,0.0,0.0
20,4,5,5,0.2,0.2,0.3,dense,True,20,20,20,4,5,5,0,Independent shard-aware composition diagnostic,validity_full_harmful_sequence_per_prompt,radius_derived,5,"0,10,20,30,40",1.0,1.0,1.0,0.0,0.0,0.0,0.0,0.0,0.0,0.0,12.2,8.25,18.25,3.9499999999999993,6.050000000000001,11.9,8.0,18.0,3.9000000000000004,6.1,9.2,7.0,13.0,2.1999999999999993,3.8000000000000007,15.8,10.0,24.0,5.800000000000001,8.2,4.0,4.0,4.0,0.0,0.0,4.0,4.0,4.0,0.0,0.0,0.0,0.0,0.0,0.0,0.0,4.0,4.0,4.0,0.0,0.0
20,4,5,5,0.2,0.2,0.3,dense,True,20,20,20,4,5,5,1,Independent shard-aware composition diagnostic,validity_full_harmful_sequence_per_prompt,radius_derived,5,"0,10,20,30,40",1.0,1.0,1.0,0.0,0.0,0.0,0.0,0.0,0.0,0.0,12.2,8.25,18.25,3.9499999999999993,6.050000000000001,11.9,8.0,18.0,3.9000000000000004,6.1,9.2,7.0,13.0,2.1999999999999993,3.8000000000000007,15.8,10.0,24.0,5.800000000000001,8.2,4.0,4.0,4.0,0.0,0.0,4.0,4.0,4.0,0.0,0.0,0.0,0.0,0.0,0.0,0.0,4.0,4.0,4.0,0.0,0.0
20,4,5,5,0.2,0.2,0.3,dense,True,20,20,20,4,5,5,2,Independent shard-aware composition diagnostic,validity_full_harmful_sequence_per_prompt,radius_derived,5,"0,10,20,30,40",1.0,1.0,1.0,0.0,0.0,0.0,0.0,0.0,0.0,0.0,12.2,8.25,18.25,3.9499999999999993,6.050000000000001,11.9,8.0,18.0,3.9000000000000004,6.1,9.2,7.0,13.0,2.1999999999999993,3.8000000000000007,15.8,10.0,24.0,5.800000000000001,8.2,4.0,4.0,4.0,0.0,0.0,4.0,4.0,4.0,0.0,0.0,0.0,0.0,0.0,0.0,0.0,4.0,4.0,4.0,0.0,0.0
20,4,5,5,0.2,0.2,0.3,dense,True,20,20,20,4,5,5,3,Independent shard-aware composition diagnostic,validity_full_harmful_sequence_per_prompt,radius_derived,5,"0,10,20,30,40",1.0,1.0,1.0,0.0,0.0,0.0,0.0,0.0,0.0,0.0,12.2,8.25,18.25,3.9499999999999993,6.050000000000001,11.9,8.0,18.0,3.9000000000000004,6.1,9.2,7.0,13.0,2.1999999999999993,3.8000000000000007,15.8,10.0,24.0,5.800000000000001,8.2,4.0,4.0,4.0,0.0,0.0,4.0,4.0,4.0,0.0,0.0,0.0,0.0,0.0,0.0,0.0,4.0,4.0,4.0,0.0,0.0
20,4,5,5,0.2,0.2,0.3,dense,True,20,20,20,4,5,5,4,Independent shard-aware composition diagnostic,validity_full_harmful_sequence_per_prompt,radius_derived,5,"0,10,20,30,40",1.0,1.0,1.0,0.0,0.0,0.0,0.0,0.0,0.0,0.0,12.2,8.25,18.25,3.9499999999999993,6.050000000000001,11.9,8.0,18.0,3.9000000000000004,6.1,9.2,7.0,13.0,2.1999999999999993,3.8000000000000007,15.8,10.0,24.0,5.800000000000001,8.2,4.0,4.0,4.0,0.0,0.0,4.0,4.0,4.0,0.0,0.0,0.0,0.0,0.0,0.0,0.0,4.0,4.0,4.0,0.0,0.0
20,4,5,5,0.2,0.2,0.3,dense,True,20,20,20,4,5,5,5,Independent shard-aware composition diagnostic,validity_full_harmful_sequence_per_prompt,radius_derived,5,"0,10,20,30,40",1.0,1.0,1.0,0.0,0.0,0.0,0.0,0.0,0.0,0.0,12.2,8.25,18.25,3.9499999999999993,6.050000000000001,11.9,8.0,18.0,3.9000000000000004,6.1,9.2,7.0,13.0,2.1999999999999993,3.8000000000000007,15.8,10.0,24.0,5.800000000000001,8.2,4.0,4.0,4.0,0.0,0.0,4.0,4.0,4.0,0.0,0.0,0.0,0.0,0.0,0.0,0.0,4.0,4.0,4.0,0.0,0.0
20,4,5,5,0.2,0.2,0.3,dense,True,20,20,20,4,5,5,6,Independent shard-aware composition diagnostic,validity_full_harmful_sequence_per_prompt,radius_derived,5,"0,10,20,30,40",1.0,1.0,1.0,0.0,0.0,0.0,0.0,0.0,0.0,0.0,12.2,8.25,18.25,3.9499999999999993,6.050000000000001,11.9,8.0,18.0,3.9000000000000004,6.1,9.2,7.0,13.0,2.1999999999999993,3.8000000000000007,15.8,10.0,24.0,5.800000000000001,8.2,4.0,4.0,4.0,0.0,0.0,4.0,4.0,4.0,0.0,0.0,0.0,0.0,0.0,0.0,0.0,4.0,4.0,4.0,0.0,0.0
20,4,5,5,0.2,0.2,0.3,dense,True,20,20,20,4,5,5,7,Independent shard-aware composition diagnostic,validity_full_harmful_sequence_per_prompt,radius_derived,5,"0,10,20,30,40",0.85,0.5,1.0,0.35,0.15000000000000002,0.15,0.0,0.5,0.15,0.35,12.2,8.25,18.25,3.9499999999999993,6.050000000000001,11.9,8.0,18.0,3.9000000000000004,6.1,9.2,7.0,13.0,2.1999999999999993,3.8000000000000007,15.8,10.0,24.0,5.800000000000001,8.2,3.4,2.0,4.0,1.4,0.6000000000000001,4.0,4.0,4.0,0.0,0.0,0.0,0.0,0.0,0.0,0.0,4.0,4.0,4.0,0.0,0.0
20,4,5,5,0.2,0.2,0.3,dense,True,20,20,20,4,5,5,8,Independent shard-aware composition diagnostic,validity_full_harmful_sequence_per_prompt,radius_derived,5,"0,10,20,30,40",0.85,0.5,1.0,0.35,0.15000000000000002,0.15,0.0,0.5,0.15,0.35,12.2,8.25,18.25,3.9499999999999993,6.050000000000001,11.9,8.0,18.0,3.9000000000000004,6.1,9.2,7.0,13.0,2.1999999999999993,3.8000000000000007,15.8,10.0,24.0,5.800000000000001,8.2,3.4,2.0,4.0,1.4,0.6000000000000001,4.0,4.0,4.0,0.0,0.0,0.0,0.0,0.0,0.0,0.0,4.0,4.0,4.0,0.0,0.0
20,4,5,5,0.2,0.2,0.3,dense,True,20,20,20,4,5,5,9,Independent shard-aware composition diagnostic,validity_full_harmful_sequence_per_prompt,radius_derived,5,"0,10,20,30,40",0.7,0.25,1.0,0.44999999999999996,0.30000000000000004,0.3,0.0,0.75,0.3,0.45,12.2,8.25,18.25,3.9499999999999993,6.050000000000001,11.9,8.0,18.0,3.9000000000000004,6.1,9.2,7.0,13.0,2.1999999999999993,3.8000000000000007,15.8,10.0,24.0,5.800000000000001,8.2,2.8,1.0,4.0,1.7999999999999998,1.2000000000000002,4.0,4.0,4.0,0.0,0.0,0.0,0.0,0.0,0.0,0.0,4.0,4.0,4.0,0.0,0.0
20,4,5,5,0.2,0.2,0.3,dense,True,20,20,20,4,5,5,10,Independent shard-aware composition diagnostic,validity_full_harmful_sequence_per_prompt,radius_derived,5,"0,10,20,30,40",0.5,0.0,1.0,0.5,0.5,0.5,0.0,1.0,0.5,0.5,12.2,8.25,18.25,3.9499999999999993,6.050000000000001,11.9,8.0,18.0,3.9000000000000004,6.1,9.2,7.0,13.0,2.1999999999999993,3.8000000000000007,15.8,10.0,24.0,5.800000000000001,8.2,2.0,0.0,4.0,2.0,2.0,4.0,4.0,4.0,0.0,0.0,0.0,0.0,0.0,0.0,0.0,4.0,4.0,4.0,0.0,0.0
20,4,5,5,0.2,0.2,0.3,dense,True,20,20,20,4,5,5,11,Independent shard-aware composition diagnostic,validity_full_harmful_sequence_per_prompt,radius_derived,5,"0,10,20,30,40",0.45,0.0,1.0,0.45,0.55,0.55,0.0,1.0,0.55,0.44999999999999996,12.2,8.25,18.25,3.9499999999999993,6.050000000000001,11.9,8.0,18.0,3.9000000000000004,6.1,9.2,7.0,13.0,2.1999999999999993,3.8000000000000007,15.8,10.0,24.0,5.800000000000001,8.2,1.8,0.0,4.0,1.8,2.2,4.0,4.0,4.0,0.0,0.0,0.0,0.0,0.0,0.0,0.0,4.0,4.0,4.0,0.0,0.0
20,4,5,5,0.2,0.2,0.3,dense,True,20,20,20,4,5,5,12,Independent shard-aware composition diagnostic,validity_full_harmful_sequence_per_prompt,radius_derived,5,"0,10,20,30,40",0.4,0.0,1.0,0.4,0.6,0.6,0.0,1.0,0.6,0.4,12.2,8.25,18.25,3.9499999999999993,6.050000000000001,11.9,8.0,18.0,3.9000000000000004,6.1,9.2,7.0,13.0,2.1999999999999993,3.8000000000000007,15.8,10.0,24.0,5.800000000000001,8.2,1.6,0.0,4.0,1.6,2.4,4.0,4.0,4.0,0.0,0.0,0.0,0.0,0.0,0.0,0.0,4.0,4.0,4.0,0.0,0.0
20,4,5,5,0.2,0.2,0.3,dense,True,20,20,20,4,5,5,13,Independent shard-aware composition diagnostic,validity_full_harmful_sequence_per_prompt,radius_derived,5,"0,10,20,30,40",0.3,0.0,0.75,0.3,0.45,0.7,0.25,1.0,0.44999999999999996,0.30000000000000004,12.2,8.25,18.25,3.9499999999999993,6.050000000000001,11.9,8.0,18.0,3.9000000000000004,6.1,9.2,7.0,13.0,2.1999999999999993,3.8000000000000007,15.8,10.0,24.0,5.800000000000001,8.2,1.2,0.0,3.0,1.2,1.8,4.0,4.0,4.0,0.0,0.0,0.0,0.0,0.0,0.0,0.0,4.0,4.0,4.0,0.0,0.0
20,4,5,5,0.2,0.2,0.3,dense,True,20,20,20,4,5,5,14,Independent shard-aware composition diagnostic,validity_full_harmful_sequence_per_prompt,radius_derived,5,"0,10,20,30,40",0.3,0.0,0.75,0.3,0.45,0.7,0.25,1.0,0.44999999999999996,0.30000000000000004,12.2,8.25,18.25,3.9499999999999993,6.050000000000001,11.9,8.0,18.0,3.9000000000000004,6.1,9.2,7.0,13.0,2.1999999999999993,3.8000000000000007,15.8,10.0,24.0,5.800000000000001,8.2,1.2,0.0,3.0,1.2,1.8,4.0,4.0,4.0,0.0,0.0,0.0,0.0,0.0,0.0,0.0,4.0,4.0,4.0,0.0,0.0
20,4,5,5,0.2,0.2,0.3,dense,True,20,20,20,4,5,5,15,Independent shard-aware composition diagnostic,validity_full_harmful_sequence_per_prompt,radius_derived,5,"0,10,20,30,40",0.25,0.0,0.75,0.25,0.5,0.75,0.25,1.0,0.5,0.25,12.2,8.25,18.25,3.9499999999999993,6.050000000000001,11.9,8.0,18.0,3.9000000000000004,6.1,9.2,7.0,13.0,2.1999999999999993,3.8000000000000007,15.8,10.0,24.0,5.800000000000001,8.2,1.0,0.0,3.0,1.0,2.0,4.0,4.0,4.0,0.0,0.0,0.0,0.0,0.0,0.0,0.0,4.0,4.0,4.0,0.0,0.0
20,4,5,5,0.2,0.2,0.3,dense,True,20,20,20,4,5,5,16,Independent shard-aware composition diagnostic,validity_full_harmful_sequence_per_prompt,radius_derived,5,"0,10,20,30,40",0.1,0.0,0.5,0.1,0.4,0.9,0.5,1.0,0.4,0.09999999999999998,12.2,8.25,18.25,3.9499999999999993,6.050000000000001,11.9,8.0,18.0,3.9000000000000004,6.1,9.2,7.0,13.0,2.1999999999999993,3.8000000000000007,15.8,10.0,24.0,5.800000000000001,8.2,0.4,0.0,2.0,0.4,1.6,4.0,4.0,4.0,0.0,0.0,0.0,0.0,0.0,0.0,0.0,4.0,4.0,4.0,0.0,0.0
20,4,5,5,0.2,0.2,0.3,dense,True,20,20,20,4,5,5,17,Independent shard-aware composition diagnostic,validity_full_harmful_sequence_per_prompt,radius_derived,5,"0,10,20,30,40",0.1,0.0,0.5,0.1,0.4,0.9,0.5,1.0,0.4,0.09999999999999998,12.2,8.25,18.25,3.9499999999999993,6.050000000000001,11.9,8.0,18.0,3.9000000000000004,6.1,9.2,7.0,13.0,2.1999999999999993,3.8000000000000007,15.8,10.0,24.0,5.800000000000001,8.2,0.4,0.0,2.0,0.4,1.6,4.0,4.0,4.0,0.0,0.0,0.0,0.0,0.0,0.0,0.0,4.0,4.0,4.0,0.0,0.0
20,4,5,5,0.2,0.2,0.3,dense,True,20,20,20,4,5,5,18,Independent shard-aware composition diagnostic,validity_full_harmful_sequence_per_prompt,radius_derived,5,"0,10,20,30,40",0.1,0.0,0.5,0.1,0.4,0.9,0.5,1.0,0.4,0.09999999999999998,12.2,8.25,18.25,3.9499999999999993,6.050000000000001,11.9,8.0,18.0,3.9000000000000004,6.1,9.2,7.0,13.0,2.1999999999999993,3.8000000000000007,15.8,10.0,24.0,5.800000000000001,8.2,0.4,0.0,2.0,0.4,1.6,4.0,4.0,4.0,0.0,0.0,0.0,0.0,0.0,0.0,0.0,4.0,4.0,4.0,0.0,0.0
20,4,5,5,0.2,0.2,0.3,dense,True,20,20,20,4,5,5,19,Independent shard-aware composition diagnostic,validity_full_harmful_sequence_per_prompt,radius_derived,5,"0,10,20,30,40",0.1,0.0,0.5,0.1,0.4,0.9,0.5,1.0,0.4,0.09999999999999998,12.2,8.25,18.25,3.9499999999999993,6.050000000000001,11.9,8.0,18.0,3.9000000000000004,6.1,9.2,7.0,13.0,2.1999999999999993,3.8000000000000007,15.8,10.0,24.0,5.800000000000001,8.2,0.4,0.0,2.0,0.4,1.6,4.0,4.0,4.0,0.0,0.0,0.0,0.0,0.0,0.0,0.0,4.0,4.0,4.0,0.0,0.0
20,4,5,5,0.2,0.2,0.3,dense,True,20,20,20,4,5,5,20,Independent shard-aware composition diagnostic,validity_full_harmful_sequence_per_prompt,radius_derived,5,"0,10,20,30,40",0.05,0.0,0.25,0.05,0.2,0.95,0.75,1.0,0.19999999999999996,0.050000000000000044,12.2,8.25,18.25,3.9499999999999993,6.050000000000001,11.9,8.0,18.0,3.9000000000000004,6.1,9.2,7.0,13.0,2.1999999999999993,3.8000000000000007,15.8,10.0,24.0,5.800000000000001,8.2,0.2,0.0,1.0,0.2,0.8,4.0,4.0,4.0,0.0,0.0,0.0,0.0,0.0,0.0,0.0,4.0,4.0,4.0,0.0,0.0
20,4,5,5,0.3,0.2,0.3,dense,True,20,20,20,4,5,5,0,DPA token margin,full_response_stable_against_any_token_change,radius_derived,5,"0,10,20,30,40",1.0,1.0,1.0,0.0,0.0,0.0,0.0,0.0,0.0,0.0,4.15,3.5,4.75,0.6500000000000004,0.5999999999999996,4.4,3.5,5.0,0.9000000000000004,0.5999999999999996,2.6,1.0,4.0,1.6,1.4,5.2,5.0,6.0,0.20000000000000018,0.7999999999999998,4.0,4.0,4.0,0.0,0.0,4.0,4.0,4.0,0.0,0.0,0.0,0.0,0.0,0.0,0.0,4.0,4.0,4.0,0.0,0.0
20,4,5,5,0.3,0.2,0.3,dense,True,20,20,20,4,5,5,1,DPA token margin,full_response_stable_against_any_token_change,radius_derived,5,"0,10,20,30,40",0.9,0.75,1.0,0.15000000000000002,0.09999999999999998,0.1,0.0,0.25,0.1,0.15,4.15,3.5,4.75,0.6500000000000004,0.5999999999999996,4.4,3.5,5.0,0.9000000000000004,0.5999999999999996,2.6,1.0,4.0,1.6,1.4,5.2,5.0,6.0,0.20000000000000018,0.7999999999999998,3.6,3.0,4.0,0.6000000000000001,0.3999999999999999,4.0,4.0,4.0,0.0,0.0,0.0,0.0,0.0,0.0,0.0,4.0,4.0,4.0,0.0,0.0
20,4,5,5,0.3,0.2,0.3,dense,True,20,20,20,4,5,5,2,DPA token margin,full_response_stable_against_any_token_change,radius_derived,5,"0,10,20,30,40",0.9,0.75,1.0,0.15000000000000002,0.09999999999999998,0.1,0.0,0.25,0.1,0.15,4.15,3.5,4.75,0.6500000000000004,0.5999999999999996,4.4,3.5,5.0,0.9000000000000004,0.5999999999999996,2.6,1.0,4.0,1.6,1.4,5.2,5.0,6.0,0.20000000000000018,0.7999999999999998,3.6,3.0,4.0,0.6000000000000001,0.3999999999999999,4.0,4.0,4.0,0.0,0.0,0.0,0.0,0.0,0.0,0.0,4.0,4.0,4.0,0.0,0.0
20,4,5,5,0.3,0.2,0.3,dense,True,20,20,20,4,5,5,3,DPA token margin,full_response_stable_against_any_token_change,radius_derived,5,"0,10,20,30,40",0.75,0.5,1.0,0.25,0.25,0.25,0.0,0.5,0.25,0.25,4.15,3.5,4.75,0.6500000000000004,0.5999999999999996,4.4,3.5,5.0,0.9000000000000004,0.5999999999999996,2.6,1.0,4.0,1.6,1.4,5.2,5.0,6.0,0.20000000000000018,0.7999999999999998,3.0,2.0,4.0,1.0,1.0,4.0,4.0,4.0,0.0,0.0,0.0,0.0,0.0,0.0,0.0,4.0,4.0,4.0,0.0,0.0
20,4,5,5,0.3,0.2,0.3,dense,True,20,20,20,4,5,5,4,DPA token margin,full_response_stable_against_any_token_change,radius_derived,5,"0,10,20,30,40",0.55,0.25,0.75,0.30000000000000004,0.19999999999999996,0.45,0.25,0.75,0.2,0.3,4.15,3.5,4.75,0.6500000000000004,0.5999999999999996,4.4,3.5,5.0,0.9000000000000004,0.5999999999999996,2.6,1.0,4.0,1.6,1.4,5.2,5.0,6.0,0.20000000000000018,0.7999999999999998,2.2,1.0,3.0,1.2000000000000002,0.7999999999999998,4.0,4.0,4.0,0.0,0.0,0.0,0.0,0.0,0.0,0.0,4.0,4.0,4.0,0.0,0.0
20,4,5,5,0.3,0.2,0.3,dense,True,20,20,20,4,5,5,5,DPA token margin,full_response_stable_against_any_token_change,radius_derived,5,"0,10,20,30,40",0.05,0.0,0.25,0.05,0.2,0.95,0.75,1.0,0.19999999999999996,0.050000000000000044,4.15,3.5,4.75,0.6500000000000004,0.5999999999999996,4.4,3.5,5.0,0.9000000000000004,0.5999999999999996,2.6,1.0,4.0,1.6,1.4,5.2,5.0,6.0,0.20000000000000018,0.7999999999999998,0.2,0.0,1.0,0.2,0.8,4.0,4.0,4.0,0.0,0.0,0.0,0.0,0.0,0.0,0.0,4.0,4.0,4.0,0.0,0.0
20,4,5,5,0.3,0.2,0.3,dense,True,20,20,20,4,5,5,6,DPA token margin,full_response_stable_against_any_token_change,radius_derived,5,"0,10,20,30,40",0.0,0.0,0.0,0.0,0.0,1.0,1.0,1.0,0.0,0.0,4.15,3.5,4.75,0.6500000000000004,0.5999999999999996,4.4,3.5,5.0,0.9000000000000004,0.5999999999999996,2.6,1.0,4.0,1.6,1.4,5.2,5.0,6.0,0.20000000000000018,0.7999999999999998,0.0,0.0,0.0,0.0,0.0,4.0,4.0,4.0,0.0,0.0,0.0,0.0,0.0,0.0,0.0,4.0,4.0,4.0,0.0,0.0
20,4,5,5,0.3,0.2,0.3,dense,True,20,20,20,4,5,5,7,DPA token margin,full_response_stable_against_any_token_change,radius_derived,5,"0,10,20,30,40",0.0,0.0,0.0,0.0,0.0,1.0,1.0,1.0,0.0,0.0,4.15,3.5,4.75,0.6500000000000004,0.5999999999999996,4.4,3.5,5.0,0.9000000000000004,0.5999999999999996,2.6,1.0,4.0,1.6,1.4,5.2,5.0,6.0,0.20000000000000018,0.7999999999999998,0.0,0.0,0.0,0.0,0.0,4.0,4.0,4.0,0.0,0.0,0.0,0.0,0.0,0.0,0.0,4.0,4.0,4.0,0.0,0.0
20,4,5,5,0.3,0.2,0.3,dense,True,20,20,20,4,5,5,8,DPA token margin,full_response_stable_against_any_token_change,radius_derived,5,"0,10,20,30,40",0.0,0.0,0.0,0.0,0.0,1.0,1.0,1.0,0.0,0.0,4.15,3.5,4.75,0.6500000000000004,0.5999999999999996,4.4,3.5,5.0,0.9000000000000004,0.5999999999999996,2.6,1.0,4.0,1.6,1.4,5.2,5.0,6.0,0.20000000000000018,0.7999999999999998,0.0,0.0,0.0,0.0,0.0,4.0,4.0,4.0,0.0,0.0,0.0,0.0,0.0,0.0,0.0,4.0,4.0,4.0,0.0,0.0
20,4,5,5,0.3,0.2,0.3,dense,True,20,20,20,4,5,5,9,DPA token margin,full_response_stable_against_any_token_change,radius_derived,5,"0,10,20,30,40",0.0,0.0,0.0,0.0,0.0,1.0,1.0,1.0,0.0,0.0,4.15,3.5,4.75,0.6500000000000004,0.5999999999999996,4.4,3.5,5.0,0.9000000000000004,0.5999999999999996,2.6,1.0,4.0,1.6,1.4,5.2,5.0,6.0,0.20000000000000018,0.7999999999999998,0.0,0.0,0.0,0.0,0.0,4.0,4.0,4.0,0.0,0.0,0.0,0.0,0.0,0.0,0.0,4.0,4.0,4.0,0.0,0.0
20,4,5,5,0.3,0.2,0.3,dense,True,20,20,20,4,5,5,10,DPA token margin,full_response_stable_against_any_token_change,radius_derived,5,"0,10,20,30,40",0.0,0.0,0.0,0.0,0.0,1.0,1.0,1.0,0.0,0.0,4.15,3.5,4.75,0.6500000000000004,0.5999999999999996,4.4,3.5,5.0,0.9000000000000004,0.5999999999999996,2.6,1.0,4.0,1.6,1.4,5.2,5.0,6.0,0.20000000000000018,0.7999999999999998,0.0,0.0,0.0,0.0,0.0,4.0,4.0,4.0,0.0,0.0,0.0,0.0,0.0,0.0,0.0,4.0,4.0,4.0,0.0,0.0
20,4,5,5,0.3,0.2,0.3,dense,True,20,20,20,4,5,5,11,DPA token margin,full_response_stable_against_any_token_change,radius_derived,5,"0,10,20,30,40",0.0,0.0,0.0,0.0,0.0,1.0,1.0,1.0,0.0,0.0,4.15,3.5,4.75,0.6500000000000004,0.5999999999999996,4.4,3.5,5.0,0.9000000000000004,0.5999999999999996,2.6,1.0,4.0,1.6,1.4,5.2,5.0,6.0,0.20000000000000018,0.7999999999999998,0.0,0.0,0.0,0.0,0.0,4.0,4.0,4.0,0.0,0.0,0.0,0.0,0.0,0.0,0.0,4.0,4.0,4.0,0.0,0.0
20,4,5,5,0.3,0.2,0.3,dense,True,20,20,20,4,5,5,12,DPA token margin,full_response_stable_against_any_token_change,radius_derived,5,"0,10,20,30,40",0.0,0.0,0.0,0.0,0.0,1.0,1.0,1.0,0.0,0.0,4.15,3.5,4.75,0.6500000000000004,0.5999999999999996,4.4,3.5,5.0,0.9000000000000004,0.5999999999999996,2.6,1.0,4.0,1.6,1.4,5.2,5.0,6.0,0.20000000000000018,0.7999999999999998,0.0,0.0,0.0,0.0,0.0,4.0,4.0,4.0,0.0,0.0,0.0,0.0,0.0,0.0,0.0,4.0,4.0,4.0,0.0,0.0
20,4,5,5,0.3,0.2,0.3,dense,True,20,20,20,4,5,5,13,DPA token margin,full_response_stable_against_any_token_change,radius_derived,5,"0,10,20,30,40",0.0,0.0,0.0,0.0,0.0,1.0,1.0,1.0,0.0,0.0,4.15,3.5,4.75,0.6500000000000004,0.5999999999999996,4.4,3.5,5.0,0.9000000000000004,0.5999999999999996,2.6,1.0,4.0,1.6,1.4,5.2,5.0,6.0,0.20000000000000018,0.7999999999999998,0.0,0.0,0.0,0.0,0.0,4.0,4.0,4.0,0.0,0.0,0.0,0.0,0.0,0.0,0.0,4.0,4.0,4.0,0.0,0.0
20,4,5,5,0.3,0.2,0.3,dense,True,20,20,20,4,5,5,14,DPA token margin,full_response_stable_against_any_token_change,radius_derived,5,"0,10,20,30,40",0.0,0.0,0.0,0.0,0.0,1.0,1.0,1.0,0.0,0.0,4.15,3.5,4.75,0.6500000000000004,0.5999999999999996,4.4,3.5,5.0,0.9000000000000004,0.5999999999999996,2.6,1.0,4.0,1.6,1.4,5.2,5.0,6.0,0.20000000000000018,0.7999999999999998,0.0,0.0,0.0,0.0,0.0,4.0,4.0,4.0,0.0,0.0,0.0,0.0,0.0,0.0,0.0,4.0,4.0,4.0,0.0,0.0
20,4,5,5,0.3,0.2,0.3,dense,True,20,20,20,4,5,5,15,DPA token margin,full_response_stable_against_any_token_change,radius_derived,5,"0,10,20,30,40",0.0,0.0,0.0,0.0,0.0,1.0,1.0,1.0,0.0,0.0,4.15,3.5,4.75,0.6500000000000004,0.5999999999999996,4.4,3.5,5.0,0.9000000000000004,0.5999999999999996,2.6,1.0,4.0,1.6,1.4,5.2,5.0,6.0,0.20000000000000018,0.7999999999999998,0.0,0.0,0.0,0.0,0.0,4.0,4.0,4.0,0.0,0.0,0.0,0.0,0.0,0.0,0.0,4.0,4.0,4.0,0.0,0.0
20,4,5,5,0.3,0.2,0.3,dense,True,20,20,20,4,5,5,16,DPA token margin,full_response_stable_against_any_token_change,radius_derived,5,"0,10,20,30,40",0.0,0.0,0.0,0.0,0.0,1.0,1.0,1.0,0.0,0.0,4.15,3.5,4.75,0.6500000000000004,0.5999999999999996,4.4,3.5,5.0,0.9000000000000004,0.5999999999999996,2.6,1.0,4.0,1.6,1.4,5.2,5.0,6.0,0.20000000000000018,0.7999999999999998,0.0,0.0,0.0,0.0,0.0,4.0,4.0,4.0,0.0,0.0,0.0,0.0,0.0,0.0,0.0,4.0,4.0,4.0,0.0,0.0
20,4,5,5,0.3,0.2,0.3,dense,True,20,20,20,4,5,5,17,DPA token margin,full_response_stable_against_any_token_change,radius_derived,5,"0,10,20,30,40",0.0,0.0,0.0,0.0,0.0,1.0,1.0,1.0,0.0,0.0,4.15,3.5,4.75,0.6500000000000004,0.5999999999999996,4.4,3.5,5.0,0.9000000000000004,0.5999999999999996,2.6,1.0,4.0,1.6,1.4,5.2,5.0,6.0,0.20000000000000018,0.7999999999999998,0.0,0.0,0.0,0.0,0.0,4.0,4.0,4.0,0.0,0.0,0.0,0.0,0.0,0.0,0.0,4.0,4.0,4.0,0.0,0.0
20,4,5,5,0.3,0.2,0.3,dense,True,20,20,20,4,5,5,18,DPA token margin,full_response_stable_against_any_token_change,radius_derived,5,"0,10,20,30,40",0.0,0.0,0.0,0.0,0.0,1.0,1.0,1.0,0.0,0.0,4.15,3.5,4.75,0.6500000000000004,0.5999999999999996,4.4,3.5,5.0,0.9000000000000004,0.5999999999999996,2.6,1.0,4.0,1.6,1.4,5.2,5.0,6.0,0.20000000000000018,0.7999999999999998,0.0,0.0,0.0,0.0,0.0,4.0,4.0,4.0,0.0,0.0,0.0,0.0,0.0,0.0,0.0,4.0,4.0,4.0,0.0,0.0
20,4,5,5,0.3,0.2,0.3,dense,True,20,20,20,4,5,5,19,DPA token margin,full_response_stable_against_any_token_change,radius_derived,5,"0,10,20,30,40",0.0,0.0,0.0,0.0,0.0,1.0,1.0,1.0,0.0,0.0,4.15,3.5,4.75,0.6500000000000004,0.5999999999999996,4.4,3.5,5.0,0.9000000000000004,0.5999999999999996,2.6,1.0,4.0,1.6,1.4,5.2,5.0,6.0,0.20000000000000018,0.7999999999999998,0.0,0.0,0.0,0.0,0.0,4.0,4.0,4.0,0.0,0.0,0.0,0.0,0.0,0.0,0.0,4.0,4.0,4.0,0.0,0.0
20,4,5,5,0.3,0.2,0.3,dense,True,20,20,20,4,5,5,20,DPA token margin,full_response_stable_against_any_token_change,radius_derived,5,"0,10,20,30,40",0.0,0.0,0.0,0.0,0.0,1.0,1.0,1.0,0.0,0.0,4.15,3.5,4.75,0.6500000000000004,0.5999999999999996,4.4,3.5,5.0,0.9000000000000004,0.5999999999999996,2.6,1.0,4.0,1.6,1.4,5.2,5.0,6.0,0.20000000000000018,0.7999999999999998,0.0,0.0,0.0,0.0,0.0,4.0,4.0,4.0,0.0,0.0,0.0,0.0,0.0,0.0,0.0,4.0,4.0,4.0,0.0,0.0
20,4,5,5,0.3,0.2,0.3,dense,True,20,20,20,4,5,5,0,Shared MILP,stability_one_token_per_prompt,radius_derived,5,"0,10,20,30,40",1.0,1.0,1.0,0.0,0.0,0.0,0.0,0.0,0.0,0.0,4.15,3.5,4.75,0.6500000000000004,0.5999999999999996,4.4,3.5,5.0,0.9000000000000004,0.5999999999999996,2.6,1.0,4.0,1.6,1.4,5.2,5.0,6.0,0.20000000000000018,0.7999999999999998,4.0,4.0,4.0,0.0,0.0,4.0,4.0,4.0,0.0,0.0,0.0,0.0,0.0,0.0,0.0,4.0,4.0,4.0,0.0,0.0
20,4,5,5,0.3,0.2,0.3,dense,True,20,20,20,4,5,5,1,Shared MILP,stability_one_token_per_prompt,radius_derived,5,"0,10,20,30,40",0.9,0.75,1.0,0.15000000000000002,0.09999999999999998,0.1,0.0,0.25,0.1,0.15,4.15,3.5,4.75,0.6500000000000004,0.5999999999999996,4.4,3.5,5.0,0.9000000000000004,0.5999999999999996,2.6,1.0,4.0,1.6,1.4,5.2,5.0,6.0,0.20000000000000018,0.7999999999999998,3.6,3.0,4.0,0.6000000000000001,0.3999999999999999,4.0,4.0,4.0,0.0,0.0,0.0,0.0,0.0,0.0,0.0,4.0,4.0,4.0,0.0,0.0
20,4,5,5,0.3,0.2,0.3,dense,True,20,20,20,4,5,5,2,Shared MILP,stability_one_token_per_prompt,radius_derived,5,"0,10,20,30,40",0.9,0.75,1.0,0.15000000000000002,0.09999999999999998,0.1,0.0,0.25,0.1,0.15,4.15,3.5,4.75,0.6500000000000004,0.5999999999999996,4.4,3.5,5.0,0.9000000000000004,0.5999999999999996,2.6,1.0,4.0,1.6,1.4,5.2,5.0,6.0,0.20000000000000018,0.7999999999999998,3.6,3.0,4.0,0.6000000000000001,0.3999999999999999,4.0,4.0,4.0,0.0,0.0,0.0,0.0,0.0,0.0,0.0,4.0,4.0,4.0,0.0,0.0
20,4,5,5,0.3,0.2,0.3,dense,True,20,20,20,4,5,5,3,Shared MILP,stability_one_token_per_prompt,radius_derived,5,"0,10,20,30,40",0.75,0.5,1.0,0.25,0.25,0.25,0.0,0.5,0.25,0.25,4.15,3.5,4.75,0.6500000000000004,0.5999999999999996,4.4,3.5,5.0,0.9000000000000004,0.5999999999999996,2.6,1.0,4.0,1.6,1.4,5.2,5.0,6.0,0.20000000000000018,0.7999999999999998,3.0,2.0,4.0,1.0,1.0,4.0,4.0,4.0,0.0,0.0,0.0,0.0,0.0,0.0,0.0,4.0,4.0,4.0,0.0,0.0
20,4,5,5,0.3,0.2,0.3,dense,True,20,20,20,4,5,5,4,Shared MILP,stability_one_token_per_prompt,radius_derived,5,"0,10,20,30,40",0.55,0.25,0.75,0.30000000000000004,0.19999999999999996,0.45,0.25,0.75,0.2,0.3,4.15,3.5,4.75,0.6500000000000004,0.5999999999999996,4.4,3.5,5.0,0.9000000000000004,0.5999999999999996,2.6,1.0,4.0,1.6,1.4,5.2,5.0,6.0,0.20000000000000018,0.7999999999999998,2.2,1.0,3.0,1.2000000000000002,0.7999999999999998,4.0,4.0,4.0,0.0,0.0,0.0,0.0,0.0,0.0,0.0,4.0,4.0,4.0,0.0,0.0
20,4,5,5,0.3,0.2,0.3,dense,True,20,20,20,4,5,5,5,Shared MILP,stability_one_token_per_prompt,radius_derived,5,"0,10,20,30,40",0.05,0.0,0.25,0.05,0.2,0.95,0.75,1.0,0.19999999999999996,0.050000000000000044,4.15,3.5,4.75,0.6500000000000004,0.5999999999999996,4.4,3.5,5.0,0.9000000000000004,0.5999999999999996,2.6,1.0,4.0,1.6,1.4,5.2,5.0,6.0,0.20000000000000018,0.7999999999999998,0.2,0.0,1.0,0.2,0.8,4.0,4.0,4.0,0.0,0.0,0.0,0.0,0.0,0.0,0.0,4.0,4.0,4.0,0.0,0.0
20,4,5,5,0.3,0.2,0.3,dense,True,20,20,20,4,5,5,6,Shared MILP,stability_one_token_per_prompt,radius_derived,5,"0,10,20,30,40",0.0,0.0,0.0,0.0,0.0,1.0,1.0,1.0,0.0,0.0,4.15,3.5,4.75,0.6500000000000004,0.5999999999999996,4.4,3.5,5.0,0.9000000000000004,0.5999999999999996,2.6,1.0,4.0,1.6,1.4,5.2,5.0,6.0,0.20000000000000018,0.7999999999999998,0.0,0.0,0.0,0.0,0.0,4.0,4.0,4.0,0.0,0.0,0.0,0.0,0.0,0.0,0.0,4.0,4.0,4.0,0.0,0.0
20,4,5,5,0.3,0.2,0.3,dense,True,20,20,20,4,5,5,7,Shared MILP,stability_one_token_per_prompt,radius_derived,5,"0,10,20,30,40",0.0,0.0,0.0,0.0,0.0,1.0,1.0,1.0,0.0,0.0,4.15,3.5,4.75,0.6500000000000004,0.5999999999999996,4.4,3.5,5.0,0.9000000000000004,0.5999999999999996,2.6,1.0,4.0,1.6,1.4,5.2,5.0,6.0,0.20000000000000018,0.7999999999999998,0.0,0.0,0.0,0.0,0.0,4.0,4.0,4.0,0.0,0.0,0.0,0.0,0.0,0.0,0.0,4.0,4.0,4.0,0.0,0.0
20,4,5,5,0.3,0.2,0.3,dense,True,20,20,20,4,5,5,8,Shared MILP,stability_one_token_per_prompt,radius_derived,5,"0,10,20,30,40",0.0,0.0,0.0,0.0,0.0,1.0,1.0,1.0,0.0,0.0,4.15,3.5,4.75,0.6500000000000004,0.5999999999999996,4.4,3.5,5.0,0.9000000000000004,0.5999999999999996,2.6,1.0,4.0,1.6,1.4,5.2,5.0,6.0,0.20000000000000018,0.7999999999999998,0.0,0.0,0.0,0.0,0.0,4.0,4.0,4.0,0.0,0.0,0.0,0.0,0.0,0.0,0.0,4.0,4.0,4.0,0.0,0.0
20,4,5,5,0.3,0.2,0.3,dense,True,20,20,20,4,5,5,9,Shared MILP,stability_one_token_per_prompt,radius_derived,5,"0,10,20,30,40",0.0,0.0,0.0,0.0,0.0,1.0,1.0,1.0,0.0,0.0,4.15,3.5,4.75,0.6500000000000004,0.5999999999999996,4.4,3.5,5.0,0.9000000000000004,0.5999999999999996,2.6,1.0,4.0,1.6,1.4,5.2,5.0,6.0,0.20000000000000018,0.7999999999999998,0.0,0.0,0.0,0.0,0.0,4.0,4.0,4.0,0.0,0.0,0.0,0.0,0.0,0.0,0.0,4.0,4.0,4.0,0.0,0.0
20,4,5,5,0.3,0.2,0.3,dense,True,20,20,20,4,5,5,10,Shared MILP,stability_one_token_per_prompt,radius_derived,5,"0,10,20,30,40",0.0,0.0,0.0,0.0,0.0,1.0,1.0,1.0,0.0,0.0,4.15,3.5,4.75,0.6500000000000004,0.5999999999999996,4.4,3.5,5.0,0.9000000000000004,0.5999999999999996,2.6,1.0,4.0,1.6,1.4,5.2,5.0,6.0,0.20000000000000018,0.7999999999999998,0.0,0.0,0.0,0.0,0.0,4.0,4.0,4.0,0.0,0.0,0.0,0.0,0.0,0.0,0.0,4.0,4.0,4.0,0.0,0.0
20,4,5,5,0.3,0.2,0.3,dense,True,20,20,20,4,5,5,11,Shared MILP,stability_one_token_per_prompt,radius_derived,5,"0,10,20,30,40",0.0,0.0,0.0,0.0,0.0,1.0,1.0,1.0,0.0,0.0,4.15,3.5,4.75,0.6500000000000004,0.5999999999999996,4.4,3.5,5.0,0.9000000000000004,0.5999999999999996,2.6,1.0,4.0,1.6,1.4,5.2,5.0,6.0,0.20000000000000018,0.7999999999999998,0.0,0.0,0.0,0.0,0.0,4.0,4.0,4.0,0.0,0.0,0.0,0.0,0.0,0.0,0.0,4.0,4.0,4.0,0.0,0.0
20,4,5,5,0.3,0.2,0.3,dense,True,20,20,20,4,5,5,12,Shared MILP,stability_one_token_per_prompt,radius_derived,5,"0,10,20,30,40",0.0,0.0,0.0,0.0,0.0,1.0,1.0,1.0,0.0,0.0,4.15,3.5,4.75,0.6500000000000004,0.5999999999999996,4.4,3.5,5.0,0.9000000000000004,0.5999999999999996,2.6,1.0,4.0,1.6,1.4,5.2,5.0,6.0,0.20000000000000018,0.7999999999999998,0.0,0.0,0.0,0.0,0.0,4.0,4.0,4.0,0.0,0.0,0.0,0.0,0.0,0.0,0.0,4.0,4.0,4.0,0.0,0.0
20,4,5,5,0.3,0.2,0.3,dense,True,20,20,20,4,5,5,13,Shared MILP,stability_one_token_per_prompt,radius_derived,5,"0,10,20,30,40",0.0,0.0,0.0,0.0,0.0,1.0,1.0,1.0,0.0,0.0,4.15,3.5,4.75,0.6500000000000004,0.5999999999999996,4.4,3.5,5.0,0.9000000000000004,0.5999999999999996,2.6,1.0,4.0,1.6,1.4,5.2,5.0,6.0,0.20000000000000018,0.7999999999999998,0.0,0.0,0.0,0.0,0.0,4.0,4.0,4.0,0.0,0.0,0.0,0.0,0.0,0.0,0.0,4.0,4.0,4.0,0.0,0.0
20,4,5,5,0.3,0.2,0.3,dense,True,20,20,20,4,5,5,14,Shared MILP,stability_one_token_per_prompt,radius_derived,5,"0,10,20,30,40",0.0,0.0,0.0,0.0,0.0,1.0,1.0,1.0,0.0,0.0,4.15,3.5,4.75,0.6500000000000004,0.5999999999999996,4.4,3.5,5.0,0.9000000000000004,0.5999999999999996,2.6,1.0,4.0,1.6,1.4,5.2,5.0,6.0,0.20000000000000018,0.7999999999999998,0.0,0.0,0.0,0.0,0.0,4.0,4.0,4.0,0.0,0.0,0.0,0.0,0.0,0.0,0.0,4.0,4.0,4.0,0.0,0.0
20,4,5,5,0.3,0.2,0.3,dense,True,20,20,20,4,5,5,15,Shared MILP,stability_one_token_per_prompt,radius_derived,5,"0,10,20,30,40",0.0,0.0,0.0,0.0,0.0,1.0,1.0,1.0,0.0,0.0,4.15,3.5,4.75,0.6500000000000004,0.5999999999999996,4.4,3.5,5.0,0.9000000000000004,0.5999999999999996,2.6,1.0,4.0,1.6,1.4,5.2,5.0,6.0,0.20000000000000018,0.7999999999999998,0.0,0.0,0.0,0.0,0.0,4.0,4.0,4.0,0.0,0.0,0.0,0.0,0.0,0.0,0.0,4.0,4.0,4.0,0.0,0.0
20,4,5,5,0.3,0.2,0.3,dense,True,20,20,20,4,5,5,16,Shared MILP,stability_one_token_per_prompt,radius_derived,5,"0,10,20,30,40",0.0,0.0,0.0,0.0,0.0,1.0,1.0,1.0,0.0,0.0,4.15,3.5,4.75,0.6500000000000004,0.5999999999999996,4.4,3.5,5.0,0.9000000000000004,0.5999999999999996,2.6,1.0,4.0,1.6,1.4,5.2,5.0,6.0,0.20000000000000018,0.7999999999999998,0.0,0.0,0.0,0.0,0.0,4.0,4.0,4.0,0.0,0.0,0.0,0.0,0.0,0.0,0.0,4.0,4.0,4.0,0.0,0.0
20,4,5,5,0.3,0.2,0.3,dense,True,20,20,20,4,5,5,17,Shared MILP,stability_one_token_per_prompt,radius_derived,5,"0,10,20,30,40",0.0,0.0,0.0,0.0,0.0,1.0,1.0,1.0,0.0,0.0,4.15,3.5,4.75,0.6500000000000004,0.5999999999999996,4.4,3.5,5.0,0.9000000000000004,0.5999999999999996,2.6,1.0,4.0,1.6,1.4,5.2,5.0,6.0,0.20000000000000018,0.7999999999999998,0.0,0.0,0.0,0.0,0.0,4.0,4.0,4.0,0.0,0.0,0.0,0.0,0.0,0.0,0.0,4.0,4.0,4.0,0.0,0.0
20,4,5,5,0.3,0.2,0.3,dense,True,20,20,20,4,5,5,18,Shared MILP,stability_one_token_per_prompt,radius_derived,5,"0,10,20,30,40",0.0,0.0,0.0,0.0,0.0,1.0,1.0,1.0,0.0,0.0,4.15,3.5,4.75,0.6500000000000004,0.5999999999999996,4.4,3.5,5.0,0.9000000000000004,0.5999999999999996,2.6,1.0,4.0,1.6,1.4,5.2,5.0,6.0,0.20000000000000018,0.7999999999999998,0.0,0.0,0.0,0.0,0.0,4.0,4.0,4.0,0.0,0.0,0.0,0.0,0.0,0.0,0.0,4.0,4.0,4.0,0.0,0.0
20,4,5,5,0.3,0.2,0.3,dense,True,20,20,20,4,5,5,19,Shared MILP,stability_one_token_per_prompt,radius_derived,5,"0,10,20,30,40",0.0,0.0,0.0,0.0,0.0,1.0,1.0,1.0,0.0,0.0,4.15,3.5,4.75,0.6500000000000004,0.5999999999999996,4.4,3.5,5.0,0.9000000000000004,0.5999999999999996,2.6,1.0,4.0,1.6,1.4,5.2,5.0,6.0,0.20000000000000018,0.7999999999999998,0.0,0.0,0.0,0.0,0.0,4.0,4.0,4.0,0.0,0.0,0.0,0.0,0.0,0.0,0.0,4.0,4.0,4.0,0.0,0.0
20,4,5,5,0.3,0.2,0.3,dense,True,20,20,20,4,5,5,20,Shared MILP,stability_one_token_per_prompt,radius_derived,5,"0,10,20,30,40",0.0,0.0,0.0,0.0,0.0,1.0,1.0,1.0,0.0,0.0,4.15,3.5,4.75,0.6500000000000004,0.5999999999999996,4.4,3.5,5.0,0.9000000000000004,0.5999999999999996,2.6,1.0,4.0,1.6,1.4,5.2,5.0,6.0,0.20000000000000018,0.7999999999999998,0.0,0.0,0.0,0.0,0.0,4.0,4.0,4.0,0.0,0.0,0.0,0.0,0.0,0.0,0.0,4.0,4.0,4.0,0.0,0.0
20,4,5,5,0.3,0.2,0.3,dense,True,20,20,20,4,5,5,0,Shared MILP,stability_full_sequence_per_prompt,radius_derived,5,"0,10,20,30,40",1.0,1.0,1.0,0.0,0.0,0.0,0.0,0.0,0.0,0.0,7.7,7.25,8.75,0.4500000000000002,1.0499999999999998,7.7,7.0,9.0,0.7000000000000002,1.2999999999999998,7.0,6.0,8.0,1.0,1.0,8.4,8.0,9.0,0.40000000000000036,0.5999999999999996,4.0,4.0,4.0,0.0,0.0,4.0,4.0,4.0,0.0,0.0,0.0,0.0,0.0,0.0,0.0,4.0,4.0,4.0,0.0,0.0
20,4,5,5,0.3,0.2,0.3,dense,True,20,20,20,4,5,5,1,Shared MILP,stability_full_sequence_per_prompt,radius_derived,5,"0,10,20,30,40",1.0,1.0,1.0,0.0,0.0,0.0,0.0,0.0,0.0,0.0,7.7,7.25,8.75,0.4500000000000002,1.0499999999999998,7.7,7.0,9.0,0.7000000000000002,1.2999999999999998,7.0,6.0,8.0,1.0,1.0,8.4,8.0,9.0,0.40000000000000036,0.5999999999999996,4.0,4.0,4.0,0.0,0.0,4.0,4.0,4.0,0.0,0.0,0.0,0.0,0.0,0.0,0.0,4.0,4.0,4.0,0.0,0.0
20,4,5,5,0.3,0.2,0.3,dense,True,20,20,20,4,5,5,2,Shared MILP,stability_full_sequence_per_prompt,radius_derived,5,"0,10,20,30,40",1.0,1.0,1.0,0.0,0.0,0.0,0.0,0.0,0.0,0.0,7.7,7.25,8.75,0.4500000000000002,1.0499999999999998,7.7,7.0,9.0,0.7000000000000002,1.2999999999999998,7.0,6.0,8.0,1.0,1.0,8.4,8.0,9.0,0.40000000000000036,0.5999999999999996,4.0,4.0,4.0,0.0,0.0,4.0,4.0,4.0,0.0,0.0,0.0,0.0,0.0,0.0,0.0,4.0,4.0,4.0,0.0,0.0
20,4,5,5,0.3,0.2,0.3,dense,True,20,20,20,4,5,5,3,Shared MILP,stability_full_sequence_per_prompt,radius_derived,5,"0,10,20,30,40",1.0,1.0,1.0,0.0,0.0,0.0,0.0,0.0,0.0,0.0,7.7,7.25,8.75,0.4500000000000002,1.0499999999999998,7.7,7.0,9.0,0.7000000000000002,1.2999999999999998,7.0,6.0,8.0,1.0,1.0,8.4,8.0,9.0,0.40000000000000036,0.5999999999999996,4.0,4.0,4.0,0.0,0.0,4.0,4.0,4.0,0.0,0.0,0.0,0.0,0.0,0.0,0.0,4.0,4.0,4.0,0.0,0.0
20,4,5,5,0.3,0.2,0.3,dense,True,20,20,20,4,5,5,4,Shared MILP,stability_full_sequence_per_prompt,radius_derived,5,"0,10,20,30,40",1.0,1.0,1.0,0.0,0.0,0.0,0.0,0.0,0.0,0.0,7.7,7.25,8.75,0.4500000000000002,1.0499999999999998,7.7,7.0,9.0,0.7000000000000002,1.2999999999999998,7.0,6.0,8.0,1.0,1.0,8.4,8.0,9.0,0.40000000000000036,0.5999999999999996,4.0,4.0,4.0,0.0,0.0,4.0,4.0,4.0,0.0,0.0,0.0,0.0,0.0,0.0,0.0,4.0,4.0,4.0,0.0,0.0
20,4,5,5,0.3,0.2,0.3,dense,True,20,20,20,4,5,5,5,Shared MILP,stability_full_sequence_per_prompt,radius_derived,5,"0,10,20,30,40",1.0,1.0,1.0,0.0,0.0,0.0,0.0,0.0,0.0,0.0,7.7,7.25,8.75,0.4500000000000002,1.0499999999999998,7.7,7.0,9.0,0.7000000000000002,1.2999999999999998,7.0,6.0,8.0,1.0,1.0,8.4,8.0,9.0,0.40000000000000036,0.5999999999999996,4.0,4.0,4.0,0.0,0.0,4.0,4.0,4.0,0.0,0.0,0.0,0.0,0.0,0.0,0.0,4.0,4.0,4.0,0.0,0.0
20,4,5,5,0.3,0.2,0.3,dense,True,20,20,20,4,5,5,6,Shared MILP,stability_full_sequence_per_prompt,radius_derived,5,"0,10,20,30,40",0.95,0.75,1.0,0.19999999999999996,0.050000000000000044,0.05,0.0,0.25,0.05,0.2,7.7,7.25,8.75,0.4500000000000002,1.0499999999999998,7.7,7.0,9.0,0.7000000000000002,1.2999999999999998,7.0,6.0,8.0,1.0,1.0,8.4,8.0,9.0,0.40000000000000036,0.5999999999999996,3.8,3.0,4.0,0.7999999999999998,0.20000000000000018,4.0,4.0,4.0,0.0,0.0,0.0,0.0,0.0,0.0,0.0,4.0,4.0,4.0,0.0,0.0
20,4,5,5,0.3,0.2,0.3,dense,True,20,20,20,4,5,5,7,Shared MILP,stability_full_sequence_per_prompt,radius_derived,5,"0,10,20,30,40",0.55,0.25,1.0,0.30000000000000004,0.44999999999999996,0.45,0.0,0.75,0.45,0.3,7.7,7.25,8.75,0.4500000000000002,1.0499999999999998,7.7,7.0,9.0,0.7000000000000002,1.2999999999999998,7.0,6.0,8.0,1.0,1.0,8.4,8.0,9.0,0.40000000000000036,0.5999999999999996,2.2,1.0,4.0,1.2000000000000002,1.7999999999999998,4.0,4.0,4.0,0.0,0.0,0.0,0.0,0.0,0.0,0.0,4.0,4.0,4.0,0.0,0.0
20,4,5,5,0.3,0.2,0.3,dense,True,20,20,20,4,5,5,8,Shared MILP,stability_full_sequence_per_prompt,radius_derived,5,"0,10,20,30,40",0.2,0.0,0.75,0.2,0.55,0.8,0.25,1.0,0.55,0.19999999999999996,7.7,7.25,8.75,0.4500000000000002,1.0499999999999998,7.7,7.0,9.0,0.7000000000000002,1.2999999999999998,7.0,6.0,8.0,1.0,1.0,8.4,8.0,9.0,0.40000000000000036,0.5999999999999996,0.8,0.0,3.0,0.8,2.2,4.0,4.0,4.0,0.0,0.0,0.0,0.0,0.0,0.0,0.0,4.0,4.0,4.0,0.0,0.0
20,4,5,5,0.3,0.2,0.3,dense,True,20,20,20,4,5,5,9,Shared MILP,stability_full_sequence_per_prompt,radius_derived,5,"0,10,20,30,40",0.0,0.0,0.0,0.0,0.0,1.0,1.0,1.0,0.0,0.0,7.7,7.25,8.75,0.4500000000000002,1.0499999999999998,7.7,7.0,9.0,0.7000000000000002,1.2999999999999998,7.0,6.0,8.0,1.0,1.0,8.4,8.0,9.0,0.40000000000000036,0.5999999999999996,0.0,0.0,0.0,0.0,0.0,4.0,4.0,4.0,0.0,0.0,0.0,0.0,0.0,0.0,0.0,4.0,4.0,4.0,0.0,0.0
20,4,5,5,0.3,0.2,0.3,dense,True,20,20,20,4,5,5,10,Shared MILP,stability_full_sequence_per_prompt,radius_derived,5,"0,10,20,30,40",0.0,0.0,0.0,0.0,0.0,1.0,1.0,1.0,0.0,0.0,7.7,7.25,8.75,0.4500000000000002,1.0499999999999998,7.7,7.0,9.0,0.7000000000000002,1.2999999999999998,7.0,6.0,8.0,1.0,1.0,8.4,8.0,9.0,0.40000000000000036,0.5999999999999996,0.0,0.0,0.0,0.0,0.0,4.0,4.0,4.0,0.0,0.0,0.0,0.0,0.0,0.0,0.0,4.0,4.0,4.0,0.0,0.0
20,4,5,5,0.3,0.2,0.3,dense,True,20,20,20,4,5,5,11,Shared MILP,stability_full_sequence_per_prompt,radius_derived,5,"0,10,20,30,40",0.0,0.0,0.0,0.0,0.0,1.0,1.0,1.0,0.0,0.0,7.7,7.25,8.75,0.4500000000000002,1.0499999999999998,7.7,7.0,9.0,0.7000000000000002,1.2999999999999998,7.0,6.0,8.0,1.0,1.0,8.4,8.0,9.0,0.40000000000000036,0.5999999999999996,0.0,0.0,0.0,0.0,0.0,4.0,4.0,4.0,0.0,0.0,0.0,0.0,0.0,0.0,0.0,4.0,4.0,4.0,0.0,0.0
20,4,5,5,0.3,0.2,0.3,dense,True,20,20,20,4,5,5,12,Shared MILP,stability_full_sequence_per_prompt,radius_derived,5,"0,10,20,30,40",0.0,0.0,0.0,0.0,0.0,1.0,1.0,1.0,0.0,0.0,7.7,7.25,8.75,0.4500000000000002,1.0499999999999998,7.7,7.0,9.0,0.7000000000000002,1.2999999999999998,7.0,6.0,8.0,1.0,1.0,8.4,8.0,9.0,0.40000000000000036,0.5999999999999996,0.0,0.0,0.0,0.0,0.0,4.0,4.0,4.0,0.0,0.0,0.0,0.0,0.0,0.0,0.0,4.0,4.0,4.0,0.0,0.0
20,4,5,5,0.3,0.2,0.3,dense,True,20,20,20,4,5,5,13,Shared MILP,stability_full_sequence_per_prompt,radius_derived,5,"0,10,20,30,40",0.0,0.0,0.0,0.0,0.0,1.0,1.0,1.0,0.0,0.0,7.7,7.25,8.75,0.4500000000000002,1.0499999999999998,7.7,7.0,9.0,0.7000000000000002,1.2999999999999998,7.0,6.0,8.0,1.0,1.0,8.4,8.0,9.0,0.40000000000000036,0.5999999999999996,0.0,0.0,0.0,0.0,0.0,4.0,4.0,4.0,0.0,0.0,0.0,0.0,0.0,0.0,0.0,4.0,4.0,4.0,0.0,0.0
20,4,5,5,0.3,0.2,0.3,dense,True,20,20,20,4,5,5,14,Shared MILP,stability_full_sequence_per_prompt,radius_derived,5,"0,10,20,30,40",0.0,0.0,0.0,0.0,0.0,1.0,1.0,1.0,0.0,0.0,7.7,7.25,8.75,0.4500000000000002,1.0499999999999998,7.7,7.0,9.0,0.7000000000000002,1.2999999999999998,7.0,6.0,8.0,1.0,1.0,8.4,8.0,9.0,0.40000000000000036,0.5999999999999996,0.0,0.0,0.0,0.0,0.0,4.0,4.0,4.0,0.0,0.0,0.0,0.0,0.0,0.0,0.0,4.0,4.0,4.0,0.0,0.0
20,4,5,5,0.3,0.2,0.3,dense,True,20,20,20,4,5,5,15,Shared MILP,stability_full_sequence_per_prompt,radius_derived,5,"0,10,20,30,40",0.0,0.0,0.0,0.0,0.0,1.0,1.0,1.0,0.0,0.0,7.7,7.25,8.75,0.4500000000000002,1.0499999999999998,7.7,7.0,9.0,0.7000000000000002,1.2999999999999998,7.0,6.0,8.0,1.0,1.0,8.4,8.0,9.0,0.40000000000000036,0.5999999999999996,0.0,0.0,0.0,0.0,0.0,4.0,4.0,4.0,0.0,0.0,0.0,0.0,0.0,0.0,0.0,4.0,4.0,4.0,0.0,0.0
20,4,5,5,0.3,0.2,0.3,dense,True,20,20,20,4,5,5,16,Shared MILP,stability_full_sequence_per_prompt,radius_derived,5,"0,10,20,30,40",0.0,0.0,0.0,0.0,0.0,1.0,1.0,1.0,0.0,0.0,7.7,7.25,8.75,0.4500000000000002,1.0499999999999998,7.7,7.0,9.0,0.7000000000000002,1.2999999999999998,7.0,6.0,8.0,1.0,1.0,8.4,8.0,9.0,0.40000000000000036,0.5999999999999996,0.0,0.0,0.0,0.0,0.0,4.0,4.0,4.0,0.0,0.0,0.0,0.0,0.0,0.0,0.0,4.0,4.0,4.0,0.0,0.0
20,4,5,5,0.3,0.2,0.3,dense,True,20,20,20,4,5,5,17,Shared MILP,stability_full_sequence_per_prompt,radius_derived,5,"0,10,20,30,40",0.0,0.0,0.0,0.0,0.0,1.0,1.0,1.0,0.0,0.0,7.7,7.25,8.75,0.4500000000000002,1.0499999999999998,7.7,7.0,9.0,0.7000000000000002,1.2999999999999998,7.0,6.0,8.0,1.0,1.0,8.4,8.0,9.0,0.40000000000000036,0.5999999999999996,0.0,0.0,0.0,0.0,0.0,4.0,4.0,4.0,0.0,0.0,0.0,0.0,0.0,0.0,0.0,4.0,4.0,4.0,0.0,0.0
20,4,5,5,0.3,0.2,0.3,dense,True,20,20,20,4,5,5,18,Shared MILP,stability_full_sequence_per_prompt,radius_derived,5,"0,10,20,30,40",0.0,0.0,0.0,0.0,0.0,1.0,1.0,1.0,0.0,0.0,7.7,7.25,8.75,0.4500000000000002,1.0499999999999998,7.7,7.0,9.0,0.7000000000000002,1.2999999999999998,7.0,6.0,8.0,1.0,1.0,8.4,8.0,9.0,0.40000000000000036,0.5999999999999996,0.0,0.0,0.0,0.0,0.0,4.0,4.0,4.0,0.0,0.0,0.0,0.0,0.0,0.0,0.0,4.0,4.0,4.0,0.0,0.0
20,4,5,5,0.3,0.2,0.3,dense,True,20,20,20,4,5,5,19,Shared MILP,stability_full_sequence_per_prompt,radius_derived,5,"0,10,20,30,40",0.0,0.0,0.0,0.0,0.0,1.0,1.0,1.0,0.0,0.0,7.7,7.25,8.75,0.4500000000000002,1.0499999999999998,7.7,7.0,9.0,0.7000000000000002,1.2999999999999998,7.0,6.0,8.0,1.0,1.0,8.4,8.0,9.0,0.40000000000000036,0.5999999999999996,0.0,0.0,0.0,0.0,0.0,4.0,4.0,4.0,0.0,0.0,0.0,0.0,0.0,0.0,0.0,4.0,4.0,4.0,0.0,0.0
20,4,5,5,0.3,0.2,0.3,dense,True,20,20,20,4,5,5,20,Shared MILP,stability_full_sequence_per_prompt,radius_derived,5,"0,10,20,30,40",0.0,0.0,0.0,0.0,0.0,1.0,1.0,1.0,0.0,0.0,7.7,7.25,8.75,0.4500000000000002,1.0499999999999998,7.7,7.0,9.0,0.7000000000000002,1.2999999999999998,7.0,6.0,8.0,1.0,1.0,8.4,8.0,9.0,0.40000000000000036,0.5999999999999996,0.0,0.0,0.0,0.0,0.0,4.0,4.0,4.0,0.0,0.0,0.0,0.0,0.0,0.0,0.0,4.0,4.0,4.0,0.0,0.0
20,4,5,5,0.3,0.2,0.3,dense,True,20,20,20,4,5,5,0,Plain DPA max token,validity_full_harmful_sequence_per_prompt,radius_derived,5,"0,10,20,30,40",1.0,1.0,1.0,0.0,0.0,0.0,0.0,0.0,0.0,0.0,4.55,3.5,6.75,1.0499999999999998,2.2,4.5,3.5,6.5,1.0,2.0,3.8,3.0,6.0,0.7999999999999998,2.2,5.4,4.0,8.0,1.4000000000000004,2.5999999999999996,4.0,4.0,4.0,0.0,0.0,4.0,4.0,4.0,0.0,0.0,0.0,0.0,0.0,0.0,0.0,4.0,4.0,4.0,0.0,0.0
20,4,5,5,0.3,0.2,0.3,dense,True,20,20,20,4,5,5,1,Plain DPA max token,validity_full_harmful_sequence_per_prompt,radius_derived,5,"0,10,20,30,40",1.0,1.0,1.0,0.0,0.0,0.0,0.0,0.0,0.0,0.0,4.55,3.5,6.75,1.0499999999999998,2.2,4.5,3.5,6.5,1.0,2.0,3.8,3.0,6.0,0.7999999999999998,2.2,5.4,4.0,8.0,1.4000000000000004,2.5999999999999996,4.0,4.0,4.0,0.0,0.0,4.0,4.0,4.0,0.0,0.0,0.0,0.0,0.0,0.0,0.0,4.0,4.0,4.0,0.0,0.0
20,4,5,5,0.3,0.2,0.3,dense,True,20,20,20,4,5,5,2,Plain DPA max token,validity_full_harmful_sequence_per_prompt,radius_derived,5,"0,10,20,30,40",1.0,1.0,1.0,0.0,0.0,0.0,0.0,0.0,0.0,0.0,4.55,3.5,6.75,1.0499999999999998,2.2,4.5,3.5,6.5,1.0,2.0,3.8,3.0,6.0,0.7999999999999998,2.2,5.4,4.0,8.0,1.4000000000000004,2.5999999999999996,4.0,4.0,4.0,0.0,0.0,4.0,4.0,4.0,0.0,0.0,0.0,0.0,0.0,0.0,0.0,4.0,4.0,4.0,0.0,0.0
20,4,5,5,0.3,0.2,0.3,dense,True,20,20,20,4,5,5,3,Plain DPA max token,validity_full_harmful_sequence_per_prompt,radius_derived,5,"0,10,20,30,40",0.8,0.5,1.0,0.30000000000000004,0.19999999999999996,0.2,0.0,0.5,0.2,0.3,4.55,3.5,6.75,1.0499999999999998,2.2,4.5,3.5,6.5,1.0,2.0,3.8,3.0,6.0,0.7999999999999998,2.2,5.4,4.0,8.0,1.4000000000000004,2.5999999999999996,3.2,2.0,4.0,1.2000000000000002,0.7999999999999998,4.0,4.0,4.0,0.0,0.0,0.0,0.0,0.0,0.0,0.0,4.0,4.0,4.0,0.0,0.0
20,4,5,5,0.3,0.2,0.3,dense,True,20,20,20,4,5,5,4,Plain DPA max token,validity_full_harmful_sequence_per_prompt,radius_derived,5,"0,10,20,30,40",0.4,0.0,1.0,0.4,0.6,0.6,0.0,1.0,0.6,0.4,4.55,3.5,6.75,1.0499999999999998,2.2,4.5,3.5,6.5,1.0,2.0,3.8,3.0,6.0,0.7999999999999998,2.2,5.4,4.0,8.0,1.4000000000000004,2.5999999999999996,1.6,0.0,4.0,1.6,2.4,4.0,4.0,4.0,0.0,0.0,0.0,0.0,0.0,0.0,0.0,4.0,4.0,4.0,0.0,0.0
20,4,5,5,0.3,0.2,0.3,dense,True,20,20,20,4,5,5,5,Plain DPA max token,validity_full_harmful_sequence_per_prompt,radius_derived,5,"0,10,20,30,40",0.2,0.0,1.0,0.2,0.8,0.8,0.0,1.0,0.8,0.19999999999999996,4.55,3.5,6.75,1.0499999999999998,2.2,4.5,3.5,6.5,1.0,2.0,3.8,3.0,6.0,0.7999999999999998,2.2,5.4,4.0,8.0,1.4000000000000004,2.5999999999999996,0.8,0.0,4.0,0.8,3.2,4.0,4.0,4.0,0.0,0.0,0.0,0.0,0.0,0.0,0.0,4.0,4.0,4.0,0.0,0.0
20,4,5,5,0.3,0.2,0.3,dense,True,20,20,20,4,5,5,6,Plain DPA max token,validity_full_harmful_sequence_per_prompt,radius_derived,5,"0,10,20,30,40",0.1,0.0,0.5,0.1,0.4,0.9,0.5,1.0,0.4,0.09999999999999998,4.55,3.5,6.75,1.0499999999999998,2.2,4.5,3.5,6.5,1.0,2.0,3.8,3.0,6.0,0.7999999999999998,2.2,5.4,4.0,8.0,1.4000000000000004,2.5999999999999996,0.4,0.0,2.0,0.4,1.6,4.0,4.0,4.0,0.0,0.0,0.0,0.0,0.0,0.0,0.0,4.0,4.0,4.0,0.0,0.0
20,4,5,5,0.3,0.2,0.3,dense,True,20,20,20,4,5,5,7,Plain DPA max token,validity_full_harmful_sequence_per_prompt,radius_derived,5,"0,10,20,30,40",0.05,0.0,0.25,0.05,0.2,0.95,0.75,1.0,0.19999999999999996,0.050000000000000044,4.55,3.5,6.75,1.0499999999999998,2.2,4.5,3.5,6.5,1.0,2.0,3.8,3.0,6.0,0.7999999999999998,2.2,5.4,4.0,8.0,1.4000000000000004,2.5999999999999996,0.2,0.0,1.0,0.2,0.8,4.0,4.0,4.0,0.0,0.0,0.0,0.0,0.0,0.0,0.0,4.0,4.0,4.0,0.0,0.0
20,4,5,5,0.3,0.2,0.3,dense,True,20,20,20,4,5,5,8,Plain DPA max token,validity_full_harmful_sequence_per_prompt,radius_derived,5,"0,10,20,30,40",0.0,0.0,0.0,0.0,0.0,1.0,1.0,1.0,0.0,0.0,4.55,3.5,6.75,1.0499999999999998,2.2,4.5,3.5,6.5,1.0,2.0,3.8,3.0,6.0,0.7999999999999998,2.2,5.4,4.0,8.0,1.4000000000000004,2.5999999999999996,0.0,0.0,0.0,0.0,0.0,4.0,4.0,4.0,0.0,0.0,0.0,0.0,0.0,0.0,0.0,4.0,4.0,4.0,0.0,0.0
20,4,5,5,0.3,0.2,0.3,dense,True,20,20,20,4,5,5,9,Plain DPA max token,validity_full_harmful_sequence_per_prompt,radius_derived,5,"0,10,20,30,40",0.0,0.0,0.0,0.0,0.0,1.0,1.0,1.0,0.0,0.0,4.55,3.5,6.75,1.0499999999999998,2.2,4.5,3.5,6.5,1.0,2.0,3.8,3.0,6.0,0.7999999999999998,2.2,5.4,4.0,8.0,1.4000000000000004,2.5999999999999996,0.0,0.0,0.0,0.0,0.0,4.0,4.0,4.0,0.0,0.0,0.0,0.0,0.0,0.0,0.0,4.0,4.0,4.0,0.0,0.0
20,4,5,5,0.3,0.2,0.3,dense,True,20,20,20,4,5,5,10,Plain DPA max token,validity_full_harmful_sequence_per_prompt,radius_derived,5,"0,10,20,30,40",0.0,0.0,0.0,0.0,0.0,1.0,1.0,1.0,0.0,0.0,4.55,3.5,6.75,1.0499999999999998,2.2,4.5,3.5,6.5,1.0,2.0,3.8,3.0,6.0,0.7999999999999998,2.2,5.4,4.0,8.0,1.4000000000000004,2.5999999999999996,0.0,0.0,0.0,0.0,0.0,4.0,4.0,4.0,0.0,0.0,0.0,0.0,0.0,0.0,0.0,4.0,4.0,4.0,0.0,0.0
20,4,5,5,0.3,0.2,0.3,dense,True,20,20,20,4,5,5,11,Plain DPA max token,validity_full_harmful_sequence_per_prompt,radius_derived,5,"0,10,20,30,40",0.0,0.0,0.0,0.0,0.0,1.0,1.0,1.0,0.0,0.0,4.55,3.5,6.75,1.0499999999999998,2.2,4.5,3.5,6.5,1.0,2.0,3.8,3.0,6.0,0.7999999999999998,2.2,5.4,4.0,8.0,1.4000000000000004,2.5999999999999996,0.0,0.0,0.0,0.0,0.0,4.0,4.0,4.0,0.0,0.0,0.0,0.0,0.0,0.0,0.0,4.0,4.0,4.0,0.0,0.0
20,4,5,5,0.3,0.2,0.3,dense,True,20,20,20,4,5,5,12,Plain DPA max token,validity_full_harmful_sequence_per_prompt,radius_derived,5,"0,10,20,30,40",0.0,0.0,0.0,0.0,0.0,1.0,1.0,1.0,0.0,0.0,4.55,3.5,6.75,1.0499999999999998,2.2,4.5,3.5,6.5,1.0,2.0,3.8,3.0,6.0,0.7999999999999998,2.2,5.4,4.0,8.0,1.4000000000000004,2.5999999999999996,0.0,0.0,0.0,0.0,0.0,4.0,4.0,4.0,0.0,0.0,0.0,0.0,0.0,0.0,0.0,4.0,4.0,4.0,0.0,0.0
20,4,5,5,0.3,0.2,0.3,dense,True,20,20,20,4,5,5,13,Plain DPA max token,validity_full_harmful_sequence_per_prompt,radius_derived,5,"0,10,20,30,40",0.0,0.0,0.0,0.0,0.0,1.0,1.0,1.0,0.0,0.0,4.55,3.5,6.75,1.0499999999999998,2.2,4.5,3.5,6.5,1.0,2.0,3.8,3.0,6.0,0.7999999999999998,2.2,5.4,4.0,8.0,1.4000000000000004,2.5999999999999996,0.0,0.0,0.0,0.0,0.0,4.0,4.0,4.0,0.0,0.0,0.0,0.0,0.0,0.0,0.0,4.0,4.0,4.0,0.0,0.0
20,4,5,5,0.3,0.2,0.3,dense,True,20,20,20,4,5,5,14,Plain DPA max token,validity_full_harmful_sequence_per_prompt,radius_derived,5,"0,10,20,30,40",0.0,0.0,0.0,0.0,0.0,1.0,1.0,1.0,0.0,0.0,4.55,3.5,6.75,1.0499999999999998,2.2,4.5,3.5,6.5,1.0,2.0,3.8,3.0,6.0,0.7999999999999998,2.2,5.4,4.0,8.0,1.4000000000000004,2.5999999999999996,0.0,0.0,0.0,0.0,0.0,4.0,4.0,4.0,0.0,0.0,0.0,0.0,0.0,0.0,0.0,4.0,4.0,4.0,0.0,0.0
20,4,5,5,0.3,0.2,0.3,dense,True,20,20,20,4,5,5,15,Plain DPA max token,validity_full_harmful_sequence_per_prompt,radius_derived,5,"0,10,20,30,40",0.0,0.0,0.0,0.0,0.0,1.0,1.0,1.0,0.0,0.0,4.55,3.5,6.75,1.0499999999999998,2.2,4.5,3.5,6.5,1.0,2.0,3.8,3.0,6.0,0.7999999999999998,2.2,5.4,4.0,8.0,1.4000000000000004,2.5999999999999996,0.0,0.0,0.0,0.0,0.0,4.0,4.0,4.0,0.0,0.0,0.0,0.0,0.0,0.0,0.0,4.0,4.0,4.0,0.0,0.0
20,4,5,5,0.3,0.2,0.3,dense,True,20,20,20,4,5,5,16,Plain DPA max token,validity_full_harmful_sequence_per_prompt,radius_derived,5,"0,10,20,30,40",0.0,0.0,0.0,0.0,0.0,1.0,1.0,1.0,0.0,0.0,4.55,3.5,6.75,1.0499999999999998,2.2,4.5,3.5,6.5,1.0,2.0,3.8,3.0,6.0,0.7999999999999998,2.2,5.4,4.0,8.0,1.4000000000000004,2.5999999999999996,0.0,0.0,0.0,0.0,0.0,4.0,4.0,4.0,0.0,0.0,0.0,0.0,0.0,0.0,0.0,4.0,4.0,4.0,0.0,0.0
20,4,5,5,0.3,0.2,0.3,dense,True,20,20,20,4,5,5,17,Plain DPA max token,validity_full_harmful_sequence_per_prompt,radius_derived,5,"0,10,20,30,40",0.0,0.0,0.0,0.0,0.0,1.0,1.0,1.0,0.0,0.0,4.55,3.5,6.75,1.0499999999999998,2.2,4.5,3.5,6.5,1.0,2.0,3.8,3.0,6.0,0.7999999999999998,2.2,5.4,4.0,8.0,1.4000000000000004,2.5999999999999996,0.0,0.0,0.0,0.0,0.0,4.0,4.0,4.0,0.0,0.0,0.0,0.0,0.0,0.0,0.0,4.0,4.0,4.0,0.0,0.0
20,4,5,5,0.3,0.2,0.3,dense,True,20,20,20,4,5,5,18,Plain DPA max token,validity_full_harmful_sequence_per_prompt,radius_derived,5,"0,10,20,30,40",0.0,0.0,0.0,0.0,0.0,1.0,1.0,1.0,0.0,0.0,4.55,3.5,6.75,1.0499999999999998,2.2,4.5,3.5,6.5,1.0,2.0,3.8,3.0,6.0,0.7999999999999998,2.2,5.4,4.0,8.0,1.4000000000000004,2.5999999999999996,0.0,0.0,0.0,0.0,0.0,4.0,4.0,4.0,0.0,0.0,0.0,0.0,0.0,0.0,0.0,4.0,4.0,4.0,0.0,0.0
20,4,5,5,0.3,0.2,0.3,dense,True,20,20,20,4,5,5,19,Plain DPA max token,validity_full_harmful_sequence_per_prompt,radius_derived,5,"0,10,20,30,40",0.0,0.0,0.0,0.0,0.0,1.0,1.0,1.0,0.0,0.0,4.55,3.5,6.75,1.0499999999999998,2.2,4.5,3.5,6.5,1.0,2.0,3.8,3.0,6.0,0.7999999999999998,2.2,5.4,4.0,8.0,1.4000000000000004,2.5999999999999996,0.0,0.0,0.0,0.0,0.0,4.0,4.0,4.0,0.0,0.0,0.0,0.0,0.0,0.0,0.0,4.0,4.0,4.0,0.0,0.0
20,4,5,5,0.3,0.2,0.3,dense,True,20,20,20,4,5,5,20,Plain DPA max token,validity_full_harmful_sequence_per_prompt,radius_derived,5,"0,10,20,30,40",0.0,0.0,0.0,0.0,0.0,1.0,1.0,1.0,0.0,0.0,4.55,3.5,6.75,1.0499999999999998,2.2,4.5,3.5,6.5,1.0,2.0,3.8,3.0,6.0,0.7999999999999998,2.2,5.4,4.0,8.0,1.4000000000000004,2.5999999999999996,0.0,0.0,0.0,0.0,0.0,4.0,4.0,4.0,0.0,0.0,0.0,0.0,0.0,0.0,0.0,4.0,4.0,4.0,0.0,0.0
20,4,5,5,0.3,0.2,0.3,dense,True,20,20,20,4,5,5,0,Shard-aware weakest-token diagnostic,weakest_harmful_token_not_full_sequence_validity,radius_derived,5,"0,10,20,30,40",0.4,0.0,0.75,0.4,0.35,0.6,0.25,1.0,0.35,0.4,0.45,0.0,0.75,0.45,0.3,0.4,0.0,1.0,0.4,0.6,0.0,0.0,0.0,0.0,0.0,1.0,0.0,2.0,1.0,1.0,1.6,0.0,3.0,1.6,1.4,4.0,4.0,4.0,0.0,0.0,0.0,0.0,0.0,0.0,0.0,4.0,4.0,4.0,0.0,0.0
20,4,5,5,0.3,0.2,0.3,dense,True,20,20,20,4,5,5,1,Shard-aware weakest-token diagnostic,weakest_harmful_token_not_full_sequence_validity,radius_derived,5,"0,10,20,30,40",0.05,0.0,0.25,0.05,0.2,0.95,0.75,1.0,0.19999999999999996,0.050000000000000044,0.45,0.0,0.75,0.45,0.3,0.4,0.0,1.0,0.4,0.6,0.0,0.0,0.0,0.0,0.0,1.0,0.0,2.0,1.0,1.0,0.2,0.0,1.0,0.2,0.8,4.0,4.0,4.0,0.0,0.0,0.0,0.0,0.0,0.0,0.0,4.0,4.0,4.0,0.0,0.0
20,4,5,5,0.3,0.2,0.3,dense,True,20,20,20,4,5,5,2,Shard-aware weakest-token diagnostic,weakest_harmful_token_not_full_sequence_validity,radius_derived,5,"0,10,20,30,40",0.0,0.0,0.0,0.0,0.0,1.0,1.0,1.0,0.0,0.0,0.45,0.0,0.75,0.45,0.3,0.4,0.0,1.0,0.4,0.6,0.0,0.0,0.0,0.0,0.0,1.0,0.0,2.0,1.0,1.0,0.0,0.0,0.0,0.0,0.0,4.0,4.0,4.0,0.0,0.0,0.0,0.0,0.0,0.0,0.0,4.0,4.0,4.0,0.0,0.0
20,4,5,5,0.3,0.2,0.3,dense,True,20,20,20,4,5,5,3,Shard-aware weakest-token diagnostic,weakest_harmful_token_not_full_sequence_validity,radius_derived,5,"0,10,20,30,40",0.0,0.0,0.0,0.0,0.0,1.0,1.0,1.0,0.0,0.0,0.45,0.0,0.75,0.45,0.3,0.4,0.0,1.0,0.4,0.6,0.0,0.0,0.0,0.0,0.0,1.0,0.0,2.0,1.0,1.0,0.0,0.0,0.0,0.0,0.0,4.0,4.0,4.0,0.0,0.0,0.0,0.0,0.0,0.0,0.0,4.0,4.0,4.0,0.0,0.0
20,4,5,5,0.3,0.2,0.3,dense,True,20,20,20,4,5,5,4,Shard-aware weakest-token diagnostic,weakest_harmful_token_not_full_sequence_validity,radius_derived,5,"0,10,20,30,40",0.0,0.0,0.0,0.0,0.0,1.0,1.0,1.0,0.0,0.0,0.45,0.0,0.75,0.45,0.3,0.4,0.0,1.0,0.4,0.6,0.0,0.0,0.0,0.0,0.0,1.0,0.0,2.0,1.0,1.0,0.0,0.0,0.0,0.0,0.0,4.0,4.0,4.0,0.0,0.0,0.0,0.0,0.0,0.0,0.0,4.0,4.0,4.0,0.0,0.0
20,4,5,5,0.3,0.2,0.3,dense,True,20,20,20,4,5,5,5,Shard-aware weakest-token diagnostic,weakest_harmful_token_not_full_sequence_validity,radius_derived,5,"0,10,20,30,40",0.0,0.0,0.0,0.0,0.0,1.0,1.0,1.0,0.0,0.0,0.45,0.0,0.75,0.45,0.3,0.4,0.0,1.0,0.4,0.6,0.0,0.0,0.0,0.0,0.0,1.0,0.0,2.0,1.0,1.0,0.0,0.0,0.0,0.0,0.0,4.0,4.0,4.0,0.0,0.0,0.0,0.0,0.0,0.0,0.0,4.0,4.0,4.0,0.0,0.0
20,4,5,5,0.3,0.2,0.3,dense,True,20,20,20,4,5,5,6,Shard-aware weakest-token diagnostic,weakest_harmful_token_not_full_sequence_validity,radius_derived,5,"0,10,20,30,40",0.0,0.0,0.0,0.0,0.0,1.0,1.0,1.0,0.0,0.0,0.45,0.0,0.75,0.45,0.3,0.4,0.0,1.0,0.4,0.6,0.0,0.0,0.0,0.0,0.0,1.0,0.0,2.0,1.0,1.0,0.0,0.0,0.0,0.0,0.0,4.0,4.0,4.0,0.0,0.0,0.0,0.0,0.0,0.0,0.0,4.0,4.0,4.0,0.0,0.0
20,4,5,5,0.3,0.2,0.3,dense,True,20,20,20,4,5,5,7,Shard-aware weakest-token diagnostic,weakest_harmful_token_not_full_sequence_validity,radius_derived,5,"0,10,20,30,40",0.0,0.0,0.0,0.0,0.0,1.0,1.0,1.0,0.0,0.0,0.45,0.0,0.75,0.45,0.3,0.4,0.0,1.0,0.4,0.6,0.0,0.0,0.0,0.0,0.0,1.0,0.0,2.0,1.0,1.0,0.0,0.0,0.0,0.0,0.0,4.0,4.0,4.0,0.0,0.0,0.0,0.0,0.0,0.0,0.0,4.0,4.0,4.0,0.0,0.0
20,4,5,5,0.3,0.2,0.3,dense,True,20,20,20,4,5,5,8,Shard-aware weakest-token diagnostic,weakest_harmful_token_not_full_sequence_validity,radius_derived,5,"0,10,20,30,40",0.0,0.0,0.0,0.0,0.0,1.0,1.0,1.0,0.0,0.0,0.45,0.0,0.75,0.45,0.3,0.4,0.0,1.0,0.4,0.6,0.0,0.0,0.0,0.0,0.0,1.0,0.0,2.0,1.0,1.0,0.0,0.0,0.0,0.0,0.0,4.0,4.0,4.0,0.0,0.0,0.0,0.0,0.0,0.0,0.0,4.0,4.0,4.0,0.0,0.0
20,4,5,5,0.3,0.2,0.3,dense,True,20,20,20,4,5,5,9,Shard-aware weakest-token diagnostic,weakest_harmful_token_not_full_sequence_validity,radius_derived,5,"0,10,20,30,40",0.0,0.0,0.0,0.0,0.0,1.0,1.0,1.0,0.0,0.0,0.45,0.0,0.75,0.45,0.3,0.4,0.0,1.0,0.4,0.6,0.0,0.0,0.0,0.0,0.0,1.0,0.0,2.0,1.0,1.0,0.0,0.0,0.0,0.0,0.0,4.0,4.0,4.0,0.0,0.0,0.0,0.0,0.0,0.0,0.0,4.0,4.0,4.0,0.0,0.0
20,4,5,5,0.3,0.2,0.3,dense,True,20,20,20,4,5,5,10,Shard-aware weakest-token diagnostic,weakest_harmful_token_not_full_sequence_validity,radius_derived,5,"0,10,20,30,40",0.0,0.0,0.0,0.0,0.0,1.0,1.0,1.0,0.0,0.0,0.45,0.0,0.75,0.45,0.3,0.4,0.0,1.0,0.4,0.6,0.0,0.0,0.0,0.0,0.0,1.0,0.0,2.0,1.0,1.0,0.0,0.0,0.0,0.0,0.0,4.0,4.0,4.0,0.0,0.0,0.0,0.0,0.0,0.0,0.0,4.0,4.0,4.0,0.0,0.0
20,4,5,5,0.3,0.2,0.3,dense,True,20,20,20,4,5,5,11,Shard-aware weakest-token diagnostic,weakest_harmful_token_not_full_sequence_validity,radius_derived,5,"0,10,20,30,40",0.0,0.0,0.0,0.0,0.0,1.0,1.0,1.0,0.0,0.0,0.45,0.0,0.75,0.45,0.3,0.4,0.0,1.0,0.4,0.6,0.0,0.0,0.0,0.0,0.0,1.0,0.0,2.0,1.0,1.0,0.0,0.0,0.0,0.0,0.0,4.0,4.0,4.0,0.0,0.0,0.0,0.0,0.0,0.0,0.0,4.0,4.0,4.0,0.0,0.0
20,4,5,5,0.3,0.2,0.3,dense,True,20,20,20,4,5,5,12,Shard-aware weakest-token diagnostic,weakest_harmful_token_not_full_sequence_validity,radius_derived,5,"0,10,20,30,40",0.0,0.0,0.0,0.0,0.0,1.0,1.0,1.0,0.0,0.0,0.45,0.0,0.75,0.45,0.3,0.4,0.0,1.0,0.4,0.6,0.0,0.0,0.0,0.0,0.0,1.0,0.0,2.0,1.0,1.0,0.0,0.0,0.0,0.0,0.0,4.0,4.0,4.0,0.0,0.0,0.0,0.0,0.0,0.0,0.0,4.0,4.0,4.0,0.0,0.0
20,4,5,5,0.3,0.2,0.3,dense,True,20,20,20,4,5,5,13,Shard-aware weakest-token diagnostic,weakest_harmful_token_not_full_sequence_validity,radius_derived,5,"0,10,20,30,40",0.0,0.0,0.0,0.0,0.0,1.0,1.0,1.0,0.0,0.0,0.45,0.0,0.75,0.45,0.3,0.4,0.0,1.0,0.4,0.6,0.0,0.0,0.0,0.0,0.0,1.0,0.0,2.0,1.0,1.0,0.0,0.0,0.0,0.0,0.0,4.0,4.0,4.0,0.0,0.0,0.0,0.0,0.0,0.0,0.0,4.0,4.0,4.0,0.0,0.0
20,4,5,5,0.3,0.2,0.3,dense,True,20,20,20,4,5,5,14,Shard-aware weakest-token diagnostic,weakest_harmful_token_not_full_sequence_validity,radius_derived,5,"0,10,20,30,40",0.0,0.0,0.0,0.0,0.0,1.0,1.0,1.0,0.0,0.0,0.45,0.0,0.75,0.45,0.3,0.4,0.0,1.0,0.4,0.6,0.0,0.0,0.0,0.0,0.0,1.0,0.0,2.0,1.0,1.0,0.0,0.0,0.0,0.0,0.0,4.0,4.0,4.0,0.0,0.0,0.0,0.0,0.0,0.0,0.0,4.0,4.0,4.0,0.0,0.0
20,4,5,5,0.3,0.2,0.3,dense,True,20,20,20,4,5,5,15,Shard-aware weakest-token diagnostic,weakest_harmful_token_not_full_sequence_validity,radius_derived,5,"0,10,20,30,40",0.0,0.0,0.0,0.0,0.0,1.0,1.0,1.0,0.0,0.0,0.45,0.0,0.75,0.45,0.3,0.4,0.0,1.0,0.4,0.6,0.0,0.0,0.0,0.0,0.0,1.0,0.0,2.0,1.0,1.0,0.0,0.0,0.0,0.0,0.0,4.0,4.0,4.0,0.0,0.0,0.0,0.0,0.0,0.0,0.0,4.0,4.0,4.0,0.0,0.0
20,4,5,5,0.3,0.2,0.3,dense,True,20,20,20,4,5,5,16,Shard-aware weakest-token diagnostic,weakest_harmful_token_not_full_sequence_validity,radius_derived,5,"0,10,20,30,40",0.0,0.0,0.0,0.0,0.0,1.0,1.0,1.0,0.0,0.0,0.45,0.0,0.75,0.45,0.3,0.4,0.0,1.0,0.4,0.6,0.0,0.0,0.0,0.0,0.0,1.0,0.0,2.0,1.0,1.0,0.0,0.0,0.0,0.0,0.0,4.0,4.0,4.0,0.0,0.0,0.0,0.0,0.0,0.0,0.0,4.0,4.0,4.0,0.0,0.0
20,4,5,5,0.3,0.2,0.3,dense,True,20,20,20,4,5,5,17,Shard-aware weakest-token diagnostic,weakest_harmful_token_not_full_sequence_validity,radius_derived,5,"0,10,20,30,40",0.0,0.0,0.0,0.0,0.0,1.0,1.0,1.0,0.0,0.0,0.45,0.0,0.75,0.45,0.3,0.4,0.0,1.0,0.4,0.6,0.0,0.0,0.0,0.0,0.0,1.0,0.0,2.0,1.0,1.0,0.0,0.0,0.0,0.0,0.0,4.0,4.0,4.0,0.0,0.0,0.0,0.0,0.0,0.0,0.0,4.0,4.0,4.0,0.0,0.0
20,4,5,5,0.3,0.2,0.3,dense,True,20,20,20,4,5,5,18,Shard-aware weakest-token diagnostic,weakest_harmful_token_not_full_sequence_validity,radius_derived,5,"0,10,20,30,40",0.0,0.0,0.0,0.0,0.0,1.0,1.0,1.0,0.0,0.0,0.45,0.0,0.75,0.45,0.3,0.4,0.0,1.0,0.4,0.6,0.0,0.0,0.0,0.0,0.0,1.0,0.0,2.0,1.0,1.0,0.0,0.0,0.0,0.0,0.0,4.0,4.0,4.0,0.0,0.0,0.0,0.0,0.0,0.0,0.0,4.0,4.0,4.0,0.0,0.0
20,4,5,5,0.3,0.2,0.3,dense,True,20,20,20,4,5,5,19,Shard-aware weakest-token diagnostic,weakest_harmful_token_not_full_sequence_validity,radius_derived,5,"0,10,20,30,40",0.0,0.0,0.0,0.0,0.0,1.0,1.0,1.0,0.0,0.0,0.45,0.0,0.75,0.45,0.3,0.4,0.0,1.0,0.4,0.6,0.0,0.0,0.0,0.0,0.0,1.0,0.0,2.0,1.0,1.0,0.0,0.0,0.0,0.0,0.0,4.0,4.0,4.0,0.0,0.0,0.0,0.0,0.0,0.0,0.0,4.0,4.0,4.0,0.0,0.0
20,4,5,5,0.3,0.2,0.3,dense,True,20,20,20,4,5,5,20,Shard-aware weakest-token diagnostic,weakest_harmful_token_not_full_sequence_validity,radius_derived,5,"0,10,20,30,40",0.0,0.0,0.0,0.0,0.0,1.0,1.0,1.0,0.0,0.0,0.45,0.0,0.75,0.45,0.3,0.4,0.0,1.0,0.4,0.6,0.0,0.0,0.0,0.0,0.0,1.0,0.0,2.0,1.0,1.0,0.0,0.0,0.0,0.0,0.0,4.0,4.0,4.0,0.0,0.0,0.0,0.0,0.0,0.0,0.0,4.0,4.0,4.0,0.0,0.0
20,4,5,5,0.3,0.2,0.3,dense,True,20,20,20,4,5,5,0,Shard-aware independent max-token diagnostic,most_difficult_harmful_token_not_full_sequence_validity,radius_derived,5,"0,10,20,30,40",1.0,1.0,1.0,0.0,0.0,0.0,0.0,0.0,0.0,0.0,4.55,3.5,6.75,1.0499999999999998,2.2,4.5,3.5,6.5,1.0,2.0,3.8,3.0,6.0,0.7999999999999998,2.2,5.4,4.0,8.0,1.4000000000000004,2.5999999999999996,4.0,4.0,4.0,0.0,0.0,4.0,4.0,4.0,0.0,0.0,0.0,0.0,0.0,0.0,0.0,4.0,4.0,4.0,0.0,0.0
20,4,5,5,0.3,0.2,0.3,dense,True,20,20,20,4,5,5,1,Shard-aware independent max-token diagnostic,most_difficult_harmful_token_not_full_sequence_validity,radius_derived,5,"0,10,20,30,40",1.0,1.0,1.0,0.0,0.0,0.0,0.0,0.0,0.0,0.0,4.55,3.5,6.75,1.0499999999999998,2.2,4.5,3.5,6.5,1.0,2.0,3.8,3.0,6.0,0.7999999999999998,2.2,5.4,4.0,8.0,1.4000000000000004,2.5999999999999996,4.0,4.0,4.0,0.0,0.0,4.0,4.0,4.0,0.0,0.0,0.0,0.0,0.0,0.0,0.0,4.0,4.0,4.0,0.0,0.0
20,4,5,5,0.3,0.2,0.3,dense,True,20,20,20,4,5,5,2,Shard-aware independent max-token diagnostic,most_difficult_harmful_token_not_full_sequence_validity,radius_derived,5,"0,10,20,30,40",1.0,1.0,1.0,0.0,0.0,0.0,0.0,0.0,0.0,0.0,4.55,3.5,6.75,1.0499999999999998,2.2,4.5,3.5,6.5,1.0,2.0,3.8,3.0,6.0,0.7999999999999998,2.2,5.4,4.0,8.0,1.4000000000000004,2.5999999999999996,4.0,4.0,4.0,0.0,0.0,4.0,4.0,4.0,0.0,0.0,0.0,0.0,0.0,0.0,0.0,4.0,4.0,4.0,0.0,0.0
20,4,5,5,0.3,0.2,0.3,dense,True,20,20,20,4,5,5,3,Shard-aware independent max-token diagnostic,most_difficult_harmful_token_not_full_sequence_validity,radius_derived,5,"0,10,20,30,40",0.8,0.5,1.0,0.30000000000000004,0.19999999999999996,0.2,0.0,0.5,0.2,0.3,4.55,3.5,6.75,1.0499999999999998,2.2,4.5,3.5,6.5,1.0,2.0,3.8,3.0,6.0,0.7999999999999998,2.2,5.4,4.0,8.0,1.4000000000000004,2.5999999999999996,3.2,2.0,4.0,1.2000000000000002,0.7999999999999998,4.0,4.0,4.0,0.0,0.0,0.0,0.0,0.0,0.0,0.0,4.0,4.0,4.0,0.0,0.0
20,4,5,5,0.3,0.2,0.3,dense,True,20,20,20,4,5,5,4,Shard-aware independent max-token diagnostic,most_difficult_harmful_token_not_full_sequence_validity,radius_derived,5,"0,10,20,30,40",0.4,0.0,1.0,0.4,0.6,0.6,0.0,1.0,0.6,0.4,4.55,3.5,6.75,1.0499999999999998,2.2,4.5,3.5,6.5,1.0,2.0,3.8,3.0,6.0,0.7999999999999998,2.2,5.4,4.0,8.0,1.4000000000000004,2.5999999999999996,1.6,0.0,4.0,1.6,2.4,4.0,4.0,4.0,0.0,0.0,0.0,0.0,0.0,0.0,0.0,4.0,4.0,4.0,0.0,0.0
20,4,5,5,0.3,0.2,0.3,dense,True,20,20,20,4,5,5,5,Shard-aware independent max-token diagnostic,most_difficult_harmful_token_not_full_sequence_validity,radius_derived,5,"0,10,20,30,40",0.2,0.0,1.0,0.2,0.8,0.8,0.0,1.0,0.8,0.19999999999999996,4.55,3.5,6.75,1.0499999999999998,2.2,4.5,3.5,6.5,1.0,2.0,3.8,3.0,6.0,0.7999999999999998,2.2,5.4,4.0,8.0,1.4000000000000004,2.5999999999999996,0.8,0.0,4.0,0.8,3.2,4.0,4.0,4.0,0.0,0.0,0.0,0.0,0.0,0.0,0.0,4.0,4.0,4.0,0.0,0.0
20,4,5,5,0.3,0.2,0.3,dense,True,20,20,20,4,5,5,6,Shard-aware independent max-token diagnostic,most_difficult_harmful_token_not_full_sequence_validity,radius_derived,5,"0,10,20,30,40",0.1,0.0,0.5,0.1,0.4,0.9,0.5,1.0,0.4,0.09999999999999998,4.55,3.5,6.75,1.0499999999999998,2.2,4.5,3.5,6.5,1.0,2.0,3.8,3.0,6.0,0.7999999999999998,2.2,5.4,4.0,8.0,1.4000000000000004,2.5999999999999996,0.4,0.0,2.0,0.4,1.6,4.0,4.0,4.0,0.0,0.0,0.0,0.0,0.0,0.0,0.0,4.0,4.0,4.0,0.0,0.0
20,4,5,5,0.3,0.2,0.3,dense,True,20,20,20,4,5,5,7,Shard-aware independent max-token diagnostic,most_difficult_harmful_token_not_full_sequence_validity,radius_derived,5,"0,10,20,30,40",0.05,0.0,0.25,0.05,0.2,0.95,0.75,1.0,0.19999999999999996,0.050000000000000044,4.55,3.5,6.75,1.0499999999999998,2.2,4.5,3.5,6.5,1.0,2.0,3.8,3.0,6.0,0.7999999999999998,2.2,5.4,4.0,8.0,1.4000000000000004,2.5999999999999996,0.2,0.0,1.0,0.2,0.8,4.0,4.0,4.0,0.0,0.0,0.0,0.0,0.0,0.0,0.0,4.0,4.0,4.0,0.0,0.0
20,4,5,5,0.3,0.2,0.3,dense,True,20,20,20,4,5,5,8,Shard-aware independent max-token diagnostic,most_difficult_harmful_token_not_full_sequence_validity,radius_derived,5,"0,10,20,30,40",0.0,0.0,0.0,0.0,0.0,1.0,1.0,1.0,0.0,0.0,4.55,3.5,6.75,1.0499999999999998,2.2,4.5,3.5,6.5,1.0,2.0,3.8,3.0,6.0,0.7999999999999998,2.2,5.4,4.0,8.0,1.4000000000000004,2.5999999999999996,0.0,0.0,0.0,0.0,0.0,4.0,4.0,4.0,0.0,0.0,0.0,0.0,0.0,0.0,0.0,4.0,4.0,4.0,0.0,0.0
20,4,5,5,0.3,0.2,0.3,dense,True,20,20,20,4,5,5,9,Shard-aware independent max-token diagnostic,most_difficult_harmful_token_not_full_sequence_validity,radius_derived,5,"0,10,20,30,40",0.0,0.0,0.0,0.0,0.0,1.0,1.0,1.0,0.0,0.0,4.55,3.5,6.75,1.0499999999999998,2.2,4.5,3.5,6.5,1.0,2.0,3.8,3.0,6.0,0.7999999999999998,2.2,5.4,4.0,8.0,1.4000000000000004,2.5999999999999996,0.0,0.0,0.0,0.0,0.0,4.0,4.0,4.0,0.0,0.0,0.0,0.0,0.0,0.0,0.0,4.0,4.0,4.0,0.0,0.0
20,4,5,5,0.3,0.2,0.3,dense,True,20,20,20,4,5,5,10,Shard-aware independent max-token diagnostic,most_difficult_harmful_token_not_full_sequence_validity,radius_derived,5,"0,10,20,30,40",0.0,0.0,0.0,0.0,0.0,1.0,1.0,1.0,0.0,0.0,4.55,3.5,6.75,1.0499999999999998,2.2,4.5,3.5,6.5,1.0,2.0,3.8,3.0,6.0,0.7999999999999998,2.2,5.4,4.0,8.0,1.4000000000000004,2.5999999999999996,0.0,0.0,0.0,0.0,0.0,4.0,4.0,4.0,0.0,0.0,0.0,0.0,0.0,0.0,0.0,4.0,4.0,4.0,0.0,0.0
20,4,5,5,0.3,0.2,0.3,dense,True,20,20,20,4,5,5,11,Shard-aware independent max-token diagnostic,most_difficult_harmful_token_not_full_sequence_validity,radius_derived,5,"0,10,20,30,40",0.0,0.0,0.0,0.0,0.0,1.0,1.0,1.0,0.0,0.0,4.55,3.5,6.75,1.0499999999999998,2.2,4.5,3.5,6.5,1.0,2.0,3.8,3.0,6.0,0.7999999999999998,2.2,5.4,4.0,8.0,1.4000000000000004,2.5999999999999996,0.0,0.0,0.0,0.0,0.0,4.0,4.0,4.0,0.0,0.0,0.0,0.0,0.0,0.0,0.0,4.0,4.0,4.0,0.0,0.0
20,4,5,5,0.3,0.2,0.3,dense,True,20,20,20,4,5,5,12,Shard-aware independent max-token diagnostic,most_difficult_harmful_token_not_full_sequence_validity,radius_derived,5,"0,10,20,30,40",0.0,0.0,0.0,0.0,0.0,1.0,1.0,1.0,0.0,0.0,4.55,3.5,6.75,1.0499999999999998,2.2,4.5,3.5,6.5,1.0,2.0,3.8,3.0,6.0,0.7999999999999998,2.2,5.4,4.0,8.0,1.4000000000000004,2.5999999999999996,0.0,0.0,0.0,0.0,0.0,4.0,4.0,4.0,0.0,0.0,0.0,0.0,0.0,0.0,0.0,4.0,4.0,4.0,0.0,0.0
20,4,5,5,0.3,0.2,0.3,dense,True,20,20,20,4,5,5,13,Shard-aware independent max-token diagnostic,most_difficult_harmful_token_not_full_sequence_validity,radius_derived,5,"0,10,20,30,40",0.0,0.0,0.0,0.0,0.0,1.0,1.0,1.0,0.0,0.0,4.55,3.5,6.75,1.0499999999999998,2.2,4.5,3.5,6.5,1.0,2.0,3.8,3.0,6.0,0.7999999999999998,2.2,5.4,4.0,8.0,1.4000000000000004,2.5999999999999996,0.0,0.0,0.0,0.0,0.0,4.0,4.0,4.0,0.0,0.0,0.0,0.0,0.0,0.0,0.0,4.0,4.0,4.0,0.0,0.0
20,4,5,5,0.3,0.2,0.3,dense,True,20,20,20,4,5,5,14,Shard-aware independent max-token diagnostic,most_difficult_harmful_token_not_full_sequence_validity,radius_derived,5,"0,10,20,30,40",0.0,0.0,0.0,0.0,0.0,1.0,1.0,1.0,0.0,0.0,4.55,3.5,6.75,1.0499999999999998,2.2,4.5,3.5,6.5,1.0,2.0,3.8,3.0,6.0,0.7999999999999998,2.2,5.4,4.0,8.0,1.4000000000000004,2.5999999999999996,0.0,0.0,0.0,0.0,0.0,4.0,4.0,4.0,0.0,0.0,0.0,0.0,0.0,0.0,0.0,4.0,4.0,4.0,0.0,0.0
20,4,5,5,0.3,0.2,0.3,dense,True,20,20,20,4,5,5,15,Shard-aware independent max-token diagnostic,most_difficult_harmful_token_not_full_sequence_validity,radius_derived,5,"0,10,20,30,40",0.0,0.0,0.0,0.0,0.0,1.0,1.0,1.0,0.0,0.0,4.55,3.5,6.75,1.0499999999999998,2.2,4.5,3.5,6.5,1.0,2.0,3.8,3.0,6.0,0.7999999999999998,2.2,5.4,4.0,8.0,1.4000000000000004,2.5999999999999996,0.0,0.0,0.0,0.0,0.0,4.0,4.0,4.0,0.0,0.0,0.0,0.0,0.0,0.0,0.0,4.0,4.0,4.0,0.0,0.0
20,4,5,5,0.3,0.2,0.3,dense,True,20,20,20,4,5,5,16,Shard-aware independent max-token diagnostic,most_difficult_harmful_token_not_full_sequence_validity,radius_derived,5,"0,10,20,30,40",0.0,0.0,0.0,0.0,0.0,1.0,1.0,1.0,0.0,0.0,4.55,3.5,6.75,1.0499999999999998,2.2,4.5,3.5,6.5,1.0,2.0,3.8,3.0,6.0,0.7999999999999998,2.2,5.4,4.0,8.0,1.4000000000000004,2.5999999999999996,0.0,0.0,0.0,0.0,0.0,4.0,4.0,4.0,0.0,0.0,0.0,0.0,0.0,0.0,0.0,4.0,4.0,4.0,0.0,0.0
20,4,5,5,0.3,0.2,0.3,dense,True,20,20,20,4,5,5,17,Shard-aware independent max-token diagnostic,most_difficult_harmful_token_not_full_sequence_validity,radius_derived,5,"0,10,20,30,40",0.0,0.0,0.0,0.0,0.0,1.0,1.0,1.0,0.0,0.0,4.55,3.5,6.75,1.0499999999999998,2.2,4.5,3.5,6.5,1.0,2.0,3.8,3.0,6.0,0.7999999999999998,2.2,5.4,4.0,8.0,1.4000000000000004,2.5999999999999996,0.0,0.0,0.0,0.0,0.0,4.0,4.0,4.0,0.0,0.0,0.0,0.0,0.0,0.0,0.0,4.0,4.0,4.0,0.0,0.0
20,4,5,5,0.3,0.2,0.3,dense,True,20,20,20,4,5,5,18,Shard-aware independent max-token diagnostic,most_difficult_harmful_token_not_full_sequence_validity,radius_derived,5,"0,10,20,30,40",0.0,0.0,0.0,0.0,0.0,1.0,1.0,1.0,0.0,0.0,4.55,3.5,6.75,1.0499999999999998,2.2,4.5,3.5,6.5,1.0,2.0,3.8,3.0,6.0,0.7999999999999998,2.2,5.4,4.0,8.0,1.4000000000000004,2.5999999999999996,0.0,0.0,0.0,0.0,0.0,4.0,4.0,4.0,0.0,0.0,0.0,0.0,0.0,0.0,0.0,4.0,4.0,4.0,0.0,0.0
20,4,5,5,0.3,0.2,0.3,dense,True,20,20,20,4,5,5,19,Shard-aware independent max-token diagnostic,most_difficult_harmful_token_not_full_sequence_validity,radius_derived,5,"0,10,20,30,40",0.0,0.0,0.0,0.0,0.0,1.0,1.0,1.0,0.0,0.0,4.55,3.5,6.75,1.0499999999999998,2.2,4.5,3.5,6.5,1.0,2.0,3.8,3.0,6.0,0.7999999999999998,2.2,5.4,4.0,8.0,1.4000000000000004,2.5999999999999996,0.0,0.0,0.0,0.0,0.0,4.0,4.0,4.0,0.0,0.0,0.0,0.0,0.0,0.0,0.0,4.0,4.0,4.0,0.0,0.0
20,4,5,5,0.3,0.2,0.3,dense,True,20,20,20,4,5,5,20,Shard-aware independent max-token diagnostic,most_difficult_harmful_token_not_full_sequence_validity,radius_derived,5,"0,10,20,30,40",0.0,0.0,0.0,0.0,0.0,1.0,1.0,1.0,0.0,0.0,4.55,3.5,6.75,1.0499999999999998,2.2,4.5,3.5,6.5,1.0,2.0,3.8,3.0,6.0,0.7999999999999998,2.2,5.4,4.0,8.0,1.4000000000000004,2.5999999999999996,0.0,0.0,0.0,0.0,0.0,4.0,4.0,4.0,0.0,0.0,0.0,0.0,0.0,0.0,0.0,4.0,4.0,4.0,0.0,0.0
20,4,5,5,0.3,0.2,0.3,dense,True,20,20,20,4,5,5,0,TPA max-token phrase baseline,validity_full_harmful_sequence_per_prompt,radius_derived,5,"0,10,20,30,40",1.0,1.0,1.0,0.0,0.0,0.0,0.0,0.0,0.0,0.0,4.55,3.5,6.75,1.0499999999999998,2.2,4.5,3.5,6.5,1.0,2.0,3.8,3.0,6.0,0.7999999999999998,2.2,5.4,4.0,8.0,1.4000000000000004,2.5999999999999996,4.0,4.0,4.0,0.0,0.0,4.0,4.0,4.0,0.0,0.0,0.0,0.0,0.0,0.0,0.0,4.0,4.0,4.0,0.0,0.0
20,4,5,5,0.3,0.2,0.3,dense,True,20,20,20,4,5,5,1,TPA max-token phrase baseline,validity_full_harmful_sequence_per_prompt,radius_derived,5,"0,10,20,30,40",1.0,1.0,1.0,0.0,0.0,0.0,0.0,0.0,0.0,0.0,4.55,3.5,6.75,1.0499999999999998,2.2,4.5,3.5,6.5,1.0,2.0,3.8,3.0,6.0,0.7999999999999998,2.2,5.4,4.0,8.0,1.4000000000000004,2.5999999999999996,4.0,4.0,4.0,0.0,0.0,4.0,4.0,4.0,0.0,0.0,0.0,0.0,0.0,0.0,0.0,4.0,4.0,4.0,0.0,0.0
20,4,5,5,0.3,0.2,0.3,dense,True,20,20,20,4,5,5,2,TPA max-token phrase baseline,validity_full_harmful_sequence_per_prompt,radius_derived,5,"0,10,20,30,40",1.0,1.0,1.0,0.0,0.0,0.0,0.0,0.0,0.0,0.0,4.55,3.5,6.75,1.0499999999999998,2.2,4.5,3.5,6.5,1.0,2.0,3.8,3.0,6.0,0.7999999999999998,2.2,5.4,4.0,8.0,1.4000000000000004,2.5999999999999996,4.0,4.0,4.0,0.0,0.0,4.0,4.0,4.0,0.0,0.0,0.0,0.0,0.0,0.0,0.0,4.0,4.0,4.0,0.0,0.0
20,4,5,5,0.3,0.2,0.3,dense,True,20,20,20,4,5,5,3,TPA max-token phrase baseline,validity_full_harmful_sequence_per_prompt,radius_derived,5,"0,10,20,30,40",0.8,0.5,1.0,0.30000000000000004,0.19999999999999996,0.2,0.0,0.5,0.2,0.3,4.55,3.5,6.75,1.0499999999999998,2.2,4.5,3.5,6.5,1.0,2.0,3.8,3.0,6.0,0.7999999999999998,2.2,5.4,4.0,8.0,1.4000000000000004,2.5999999999999996,3.2,2.0,4.0,1.2000000000000002,0.7999999999999998,4.0,4.0,4.0,0.0,0.0,0.0,0.0,0.0,0.0,0.0,4.0,4.0,4.0,0.0,0.0
20,4,5,5,0.3,0.2,0.3,dense,True,20,20,20,4,5,5,4,TPA max-token phrase baseline,validity_full_harmful_sequence_per_prompt,radius_derived,5,"0,10,20,30,40",0.4,0.0,1.0,0.4,0.6,0.6,0.0,1.0,0.6,0.4,4.55,3.5,6.75,1.0499999999999998,2.2,4.5,3.5,6.5,1.0,2.0,3.8,3.0,6.0,0.7999999999999998,2.2,5.4,4.0,8.0,1.4000000000000004,2.5999999999999996,1.6,0.0,4.0,1.6,2.4,4.0,4.0,4.0,0.0,0.0,0.0,0.0,0.0,0.0,0.0,4.0,4.0,4.0,0.0,0.0
20,4,5,5,0.3,0.2,0.3,dense,True,20,20,20,4,5,5,5,TPA max-token phrase baseline,validity_full_harmful_sequence_per_prompt,radius_derived,5,"0,10,20,30,40",0.2,0.0,1.0,0.2,0.8,0.8,0.0,1.0,0.8,0.19999999999999996,4.55,3.5,6.75,1.0499999999999998,2.2,4.5,3.5,6.5,1.0,2.0,3.8,3.0,6.0,0.7999999999999998,2.2,5.4,4.0,8.0,1.4000000000000004,2.5999999999999996,0.8,0.0,4.0,0.8,3.2,4.0,4.0,4.0,0.0,0.0,0.0,0.0,0.0,0.0,0.0,4.0,4.0,4.0,0.0,0.0
20,4,5,5,0.3,0.2,0.3,dense,True,20,20,20,4,5,5,6,TPA max-token phrase baseline,validity_full_harmful_sequence_per_prompt,radius_derived,5,"0,10,20,30,40",0.1,0.0,0.5,0.1,0.4,0.9,0.5,1.0,0.4,0.09999999999999998,4.55,3.5,6.75,1.0499999999999998,2.2,4.5,3.5,6.5,1.0,2.0,3.8,3.0,6.0,0.7999999999999998,2.2,5.4,4.0,8.0,1.4000000000000004,2.5999999999999996,0.4,0.0,2.0,0.4,1.6,4.0,4.0,4.0,0.0,0.0,0.0,0.0,0.0,0.0,0.0,4.0,4.0,4.0,0.0,0.0
20,4,5,5,0.3,0.2,0.3,dense,True,20,20,20,4,5,5,7,TPA max-token phrase baseline,validity_full_harmful_sequence_per_prompt,radius_derived,5,"0,10,20,30,40",0.05,0.0,0.25,0.05,0.2,0.95,0.75,1.0,0.19999999999999996,0.050000000000000044,4.55,3.5,6.75,1.0499999999999998,2.2,4.5,3.5,6.5,1.0,2.0,3.8,3.0,6.0,0.7999999999999998,2.2,5.4,4.0,8.0,1.4000000000000004,2.5999999999999996,0.2,0.0,1.0,0.2,0.8,4.0,4.0,4.0,0.0,0.0,0.0,0.0,0.0,0.0,0.0,4.0,4.0,4.0,0.0,0.0
20,4,5,5,0.3,0.2,0.3,dense,True,20,20,20,4,5,5,8,TPA max-token phrase baseline,validity_full_harmful_sequence_per_prompt,radius_derived,5,"0,10,20,30,40",0.0,0.0,0.0,0.0,0.0,1.0,1.0,1.0,0.0,0.0,4.55,3.5,6.75,1.0499999999999998,2.2,4.5,3.5,6.5,1.0,2.0,3.8,3.0,6.0,0.7999999999999998,2.2,5.4,4.0,8.0,1.4000000000000004,2.5999999999999996,0.0,0.0,0.0,0.0,0.0,4.0,4.0,4.0,0.0,0.0,0.0,0.0,0.0,0.0,0.0,4.0,4.0,4.0,0.0,0.0
20,4,5,5,0.3,0.2,0.3,dense,True,20,20,20,4,5,5,9,TPA max-token phrase baseline,validity_full_harmful_sequence_per_prompt,radius_derived,5,"0,10,20,30,40",0.0,0.0,0.0,0.0,0.0,1.0,1.0,1.0,0.0,0.0,4.55,3.5,6.75,1.0499999999999998,2.2,4.5,3.5,6.5,1.0,2.0,3.8,3.0,6.0,0.7999999999999998,2.2,5.4,4.0,8.0,1.4000000000000004,2.5999999999999996,0.0,0.0,0.0,0.0,0.0,4.0,4.0,4.0,0.0,0.0,0.0,0.0,0.0,0.0,0.0,4.0,4.0,4.0,0.0,0.0
20,4,5,5,0.3,0.2,0.3,dense,True,20,20,20,4,5,5,10,TPA max-token phrase baseline,validity_full_harmful_sequence_per_prompt,radius_derived,5,"0,10,20,30,40",0.0,0.0,0.0,0.0,0.0,1.0,1.0,1.0,0.0,0.0,4.55,3.5,6.75,1.0499999999999998,2.2,4.5,3.5,6.5,1.0,2.0,3.8,3.0,6.0,0.7999999999999998,2.2,5.4,4.0,8.0,1.4000000000000004,2.5999999999999996,0.0,0.0,0.0,0.0,0.0,4.0,4.0,4.0,0.0,0.0,0.0,0.0,0.0,0.0,0.0,4.0,4.0,4.0,0.0,0.0
20,4,5,5,0.3,0.2,0.3,dense,True,20,20,20,4,5,5,11,TPA max-token phrase baseline,validity_full_harmful_sequence_per_prompt,radius_derived,5,"0,10,20,30,40",0.0,0.0,0.0,0.0,0.0,1.0,1.0,1.0,0.0,0.0,4.55,3.5,6.75,1.0499999999999998,2.2,4.5,3.5,6.5,1.0,2.0,3.8,3.0,6.0,0.7999999999999998,2.2,5.4,4.0,8.0,1.4000000000000004,2.5999999999999996,0.0,0.0,0.0,0.0,0.0,4.0,4.0,4.0,0.0,0.0,0.0,0.0,0.0,0.0,0.0,4.0,4.0,4.0,0.0,0.0
20,4,5,5,0.3,0.2,0.3,dense,True,20,20,20,4,5,5,12,TPA max-token phrase baseline,validity_full_harmful_sequence_per_prompt,radius_derived,5,"0,10,20,30,40",0.0,0.0,0.0,0.0,0.0,1.0,1.0,1.0,0.0,0.0,4.55,3.5,6.75,1.0499999999999998,2.2,4.5,3.5,6.5,1.0,2.0,3.8,3.0,6.0,0.7999999999999998,2.2,5.4,4.0,8.0,1.4000000000000004,2.5999999999999996,0.0,0.0,0.0,0.0,0.0,4.0,4.0,4.0,0.0,0.0,0.0,0.0,0.0,0.0,0.0,4.0,4.0,4.0,0.0,0.0
20,4,5,5,0.3,0.2,0.3,dense,True,20,20,20,4,5,5,13,TPA max-token phrase baseline,validity_full_harmful_sequence_per_prompt,radius_derived,5,"0,10,20,30,40",0.0,0.0,0.0,0.0,0.0,1.0,1.0,1.0,0.0,0.0,4.55,3.5,6.75,1.0499999999999998,2.2,4.5,3.5,6.5,1.0,2.0,3.8,3.0,6.0,0.7999999999999998,2.2,5.4,4.0,8.0,1.4000000000000004,2.5999999999999996,0.0,0.0,0.0,0.0,0.0,4.0,4.0,4.0,0.0,0.0,0.0,0.0,0.0,0.0,0.0,4.0,4.0,4.0,0.0,0.0
20,4,5,5,0.3,0.2,0.3,dense,True,20,20,20,4,5,5,14,TPA max-token phrase baseline,validity_full_harmful_sequence_per_prompt,radius_derived,5,"0,10,20,30,40",0.0,0.0,0.0,0.0,0.0,1.0,1.0,1.0,0.0,0.0,4.55,3.5,6.75,1.0499999999999998,2.2,4.5,3.5,6.5,1.0,2.0,3.8,3.0,6.0,0.7999999999999998,2.2,5.4,4.0,8.0,1.4000000000000004,2.5999999999999996,0.0,0.0,0.0,0.0,0.0,4.0,4.0,4.0,0.0,0.0,0.0,0.0,0.0,0.0,0.0,4.0,4.0,4.0,0.0,0.0
20,4,5,5,0.3,0.2,0.3,dense,True,20,20,20,4,5,5,15,TPA max-token phrase baseline,validity_full_harmful_sequence_per_prompt,radius_derived,5,"0,10,20,30,40",0.0,0.0,0.0,0.0,0.0,1.0,1.0,1.0,0.0,0.0,4.55,3.5,6.75,1.0499999999999998,2.2,4.5,3.5,6.5,1.0,2.0,3.8,3.0,6.0,0.7999999999999998,2.2,5.4,4.0,8.0,1.4000000000000004,2.5999999999999996,0.0,0.0,0.0,0.0,0.0,4.0,4.0,4.0,0.0,0.0,0.0,0.0,0.0,0.0,0.0,4.0,4.0,4.0,0.0,0.0
20,4,5,5,0.3,0.2,0.3,dense,True,20,20,20,4,5,5,16,TPA max-token phrase baseline,validity_full_harmful_sequence_per_prompt,radius_derived,5,"0,10,20,30,40",0.0,0.0,0.0,0.0,0.0,1.0,1.0,1.0,0.0,0.0,4.55,3.5,6.75,1.0499999999999998,2.2,4.5,3.5,6.5,1.0,2.0,3.8,3.0,6.0,0.7999999999999998,2.2,5.4,4.0,8.0,1.4000000000000004,2.5999999999999996,0.0,0.0,0.0,0.0,0.0,4.0,4.0,4.0,0.0,0.0,0.0,0.0,0.0,0.0,0.0,4.0,4.0,4.0,0.0,0.0
20,4,5,5,0.3,0.2,0.3,dense,True,20,20,20,4,5,5,17,TPA max-token phrase baseline,validity_full_harmful_sequence_per_prompt,radius_derived,5,"0,10,20,30,40",0.0,0.0,0.0,0.0,0.0,1.0,1.0,1.0,0.0,0.0,4.55,3.5,6.75,1.0499999999999998,2.2,4.5,3.5,6.5,1.0,2.0,3.8,3.0,6.0,0.7999999999999998,2.2,5.4,4.0,8.0,1.4000000000000004,2.5999999999999996,0.0,0.0,0.0,0.0,0.0,4.0,4.0,4.0,0.0,0.0,0.0,0.0,0.0,0.0,0.0,4.0,4.0,4.0,0.0,0.0
20,4,5,5,0.3,0.2,0.3,dense,True,20,20,20,4,5,5,18,TPA max-token phrase baseline,validity_full_harmful_sequence_per_prompt,radius_derived,5,"0,10,20,30,40",0.0,0.0,0.0,0.0,0.0,1.0,1.0,1.0,0.0,0.0,4.55,3.5,6.75,1.0499999999999998,2.2,4.5,3.5,6.5,1.0,2.0,3.8,3.0,6.0,0.7999999999999998,2.2,5.4,4.0,8.0,1.4000000000000004,2.5999999999999996,0.0,0.0,0.0,0.0,0.0,4.0,4.0,4.0,0.0,0.0,0.0,0.0,0.0,0.0,0.0,4.0,4.0,4.0,0.0,0.0
20,4,5,5,0.3,0.2,0.3,dense,True,20,20,20,4,5,5,19,TPA max-token phrase baseline,validity_full_harmful_sequence_per_prompt,radius_derived,5,"0,10,20,30,40",0.0,0.0,0.0,0.0,0.0,1.0,1.0,1.0,0.0,0.0,4.55,3.5,6.75,1.0499999999999998,2.2,4.5,3.5,6.5,1.0,2.0,3.8,3.0,6.0,0.7999999999999998,2.2,5.4,4.0,8.0,1.4000000000000004,2.5999999999999996,0.0,0.0,0.0,0.0,0.0,4.0,4.0,4.0,0.0,0.0,0.0,0.0,0.0,0.0,0.0,4.0,4.0,4.0,0.0,0.0
20,4,5,5,0.3,0.2,0.3,dense,True,20,20,20,4,5,5,20,TPA max-token phrase baseline,validity_full_harmful_sequence_per_prompt,radius_derived,5,"0,10,20,30,40",0.0,0.0,0.0,0.0,0.0,1.0,1.0,1.0,0.0,0.0,4.55,3.5,6.75,1.0499999999999998,2.2,4.5,3.5,6.5,1.0,2.0,3.8,3.0,6.0,0.7999999999999998,2.2,5.4,4.0,8.0,1.4000000000000004,2.5999999999999996,0.0,0.0,0.0,0.0,0.0,4.0,4.0,4.0,0.0,0.0,0.0,0.0,0.0,0.0,0.0,4.0,4.0,4.0,0.0,0.0
20,4,5,5,0.3,0.2,0.3,dense,True,20,20,20,4,5,5,0,Shared MILP,validity_full_harmful_sequence_per_prompt,radius_derived,5,"0,10,20,30,40",1.0,1.0,1.0,0.0,0.0,0.0,0.0,0.0,0.0,0.0,4.55,3.5,6.75,1.0499999999999998,2.2,4.5,3.5,6.5,1.0,2.0,3.8,3.0,6.0,0.7999999999999998,2.2,5.4,4.0,8.0,1.4000000000000004,2.5999999999999996,4.0,4.0,4.0,0.0,0.0,4.0,4.0,4.0,0.0,0.0,0.0,0.0,0.0,0.0,0.0,4.0,4.0,4.0,0.0,0.0
20,4,5,5,0.3,0.2,0.3,dense,True,20,20,20,4,5,5,1,Shared MILP,validity_full_harmful_sequence_per_prompt,radius_derived,5,"0,10,20,30,40",1.0,1.0,1.0,0.0,0.0,0.0,0.0,0.0,0.0,0.0,4.55,3.5,6.75,1.0499999999999998,2.2,4.5,3.5,6.5,1.0,2.0,3.8,3.0,6.0,0.7999999999999998,2.2,5.4,4.0,8.0,1.4000000000000004,2.5999999999999996,4.0,4.0,4.0,0.0,0.0,4.0,4.0,4.0,0.0,0.0,0.0,0.0,0.0,0.0,0.0,4.0,4.0,4.0,0.0,0.0
20,4,5,5,0.3,0.2,0.3,dense,True,20,20,20,4,5,5,2,Shared MILP,validity_full_harmful_sequence_per_prompt,radius_derived,5,"0,10,20,30,40",1.0,1.0,1.0,0.0,0.0,0.0,0.0,0.0,0.0,0.0,4.55,3.5,6.75,1.0499999999999998,2.2,4.5,3.5,6.5,1.0,2.0,3.8,3.0,6.0,0.7999999999999998,2.2,5.4,4.0,8.0,1.4000000000000004,2.5999999999999996,4.0,4.0,4.0,0.0,0.0,4.0,4.0,4.0,0.0,0.0,0.0,0.0,0.0,0.0,0.0,4.0,4.0,4.0,0.0,0.0
20,4,5,5,0.3,0.2,0.3,dense,True,20,20,20,4,5,5,3,Shared MILP,validity_full_harmful_sequence_per_prompt,radius_derived,5,"0,10,20,30,40",0.8,0.5,1.0,0.30000000000000004,0.19999999999999996,0.2,0.0,0.5,0.2,0.3,4.55,3.5,6.75,1.0499999999999998,2.2,4.5,3.5,6.5,1.0,2.0,3.8,3.0,6.0,0.7999999999999998,2.2,5.4,4.0,8.0,1.4000000000000004,2.5999999999999996,3.2,2.0,4.0,1.2000000000000002,0.7999999999999998,4.0,4.0,4.0,0.0,0.0,0.0,0.0,0.0,0.0,0.0,4.0,4.0,4.0,0.0,0.0
20,4,5,5,0.3,0.2,0.3,dense,True,20,20,20,4,5,5,4,Shared MILP,validity_full_harmful_sequence_per_prompt,radius_derived,5,"0,10,20,30,40",0.4,0.0,1.0,0.4,0.6,0.6,0.0,1.0,0.6,0.4,4.55,3.5,6.75,1.0499999999999998,2.2,4.5,3.5,6.5,1.0,2.0,3.8,3.0,6.0,0.7999999999999998,2.2,5.4,4.0,8.0,1.4000000000000004,2.5999999999999996,1.6,0.0,4.0,1.6,2.4,4.0,4.0,4.0,0.0,0.0,0.0,0.0,0.0,0.0,0.0,4.0,4.0,4.0,0.0,0.0
20,4,5,5,0.3,0.2,0.3,dense,True,20,20,20,4,5,5,5,Shared MILP,validity_full_harmful_sequence_per_prompt,radius_derived,5,"0,10,20,30,40",0.2,0.0,1.0,0.2,0.8,0.8,0.0,1.0,0.8,0.19999999999999996,4.55,3.5,6.75,1.0499999999999998,2.2,4.5,3.5,6.5,1.0,2.0,3.8,3.0,6.0,0.7999999999999998,2.2,5.4,4.0,8.0,1.4000000000000004,2.5999999999999996,0.8,0.0,4.0,0.8,3.2,4.0,4.0,4.0,0.0,0.0,0.0,0.0,0.0,0.0,0.0,4.0,4.0,4.0,0.0,0.0
20,4,5,5,0.3,0.2,0.3,dense,True,20,20,20,4,5,5,6,Shared MILP,validity_full_harmful_sequence_per_prompt,radius_derived,5,"0,10,20,30,40",0.1,0.0,0.5,0.1,0.4,0.9,0.5,1.0,0.4,0.09999999999999998,4.55,3.5,6.75,1.0499999999999998,2.2,4.5,3.5,6.5,1.0,2.0,3.8,3.0,6.0,0.7999999999999998,2.2,5.4,4.0,8.0,1.4000000000000004,2.5999999999999996,0.4,0.0,2.0,0.4,1.6,4.0,4.0,4.0,0.0,0.0,0.0,0.0,0.0,0.0,0.0,4.0,4.0,4.0,0.0,0.0
20,4,5,5,0.3,0.2,0.3,dense,True,20,20,20,4,5,5,7,Shared MILP,validity_full_harmful_sequence_per_prompt,radius_derived,5,"0,10,20,30,40",0.05,0.0,0.25,0.05,0.2,0.95,0.75,1.0,0.19999999999999996,0.050000000000000044,4.55,3.5,6.75,1.0499999999999998,2.2,4.5,3.5,6.5,1.0,2.0,3.8,3.0,6.0,0.7999999999999998,2.2,5.4,4.0,8.0,1.4000000000000004,2.5999999999999996,0.2,0.0,1.0,0.2,0.8,4.0,4.0,4.0,0.0,0.0,0.0,0.0,0.0,0.0,0.0,4.0,4.0,4.0,0.0,0.0
20,4,5,5,0.3,0.2,0.3,dense,True,20,20,20,4,5,5,8,Shared MILP,validity_full_harmful_sequence_per_prompt,radius_derived,5,"0,10,20,30,40",0.0,0.0,0.0,0.0,0.0,1.0,1.0,1.0,0.0,0.0,4.55,3.5,6.75,1.0499999999999998,2.2,4.5,3.5,6.5,1.0,2.0,3.8,3.0,6.0,0.7999999999999998,2.2,5.4,4.0,8.0,1.4000000000000004,2.5999999999999996,0.0,0.0,0.0,0.0,0.0,4.0,4.0,4.0,0.0,0.0,0.0,0.0,0.0,0.0,0.0,4.0,4.0,4.0,0.0,0.0
20,4,5,5,0.3,0.2,0.3,dense,True,20,20,20,4,5,5,9,Shared MILP,validity_full_harmful_sequence_per_prompt,radius_derived,5,"0,10,20,30,40",0.0,0.0,0.0,0.0,0.0,1.0,1.0,1.0,0.0,0.0,4.55,3.5,6.75,1.0499999999999998,2.2,4.5,3.5,6.5,1.0,2.0,3.8,3.0,6.0,0.7999999999999998,2.2,5.4,4.0,8.0,1.4000000000000004,2.5999999999999996,0.0,0.0,0.0,0.0,0.0,4.0,4.0,4.0,0.0,0.0,0.0,0.0,0.0,0.0,0.0,4.0,4.0,4.0,0.0,0.0
20,4,5,5,0.3,0.2,0.3,dense,True,20,20,20,4,5,5,10,Shared MILP,validity_full_harmful_sequence_per_prompt,radius_derived,5,"0,10,20,30,40",0.0,0.0,0.0,0.0,0.0,1.0,1.0,1.0,0.0,0.0,4.55,3.5,6.75,1.0499999999999998,2.2,4.5,3.5,6.5,1.0,2.0,3.8,3.0,6.0,0.7999999999999998,2.2,5.4,4.0,8.0,1.4000000000000004,2.5999999999999996,0.0,0.0,0.0,0.0,0.0,4.0,4.0,4.0,0.0,0.0,0.0,0.0,0.0,0.0,0.0,4.0,4.0,4.0,0.0,0.0
20,4,5,5,0.3,0.2,0.3,dense,True,20,20,20,4,5,5,11,Shared MILP,validity_full_harmful_sequence_per_prompt,radius_derived,5,"0,10,20,30,40",0.0,0.0,0.0,0.0,0.0,1.0,1.0,1.0,0.0,0.0,4.55,3.5,6.75,1.0499999999999998,2.2,4.5,3.5,6.5,1.0,2.0,3.8,3.0,6.0,0.7999999999999998,2.2,5.4,4.0,8.0,1.4000000000000004,2.5999999999999996,0.0,0.0,0.0,0.0,0.0,4.0,4.0,4.0,0.0,0.0,0.0,0.0,0.0,0.0,0.0,4.0,4.0,4.0,0.0,0.0
20,4,5,5,0.3,0.2,0.3,dense,True,20,20,20,4,5,5,12,Shared MILP,validity_full_harmful_sequence_per_prompt,radius_derived,5,"0,10,20,30,40",0.0,0.0,0.0,0.0,0.0,1.0,1.0,1.0,0.0,0.0,4.55,3.5,6.75,1.0499999999999998,2.2,4.5,3.5,6.5,1.0,2.0,3.8,3.0,6.0,0.7999999999999998,2.2,5.4,4.0,8.0,1.4000000000000004,2.5999999999999996,0.0,0.0,0.0,0.0,0.0,4.0,4.0,4.0,0.0,0.0,0.0,0.0,0.0,0.0,0.0,4.0,4.0,4.0,0.0,0.0
20,4,5,5,0.3,0.2,0.3,dense,True,20,20,20,4,5,5,13,Shared MILP,validity_full_harmful_sequence_per_prompt,radius_derived,5,"0,10,20,30,40",0.0,0.0,0.0,0.0,0.0,1.0,1.0,1.0,0.0,0.0,4.55,3.5,6.75,1.0499999999999998,2.2,4.5,3.5,6.5,1.0,2.0,3.8,3.0,6.0,0.7999999999999998,2.2,5.4,4.0,8.0,1.4000000000000004,2.5999999999999996,0.0,0.0,0.0,0.0,0.0,4.0,4.0,4.0,0.0,0.0,0.0,0.0,0.0,0.0,0.0,4.0,4.0,4.0,0.0,0.0
20,4,5,5,0.3,0.2,0.3,dense,True,20,20,20,4,5,5,14,Shared MILP,validity_full_harmful_sequence_per_prompt,radius_derived,5,"0,10,20,30,40",0.0,0.0,0.0,0.0,0.0,1.0,1.0,1.0,0.0,0.0,4.55,3.5,6.75,1.0499999999999998,2.2,4.5,3.5,6.5,1.0,2.0,3.8,3.0,6.0,0.7999999999999998,2.2,5.4,4.0,8.0,1.4000000000000004,2.5999999999999996,0.0,0.0,0.0,0.0,0.0,4.0,4.0,4.0,0.0,0.0,0.0,0.0,0.0,0.0,0.0,4.0,4.0,4.0,0.0,0.0
20,4,5,5,0.3,0.2,0.3,dense,True,20,20,20,4,5,5,15,Shared MILP,validity_full_harmful_sequence_per_prompt,radius_derived,5,"0,10,20,30,40",0.0,0.0,0.0,0.0,0.0,1.0,1.0,1.0,0.0,0.0,4.55,3.5,6.75,1.0499999999999998,2.2,4.5,3.5,6.5,1.0,2.0,3.8,3.0,6.0,0.7999999999999998,2.2,5.4,4.0,8.0,1.4000000000000004,2.5999999999999996,0.0,0.0,0.0,0.0,0.0,4.0,4.0,4.0,0.0,0.0,0.0,0.0,0.0,0.0,0.0,4.0,4.0,4.0,0.0,0.0
20,4,5,5,0.3,0.2,0.3,dense,True,20,20,20,4,5,5,16,Shared MILP,validity_full_harmful_sequence_per_prompt,radius_derived,5,"0,10,20,30,40",0.0,0.0,0.0,0.0,0.0,1.0,1.0,1.0,0.0,0.0,4.55,3.5,6.75,1.0499999999999998,2.2,4.5,3.5,6.5,1.0,2.0,3.8,3.0,6.0,0.7999999999999998,2.2,5.4,4.0,8.0,1.4000000000000004,2.5999999999999996,0.0,0.0,0.0,0.0,0.0,4.0,4.0,4.0,0.0,0.0,0.0,0.0,0.0,0.0,0.0,4.0,4.0,4.0,0.0,0.0
20,4,5,5,0.3,0.2,0.3,dense,True,20,20,20,4,5,5,17,Shared MILP,validity_full_harmful_sequence_per_prompt,radius_derived,5,"0,10,20,30,40",0.0,0.0,0.0,0.0,0.0,1.0,1.0,1.0,0.0,0.0,4.55,3.5,6.75,1.0499999999999998,2.2,4.5,3.5,6.5,1.0,2.0,3.8,3.0,6.0,0.7999999999999998,2.2,5.4,4.0,8.0,1.4000000000000004,2.5999999999999996,0.0,0.0,0.0,0.0,0.0,4.0,4.0,4.0,0.0,0.0,0.0,0.0,0.0,0.0,0.0,4.0,4.0,4.0,0.0,0.0
20,4,5,5,0.3,0.2,0.3,dense,True,20,20,20,4,5,5,18,Shared MILP,validity_full_harmful_sequence_per_prompt,radius_derived,5,"0,10,20,30,40",0.0,0.0,0.0,0.0,0.0,1.0,1.0,1.0,0.0,0.0,4.55,3.5,6.75,1.0499999999999998,2.2,4.5,3.5,6.5,1.0,2.0,3.8,3.0,6.0,0.7999999999999998,2.2,5.4,4.0,8.0,1.4000000000000004,2.5999999999999996,0.0,0.0,0.0,0.0,0.0,4.0,4.0,4.0,0.0,0.0,0.0,0.0,0.0,0.0,0.0,4.0,4.0,4.0,0.0,0.0
20,4,5,5,0.3,0.2,0.3,dense,True,20,20,20,4,5,5,19,Shared MILP,validity_full_harmful_sequence_per_prompt,radius_derived,5,"0,10,20,30,40",0.0,0.0,0.0,0.0,0.0,1.0,1.0,1.0,0.0,0.0,4.55,3.5,6.75,1.0499999999999998,2.2,4.5,3.5,6.5,1.0,2.0,3.8,3.0,6.0,0.7999999999999998,2.2,5.4,4.0,8.0,1.4000000000000004,2.5999999999999996,0.0,0.0,0.0,0.0,0.0,4.0,4.0,4.0,0.0,0.0,0.0,0.0,0.0,0.0,0.0,4.0,4.0,4.0,0.0,0.0
20,4,5,5,0.3,0.2,0.3,dense,True,20,20,20,4,5,5,20,Shared MILP,validity_full_harmful_sequence_per_prompt,radius_derived,5,"0,10,20,30,40",0.0,0.0,0.0,0.0,0.0,1.0,1.0,1.0,0.0,0.0,4.55,3.5,6.75,1.0499999999999998,2.2,4.5,3.5,6.5,1.0,2.0,3.8,3.0,6.0,0.7999999999999998,2.2,5.4,4.0,8.0,1.4000000000000004,2.5999999999999996,0.0,0.0,0.0,0.0,0.0,4.0,4.0,4.0,0.0,0.0,0.0,0.0,0.0,0.0,0.0,4.0,4.0,4.0,0.0,0.0
20,4,5,5,0.3,0.2,0.3,dense,True,20,20,20,4,5,5,0,Atomic phrase aggregation,validity_full_harmful_sequence_per_prompt,radius_derived,5,"0,10,20,30,40",1.0,1.0,1.0,0.0,0.0,0.0,0.0,0.0,0.0,0.0,1.65,1.25,2.0,0.3999999999999999,0.3500000000000001,1.7,1.0,2.0,0.7,0.30000000000000004,1.0,1.0,1.0,0.0,0.0,2.2,2.0,3.0,0.20000000000000018,0.7999999999999998,4.0,4.0,4.0,0.0,0.0,4.0,4.0,4.0,0.0,0.0,0.0,0.0,0.0,0.0,0.0,4.0,4.0,4.0,0.0,0.0
20,4,5,5,0.3,0.2,0.3,dense,True,20,20,20,4,5,5,1,Atomic phrase aggregation,validity_full_harmful_sequence_per_prompt,radius_derived,5,"0,10,20,30,40",0.6,0.25,0.75,0.35,0.15000000000000002,0.4,0.25,0.75,0.15000000000000002,0.35,1.65,1.25,2.0,0.3999999999999999,0.3500000000000001,1.7,1.0,2.0,0.7,0.30000000000000004,1.0,1.0,1.0,0.0,0.0,2.2,2.0,3.0,0.20000000000000018,0.7999999999999998,2.4,1.0,3.0,1.4,0.6000000000000001,4.0,4.0,4.0,0.0,0.0,0.0,0.0,0.0,0.0,0.0,4.0,4.0,4.0,0.0,0.0
20,4,5,5,0.3,0.2,0.3,dense,True,20,20,20,4,5,5,2,Atomic phrase aggregation,validity_full_harmful_sequence_per_prompt,radius_derived,5,"0,10,20,30,40",0.05,0.0,0.25,0.05,0.2,0.95,0.75,1.0,0.19999999999999996,0.050000000000000044,1.65,1.25,2.0,0.3999999999999999,0.3500000000000001,1.7,1.0,2.0,0.7,0.30000000000000004,1.0,1.0,1.0,0.0,0.0,2.2,2.0,3.0,0.20000000000000018,0.7999999999999998,0.2,0.0,1.0,0.2,0.8,4.0,4.0,4.0,0.0,0.0,0.0,0.0,0.0,0.0,0.0,4.0,4.0,4.0,0.0,0.0
20,4,5,5,0.3,0.2,0.3,dense,True,20,20,20,4,5,5,3,Atomic phrase aggregation,validity_full_harmful_sequence_per_prompt,radius_derived,5,"0,10,20,30,40",0.0,0.0,0.0,0.0,0.0,1.0,1.0,1.0,0.0,0.0,1.65,1.25,2.0,0.3999999999999999,0.3500000000000001,1.7,1.0,2.0,0.7,0.30000000000000004,1.0,1.0,1.0,0.0,0.0,2.2,2.0,3.0,0.20000000000000018,0.7999999999999998,0.0,0.0,0.0,0.0,0.0,4.0,4.0,4.0,0.0,0.0,0.0,0.0,0.0,0.0,0.0,4.0,4.0,4.0,0.0,0.0
20,4,5,5,0.3,0.2,0.3,dense,True,20,20,20,4,5,5,4,Atomic phrase aggregation,validity_full_harmful_sequence_per_prompt,radius_derived,5,"0,10,20,30,40",0.0,0.0,0.0,0.0,0.0,1.0,1.0,1.0,0.0,0.0,1.65,1.25,2.0,0.3999999999999999,0.3500000000000001,1.7,1.0,2.0,0.7,0.30000000000000004,1.0,1.0,1.0,0.0,0.0,2.2,2.0,3.0,0.20000000000000018,0.7999999999999998,0.0,0.0,0.0,0.0,0.0,4.0,4.0,4.0,0.0,0.0,0.0,0.0,0.0,0.0,0.0,4.0,4.0,4.0,0.0,0.0
20,4,5,5,0.3,0.2,0.3,dense,True,20,20,20,4,5,5,5,Atomic phrase aggregation,validity_full_harmful_sequence_per_prompt,radius_derived,5,"0,10,20,30,40",0.0,0.0,0.0,0.0,0.0,1.0,1.0,1.0,0.0,0.0,1.65,1.25,2.0,0.3999999999999999,0.3500000000000001,1.7,1.0,2.0,0.7,0.30000000000000004,1.0,1.0,1.0,0.0,0.0,2.2,2.0,3.0,0.20000000000000018,0.7999999999999998,0.0,0.0,0.0,0.0,0.0,4.0,4.0,4.0,0.0,0.0,0.0,0.0,0.0,0.0,0.0,4.0,4.0,4.0,0.0,0.0
20,4,5,5,0.3,0.2,0.3,dense,True,20,20,20,4,5,5,6,Atomic phrase aggregation,validity_full_harmful_sequence_per_prompt,radius_derived,5,"0,10,20,30,40",0.0,0.0,0.0,0.0,0.0,1.0,1.0,1.0,0.0,0.0,1.65,1.25,2.0,0.3999999999999999,0.3500000000000001,1.7,1.0,2.0,0.7,0.30000000000000004,1.0,1.0,1.0,0.0,0.0,2.2,2.0,3.0,0.20000000000000018,0.7999999999999998,0.0,0.0,0.0,0.0,0.0,4.0,4.0,4.0,0.0,0.0,0.0,0.0,0.0,0.0,0.0,4.0,4.0,4.0,0.0,0.0
20,4,5,5,0.3,0.2,0.3,dense,True,20,20,20,4,5,5,7,Atomic phrase aggregation,validity_full_harmful_sequence_per_prompt,radius_derived,5,"0,10,20,30,40",0.0,0.0,0.0,0.0,0.0,1.0,1.0,1.0,0.0,0.0,1.65,1.25,2.0,0.3999999999999999,0.3500000000000001,1.7,1.0,2.0,0.7,0.30000000000000004,1.0,1.0,1.0,0.0,0.0,2.2,2.0,3.0,0.20000000000000018,0.7999999999999998,0.0,0.0,0.0,0.0,0.0,4.0,4.0,4.0,0.0,0.0,0.0,0.0,0.0,0.0,0.0,4.0,4.0,4.0,0.0,0.0
20,4,5,5,0.3,0.2,0.3,dense,True,20,20,20,4,5,5,8,Atomic phrase aggregation,validity_full_harmful_sequence_per_prompt,radius_derived,5,"0,10,20,30,40",0.0,0.0,0.0,0.0,0.0,1.0,1.0,1.0,0.0,0.0,1.65,1.25,2.0,0.3999999999999999,0.3500000000000001,1.7,1.0,2.0,0.7,0.30000000000000004,1.0,1.0,1.0,0.0,0.0,2.2,2.0,3.0,0.20000000000000018,0.7999999999999998,0.0,0.0,0.0,0.0,0.0,4.0,4.0,4.0,0.0,0.0,0.0,0.0,0.0,0.0,0.0,4.0,4.0,4.0,0.0,0.0
20,4,5,5,0.3,0.2,0.3,dense,True,20,20,20,4,5,5,9,Atomic phrase aggregation,validity_full_harmful_sequence_per_prompt,radius_derived,5,"0,10,20,30,40",0.0,0.0,0.0,0.0,0.0,1.0,1.0,1.0,0.0,0.0,1.65,1.25,2.0,0.3999999999999999,0.3500000000000001,1.7,1.0,2.0,0.7,0.30000000000000004,1.0,1.0,1.0,0.0,0.0,2.2,2.0,3.0,0.20000000000000018,0.7999999999999998,0.0,0.0,0.0,0.0,0.0,4.0,4.0,4.0,0.0,0.0,0.0,0.0,0.0,0.0,0.0,4.0,4.0,4.0,0.0,0.0
20,4,5,5,0.3,0.2,0.3,dense,True,20,20,20,4,5,5,10,Atomic phrase aggregation,validity_full_harmful_sequence_per_prompt,radius_derived,5,"0,10,20,30,40",0.0,0.0,0.0,0.0,0.0,1.0,1.0,1.0,0.0,0.0,1.65,1.25,2.0,0.3999999999999999,0.3500000000000001,1.7,1.0,2.0,0.7,0.30000000000000004,1.0,1.0,1.0,0.0,0.0,2.2,2.0,3.0,0.20000000000000018,0.7999999999999998,0.0,0.0,0.0,0.0,0.0,4.0,4.0,4.0,0.0,0.0,0.0,0.0,0.0,0.0,0.0,4.0,4.0,4.0,0.0,0.0
20,4,5,5,0.3,0.2,0.3,dense,True,20,20,20,4,5,5,11,Atomic phrase aggregation,validity_full_harmful_sequence_per_prompt,radius_derived,5,"0,10,20,30,40",0.0,0.0,0.0,0.0,0.0,1.0,1.0,1.0,0.0,0.0,1.65,1.25,2.0,0.3999999999999999,0.3500000000000001,1.7,1.0,2.0,0.7,0.30000000000000004,1.0,1.0,1.0,0.0,0.0,2.2,2.0,3.0,0.20000000000000018,0.7999999999999998,0.0,0.0,0.0,0.0,0.0,4.0,4.0,4.0,0.0,0.0,0.0,0.0,0.0,0.0,0.0,4.0,4.0,4.0,0.0,0.0
20,4,5,5,0.3,0.2,0.3,dense,True,20,20,20,4,5,5,12,Atomic phrase aggregation,validity_full_harmful_sequence_per_prompt,radius_derived,5,"0,10,20,30,40",0.0,0.0,0.0,0.0,0.0,1.0,1.0,1.0,0.0,0.0,1.65,1.25,2.0,0.3999999999999999,0.3500000000000001,1.7,1.0,2.0,0.7,0.30000000000000004,1.0,1.0,1.0,0.0,0.0,2.2,2.0,3.0,0.20000000000000018,0.7999999999999998,0.0,0.0,0.0,0.0,0.0,4.0,4.0,4.0,0.0,0.0,0.0,0.0,0.0,0.0,0.0,4.0,4.0,4.0,0.0,0.0
20,4,5,5,0.3,0.2,0.3,dense,True,20,20,20,4,5,5,13,Atomic phrase aggregation,validity_full_harmful_sequence_per_prompt,radius_derived,5,"0,10,20,30,40",0.0,0.0,0.0,0.0,0.0,1.0,1.0,1.0,0.0,0.0,1.65,1.25,2.0,0.3999999999999999,0.3500000000000001,1.7,1.0,2.0,0.7,0.30000000000000004,1.0,1.0,1.0,0.0,0.0,2.2,2.0,3.0,0.20000000000000018,0.7999999999999998,0.0,0.0,0.0,0.0,0.0,4.0,4.0,4.0,0.0,0.0,0.0,0.0,0.0,0.0,0.0,4.0,4.0,4.0,0.0,0.0
20,4,5,5,0.3,0.2,0.3,dense,True,20,20,20,4,5,5,14,Atomic phrase aggregation,validity_full_harmful_sequence_per_prompt,radius_derived,5,"0,10,20,30,40",0.0,0.0,0.0,0.0,0.0,1.0,1.0,1.0,0.0,0.0,1.65,1.25,2.0,0.3999999999999999,0.3500000000000001,1.7,1.0,2.0,0.7,0.30000000000000004,1.0,1.0,1.0,0.0,0.0,2.2,2.0,3.0,0.20000000000000018,0.7999999999999998,0.0,0.0,0.0,0.0,0.0,4.0,4.0,4.0,0.0,0.0,0.0,0.0,0.0,0.0,0.0,4.0,4.0,4.0,0.0,0.0
20,4,5,5,0.3,0.2,0.3,dense,True,20,20,20,4,5,5,15,Atomic phrase aggregation,validity_full_harmful_sequence_per_prompt,radius_derived,5,"0,10,20,30,40",0.0,0.0,0.0,0.0,0.0,1.0,1.0,1.0,0.0,0.0,1.65,1.25,2.0,0.3999999999999999,0.3500000000000001,1.7,1.0,2.0,0.7,0.30000000000000004,1.0,1.0,1.0,0.0,0.0,2.2,2.0,3.0,0.20000000000000018,0.7999999999999998,0.0,0.0,0.0,0.0,0.0,4.0,4.0,4.0,0.0,0.0,0.0,0.0,0.0,0.0,0.0,4.0,4.0,4.0,0.0,0.0
20,4,5,5,0.3,0.2,0.3,dense,True,20,20,20,4,5,5,16,Atomic phrase aggregation,validity_full_harmful_sequence_per_prompt,radius_derived,5,"0,10,20,30,40",0.0,0.0,0.0,0.0,0.0,1.0,1.0,1.0,0.0,0.0,1.65,1.25,2.0,0.3999999999999999,0.3500000000000001,1.7,1.0,2.0,0.7,0.30000000000000004,1.0,1.0,1.0,0.0,0.0,2.2,2.0,3.0,0.20000000000000018,0.7999999999999998,0.0,0.0,0.0,0.0,0.0,4.0,4.0,4.0,0.0,0.0,0.0,0.0,0.0,0.0,0.0,4.0,4.0,4.0,0.0,0.0
20,4,5,5,0.3,0.2,0.3,dense,True,20,20,20,4,5,5,17,Atomic phrase aggregation,validity_full_harmful_sequence_per_prompt,radius_derived,5,"0,10,20,30,40",0.0,0.0,0.0,0.0,0.0,1.0,1.0,1.0,0.0,0.0,1.65,1.25,2.0,0.3999999999999999,0.3500000000000001,1.7,1.0,2.0,0.7,0.30000000000000004,1.0,1.0,1.0,0.0,0.0,2.2,2.0,3.0,0.20000000000000018,0.7999999999999998,0.0,0.0,0.0,0.0,0.0,4.0,4.0,4.0,0.0,0.0,0.0,0.0,0.0,0.0,0.0,4.0,4.0,4.0,0.0,0.0
20,4,5,5,0.3,0.2,0.3,dense,True,20,20,20,4,5,5,18,Atomic phrase aggregation,validity_full_harmful_sequence_per_prompt,radius_derived,5,"0,10,20,30,40",0.0,0.0,0.0,0.0,0.0,1.0,1.0,1.0,0.0,0.0,1.65,1.25,2.0,0.3999999999999999,0.3500000000000001,1.7,1.0,2.0,0.7,0.30000000000000004,1.0,1.0,1.0,0.0,0.0,2.2,2.0,3.0,0.20000000000000018,0.7999999999999998,0.0,0.0,0.0,0.0,0.0,4.0,4.0,4.0,0.0,0.0,0.0,0.0,0.0,0.0,0.0,4.0,4.0,4.0,0.0,0.0
20,4,5,5,0.3,0.2,0.3,dense,True,20,20,20,4,5,5,19,Atomic phrase aggregation,validity_full_harmful_sequence_per_prompt,radius_derived,5,"0,10,20,30,40",0.0,0.0,0.0,0.0,0.0,1.0,1.0,1.0,0.0,0.0,1.65,1.25,2.0,0.3999999999999999,0.3500000000000001,1.7,1.0,2.0,0.7,0.30000000000000004,1.0,1.0,1.0,0.0,0.0,2.2,2.0,3.0,0.20000000000000018,0.7999999999999998,0.0,0.0,0.0,0.0,0.0,4.0,4.0,4.0,0.0,0.0,0.0,0.0,0.0,0.0,0.0,4.0,4.0,4.0,0.0,0.0
20,4,5,5,0.3,0.2,0.3,dense,True,20,20,20,4,5,5,20,Atomic phrase aggregation,validity_full_harmful_sequence_per_prompt,radius_derived,5,"0,10,20,30,40",0.0,0.0,0.0,0.0,0.0,1.0,1.0,1.0,0.0,0.0,1.65,1.25,2.0,0.3999999999999999,0.3500000000000001,1.7,1.0,2.0,0.7,0.30000000000000004,1.0,1.0,1.0,0.0,0.0,2.2,2.0,3.0,0.20000000000000018,0.7999999999999998,0.0,0.0,0.0,0.0,0.0,4.0,4.0,4.0,0.0,0.0,0.0,0.0,0.0,0.0,0.0,4.0,4.0,4.0,0.0,0.0
20,4,5,5,0.3,0.2,0.3,dense,True,20,20,20,4,5,5,0,Independent shard-aware composition diagnostic,validity_full_harmful_sequence_per_prompt,radius_derived,5,"0,10,20,30,40",1.0,1.0,1.0,0.0,0.0,0.0,0.0,0.0,0.0,0.0,12.25,8.25,18.25,4.0,6.0,12.3,8.0,18.0,4.300000000000001,5.699999999999999,9.4,7.0,13.0,2.4000000000000004,3.5999999999999996,15.0,10.0,24.0,5.0,9.0,4.0,4.0,4.0,0.0,0.0,4.0,4.0,4.0,0.0,0.0,0.0,0.0,0.0,0.0,0.0,4.0,4.0,4.0,0.0,0.0
20,4,5,5,0.3,0.2,0.3,dense,True,20,20,20,4,5,5,1,Independent shard-aware composition diagnostic,validity_full_harmful_sequence_per_prompt,radius_derived,5,"0,10,20,30,40",1.0,1.0,1.0,0.0,0.0,0.0,0.0,0.0,0.0,0.0,12.25,8.25,18.25,4.0,6.0,12.3,8.0,18.0,4.300000000000001,5.699999999999999,9.4,7.0,13.0,2.4000000000000004,3.5999999999999996,15.0,10.0,24.0,5.0,9.0,4.0,4.0,4.0,0.0,0.0,4.0,4.0,4.0,0.0,0.0,0.0,0.0,0.0,0.0,0.0,4.0,4.0,4.0,0.0,0.0
20,4,5,5,0.3,0.2,0.3,dense,True,20,20,20,4,5,5,2,Independent shard-aware composition diagnostic,validity_full_harmful_sequence_per_prompt,radius_derived,5,"0,10,20,30,40",1.0,1.0,1.0,0.0,0.0,0.0,0.0,0.0,0.0,0.0,12.25,8.25,18.25,4.0,6.0,12.3,8.0,18.0,4.300000000000001,5.699999999999999,9.4,7.0,13.0,2.4000000000000004,3.5999999999999996,15.0,10.0,24.0,5.0,9.0,4.0,4.0,4.0,0.0,0.0,4.0,4.0,4.0,0.0,0.0,0.0,0.0,0.0,0.0,0.0,4.0,4.0,4.0,0.0,0.0
20,4,5,5,0.3,0.2,0.3,dense,True,20,20,20,4,5,5,3,Independent shard-aware composition diagnostic,validity_full_harmful_sequence_per_prompt,radius_derived,5,"0,10,20,30,40",1.0,1.0,1.0,0.0,0.0,0.0,0.0,0.0,0.0,0.0,12.25,8.25,18.25,4.0,6.0,12.3,8.0,18.0,4.300000000000001,5.699999999999999,9.4,7.0,13.0,2.4000000000000004,3.5999999999999996,15.0,10.0,24.0,5.0,9.0,4.0,4.0,4.0,0.0,0.0,4.0,4.0,4.0,0.0,0.0,0.0,0.0,0.0,0.0,0.0,4.0,4.0,4.0,0.0,0.0
20,4,5,5,0.3,0.2,0.3,dense,True,20,20,20,4,5,5,4,Independent shard-aware composition diagnostic,validity_full_harmful_sequence_per_prompt,radius_derived,5,"0,10,20,30,40",1.0,1.0,1.0,0.0,0.0,0.0,0.0,0.0,0.0,0.0,12.25,8.25,18.25,4.0,6.0,12.3,8.0,18.0,4.300000000000001,5.699999999999999,9.4,7.0,13.0,2.4000000000000004,3.5999999999999996,15.0,10.0,24.0,5.0,9.0,4.0,4.0,4.0,0.0,0.0,4.0,4.0,4.0,0.0,0.0,0.0,0.0,0.0,0.0,0.0,4.0,4.0,4.0,0.0,0.0
20,4,5,5,0.3,0.2,0.3,dense,True,20,20,20,4,5,5,5,Independent shard-aware composition diagnostic,validity_full_harmful_sequence_per_prompt,radius_derived,5,"0,10,20,30,40",1.0,1.0,1.0,0.0,0.0,0.0,0.0,0.0,0.0,0.0,12.25,8.25,18.25,4.0,6.0,12.3,8.0,18.0,4.300000000000001,5.699999999999999,9.4,7.0,13.0,2.4000000000000004,3.5999999999999996,15.0,10.0,24.0,5.0,9.0,4.0,4.0,4.0,0.0,0.0,4.0,4.0,4.0,0.0,0.0,0.0,0.0,0.0,0.0,0.0,4.0,4.0,4.0,0.0,0.0
20,4,5,5,0.3,0.2,0.3,dense,True,20,20,20,4,5,5,6,Independent shard-aware composition diagnostic,validity_full_harmful_sequence_per_prompt,radius_derived,5,"0,10,20,30,40",1.0,1.0,1.0,0.0,0.0,0.0,0.0,0.0,0.0,0.0,12.25,8.25,18.25,4.0,6.0,12.3,8.0,18.0,4.300000000000001,5.699999999999999,9.4,7.0,13.0,2.4000000000000004,3.5999999999999996,15.0,10.0,24.0,5.0,9.0,4.0,4.0,4.0,0.0,0.0,4.0,4.0,4.0,0.0,0.0,0.0,0.0,0.0,0.0,0.0,4.0,4.0,4.0,0.0,0.0
20,4,5,5,0.3,0.2,0.3,dense,True,20,20,20,4,5,5,7,Independent shard-aware composition diagnostic,validity_full_harmful_sequence_per_prompt,radius_derived,5,"0,10,20,30,40",0.9,0.5,1.0,0.4,0.09999999999999998,0.1,0.0,0.5,0.1,0.4,12.25,8.25,18.25,4.0,6.0,12.3,8.0,18.0,4.300000000000001,5.699999999999999,9.4,7.0,13.0,2.4000000000000004,3.5999999999999996,15.0,10.0,24.0,5.0,9.0,3.6,2.0,4.0,1.6,0.3999999999999999,4.0,4.0,4.0,0.0,0.0,0.0,0.0,0.0,0.0,0.0,4.0,4.0,4.0,0.0,0.0
20,4,5,5,0.3,0.2,0.3,dense,True,20,20,20,4,5,5,8,Independent shard-aware composition diagnostic,validity_full_harmful_sequence_per_prompt,radius_derived,5,"0,10,20,30,40",0.85,0.5,1.0,0.35,0.15000000000000002,0.15,0.0,0.5,0.15,0.35,12.25,8.25,18.25,4.0,6.0,12.3,8.0,18.0,4.300000000000001,5.699999999999999,9.4,7.0,13.0,2.4000000000000004,3.5999999999999996,15.0,10.0,24.0,5.0,9.0,3.4,2.0,4.0,1.4,0.6000000000000001,4.0,4.0,4.0,0.0,0.0,0.0,0.0,0.0,0.0,0.0,4.0,4.0,4.0,0.0,0.0
20,4,5,5,0.3,0.2,0.3,dense,True,20,20,20,4,5,5,9,Independent shard-aware composition diagnostic,validity_full_harmful_sequence_per_prompt,radius_derived,5,"0,10,20,30,40",0.75,0.25,1.0,0.5,0.25,0.25,0.0,0.75,0.25,0.5,12.25,8.25,18.25,4.0,6.0,12.3,8.0,18.0,4.300000000000001,5.699999999999999,9.4,7.0,13.0,2.4000000000000004,3.5999999999999996,15.0,10.0,24.0,5.0,9.0,3.0,1.0,4.0,2.0,1.0,4.0,4.0,4.0,0.0,0.0,0.0,0.0,0.0,0.0,0.0,4.0,4.0,4.0,0.0,0.0
20,4,5,5,0.3,0.2,0.3,dense,True,20,20,20,4,5,5,10,Independent shard-aware composition diagnostic,validity_full_harmful_sequence_per_prompt,radius_derived,5,"0,10,20,30,40",0.6,0.0,1.0,0.6,0.4,0.4,0.0,1.0,0.4,0.6,12.25,8.25,18.25,4.0,6.0,12.3,8.0,18.0,4.300000000000001,5.699999999999999,9.4,7.0,13.0,2.4000000000000004,3.5999999999999996,15.0,10.0,24.0,5.0,9.0,2.4,0.0,4.0,2.4,1.6,4.0,4.0,4.0,0.0,0.0,0.0,0.0,0.0,0.0,0.0,4.0,4.0,4.0,0.0,0.0
20,4,5,5,0.3,0.2,0.3,dense,True,20,20,20,4,5,5,11,Independent shard-aware composition diagnostic,validity_full_harmful_sequence_per_prompt,radius_derived,5,"0,10,20,30,40",0.5,0.0,1.0,0.5,0.5,0.5,0.0,1.0,0.5,0.5,12.25,8.25,18.25,4.0,6.0,12.3,8.0,18.0,4.300000000000001,5.699999999999999,9.4,7.0,13.0,2.4000000000000004,3.5999999999999996,15.0,10.0,24.0,5.0,9.0,2.0,0.0,4.0,2.0,2.0,4.0,4.0,4.0,0.0,0.0,0.0,0.0,0.0,0.0,0.0,4.0,4.0,4.0,0.0,0.0
20,4,5,5,0.3,0.2,0.3,dense,True,20,20,20,4,5,5,12,Independent shard-aware composition diagnostic,validity_full_harmful_sequence_per_prompt,radius_derived,5,"0,10,20,30,40",0.35,0.0,1.0,0.35,0.65,0.65,0.0,1.0,0.65,0.35,12.25,8.25,18.25,4.0,6.0,12.3,8.0,18.0,4.300000000000001,5.699999999999999,9.4,7.0,13.0,2.4000000000000004,3.5999999999999996,15.0,10.0,24.0,5.0,9.0,1.4,0.0,4.0,1.4,2.6,4.0,4.0,4.0,0.0,0.0,0.0,0.0,0.0,0.0,0.0,4.0,4.0,4.0,0.0,0.0
20,4,5,5,0.3,0.2,0.3,dense,True,20,20,20,4,5,5,13,Independent shard-aware composition diagnostic,validity_full_harmful_sequence_per_prompt,radius_derived,5,"0,10,20,30,40",0.25,0.0,0.75,0.25,0.5,0.75,0.25,1.0,0.5,0.25,12.25,8.25,18.25,4.0,6.0,12.3,8.0,18.0,4.300000000000001,5.699999999999999,9.4,7.0,13.0,2.4000000000000004,3.5999999999999996,15.0,10.0,24.0,5.0,9.0,1.0,0.0,3.0,1.0,2.0,4.0,4.0,4.0,0.0,0.0,0.0,0.0,0.0,0.0,0.0,4.0,4.0,4.0,0.0,0.0
20,4,5,5,0.3,0.2,0.3,dense,True,20,20,20,4,5,5,14,Independent shard-aware composition diagnostic,validity_full_harmful_sequence_per_prompt,radius_derived,5,"0,10,20,30,40",0.25,0.0,0.75,0.25,0.5,0.75,0.25,1.0,0.5,0.25,12.25,8.25,18.25,4.0,6.0,12.3,8.0,18.0,4.300000000000001,5.699999999999999,9.4,7.0,13.0,2.4000000000000004,3.5999999999999996,15.0,10.0,24.0,5.0,9.0,1.0,0.0,3.0,1.0,2.0,4.0,4.0,4.0,0.0,0.0,0.0,0.0,0.0,0.0,0.0,4.0,4.0,4.0,0.0,0.0
20,4,5,5,0.3,0.2,0.3,dense,True,20,20,20,4,5,5,15,Independent shard-aware composition diagnostic,validity_full_harmful_sequence_per_prompt,radius_derived,5,"0,10,20,30,40",0.2,0.0,0.75,0.2,0.55,0.8,0.25,1.0,0.55,0.19999999999999996,12.25,8.25,18.25,4.0,6.0,12.3,8.0,18.0,4.300000000000001,5.699999999999999,9.4,7.0,13.0,2.4000000000000004,3.5999999999999996,15.0,10.0,24.0,5.0,9.0,0.8,0.0,3.0,0.8,2.2,4.0,4.0,4.0,0.0,0.0,0.0,0.0,0.0,0.0,0.0,4.0,4.0,4.0,0.0,0.0
20,4,5,5,0.3,0.2,0.3,dense,True,20,20,20,4,5,5,16,Independent shard-aware composition diagnostic,validity_full_harmful_sequence_per_prompt,radius_derived,5,"0,10,20,30,40",0.1,0.0,0.5,0.1,0.4,0.9,0.5,1.0,0.4,0.09999999999999998,12.25,8.25,18.25,4.0,6.0,12.3,8.0,18.0,4.300000000000001,5.699999999999999,9.4,7.0,13.0,2.4000000000000004,3.5999999999999996,15.0,10.0,24.0,5.0,9.0,0.4,0.0,2.0,0.4,1.6,4.0,4.0,4.0,0.0,0.0,0.0,0.0,0.0,0.0,0.0,4.0,4.0,4.0,0.0,0.0
20,4,5,5,0.3,0.2,0.3,dense,True,20,20,20,4,5,5,17,Independent shard-aware composition diagnostic,validity_full_harmful_sequence_per_prompt,radius_derived,5,"0,10,20,30,40",0.1,0.0,0.5,0.1,0.4,0.9,0.5,1.0,0.4,0.09999999999999998,12.25,8.25,18.25,4.0,6.0,12.3,8.0,18.0,4.300000000000001,5.699999999999999,9.4,7.0,13.0,2.4000000000000004,3.5999999999999996,15.0,10.0,24.0,5.0,9.0,0.4,0.0,2.0,0.4,1.6,4.0,4.0,4.0,0.0,0.0,0.0,0.0,0.0,0.0,0.0,4.0,4.0,4.0,0.0,0.0
20,4,5,5,0.3,0.2,0.3,dense,True,20,20,20,4,5,5,18,Independent shard-aware composition diagnostic,validity_full_harmful_sequence_per_prompt,radius_derived,5,"0,10,20,30,40",0.1,0.0,0.5,0.1,0.4,0.9,0.5,1.0,0.4,0.09999999999999998,12.25,8.25,18.25,4.0,6.0,12.3,8.0,18.0,4.300000000000001,5.699999999999999,9.4,7.0,13.0,2.4000000000000004,3.5999999999999996,15.0,10.0,24.0,5.0,9.0,0.4,0.0,2.0,0.4,1.6,4.0,4.0,4.0,0.0,0.0,0.0,0.0,0.0,0.0,0.0,4.0,4.0,4.0,0.0,0.0
20,4,5,5,0.3,0.2,0.3,dense,True,20,20,20,4,5,5,19,Independent shard-aware composition diagnostic,validity_full_harmful_sequence_per_prompt,radius_derived,5,"0,10,20,30,40",0.1,0.0,0.5,0.1,0.4,0.9,0.5,1.0,0.4,0.09999999999999998,12.25,8.25,18.25,4.0,6.0,12.3,8.0,18.0,4.300000000000001,5.699999999999999,9.4,7.0,13.0,2.4000000000000004,3.5999999999999996,15.0,10.0,24.0,5.0,9.0,0.4,0.0,2.0,0.4,1.6,4.0,4.0,4.0,0.0,0.0,0.0,0.0,0.0,0.0,0.0,4.0,4.0,4.0,0.0,0.0
20,4,5,5,0.3,0.2,0.3,dense,True,20,20,20,4,5,5,20,Independent shard-aware composition diagnostic,validity_full_harmful_sequence_per_prompt,radius_derived,5,"0,10,20,30,40",0.05,0.0,0.25,0.05,0.2,0.95,0.75,1.0,0.19999999999999996,0.050000000000000044,12.25,8.25,18.25,4.0,6.0,12.3,8.0,18.0,4.300000000000001,5.699999999999999,9.4,7.0,13.0,2.4000000000000004,3.5999999999999996,15.0,10.0,24.0,5.0,9.0,0.2,0.0,1.0,0.2,0.8,4.0,4.0,4.0,0.0,0.0,0.0,0.0,0.0,0.0,0.0,4.0,4.0,4.0,0.0,0.0
20,4,5,5,0.4,0.2,0.3,dense,True,20,20,20,4,5,5,0,DPA token margin,full_response_stable_against_any_token_change,radius_derived,5,"0,10,20,30,40",0.95,0.75,1.0,0.19999999999999996,0.050000000000000044,0.05,0.0,0.25,0.05,0.2,2.55,1.5,4.0,1.0499999999999998,1.4500000000000002,2.7,1.5,4.0,1.2000000000000002,1.2999999999999998,1.4,0.0,3.0,1.4,1.6,3.4,2.0,5.0,1.4,1.6,3.8,3.0,4.0,0.7999999999999998,0.20000000000000018,4.0,4.0,4.0,0.0,0.0,0.0,0.0,0.0,0.0,0.0,4.0,4.0,4.0,0.0,0.0
20,4,5,5,0.4,0.2,0.3,dense,True,20,20,20,4,5,5,1,DPA token margin,full_response_stable_against_any_token_change,radius_derived,5,"0,10,20,30,40",0.8,0.5,1.0,0.30000000000000004,0.19999999999999996,0.2,0.0,0.5,0.2,0.3,2.55,1.5,4.0,1.0499999999999998,1.4500000000000002,2.7,1.5,4.0,1.2000000000000002,1.2999999999999998,1.4,0.0,3.0,1.4,1.6,3.4,2.0,5.0,1.4,1.6,3.2,2.0,4.0,1.2000000000000002,0.7999999999999998,4.0,4.0,4.0,0.0,0.0,0.0,0.0,0.0,0.0,0.0,4.0,4.0,4.0,0.0,0.0
20,4,5,5,0.4,0.2,0.3,dense,True,20,20,20,4,5,5,2,DPA token margin,full_response_stable_against_any_token_change,radius_derived,5,"0,10,20,30,40",0.5,0.0,1.0,0.5,0.5,0.5,0.0,1.0,0.5,0.5,2.55,1.5,4.0,1.0499999999999998,1.4500000000000002,2.7,1.5,4.0,1.2000000000000002,1.2999999999999998,1.4,0.0,3.0,1.4,1.6,3.4,2.0,5.0,1.4,1.6,2.0,0.0,4.0,2.0,2.0,4.0,4.0,4.0,0.0,0.0,0.0,0.0,0.0,0.0,0.0,4.0,4.0,4.0,0.0,0.0
20,4,5,5,0.4,0.2,0.3,dense,True,20,20,20,4,5,5,3,DPA token margin,full_response_stable_against_any_token_change,radius_derived,5,"0,10,20,30,40",0.25,0.0,0.75,0.25,0.5,0.75,0.25,1.0,0.5,0.25,2.55,1.5,4.0,1.0499999999999998,1.4500000000000002,2.7,1.5,4.0,1.2000000000000002,1.2999999999999998,1.4,0.0,3.0,1.4,1.6,3.4,2.0,5.0,1.4,1.6,1.0,0.0,3.0,1.0,2.0,4.0,4.0,4.0,0.0,0.0,0.0,0.0,0.0,0.0,0.0,4.0,4.0,4.0,0.0,0.0
20,4,5,5,0.4,0.2,0.3,dense,True,20,20,20,4,5,5,4,DPA token margin,full_response_stable_against_any_token_change,radius_derived,5,"0,10,20,30,40",0.05,0.0,0.25,0.05,0.2,0.95,0.75,1.0,0.19999999999999996,0.050000000000000044,2.55,1.5,4.0,1.0499999999999998,1.4500000000000002,2.7,1.5,4.0,1.2000000000000002,1.2999999999999998,1.4,0.0,3.0,1.4,1.6,3.4,2.0,5.0,1.4,1.6,0.2,0.0,1.0,0.2,0.8,4.0,4.0,4.0,0.0,0.0,0.0,0.0,0.0,0.0,0.0,4.0,4.0,4.0,0.0,0.0
20,4,5,5,0.4,0.2,0.3,dense,True,20,20,20,4,5,5,5,DPA token margin,full_response_stable_against_any_token_change,radius_derived,5,"0,10,20,30,40",0.0,0.0,0.0,0.0,0.0,1.0,1.0,1.0,0.0,0.0,2.55,1.5,4.0,1.0499999999999998,1.4500000000000002,2.7,1.5,4.0,1.2000000000000002,1.2999999999999998,1.4,0.0,3.0,1.4,1.6,3.4,2.0,5.0,1.4,1.6,0.0,0.0,0.0,0.0,0.0,4.0,4.0,4.0,0.0,0.0,0.0,0.0,0.0,0.0,0.0,4.0,4.0,4.0,0.0,0.0
20,4,5,5,0.4,0.2,0.3,dense,True,20,20,20,4,5,5,6,DPA token margin,full_response_stable_against_any_token_change,radius_derived,5,"0,10,20,30,40",0.0,0.0,0.0,0.0,0.0,1.0,1.0,1.0,0.0,0.0,2.55,1.5,4.0,1.0499999999999998,1.4500000000000002,2.7,1.5,4.0,1.2000000000000002,1.2999999999999998,1.4,0.0,3.0,1.4,1.6,3.4,2.0,5.0,1.4,1.6,0.0,0.0,0.0,0.0,0.0,4.0,4.0,4.0,0.0,0.0,0.0,0.0,0.0,0.0,0.0,4.0,4.0,4.0,0.0,0.0
20,4,5,5,0.4,0.2,0.3,dense,True,20,20,20,4,5,5,7,DPA token margin,full_response_stable_against_any_token_change,radius_derived,5,"0,10,20,30,40",0.0,0.0,0.0,0.0,0.0,1.0,1.0,1.0,0.0,0.0,2.55,1.5,4.0,1.0499999999999998,1.4500000000000002,2.7,1.5,4.0,1.2000000000000002,1.2999999999999998,1.4,0.0,3.0,1.4,1.6,3.4,2.0,5.0,1.4,1.6,0.0,0.0,0.0,0.0,0.0,4.0,4.0,4.0,0.0,0.0,0.0,0.0,0.0,0.0,0.0,4.0,4.0,4.0,0.0,0.0
20,4,5,5,0.4,0.2,0.3,dense,True,20,20,20,4,5,5,8,DPA token margin,full_response_stable_against_any_token_change,radius_derived,5,"0,10,20,30,40",0.0,0.0,0.0,0.0,0.0,1.0,1.0,1.0,0.0,0.0,2.55,1.5,4.0,1.0499999999999998,1.4500000000000002,2.7,1.5,4.0,1.2000000000000002,1.2999999999999998,1.4,0.0,3.0,1.4,1.6,3.4,2.0,5.0,1.4,1.6,0.0,0.0,0.0,0.0,0.0,4.0,4.0,4.0,0.0,0.0,0.0,0.0,0.0,0.0,0.0,4.0,4.0,4.0,0.0,0.0
20,4,5,5,0.4,0.2,0.3,dense,True,20,20,20,4,5,5,9,DPA token margin,full_response_stable_against_any_token_change,radius_derived,5,"0,10,20,30,40",0.0,0.0,0.0,0.0,0.0,1.0,1.0,1.0,0.0,0.0,2.55,1.5,4.0,1.0499999999999998,1.4500000000000002,2.7,1.5,4.0,1.2000000000000002,1.2999999999999998,1.4,0.0,3.0,1.4,1.6,3.4,2.0,5.0,1.4,1.6,0.0,0.0,0.0,0.0,0.0,4.0,4.0,4.0,0.0,0.0,0.0,0.0,0.0,0.0,0.0,4.0,4.0,4.0,0.0,0.0
20,4,5,5,0.4,0.2,0.3,dense,True,20,20,20,4,5,5,10,DPA token margin,full_response_stable_against_any_token_change,radius_derived,5,"0,10,20,30,40",0.0,0.0,0.0,0.0,0.0,1.0,1.0,1.0,0.0,0.0,2.55,1.5,4.0,1.0499999999999998,1.4500000000000002,2.7,1.5,4.0,1.2000000000000002,1.2999999999999998,1.4,0.0,3.0,1.4,1.6,3.4,2.0,5.0,1.4,1.6,0.0,0.0,0.0,0.0,0.0,4.0,4.0,4.0,0.0,0.0,0.0,0.0,0.0,0.0,0.0,4.0,4.0,4.0,0.0,0.0
20,4,5,5,0.4,0.2,0.3,dense,True,20,20,20,4,5,5,11,DPA token margin,full_response_stable_against_any_token_change,radius_derived,5,"0,10,20,30,40",0.0,0.0,0.0,0.0,0.0,1.0,1.0,1.0,0.0,0.0,2.55,1.5,4.0,1.0499999999999998,1.4500000000000002,2.7,1.5,4.0,1.2000000000000002,1.2999999999999998,1.4,0.0,3.0,1.4,1.6,3.4,2.0,5.0,1.4,1.6,0.0,0.0,0.0,0.0,0.0,4.0,4.0,4.0,0.0,0.0,0.0,0.0,0.0,0.0,0.0,4.0,4.0,4.0,0.0,0.0
20,4,5,5,0.4,0.2,0.3,dense,True,20,20,20,4,5,5,12,DPA token margin,full_response_stable_against_any_token_change,radius_derived,5,"0,10,20,30,40",0.0,0.0,0.0,0.0,0.0,1.0,1.0,1.0,0.0,0.0,2.55,1.5,4.0,1.0499999999999998,1.4500000000000002,2.7,1.5,4.0,1.2000000000000002,1.2999999999999998,1.4,0.0,3.0,1.4,1.6,3.4,2.0,5.0,1.4,1.6,0.0,0.0,0.0,0.0,0.0,4.0,4.0,4.0,0.0,0.0,0.0,0.0,0.0,0.0,0.0,4.0,4.0,4.0,0.0,0.0
20,4,5,5,0.4,0.2,0.3,dense,True,20,20,20,4,5,5,13,DPA token margin,full_response_stable_against_any_token_change,radius_derived,5,"0,10,20,30,40",0.0,0.0,0.0,0.0,0.0,1.0,1.0,1.0,0.0,0.0,2.55,1.5,4.0,1.0499999999999998,1.4500000000000002,2.7,1.5,4.0,1.2000000000000002,1.2999999999999998,1.4,0.0,3.0,1.4,1.6,3.4,2.0,5.0,1.4,1.6,0.0,0.0,0.0,0.0,0.0,4.0,4.0,4.0,0.0,0.0,0.0,0.0,0.0,0.0,0.0,4.0,4.0,4.0,0.0,0.0
20,4,5,5,0.4,0.2,0.3,dense,True,20,20,20,4,5,5,14,DPA token margin,full_response_stable_against_any_token_change,radius_derived,5,"0,10,20,30,40",0.0,0.0,0.0,0.0,0.0,1.0,1.0,1.0,0.0,0.0,2.55,1.5,4.0,1.0499999999999998,1.4500000000000002,2.7,1.5,4.0,1.2000000000000002,1.2999999999999998,1.4,0.0,3.0,1.4,1.6,3.4,2.0,5.0,1.4,1.6,0.0,0.0,0.0,0.0,0.0,4.0,4.0,4.0,0.0,0.0,0.0,0.0,0.0,0.0,0.0,4.0,4.0,4.0,0.0,0.0
20,4,5,5,0.4,0.2,0.3,dense,True,20,20,20,4,5,5,15,DPA token margin,full_response_stable_against_any_token_change,radius_derived,5,"0,10,20,30,40",0.0,0.0,0.0,0.0,0.0,1.0,1.0,1.0,0.0,0.0,2.55,1.5,4.0,1.0499999999999998,1.4500000000000002,2.7,1.5,4.0,1.2000000000000002,1.2999999999999998,1.4,0.0,3.0,1.4,1.6,3.4,2.0,5.0,1.4,1.6,0.0,0.0,0.0,0.0,0.0,4.0,4.0,4.0,0.0,0.0,0.0,0.0,0.0,0.0,0.0,4.0,4.0,4.0,0.0,0.0
20,4,5,5,0.4,0.2,0.3,dense,True,20,20,20,4,5,5,16,DPA token margin,full_response_stable_against_any_token_change,radius_derived,5,"0,10,20,30,40",0.0,0.0,0.0,0.0,0.0,1.0,1.0,1.0,0.0,0.0,2.55,1.5,4.0,1.0499999999999998,1.4500000000000002,2.7,1.5,4.0,1.2000000000000002,1.2999999999999998,1.4,0.0,3.0,1.4,1.6,3.4,2.0,5.0,1.4,1.6,0.0,0.0,0.0,0.0,0.0,4.0,4.0,4.0,0.0,0.0,0.0,0.0,0.0,0.0,0.0,4.0,4.0,4.0,0.0,0.0
20,4,5,5,0.4,0.2,0.3,dense,True,20,20,20,4,5,5,17,DPA token margin,full_response_stable_against_any_token_change,radius_derived,5,"0,10,20,30,40",0.0,0.0,0.0,0.0,0.0,1.0,1.0,1.0,0.0,0.0,2.55,1.5,4.0,1.0499999999999998,1.4500000000000002,2.7,1.5,4.0,1.2000000000000002,1.2999999999999998,1.4,0.0,3.0,1.4,1.6,3.4,2.0,5.0,1.4,1.6,0.0,0.0,0.0,0.0,0.0,4.0,4.0,4.0,0.0,0.0,0.0,0.0,0.0,0.0,0.0,4.0,4.0,4.0,0.0,0.0
20,4,5,5,0.4,0.2,0.3,dense,True,20,20,20,4,5,5,18,DPA token margin,full_response_stable_against_any_token_change,radius_derived,5,"0,10,20,30,40",0.0,0.0,0.0,0.0,0.0,1.0,1.0,1.0,0.0,0.0,2.55,1.5,4.0,1.0499999999999998,1.4500000000000002,2.7,1.5,4.0,1.2000000000000002,1.2999999999999998,1.4,0.0,3.0,1.4,1.6,3.4,2.0,5.0,1.4,1.6,0.0,0.0,0.0,0.0,0.0,4.0,4.0,4.0,0.0,0.0,0.0,0.0,0.0,0.0,0.0,4.0,4.0,4.0,0.0,0.0
20,4,5,5,0.4,0.2,0.3,dense,True,20,20,20,4,5,5,19,DPA token margin,full_response_stable_against_any_token_change,radius_derived,5,"0,10,20,30,40",0.0,0.0,0.0,0.0,0.0,1.0,1.0,1.0,0.0,0.0,2.55,1.5,4.0,1.0499999999999998,1.4500000000000002,2.7,1.5,4.0,1.2000000000000002,1.2999999999999998,1.4,0.0,3.0,1.4,1.6,3.4,2.0,5.0,1.4,1.6,0.0,0.0,0.0,0.0,0.0,4.0,4.0,4.0,0.0,0.0,0.0,0.0,0.0,0.0,0.0,4.0,4.0,4.0,0.0,0.0
20,4,5,5,0.4,0.2,0.3,dense,True,20,20,20,4,5,5,20,DPA token margin,full_response_stable_against_any_token_change,radius_derived,5,"0,10,20,30,40",0.0,0.0,0.0,0.0,0.0,1.0,1.0,1.0,0.0,0.0,2.55,1.5,4.0,1.0499999999999998,1.4500000000000002,2.7,1.5,4.0,1.2000000000000002,1.2999999999999998,1.4,0.0,3.0,1.4,1.6,3.4,2.0,5.0,1.4,1.6,0.0,0.0,0.0,0.0,0.0,4.0,4.0,4.0,0.0,0.0,0.0,0.0,0.0,0.0,0.0,4.0,4.0,4.0,0.0,0.0
20,4,5,5,0.4,0.2,0.3,dense,True,20,20,20,4,5,5,0,Shared MILP,stability_one_token_per_prompt,radius_derived,5,"0,10,20,30,40",0.95,0.75,1.0,0.19999999999999996,0.050000000000000044,0.05,0.0,0.25,0.05,0.2,2.55,1.5,4.0,1.0499999999999998,1.4500000000000002,2.7,1.5,4.0,1.2000000000000002,1.2999999999999998,1.4,0.0,3.0,1.4,1.6,3.4,2.0,5.0,1.4,1.6,3.8,3.0,4.0,0.7999999999999998,0.20000000000000018,4.0,4.0,4.0,0.0,0.0,0.0,0.0,0.0,0.0,0.0,4.0,4.0,4.0,0.0,0.0
20,4,5,5,0.4,0.2,0.3,dense,True,20,20,20,4,5,5,1,Shared MILP,stability_one_token_per_prompt,radius_derived,5,"0,10,20,30,40",0.8,0.5,1.0,0.30000000000000004,0.19999999999999996,0.2,0.0,0.5,0.2,0.3,2.55,1.5,4.0,1.0499999999999998,1.4500000000000002,2.7,1.5,4.0,1.2000000000000002,1.2999999999999998,1.4,0.0,3.0,1.4,1.6,3.4,2.0,5.0,1.4,1.6,3.2,2.0,4.0,1.2000000000000002,0.7999999999999998,4.0,4.0,4.0,0.0,0.0,0.0,0.0,0.0,0.0,0.0,4.0,4.0,4.0,0.0,0.0
20,4,5,5,0.4,0.2,0.3,dense,True,20,20,20,4,5,5,2,Shared MILP,stability_one_token_per_prompt,radius_derived,5,"0,10,20,30,40",0.5,0.0,1.0,0.5,0.5,0.5,0.0,1.0,0.5,0.5,2.55,1.5,4.0,1.0499999999999998,1.4500000000000002,2.7,1.5,4.0,1.2000000000000002,1.2999999999999998,1.4,0.0,3.0,1.4,1.6,3.4,2.0,5.0,1.4,1.6,2.0,0.0,4.0,2.0,2.0,4.0,4.0,4.0,0.0,0.0,0.0,0.0,0.0,0.0,0.0,4.0,4.0,4.0,0.0,0.0
20,4,5,5,0.4,0.2,0.3,dense,True,20,20,20,4,5,5,3,Shared MILP,stability_one_token_per_prompt,radius_derived,5,"0,10,20,30,40",0.25,0.0,0.75,0.25,0.5,0.75,0.25,1.0,0.5,0.25,2.55,1.5,4.0,1.0499999999999998,1.4500000000000002,2.7,1.5,4.0,1.2000000000000002,1.2999999999999998,1.4,0.0,3.0,1.4,1.6,3.4,2.0,5.0,1.4,1.6,1.0,0.0,3.0,1.0,2.0,4.0,4.0,4.0,0.0,0.0,0.0,0.0,0.0,0.0,0.0,4.0,4.0,4.0,0.0,0.0
20,4,5,5,0.4,0.2,0.3,dense,True,20,20,20,4,5,5,4,Shared MILP,stability_one_token_per_prompt,radius_derived,5,"0,10,20,30,40",0.05,0.0,0.25,0.05,0.2,0.95,0.75,1.0,0.19999999999999996,0.050000000000000044,2.55,1.5,4.0,1.0499999999999998,1.4500000000000002,2.7,1.5,4.0,1.2000000000000002,1.2999999999999998,1.4,0.0,3.0,1.4,1.6,3.4,2.0,5.0,1.4,1.6,0.2,0.0,1.0,0.2,0.8,4.0,4.0,4.0,0.0,0.0,0.0,0.0,0.0,0.0,0.0,4.0,4.0,4.0,0.0,0.0
20,4,5,5,0.4,0.2,0.3,dense,True,20,20,20,4,5,5,5,Shared MILP,stability_one_token_per_prompt,radius_derived,5,"0,10,20,30,40",0.0,0.0,0.0,0.0,0.0,1.0,1.0,1.0,0.0,0.0,2.55,1.5,4.0,1.0499999999999998,1.4500000000000002,2.7,1.5,4.0,1.2000000000000002,1.2999999999999998,1.4,0.0,3.0,1.4,1.6,3.4,2.0,5.0,1.4,1.6,0.0,0.0,0.0,0.0,0.0,4.0,4.0,4.0,0.0,0.0,0.0,0.0,0.0,0.0,0.0,4.0,4.0,4.0,0.0,0.0
20,4,5,5,0.4,0.2,0.3,dense,True,20,20,20,4,5,5,6,Shared MILP,stability_one_token_per_prompt,radius_derived,5,"0,10,20,30,40",0.0,0.0,0.0,0.0,0.0,1.0,1.0,1.0,0.0,0.0,2.55,1.5,4.0,1.0499999999999998,1.4500000000000002,2.7,1.5,4.0,1.2000000000000002,1.2999999999999998,1.4,0.0,3.0,1.4,1.6,3.4,2.0,5.0,1.4,1.6,0.0,0.0,0.0,0.0,0.0,4.0,4.0,4.0,0.0,0.0,0.0,0.0,0.0,0.0,0.0,4.0,4.0,4.0,0.0,0.0
20,4,5,5,0.4,0.2,0.3,dense,True,20,20,20,4,5,5,7,Shared MILP,stability_one_token_per_prompt,radius_derived,5,"0,10,20,30,40",0.0,0.0,0.0,0.0,0.0,1.0,1.0,1.0,0.0,0.0,2.55,1.5,4.0,1.0499999999999998,1.4500000000000002,2.7,1.5,4.0,1.2000000000000002,1.2999999999999998,1.4,0.0,3.0,1.4,1.6,3.4,2.0,5.0,1.4,1.6,0.0,0.0,0.0,0.0,0.0,4.0,4.0,4.0,0.0,0.0,0.0,0.0,0.0,0.0,0.0,4.0,4.0,4.0,0.0,0.0
20,4,5,5,0.4,0.2,0.3,dense,True,20,20,20,4,5,5,8,Shared MILP,stability_one_token_per_prompt,radius_derived,5,"0,10,20,30,40",0.0,0.0,0.0,0.0,0.0,1.0,1.0,1.0,0.0,0.0,2.55,1.5,4.0,1.0499999999999998,1.4500000000000002,2.7,1.5,4.0,1.2000000000000002,1.2999999999999998,1.4,0.0,3.0,1.4,1.6,3.4,2.0,5.0,1.4,1.6,0.0,0.0,0.0,0.0,0.0,4.0,4.0,4.0,0.0,0.0,0.0,0.0,0.0,0.0,0.0,4.0,4.0,4.0,0.0,0.0
20,4,5,5,0.4,0.2,0.3,dense,True,20,20,20,4,5,5,9,Shared MILP,stability_one_token_per_prompt,radius_derived,5,"0,10,20,30,40",0.0,0.0,0.0,0.0,0.0,1.0,1.0,1.0,0.0,0.0,2.55,1.5,4.0,1.0499999999999998,1.4500000000000002,2.7,1.5,4.0,1.2000000000000002,1.2999999999999998,1.4,0.0,3.0,1.4,1.6,3.4,2.0,5.0,1.4,1.6,0.0,0.0,0.0,0.0,0.0,4.0,4.0,4.0,0.0,0.0,0.0,0.0,0.0,0.0,0.0,4.0,4.0,4.0,0.0,0.0
20,4,5,5,0.4,0.2,0.3,dense,True,20,20,20,4,5,5,10,Shared MILP,stability_one_token_per_prompt,radius_derived,5,"0,10,20,30,40",0.0,0.0,0.0,0.0,0.0,1.0,1.0,1.0,0.0,0.0,2.55,1.5,4.0,1.0499999999999998,1.4500000000000002,2.7,1.5,4.0,1.2000000000000002,1.2999999999999998,1.4,0.0,3.0,1.4,1.6,3.4,2.0,5.0,1.4,1.6,0.0,0.0,0.0,0.0,0.0,4.0,4.0,4.0,0.0,0.0,0.0,0.0,0.0,0.0,0.0,4.0,4.0,4.0,0.0,0.0
20,4,5,5,0.4,0.2,0.3,dense,True,20,20,20,4,5,5,11,Shared MILP,stability_one_token_per_prompt,radius_derived,5,"0,10,20,30,40",0.0,0.0,0.0,0.0,0.0,1.0,1.0,1.0,0.0,0.0,2.55,1.5,4.0,1.0499999999999998,1.4500000000000002,2.7,1.5,4.0,1.2000000000000002,1.2999999999999998,1.4,0.0,3.0,1.4,1.6,3.4,2.0,5.0,1.4,1.6,0.0,0.0,0.0,0.0,0.0,4.0,4.0,4.0,0.0,0.0,0.0,0.0,0.0,0.0,0.0,4.0,4.0,4.0,0.0,0.0
20,4,5,5,0.4,0.2,0.3,dense,True,20,20,20,4,5,5,12,Shared MILP,stability_one_token_per_prompt,radius_derived,5,"0,10,20,30,40",0.0,0.0,0.0,0.0,0.0,1.0,1.0,1.0,0.0,0.0,2.55,1.5,4.0,1.0499999999999998,1.4500000000000002,2.7,1.5,4.0,1.2000000000000002,1.2999999999999998,1.4,0.0,3.0,1.4,1.6,3.4,2.0,5.0,1.4,1.6,0.0,0.0,0.0,0.0,0.0,4.0,4.0,4.0,0.0,0.0,0.0,0.0,0.0,0.0,0.0,4.0,4.0,4.0,0.0,0.0
20,4,5,5,0.4,0.2,0.3,dense,True,20,20,20,4,5,5,13,Shared MILP,stability_one_token_per_prompt,radius_derived,5,"0,10,20,30,40",0.0,0.0,0.0,0.0,0.0,1.0,1.0,1.0,0.0,0.0,2.55,1.5,4.0,1.0499999999999998,1.4500000000000002,2.7,1.5,4.0,1.2000000000000002,1.2999999999999998,1.4,0.0,3.0,1.4,1.6,3.4,2.0,5.0,1.4,1.6,0.0,0.0,0.0,0.0,0.0,4.0,4.0,4.0,0.0,0.0,0.0,0.0,0.0,0.0,0.0,4.0,4.0,4.0,0.0,0.0
20,4,5,5,0.4,0.2,0.3,dense,True,20,20,20,4,5,5,14,Shared MILP,stability_one_token_per_prompt,radius_derived,5,"0,10,20,30,40",0.0,0.0,0.0,0.0,0.0,1.0,1.0,1.0,0.0,0.0,2.55,1.5,4.0,1.0499999999999998,1.4500000000000002,2.7,1.5,4.0,1.2000000000000002,1.2999999999999998,1.4,0.0,3.0,1.4,1.6,3.4,2.0,5.0,1.4,1.6,0.0,0.0,0.0,0.0,0.0,4.0,4.0,4.0,0.0,0.0,0.0,0.0,0.0,0.0,0.0,4.0,4.0,4.0,0.0,0.0
20,4,5,5,0.4,0.2,0.3,dense,True,20,20,20,4,5,5,15,Shared MILP,stability_one_token_per_prompt,radius_derived,5,"0,10,20,30,40",0.0,0.0,0.0,0.0,0.0,1.0,1.0,1.0,0.0,0.0,2.55,1.5,4.0,1.0499999999999998,1.4500000000000002,2.7,1.5,4.0,1.2000000000000002,1.2999999999999998,1.4,0.0,3.0,1.4,1.6,3.4,2.0,5.0,1.4,1.6,0.0,0.0,0.0,0.0,0.0,4.0,4.0,4.0,0.0,0.0,0.0,0.0,0.0,0.0,0.0,4.0,4.0,4.0,0.0,0.0
20,4,5,5,0.4,0.2,0.3,dense,True,20,20,20,4,5,5,16,Shared MILP,stability_one_token_per_prompt,radius_derived,5,"0,10,20,30,40",0.0,0.0,0.0,0.0,0.0,1.0,1.0,1.0,0.0,0.0,2.55,1.5,4.0,1.0499999999999998,1.4500000000000002,2.7,1.5,4.0,1.2000000000000002,1.2999999999999998,1.4,0.0,3.0,1.4,1.6,3.4,2.0,5.0,1.4,1.6,0.0,0.0,0.0,0.0,0.0,4.0,4.0,4.0,0.0,0.0,0.0,0.0,0.0,0.0,0.0,4.0,4.0,4.0,0.0,0.0
20,4,5,5,0.4,0.2,0.3,dense,True,20,20,20,4,5,5,17,Shared MILP,stability_one_token_per_prompt,radius_derived,5,"0,10,20,30,40",0.0,0.0,0.0,0.0,0.0,1.0,1.0,1.0,0.0,0.0,2.55,1.5,4.0,1.0499999999999998,1.4500000000000002,2.7,1.5,4.0,1.2000000000000002,1.2999999999999998,1.4,0.0,3.0,1.4,1.6,3.4,2.0,5.0,1.4,1.6,0.0,0.0,0.0,0.0,0.0,4.0,4.0,4.0,0.0,0.0,0.0,0.0,0.0,0.0,0.0,4.0,4.0,4.0,0.0,0.0
20,4,5,5,0.4,0.2,0.3,dense,True,20,20,20,4,5,5,18,Shared MILP,stability_one_token_per_prompt,radius_derived,5,"0,10,20,30,40",0.0,0.0,0.0,0.0,0.0,1.0,1.0,1.0,0.0,0.0,2.55,1.5,4.0,1.0499999999999998,1.4500000000000002,2.7,1.5,4.0,1.2000000000000002,1.2999999999999998,1.4,0.0,3.0,1.4,1.6,3.4,2.0,5.0,1.4,1.6,0.0,0.0,0.0,0.0,0.0,4.0,4.0,4.0,0.0,0.0,0.0,0.0,0.0,0.0,0.0,4.0,4.0,4.0,0.0,0.0
20,4,5,5,0.4,0.2,0.3,dense,True,20,20,20,4,5,5,19,Shared MILP,stability_one_token_per_prompt,radius_derived,5,"0,10,20,30,40",0.0,0.0,0.0,0.0,0.0,1.0,1.0,1.0,0.0,0.0,2.55,1.5,4.0,1.0499999999999998,1.4500000000000002,2.7,1.5,4.0,1.2000000000000002,1.2999999999999998,1.4,0.0,3.0,1.4,1.6,3.4,2.0,5.0,1.4,1.6,0.0,0.0,0.0,0.0,0.0,4.0,4.0,4.0,0.0,0.0,0.0,0.0,0.0,0.0,0.0,4.0,4.0,4.0,0.0,0.0
20,4,5,5,0.4,0.2,0.3,dense,True,20,20,20,4,5,5,20,Shared MILP,stability_one_token_per_prompt,radius_derived,5,"0,10,20,30,40",0.0,0.0,0.0,0.0,0.0,1.0,1.0,1.0,0.0,0.0,2.55,1.5,4.0,1.0499999999999998,1.4500000000000002,2.7,1.5,4.0,1.2000000000000002,1.2999999999999998,1.4,0.0,3.0,1.4,1.6,3.4,2.0,5.0,1.4,1.6,0.0,0.0,0.0,0.0,0.0,4.0,4.0,4.0,0.0,0.0,0.0,0.0,0.0,0.0,0.0,4.0,4.0,4.0,0.0,0.0
20,4,5,5,0.4,0.2,0.3,dense,True,20,20,20,4,5,5,0,Shared MILP,stability_full_sequence_per_prompt,radius_derived,5,"0,10,20,30,40",1.0,1.0,1.0,0.0,0.0,0.0,0.0,0.0,0.0,0.0,6.6,5.75,7.5,0.8499999999999996,0.9000000000000004,6.6,6.0,7.0,0.5999999999999996,0.40000000000000036,5.8,4.0,7.0,1.7999999999999998,1.2000000000000002,7.4,6.0,9.0,1.4000000000000004,1.5999999999999996,4.0,4.0,4.0,0.0,0.0,4.0,4.0,4.0,0.0,0.0,0.0,0.0,0.0,0.0,0.0,4.0,4.0,4.0,0.0,0.0
20,4,5,5,0.4,0.2,0.3,dense,True,20,20,20,4,5,5,1,Shared MILP,stability_full_sequence_per_prompt,radius_derived,5,"0,10,20,30,40",1.0,1.0,1.0,0.0,0.0,0.0,0.0,0.0,0.0,0.0,6.6,5.75,7.5,0.8499999999999996,0.9000000000000004,6.6,6.0,7.0,0.5999999999999996,0.40000000000000036,5.8,4.0,7.0,1.7999999999999998,1.2000000000000002,7.4,6.0,9.0,1.4000000000000004,1.5999999999999996,4.0,4.0,4.0,0.0,0.0,4.0,4.0,4.0,0.0,0.0,0.0,0.0,0.0,0.0,0.0,4.0,4.0,4.0,0.0,0.0
20,4,5,5,0.4,0.2,0.3,dense,True,20,20,20,4,5,5,2,Shared MILP,stability_full_sequence_per_prompt,radius_derived,5,"0,10,20,30,40",1.0,1.0,1.0,0.0,0.0,0.0,0.0,0.0,0.0,0.0,6.6,5.75,7.5,0.8499999999999996,0.9000000000000004,6.6,6.0,7.0,0.5999999999999996,0.40000000000000036,5.8,4.0,7.0,1.7999999999999998,1.2000000000000002,7.4,6.0,9.0,1.4000000000000004,1.5999999999999996,4.0,4.0,4.0,0.0,0.0,4.0,4.0,4.0,0.0,0.0,0.0,0.0,0.0,0.0,0.0,4.0,4.0,4.0,0.0,0.0
20,4,5,5,0.4,0.2,0.3,dense,True,20,20,20,4,5,5,3,Shared MILP,stability_full_sequence_per_prompt,radius_derived,5,"0,10,20,30,40",1.0,1.0,1.0,0.0,0.0,0.0,0.0,0.0,0.0,0.0,6.6,5.75,7.5,0.8499999999999996,0.9000000000000004,6.6,6.0,7.0,0.5999999999999996,0.40000000000000036,5.8,4.0,7.0,1.7999999999999998,1.2000000000000002,7.4,6.0,9.0,1.4000000000000004,1.5999999999999996,4.0,4.0,4.0,0.0,0.0,4.0,4.0,4.0,0.0,0.0,0.0,0.0,0.0,0.0,0.0,4.0,4.0,4.0,0.0,0.0
20,4,5,5,0.4,0.2,0.3,dense,True,20,20,20,4,5,5,4,Shared MILP,stability_full_sequence_per_prompt,radius_derived,5,"0,10,20,30,40",0.95,0.75,1.0,0.19999999999999996,0.050000000000000044,0.05,0.0,0.25,0.05,0.2,6.6,5.75,7.5,0.8499999999999996,0.9000000000000004,6.6,6.0,7.0,0.5999999999999996,0.40000000000000036,5.8,4.0,7.0,1.7999999999999998,1.2000000000000002,7.4,6.0,9.0,1.4000000000000004,1.5999999999999996,3.8,3.0,4.0,0.7999999999999998,0.20000000000000018,4.0,4.0,4.0,0.0,0.0,0.0,0.0,0.0,0.0,0.0,4.0,4.0,4.0,0.0,0.0
20,4,5,5,0.4,0.2,0.3,dense,True,20,20,20,4,5,5,5,Shared MILP,stability_full_sequence_per_prompt,radius_derived,5,"0,10,20,30,40",0.9,0.75,1.0,0.15000000000000002,0.09999999999999998,0.1,0.0,0.25,0.1,0.15,6.6,5.75,7.5,0.8499999999999996,0.9000000000000004,6.6,6.0,7.0,0.5999999999999996,0.40000000000000036,5.8,4.0,7.0,1.7999999999999998,1.2000000000000002,7.4,6.0,9.0,1.4000000000000004,1.5999999999999996,3.6,3.0,4.0,0.6000000000000001,0.3999999999999999,4.0,4.0,4.0,0.0,0.0,0.0,0.0,0.0,0.0,0.0,4.0,4.0,4.0,0.0,0.0
20,4,5,5,0.4,0.2,0.3,dense,True,20,20,20,4,5,5,6,Shared MILP,stability_full_sequence_per_prompt,radius_derived,5,"0,10,20,30,40",0.6,0.0,1.0,0.6,0.4,0.4,0.0,1.0,0.4,0.6,6.6,5.75,7.5,0.8499999999999996,0.9000000000000004,6.6,6.0,7.0,0.5999999999999996,0.40000000000000036,5.8,4.0,7.0,1.7999999999999998,1.2000000000000002,7.4,6.0,9.0,1.4000000000000004,1.5999999999999996,2.4,0.0,4.0,2.4,1.6,4.0,4.0,4.0,0.0,0.0,0.0,0.0,0.0,0.0,0.0,4.0,4.0,4.0,0.0,0.0
20,4,5,5,0.4,0.2,0.3,dense,True,20,20,20,4,5,5,7,Shared MILP,stability_full_sequence_per_prompt,radius_derived,5,"0,10,20,30,40",0.1,0.0,0.25,0.1,0.15,0.9,0.75,1.0,0.15000000000000002,0.09999999999999998,6.6,5.75,7.5,0.8499999999999996,0.9000000000000004,6.6,6.0,7.0,0.5999999999999996,0.40000000000000036,5.8,4.0,7.0,1.7999999999999998,1.2000000000000002,7.4,6.0,9.0,1.4000000000000004,1.5999999999999996,0.4,0.0,1.0,0.4,0.6,4.0,4.0,4.0,0.0,0.0,0.0,0.0,0.0,0.0,0.0,4.0,4.0,4.0,0.0,0.0
20,4,5,5,0.4,0.2,0.3,dense,True,20,20,20,4,5,5,8,Shared MILP,stability_full_sequence_per_prompt,radius_derived,5,"0,10,20,30,40",0.05,0.0,0.25,0.05,0.2,0.95,0.75,1.0,0.19999999999999996,0.050000000000000044,6.6,5.75,7.5,0.8499999999999996,0.9000000000000004,6.6,6.0,7.0,0.5999999999999996,0.40000000000000036,5.8,4.0,7.0,1.7999999999999998,1.2000000000000002,7.4,6.0,9.0,1.4000000000000004,1.5999999999999996,0.2,0.0,1.0,0.2,0.8,4.0,4.0,4.0,0.0,0.0,0.0,0.0,0.0,0.0,0.0,4.0,4.0,4.0,0.0,0.0
20,4,5,5,0.4,0.2,0.3,dense,True,20,20,20,4,5,5,9,Shared MILP,stability_full_sequence_per_prompt,radius_derived,5,"0,10,20,30,40",0.0,0.0,0.0,0.0,0.0,1.0,1.0,1.0,0.0,0.0,6.6,5.75,7.5,0.8499999999999996,0.9000000000000004,6.6,6.0,7.0,0.5999999999999996,0.40000000000000036,5.8,4.0,7.0,1.7999999999999998,1.2000000000000002,7.4,6.0,9.0,1.4000000000000004,1.5999999999999996,0.0,0.0,0.0,0.0,0.0,4.0,4.0,4.0,0.0,0.0,0.0,0.0,0.0,0.0,0.0,4.0,4.0,4.0,0.0,0.0
20,4,5,5,0.4,0.2,0.3,dense,True,20,20,20,4,5,5,10,Shared MILP,stability_full_sequence_per_prompt,radius_derived,5,"0,10,20,30,40",0.0,0.0,0.0,0.0,0.0,1.0,1.0,1.0,0.0,0.0,6.6,5.75,7.5,0.8499999999999996,0.9000000000000004,6.6,6.0,7.0,0.5999999999999996,0.40000000000000036,5.8,4.0,7.0,1.7999999999999998,1.2000000000000002,7.4,6.0,9.0,1.4000000000000004,1.5999999999999996,0.0,0.0,0.0,0.0,0.0,4.0,4.0,4.0,0.0,0.0,0.0,0.0,0.0,0.0,0.0,4.0,4.0,4.0,0.0,0.0
20,4,5,5,0.4,0.2,0.3,dense,True,20,20,20,4,5,5,11,Shared MILP,stability_full_sequence_per_prompt,radius_derived,5,"0,10,20,30,40",0.0,0.0,0.0,0.0,0.0,1.0,1.0,1.0,0.0,0.0,6.6,5.75,7.5,0.8499999999999996,0.9000000000000004,6.6,6.0,7.0,0.5999999999999996,0.40000000000000036,5.8,4.0,7.0,1.7999999999999998,1.2000000000000002,7.4,6.0,9.0,1.4000000000000004,1.5999999999999996,0.0,0.0,0.0,0.0,0.0,4.0,4.0,4.0,0.0,0.0,0.0,0.0,0.0,0.0,0.0,4.0,4.0,4.0,0.0,0.0
20,4,5,5,0.4,0.2,0.3,dense,True,20,20,20,4,5,5,12,Shared MILP,stability_full_sequence_per_prompt,radius_derived,5,"0,10,20,30,40",0.0,0.0,0.0,0.0,0.0,1.0,1.0,1.0,0.0,0.0,6.6,5.75,7.5,0.8499999999999996,0.9000000000000004,6.6,6.0,7.0,0.5999999999999996,0.40000000000000036,5.8,4.0,7.0,1.7999999999999998,1.2000000000000002,7.4,6.0,9.0,1.4000000000000004,1.5999999999999996,0.0,0.0,0.0,0.0,0.0,4.0,4.0,4.0,0.0,0.0,0.0,0.0,0.0,0.0,0.0,4.0,4.0,4.0,0.0,0.0
20,4,5,5,0.4,0.2,0.3,dense,True,20,20,20,4,5,5,13,Shared MILP,stability_full_sequence_per_prompt,radius_derived,5,"0,10,20,30,40",0.0,0.0,0.0,0.0,0.0,1.0,1.0,1.0,0.0,0.0,6.6,5.75,7.5,0.8499999999999996,0.9000000000000004,6.6,6.0,7.0,0.5999999999999996,0.40000000000000036,5.8,4.0,7.0,1.7999999999999998,1.2000000000000002,7.4,6.0,9.0,1.4000000000000004,1.5999999999999996,0.0,0.0,0.0,0.0,0.0,4.0,4.0,4.0,0.0,0.0,0.0,0.0,0.0,0.0,0.0,4.0,4.0,4.0,0.0,0.0
20,4,5,5,0.4,0.2,0.3,dense,True,20,20,20,4,5,5,14,Shared MILP,stability_full_sequence_per_prompt,radius_derived,5,"0,10,20,30,40",0.0,0.0,0.0,0.0,0.0,1.0,1.0,1.0,0.0,0.0,6.6,5.75,7.5,0.8499999999999996,0.9000000000000004,6.6,6.0,7.0,0.5999999999999996,0.40000000000000036,5.8,4.0,7.0,1.7999999999999998,1.2000000000000002,7.4,6.0,9.0,1.4000000000000004,1.5999999999999996,0.0,0.0,0.0,0.0,0.0,4.0,4.0,4.0,0.0,0.0,0.0,0.0,0.0,0.0,0.0,4.0,4.0,4.0,0.0,0.0
20,4,5,5,0.4,0.2,0.3,dense,True,20,20,20,4,5,5,15,Shared MILP,stability_full_sequence_per_prompt,radius_derived,5,"0,10,20,30,40",0.0,0.0,0.0,0.0,0.0,1.0,1.0,1.0,0.0,0.0,6.6,5.75,7.5,0.8499999999999996,0.9000000000000004,6.6,6.0,7.0,0.5999999999999996,0.40000000000000036,5.8,4.0,7.0,1.7999999999999998,1.2000000000000002,7.4,6.0,9.0,1.4000000000000004,1.5999999999999996,0.0,0.0,0.0,0.0,0.0,4.0,4.0,4.0,0.0,0.0,0.0,0.0,0.0,0.0,0.0,4.0,4.0,4.0,0.0,0.0
20,4,5,5,0.4,0.2,0.3,dense,True,20,20,20,4,5,5,16,Shared MILP,stability_full_sequence_per_prompt,radius_derived,5,"0,10,20,30,40",0.0,0.0,0.0,0.0,0.0,1.0,1.0,1.0,0.0,0.0,6.6,5.75,7.5,0.8499999999999996,0.9000000000000004,6.6,6.0,7.0,0.5999999999999996,0.40000000000000036,5.8,4.0,7.0,1.7999999999999998,1.2000000000000002,7.4,6.0,9.0,1.4000000000000004,1.5999999999999996,0.0,0.0,0.0,0.0,0.0,4.0,4.0,4.0,0.0,0.0,0.0,0.0,0.0,0.0,0.0,4.0,4.0,4.0,0.0,0.0
20,4,5,5,0.4,0.2,0.3,dense,True,20,20,20,4,5,5,17,Shared MILP,stability_full_sequence_per_prompt,radius_derived,5,"0,10,20,30,40",0.0,0.0,0.0,0.0,0.0,1.0,1.0,1.0,0.0,0.0,6.6,5.75,7.5,0.8499999999999996,0.9000000000000004,6.6,6.0,7.0,0.5999999999999996,0.40000000000000036,5.8,4.0,7.0,1.7999999999999998,1.2000000000000002,7.4,6.0,9.0,1.4000000000000004,1.5999999999999996,0.0,0.0,0.0,0.0,0.0,4.0,4.0,4.0,0.0,0.0,0.0,0.0,0.0,0.0,0.0,4.0,4.0,4.0,0.0,0.0
20,4,5,5,0.4,0.2,0.3,dense,True,20,20,20,4,5,5,18,Shared MILP,stability_full_sequence_per_prompt,radius_derived,5,"0,10,20,30,40",0.0,0.0,0.0,0.0,0.0,1.0,1.0,1.0,0.0,0.0,6.6,5.75,7.5,0.8499999999999996,0.9000000000000004,6.6,6.0,7.0,0.5999999999999996,0.40000000000000036,5.8,4.0,7.0,1.7999999999999998,1.2000000000000002,7.4,6.0,9.0,1.4000000000000004,1.5999999999999996,0.0,0.0,0.0,0.0,0.0,4.0,4.0,4.0,0.0,0.0,0.0,0.0,0.0,0.0,0.0,4.0,4.0,4.0,0.0,0.0
20,4,5,5,0.4,0.2,0.3,dense,True,20,20,20,4,5,5,19,Shared MILP,stability_full_sequence_per_prompt,radius_derived,5,"0,10,20,30,40",0.0,0.0,0.0,0.0,0.0,1.0,1.0,1.0,0.0,0.0,6.6,5.75,7.5,0.8499999999999996,0.9000000000000004,6.6,6.0,7.0,0.5999999999999996,0.40000000000000036,5.8,4.0,7.0,1.7999999999999998,1.2000000000000002,7.4,6.0,9.0,1.4000000000000004,1.5999999999999996,0.0,0.0,0.0,0.0,0.0,4.0,4.0,4.0,0.0,0.0,0.0,0.0,0.0,0.0,0.0,4.0,4.0,4.0,0.0,0.0
20,4,5,5,0.4,0.2,0.3,dense,True,20,20,20,4,5,5,20,Shared MILP,stability_full_sequence_per_prompt,radius_derived,5,"0,10,20,30,40",0.0,0.0,0.0,0.0,0.0,1.0,1.0,1.0,0.0,0.0,6.6,5.75,7.5,0.8499999999999996,0.9000000000000004,6.6,6.0,7.0,0.5999999999999996,0.40000000000000036,5.8,4.0,7.0,1.7999999999999998,1.2000000000000002,7.4,6.0,9.0,1.4000000000000004,1.5999999999999996,0.0,0.0,0.0,0.0,0.0,4.0,4.0,4.0,0.0,0.0,0.0,0.0,0.0,0.0,0.0,4.0,4.0,4.0,0.0,0.0
20,4,5,5,0.4,0.2,0.3,dense,True,20,20,20,4,5,5,0,Plain DPA max token,validity_full_harmful_sequence_per_prompt,radius_derived,5,"0,10,20,30,40",1.0,1.0,1.0,0.0,0.0,0.0,0.0,0.0,0.0,0.0,4.55,3.5,6.75,1.0499999999999998,2.2,4.5,3.5,6.5,1.0,2.0,3.8,3.0,6.0,0.7999999999999998,2.2,5.4,4.0,8.0,1.4000000000000004,2.5999999999999996,4.0,4.0,4.0,0.0,0.0,4.0,4.0,4.0,0.0,0.0,0.0,0.0,0.0,0.0,0.0,4.0,4.0,4.0,0.0,0.0
20,4,5,5,0.4,0.2,0.3,dense,True,20,20,20,4,5,5,1,Plain DPA max token,validity_full_harmful_sequence_per_prompt,radius_derived,5,"0,10,20,30,40",1.0,1.0,1.0,0.0,0.0,0.0,0.0,0.0,0.0,0.0,4.55,3.5,6.75,1.0499999999999998,2.2,4.5,3.5,6.5,1.0,2.0,3.8,3.0,6.0,0.7999999999999998,2.2,5.4,4.0,8.0,1.4000000000000004,2.5999999999999996,4.0,4.0,4.0,0.0,0.0,4.0,4.0,4.0,0.0,0.0,0.0,0.0,0.0,0.0,0.0,4.0,4.0,4.0,0.0,0.0
20,4,5,5,0.4,0.2,0.3,dense,True,20,20,20,4,5,5,2,Plain DPA max token,validity_full_harmful_sequence_per_prompt,radius_derived,5,"0,10,20,30,40",1.0,1.0,1.0,0.0,0.0,0.0,0.0,0.0,0.0,0.0,4.55,3.5,6.75,1.0499999999999998,2.2,4.5,3.5,6.5,1.0,2.0,3.8,3.0,6.0,0.7999999999999998,2.2,5.4,4.0,8.0,1.4000000000000004,2.5999999999999996,4.0,4.0,4.0,0.0,0.0,4.0,4.0,4.0,0.0,0.0,0.0,0.0,0.0,0.0,0.0,4.0,4.0,4.0,0.0,0.0
20,4,5,5,0.4,0.2,0.3,dense,True,20,20,20,4,5,5,3,Plain DPA max token,validity_full_harmful_sequence_per_prompt,radius_derived,5,"0,10,20,30,40",0.8,0.5,1.0,0.30000000000000004,0.19999999999999996,0.2,0.0,0.5,0.2,0.3,4.55,3.5,6.75,1.0499999999999998,2.2,4.5,3.5,6.5,1.0,2.0,3.8,3.0,6.0,0.7999999999999998,2.2,5.4,4.0,8.0,1.4000000000000004,2.5999999999999996,3.2,2.0,4.0,1.2000000000000002,0.7999999999999998,4.0,4.0,4.0,0.0,0.0,0.0,0.0,0.0,0.0,0.0,4.0,4.0,4.0,0.0,0.0
20,4,5,5,0.4,0.2,0.3,dense,True,20,20,20,4,5,5,4,Plain DPA max token,validity_full_harmful_sequence_per_prompt,radius_derived,5,"0,10,20,30,40",0.4,0.0,1.0,0.4,0.6,0.6,0.0,1.0,0.6,0.4,4.55,3.5,6.75,1.0499999999999998,2.2,4.5,3.5,6.5,1.0,2.0,3.8,3.0,6.0,0.7999999999999998,2.2,5.4,4.0,8.0,1.4000000000000004,2.5999999999999996,1.6,0.0,4.0,1.6,2.4,4.0,4.0,4.0,0.0,0.0,0.0,0.0,0.0,0.0,0.0,4.0,4.0,4.0,0.0,0.0
20,4,5,5,0.4,0.2,0.3,dense,True,20,20,20,4,5,5,5,Plain DPA max token,validity_full_harmful_sequence_per_prompt,radius_derived,5,"0,10,20,30,40",0.2,0.0,1.0,0.2,0.8,0.8,0.0,1.0,0.8,0.19999999999999996,4.55,3.5,6.75,1.0499999999999998,2.2,4.5,3.5,6.5,1.0,2.0,3.8,3.0,6.0,0.7999999999999998,2.2,5.4,4.0,8.0,1.4000000000000004,2.5999999999999996,0.8,0.0,4.0,0.8,3.2,4.0,4.0,4.0,0.0,0.0,0.0,0.0,0.0,0.0,0.0,4.0,4.0,4.0,0.0,0.0
20,4,5,5,0.4,0.2,0.3,dense,True,20,20,20,4,5,5,6,Plain DPA max token,validity_full_harmful_sequence_per_prompt,radius_derived,5,"0,10,20,30,40",0.1,0.0,0.5,0.1,0.4,0.9,0.5,1.0,0.4,0.09999999999999998,4.55,3.5,6.75,1.0499999999999998,2.2,4.5,3.5,6.5,1.0,2.0,3.8,3.0,6.0,0.7999999999999998,2.2,5.4,4.0,8.0,1.4000000000000004,2.5999999999999996,0.4,0.0,2.0,0.4,1.6,4.0,4.0,4.0,0.0,0.0,0.0,0.0,0.0,0.0,0.0,4.0,4.0,4.0,0.0,0.0
20,4,5,5,0.4,0.2,0.3,dense,True,20,20,20,4,5,5,7,Plain DPA max token,validity_full_harmful_sequence_per_prompt,radius_derived,5,"0,10,20,30,40",0.05,0.0,0.25,0.05,0.2,0.95,0.75,1.0,0.19999999999999996,0.050000000000000044,4.55,3.5,6.75,1.0499999999999998,2.2,4.5,3.5,6.5,1.0,2.0,3.8,3.0,6.0,0.7999999999999998,2.2,5.4,4.0,8.0,1.4000000000000004,2.5999999999999996,0.2,0.0,1.0,0.2,0.8,4.0,4.0,4.0,0.0,0.0,0.0,0.0,0.0,0.0,0.0,4.0,4.0,4.0,0.0,0.0
20,4,5,5,0.4,0.2,0.3,dense,True,20,20,20,4,5,5,8,Plain DPA max token,validity_full_harmful_sequence_per_prompt,radius_derived,5,"0,10,20,30,40",0.0,0.0,0.0,0.0,0.0,1.0,1.0,1.0,0.0,0.0,4.55,3.5,6.75,1.0499999999999998,2.2,4.5,3.5,6.5,1.0,2.0,3.8,3.0,6.0,0.7999999999999998,2.2,5.4,4.0,8.0,1.4000000000000004,2.5999999999999996,0.0,0.0,0.0,0.0,0.0,4.0,4.0,4.0,0.0,0.0,0.0,0.0,0.0,0.0,0.0,4.0,4.0,4.0,0.0,0.0
20,4,5,5,0.4,0.2,0.3,dense,True,20,20,20,4,5,5,9,Plain DPA max token,validity_full_harmful_sequence_per_prompt,radius_derived,5,"0,10,20,30,40",0.0,0.0,0.0,0.0,0.0,1.0,1.0,1.0,0.0,0.0,4.55,3.5,6.75,1.0499999999999998,2.2,4.5,3.5,6.5,1.0,2.0,3.8,3.0,6.0,0.7999999999999998,2.2,5.4,4.0,8.0,1.4000000000000004,2.5999999999999996,0.0,0.0,0.0,0.0,0.0,4.0,4.0,4.0,0.0,0.0,0.0,0.0,0.0,0.0,0.0,4.0,4.0,4.0,0.0,0.0
20,4,5,5,0.4,0.2,0.3,dense,True,20,20,20,4,5,5,10,Plain DPA max token,validity_full_harmful_sequence_per_prompt,radius_derived,5,"0,10,20,30,40",0.0,0.0,0.0,0.0,0.0,1.0,1.0,1.0,0.0,0.0,4.55,3.5,6.75,1.0499999999999998,2.2,4.5,3.5,6.5,1.0,2.0,3.8,3.0,6.0,0.7999999999999998,2.2,5.4,4.0,8.0,1.4000000000000004,2.5999999999999996,0.0,0.0,0.0,0.0,0.0,4.0,4.0,4.0,0.0,0.0,0.0,0.0,0.0,0.0,0.0,4.0,4.0,4.0,0.0,0.0
20,4,5,5,0.4,0.2,0.3,dense,True,20,20,20,4,5,5,11,Plain DPA max token,validity_full_harmful_sequence_per_prompt,radius_derived,5,"0,10,20,30,40",0.0,0.0,0.0,0.0,0.0,1.0,1.0,1.0,0.0,0.0,4.55,3.5,6.75,1.0499999999999998,2.2,4.5,3.5,6.5,1.0,2.0,3.8,3.0,6.0,0.7999999999999998,2.2,5.4,4.0,8.0,1.4000000000000004,2.5999999999999996,0.0,0.0,0.0,0.0,0.0,4.0,4.0,4.0,0.0,0.0,0.0,0.0,0.0,0.0,0.0,4.0,4.0,4.0,0.0,0.0
20,4,5,5,0.4,0.2,0.3,dense,True,20,20,20,4,5,5,12,Plain DPA max token,validity_full_harmful_sequence_per_prompt,radius_derived,5,"0,10,20,30,40",0.0,0.0,0.0,0.0,0.0,1.0,1.0,1.0,0.0,0.0,4.55,3.5,6.75,1.0499999999999998,2.2,4.5,3.5,6.5,1.0,2.0,3.8,3.0,6.0,0.7999999999999998,2.2,5.4,4.0,8.0,1.4000000000000004,2.5999999999999996,0.0,0.0,0.0,0.0,0.0,4.0,4.0,4.0,0.0,0.0,0.0,0.0,0.0,0.0,0.0,4.0,4.0,4.0,0.0,0.0
20,4,5,5,0.4,0.2,0.3,dense,True,20,20,20,4,5,5,13,Plain DPA max token,validity_full_harmful_sequence_per_prompt,radius_derived,5,"0,10,20,30,40",0.0,0.0,0.0,0.0,0.0,1.0,1.0,1.0,0.0,0.0,4.55,3.5,6.75,1.0499999999999998,2.2,4.5,3.5,6.5,1.0,2.0,3.8,3.0,6.0,0.7999999999999998,2.2,5.4,4.0,8.0,1.4000000000000004,2.5999999999999996,0.0,0.0,0.0,0.0,0.0,4.0,4.0,4.0,0.0,0.0,0.0,0.0,0.0,0.0,0.0,4.0,4.0,4.0,0.0,0.0
20,4,5,5,0.4,0.2,0.3,dense,True,20,20,20,4,5,5,14,Plain DPA max token,validity_full_harmful_sequence_per_prompt,radius_derived,5,"0,10,20,30,40",0.0,0.0,0.0,0.0,0.0,1.0,1.0,1.0,0.0,0.0,4.55,3.5,6.75,1.0499999999999998,2.2,4.5,3.5,6.5,1.0,2.0,3.8,3.0,6.0,0.7999999999999998,2.2,5.4,4.0,8.0,1.4000000000000004,2.5999999999999996,0.0,0.0,0.0,0.0,0.0,4.0,4.0,4.0,0.0,0.0,0.0,0.0,0.0,0.0,0.0,4.0,4.0,4.0,0.0,0.0
20,4,5,5,0.4,0.2,0.3,dense,True,20,20,20,4,5,5,15,Plain DPA max token,validity_full_harmful_sequence_per_prompt,radius_derived,5,"0,10,20,30,40",0.0,0.0,0.0,0.0,0.0,1.0,1.0,1.0,0.0,0.0,4.55,3.5,6.75,1.0499999999999998,2.2,4.5,3.5,6.5,1.0,2.0,3.8,3.0,6.0,0.7999999999999998,2.2,5.4,4.0,8.0,1.4000000000000004,2.5999999999999996,0.0,0.0,0.0,0.0,0.0,4.0,4.0,4.0,0.0,0.0,0.0,0.0,0.0,0.0,0.0,4.0,4.0,4.0,0.0,0.0
20,4,5,5,0.4,0.2,0.3,dense,True,20,20,20,4,5,5,16,Plain DPA max token,validity_full_harmful_sequence_per_prompt,radius_derived,5,"0,10,20,30,40",0.0,0.0,0.0,0.0,0.0,1.0,1.0,1.0,0.0,0.0,4.55,3.5,6.75,1.0499999999999998,2.2,4.5,3.5,6.5,1.0,2.0,3.8,3.0,6.0,0.7999999999999998,2.2,5.4,4.0,8.0,1.4000000000000004,2.5999999999999996,0.0,0.0,0.0,0.0,0.0,4.0,4.0,4.0,0.0,0.0,0.0,0.0,0.0,0.0,0.0,4.0,4.0,4.0,0.0,0.0
20,4,5,5,0.4,0.2,0.3,dense,True,20,20,20,4,5,5,17,Plain DPA max token,validity_full_harmful_sequence_per_prompt,radius_derived,5,"0,10,20,30,40",0.0,0.0,0.0,0.0,0.0,1.0,1.0,1.0,0.0,0.0,4.55,3.5,6.75,1.0499999999999998,2.2,4.5,3.5,6.5,1.0,2.0,3.8,3.0,6.0,0.7999999999999998,2.2,5.4,4.0,8.0,1.4000000000000004,2.5999999999999996,0.0,0.0,0.0,0.0,0.0,4.0,4.0,4.0,0.0,0.0,0.0,0.0,0.0,0.0,0.0,4.0,4.0,4.0,0.0,0.0
20,4,5,5,0.4,0.2,0.3,dense,True,20,20,20,4,5,5,18,Plain DPA max token,validity_full_harmful_sequence_per_prompt,radius_derived,5,"0,10,20,30,40",0.0,0.0,0.0,0.0,0.0,1.0,1.0,1.0,0.0,0.0,4.55,3.5,6.75,1.0499999999999998,2.2,4.5,3.5,6.5,1.0,2.0,3.8,3.0,6.0,0.7999999999999998,2.2,5.4,4.0,8.0,1.4000000000000004,2.5999999999999996,0.0,0.0,0.0,0.0,0.0,4.0,4.0,4.0,0.0,0.0,0.0,0.0,0.0,0.0,0.0,4.0,4.0,4.0,0.0,0.0
20,4,5,5,0.4,0.2,0.3,dense,True,20,20,20,4,5,5,19,Plain DPA max token,validity_full_harmful_sequence_per_prompt,radius_derived,5,"0,10,20,30,40",0.0,0.0,0.0,0.0,0.0,1.0,1.0,1.0,0.0,0.0,4.55,3.5,6.75,1.0499999999999998,2.2,4.5,3.5,6.5,1.0,2.0,3.8,3.0,6.0,0.7999999999999998,2.2,5.4,4.0,8.0,1.4000000000000004,2.5999999999999996,0.0,0.0,0.0,0.0,0.0,4.0,4.0,4.0,0.0,0.0,0.0,0.0,0.0,0.0,0.0,4.0,4.0,4.0,0.0,0.0
20,4,5,5,0.4,0.2,0.3,dense,True,20,20,20,4,5,5,20,Plain DPA max token,validity_full_harmful_sequence_per_prompt,radius_derived,5,"0,10,20,30,40",0.0,0.0,0.0,0.0,0.0,1.0,1.0,1.0,0.0,0.0,4.55,3.5,6.75,1.0499999999999998,2.2,4.5,3.5,6.5,1.0,2.0,3.8,3.0,6.0,0.7999999999999998,2.2,5.4,4.0,8.0,1.4000000000000004,2.5999999999999996,0.0,0.0,0.0,0.0,0.0,4.0,4.0,4.0,0.0,0.0,0.0,0.0,0.0,0.0,0.0,4.0,4.0,4.0,0.0,0.0
20,4,5,5,0.4,0.2,0.3,dense,True,20,20,20,4,5,5,0,Shard-aware weakest-token diagnostic,weakest_harmful_token_not_full_sequence_validity,radius_derived,5,"0,10,20,30,40",0.4,0.0,0.75,0.4,0.35,0.6,0.25,1.0,0.35,0.4,0.45,0.0,0.75,0.45,0.3,0.4,0.0,1.0,0.4,0.6,0.0,0.0,0.0,0.0,0.0,1.0,0.0,2.0,1.0,1.0,1.6,0.0,3.0,1.6,1.4,4.0,4.0,4.0,0.0,0.0,0.0,0.0,0.0,0.0,0.0,4.0,4.0,4.0,0.0,0.0
20,4,5,5,0.4,0.2,0.3,dense,True,20,20,20,4,5,5,1,Shard-aware weakest-token diagnostic,weakest_harmful_token_not_full_sequence_validity,radius_derived,5,"0,10,20,30,40",0.05,0.0,0.25,0.05,0.2,0.95,0.75,1.0,0.19999999999999996,0.050000000000000044,0.45,0.0,0.75,0.45,0.3,0.4,0.0,1.0,0.4,0.6,0.0,0.0,0.0,0.0,0.0,1.0,0.0,2.0,1.0,1.0,0.2,0.0,1.0,0.2,0.8,4.0,4.0,4.0,0.0,0.0,0.0,0.0,0.0,0.0,0.0,4.0,4.0,4.0,0.0,0.0
20,4,5,5,0.4,0.2,0.3,dense,True,20,20,20,4,5,5,2,Shard-aware weakest-token diagnostic,weakest_harmful_token_not_full_sequence_validity,radius_derived,5,"0,10,20,30,40",0.0,0.0,0.0,0.0,0.0,1.0,1.0,1.0,0.0,0.0,0.45,0.0,0.75,0.45,0.3,0.4,0.0,1.0,0.4,0.6,0.0,0.0,0.0,0.0,0.0,1.0,0.0,2.0,1.0,1.0,0.0,0.0,0.0,0.0,0.0,4.0,4.0,4.0,0.0,0.0,0.0,0.0,0.0,0.0,0.0,4.0,4.0,4.0,0.0,0.0
20,4,5,5,0.4,0.2,0.3,dense,True,20,20,20,4,5,5,3,Shard-aware weakest-token diagnostic,weakest_harmful_token_not_full_sequence_validity,radius_derived,5,"0,10,20,30,40",0.0,0.0,0.0,0.0,0.0,1.0,1.0,1.0,0.0,0.0,0.45,0.0,0.75,0.45,0.3,0.4,0.0,1.0,0.4,0.6,0.0,0.0,0.0,0.0,0.0,1.0,0.0,2.0,1.0,1.0,0.0,0.0,0.0,0.0,0.0,4.0,4.0,4.0,0.0,0.0,0.0,0.0,0.0,0.0,0.0,4.0,4.0,4.0,0.0,0.0
20,4,5,5,0.4,0.2,0.3,dense,True,20,20,20,4,5,5,4,Shard-aware weakest-token diagnostic,weakest_harmful_token_not_full_sequence_validity,radius_derived,5,"0,10,20,30,40",0.0,0.0,0.0,0.0,0.0,1.0,1.0,1.0,0.0,0.0,0.45,0.0,0.75,0.45,0.3,0.4,0.0,1.0,0.4,0.6,0.0,0.0,0.0,0.0,0.0,1.0,0.0,2.0,1.0,1.0,0.0,0.0,0.0,0.0,0.0,4.0,4.0,4.0,0.0,0.0,0.0,0.0,0.0,0.0,0.0,4.0,4.0,4.0,0.0,0.0
20,4,5,5,0.4,0.2,0.3,dense,True,20,20,20,4,5,5,5,Shard-aware weakest-token diagnostic,weakest_harmful_token_not_full_sequence_validity,radius_derived,5,"0,10,20,30,40",0.0,0.0,0.0,0.0,0.0,1.0,1.0,1.0,0.0,0.0,0.45,0.0,0.75,0.45,0.3,0.4,0.0,1.0,0.4,0.6,0.0,0.0,0.0,0.0,0.0,1.0,0.0,2.0,1.0,1.0,0.0,0.0,0.0,0.0,0.0,4.0,4.0,4.0,0.0,0.0,0.0,0.0,0.0,0.0,0.0,4.0,4.0,4.0,0.0,0.0
20,4,5,5,0.4,0.2,0.3,dense,True,20,20,20,4,5,5,6,Shard-aware weakest-token diagnostic,weakest_harmful_token_not_full_sequence_validity,radius_derived,5,"0,10,20,30,40",0.0,0.0,0.0,0.0,0.0,1.0,1.0,1.0,0.0,0.0,0.45,0.0,0.75,0.45,0.3,0.4,0.0,1.0,0.4,0.6,0.0,0.0,0.0,0.0,0.0,1.0,0.0,2.0,1.0,1.0,0.0,0.0,0.0,0.0,0.0,4.0,4.0,4.0,0.0,0.0,0.0,0.0,0.0,0.0,0.0,4.0,4.0,4.0,0.0,0.0
20,4,5,5,0.4,0.2,0.3,dense,True,20,20,20,4,5,5,7,Shard-aware weakest-token diagnostic,weakest_harmful_token_not_full_sequence_validity,radius_derived,5,"0,10,20,30,40",0.0,0.0,0.0,0.0,0.0,1.0,1.0,1.0,0.0,0.0,0.45,0.0,0.75,0.45,0.3,0.4,0.0,1.0,0.4,0.6,0.0,0.0,0.0,0.0,0.0,1.0,0.0,2.0,1.0,1.0,0.0,0.0,0.0,0.0,0.0,4.0,4.0,4.0,0.0,0.0,0.0,0.0,0.0,0.0,0.0,4.0,4.0,4.0,0.0,0.0
20,4,5,5,0.4,0.2,0.3,dense,True,20,20,20,4,5,5,8,Shard-aware weakest-token diagnostic,weakest_harmful_token_not_full_sequence_validity,radius_derived,5,"0,10,20,30,40",0.0,0.0,0.0,0.0,0.0,1.0,1.0,1.0,0.0,0.0,0.45,0.0,0.75,0.45,0.3,0.4,0.0,1.0,0.4,0.6,0.0,0.0,0.0,0.0,0.0,1.0,0.0,2.0,1.0,1.0,0.0,0.0,0.0,0.0,0.0,4.0,4.0,4.0,0.0,0.0,0.0,0.0,0.0,0.0,0.0,4.0,4.0,4.0,0.0,0.0
20,4,5,5,0.4,0.2,0.3,dense,True,20,20,20,4,5,5,9,Shard-aware weakest-token diagnostic,weakest_harmful_token_not_full_sequence_validity,radius_derived,5,"0,10,20,30,40",0.0,0.0,0.0,0.0,0.0,1.0,1.0,1.0,0.0,0.0,0.45,0.0,0.75,0.45,0.3,0.4,0.0,1.0,0.4,0.6,0.0,0.0,0.0,0.0,0.0,1.0,0.0,2.0,1.0,1.0,0.0,0.0,0.0,0.0,0.0,4.0,4.0,4.0,0.0,0.0,0.0,0.0,0.0,0.0,0.0,4.0,4.0,4.0,0.0,0.0
20,4,5,5,0.4,0.2,0.3,dense,True,20,20,20,4,5,5,10,Shard-aware weakest-token diagnostic,weakest_harmful_token_not_full_sequence_validity,radius_derived,5,"0,10,20,30,40",0.0,0.0,0.0,0.0,0.0,1.0,1.0,1.0,0.0,0.0,0.45,0.0,0.75,0.45,0.3,0.4,0.0,1.0,0.4,0.6,0.0,0.0,0.0,0.0,0.0,1.0,0.0,2.0,1.0,1.0,0.0,0.0,0.0,0.0,0.0,4.0,4.0,4.0,0.0,0.0,0.0,0.0,0.0,0.0,0.0,4.0,4.0,4.0,0.0,0.0
20,4,5,5,0.4,0.2,0.3,dense,True,20,20,20,4,5,5,11,Shard-aware weakest-token diagnostic,weakest_harmful_token_not_full_sequence_validity,radius_derived,5,"0,10,20,30,40",0.0,0.0,0.0,0.0,0.0,1.0,1.0,1.0,0.0,0.0,0.45,0.0,0.75,0.45,0.3,0.4,0.0,1.0,0.4,0.6,0.0,0.0,0.0,0.0,0.0,1.0,0.0,2.0,1.0,1.0,0.0,0.0,0.0,0.0,0.0,4.0,4.0,4.0,0.0,0.0,0.0,0.0,0.0,0.0,0.0,4.0,4.0,4.0,0.0,0.0
20,4,5,5,0.4,0.2,0.3,dense,True,20,20,20,4,5,5,12,Shard-aware weakest-token diagnostic,weakest_harmful_token_not_full_sequence_validity,radius_derived,5,"0,10,20,30,40",0.0,0.0,0.0,0.0,0.0,1.0,1.0,1.0,0.0,0.0,0.45,0.0,0.75,0.45,0.3,0.4,0.0,1.0,0.4,0.6,0.0,0.0,0.0,0.0,0.0,1.0,0.0,2.0,1.0,1.0,0.0,0.0,0.0,0.0,0.0,4.0,4.0,4.0,0.0,0.0,0.0,0.0,0.0,0.0,0.0,4.0,4.0,4.0,0.0,0.0
20,4,5,5,0.4,0.2,0.3,dense,True,20,20,20,4,5,5,13,Shard-aware weakest-token diagnostic,weakest_harmful_token_not_full_sequence_validity,radius_derived,5,"0,10,20,30,40",0.0,0.0,0.0,0.0,0.0,1.0,1.0,1.0,0.0,0.0,0.45,0.0,0.75,0.45,0.3,0.4,0.0,1.0,0.4,0.6,0.0,0.0,0.0,0.0,0.0,1.0,0.0,2.0,1.0,1.0,0.0,0.0,0.0,0.0,0.0,4.0,4.0,4.0,0.0,0.0,0.0,0.0,0.0,0.0,0.0,4.0,4.0,4.0,0.0,0.0
20,4,5,5,0.4,0.2,0.3,dense,True,20,20,20,4,5,5,14,Shard-aware weakest-token diagnostic,weakest_harmful_token_not_full_sequence_validity,radius_derived,5,"0,10,20,30,40",0.0,0.0,0.0,0.0,0.0,1.0,1.0,1.0,0.0,0.0,0.45,0.0,0.75,0.45,0.3,0.4,0.0,1.0,0.4,0.6,0.0,0.0,0.0,0.0,0.0,1.0,0.0,2.0,1.0,1.0,0.0,0.0,0.0,0.0,0.0,4.0,4.0,4.0,0.0,0.0,0.0,0.0,0.0,0.0,0.0,4.0,4.0,4.0,0.0,0.0
20,4,5,5,0.4,0.2,0.3,dense,True,20,20,20,4,5,5,15,Shard-aware weakest-token diagnostic,weakest_harmful_token_not_full_sequence_validity,radius_derived,5,"0,10,20,30,40",0.0,0.0,0.0,0.0,0.0,1.0,1.0,1.0,0.0,0.0,0.45,0.0,0.75,0.45,0.3,0.4,0.0,1.0,0.4,0.6,0.0,0.0,0.0,0.0,0.0,1.0,0.0,2.0,1.0,1.0,0.0,0.0,0.0,0.0,0.0,4.0,4.0,4.0,0.0,0.0,0.0,0.0,0.0,0.0,0.0,4.0,4.0,4.0,0.0,0.0
20,4,5,5,0.4,0.2,0.3,dense,True,20,20,20,4,5,5,16,Shard-aware weakest-token diagnostic,weakest_harmful_token_not_full_sequence_validity,radius_derived,5,"0,10,20,30,40",0.0,0.0,0.0,0.0,0.0,1.0,1.0,1.0,0.0,0.0,0.45,0.0,0.75,0.45,0.3,0.4,0.0,1.0,0.4,0.6,0.0,0.0,0.0,0.0,0.0,1.0,0.0,2.0,1.0,1.0,0.0,0.0,0.0,0.0,0.0,4.0,4.0,4.0,0.0,0.0,0.0,0.0,0.0,0.0,0.0,4.0,4.0,4.0,0.0,0.0
20,4,5,5,0.4,0.2,0.3,dense,True,20,20,20,4,5,5,17,Shard-aware weakest-token diagnostic,weakest_harmful_token_not_full_sequence_validity,radius_derived,5,"0,10,20,30,40",0.0,0.0,0.0,0.0,0.0,1.0,1.0,1.0,0.0,0.0,0.45,0.0,0.75,0.45,0.3,0.4,0.0,1.0,0.4,0.6,0.0,0.0,0.0,0.0,0.0,1.0,0.0,2.0,1.0,1.0,0.0,0.0,0.0,0.0,0.0,4.0,4.0,4.0,0.0,0.0,0.0,0.0,0.0,0.0,0.0,4.0,4.0,4.0,0.0,0.0
20,4,5,5,0.4,0.2,0.3,dense,True,20,20,20,4,5,5,18,Shard-aware weakest-token diagnostic,weakest_harmful_token_not_full_sequence_validity,radius_derived,5,"0,10,20,30,40",0.0,0.0,0.0,0.0,0.0,1.0,1.0,1.0,0.0,0.0,0.45,0.0,0.75,0.45,0.3,0.4,0.0,1.0,0.4,0.6,0.0,0.0,0.0,0.0,0.0,1.0,0.0,2.0,1.0,1.0,0.0,0.0,0.0,0.0,0.0,4.0,4.0,4.0,0.0,0.0,0.0,0.0,0.0,0.0,0.0,4.0,4.0,4.0,0.0,0.0
20,4,5,5,0.4,0.2,0.3,dense,True,20,20,20,4,5,5,19,Shard-aware weakest-token diagnostic,weakest_harmful_token_not_full_sequence_validity,radius_derived,5,"0,10,20,30,40",0.0,0.0,0.0,0.0,0.0,1.0,1.0,1.0,0.0,0.0,0.45,0.0,0.75,0.45,0.3,0.4,0.0,1.0,0.4,0.6,0.0,0.0,0.0,0.0,0.0,1.0,0.0,2.0,1.0,1.0,0.0,0.0,0.0,0.0,0.0,4.0,4.0,4.0,0.0,0.0,0.0,0.0,0.0,0.0,0.0,4.0,4.0,4.0,0.0,0.0
20,4,5,5,0.4,0.2,0.3,dense,True,20,20,20,4,5,5,20,Shard-aware weakest-token diagnostic,weakest_harmful_token_not_full_sequence_validity,radius_derived,5,"0,10,20,30,40",0.0,0.0,0.0,0.0,0.0,1.0,1.0,1.0,0.0,0.0,0.45,0.0,0.75,0.45,0.3,0.4,0.0,1.0,0.4,0.6,0.0,0.0,0.0,0.0,0.0,1.0,0.0,2.0,1.0,1.0,0.0,0.0,0.0,0.0,0.0,4.0,4.0,4.0,0.0,0.0,0.0,0.0,0.0,0.0,0.0,4.0,4.0,4.0,0.0,0.0
20,4,5,5,0.4,0.2,0.3,dense,True,20,20,20,4,5,5,0,Shard-aware independent max-token diagnostic,most_difficult_harmful_token_not_full_sequence_validity,radius_derived,5,"0,10,20,30,40",1.0,1.0,1.0,0.0,0.0,0.0,0.0,0.0,0.0,0.0,4.55,3.5,6.75,1.0499999999999998,2.2,4.5,3.5,6.5,1.0,2.0,3.8,3.0,6.0,0.7999999999999998,2.2,5.4,4.0,8.0,1.4000000000000004,2.5999999999999996,4.0,4.0,4.0,0.0,0.0,4.0,4.0,4.0,0.0,0.0,0.0,0.0,0.0,0.0,0.0,4.0,4.0,4.0,0.0,0.0
20,4,5,5,0.4,0.2,0.3,dense,True,20,20,20,4,5,5,1,Shard-aware independent max-token diagnostic,most_difficult_harmful_token_not_full_sequence_validity,radius_derived,5,"0,10,20,30,40",1.0,1.0,1.0,0.0,0.0,0.0,0.0,0.0,0.0,0.0,4.55,3.5,6.75,1.0499999999999998,2.2,4.5,3.5,6.5,1.0,2.0,3.8,3.0,6.0,0.7999999999999998,2.2,5.4,4.0,8.0,1.4000000000000004,2.5999999999999996,4.0,4.0,4.0,0.0,0.0,4.0,4.0,4.0,0.0,0.0,0.0,0.0,0.0,0.0,0.0,4.0,4.0,4.0,0.0,0.0
20,4,5,5,0.4,0.2,0.3,dense,True,20,20,20,4,5,5,2,Shard-aware independent max-token diagnostic,most_difficult_harmful_token_not_full_sequence_validity,radius_derived,5,"0,10,20,30,40",1.0,1.0,1.0,0.0,0.0,0.0,0.0,0.0,0.0,0.0,4.55,3.5,6.75,1.0499999999999998,2.2,4.5,3.5,6.5,1.0,2.0,3.8,3.0,6.0,0.7999999999999998,2.2,5.4,4.0,8.0,1.4000000000000004,2.5999999999999996,4.0,4.0,4.0,0.0,0.0,4.0,4.0,4.0,0.0,0.0,0.0,0.0,0.0,0.0,0.0,4.0,4.0,4.0,0.0,0.0
20,4,5,5,0.4,0.2,0.3,dense,True,20,20,20,4,5,5,3,Shard-aware independent max-token diagnostic,most_difficult_harmful_token_not_full_sequence_validity,radius_derived,5,"0,10,20,30,40",0.8,0.5,1.0,0.30000000000000004,0.19999999999999996,0.2,0.0,0.5,0.2,0.3,4.55,3.5,6.75,1.0499999999999998,2.2,4.5,3.5,6.5,1.0,2.0,3.8,3.0,6.0,0.7999999999999998,2.2,5.4,4.0,8.0,1.4000000000000004,2.5999999999999996,3.2,2.0,4.0,1.2000000000000002,0.7999999999999998,4.0,4.0,4.0,0.0,0.0,0.0,0.0,0.0,0.0,0.0,4.0,4.0,4.0,0.0,0.0
20,4,5,5,0.4,0.2,0.3,dense,True,20,20,20,4,5,5,4,Shard-aware independent max-token diagnostic,most_difficult_harmful_token_not_full_sequence_validity,radius_derived,5,"0,10,20,30,40",0.4,0.0,1.0,0.4,0.6,0.6,0.0,1.0,0.6,0.4,4.55,3.5,6.75,1.0499999999999998,2.2,4.5,3.5,6.5,1.0,2.0,3.8,3.0,6.0,0.7999999999999998,2.2,5.4,4.0,8.0,1.4000000000000004,2.5999999999999996,1.6,0.0,4.0,1.6,2.4,4.0,4.0,4.0,0.0,0.0,0.0,0.0,0.0,0.0,0.0,4.0,4.0,4.0,0.0,0.0
20,4,5,5,0.4,0.2,0.3,dense,True,20,20,20,4,5,5,5,Shard-aware independent max-token diagnostic,most_difficult_harmful_token_not_full_sequence_validity,radius_derived,5,"0,10,20,30,40",0.2,0.0,1.0,0.2,0.8,0.8,0.0,1.0,0.8,0.19999999999999996,4.55,3.5,6.75,1.0499999999999998,2.2,4.5,3.5,6.5,1.0,2.0,3.8,3.0,6.0,0.7999999999999998,2.2,5.4,4.0,8.0,1.4000000000000004,2.5999999999999996,0.8,0.0,4.0,0.8,3.2,4.0,4.0,4.0,0.0,0.0,0.0,0.0,0.0,0.0,0.0,4.0,4.0,4.0,0.0,0.0
20,4,5,5,0.4,0.2,0.3,dense,True,20,20,20,4,5,5,6,Shard-aware independent max-token diagnostic,most_difficult_harmful_token_not_full_sequence_validity,radius_derived,5,"0,10,20,30,40",0.1,0.0,0.5,0.1,0.4,0.9,0.5,1.0,0.4,0.09999999999999998,4.55,3.5,6.75,1.0499999999999998,2.2,4.5,3.5,6.5,1.0,2.0,3.8,3.0,6.0,0.7999999999999998,2.2,5.4,4.0,8.0,1.4000000000000004,2.5999999999999996,0.4,0.0,2.0,0.4,1.6,4.0,4.0,4.0,0.0,0.0,0.0,0.0,0.0,0.0,0.0,4.0,4.0,4.0,0.0,0.0
20,4,5,5,0.4,0.2,0.3,dense,True,20,20,20,4,5,5,7,Shard-aware independent max-token diagnostic,most_difficult_harmful_token_not_full_sequence_validity,radius_derived,5,"0,10,20,30,40",0.05,0.0,0.25,0.05,0.2,0.95,0.75,1.0,0.19999999999999996,0.050000000000000044,4.55,3.5,6.75,1.0499999999999998,2.2,4.5,3.5,6.5,1.0,2.0,3.8,3.0,6.0,0.7999999999999998,2.2,5.4,4.0,8.0,1.4000000000000004,2.5999999999999996,0.2,0.0,1.0,0.2,0.8,4.0,4.0,4.0,0.0,0.0,0.0,0.0,0.0,0.0,0.0,4.0,4.0,4.0,0.0,0.0
20,4,5,5,0.4,0.2,0.3,dense,True,20,20,20,4,5,5,8,Shard-aware independent max-token diagnostic,most_difficult_harmful_token_not_full_sequence_validity,radius_derived,5,"0,10,20,30,40",0.0,0.0,0.0,0.0,0.0,1.0,1.0,1.0,0.0,0.0,4.55,3.5,6.75,1.0499999999999998,2.2,4.5,3.5,6.5,1.0,2.0,3.8,3.0,6.0,0.7999999999999998,2.2,5.4,4.0,8.0,1.4000000000000004,2.5999999999999996,0.0,0.0,0.0,0.0,0.0,4.0,4.0,4.0,0.0,0.0,0.0,0.0,0.0,0.0,0.0,4.0,4.0,4.0,0.0,0.0
20,4,5,5,0.4,0.2,0.3,dense,True,20,20,20,4,5,5,9,Shard-aware independent max-token diagnostic,most_difficult_harmful_token_not_full_sequence_validity,radius_derived,5,"0,10,20,30,40",0.0,0.0,0.0,0.0,0.0,1.0,1.0,1.0,0.0,0.0,4.55,3.5,6.75,1.0499999999999998,2.2,4.5,3.5,6.5,1.0,2.0,3.8,3.0,6.0,0.7999999999999998,2.2,5.4,4.0,8.0,1.4000000000000004,2.5999999999999996,0.0,0.0,0.0,0.0,0.0,4.0,4.0,4.0,0.0,0.0,0.0,0.0,0.0,0.0,0.0,4.0,4.0,4.0,0.0,0.0
20,4,5,5,0.4,0.2,0.3,dense,True,20,20,20,4,5,5,10,Shard-aware independent max-token diagnostic,most_difficult_harmful_token_not_full_sequence_validity,radius_derived,5,"0,10,20,30,40",0.0,0.0,0.0,0.0,0.0,1.0,1.0,1.0,0.0,0.0,4.55,3.5,6.75,1.0499999999999998,2.2,4.5,3.5,6.5,1.0,2.0,3.8,3.0,6.0,0.7999999999999998,2.2,5.4,4.0,8.0,1.4000000000000004,2.5999999999999996,0.0,0.0,0.0,0.0,0.0,4.0,4.0,4.0,0.0,0.0,0.0,0.0,0.0,0.0,0.0,4.0,4.0,4.0,0.0,0.0
20,4,5,5,0.4,0.2,0.3,dense,True,20,20,20,4,5,5,11,Shard-aware independent max-token diagnostic,most_difficult_harmful_token_not_full_sequence_validity,radius_derived,5,"0,10,20,30,40",0.0,0.0,0.0,0.0,0.0,1.0,1.0,1.0,0.0,0.0,4.55,3.5,6.75,1.0499999999999998,2.2,4.5,3.5,6.5,1.0,2.0,3.8,3.0,6.0,0.7999999999999998,2.2,5.4,4.0,8.0,1.4000000000000004,2.5999999999999996,0.0,0.0,0.0,0.0,0.0,4.0,4.0,4.0,0.0,0.0,0.0,0.0,0.0,0.0,0.0,4.0,4.0,4.0,0.0,0.0
20,4,5,5,0.4,0.2,0.3,dense,True,20,20,20,4,5,5,12,Shard-aware independent max-token diagnostic,most_difficult_harmful_token_not_full_sequence_validity,radius_derived,5,"0,10,20,30,40",0.0,0.0,0.0,0.0,0.0,1.0,1.0,1.0,0.0,0.0,4.55,3.5,6.75,1.0499999999999998,2.2,4.5,3.5,6.5,1.0,2.0,3.8,3.0,6.0,0.7999999999999998,2.2,5.4,4.0,8.0,1.4000000000000004,2.5999999999999996,0.0,0.0,0.0,0.0,0.0,4.0,4.0,4.0,0.0,0.0,0.0,0.0,0.0,0.0,0.0,4.0,4.0,4.0,0.0,0.0
20,4,5,5,0.4,0.2,0.3,dense,True,20,20,20,4,5,5,13,Shard-aware independent max-token diagnostic,most_difficult_harmful_token_not_full_sequence_validity,radius_derived,5,"0,10,20,30,40",0.0,0.0,0.0,0.0,0.0,1.0,1.0,1.0,0.0,0.0,4.55,3.5,6.75,1.0499999999999998,2.2,4.5,3.5,6.5,1.0,2.0,3.8,3.0,6.0,0.7999999999999998,2.2,5.4,4.0,8.0,1.4000000000000004,2.5999999999999996,0.0,0.0,0.0,0.0,0.0,4.0,4.0,4.0,0.0,0.0,0.0,0.0,0.0,0.0,0.0,4.0,4.0,4.0,0.0,0.0
20,4,5,5,0.4,0.2,0.3,dense,True,20,20,20,4,5,5,14,Shard-aware independent max-token diagnostic,most_difficult_harmful_token_not_full_sequence_validity,radius_derived,5,"0,10,20,30,40",0.0,0.0,0.0,0.0,0.0,1.0,1.0,1.0,0.0,0.0,4.55,3.5,6.75,1.0499999999999998,2.2,4.5,3.5,6.5,1.0,2.0,3.8,3.0,6.0,0.7999999999999998,2.2,5.4,4.0,8.0,1.4000000000000004,2.5999999999999996,0.0,0.0,0.0,0.0,0.0,4.0,4.0,4.0,0.0,0.0,0.0,0.0,0.0,0.0,0.0,4.0,4.0,4.0,0.0,0.0
20,4,5,5,0.4,0.2,0.3,dense,True,20,20,20,4,5,5,15,Shard-aware independent max-token diagnostic,most_difficult_harmful_token_not_full_sequence_validity,radius_derived,5,"0,10,20,30,40",0.0,0.0,0.0,0.0,0.0,1.0,1.0,1.0,0.0,0.0,4.55,3.5,6.75,1.0499999999999998,2.2,4.5,3.5,6.5,1.0,2.0,3.8,3.0,6.0,0.7999999999999998,2.2,5.4,4.0,8.0,1.4000000000000004,2.5999999999999996,0.0,0.0,0.0,0.0,0.0,4.0,4.0,4.0,0.0,0.0,0.0,0.0,0.0,0.0,0.0,4.0,4.0,4.0,0.0,0.0
20,4,5,5,0.4,0.2,0.3,dense,True,20,20,20,4,5,5,16,Shard-aware independent max-token diagnostic,most_difficult_harmful_token_not_full_sequence_validity,radius_derived,5,"0,10,20,30,40",0.0,0.0,0.0,0.0,0.0,1.0,1.0,1.0,0.0,0.0,4.55,3.5,6.75,1.0499999999999998,2.2,4.5,3.5,6.5,1.0,2.0,3.8,3.0,6.0,0.7999999999999998,2.2,5.4,4.0,8.0,1.4000000000000004,2.5999999999999996,0.0,0.0,0.0,0.0,0.0,4.0,4.0,4.0,0.0,0.0,0.0,0.0,0.0,0.0,0.0,4.0,4.0,4.0,0.0,0.0
20,4,5,5,0.4,0.2,0.3,dense,True,20,20,20,4,5,5,17,Shard-aware independent max-token diagnostic,most_difficult_harmful_token_not_full_sequence_validity,radius_derived,5,"0,10,20,30,40",0.0,0.0,0.0,0.0,0.0,1.0,1.0,1.0,0.0,0.0,4.55,3.5,6.75,1.0499999999999998,2.2,4.5,3.5,6.5,1.0,2.0,3.8,3.0,6.0,0.7999999999999998,2.2,5.4,4.0,8.0,1.4000000000000004,2.5999999999999996,0.0,0.0,0.0,0.0,0.0,4.0,4.0,4.0,0.0,0.0,0.0,0.0,0.0,0.0,0.0,4.0,4.0,4.0,0.0,0.0
20,4,5,5,0.4,0.2,0.3,dense,True,20,20,20,4,5,5,18,Shard-aware independent max-token diagnostic,most_difficult_harmful_token_not_full_sequence_validity,radius_derived,5,"0,10,20,30,40",0.0,0.0,0.0,0.0,0.0,1.0,1.0,1.0,0.0,0.0,4.55,3.5,6.75,1.0499999999999998,2.2,4.5,3.5,6.5,1.0,2.0,3.8,3.0,6.0,0.7999999999999998,2.2,5.4,4.0,8.0,1.4000000000000004,2.5999999999999996,0.0,0.0,0.0,0.0,0.0,4.0,4.0,4.0,0.0,0.0,0.0,0.0,0.0,0.0,0.0,4.0,4.0,4.0,0.0,0.0
20,4,5,5,0.4,0.2,0.3,dense,True,20,20,20,4,5,5,19,Shard-aware independent max-token diagnostic,most_difficult_harmful_token_not_full_sequence_validity,radius_derived,5,"0,10,20,30,40",0.0,0.0,0.0,0.0,0.0,1.0,1.0,1.0,0.0,0.0,4.55,3.5,6.75,1.0499999999999998,2.2,4.5,3.5,6.5,1.0,2.0,3.8,3.0,6.0,0.7999999999999998,2.2,5.4,4.0,8.0,1.4000000000000004,2.5999999999999996,0.0,0.0,0.0,0.0,0.0,4.0,4.0,4.0,0.0,0.0,0.0,0.0,0.0,0.0,0.0,4.0,4.0,4.0,0.0,0.0
20,4,5,5,0.4,0.2,0.3,dense,True,20,20,20,4,5,5,20,Shard-aware independent max-token diagnostic,most_difficult_harmful_token_not_full_sequence_validity,radius_derived,5,"0,10,20,30,40",0.0,0.0,0.0,0.0,0.0,1.0,1.0,1.0,0.0,0.0,4.55,3.5,6.75,1.0499999999999998,2.2,4.5,3.5,6.5,1.0,2.0,3.8,3.0,6.0,0.7999999999999998,2.2,5.4,4.0,8.0,1.4000000000000004,2.5999999999999996,0.0,0.0,0.0,0.0,0.0,4.0,4.0,4.0,0.0,0.0,0.0,0.0,0.0,0.0,0.0,4.0,4.0,4.0,0.0,0.0
20,4,5,5,0.4,0.2,0.3,dense,True,20,20,20,4,5,5,0,TPA max-token phrase baseline,validity_full_harmful_sequence_per_prompt,radius_derived,5,"0,10,20,30,40",1.0,1.0,1.0,0.0,0.0,0.0,0.0,0.0,0.0,0.0,4.55,3.5,6.75,1.0499999999999998,2.2,4.5,3.5,6.5,1.0,2.0,3.8,3.0,6.0,0.7999999999999998,2.2,5.4,4.0,8.0,1.4000000000000004,2.5999999999999996,4.0,4.0,4.0,0.0,0.0,4.0,4.0,4.0,0.0,0.0,0.0,0.0,0.0,0.0,0.0,4.0,4.0,4.0,0.0,0.0
20,4,5,5,0.4,0.2,0.3,dense,True,20,20,20,4,5,5,1,TPA max-token phrase baseline,validity_full_harmful_sequence_per_prompt,radius_derived,5,"0,10,20,30,40",1.0,1.0,1.0,0.0,0.0,0.0,0.0,0.0,0.0,0.0,4.55,3.5,6.75,1.0499999999999998,2.2,4.5,3.5,6.5,1.0,2.0,3.8,3.0,6.0,0.7999999999999998,2.2,5.4,4.0,8.0,1.4000000000000004,2.5999999999999996,4.0,4.0,4.0,0.0,0.0,4.0,4.0,4.0,0.0,0.0,0.0,0.0,0.0,0.0,0.0,4.0,4.0,4.0,0.0,0.0
20,4,5,5,0.4,0.2,0.3,dense,True,20,20,20,4,5,5,2,TPA max-token phrase baseline,validity_full_harmful_sequence_per_prompt,radius_derived,5,"0,10,20,30,40",1.0,1.0,1.0,0.0,0.0,0.0,0.0,0.0,0.0,0.0,4.55,3.5,6.75,1.0499999999999998,2.2,4.5,3.5,6.5,1.0,2.0,3.8,3.0,6.0,0.7999999999999998,2.2,5.4,4.0,8.0,1.4000000000000004,2.5999999999999996,4.0,4.0,4.0,0.0,0.0,4.0,4.0,4.0,0.0,0.0,0.0,0.0,0.0,0.0,0.0,4.0,4.0,4.0,0.0,0.0
20,4,5,5,0.4,0.2,0.3,dense,True,20,20,20,4,5,5,3,TPA max-token phrase baseline,validity_full_harmful_sequence_per_prompt,radius_derived,5,"0,10,20,30,40",0.8,0.5,1.0,0.30000000000000004,0.19999999999999996,0.2,0.0,0.5,0.2,0.3,4.55,3.5,6.75,1.0499999999999998,2.2,4.5,3.5,6.5,1.0,2.0,3.8,3.0,6.0,0.7999999999999998,2.2,5.4,4.0,8.0,1.4000000000000004,2.5999999999999996,3.2,2.0,4.0,1.2000000000000002,0.7999999999999998,4.0,4.0,4.0,0.0,0.0,0.0,0.0,0.0,0.0,0.0,4.0,4.0,4.0,0.0,0.0
20,4,5,5,0.4,0.2,0.3,dense,True,20,20,20,4,5,5,4,TPA max-token phrase baseline,validity_full_harmful_sequence_per_prompt,radius_derived,5,"0,10,20,30,40",0.4,0.0,1.0,0.4,0.6,0.6,0.0,1.0,0.6,0.4,4.55,3.5,6.75,1.0499999999999998,2.2,4.5,3.5,6.5,1.0,2.0,3.8,3.0,6.0,0.7999999999999998,2.2,5.4,4.0,8.0,1.4000000000000004,2.5999999999999996,1.6,0.0,4.0,1.6,2.4,4.0,4.0,4.0,0.0,0.0,0.0,0.0,0.0,0.0,0.0,4.0,4.0,4.0,0.0,0.0
20,4,5,5,0.4,0.2,0.3,dense,True,20,20,20,4,5,5,5,TPA max-token phrase baseline,validity_full_harmful_sequence_per_prompt,radius_derived,5,"0,10,20,30,40",0.2,0.0,1.0,0.2,0.8,0.8,0.0,1.0,0.8,0.19999999999999996,4.55,3.5,6.75,1.0499999999999998,2.2,4.5,3.5,6.5,1.0,2.0,3.8,3.0,6.0,0.7999999999999998,2.2,5.4,4.0,8.0,1.4000000000000004,2.5999999999999996,0.8,0.0,4.0,0.8,3.2,4.0,4.0,4.0,0.0,0.0,0.0,0.0,0.0,0.0,0.0,4.0,4.0,4.0,0.0,0.0
20,4,5,5,0.4,0.2,0.3,dense,True,20,20,20,4,5,5,6,TPA max-token phrase baseline,validity_full_harmful_sequence_per_prompt,radius_derived,5,"0,10,20,30,40",0.1,0.0,0.5,0.1,0.4,0.9,0.5,1.0,0.4,0.09999999999999998,4.55,3.5,6.75,1.0499999999999998,2.2,4.5,3.5,6.5,1.0,2.0,3.8,3.0,6.0,0.7999999999999998,2.2,5.4,4.0,8.0,1.4000000000000004,2.5999999999999996,0.4,0.0,2.0,0.4,1.6,4.0,4.0,4.0,0.0,0.0,0.0,0.0,0.0,0.0,0.0,4.0,4.0,4.0,0.0,0.0
20,4,5,5,0.4,0.2,0.3,dense,True,20,20,20,4,5,5,7,TPA max-token phrase baseline,validity_full_harmful_sequence_per_prompt,radius_derived,5,"0,10,20,30,40",0.05,0.0,0.25,0.05,0.2,0.95,0.75,1.0,0.19999999999999996,0.050000000000000044,4.55,3.5,6.75,1.0499999999999998,2.2,4.5,3.5,6.5,1.0,2.0,3.8,3.0,6.0,0.7999999999999998,2.2,5.4,4.0,8.0,1.4000000000000004,2.5999999999999996,0.2,0.0,1.0,0.2,0.8,4.0,4.0,4.0,0.0,0.0,0.0,0.0,0.0,0.0,0.0,4.0,4.0,4.0,0.0,0.0
20,4,5,5,0.4,0.2,0.3,dense,True,20,20,20,4,5,5,8,TPA max-token phrase baseline,validity_full_harmful_sequence_per_prompt,radius_derived,5,"0,10,20,30,40",0.0,0.0,0.0,0.0,0.0,1.0,1.0,1.0,0.0,0.0,4.55,3.5,6.75,1.0499999999999998,2.2,4.5,3.5,6.5,1.0,2.0,3.8,3.0,6.0,0.7999999999999998,2.2,5.4,4.0,8.0,1.4000000000000004,2.5999999999999996,0.0,0.0,0.0,0.0,0.0,4.0,4.0,4.0,0.0,0.0,0.0,0.0,0.0,0.0,0.0,4.0,4.0,4.0,0.0,0.0
20,4,5,5,0.4,0.2,0.3,dense,True,20,20,20,4,5,5,9,TPA max-token phrase baseline,validity_full_harmful_sequence_per_prompt,radius_derived,5,"0,10,20,30,40",0.0,0.0,0.0,0.0,0.0,1.0,1.0,1.0,0.0,0.0,4.55,3.5,6.75,1.0499999999999998,2.2,4.5,3.5,6.5,1.0,2.0,3.8,3.0,6.0,0.7999999999999998,2.2,5.4,4.0,8.0,1.4000000000000004,2.5999999999999996,0.0,0.0,0.0,0.0,0.0,4.0,4.0,4.0,0.0,0.0,0.0,0.0,0.0,0.0,0.0,4.0,4.0,4.0,0.0,0.0
20,4,5,5,0.4,0.2,0.3,dense,True,20,20,20,4,5,5,10,TPA max-token phrase baseline,validity_full_harmful_sequence_per_prompt,radius_derived,5,"0,10,20,30,40",0.0,0.0,0.0,0.0,0.0,1.0,1.0,1.0,0.0,0.0,4.55,3.5,6.75,1.0499999999999998,2.2,4.5,3.5,6.5,1.0,2.0,3.8,3.0,6.0,0.7999999999999998,2.2,5.4,4.0,8.0,1.4000000000000004,2.5999999999999996,0.0,0.0,0.0,0.0,0.0,4.0,4.0,4.0,0.0,0.0,0.0,0.0,0.0,0.0,0.0,4.0,4.0,4.0,0.0,0.0
20,4,5,5,0.4,0.2,0.3,dense,True,20,20,20,4,5,5,11,TPA max-token phrase baseline,validity_full_harmful_sequence_per_prompt,radius_derived,5,"0,10,20,30,40",0.0,0.0,0.0,0.0,0.0,1.0,1.0,1.0,0.0,0.0,4.55,3.5,6.75,1.0499999999999998,2.2,4.5,3.5,6.5,1.0,2.0,3.8,3.0,6.0,0.7999999999999998,2.2,5.4,4.0,8.0,1.4000000000000004,2.5999999999999996,0.0,0.0,0.0,0.0,0.0,4.0,4.0,4.0,0.0,0.0,0.0,0.0,0.0,0.0,0.0,4.0,4.0,4.0,0.0,0.0
20,4,5,5,0.4,0.2,0.3,dense,True,20,20,20,4,5,5,12,TPA max-token phrase baseline,validity_full_harmful_sequence_per_prompt,radius_derived,5,"0,10,20,30,40",0.0,0.0,0.0,0.0,0.0,1.0,1.0,1.0,0.0,0.0,4.55,3.5,6.75,1.0499999999999998,2.2,4.5,3.5,6.5,1.0,2.0,3.8,3.0,6.0,0.7999999999999998,2.2,5.4,4.0,8.0,1.4000000000000004,2.5999999999999996,0.0,0.0,0.0,0.0,0.0,4.0,4.0,4.0,0.0,0.0,0.0,0.0,0.0,0.0,0.0,4.0,4.0,4.0,0.0,0.0
20,4,5,5,0.4,0.2,0.3,dense,True,20,20,20,4,5,5,13,TPA max-token phrase baseline,validity_full_harmful_sequence_per_prompt,radius_derived,5,"0,10,20,30,40",0.0,0.0,0.0,0.0,0.0,1.0,1.0,1.0,0.0,0.0,4.55,3.5,6.75,1.0499999999999998,2.2,4.5,3.5,6.5,1.0,2.0,3.8,3.0,6.0,0.7999999999999998,2.2,5.4,4.0,8.0,1.4000000000000004,2.5999999999999996,0.0,0.0,0.0,0.0,0.0,4.0,4.0,4.0,0.0,0.0,0.0,0.0,0.0,0.0,0.0,4.0,4.0,4.0,0.0,0.0
20,4,5,5,0.4,0.2,0.3,dense,True,20,20,20,4,5,5,14,TPA max-token phrase baseline,validity_full_harmful_sequence_per_prompt,radius_derived,5,"0,10,20,30,40",0.0,0.0,0.0,0.0,0.0,1.0,1.0,1.0,0.0,0.0,4.55,3.5,6.75,1.0499999999999998,2.2,4.5,3.5,6.5,1.0,2.0,3.8,3.0,6.0,0.7999999999999998,2.2,5.4,4.0,8.0,1.4000000000000004,2.5999999999999996,0.0,0.0,0.0,0.0,0.0,4.0,4.0,4.0,0.0,0.0,0.0,0.0,0.0,0.0,0.0,4.0,4.0,4.0,0.0,0.0
20,4,5,5,0.4,0.2,0.3,dense,True,20,20,20,4,5,5,15,TPA max-token phrase baseline,validity_full_harmful_sequence_per_prompt,radius_derived,5,"0,10,20,30,40",0.0,0.0,0.0,0.0,0.0,1.0,1.0,1.0,0.0,0.0,4.55,3.5,6.75,1.0499999999999998,2.2,4.5,3.5,6.5,1.0,2.0,3.8,3.0,6.0,0.7999999999999998,2.2,5.4,4.0,8.0,1.4000000000000004,2.5999999999999996,0.0,0.0,0.0,0.0,0.0,4.0,4.0,4.0,0.0,0.0,0.0,0.0,0.0,0.0,0.0,4.0,4.0,4.0,0.0,0.0
20,4,5,5,0.4,0.2,0.3,dense,True,20,20,20,4,5,5,16,TPA max-token phrase baseline,validity_full_harmful_sequence_per_prompt,radius_derived,5,"0,10,20,30,40",0.0,0.0,0.0,0.0,0.0,1.0,1.0,1.0,0.0,0.0,4.55,3.5,6.75,1.0499999999999998,2.2,4.5,3.5,6.5,1.0,2.0,3.8,3.0,6.0,0.7999999999999998,2.2,5.4,4.0,8.0,1.4000000000000004,2.5999999999999996,0.0,0.0,0.0,0.0,0.0,4.0,4.0,4.0,0.0,0.0,0.0,0.0,0.0,0.0,0.0,4.0,4.0,4.0,0.0,0.0
20,4,5,5,0.4,0.2,0.3,dense,True,20,20,20,4,5,5,17,TPA max-token phrase baseline,validity_full_harmful_sequence_per_prompt,radius_derived,5,"0,10,20,30,40",0.0,0.0,0.0,0.0,0.0,1.0,1.0,1.0,0.0,0.0,4.55,3.5,6.75,1.0499999999999998,2.2,4.5,3.5,6.5,1.0,2.0,3.8,3.0,6.0,0.7999999999999998,2.2,5.4,4.0,8.0,1.4000000000000004,2.5999999999999996,0.0,0.0,0.0,0.0,0.0,4.0,4.0,4.0,0.0,0.0,0.0,0.0,0.0,0.0,0.0,4.0,4.0,4.0,0.0,0.0
20,4,5,5,0.4,0.2,0.3,dense,True,20,20,20,4,5,5,18,TPA max-token phrase baseline,validity_full_harmful_sequence_per_prompt,radius_derived,5,"0,10,20,30,40",0.0,0.0,0.0,0.0,0.0,1.0,1.0,1.0,0.0,0.0,4.55,3.5,6.75,1.0499999999999998,2.2,4.5,3.5,6.5,1.0,2.0,3.8,3.0,6.0,0.7999999999999998,2.2,5.4,4.0,8.0,1.4000000000000004,2.5999999999999996,0.0,0.0,0.0,0.0,0.0,4.0,4.0,4.0,0.0,0.0,0.0,0.0,0.0,0.0,0.0,4.0,4.0,4.0,0.0,0.0
20,4,5,5,0.4,0.2,0.3,dense,True,20,20,20,4,5,5,19,TPA max-token phrase baseline,validity_full_harmful_sequence_per_prompt,radius_derived,5,"0,10,20,30,40",0.0,0.0,0.0,0.0,0.0,1.0,1.0,1.0,0.0,0.0,4.55,3.5,6.75,1.0499999999999998,2.2,4.5,3.5,6.5,1.0,2.0,3.8,3.0,6.0,0.7999999999999998,2.2,5.4,4.0,8.0,1.4000000000000004,2.5999999999999996,0.0,0.0,0.0,0.0,0.0,4.0,4.0,4.0,0.0,0.0,0.0,0.0,0.0,0.0,0.0,4.0,4.0,4.0,0.0,0.0
20,4,5,5,0.4,0.2,0.3,dense,True,20,20,20,4,5,5,20,TPA max-token phrase baseline,validity_full_harmful_sequence_per_prompt,radius_derived,5,"0,10,20,30,40",0.0,0.0,0.0,0.0,0.0,1.0,1.0,1.0,0.0,0.0,4.55,3.5,6.75,1.0499999999999998,2.2,4.5,3.5,6.5,1.0,2.0,3.8,3.0,6.0,0.7999999999999998,2.2,5.4,4.0,8.0,1.4000000000000004,2.5999999999999996,0.0,0.0,0.0,0.0,0.0,4.0,4.0,4.0,0.0,0.0,0.0,0.0,0.0,0.0,0.0,4.0,4.0,4.0,0.0,0.0
20,4,5,5,0.4,0.2,0.3,dense,True,20,20,20,4,5,5,0,Shared MILP,validity_full_harmful_sequence_per_prompt,radius_derived,5,"0,10,20,30,40",1.0,1.0,1.0,0.0,0.0,0.0,0.0,0.0,0.0,0.0,4.55,3.5,6.75,1.0499999999999998,2.2,4.5,3.5,6.5,1.0,2.0,3.8,3.0,6.0,0.7999999999999998,2.2,5.4,4.0,8.0,1.4000000000000004,2.5999999999999996,4.0,4.0,4.0,0.0,0.0,4.0,4.0,4.0,0.0,0.0,0.0,0.0,0.0,0.0,0.0,4.0,4.0,4.0,0.0,0.0
20,4,5,5,0.4,0.2,0.3,dense,True,20,20,20,4,5,5,1,Shared MILP,validity_full_harmful_sequence_per_prompt,radius_derived,5,"0,10,20,30,40",1.0,1.0,1.0,0.0,0.0,0.0,0.0,0.0,0.0,0.0,4.55,3.5,6.75,1.0499999999999998,2.2,4.5,3.5,6.5,1.0,2.0,3.8,3.0,6.0,0.7999999999999998,2.2,5.4,4.0,8.0,1.4000000000000004,2.5999999999999996,4.0,4.0,4.0,0.0,0.0,4.0,4.0,4.0,0.0,0.0,0.0,0.0,0.0,0.0,0.0,4.0,4.0,4.0,0.0,0.0
20,4,5,5,0.4,0.2,0.3,dense,True,20,20,20,4,5,5,2,Shared MILP,validity_full_harmful_sequence_per_prompt,radius_derived,5,"0,10,20,30,40",1.0,1.0,1.0,0.0,0.0,0.0,0.0,0.0,0.0,0.0,4.55,3.5,6.75,1.0499999999999998,2.2,4.5,3.5,6.5,1.0,2.0,3.8,3.0,6.0,0.7999999999999998,2.2,5.4,4.0,8.0,1.4000000000000004,2.5999999999999996,4.0,4.0,4.0,0.0,0.0,4.0,4.0,4.0,0.0,0.0,0.0,0.0,0.0,0.0,0.0,4.0,4.0,4.0,0.0,0.0
20,4,5,5,0.4,0.2,0.3,dense,True,20,20,20,4,5,5,3,Shared MILP,validity_full_harmful_sequence_per_prompt,radius_derived,5,"0,10,20,30,40",0.8,0.5,1.0,0.30000000000000004,0.19999999999999996,0.2,0.0,0.5,0.2,0.3,4.55,3.5,6.75,1.0499999999999998,2.2,4.5,3.5,6.5,1.0,2.0,3.8,3.0,6.0,0.7999999999999998,2.2,5.4,4.0,8.0,1.4000000000000004,2.5999999999999996,3.2,2.0,4.0,1.2000000000000002,0.7999999999999998,4.0,4.0,4.0,0.0,0.0,0.0,0.0,0.0,0.0,0.0,4.0,4.0,4.0,0.0,0.0
20,4,5,5,0.4,0.2,0.3,dense,True,20,20,20,4,5,5,4,Shared MILP,validity_full_harmful_sequence_per_prompt,radius_derived,5,"0,10,20,30,40",0.4,0.0,1.0,0.4,0.6,0.6,0.0,1.0,0.6,0.4,4.55,3.5,6.75,1.0499999999999998,2.2,4.5,3.5,6.5,1.0,2.0,3.8,3.0,6.0,0.7999999999999998,2.2,5.4,4.0,8.0,1.4000000000000004,2.5999999999999996,1.6,0.0,4.0,1.6,2.4,4.0,4.0,4.0,0.0,0.0,0.0,0.0,0.0,0.0,0.0,4.0,4.0,4.0,0.0,0.0
20,4,5,5,0.4,0.2,0.3,dense,True,20,20,20,4,5,5,5,Shared MILP,validity_full_harmful_sequence_per_prompt,radius_derived,5,"0,10,20,30,40",0.2,0.0,1.0,0.2,0.8,0.8,0.0,1.0,0.8,0.19999999999999996,4.55,3.5,6.75,1.0499999999999998,2.2,4.5,3.5,6.5,1.0,2.0,3.8,3.0,6.0,0.7999999999999998,2.2,5.4,4.0,8.0,1.4000000000000004,2.5999999999999996,0.8,0.0,4.0,0.8,3.2,4.0,4.0,4.0,0.0,0.0,0.0,0.0,0.0,0.0,0.0,4.0,4.0,4.0,0.0,0.0
20,4,5,5,0.4,0.2,0.3,dense,True,20,20,20,4,5,5,6,Shared MILP,validity_full_harmful_sequence_per_prompt,radius_derived,5,"0,10,20,30,40",0.1,0.0,0.5,0.1,0.4,0.9,0.5,1.0,0.4,0.09999999999999998,4.55,3.5,6.75,1.0499999999999998,2.2,4.5,3.5,6.5,1.0,2.0,3.8,3.0,6.0,0.7999999999999998,2.2,5.4,4.0,8.0,1.4000000000000004,2.5999999999999996,0.4,0.0,2.0,0.4,1.6,4.0,4.0,4.0,0.0,0.0,0.0,0.0,0.0,0.0,0.0,4.0,4.0,4.0,0.0,0.0
20,4,5,5,0.4,0.2,0.3,dense,True,20,20,20,4,5,5,7,Shared MILP,validity_full_harmful_sequence_per_prompt,radius_derived,5,"0,10,20,30,40",0.05,0.0,0.25,0.05,0.2,0.95,0.75,1.0,0.19999999999999996,0.050000000000000044,4.55,3.5,6.75,1.0499999999999998,2.2,4.5,3.5,6.5,1.0,2.0,3.8,3.0,6.0,0.7999999999999998,2.2,5.4,4.0,8.0,1.4000000000000004,2.5999999999999996,0.2,0.0,1.0,0.2,0.8,4.0,4.0,4.0,0.0,0.0,0.0,0.0,0.0,0.0,0.0,4.0,4.0,4.0,0.0,0.0
20,4,5,5,0.4,0.2,0.3,dense,True,20,20,20,4,5,5,8,Shared MILP,validity_full_harmful_sequence_per_prompt,radius_derived,5,"0,10,20,30,40",0.0,0.0,0.0,0.0,0.0,1.0,1.0,1.0,0.0,0.0,4.55,3.5,6.75,1.0499999999999998,2.2,4.5,3.5,6.5,1.0,2.0,3.8,3.0,6.0,0.7999999999999998,2.2,5.4,4.0,8.0,1.4000000000000004,2.5999999999999996,0.0,0.0,0.0,0.0,0.0,4.0,4.0,4.0,0.0,0.0,0.0,0.0,0.0,0.0,0.0,4.0,4.0,4.0,0.0,0.0
20,4,5,5,0.4,0.2,0.3,dense,True,20,20,20,4,5,5,9,Shared MILP,validity_full_harmful_sequence_per_prompt,radius_derived,5,"0,10,20,30,40",0.0,0.0,0.0,0.0,0.0,1.0,1.0,1.0,0.0,0.0,4.55,3.5,6.75,1.0499999999999998,2.2,4.5,3.5,6.5,1.0,2.0,3.8,3.0,6.0,0.7999999999999998,2.2,5.4,4.0,8.0,1.4000000000000004,2.5999999999999996,0.0,0.0,0.0,0.0,0.0,4.0,4.0,4.0,0.0,0.0,0.0,0.0,0.0,0.0,0.0,4.0,4.0,4.0,0.0,0.0
20,4,5,5,0.4,0.2,0.3,dense,True,20,20,20,4,5,5,10,Shared MILP,validity_full_harmful_sequence_per_prompt,radius_derived,5,"0,10,20,30,40",0.0,0.0,0.0,0.0,0.0,1.0,1.0,1.0,0.0,0.0,4.55,3.5,6.75,1.0499999999999998,2.2,4.5,3.5,6.5,1.0,2.0,3.8,3.0,6.0,0.7999999999999998,2.2,5.4,4.0,8.0,1.4000000000000004,2.5999999999999996,0.0,0.0,0.0,0.0,0.0,4.0,4.0,4.0,0.0,0.0,0.0,0.0,0.0,0.0,0.0,4.0,4.0,4.0,0.0,0.0
20,4,5,5,0.4,0.2,0.3,dense,True,20,20,20,4,5,5,11,Shared MILP,validity_full_harmful_sequence_per_prompt,radius_derived,5,"0,10,20,30,40",0.0,0.0,0.0,0.0,0.0,1.0,1.0,1.0,0.0,0.0,4.55,3.5,6.75,1.0499999999999998,2.2,4.5,3.5,6.5,1.0,2.0,3.8,3.0,6.0,0.7999999999999998,2.2,5.4,4.0,8.0,1.4000000000000004,2.5999999999999996,0.0,0.0,0.0,0.0,0.0,4.0,4.0,4.0,0.0,0.0,0.0,0.0,0.0,0.0,0.0,4.0,4.0,4.0,0.0,0.0
20,4,5,5,0.4,0.2,0.3,dense,True,20,20,20,4,5,5,12,Shared MILP,validity_full_harmful_sequence_per_prompt,radius_derived,5,"0,10,20,30,40",0.0,0.0,0.0,0.0,0.0,1.0,1.0,1.0,0.0,0.0,4.55,3.5,6.75,1.0499999999999998,2.2,4.5,3.5,6.5,1.0,2.0,3.8,3.0,6.0,0.7999999999999998,2.2,5.4,4.0,8.0,1.4000000000000004,2.5999999999999996,0.0,0.0,0.0,0.0,0.0,4.0,4.0,4.0,0.0,0.0,0.0,0.0,0.0,0.0,0.0,4.0,4.0,4.0,0.0,0.0
20,4,5,5,0.4,0.2,0.3,dense,True,20,20,20,4,5,5,13,Shared MILP,validity_full_harmful_sequence_per_prompt,radius_derived,5,"0,10,20,30,40",0.0,0.0,0.0,0.0,0.0,1.0,1.0,1.0,0.0,0.0,4.55,3.5,6.75,1.0499999999999998,2.2,4.5,3.5,6.5,1.0,2.0,3.8,3.0,6.0,0.7999999999999998,2.2,5.4,4.0,8.0,1.4000000000000004,2.5999999999999996,0.0,0.0,0.0,0.0,0.0,4.0,4.0,4.0,0.0,0.0,0.0,0.0,0.0,0.0,0.0,4.0,4.0,4.0,0.0,0.0
20,4,5,5,0.4,0.2,0.3,dense,True,20,20,20,4,5,5,14,Shared MILP,validity_full_harmful_sequence_per_prompt,radius_derived,5,"0,10,20,30,40",0.0,0.0,0.0,0.0,0.0,1.0,1.0,1.0,0.0,0.0,4.55,3.5,6.75,1.0499999999999998,2.2,4.5,3.5,6.5,1.0,2.0,3.8,3.0,6.0,0.7999999999999998,2.2,5.4,4.0,8.0,1.4000000000000004,2.5999999999999996,0.0,0.0,0.0,0.0,0.0,4.0,4.0,4.0,0.0,0.0,0.0,0.0,0.0,0.0,0.0,4.0,4.0,4.0,0.0,0.0
20,4,5,5,0.4,0.2,0.3,dense,True,20,20,20,4,5,5,15,Shared MILP,validity_full_harmful_sequence_per_prompt,radius_derived,5,"0,10,20,30,40",0.0,0.0,0.0,0.0,0.0,1.0,1.0,1.0,0.0,0.0,4.55,3.5,6.75,1.0499999999999998,2.2,4.5,3.5,6.5,1.0,2.0,3.8,3.0,6.0,0.7999999999999998,2.2,5.4,4.0,8.0,1.4000000000000004,2.5999999999999996,0.0,0.0,0.0,0.0,0.0,4.0,4.0,4.0,0.0,0.0,0.0,0.0,0.0,0.0,0.0,4.0,4.0,4.0,0.0,0.0
20,4,5,5,0.4,0.2,0.3,dense,True,20,20,20,4,5,5,16,Shared MILP,validity_full_harmful_sequence_per_prompt,radius_derived,5,"0,10,20,30,40",0.0,0.0,0.0,0.0,0.0,1.0,1.0,1.0,0.0,0.0,4.55,3.5,6.75,1.0499999999999998,2.2,4.5,3.5,6.5,1.0,2.0,3.8,3.0,6.0,0.7999999999999998,2.2,5.4,4.0,8.0,1.4000000000000004,2.5999999999999996,0.0,0.0,0.0,0.0,0.0,4.0,4.0,4.0,0.0,0.0,0.0,0.0,0.0,0.0,0.0,4.0,4.0,4.0,0.0,0.0
20,4,5,5,0.4,0.2,0.3,dense,True,20,20,20,4,5,5,17,Shared MILP,validity_full_harmful_sequence_per_prompt,radius_derived,5,"0,10,20,30,40",0.0,0.0,0.0,0.0,0.0,1.0,1.0,1.0,0.0,0.0,4.55,3.5,6.75,1.0499999999999998,2.2,4.5,3.5,6.5,1.0,2.0,3.8,3.0,6.0,0.7999999999999998,2.2,5.4,4.0,8.0,1.4000000000000004,2.5999999999999996,0.0,0.0,0.0,0.0,0.0,4.0,4.0,4.0,0.0,0.0,0.0,0.0,0.0,0.0,0.0,4.0,4.0,4.0,0.0,0.0
20,4,5,5,0.4,0.2,0.3,dense,True,20,20,20,4,5,5,18,Shared MILP,validity_full_harmful_sequence_per_prompt,radius_derived,5,"0,10,20,30,40",0.0,0.0,0.0,0.0,0.0,1.0,1.0,1.0,0.0,0.0,4.55,3.5,6.75,1.0499999999999998,2.2,4.5,3.5,6.5,1.0,2.0,3.8,3.0,6.0,0.7999999999999998,2.2,5.4,4.0,8.0,1.4000000000000004,2.5999999999999996,0.0,0.0,0.0,0.0,0.0,4.0,4.0,4.0,0.0,0.0,0.0,0.0,0.0,0.0,0.0,4.0,4.0,4.0,0.0,0.0
20,4,5,5,0.4,0.2,0.3,dense,True,20,20,20,4,5,5,19,Shared MILP,validity_full_harmful_sequence_per_prompt,radius_derived,5,"0,10,20,30,40",0.0,0.0,0.0,0.0,0.0,1.0,1.0,1.0,0.0,0.0,4.55,3.5,6.75,1.0499999999999998,2.2,4.5,3.5,6.5,1.0,2.0,3.8,3.0,6.0,0.7999999999999998,2.2,5.4,4.0,8.0,1.4000000000000004,2.5999999999999996,0.0,0.0,0.0,0.0,0.0,4.0,4.0,4.0,0.0,0.0,0.0,0.0,0.0,0.0,0.0,4.0,4.0,4.0,0.0,0.0
20,4,5,5,0.4,0.2,0.3,dense,True,20,20,20,4,5,5,20,Shared MILP,validity_full_harmful_sequence_per_prompt,radius_derived,5,"0,10,20,30,40",0.0,0.0,0.0,0.0,0.0,1.0,1.0,1.0,0.0,0.0,4.55,3.5,6.75,1.0499999999999998,2.2,4.5,3.5,6.5,1.0,2.0,3.8,3.0,6.0,0.7999999999999998,2.2,5.4,4.0,8.0,1.4000000000000004,2.5999999999999996,0.0,0.0,0.0,0.0,0.0,4.0,4.0,4.0,0.0,0.0,0.0,0.0,0.0,0.0,0.0,4.0,4.0,4.0,0.0,0.0
20,4,5,5,0.4,0.2,0.3,dense,True,20,20,20,4,5,5,0,Atomic phrase aggregation,validity_full_harmful_sequence_per_prompt,radius_derived,5,"0,10,20,30,40",1.0,1.0,1.0,0.0,0.0,0.0,0.0,0.0,0.0,0.0,1.65,1.25,2.0,0.3999999999999999,0.3500000000000001,1.7,1.0,2.0,0.7,0.30000000000000004,1.0,1.0,1.0,0.0,0.0,2.2,2.0,3.0,0.20000000000000018,0.7999999999999998,4.0,4.0,4.0,0.0,0.0,4.0,4.0,4.0,0.0,0.0,0.0,0.0,0.0,0.0,0.0,4.0,4.0,4.0,0.0,0.0
20,4,5,5,0.4,0.2,0.3,dense,True,20,20,20,4,5,5,1,Atomic phrase aggregation,validity_full_harmful_sequence_per_prompt,radius_derived,5,"0,10,20,30,40",0.6,0.25,0.75,0.35,0.15000000000000002,0.4,0.25,0.75,0.15000000000000002,0.35,1.65,1.25,2.0,0.3999999999999999,0.3500000000000001,1.7,1.0,2.0,0.7,0.30000000000000004,1.0,1.0,1.0,0.0,0.0,2.2,2.0,3.0,0.20000000000000018,0.7999999999999998,2.4,1.0,3.0,1.4,0.6000000000000001,4.0,4.0,4.0,0.0,0.0,0.0,0.0,0.0,0.0,0.0,4.0,4.0,4.0,0.0,0.0
20,4,5,5,0.4,0.2,0.3,dense,True,20,20,20,4,5,5,2,Atomic phrase aggregation,validity_full_harmful_sequence_per_prompt,radius_derived,5,"0,10,20,30,40",0.05,0.0,0.25,0.05,0.2,0.95,0.75,1.0,0.19999999999999996,0.050000000000000044,1.65,1.25,2.0,0.3999999999999999,0.3500000000000001,1.7,1.0,2.0,0.7,0.30000000000000004,1.0,1.0,1.0,0.0,0.0,2.2,2.0,3.0,0.20000000000000018,0.7999999999999998,0.2,0.0,1.0,0.2,0.8,4.0,4.0,4.0,0.0,0.0,0.0,0.0,0.0,0.0,0.0,4.0,4.0,4.0,0.0,0.0
20,4,5,5,0.4,0.2,0.3,dense,True,20,20,20,4,5,5,3,Atomic phrase aggregation,validity_full_harmful_sequence_per_prompt,radius_derived,5,"0,10,20,30,40",0.0,0.0,0.0,0.0,0.0,1.0,1.0,1.0,0.0,0.0,1.65,1.25,2.0,0.3999999999999999,0.3500000000000001,1.7,1.0,2.0,0.7,0.30000000000000004,1.0,1.0,1.0,0.0,0.0,2.2,2.0,3.0,0.20000000000000018,0.7999999999999998,0.0,0.0,0.0,0.0,0.0,4.0,4.0,4.0,0.0,0.0,0.0,0.0,0.0,0.0,0.0,4.0,4.0,4.0,0.0,0.0
20,4,5,5,0.4,0.2,0.3,dense,True,20,20,20,4,5,5,4,Atomic phrase aggregation,validity_full_harmful_sequence_per_prompt,radius_derived,5,"0,10,20,30,40",0.0,0.0,0.0,0.0,0.0,1.0,1.0,1.0,0.0,0.0,1.65,1.25,2.0,0.3999999999999999,0.3500000000000001,1.7,1.0,2.0,0.7,0.30000000000000004,1.0,1.0,1.0,0.0,0.0,2.2,2.0,3.0,0.20000000000000018,0.7999999999999998,0.0,0.0,0.0,0.0,0.0,4.0,4.0,4.0,0.0,0.0,0.0,0.0,0.0,0.0,0.0,4.0,4.0,4.0,0.0,0.0
20,4,5,5,0.4,0.2,0.3,dense,True,20,20,20,4,5,5,5,Atomic phrase aggregation,validity_full_harmful_sequence_per_prompt,radius_derived,5,"0,10,20,30,40",0.0,0.0,0.0,0.0,0.0,1.0,1.0,1.0,0.0,0.0,1.65,1.25,2.0,0.3999999999999999,0.3500000000000001,1.7,1.0,2.0,0.7,0.30000000000000004,1.0,1.0,1.0,0.0,0.0,2.2,2.0,3.0,0.20000000000000018,0.7999999999999998,0.0,0.0,0.0,0.0,0.0,4.0,4.0,4.0,0.0,0.0,0.0,0.0,0.0,0.0,0.0,4.0,4.0,4.0,0.0,0.0
20,4,5,5,0.4,0.2,0.3,dense,True,20,20,20,4,5,5,6,Atomic phrase aggregation,validity_full_harmful_sequence_per_prompt,radius_derived,5,"0,10,20,30,40",0.0,0.0,0.0,0.0,0.0,1.0,1.0,1.0,0.0,0.0,1.65,1.25,2.0,0.3999999999999999,0.3500000000000001,1.7,1.0,2.0,0.7,0.30000000000000004,1.0,1.0,1.0,0.0,0.0,2.2,2.0,3.0,0.20000000000000018,0.7999999999999998,0.0,0.0,0.0,0.0,0.0,4.0,4.0,4.0,0.0,0.0,0.0,0.0,0.0,0.0,0.0,4.0,4.0,4.0,0.0,0.0
20,4,5,5,0.4,0.2,0.3,dense,True,20,20,20,4,5,5,7,Atomic phrase aggregation,validity_full_harmful_sequence_per_prompt,radius_derived,5,"0,10,20,30,40",0.0,0.0,0.0,0.0,0.0,1.0,1.0,1.0,0.0,0.0,1.65,1.25,2.0,0.3999999999999999,0.3500000000000001,1.7,1.0,2.0,0.7,0.30000000000000004,1.0,1.0,1.0,0.0,0.0,2.2,2.0,3.0,0.20000000000000018,0.7999999999999998,0.0,0.0,0.0,0.0,0.0,4.0,4.0,4.0,0.0,0.0,0.0,0.0,0.0,0.0,0.0,4.0,4.0,4.0,0.0,0.0
20,4,5,5,0.4,0.2,0.3,dense,True,20,20,20,4,5,5,8,Atomic phrase aggregation,validity_full_harmful_sequence_per_prompt,radius_derived,5,"0,10,20,30,40",0.0,0.0,0.0,0.0,0.0,1.0,1.0,1.0,0.0,0.0,1.65,1.25,2.0,0.3999999999999999,0.3500000000000001,1.7,1.0,2.0,0.7,0.30000000000000004,1.0,1.0,1.0,0.0,0.0,2.2,2.0,3.0,0.20000000000000018,0.7999999999999998,0.0,0.0,0.0,0.0,0.0,4.0,4.0,4.0,0.0,0.0,0.0,0.0,0.0,0.0,0.0,4.0,4.0,4.0,0.0,0.0
20,4,5,5,0.4,0.2,0.3,dense,True,20,20,20,4,5,5,9,Atomic phrase aggregation,validity_full_harmful_sequence_per_prompt,radius_derived,5,"0,10,20,30,40",0.0,0.0,0.0,0.0,0.0,1.0,1.0,1.0,0.0,0.0,1.65,1.25,2.0,0.3999999999999999,0.3500000000000001,1.7,1.0,2.0,0.7,0.30000000000000004,1.0,1.0,1.0,0.0,0.0,2.2,2.0,3.0,0.20000000000000018,0.7999999999999998,0.0,0.0,0.0,0.0,0.0,4.0,4.0,4.0,0.0,0.0,0.0,0.0,0.0,0.0,0.0,4.0,4.0,4.0,0.0,0.0
20,4,5,5,0.4,0.2,0.3,dense,True,20,20,20,4,5,5,10,Atomic phrase aggregation,validity_full_harmful_sequence_per_prompt,radius_derived,5,"0,10,20,30,40",0.0,0.0,0.0,0.0,0.0,1.0,1.0,1.0,0.0,0.0,1.65,1.25,2.0,0.3999999999999999,0.3500000000000001,1.7,1.0,2.0,0.7,0.30000000000000004,1.0,1.0,1.0,0.0,0.0,2.2,2.0,3.0,0.20000000000000018,0.7999999999999998,0.0,0.0,0.0,0.0,0.0,4.0,4.0,4.0,0.0,0.0,0.0,0.0,0.0,0.0,0.0,4.0,4.0,4.0,0.0,0.0
20,4,5,5,0.4,0.2,0.3,dense,True,20,20,20,4,5,5,11,Atomic phrase aggregation,validity_full_harmful_sequence_per_prompt,radius_derived,5,"0,10,20,30,40",0.0,0.0,0.0,0.0,0.0,1.0,1.0,1.0,0.0,0.0,1.65,1.25,2.0,0.3999999999999999,0.3500000000000001,1.7,1.0,2.0,0.7,0.30000000000000004,1.0,1.0,1.0,0.0,0.0,2.2,2.0,3.0,0.20000000000000018,0.7999999999999998,0.0,0.0,0.0,0.0,0.0,4.0,4.0,4.0,0.0,0.0,0.0,0.0,0.0,0.0,0.0,4.0,4.0,4.0,0.0,0.0
20,4,5,5,0.4,0.2,0.3,dense,True,20,20,20,4,5,5,12,Atomic phrase aggregation,validity_full_harmful_sequence_per_prompt,radius_derived,5,"0,10,20,30,40",0.0,0.0,0.0,0.0,0.0,1.0,1.0,1.0,0.0,0.0,1.65,1.25,2.0,0.3999999999999999,0.3500000000000001,1.7,1.0,2.0,0.7,0.30000000000000004,1.0,1.0,1.0,0.0,0.0,2.2,2.0,3.0,0.20000000000000018,0.7999999999999998,0.0,0.0,0.0,0.0,0.0,4.0,4.0,4.0,0.0,0.0,0.0,0.0,0.0,0.0,0.0,4.0,4.0,4.0,0.0,0.0
20,4,5,5,0.4,0.2,0.3,dense,True,20,20,20,4,5,5,13,Atomic phrase aggregation,validity_full_harmful_sequence_per_prompt,radius_derived,5,"0,10,20,30,40",0.0,0.0,0.0,0.0,0.0,1.0,1.0,1.0,0.0,0.0,1.65,1.25,2.0,0.3999999999999999,0.3500000000000001,1.7,1.0,2.0,0.7,0.30000000000000004,1.0,1.0,1.0,0.0,0.0,2.2,2.0,3.0,0.20000000000000018,0.7999999999999998,0.0,0.0,0.0,0.0,0.0,4.0,4.0,4.0,0.0,0.0,0.0,0.0,0.0,0.0,0.0,4.0,4.0,4.0,0.0,0.0
20,4,5,5,0.4,0.2,0.3,dense,True,20,20,20,4,5,5,14,Atomic phrase aggregation,validity_full_harmful_sequence_per_prompt,radius_derived,5,"0,10,20,30,40",0.0,0.0,0.0,0.0,0.0,1.0,1.0,1.0,0.0,0.0,1.65,1.25,2.0,0.3999999999999999,0.3500000000000001,1.7,1.0,2.0,0.7,0.30000000000000004,1.0,1.0,1.0,0.0,0.0,2.2,2.0,3.0,0.20000000000000018,0.7999999999999998,0.0,0.0,0.0,0.0,0.0,4.0,4.0,4.0,0.0,0.0,0.0,0.0,0.0,0.0,0.0,4.0,4.0,4.0,0.0,0.0
20,4,5,5,0.4,0.2,0.3,dense,True,20,20,20,4,5,5,15,Atomic phrase aggregation,validity_full_harmful_sequence_per_prompt,radius_derived,5,"0,10,20,30,40",0.0,0.0,0.0,0.0,0.0,1.0,1.0,1.0,0.0,0.0,1.65,1.25,2.0,0.3999999999999999,0.3500000000000001,1.7,1.0,2.0,0.7,0.30000000000000004,1.0,1.0,1.0,0.0,0.0,2.2,2.0,3.0,0.20000000000000018,0.7999999999999998,0.0,0.0,0.0,0.0,0.0,4.0,4.0,4.0,0.0,0.0,0.0,0.0,0.0,0.0,0.0,4.0,4.0,4.0,0.0,0.0
20,4,5,5,0.4,0.2,0.3,dense,True,20,20,20,4,5,5,16,Atomic phrase aggregation,validity_full_harmful_sequence_per_prompt,radius_derived,5,"0,10,20,30,40",0.0,0.0,0.0,0.0,0.0,1.0,1.0,1.0,0.0,0.0,1.65,1.25,2.0,0.3999999999999999,0.3500000000000001,1.7,1.0,2.0,0.7,0.30000000000000004,1.0,1.0,1.0,0.0,0.0,2.2,2.0,3.0,0.20000000000000018,0.7999999999999998,0.0,0.0,0.0,0.0,0.0,4.0,4.0,4.0,0.0,0.0,0.0,0.0,0.0,0.0,0.0,4.0,4.0,4.0,0.0,0.0
20,4,5,5,0.4,0.2,0.3,dense,True,20,20,20,4,5,5,17,Atomic phrase aggregation,validity_full_harmful_sequence_per_prompt,radius_derived,5,"0,10,20,30,40",0.0,0.0,0.0,0.0,0.0,1.0,1.0,1.0,0.0,0.0,1.65,1.25,2.0,0.3999999999999999,0.3500000000000001,1.7,1.0,2.0,0.7,0.30000000000000004,1.0,1.0,1.0,0.0,0.0,2.2,2.0,3.0,0.20000000000000018,0.7999999999999998,0.0,0.0,0.0,0.0,0.0,4.0,4.0,4.0,0.0,0.0,0.0,0.0,0.0,0.0,0.0,4.0,4.0,4.0,0.0,0.0
20,4,5,5,0.4,0.2,0.3,dense,True,20,20,20,4,5,5,18,Atomic phrase aggregation,validity_full_harmful_sequence_per_prompt,radius_derived,5,"0,10,20,30,40",0.0,0.0,0.0,0.0,0.0,1.0,1.0,1.0,0.0,0.0,1.65,1.25,2.0,0.3999999999999999,0.3500000000000001,1.7,1.0,2.0,0.7,0.30000000000000004,1.0,1.0,1.0,0.0,0.0,2.2,2.0,3.0,0.20000000000000018,0.7999999999999998,0.0,0.0,0.0,0.0,0.0,4.0,4.0,4.0,0.0,0.0,0.0,0.0,0.0,0.0,0.0,4.0,4.0,4.0,0.0,0.0
20,4,5,5,0.4,0.2,0.3,dense,True,20,20,20,4,5,5,19,Atomic phrase aggregation,validity_full_harmful_sequence_per_prompt,radius_derived,5,"0,10,20,30,40",0.0,0.0,0.0,0.0,0.0,1.0,1.0,1.0,0.0,0.0,1.65,1.25,2.0,0.3999999999999999,0.3500000000000001,1.7,1.0,2.0,0.7,0.30000000000000004,1.0,1.0,1.0,0.0,0.0,2.2,2.0,3.0,0.20000000000000018,0.7999999999999998,0.0,0.0,0.0,0.0,0.0,4.0,4.0,4.0,0.0,0.0,0.0,0.0,0.0,0.0,0.0,4.0,4.0,4.0,0.0,0.0
20,4,5,5,0.4,0.2,0.3,dense,True,20,20,20,4,5,5,20,Atomic phrase aggregation,validity_full_harmful_sequence_per_prompt,radius_derived,5,"0,10,20,30,40",0.0,0.0,0.0,0.0,0.0,1.0,1.0,1.0,0.0,0.0,1.65,1.25,2.0,0.3999999999999999,0.3500000000000001,1.7,1.0,2.0,0.7,0.30000000000000004,1.0,1.0,1.0,0.0,0.0,2.2,2.0,3.0,0.20000000000000018,0.7999999999999998,0.0,0.0,0.0,0.0,0.0,4.0,4.0,4.0,0.0,0.0,0.0,0.0,0.0,0.0,0.0,4.0,4.0,4.0,0.0,0.0
20,4,5,5,0.4,0.2,0.3,dense,True,20,20,20,4,5,5,0,Independent shard-aware composition diagnostic,validity_full_harmful_sequence_per_prompt,radius_derived,5,"0,10,20,30,40",1.0,1.0,1.0,0.0,0.0,0.0,0.0,0.0,0.0,0.0,12.25,8.25,18.25,4.0,6.0,12.3,8.0,18.0,4.300000000000001,5.699999999999999,9.4,7.0,13.0,2.4000000000000004,3.5999999999999996,15.0,10.0,24.0,5.0,9.0,4.0,4.0,4.0,0.0,0.0,4.0,4.0,4.0,0.0,0.0,0.0,0.0,0.0,0.0,0.0,4.0,4.0,4.0,0.0,0.0
20,4,5,5,0.4,0.2,0.3,dense,True,20,20,20,4,5,5,1,Independent shard-aware composition diagnostic,validity_full_harmful_sequence_per_prompt,radius_derived,5,"0,10,20,30,40",1.0,1.0,1.0,0.0,0.0,0.0,0.0,0.0,0.0,0.0,12.25,8.25,18.25,4.0,6.0,12.3,8.0,18.0,4.300000000000001,5.699999999999999,9.4,7.0,13.0,2.4000000000000004,3.5999999999999996,15.0,10.0,24.0,5.0,9.0,4.0,4.0,4.0,0.0,0.0,4.0,4.0,4.0,0.0,0.0,0.0,0.0,0.0,0.0,0.0,4.0,4.0,4.0,0.0,0.0
20,4,5,5,0.4,0.2,0.3,dense,True,20,20,20,4,5,5,2,Independent shard-aware composition diagnostic,validity_full_harmful_sequence_per_prompt,radius_derived,5,"0,10,20,30,40",1.0,1.0,1.0,0.0,0.0,0.0,0.0,0.0,0.0,0.0,12.25,8.25,18.25,4.0,6.0,12.3,8.0,18.0,4.300000000000001,5.699999999999999,9.4,7.0,13.0,2.4000000000000004,3.5999999999999996,15.0,10.0,24.0,5.0,9.0,4.0,4.0,4.0,0.0,0.0,4.0,4.0,4.0,0.0,0.0,0.0,0.0,0.0,0.0,0.0,4.0,4.0,4.0,0.0,0.0
20,4,5,5,0.4,0.2,0.3,dense,True,20,20,20,4,5,5,3,Independent shard-aware composition diagnostic,validity_full_harmful_sequence_per_prompt,radius_derived,5,"0,10,20,30,40",1.0,1.0,1.0,0.0,0.0,0.0,0.0,0.0,0.0,0.0,12.25,8.25,18.25,4.0,6.0,12.3,8.0,18.0,4.300000000000001,5.699999999999999,9.4,7.0,13.0,2.4000000000000004,3.5999999999999996,15.0,10.0,24.0,5.0,9.0,4.0,4.0,4.0,0.0,0.0,4.0,4.0,4.0,0.0,0.0,0.0,0.0,0.0,0.0,0.0,4.0,4.0,4.0,0.0,0.0
20,4,5,5,0.4,0.2,0.3,dense,True,20,20,20,4,5,5,4,Independent shard-aware composition diagnostic,validity_full_harmful_sequence_per_prompt,radius_derived,5,"0,10,20,30,40",1.0,1.0,1.0,0.0,0.0,0.0,0.0,0.0,0.0,0.0,12.25,8.25,18.25,4.0,6.0,12.3,8.0,18.0,4.300000000000001,5.699999999999999,9.4,7.0,13.0,2.4000000000000004,3.5999999999999996,15.0,10.0,24.0,5.0,9.0,4.0,4.0,4.0,0.0,0.0,4.0,4.0,4.0,0.0,0.0,0.0,0.0,0.0,0.0,0.0,4.0,4.0,4.0,0.0,0.0
20,4,5,5,0.4,0.2,0.3,dense,True,20,20,20,4,5,5,5,Independent shard-aware composition diagnostic,validity_full_harmful_sequence_per_prompt,radius_derived,5,"0,10,20,30,40",1.0,1.0,1.0,0.0,0.0,0.0,0.0,0.0,0.0,0.0,12.25,8.25,18.25,4.0,6.0,12.3,8.0,18.0,4.300000000000001,5.699999999999999,9.4,7.0,13.0,2.4000000000000004,3.5999999999999996,15.0,10.0,24.0,5.0,9.0,4.0,4.0,4.0,0.0,0.0,4.0,4.0,4.0,0.0,0.0,0.0,0.0,0.0,0.0,0.0,4.0,4.0,4.0,0.0,0.0
20,4,5,5,0.4,0.2,0.3,dense,True,20,20,20,4,5,5,6,Independent shard-aware composition diagnostic,validity_full_harmful_sequence_per_prompt,radius_derived,5,"0,10,20,30,40",1.0,1.0,1.0,0.0,0.0,0.0,0.0,0.0,0.0,0.0,12.25,8.25,18.25,4.0,6.0,12.3,8.0,18.0,4.300000000000001,5.699999999999999,9.4,7.0,13.0,2.4000000000000004,3.5999999999999996,15.0,10.0,24.0,5.0,9.0,4.0,4.0,4.0,0.0,0.0,4.0,4.0,4.0,0.0,0.0,0.0,0.0,0.0,0.0,0.0,4.0,4.0,4.0,0.0,0.0
20,4,5,5,0.4,0.2,0.3,dense,True,20,20,20,4,5,5,7,Independent shard-aware composition diagnostic,validity_full_harmful_sequence_per_prompt,radius_derived,5,"0,10,20,30,40",0.9,0.5,1.0,0.4,0.09999999999999998,0.1,0.0,0.5,0.1,0.4,12.25,8.25,18.25,4.0,6.0,12.3,8.0,18.0,4.300000000000001,5.699999999999999,9.4,7.0,13.0,2.4000000000000004,3.5999999999999996,15.0,10.0,24.0,5.0,9.0,3.6,2.0,4.0,1.6,0.3999999999999999,4.0,4.0,4.0,0.0,0.0,0.0,0.0,0.0,0.0,0.0,4.0,4.0,4.0,0.0,0.0
20,4,5,5,0.4,0.2,0.3,dense,True,20,20,20,4,5,5,8,Independent shard-aware composition diagnostic,validity_full_harmful_sequence_per_prompt,radius_derived,5,"0,10,20,30,40",0.85,0.5,1.0,0.35,0.15000000000000002,0.15,0.0,0.5,0.15,0.35,12.25,8.25,18.25,4.0,6.0,12.3,8.0,18.0,4.300000000000001,5.699999999999999,9.4,7.0,13.0,2.4000000000000004,3.5999999999999996,15.0,10.0,24.0,5.0,9.0,3.4,2.0,4.0,1.4,0.6000000000000001,4.0,4.0,4.0,0.0,0.0,0.0,0.0,0.0,0.0,0.0,4.0,4.0,4.0,0.0,0.0
20,4,5,5,0.4,0.2,0.3,dense,True,20,20,20,4,5,5,9,Independent shard-aware composition diagnostic,validity_full_harmful_sequence_per_prompt,radius_derived,5,"0,10,20,30,40",0.75,0.25,1.0,0.5,0.25,0.25,0.0,0.75,0.25,0.5,12.25,8.25,18.25,4.0,6.0,12.3,8.0,18.0,4.300000000000001,5.699999999999999,9.4,7.0,13.0,2.4000000000000004,3.5999999999999996,15.0,10.0,24.0,5.0,9.0,3.0,1.0,4.0,2.0,1.0,4.0,4.0,4.0,0.0,0.0,0.0,0.0,0.0,0.0,0.0,4.0,4.0,4.0,0.0,0.0
20,4,5,5,0.4,0.2,0.3,dense,True,20,20,20,4,5,5,10,Independent shard-aware composition diagnostic,validity_full_harmful_sequence_per_prompt,radius_derived,5,"0,10,20,30,40",0.6,0.0,1.0,0.6,0.4,0.4,0.0,1.0,0.4,0.6,12.25,8.25,18.25,4.0,6.0,12.3,8.0,18.0,4.300000000000001,5.699999999999999,9.4,7.0,13.0,2.4000000000000004,3.5999999999999996,15.0,10.0,24.0,5.0,9.0,2.4,0.0,4.0,2.4,1.6,4.0,4.0,4.0,0.0,0.0,0.0,0.0,0.0,0.0,0.0,4.0,4.0,4.0,0.0,0.0
20,4,5,5,0.4,0.2,0.3,dense,True,20,20,20,4,5,5,11,Independent shard-aware composition diagnostic,validity_full_harmful_sequence_per_prompt,radius_derived,5,"0,10,20,30,40",0.5,0.0,1.0,0.5,0.5,0.5,0.0,1.0,0.5,0.5,12.25,8.25,18.25,4.0,6.0,12.3,8.0,18.0,4.300000000000001,5.699999999999999,9.4,7.0,13.0,2.4000000000000004,3.5999999999999996,15.0,10.0,24.0,5.0,9.0,2.0,0.0,4.0,2.0,2.0,4.0,4.0,4.0,0.0,0.0,0.0,0.0,0.0,0.0,0.0,4.0,4.0,4.0,0.0,0.0
20,4,5,5,0.4,0.2,0.3,dense,True,20,20,20,4,5,5,12,Independent shard-aware composition diagnostic,validity_full_harmful_sequence_per_prompt,radius_derived,5,"0,10,20,30,40",0.35,0.0,1.0,0.35,0.65,0.65,0.0,1.0,0.65,0.35,12.25,8.25,18.25,4.0,6.0,12.3,8.0,18.0,4.300000000000001,5.699999999999999,9.4,7.0,13.0,2.4000000000000004,3.5999999999999996,15.0,10.0,24.0,5.0,9.0,1.4,0.0,4.0,1.4,2.6,4.0,4.0,4.0,0.0,0.0,0.0,0.0,0.0,0.0,0.0,4.0,4.0,4.0,0.0,0.0
20,4,5,5,0.4,0.2,0.3,dense,True,20,20,20,4,5,5,13,Independent shard-aware composition diagnostic,validity_full_harmful_sequence_per_prompt,radius_derived,5,"0,10,20,30,40",0.25,0.0,0.75,0.25,0.5,0.75,0.25,1.0,0.5,0.25,12.25,8.25,18.25,4.0,6.0,12.3,8.0,18.0,4.300000000000001,5.699999999999999,9.4,7.0,13.0,2.4000000000000004,3.5999999999999996,15.0,10.0,24.0,5.0,9.0,1.0,0.0,3.0,1.0,2.0,4.0,4.0,4.0,0.0,0.0,0.0,0.0,0.0,0.0,0.0,4.0,4.0,4.0,0.0,0.0
20,4,5,5,0.4,0.2,0.3,dense,True,20,20,20,4,5,5,14,Independent shard-aware composition diagnostic,validity_full_harmful_sequence_per_prompt,radius_derived,5,"0,10,20,30,40",0.25,0.0,0.75,0.25,0.5,0.75,0.25,1.0,0.5,0.25,12.25,8.25,18.25,4.0,6.0,12.3,8.0,18.0,4.300000000000001,5.699999999999999,9.4,7.0,13.0,2.4000000000000004,3.5999999999999996,15.0,10.0,24.0,5.0,9.0,1.0,0.0,3.0,1.0,2.0,4.0,4.0,4.0,0.0,0.0,0.0,0.0,0.0,0.0,0.0,4.0,4.0,4.0,0.0,0.0
20,4,5,5,0.4,0.2,0.3,dense,True,20,20,20,4,5,5,15,Independent shard-aware composition diagnostic,validity_full_harmful_sequence_per_prompt,radius_derived,5,"0,10,20,30,40",0.2,0.0,0.75,0.2,0.55,0.8,0.25,1.0,0.55,0.19999999999999996,12.25,8.25,18.25,4.0,6.0,12.3,8.0,18.0,4.300000000000001,5.699999999999999,9.4,7.0,13.0,2.4000000000000004,3.5999999999999996,15.0,10.0,24.0,5.0,9.0,0.8,0.0,3.0,0.8,2.2,4.0,4.0,4.0,0.0,0.0,0.0,0.0,0.0,0.0,0.0,4.0,4.0,4.0,0.0,0.0
20,4,5,5,0.4,0.2,0.3,dense,True,20,20,20,4,5,5,16,Independent shard-aware composition diagnostic,validity_full_harmful_sequence_per_prompt,radius_derived,5,"0,10,20,30,40",0.1,0.0,0.5,0.1,0.4,0.9,0.5,1.0,0.4,0.09999999999999998,12.25,8.25,18.25,4.0,6.0,12.3,8.0,18.0,4.300000000000001,5.699999999999999,9.4,7.0,13.0,2.4000000000000004,3.5999999999999996,15.0,10.0,24.0,5.0,9.0,0.4,0.0,2.0,0.4,1.6,4.0,4.0,4.0,0.0,0.0,0.0,0.0,0.0,0.0,0.0,4.0,4.0,4.0,0.0,0.0
20,4,5,5,0.4,0.2,0.3,dense,True,20,20,20,4,5,5,17,Independent shard-aware composition diagnostic,validity_full_harmful_sequence_per_prompt,radius_derived,5,"0,10,20,30,40",0.1,0.0,0.5,0.1,0.4,0.9,0.5,1.0,0.4,0.09999999999999998,12.25,8.25,18.25,4.0,6.0,12.3,8.0,18.0,4.300000000000001,5.699999999999999,9.4,7.0,13.0,2.4000000000000004,3.5999999999999996,15.0,10.0,24.0,5.0,9.0,0.4,0.0,2.0,0.4,1.6,4.0,4.0,4.0,0.0,0.0,0.0,0.0,0.0,0.0,0.0,4.0,4.0,4.0,0.0,0.0
20,4,5,5,0.4,0.2,0.3,dense,True,20,20,20,4,5,5,18,Independent shard-aware composition diagnostic,validity_full_harmful_sequence_per_prompt,radius_derived,5,"0,10,20,30,40",0.1,0.0,0.5,0.1,0.4,0.9,0.5,1.0,0.4,0.09999999999999998,12.25,8.25,18.25,4.0,6.0,12.3,8.0,18.0,4.300000000000001,5.699999999999999,9.4,7.0,13.0,2.4000000000000004,3.5999999999999996,15.0,10.0,24.0,5.0,9.0,0.4,0.0,2.0,0.4,1.6,4.0,4.0,4.0,0.0,0.0,0.0,0.0,0.0,0.0,0.0,4.0,4.0,4.0,0.0,0.0
20,4,5,5,0.4,0.2,0.3,dense,True,20,20,20,4,5,5,19,Independent shard-aware composition diagnostic,validity_full_harmful_sequence_per_prompt,radius_derived,5,"0,10,20,30,40",0.1,0.0,0.5,0.1,0.4,0.9,0.5,1.0,0.4,0.09999999999999998,12.25,8.25,18.25,4.0,6.0,12.3,8.0,18.0,4.300000000000001,5.699999999999999,9.4,7.0,13.0,2.4000000000000004,3.5999999999999996,15.0,10.0,24.0,5.0,9.0,0.4,0.0,2.0,0.4,1.6,4.0,4.0,4.0,0.0,0.0,0.0,0.0,0.0,0.0,0.0,4.0,4.0,4.0,0.0,0.0
20,4,5,5,0.4,0.2,0.3,dense,True,20,20,20,4,5,5,20,Independent shard-aware composition diagnostic,validity_full_harmful_sequence_per_prompt,radius_derived,5,"0,10,20,30,40",0.05,0.0,0.25,0.05,0.2,0.95,0.75,1.0,0.19999999999999996,0.050000000000000044,12.25,8.25,18.25,4.0,6.0,12.3,8.0,18.0,4.300000000000001,5.699999999999999,9.4,7.0,13.0,2.4000000000000004,3.5999999999999996,15.0,10.0,24.0,5.0,9.0,0.2,0.0,1.0,0.2,0.8,4.0,4.0,4.0,0.0,0.0,0.0,0.0,0.0,0.0,0.0,4.0,4.0,4.0,0.0,0.0
20,4,5,5,0.5,0.2,0.3,dense,True,20,20,20,4,5,5,0,DPA token margin,full_response_stable_against_any_token_change,radius_derived,5,"0,10,20,30,40",0.9,0.75,1.0,0.15000000000000002,0.09999999999999998,0.1,0.0,0.25,0.1,0.15,1.65,0.75,2.75,0.8999999999999999,1.1,1.6,1.0,2.5,0.6000000000000001,0.8999999999999999,0.8,0.0,2.0,0.8,1.2,2.6,1.0,4.0,1.6,1.4,3.6,3.0,4.0,0.6000000000000001,0.3999999999999999,4.0,4.0,4.0,0.0,0.0,0.0,0.0,0.0,0.0,0.0,4.0,4.0,4.0,0.0,0.0
20,4,5,5,0.5,0.2,0.3,dense,True,20,20,20,4,5,5,1,DPA token margin,full_response_stable_against_any_token_change,radius_derived,5,"0,10,20,30,40",0.45,0.0,1.0,0.45,0.55,0.55,0.0,1.0,0.55,0.44999999999999996,1.65,0.75,2.75,0.8999999999999999,1.1,1.6,1.0,2.5,0.6000000000000001,0.8999999999999999,0.8,0.0,2.0,0.8,1.2,2.6,1.0,4.0,1.6,1.4,1.8,0.0,4.0,1.8,2.2,4.0,4.0,4.0,0.0,0.0,0.0,0.0,0.0,0.0,0.0,4.0,4.0,4.0,0.0,0.0
20,4,5,5,0.5,0.2,0.3,dense,True,20,20,20,4,5,5,2,DPA token margin,full_response_stable_against_any_token_change,radius_derived,5,"0,10,20,30,40",0.25,0.0,0.5,0.25,0.25,0.75,0.5,1.0,0.25,0.25,1.65,0.75,2.75,0.8999999999999999,1.1,1.6,1.0,2.5,0.6000000000000001,0.8999999999999999,0.8,0.0,2.0,0.8,1.2,2.6,1.0,4.0,1.6,1.4,1.0,0.0,2.0,1.0,1.0,4.0,4.0,4.0,0.0,0.0,0.0,0.0,0.0,0.0,0.0,4.0,4.0,4.0,0.0,0.0
20,4,5,5,0.5,0.2,0.3,dense,True,20,20,20,4,5,5,3,DPA token margin,full_response_stable_against_any_token_change,radius_derived,5,"0,10,20,30,40",0.05,0.0,0.25,0.05,0.2,0.95,0.75,1.0,0.19999999999999996,0.050000000000000044,1.65,0.75,2.75,0.8999999999999999,1.1,1.6,1.0,2.5,0.6000000000000001,0.8999999999999999,0.8,0.0,2.0,0.8,1.2,2.6,1.0,4.0,1.6,1.4,0.2,0.0,1.0,0.2,0.8,4.0,4.0,4.0,0.0,0.0,0.0,0.0,0.0,0.0,0.0,4.0,4.0,4.0,0.0,0.0
20,4,5,5,0.5,0.2,0.3,dense,True,20,20,20,4,5,5,4,DPA token margin,full_response_stable_against_any_token_change,radius_derived,5,"0,10,20,30,40",0.0,0.0,0.0,0.0,0.0,1.0,1.0,1.0,0.0,0.0,1.65,0.75,2.75,0.8999999999999999,1.1,1.6,1.0,2.5,0.6000000000000001,0.8999999999999999,0.8,0.0,2.0,0.8,1.2,2.6,1.0,4.0,1.6,1.4,0.0,0.0,0.0,0.0,0.0,4.0,4.0,4.0,0.0,0.0,0.0,0.0,0.0,0.0,0.0,4.0,4.0,4.0,0.0,0.0
20,4,5,5,0.5,0.2,0.3,dense,True,20,20,20,4,5,5,5,DPA token margin,full_response_stable_against_any_token_change,radius_derived,5,"0,10,20,30,40",0.0,0.0,0.0,0.0,0.0,1.0,1.0,1.0,0.0,0.0,1.65,0.75,2.75,0.8999999999999999,1.1,1.6,1.0,2.5,0.6000000000000001,0.8999999999999999,0.8,0.0,2.0,0.8,1.2,2.6,1.0,4.0,1.6,1.4,0.0,0.0,0.0,0.0,0.0,4.0,4.0,4.0,0.0,0.0,0.0,0.0,0.0,0.0,0.0,4.0,4.0,4.0,0.0,0.0
20,4,5,5,0.5,0.2,0.3,dense,True,20,20,20,4,5,5,6,DPA token margin,full_response_stable_against_any_token_change,radius_derived,5,"0,10,20,30,40",0.0,0.0,0.0,0.0,0.0,1.0,1.0,1.0,0.0,0.0,1.65,0.75,2.75,0.8999999999999999,1.1,1.6,1.0,2.5,0.6000000000000001,0.8999999999999999,0.8,0.0,2.0,0.8,1.2,2.6,1.0,4.0,1.6,1.4,0.0,0.0,0.0,0.0,0.0,4.0,4.0,4.0,0.0,0.0,0.0,0.0,0.0,0.0,0.0,4.0,4.0,4.0,0.0,0.0
20,4,5,5,0.5,0.2,0.3,dense,True,20,20,20,4,5,5,7,DPA token margin,full_response_stable_against_any_token_change,radius_derived,5,"0,10,20,30,40",0.0,0.0,0.0,0.0,0.0,1.0,1.0,1.0,0.0,0.0,1.65,0.75,2.75,0.8999999999999999,1.1,1.6,1.0,2.5,0.6000000000000001,0.8999999999999999,0.8,0.0,2.0,0.8,1.2,2.6,1.0,4.0,1.6,1.4,0.0,0.0,0.0,0.0,0.0,4.0,4.0,4.0,0.0,0.0,0.0,0.0,0.0,0.0,0.0,4.0,4.0,4.0,0.0,0.0
20,4,5,5,0.5,0.2,0.3,dense,True,20,20,20,4,5,5,8,DPA token margin,full_response_stable_against_any_token_change,radius_derived,5,"0,10,20,30,40",0.0,0.0,0.0,0.0,0.0,1.0,1.0,1.0,0.0,0.0,1.65,0.75,2.75,0.8999999999999999,1.1,1.6,1.0,2.5,0.6000000000000001,0.8999999999999999,0.8,0.0,2.0,0.8,1.2,2.6,1.0,4.0,1.6,1.4,0.0,0.0,0.0,0.0,0.0,4.0,4.0,4.0,0.0,0.0,0.0,0.0,0.0,0.0,0.0,4.0,4.0,4.0,0.0,0.0
20,4,5,5,0.5,0.2,0.3,dense,True,20,20,20,4,5,5,9,DPA token margin,full_response_stable_against_any_token_change,radius_derived,5,"0,10,20,30,40",0.0,0.0,0.0,0.0,0.0,1.0,1.0,1.0,0.0,0.0,1.65,0.75,2.75,0.8999999999999999,1.1,1.6,1.0,2.5,0.6000000000000001,0.8999999999999999,0.8,0.0,2.0,0.8,1.2,2.6,1.0,4.0,1.6,1.4,0.0,0.0,0.0,0.0,0.0,4.0,4.0,4.0,0.0,0.0,0.0,0.0,0.0,0.0,0.0,4.0,4.0,4.0,0.0,0.0
20,4,5,5,0.5,0.2,0.3,dense,True,20,20,20,4,5,5,10,DPA token margin,full_response_stable_against_any_token_change,radius_derived,5,"0,10,20,30,40",0.0,0.0,0.0,0.0,0.0,1.0,1.0,1.0,0.0,0.0,1.65,0.75,2.75,0.8999999999999999,1.1,1.6,1.0,2.5,0.6000000000000001,0.8999999999999999,0.8,0.0,2.0,0.8,1.2,2.6,1.0,4.0,1.6,1.4,0.0,0.0,0.0,0.0,0.0,4.0,4.0,4.0,0.0,0.0,0.0,0.0,0.0,0.0,0.0,4.0,4.0,4.0,0.0,0.0
20,4,5,5,0.5,0.2,0.3,dense,True,20,20,20,4,5,5,11,DPA token margin,full_response_stable_against_any_token_change,radius_derived,5,"0,10,20,30,40",0.0,0.0,0.0,0.0,0.0,1.0,1.0,1.0,0.0,0.0,1.65,0.75,2.75,0.8999999999999999,1.1,1.6,1.0,2.5,0.6000000000000001,0.8999999999999999,0.8,0.0,2.0,0.8,1.2,2.6,1.0,4.0,1.6,1.4,0.0,0.0,0.0,0.0,0.0,4.0,4.0,4.0,0.0,0.0,0.0,0.0,0.0,0.0,0.0,4.0,4.0,4.0,0.0,0.0
20,4,5,5,0.5,0.2,0.3,dense,True,20,20,20,4,5,5,12,DPA token margin,full_response_stable_against_any_token_change,radius_derived,5,"0,10,20,30,40",0.0,0.0,0.0,0.0,0.0,1.0,1.0,1.0,0.0,0.0,1.65,0.75,2.75,0.8999999999999999,1.1,1.6,1.0,2.5,0.6000000000000001,0.8999999999999999,0.8,0.0,2.0,0.8,1.2,2.6,1.0,4.0,1.6,1.4,0.0,0.0,0.0,0.0,0.0,4.0,4.0,4.0,0.0,0.0,0.0,0.0,0.0,0.0,0.0,4.0,4.0,4.0,0.0,0.0
20,4,5,5,0.5,0.2,0.3,dense,True,20,20,20,4,5,5,13,DPA token margin,full_response_stable_against_any_token_change,radius_derived,5,"0,10,20,30,40",0.0,0.0,0.0,0.0,0.0,1.0,1.0,1.0,0.0,0.0,1.65,0.75,2.75,0.8999999999999999,1.1,1.6,1.0,2.5,0.6000000000000001,0.8999999999999999,0.8,0.0,2.0,0.8,1.2,2.6,1.0,4.0,1.6,1.4,0.0,0.0,0.0,0.0,0.0,4.0,4.0,4.0,0.0,0.0,0.0,0.0,0.0,0.0,0.0,4.0,4.0,4.0,0.0,0.0
20,4,5,5,0.5,0.2,0.3,dense,True,20,20,20,4,5,5,14,DPA token margin,full_response_stable_against_any_token_change,radius_derived,5,"0,10,20,30,40",0.0,0.0,0.0,0.0,0.0,1.0,1.0,1.0,0.0,0.0,1.65,0.75,2.75,0.8999999999999999,1.1,1.6,1.0,2.5,0.6000000000000001,0.8999999999999999,0.8,0.0,2.0,0.8,1.2,2.6,1.0,4.0,1.6,1.4,0.0,0.0,0.0,0.0,0.0,4.0,4.0,4.0,0.0,0.0,0.0,0.0,0.0,0.0,0.0,4.0,4.0,4.0,0.0,0.0
20,4,5,5,0.5,0.2,0.3,dense,True,20,20,20,4,5,5,15,DPA token margin,full_response_stable_against_any_token_change,radius_derived,5,"0,10,20,30,40",0.0,0.0,0.0,0.0,0.0,1.0,1.0,1.0,0.0,0.0,1.65,0.75,2.75,0.8999999999999999,1.1,1.6,1.0,2.5,0.6000000000000001,0.8999999999999999,0.8,0.0,2.0,0.8,1.2,2.6,1.0,4.0,1.6,1.4,0.0,0.0,0.0,0.0,0.0,4.0,4.0,4.0,0.0,0.0,0.0,0.0,0.0,0.0,0.0,4.0,4.0,4.0,0.0,0.0
20,4,5,5,0.5,0.2,0.3,dense,True,20,20,20,4,5,5,16,DPA token margin,full_response_stable_against_any_token_change,radius_derived,5,"0,10,20,30,40",0.0,0.0,0.0,0.0,0.0,1.0,1.0,1.0,0.0,0.0,1.65,0.75,2.75,0.8999999999999999,1.1,1.6,1.0,2.5,0.6000000000000001,0.8999999999999999,0.8,0.0,2.0,0.8,1.2,2.6,1.0,4.0,1.6,1.4,0.0,0.0,0.0,0.0,0.0,4.0,4.0,4.0,0.0,0.0,0.0,0.0,0.0,0.0,0.0,4.0,4.0,4.0,0.0,0.0
20,4,5,5,0.5,0.2,0.3,dense,True,20,20,20,4,5,5,17,DPA token margin,full_response_stable_against_any_token_change,radius_derived,5,"0,10,20,30,40",0.0,0.0,0.0,0.0,0.0,1.0,1.0,1.0,0.0,0.0,1.65,0.75,2.75,0.8999999999999999,1.1,1.6,1.0,2.5,0.6000000000000001,0.8999999999999999,0.8,0.0,2.0,0.8,1.2,2.6,1.0,4.0,1.6,1.4,0.0,0.0,0.0,0.0,0.0,4.0,4.0,4.0,0.0,0.0,0.0,0.0,0.0,0.0,0.0,4.0,4.0,4.0,0.0,0.0
20,4,5,5,0.5,0.2,0.3,dense,True,20,20,20,4,5,5,18,DPA token margin,full_response_stable_against_any_token_change,radius_derived,5,"0,10,20,30,40",0.0,0.0,0.0,0.0,0.0,1.0,1.0,1.0,0.0,0.0,1.65,0.75,2.75,0.8999999999999999,1.1,1.6,1.0,2.5,0.6000000000000001,0.8999999999999999,0.8,0.0,2.0,0.8,1.2,2.6,1.0,4.0,1.6,1.4,0.0,0.0,0.0,0.0,0.0,4.0,4.0,4.0,0.0,0.0,0.0,0.0,0.0,0.0,0.0,4.0,4.0,4.0,0.0,0.0
20,4,5,5,0.5,0.2,0.3,dense,True,20,20,20,4,5,5,19,DPA token margin,full_response_stable_against_any_token_change,radius_derived,5,"0,10,20,30,40",0.0,0.0,0.0,0.0,0.0,1.0,1.0,1.0,0.0,0.0,1.65,0.75,2.75,0.8999999999999999,1.1,1.6,1.0,2.5,0.6000000000000001,0.8999999999999999,0.8,0.0,2.0,0.8,1.2,2.6,1.0,4.0,1.6,1.4,0.0,0.0,0.0,0.0,0.0,4.0,4.0,4.0,0.0,0.0,0.0,0.0,0.0,0.0,0.0,4.0,4.0,4.0,0.0,0.0
20,4,5,5,0.5,0.2,0.3,dense,True,20,20,20,4,5,5,20,DPA token margin,full_response_stable_against_any_token_change,radius_derived,5,"0,10,20,30,40",0.0,0.0,0.0,0.0,0.0,1.0,1.0,1.0,0.0,0.0,1.65,0.75,2.75,0.8999999999999999,1.1,1.6,1.0,2.5,0.6000000000000001,0.8999999999999999,0.8,0.0,2.0,0.8,1.2,2.6,1.0,4.0,1.6,1.4,0.0,0.0,0.0,0.0,0.0,4.0,4.0,4.0,0.0,0.0,0.0,0.0,0.0,0.0,0.0,4.0,4.0,4.0,0.0,0.0
20,4,5,5,0.5,0.2,0.3,dense,True,20,20,20,4,5,5,0,Shared MILP,stability_one_token_per_prompt,radius_derived,5,"0,10,20,30,40",0.9,0.75,1.0,0.15000000000000002,0.09999999999999998,0.1,0.0,0.25,0.1,0.15,1.65,0.75,2.75,0.8999999999999999,1.1,1.6,1.0,2.5,0.6000000000000001,0.8999999999999999,0.8,0.0,2.0,0.8,1.2,2.6,1.0,4.0,1.6,1.4,3.6,3.0,4.0,0.6000000000000001,0.3999999999999999,4.0,4.0,4.0,0.0,0.0,0.0,0.0,0.0,0.0,0.0,4.0,4.0,4.0,0.0,0.0
20,4,5,5,0.5,0.2,0.3,dense,True,20,20,20,4,5,5,1,Shared MILP,stability_one_token_per_prompt,radius_derived,5,"0,10,20,30,40",0.45,0.0,1.0,0.45,0.55,0.55,0.0,1.0,0.55,0.44999999999999996,1.65,0.75,2.75,0.8999999999999999,1.1,1.6,1.0,2.5,0.6000000000000001,0.8999999999999999,0.8,0.0,2.0,0.8,1.2,2.6,1.0,4.0,1.6,1.4,1.8,0.0,4.0,1.8,2.2,4.0,4.0,4.0,0.0,0.0,0.0,0.0,0.0,0.0,0.0,4.0,4.0,4.0,0.0,0.0
20,4,5,5,0.5,0.2,0.3,dense,True,20,20,20,4,5,5,2,Shared MILP,stability_one_token_per_prompt,radius_derived,5,"0,10,20,30,40",0.25,0.0,0.5,0.25,0.25,0.75,0.5,1.0,0.25,0.25,1.65,0.75,2.75,0.8999999999999999,1.1,1.6,1.0,2.5,0.6000000000000001,0.8999999999999999,0.8,0.0,2.0,0.8,1.2,2.6,1.0,4.0,1.6,1.4,1.0,0.0,2.0,1.0,1.0,4.0,4.0,4.0,0.0,0.0,0.0,0.0,0.0,0.0,0.0,4.0,4.0,4.0,0.0,0.0
20,4,5,5,0.5,0.2,0.3,dense,True,20,20,20,4,5,5,3,Shared MILP,stability_one_token_per_prompt,radius_derived,5,"0,10,20,30,40",0.05,0.0,0.25,0.05,0.2,0.95,0.75,1.0,0.19999999999999996,0.050000000000000044,1.65,0.75,2.75,0.8999999999999999,1.1,1.6,1.0,2.5,0.6000000000000001,0.8999999999999999,0.8,0.0,2.0,0.8,1.2,2.6,1.0,4.0,1.6,1.4,0.2,0.0,1.0,0.2,0.8,4.0,4.0,4.0,0.0,0.0,0.0,0.0,0.0,0.0,0.0,4.0,4.0,4.0,0.0,0.0
20,4,5,5,0.5,0.2,0.3,dense,True,20,20,20,4,5,5,4,Shared MILP,stability_one_token_per_prompt,radius_derived,5,"0,10,20,30,40",0.0,0.0,0.0,0.0,0.0,1.0,1.0,1.0,0.0,0.0,1.65,0.75,2.75,0.8999999999999999,1.1,1.6,1.0,2.5,0.6000000000000001,0.8999999999999999,0.8,0.0,2.0,0.8,1.2,2.6,1.0,4.0,1.6,1.4,0.0,0.0,0.0,0.0,0.0,4.0,4.0,4.0,0.0,0.0,0.0,0.0,0.0,0.0,0.0,4.0,4.0,4.0,0.0,0.0
20,4,5,5,0.5,0.2,0.3,dense,True,20,20,20,4,5,5,5,Shared MILP,stability_one_token_per_prompt,radius_derived,5,"0,10,20,30,40",0.0,0.0,0.0,0.0,0.0,1.0,1.0,1.0,0.0,0.0,1.65,0.75,2.75,0.8999999999999999,1.1,1.6,1.0,2.5,0.6000000000000001,0.8999999999999999,0.8,0.0,2.0,0.8,1.2,2.6,1.0,4.0,1.6,1.4,0.0,0.0,0.0,0.0,0.0,4.0,4.0,4.0,0.0,0.0,0.0,0.0,0.0,0.0,0.0,4.0,4.0,4.0,0.0,0.0
20,4,5,5,0.5,0.2,0.3,dense,True,20,20,20,4,5,5,6,Shared MILP,stability_one_token_per_prompt,radius_derived,5,"0,10,20,30,40",0.0,0.0,0.0,0.0,0.0,1.0,1.0,1.0,0.0,0.0,1.65,0.75,2.75,0.8999999999999999,1.1,1.6,1.0,2.5,0.6000000000000001,0.8999999999999999,0.8,0.0,2.0,0.8,1.2,2.6,1.0,4.0,1.6,1.4,0.0,0.0,0.0,0.0,0.0,4.0,4.0,4.0,0.0,0.0,0.0,0.0,0.0,0.0,0.0,4.0,4.0,4.0,0.0,0.0
20,4,5,5,0.5,0.2,0.3,dense,True,20,20,20,4,5,5,7,Shared MILP,stability_one_token_per_prompt,radius_derived,5,"0,10,20,30,40",0.0,0.0,0.0,0.0,0.0,1.0,1.0,1.0,0.0,0.0,1.65,0.75,2.75,0.8999999999999999,1.1,1.6,1.0,2.5,0.6000000000000001,0.8999999999999999,0.8,0.0,2.0,0.8,1.2,2.6,1.0,4.0,1.6,1.4,0.0,0.0,0.0,0.0,0.0,4.0,4.0,4.0,0.0,0.0,0.0,0.0,0.0,0.0,0.0,4.0,4.0,4.0,0.0,0.0
20,4,5,5,0.5,0.2,0.3,dense,True,20,20,20,4,5,5,8,Shared MILP,stability_one_token_per_prompt,radius_derived,5,"0,10,20,30,40",0.0,0.0,0.0,0.0,0.0,1.0,1.0,1.0,0.0,0.0,1.65,0.75,2.75,0.8999999999999999,1.1,1.6,1.0,2.5,0.6000000000000001,0.8999999999999999,0.8,0.0,2.0,0.8,1.2,2.6,1.0,4.0,1.6,1.4,0.0,0.0,0.0,0.0,0.0,4.0,4.0,4.0,0.0,0.0,0.0,0.0,0.0,0.0,0.0,4.0,4.0,4.0,0.0,0.0
20,4,5,5,0.5,0.2,0.3,dense,True,20,20,20,4,5,5,9,Shared MILP,stability_one_token_per_prompt,radius_derived,5,"0,10,20,30,40",0.0,0.0,0.0,0.0,0.0,1.0,1.0,1.0,0.0,0.0,1.65,0.75,2.75,0.8999999999999999,1.1,1.6,1.0,2.5,0.6000000000000001,0.8999999999999999,0.8,0.0,2.0,0.8,1.2,2.6,1.0,4.0,1.6,1.4,0.0,0.0,0.0,0.0,0.0,4.0,4.0,4.0,0.0,0.0,0.0,0.0,0.0,0.0,0.0,4.0,4.0,4.0,0.0,0.0
20,4,5,5,0.5,0.2,0.3,dense,True,20,20,20,4,5,5,10,Shared MILP,stability_one_token_per_prompt,radius_derived,5,"0,10,20,30,40",0.0,0.0,0.0,0.0,0.0,1.0,1.0,1.0,0.0,0.0,1.65,0.75,2.75,0.8999999999999999,1.1,1.6,1.0,2.5,0.6000000000000001,0.8999999999999999,0.8,0.0,2.0,0.8,1.2,2.6,1.0,4.0,1.6,1.4,0.0,0.0,0.0,0.0,0.0,4.0,4.0,4.0,0.0,0.0,0.0,0.0,0.0,0.0,0.0,4.0,4.0,4.0,0.0,0.0
20,4,5,5,0.5,0.2,0.3,dense,True,20,20,20,4,5,5,11,Shared MILP,stability_one_token_per_prompt,radius_derived,5,"0,10,20,30,40",0.0,0.0,0.0,0.0,0.0,1.0,1.0,1.0,0.0,0.0,1.65,0.75,2.75,0.8999999999999999,1.1,1.6,1.0,2.5,0.6000000000000001,0.8999999999999999,0.8,0.0,2.0,0.8,1.2,2.6,1.0,4.0,1.6,1.4,0.0,0.0,0.0,0.0,0.0,4.0,4.0,4.0,0.0,0.0,0.0,0.0,0.0,0.0,0.0,4.0,4.0,4.0,0.0,0.0
20,4,5,5,0.5,0.2,0.3,dense,True,20,20,20,4,5,5,12,Shared MILP,stability_one_token_per_prompt,radius_derived,5,"0,10,20,30,40",0.0,0.0,0.0,0.0,0.0,1.0,1.0,1.0,0.0,0.0,1.65,0.75,2.75,0.8999999999999999,1.1,1.6,1.0,2.5,0.6000000000000001,0.8999999999999999,0.8,0.0,2.0,0.8,1.2,2.6,1.0,4.0,1.6,1.4,0.0,0.0,0.0,0.0,0.0,4.0,4.0,4.0,0.0,0.0,0.0,0.0,0.0,0.0,0.0,4.0,4.0,4.0,0.0,0.0
20,4,5,5,0.5,0.2,0.3,dense,True,20,20,20,4,5,5,13,Shared MILP,stability_one_token_per_prompt,radius_derived,5,"0,10,20,30,40",0.0,0.0,0.0,0.0,0.0,1.0,1.0,1.0,0.0,0.0,1.65,0.75,2.75,0.8999999999999999,1.1,1.6,1.0,2.5,0.6000000000000001,0.8999999999999999,0.8,0.0,2.0,0.8,1.2,2.6,1.0,4.0,1.6,1.4,0.0,0.0,0.0,0.0,0.0,4.0,4.0,4.0,0.0,0.0,0.0,0.0,0.0,0.0,0.0,4.0,4.0,4.0,0.0,0.0
20,4,5,5,0.5,0.2,0.3,dense,True,20,20,20,4,5,5,14,Shared MILP,stability_one_token_per_prompt,radius_derived,5,"0,10,20,30,40",0.0,0.0,0.0,0.0,0.0,1.0,1.0,1.0,0.0,0.0,1.65,0.75,2.75,0.8999999999999999,1.1,1.6,1.0,2.5,0.6000000000000001,0.8999999999999999,0.8,0.0,2.0,0.8,1.2,2.6,1.0,4.0,1.6,1.4,0.0,0.0,0.0,0.0,0.0,4.0,4.0,4.0,0.0,0.0,0.0,0.0,0.0,0.0,0.0,4.0,4.0,4.0,0.0,0.0
20,4,5,5,0.5,0.2,0.3,dense,True,20,20,20,4,5,5,15,Shared MILP,stability_one_token_per_prompt,radius_derived,5,"0,10,20,30,40",0.0,0.0,0.0,0.0,0.0,1.0,1.0,1.0,0.0,0.0,1.65,0.75,2.75,0.8999999999999999,1.1,1.6,1.0,2.5,0.6000000000000001,0.8999999999999999,0.8,0.0,2.0,0.8,1.2,2.6,1.0,4.0,1.6,1.4,0.0,0.0,0.0,0.0,0.0,4.0,4.0,4.0,0.0,0.0,0.0,0.0,0.0,0.0,0.0,4.0,4.0,4.0,0.0,0.0
20,4,5,5,0.5,0.2,0.3,dense,True,20,20,20,4,5,5,16,Shared MILP,stability_one_token_per_prompt,radius_derived,5,"0,10,20,30,40",0.0,0.0,0.0,0.0,0.0,1.0,1.0,1.0,0.0,0.0,1.65,0.75,2.75,0.8999999999999999,1.1,1.6,1.0,2.5,0.6000000000000001,0.8999999999999999,0.8,0.0,2.0,0.8,1.2,2.6,1.0,4.0,1.6,1.4,0.0,0.0,0.0,0.0,0.0,4.0,4.0,4.0,0.0,0.0,0.0,0.0,0.0,0.0,0.0,4.0,4.0,4.0,0.0,0.0
20,4,5,5,0.5,0.2,0.3,dense,True,20,20,20,4,5,5,17,Shared MILP,stability_one_token_per_prompt,radius_derived,5,"0,10,20,30,40",0.0,0.0,0.0,0.0,0.0,1.0,1.0,1.0,0.0,0.0,1.65,0.75,2.75,0.8999999999999999,1.1,1.6,1.0,2.5,0.6000000000000001,0.8999999999999999,0.8,0.0,2.0,0.8,1.2,2.6,1.0,4.0,1.6,1.4,0.0,0.0,0.0,0.0,0.0,4.0,4.0,4.0,0.0,0.0,0.0,0.0,0.0,0.0,0.0,4.0,4.0,4.0,0.0,0.0
20,4,5,5,0.5,0.2,0.3,dense,True,20,20,20,4,5,5,18,Shared MILP,stability_one_token_per_prompt,radius_derived,5,"0,10,20,30,40",0.0,0.0,0.0,0.0,0.0,1.0,1.0,1.0,0.0,0.0,1.65,0.75,2.75,0.8999999999999999,1.1,1.6,1.0,2.5,0.6000000000000001,0.8999999999999999,0.8,0.0,2.0,0.8,1.2,2.6,1.0,4.0,1.6,1.4,0.0,0.0,0.0,0.0,0.0,4.0,4.0,4.0,0.0,0.0,0.0,0.0,0.0,0.0,0.0,4.0,4.0,4.0,0.0,0.0
20,4,5,5,0.5,0.2,0.3,dense,True,20,20,20,4,5,5,19,Shared MILP,stability_one_token_per_prompt,radius_derived,5,"0,10,20,30,40",0.0,0.0,0.0,0.0,0.0,1.0,1.0,1.0,0.0,0.0,1.65,0.75,2.75,0.8999999999999999,1.1,1.6,1.0,2.5,0.6000000000000001,0.8999999999999999,0.8,0.0,2.0,0.8,1.2,2.6,1.0,4.0,1.6,1.4,0.0,0.0,0.0,0.0,0.0,4.0,4.0,4.0,0.0,0.0,0.0,0.0,0.0,0.0,0.0,4.0,4.0,4.0,0.0,0.0
20,4,5,5,0.5,0.2,0.3,dense,True,20,20,20,4,5,5,20,Shared MILP,stability_one_token_per_prompt,radius_derived,5,"0,10,20,30,40",0.0,0.0,0.0,0.0,0.0,1.0,1.0,1.0,0.0,0.0,1.65,0.75,2.75,0.8999999999999999,1.1,1.6,1.0,2.5,0.6000000000000001,0.8999999999999999,0.8,0.0,2.0,0.8,1.2,2.6,1.0,4.0,1.6,1.4,0.0,0.0,0.0,0.0,0.0,4.0,4.0,4.0,0.0,0.0,0.0,0.0,0.0,0.0,0.0,4.0,4.0,4.0,0.0,0.0
20,4,5,5,0.5,0.2,0.3,dense,True,20,20,20,4,5,5,0,Shared MILP,stability_full_sequence_per_prompt,radius_derived,5,"0,10,20,30,40",1.0,1.0,1.0,0.0,0.0,0.0,0.0,0.0,0.0,0.0,5.0,4.5,5.75,0.5,0.75,4.6,3.5,5.0,1.0999999999999996,0.40000000000000036,4.0,3.0,5.0,1.0,1.0,6.8,5.0,8.0,1.7999999999999998,1.2000000000000002,4.0,4.0,4.0,0.0,0.0,4.0,4.0,4.0,0.0,0.0,0.0,0.0,0.0,0.0,0.0,4.0,4.0,4.0,0.0,0.0
20,4,5,5,0.5,0.2,0.3,dense,True,20,20,20,4,5,5,1,Shared MILP,stability_full_sequence_per_prompt,radius_derived,5,"0,10,20,30,40",1.0,1.0,1.0,0.0,0.0,0.0,0.0,0.0,0.0,0.0,5.0,4.5,5.75,0.5,0.75,4.6,3.5,5.0,1.0999999999999996,0.40000000000000036,4.0,3.0,5.0,1.0,1.0,6.8,5.0,8.0,1.7999999999999998,1.2000000000000002,4.0,4.0,4.0,0.0,0.0,4.0,4.0,4.0,0.0,0.0,0.0,0.0,0.0,0.0,0.0,4.0,4.0,4.0,0.0,0.0
20,4,5,5,0.5,0.2,0.3,dense,True,20,20,20,4,5,5,2,Shared MILP,stability_full_sequence_per_prompt,radius_derived,5,"0,10,20,30,40",1.0,1.0,1.0,0.0,0.0,0.0,0.0,0.0,0.0,0.0,5.0,4.5,5.75,0.5,0.75,4.6,3.5,5.0,1.0999999999999996,0.40000000000000036,4.0,3.0,5.0,1.0,1.0,6.8,5.0,8.0,1.7999999999999998,1.2000000000000002,4.0,4.0,4.0,0.0,0.0,4.0,4.0,4.0,0.0,0.0,0.0,0.0,0.0,0.0,0.0,4.0,4.0,4.0,0.0,0.0
20,4,5,5,0.5,0.2,0.3,dense,True,20,20,20,4,5,5,3,Shared MILP,stability_full_sequence_per_prompt,radius_derived,5,"0,10,20,30,40",0.85,0.5,1.0,0.35,0.15000000000000002,0.15,0.0,0.5,0.15,0.35,5.0,4.5,5.75,0.5,0.75,4.6,3.5,5.0,1.0999999999999996,0.40000000000000036,4.0,3.0,5.0,1.0,1.0,6.8,5.0,8.0,1.7999999999999998,1.2000000000000002,3.4,2.0,4.0,1.4,0.6000000000000001,4.0,4.0,4.0,0.0,0.0,0.0,0.0,0.0,0.0,0.0,4.0,4.0,4.0,0.0,0.0
20,4,5,5,0.5,0.2,0.3,dense,True,20,20,20,4,5,5,4,Shared MILP,stability_full_sequence_per_prompt,radius_derived,5,"0,10,20,30,40",0.7,0.25,1.0,0.44999999999999996,0.30000000000000004,0.3,0.0,0.75,0.3,0.45,5.0,4.5,5.75,0.5,0.75,4.6,3.5,5.0,1.0999999999999996,0.40000000000000036,4.0,3.0,5.0,1.0,1.0,6.8,5.0,8.0,1.7999999999999998,1.2000000000000002,2.8,1.0,4.0,1.7999999999999998,1.2000000000000002,4.0,4.0,4.0,0.0,0.0,0.0,0.0,0.0,0.0,0.0,4.0,4.0,4.0,0.0,0.0
20,4,5,5,0.5,0.2,0.3,dense,True,20,20,20,4,5,5,5,Shared MILP,stability_full_sequence_per_prompt,radius_derived,5,"0,10,20,30,40",0.2,0.0,0.25,0.2,0.04999999999999999,0.8,0.75,1.0,0.050000000000000044,0.19999999999999996,5.0,4.5,5.75,0.5,0.75,4.6,3.5,5.0,1.0999999999999996,0.40000000000000036,4.0,3.0,5.0,1.0,1.0,6.8,5.0,8.0,1.7999999999999998,1.2000000000000002,0.8,0.0,1.0,0.8,0.19999999999999996,4.0,4.0,4.0,0.0,0.0,0.0,0.0,0.0,0.0,0.0,4.0,4.0,4.0,0.0,0.0
20,4,5,5,0.5,0.2,0.3,dense,True,20,20,20,4,5,5,6,Shared MILP,stability_full_sequence_per_prompt,radius_derived,5,"0,10,20,30,40",0.15,0.0,0.25,0.15,0.1,0.85,0.75,1.0,0.09999999999999998,0.15000000000000002,5.0,4.5,5.75,0.5,0.75,4.6,3.5,5.0,1.0999999999999996,0.40000000000000036,4.0,3.0,5.0,1.0,1.0,6.8,5.0,8.0,1.7999999999999998,1.2000000000000002,0.6,0.0,1.0,0.6,0.4,4.0,4.0,4.0,0.0,0.0,0.0,0.0,0.0,0.0,0.0,4.0,4.0,4.0,0.0,0.0
20,4,5,5,0.5,0.2,0.3,dense,True,20,20,20,4,5,5,7,Shared MILP,stability_full_sequence_per_prompt,radius_derived,5,"0,10,20,30,40",0.1,0.0,0.25,0.1,0.15,0.9,0.75,1.0,0.15000000000000002,0.09999999999999998,5.0,4.5,5.75,0.5,0.75,4.6,3.5,5.0,1.0999999999999996,0.40000000000000036,4.0,3.0,5.0,1.0,1.0,6.8,5.0,8.0,1.7999999999999998,1.2000000000000002,0.4,0.0,1.0,0.4,0.6,4.0,4.0,4.0,0.0,0.0,0.0,0.0,0.0,0.0,0.0,4.0,4.0,4.0,0.0,0.0
20,4,5,5,0.5,0.2,0.3,dense,True,20,20,20,4,5,5,8,Shared MILP,stability_full_sequence_per_prompt,radius_derived,5,"0,10,20,30,40",0.0,0.0,0.0,0.0,0.0,1.0,1.0,1.0,0.0,0.0,5.0,4.5,5.75,0.5,0.75,4.6,3.5,5.0,1.0999999999999996,0.40000000000000036,4.0,3.0,5.0,1.0,1.0,6.8,5.0,8.0,1.7999999999999998,1.2000000000000002,0.0,0.0,0.0,0.0,0.0,4.0,4.0,4.0,0.0,0.0,0.0,0.0,0.0,0.0,0.0,4.0,4.0,4.0,0.0,0.0
20,4,5,5,0.5,0.2,0.3,dense,True,20,20,20,4,5,5,9,Shared MILP,stability_full_sequence_per_prompt,radius_derived,5,"0,10,20,30,40",0.0,0.0,0.0,0.0,0.0,1.0,1.0,1.0,0.0,0.0,5.0,4.5,5.75,0.5,0.75,4.6,3.5,5.0,1.0999999999999996,0.40000000000000036,4.0,3.0,5.0,1.0,1.0,6.8,5.0,8.0,1.7999999999999998,1.2000000000000002,0.0,0.0,0.0,0.0,0.0,4.0,4.0,4.0,0.0,0.0,0.0,0.0,0.0,0.0,0.0,4.0,4.0,4.0,0.0,0.0
20,4,5,5,0.5,0.2,0.3,dense,True,20,20,20,4,5,5,10,Shared MILP,stability_full_sequence_per_prompt,radius_derived,5,"0,10,20,30,40",0.0,0.0,0.0,0.0,0.0,1.0,1.0,1.0,0.0,0.0,5.0,4.5,5.75,0.5,0.75,4.6,3.5,5.0,1.0999999999999996,0.40000000000000036,4.0,3.0,5.0,1.0,1.0,6.8,5.0,8.0,1.7999999999999998,1.2000000000000002,0.0,0.0,0.0,0.0,0.0,4.0,4.0,4.0,0.0,0.0,0.0,0.0,0.0,0.0,0.0,4.0,4.0,4.0,0.0,0.0
20,4,5,5,0.5,0.2,0.3,dense,True,20,20,20,4,5,5,11,Shared MILP,stability_full_sequence_per_prompt,radius_derived,5,"0,10,20,30,40",0.0,0.0,0.0,0.0,0.0,1.0,1.0,1.0,0.0,0.0,5.0,4.5,5.75,0.5,0.75,4.6,3.5,5.0,1.0999999999999996,0.40000000000000036,4.0,3.0,5.0,1.0,1.0,6.8,5.0,8.0,1.7999999999999998,1.2000000000000002,0.0,0.0,0.0,0.0,0.0,4.0,4.0,4.0,0.0,0.0,0.0,0.0,0.0,0.0,0.0,4.0,4.0,4.0,0.0,0.0
20,4,5,5,0.5,0.2,0.3,dense,True,20,20,20,4,5,5,12,Shared MILP,stability_full_sequence_per_prompt,radius_derived,5,"0,10,20,30,40",0.0,0.0,0.0,0.0,0.0,1.0,1.0,1.0,0.0,0.0,5.0,4.5,5.75,0.5,0.75,4.6,3.5,5.0,1.0999999999999996,0.40000000000000036,4.0,3.0,5.0,1.0,1.0,6.8,5.0,8.0,1.7999999999999998,1.2000000000000002,0.0,0.0,0.0,0.0,0.0,4.0,4.0,4.0,0.0,0.0,0.0,0.0,0.0,0.0,0.0,4.0,4.0,4.0,0.0,0.0
20,4,5,5,0.5,0.2,0.3,dense,True,20,20,20,4,5,5,13,Shared MILP,stability_full_sequence_per_prompt,radius_derived,5,"0,10,20,30,40",0.0,0.0,0.0,0.0,0.0,1.0,1.0,1.0,0.0,0.0,5.0,4.5,5.75,0.5,0.75,4.6,3.5,5.0,1.0999999999999996,0.40000000000000036,4.0,3.0,5.0,1.0,1.0,6.8,5.0,8.0,1.7999999999999998,1.2000000000000002,0.0,0.0,0.0,0.0,0.0,4.0,4.0,4.0,0.0,0.0,0.0,0.0,0.0,0.0,0.0,4.0,4.0,4.0,0.0,0.0
20,4,5,5,0.5,0.2,0.3,dense,True,20,20,20,4,5,5,14,Shared MILP,stability_full_sequence_per_prompt,radius_derived,5,"0,10,20,30,40",0.0,0.0,0.0,0.0,0.0,1.0,1.0,1.0,0.0,0.0,5.0,4.5,5.75,0.5,0.75,4.6,3.5,5.0,1.0999999999999996,0.40000000000000036,4.0,3.0,5.0,1.0,1.0,6.8,5.0,8.0,1.7999999999999998,1.2000000000000002,0.0,0.0,0.0,0.0,0.0,4.0,4.0,4.0,0.0,0.0,0.0,0.0,0.0,0.0,0.0,4.0,4.0,4.0,0.0,0.0
20,4,5,5,0.5,0.2,0.3,dense,True,20,20,20,4,5,5,15,Shared MILP,stability_full_sequence_per_prompt,radius_derived,5,"0,10,20,30,40",0.0,0.0,0.0,0.0,0.0,1.0,1.0,1.0,0.0,0.0,5.0,4.5,5.75,0.5,0.75,4.6,3.5,5.0,1.0999999999999996,0.40000000000000036,4.0,3.0,5.0,1.0,1.0,6.8,5.0,8.0,1.7999999999999998,1.2000000000000002,0.0,0.0,0.0,0.0,0.0,4.0,4.0,4.0,0.0,0.0,0.0,0.0,0.0,0.0,0.0,4.0,4.0,4.0,0.0,0.0
20,4,5,5,0.5,0.2,0.3,dense,True,20,20,20,4,5,5,16,Shared MILP,stability_full_sequence_per_prompt,radius_derived,5,"0,10,20,30,40",0.0,0.0,0.0,0.0,0.0,1.0,1.0,1.0,0.0,0.0,5.0,4.5,5.75,0.5,0.75,4.6,3.5,5.0,1.0999999999999996,0.40000000000000036,4.0,3.0,5.0,1.0,1.0,6.8,5.0,8.0,1.7999999999999998,1.2000000000000002,0.0,0.0,0.0,0.0,0.0,4.0,4.0,4.0,0.0,0.0,0.0,0.0,0.0,0.0,0.0,4.0,4.0,4.0,0.0,0.0
20,4,5,5,0.5,0.2,0.3,dense,True,20,20,20,4,5,5,17,Shared MILP,stability_full_sequence_per_prompt,radius_derived,5,"0,10,20,30,40",0.0,0.0,0.0,0.0,0.0,1.0,1.0,1.0,0.0,0.0,5.0,4.5,5.75,0.5,0.75,4.6,3.5,5.0,1.0999999999999996,0.40000000000000036,4.0,3.0,5.0,1.0,1.0,6.8,5.0,8.0,1.7999999999999998,1.2000000000000002,0.0,0.0,0.0,0.0,0.0,4.0,4.0,4.0,0.0,0.0,0.0,0.0,0.0,0.0,0.0,4.0,4.0,4.0,0.0,0.0
20,4,5,5,0.5,0.2,0.3,dense,True,20,20,20,4,5,5,18,Shared MILP,stability_full_sequence_per_prompt,radius_derived,5,"0,10,20,30,40",0.0,0.0,0.0,0.0,0.0,1.0,1.0,1.0,0.0,0.0,5.0,4.5,5.75,0.5,0.75,4.6,3.5,5.0,1.0999999999999996,0.40000000000000036,4.0,3.0,5.0,1.0,1.0,6.8,5.0,8.0,1.7999999999999998,1.2000000000000002,0.0,0.0,0.0,0.0,0.0,4.0,4.0,4.0,0.0,0.0,0.0,0.0,0.0,0.0,0.0,4.0,4.0,4.0,0.0,0.0
20,4,5,5,0.5,0.2,0.3,dense,True,20,20,20,4,5,5,19,Shared MILP,stability_full_sequence_per_prompt,radius_derived,5,"0,10,20,30,40",0.0,0.0,0.0,0.0,0.0,1.0,1.0,1.0,0.0,0.0,5.0,4.5,5.75,0.5,0.75,4.6,3.5,5.0,1.0999999999999996,0.40000000000000036,4.0,3.0,5.0,1.0,1.0,6.8,5.0,8.0,1.7999999999999998,1.2000000000000002,0.0,0.0,0.0,0.0,0.0,4.0,4.0,4.0,0.0,0.0,0.0,0.0,0.0,0.0,0.0,4.0,4.0,4.0,0.0,0.0
20,4,5,5,0.5,0.2,0.3,dense,True,20,20,20,4,5,5,20,Shared MILP,stability_full_sequence_per_prompt,radius_derived,5,"0,10,20,30,40",0.0,0.0,0.0,0.0,0.0,1.0,1.0,1.0,0.0,0.0,5.0,4.5,5.75,0.5,0.75,4.6,3.5,5.0,1.0999999999999996,0.40000000000000036,4.0,3.0,5.0,1.0,1.0,6.8,5.0,8.0,1.7999999999999998,1.2000000000000002,0.0,0.0,0.0,0.0,0.0,4.0,4.0,4.0,0.0,0.0,0.0,0.0,0.0,0.0,0.0,4.0,4.0,4.0,0.0,0.0
20,4,5,5,0.5,0.2,0.3,dense,True,20,20,20,4,5,5,0,Plain DPA max token,validity_full_harmful_sequence_per_prompt,radius_derived,5,"0,10,20,30,40",1.0,1.0,1.0,0.0,0.0,0.0,0.0,0.0,0.0,0.0,4.55,3.5,6.75,1.0499999999999998,2.2,4.5,3.5,6.5,1.0,2.0,3.8,3.0,6.0,0.7999999999999998,2.2,5.4,4.0,8.0,1.4000000000000004,2.5999999999999996,4.0,4.0,4.0,0.0,0.0,4.0,4.0,4.0,0.0,0.0,0.0,0.0,0.0,0.0,0.0,4.0,4.0,4.0,0.0,0.0
20,4,5,5,0.5,0.2,0.3,dense,True,20,20,20,4,5,5,1,Plain DPA max token,validity_full_harmful_sequence_per_prompt,radius_derived,5,"0,10,20,30,40",1.0,1.0,1.0,0.0,0.0,0.0,0.0,0.0,0.0,0.0,4.55,3.5,6.75,1.0499999999999998,2.2,4.5,3.5,6.5,1.0,2.0,3.8,3.0,6.0,0.7999999999999998,2.2,5.4,4.0,8.0,1.4000000000000004,2.5999999999999996,4.0,4.0,4.0,0.0,0.0,4.0,4.0,4.0,0.0,0.0,0.0,0.0,0.0,0.0,0.0,4.0,4.0,4.0,0.0,0.0
20,4,5,5,0.5,0.2,0.3,dense,True,20,20,20,4,5,5,2,Plain DPA max token,validity_full_harmful_sequence_per_prompt,radius_derived,5,"0,10,20,30,40",1.0,1.0,1.0,0.0,0.0,0.0,0.0,0.0,0.0,0.0,4.55,3.5,6.75,1.0499999999999998,2.2,4.5,3.5,6.5,1.0,2.0,3.8,3.0,6.0,0.7999999999999998,2.2,5.4,4.0,8.0,1.4000000000000004,2.5999999999999996,4.0,4.0,4.0,0.0,0.0,4.0,4.0,4.0,0.0,0.0,0.0,0.0,0.0,0.0,0.0,4.0,4.0,4.0,0.0,0.0
20,4,5,5,0.5,0.2,0.3,dense,True,20,20,20,4,5,5,3,Plain DPA max token,validity_full_harmful_sequence_per_prompt,radius_derived,5,"0,10,20,30,40",0.8,0.5,1.0,0.30000000000000004,0.19999999999999996,0.2,0.0,0.5,0.2,0.3,4.55,3.5,6.75,1.0499999999999998,2.2,4.5,3.5,6.5,1.0,2.0,3.8,3.0,6.0,0.7999999999999998,2.2,5.4,4.0,8.0,1.4000000000000004,2.5999999999999996,3.2,2.0,4.0,1.2000000000000002,0.7999999999999998,4.0,4.0,4.0,0.0,0.0,0.0,0.0,0.0,0.0,0.0,4.0,4.0,4.0,0.0,0.0
20,4,5,5,0.5,0.2,0.3,dense,True,20,20,20,4,5,5,4,Plain DPA max token,validity_full_harmful_sequence_per_prompt,radius_derived,5,"0,10,20,30,40",0.4,0.0,1.0,0.4,0.6,0.6,0.0,1.0,0.6,0.4,4.55,3.5,6.75,1.0499999999999998,2.2,4.5,3.5,6.5,1.0,2.0,3.8,3.0,6.0,0.7999999999999998,2.2,5.4,4.0,8.0,1.4000000000000004,2.5999999999999996,1.6,0.0,4.0,1.6,2.4,4.0,4.0,4.0,0.0,0.0,0.0,0.0,0.0,0.0,0.0,4.0,4.0,4.0,0.0,0.0
20,4,5,5,0.5,0.2,0.3,dense,True,20,20,20,4,5,5,5,Plain DPA max token,validity_full_harmful_sequence_per_prompt,radius_derived,5,"0,10,20,30,40",0.2,0.0,1.0,0.2,0.8,0.8,0.0,1.0,0.8,0.19999999999999996,4.55,3.5,6.75,1.0499999999999998,2.2,4.5,3.5,6.5,1.0,2.0,3.8,3.0,6.0,0.7999999999999998,2.2,5.4,4.0,8.0,1.4000000000000004,2.5999999999999996,0.8,0.0,4.0,0.8,3.2,4.0,4.0,4.0,0.0,0.0,0.0,0.0,0.0,0.0,0.0,4.0,4.0,4.0,0.0,0.0
20,4,5,5,0.5,0.2,0.3,dense,True,20,20,20,4,5,5,6,Plain DPA max token,validity_full_harmful_sequence_per_prompt,radius_derived,5,"0,10,20,30,40",0.1,0.0,0.5,0.1,0.4,0.9,0.5,1.0,0.4,0.09999999999999998,4.55,3.5,6.75,1.0499999999999998,2.2,4.5,3.5,6.5,1.0,2.0,3.8,3.0,6.0,0.7999999999999998,2.2,5.4,4.0,8.0,1.4000000000000004,2.5999999999999996,0.4,0.0,2.0,0.4,1.6,4.0,4.0,4.0,0.0,0.0,0.0,0.0,0.0,0.0,0.0,4.0,4.0,4.0,0.0,0.0
20,4,5,5,0.5,0.2,0.3,dense,True,20,20,20,4,5,5,7,Plain DPA max token,validity_full_harmful_sequence_per_prompt,radius_derived,5,"0,10,20,30,40",0.05,0.0,0.25,0.05,0.2,0.95,0.75,1.0,0.19999999999999996,0.050000000000000044,4.55,3.5,6.75,1.0499999999999998,2.2,4.5,3.5,6.5,1.0,2.0,3.8,3.0,6.0,0.7999999999999998,2.2,5.4,4.0,8.0,1.4000000000000004,2.5999999999999996,0.2,0.0,1.0,0.2,0.8,4.0,4.0,4.0,0.0,0.0,0.0,0.0,0.0,0.0,0.0,4.0,4.0,4.0,0.0,0.0
20,4,5,5,0.5,0.2,0.3,dense,True,20,20,20,4,5,5,8,Plain DPA max token,validity_full_harmful_sequence_per_prompt,radius_derived,5,"0,10,20,30,40",0.0,0.0,0.0,0.0,0.0,1.0,1.0,1.0,0.0,0.0,4.55,3.5,6.75,1.0499999999999998,2.2,4.5,3.5,6.5,1.0,2.0,3.8,3.0,6.0,0.7999999999999998,2.2,5.4,4.0,8.0,1.4000000000000004,2.5999999999999996,0.0,0.0,0.0,0.0,0.0,4.0,4.0,4.0,0.0,0.0,0.0,0.0,0.0,0.0,0.0,4.0,4.0,4.0,0.0,0.0
20,4,5,5,0.5,0.2,0.3,dense,True,20,20,20,4,5,5,9,Plain DPA max token,validity_full_harmful_sequence_per_prompt,radius_derived,5,"0,10,20,30,40",0.0,0.0,0.0,0.0,0.0,1.0,1.0,1.0,0.0,0.0,4.55,3.5,6.75,1.0499999999999998,2.2,4.5,3.5,6.5,1.0,2.0,3.8,3.0,6.0,0.7999999999999998,2.2,5.4,4.0,8.0,1.4000000000000004,2.5999999999999996,0.0,0.0,0.0,0.0,0.0,4.0,4.0,4.0,0.0,0.0,0.0,0.0,0.0,0.0,0.0,4.0,4.0,4.0,0.0,0.0
20,4,5,5,0.5,0.2,0.3,dense,True,20,20,20,4,5,5,10,Plain DPA max token,validity_full_harmful_sequence_per_prompt,radius_derived,5,"0,10,20,30,40",0.0,0.0,0.0,0.0,0.0,1.0,1.0,1.0,0.0,0.0,4.55,3.5,6.75,1.0499999999999998,2.2,4.5,3.5,6.5,1.0,2.0,3.8,3.0,6.0,0.7999999999999998,2.2,5.4,4.0,8.0,1.4000000000000004,2.5999999999999996,0.0,0.0,0.0,0.0,0.0,4.0,4.0,4.0,0.0,0.0,0.0,0.0,0.0,0.0,0.0,4.0,4.0,4.0,0.0,0.0
20,4,5,5,0.5,0.2,0.3,dense,True,20,20,20,4,5,5,11,Plain DPA max token,validity_full_harmful_sequence_per_prompt,radius_derived,5,"0,10,20,30,40",0.0,0.0,0.0,0.0,0.0,1.0,1.0,1.0,0.0,0.0,4.55,3.5,6.75,1.0499999999999998,2.2,4.5,3.5,6.5,1.0,2.0,3.8,3.0,6.0,0.7999999999999998,2.2,5.4,4.0,8.0,1.4000000000000004,2.5999999999999996,0.0,0.0,0.0,0.0,0.0,4.0,4.0,4.0,0.0,0.0,0.0,0.0,0.0,0.0,0.0,4.0,4.0,4.0,0.0,0.0
20,4,5,5,0.5,0.2,0.3,dense,True,20,20,20,4,5,5,12,Plain DPA max token,validity_full_harmful_sequence_per_prompt,radius_derived,5,"0,10,20,30,40",0.0,0.0,0.0,0.0,0.0,1.0,1.0,1.0,0.0,0.0,4.55,3.5,6.75,1.0499999999999998,2.2,4.5,3.5,6.5,1.0,2.0,3.8,3.0,6.0,0.7999999999999998,2.2,5.4,4.0,8.0,1.4000000000000004,2.5999999999999996,0.0,0.0,0.0,0.0,0.0,4.0,4.0,4.0,0.0,0.0,0.0,0.0,0.0,0.0,0.0,4.0,4.0,4.0,0.0,0.0
20,4,5,5,0.5,0.2,0.3,dense,True,20,20,20,4,5,5,13,Plain DPA max token,validity_full_harmful_sequence_per_prompt,radius_derived,5,"0,10,20,30,40",0.0,0.0,0.0,0.0,0.0,1.0,1.0,1.0,0.0,0.0,4.55,3.5,6.75,1.0499999999999998,2.2,4.5,3.5,6.5,1.0,2.0,3.8,3.0,6.0,0.7999999999999998,2.2,5.4,4.0,8.0,1.4000000000000004,2.5999999999999996,0.0,0.0,0.0,0.0,0.0,4.0,4.0,4.0,0.0,0.0,0.0,0.0,0.0,0.0,0.0,4.0,4.0,4.0,0.0,0.0
20,4,5,5,0.5,0.2,0.3,dense,True,20,20,20,4,5,5,14,Plain DPA max token,validity_full_harmful_sequence_per_prompt,radius_derived,5,"0,10,20,30,40",0.0,0.0,0.0,0.0,0.0,1.0,1.0,1.0,0.0,0.0,4.55,3.5,6.75,1.0499999999999998,2.2,4.5,3.5,6.5,1.0,2.0,3.8,3.0,6.0,0.7999999999999998,2.2,5.4,4.0,8.0,1.4000000000000004,2.5999999999999996,0.0,0.0,0.0,0.0,0.0,4.0,4.0,4.0,0.0,0.0,0.0,0.0,0.0,0.0,0.0,4.0,4.0,4.0,0.0,0.0
20,4,5,5,0.5,0.2,0.3,dense,True,20,20,20,4,5,5,15,Plain DPA max token,validity_full_harmful_sequence_per_prompt,radius_derived,5,"0,10,20,30,40",0.0,0.0,0.0,0.0,0.0,1.0,1.0,1.0,0.0,0.0,4.55,3.5,6.75,1.0499999999999998,2.2,4.5,3.5,6.5,1.0,2.0,3.8,3.0,6.0,0.7999999999999998,2.2,5.4,4.0,8.0,1.4000000000000004,2.5999999999999996,0.0,0.0,0.0,0.0,0.0,4.0,4.0,4.0,0.0,0.0,0.0,0.0,0.0,0.0,0.0,4.0,4.0,4.0,0.0,0.0
20,4,5,5,0.5,0.2,0.3,dense,True,20,20,20,4,5,5,16,Plain DPA max token,validity_full_harmful_sequence_per_prompt,radius_derived,5,"0,10,20,30,40",0.0,0.0,0.0,0.0,0.0,1.0,1.0,1.0,0.0,0.0,4.55,3.5,6.75,1.0499999999999998,2.2,4.5,3.5,6.5,1.0,2.0,3.8,3.0,6.0,0.7999999999999998,2.2,5.4,4.0,8.0,1.4000000000000004,2.5999999999999996,0.0,0.0,0.0,0.0,0.0,4.0,4.0,4.0,0.0,0.0,0.0,0.0,0.0,0.0,0.0,4.0,4.0,4.0,0.0,0.0
20,4,5,5,0.5,0.2,0.3,dense,True,20,20,20,4,5,5,17,Plain DPA max token,validity_full_harmful_sequence_per_prompt,radius_derived,5,"0,10,20,30,40",0.0,0.0,0.0,0.0,0.0,1.0,1.0,1.0,0.0,0.0,4.55,3.5,6.75,1.0499999999999998,2.2,4.5,3.5,6.5,1.0,2.0,3.8,3.0,6.0,0.7999999999999998,2.2,5.4,4.0,8.0,1.4000000000000004,2.5999999999999996,0.0,0.0,0.0,0.0,0.0,4.0,4.0,4.0,0.0,0.0,0.0,0.0,0.0,0.0,0.0,4.0,4.0,4.0,0.0,0.0
20,4,5,5,0.5,0.2,0.3,dense,True,20,20,20,4,5,5,18,Plain DPA max token,validity_full_harmful_sequence_per_prompt,radius_derived,5,"0,10,20,30,40",0.0,0.0,0.0,0.0,0.0,1.0,1.0,1.0,0.0,0.0,4.55,3.5,6.75,1.0499999999999998,2.2,4.5,3.5,6.5,1.0,2.0,3.8,3.0,6.0,0.7999999999999998,2.2,5.4,4.0,8.0,1.4000000000000004,2.5999999999999996,0.0,0.0,0.0,0.0,0.0,4.0,4.0,4.0,0.0,0.0,0.0,0.0,0.0,0.0,0.0,4.0,4.0,4.0,0.0,0.0
20,4,5,5,0.5,0.2,0.3,dense,True,20,20,20,4,5,5,19,Plain DPA max token,validity_full_harmful_sequence_per_prompt,radius_derived,5,"0,10,20,30,40",0.0,0.0,0.0,0.0,0.0,1.0,1.0,1.0,0.0,0.0,4.55,3.5,6.75,1.0499999999999998,2.2,4.5,3.5,6.5,1.0,2.0,3.8,3.0,6.0,0.7999999999999998,2.2,5.4,4.0,8.0,1.4000000000000004,2.5999999999999996,0.0,0.0,0.0,0.0,0.0,4.0,4.0,4.0,0.0,0.0,0.0,0.0,0.0,0.0,0.0,4.0,4.0,4.0,0.0,0.0
20,4,5,5,0.5,0.2,0.3,dense,True,20,20,20,4,5,5,20,Plain DPA max token,validity_full_harmful_sequence_per_prompt,radius_derived,5,"0,10,20,30,40",0.0,0.0,0.0,0.0,0.0,1.0,1.0,1.0,0.0,0.0,4.55,3.5,6.75,1.0499999999999998,2.2,4.5,3.5,6.5,1.0,2.0,3.8,3.0,6.0,0.7999999999999998,2.2,5.4,4.0,8.0,1.4000000000000004,2.5999999999999996,0.0,0.0,0.0,0.0,0.0,4.0,4.0,4.0,0.0,0.0,0.0,0.0,0.0,0.0,0.0,4.0,4.0,4.0,0.0,0.0
20,4,5,5,0.5,0.2,0.3,dense,True,20,20,20,4,5,5,0,Shard-aware weakest-token diagnostic,weakest_harmful_token_not_full_sequence_validity,radius_derived,5,"0,10,20,30,40",0.4,0.0,0.75,0.4,0.35,0.6,0.25,1.0,0.35,0.4,0.45,0.0,0.75,0.45,0.3,0.4,0.0,1.0,0.4,0.6,0.0,0.0,0.0,0.0,0.0,1.0,0.0,2.0,1.0,1.0,1.6,0.0,3.0,1.6,1.4,4.0,4.0,4.0,0.0,0.0,0.0,0.0,0.0,0.0,0.0,4.0,4.0,4.0,0.0,0.0
20,4,5,5,0.5,0.2,0.3,dense,True,20,20,20,4,5,5,1,Shard-aware weakest-token diagnostic,weakest_harmful_token_not_full_sequence_validity,radius_derived,5,"0,10,20,30,40",0.05,0.0,0.25,0.05,0.2,0.95,0.75,1.0,0.19999999999999996,0.050000000000000044,0.45,0.0,0.75,0.45,0.3,0.4,0.0,1.0,0.4,0.6,0.0,0.0,0.0,0.0,0.0,1.0,0.0,2.0,1.0,1.0,0.2,0.0,1.0,0.2,0.8,4.0,4.0,4.0,0.0,0.0,0.0,0.0,0.0,0.0,0.0,4.0,4.0,4.0,0.0,0.0
20,4,5,5,0.5,0.2,0.3,dense,True,20,20,20,4,5,5,2,Shard-aware weakest-token diagnostic,weakest_harmful_token_not_full_sequence_validity,radius_derived,5,"0,10,20,30,40",0.0,0.0,0.0,0.0,0.0,1.0,1.0,1.0,0.0,0.0,0.45,0.0,0.75,0.45,0.3,0.4,0.0,1.0,0.4,0.6,0.0,0.0,0.0,0.0,0.0,1.0,0.0,2.0,1.0,1.0,0.0,0.0,0.0,0.0,0.0,4.0,4.0,4.0,0.0,0.0,0.0,0.0,0.0,0.0,0.0,4.0,4.0,4.0,0.0,0.0
20,4,5,5,0.5,0.2,0.3,dense,True,20,20,20,4,5,5,3,Shard-aware weakest-token diagnostic,weakest_harmful_token_not_full_sequence_validity,radius_derived,5,"0,10,20,30,40",0.0,0.0,0.0,0.0,0.0,1.0,1.0,1.0,0.0,0.0,0.45,0.0,0.75,0.45,0.3,0.4,0.0,1.0,0.4,0.6,0.0,0.0,0.0,0.0,0.0,1.0,0.0,2.0,1.0,1.0,0.0,0.0,0.0,0.0,0.0,4.0,4.0,4.0,0.0,0.0,0.0,0.0,0.0,0.0,0.0,4.0,4.0,4.0,0.0,0.0
20,4,5,5,0.5,0.2,0.3,dense,True,20,20,20,4,5,5,4,Shard-aware weakest-token diagnostic,weakest_harmful_token_not_full_sequence_validity,radius_derived,5,"0,10,20,30,40",0.0,0.0,0.0,0.0,0.0,1.0,1.0,1.0,0.0,0.0,0.45,0.0,0.75,0.45,0.3,0.4,0.0,1.0,0.4,0.6,0.0,0.0,0.0,0.0,0.0,1.0,0.0,2.0,1.0,1.0,0.0,0.0,0.0,0.0,0.0,4.0,4.0,4.0,0.0,0.0,0.0,0.0,0.0,0.0,0.0,4.0,4.0,4.0,0.0,0.0
20,4,5,5,0.5,0.2,0.3,dense,True,20,20,20,4,5,5,5,Shard-aware weakest-token diagnostic,weakest_harmful_token_not_full_sequence_validity,radius_derived,5,"0,10,20,30,40",0.0,0.0,0.0,0.0,0.0,1.0,1.0,1.0,0.0,0.0,0.45,0.0,0.75,0.45,0.3,0.4,0.0,1.0,0.4,0.6,0.0,0.0,0.0,0.0,0.0,1.0,0.0,2.0,1.0,1.0,0.0,0.0,0.0,0.0,0.0,4.0,4.0,4.0,0.0,0.0,0.0,0.0,0.0,0.0,0.0,4.0,4.0,4.0,0.0,0.0
20,4,5,5,0.5,0.2,0.3,dense,True,20,20,20,4,5,5,6,Shard-aware weakest-token diagnostic,weakest_harmful_token_not_full_sequence_validity,radius_derived,5,"0,10,20,30,40",0.0,0.0,0.0,0.0,0.0,1.0,1.0,1.0,0.0,0.0,0.45,0.0,0.75,0.45,0.3,0.4,0.0,1.0,0.4,0.6,0.0,0.0,0.0,0.0,0.0,1.0,0.0,2.0,1.0,1.0,0.0,0.0,0.0,0.0,0.0,4.0,4.0,4.0,0.0,0.0,0.0,0.0,0.0,0.0,0.0,4.0,4.0,4.0,0.0,0.0
20,4,5,5,0.5,0.2,0.3,dense,True,20,20,20,4,5,5,7,Shard-aware weakest-token diagnostic,weakest_harmful_token_not_full_sequence_validity,radius_derived,5,"0,10,20,30,40",0.0,0.0,0.0,0.0,0.0,1.0,1.0,1.0,0.0,0.0,0.45,0.0,0.75,0.45,0.3,0.4,0.0,1.0,0.4,0.6,0.0,0.0,0.0,0.0,0.0,1.0,0.0,2.0,1.0,1.0,0.0,0.0,0.0,0.0,0.0,4.0,4.0,4.0,0.0,0.0,0.0,0.0,0.0,0.0,0.0,4.0,4.0,4.0,0.0,0.0
20,4,5,5,0.5,0.2,0.3,dense,True,20,20,20,4,5,5,8,Shard-aware weakest-token diagnostic,weakest_harmful_token_not_full_sequence_validity,radius_derived,5,"0,10,20,30,40",0.0,0.0,0.0,0.0,0.0,1.0,1.0,1.0,0.0,0.0,0.45,0.0,0.75,0.45,0.3,0.4,0.0,1.0,0.4,0.6,0.0,0.0,0.0,0.0,0.0,1.0,0.0,2.0,1.0,1.0,0.0,0.0,0.0,0.0,0.0,4.0,4.0,4.0,0.0,0.0,0.0,0.0,0.0,0.0,0.0,4.0,4.0,4.0,0.0,0.0
20,4,5,5,0.5,0.2,0.3,dense,True,20,20,20,4,5,5,9,Shard-aware weakest-token diagnostic,weakest_harmful_token_not_full_sequence_validity,radius_derived,5,"0,10,20,30,40",0.0,0.0,0.0,0.0,0.0,1.0,1.0,1.0,0.0,0.0,0.45,0.0,0.75,0.45,0.3,0.4,0.0,1.0,0.4,0.6,0.0,0.0,0.0,0.0,0.0,1.0,0.0,2.0,1.0,1.0,0.0,0.0,0.0,0.0,0.0,4.0,4.0,4.0,0.0,0.0,0.0,0.0,0.0,0.0,0.0,4.0,4.0,4.0,0.0,0.0
20,4,5,5,0.5,0.2,0.3,dense,True,20,20,20,4,5,5,10,Shard-aware weakest-token diagnostic,weakest_harmful_token_not_full_sequence_validity,radius_derived,5,"0,10,20,30,40",0.0,0.0,0.0,0.0,0.0,1.0,1.0,1.0,0.0,0.0,0.45,0.0,0.75,0.45,0.3,0.4,0.0,1.0,0.4,0.6,0.0,0.0,0.0,0.0,0.0,1.0,0.0,2.0,1.0,1.0,0.0,0.0,0.0,0.0,0.0,4.0,4.0,4.0,0.0,0.0,0.0,0.0,0.0,0.0,0.0,4.0,4.0,4.0,0.0,0.0
20,4,5,5,0.5,0.2,0.3,dense,True,20,20,20,4,5,5,11,Shard-aware weakest-token diagnostic,weakest_harmful_token_not_full_sequence_validity,radius_derived,5,"0,10,20,30,40",0.0,0.0,0.0,0.0,0.0,1.0,1.0,1.0,0.0,0.0,0.45,0.0,0.75,0.45,0.3,0.4,0.0,1.0,0.4,0.6,0.0,0.0,0.0,0.0,0.0,1.0,0.0,2.0,1.0,1.0,0.0,0.0,0.0,0.0,0.0,4.0,4.0,4.0,0.0,0.0,0.0,0.0,0.0,0.0,0.0,4.0,4.0,4.0,0.0,0.0
20,4,5,5,0.5,0.2,0.3,dense,True,20,20,20,4,5,5,12,Shard-aware weakest-token diagnostic,weakest_harmful_token_not_full_sequence_validity,radius_derived,5,"0,10,20,30,40",0.0,0.0,0.0,0.0,0.0,1.0,1.0,1.0,0.0,0.0,0.45,0.0,0.75,0.45,0.3,0.4,0.0,1.0,0.4,0.6,0.0,0.0,0.0,0.0,0.0,1.0,0.0,2.0,1.0,1.0,0.0,0.0,0.0,0.0,0.0,4.0,4.0,4.0,0.0,0.0,0.0,0.0,0.0,0.0,0.0,4.0,4.0,4.0,0.0,0.0
20,4,5,5,0.5,0.2,0.3,dense,True,20,20,20,4,5,5,13,Shard-aware weakest-token diagnostic,weakest_harmful_token_not_full_sequence_validity,radius_derived,5,"0,10,20,30,40",0.0,0.0,0.0,0.0,0.0,1.0,1.0,1.0,0.0,0.0,0.45,0.0,0.75,0.45,0.3,0.4,0.0,1.0,0.4,0.6,0.0,0.0,0.0,0.0,0.0,1.0,0.0,2.0,1.0,1.0,0.0,0.0,0.0,0.0,0.0,4.0,4.0,4.0,0.0,0.0,0.0,0.0,0.0,0.0,0.0,4.0,4.0,4.0,0.0,0.0
20,4,5,5,0.5,0.2,0.3,dense,True,20,20,20,4,5,5,14,Shard-aware weakest-token diagnostic,weakest_harmful_token_not_full_sequence_validity,radius_derived,5,"0,10,20,30,40",0.0,0.0,0.0,0.0,0.0,1.0,1.0,1.0,0.0,0.0,0.45,0.0,0.75,0.45,0.3,0.4,0.0,1.0,0.4,0.6,0.0,0.0,0.0,0.0,0.0,1.0,0.0,2.0,1.0,1.0,0.0,0.0,0.0,0.0,0.0,4.0,4.0,4.0,0.0,0.0,0.0,0.0,0.0,0.0,0.0,4.0,4.0,4.0,0.0,0.0
20,4,5,5,0.5,0.2,0.3,dense,True,20,20,20,4,5,5,15,Shard-aware weakest-token diagnostic,weakest_harmful_token_not_full_sequence_validity,radius_derived,5,"0,10,20,30,40",0.0,0.0,0.0,0.0,0.0,1.0,1.0,1.0,0.0,0.0,0.45,0.0,0.75,0.45,0.3,0.4,0.0,1.0,0.4,0.6,0.0,0.0,0.0,0.0,0.0,1.0,0.0,2.0,1.0,1.0,0.0,0.0,0.0,0.0,0.0,4.0,4.0,4.0,0.0,0.0,0.0,0.0,0.0,0.0,0.0,4.0,4.0,4.0,0.0,0.0
20,4,5,5,0.5,0.2,0.3,dense,True,20,20,20,4,5,5,16,Shard-aware weakest-token diagnostic,weakest_harmful_token_not_full_sequence_validity,radius_derived,5,"0,10,20,30,40",0.0,0.0,0.0,0.0,0.0,1.0,1.0,1.0,0.0,0.0,0.45,0.0,0.75,0.45,0.3,0.4,0.0,1.0,0.4,0.6,0.0,0.0,0.0,0.0,0.0,1.0,0.0,2.0,1.0,1.0,0.0,0.0,0.0,0.0,0.0,4.0,4.0,4.0,0.0,0.0,0.0,0.0,0.0,0.0,0.0,4.0,4.0,4.0,0.0,0.0
20,4,5,5,0.5,0.2,0.3,dense,True,20,20,20,4,5,5,17,Shard-aware weakest-token diagnostic,weakest_harmful_token_not_full_sequence_validity,radius_derived,5,"0,10,20,30,40",0.0,0.0,0.0,0.0,0.0,1.0,1.0,1.0,0.0,0.0,0.45,0.0,0.75,0.45,0.3,0.4,0.0,1.0,0.4,0.6,0.0,0.0,0.0,0.0,0.0,1.0,0.0,2.0,1.0,1.0,0.0,0.0,0.0,0.0,0.0,4.0,4.0,4.0,0.0,0.0,0.0,0.0,0.0,0.0,0.0,4.0,4.0,4.0,0.0,0.0
20,4,5,5,0.5,0.2,0.3,dense,True,20,20,20,4,5,5,18,Shard-aware weakest-token diagnostic,weakest_harmful_token_not_full_sequence_validity,radius_derived,5,"0,10,20,30,40",0.0,0.0,0.0,0.0,0.0,1.0,1.0,1.0,0.0,0.0,0.45,0.0,0.75,0.45,0.3,0.4,0.0,1.0,0.4,0.6,0.0,0.0,0.0,0.0,0.0,1.0,0.0,2.0,1.0,1.0,0.0,0.0,0.0,0.0,0.0,4.0,4.0,4.0,0.0,0.0,0.0,0.0,0.0,0.0,0.0,4.0,4.0,4.0,0.0,0.0
20,4,5,5,0.5,0.2,0.3,dense,True,20,20,20,4,5,5,19,Shard-aware weakest-token diagnostic,weakest_harmful_token_not_full_sequence_validity,radius_derived,5,"0,10,20,30,40",0.0,0.0,0.0,0.0,0.0,1.0,1.0,1.0,0.0,0.0,0.45,0.0,0.75,0.45,0.3,0.4,0.0,1.0,0.4,0.6,0.0,0.0,0.0,0.0,0.0,1.0,0.0,2.0,1.0,1.0,0.0,0.0,0.0,0.0,0.0,4.0,4.0,4.0,0.0,0.0,0.0,0.0,0.0,0.0,0.0,4.0,4.0,4.0,0.0,0.0
20,4,5,5,0.5,0.2,0.3,dense,True,20,20,20,4,5,5,20,Shard-aware weakest-token diagnostic,weakest_harmful_token_not_full_sequence_validity,radius_derived,5,"0,10,20,30,40",0.0,0.0,0.0,0.0,0.0,1.0,1.0,1.0,0.0,0.0,0.45,0.0,0.75,0.45,0.3,0.4,0.0,1.0,0.4,0.6,0.0,0.0,0.0,0.0,0.0,1.0,0.0,2.0,1.0,1.0,0.0,0.0,0.0,0.0,0.0,4.0,4.0,4.0,0.0,0.0,0.0,0.0,0.0,0.0,0.0,4.0,4.0,4.0,0.0,0.0
20,4,5,5,0.5,0.2,0.3,dense,True,20,20,20,4,5,5,0,Shard-aware independent max-token diagnostic,most_difficult_harmful_token_not_full_sequence_validity,radius_derived,5,"0,10,20,30,40",1.0,1.0,1.0,0.0,0.0,0.0,0.0,0.0,0.0,0.0,4.55,3.5,6.75,1.0499999999999998,2.2,4.5,3.5,6.5,1.0,2.0,3.8,3.0,6.0,0.7999999999999998,2.2,5.4,4.0,8.0,1.4000000000000004,2.5999999999999996,4.0,4.0,4.0,0.0,0.0,4.0,4.0,4.0,0.0,0.0,0.0,0.0,0.0,0.0,0.0,4.0,4.0,4.0,0.0,0.0
20,4,5,5,0.5,0.2,0.3,dense,True,20,20,20,4,5,5,1,Shard-aware independent max-token diagnostic,most_difficult_harmful_token_not_full_sequence_validity,radius_derived,5,"0,10,20,30,40",1.0,1.0,1.0,0.0,0.0,0.0,0.0,0.0,0.0,0.0,4.55,3.5,6.75,1.0499999999999998,2.2,4.5,3.5,6.5,1.0,2.0,3.8,3.0,6.0,0.7999999999999998,2.2,5.4,4.0,8.0,1.4000000000000004,2.5999999999999996,4.0,4.0,4.0,0.0,0.0,4.0,4.0,4.0,0.0,0.0,0.0,0.0,0.0,0.0,0.0,4.0,4.0,4.0,0.0,0.0
20,4,5,5,0.5,0.2,0.3,dense,True,20,20,20,4,5,5,2,Shard-aware independent max-token diagnostic,most_difficult_harmful_token_not_full_sequence_validity,radius_derived,5,"0,10,20,30,40",1.0,1.0,1.0,0.0,0.0,0.0,0.0,0.0,0.0,0.0,4.55,3.5,6.75,1.0499999999999998,2.2,4.5,3.5,6.5,1.0,2.0,3.8,3.0,6.0,0.7999999999999998,2.2,5.4,4.0,8.0,1.4000000000000004,2.5999999999999996,4.0,4.0,4.0,0.0,0.0,4.0,4.0,4.0,0.0,0.0,0.0,0.0,0.0,0.0,0.0,4.0,4.0,4.0,0.0,0.0
20,4,5,5,0.5,0.2,0.3,dense,True,20,20,20,4,5,5,3,Shard-aware independent max-token diagnostic,most_difficult_harmful_token_not_full_sequence_validity,radius_derived,5,"0,10,20,30,40",0.8,0.5,1.0,0.30000000000000004,0.19999999999999996,0.2,0.0,0.5,0.2,0.3,4.55,3.5,6.75,1.0499999999999998,2.2,4.5,3.5,6.5,1.0,2.0,3.8,3.0,6.0,0.7999999999999998,2.2,5.4,4.0,8.0,1.4000000000000004,2.5999999999999996,3.2,2.0,4.0,1.2000000000000002,0.7999999999999998,4.0,4.0,4.0,0.0,0.0,0.0,0.0,0.0,0.0,0.0,4.0,4.0,4.0,0.0,0.0
20,4,5,5,0.5,0.2,0.3,dense,True,20,20,20,4,5,5,4,Shard-aware independent max-token diagnostic,most_difficult_harmful_token_not_full_sequence_validity,radius_derived,5,"0,10,20,30,40",0.4,0.0,1.0,0.4,0.6,0.6,0.0,1.0,0.6,0.4,4.55,3.5,6.75,1.0499999999999998,2.2,4.5,3.5,6.5,1.0,2.0,3.8,3.0,6.0,0.7999999999999998,2.2,5.4,4.0,8.0,1.4000000000000004,2.5999999999999996,1.6,0.0,4.0,1.6,2.4,4.0,4.0,4.0,0.0,0.0,0.0,0.0,0.0,0.0,0.0,4.0,4.0,4.0,0.0,0.0
20,4,5,5,0.5,0.2,0.3,dense,True,20,20,20,4,5,5,5,Shard-aware independent max-token diagnostic,most_difficult_harmful_token_not_full_sequence_validity,radius_derived,5,"0,10,20,30,40",0.2,0.0,1.0,0.2,0.8,0.8,0.0,1.0,0.8,0.19999999999999996,4.55,3.5,6.75,1.0499999999999998,2.2,4.5,3.5,6.5,1.0,2.0,3.8,3.0,6.0,0.7999999999999998,2.2,5.4,4.0,8.0,1.4000000000000004,2.5999999999999996,0.8,0.0,4.0,0.8,3.2,4.0,4.0,4.0,0.0,0.0,0.0,0.0,0.0,0.0,0.0,4.0,4.0,4.0,0.0,0.0
20,4,5,5,0.5,0.2,0.3,dense,True,20,20,20,4,5,5,6,Shard-aware independent max-token diagnostic,most_difficult_harmful_token_not_full_sequence_validity,radius_derived,5,"0,10,20,30,40",0.1,0.0,0.5,0.1,0.4,0.9,0.5,1.0,0.4,0.09999999999999998,4.55,3.5,6.75,1.0499999999999998,2.2,4.5,3.5,6.5,1.0,2.0,3.8,3.0,6.0,0.7999999999999998,2.2,5.4,4.0,8.0,1.4000000000000004,2.5999999999999996,0.4,0.0,2.0,0.4,1.6,4.0,4.0,4.0,0.0,0.0,0.0,0.0,0.0,0.0,0.0,4.0,4.0,4.0,0.0,0.0
20,4,5,5,0.5,0.2,0.3,dense,True,20,20,20,4,5,5,7,Shard-aware independent max-token diagnostic,most_difficult_harmful_token_not_full_sequence_validity,radius_derived,5,"0,10,20,30,40",0.05,0.0,0.25,0.05,0.2,0.95,0.75,1.0,0.19999999999999996,0.050000000000000044,4.55,3.5,6.75,1.0499999999999998,2.2,4.5,3.5,6.5,1.0,2.0,3.8,3.0,6.0,0.7999999999999998,2.2,5.4,4.0,8.0,1.4000000000000004,2.5999999999999996,0.2,0.0,1.0,0.2,0.8,4.0,4.0,4.0,0.0,0.0,0.0,0.0,0.0,0.0,0.0,4.0,4.0,4.0,0.0,0.0
20,4,5,5,0.5,0.2,0.3,dense,True,20,20,20,4,5,5,8,Shard-aware independent max-token diagnostic,most_difficult_harmful_token_not_full_sequence_validity,radius_derived,5,"0,10,20,30,40",0.0,0.0,0.0,0.0,0.0,1.0,1.0,1.0,0.0,0.0,4.55,3.5,6.75,1.0499999999999998,2.2,4.5,3.5,6.5,1.0,2.0,3.8,3.0,6.0,0.7999999999999998,2.2,5.4,4.0,8.0,1.4000000000000004,2.5999999999999996,0.0,0.0,0.0,0.0,0.0,4.0,4.0,4.0,0.0,0.0,0.0,0.0,0.0,0.0,0.0,4.0,4.0,4.0,0.0,0.0
20,4,5,5,0.5,0.2,0.3,dense,True,20,20,20,4,5,5,9,Shard-aware independent max-token diagnostic,most_difficult_harmful_token_not_full_sequence_validity,radius_derived,5,"0,10,20,30,40",0.0,0.0,0.0,0.0,0.0,1.0,1.0,1.0,0.0,0.0,4.55,3.5,6.75,1.0499999999999998,2.2,4.5,3.5,6.5,1.0,2.0,3.8,3.0,6.0,0.7999999999999998,2.2,5.4,4.0,8.0,1.4000000000000004,2.5999999999999996,0.0,0.0,0.0,0.0,0.0,4.0,4.0,4.0,0.0,0.0,0.0,0.0,0.0,0.0,0.0,4.0,4.0,4.0,0.0,0.0
20,4,5,5,0.5,0.2,0.3,dense,True,20,20,20,4,5,5,10,Shard-aware independent max-token diagnostic,most_difficult_harmful_token_not_full_sequence_validity,radius_derived,5,"0,10,20,30,40",0.0,0.0,0.0,0.0,0.0,1.0,1.0,1.0,0.0,0.0,4.55,3.5,6.75,1.0499999999999998,2.2,4.5,3.5,6.5,1.0,2.0,3.8,3.0,6.0,0.7999999999999998,2.2,5.4,4.0,8.0,1.4000000000000004,2.5999999999999996,0.0,0.0,0.0,0.0,0.0,4.0,4.0,4.0,0.0,0.0,0.0,0.0,0.0,0.0,0.0,4.0,4.0,4.0,0.0,0.0
20,4,5,5,0.5,0.2,0.3,dense,True,20,20,20,4,5,5,11,Shard-aware independent max-token diagnostic,most_difficult_harmful_token_not_full_sequence_validity,radius_derived,5,"0,10,20,30,40",0.0,0.0,0.0,0.0,0.0,1.0,1.0,1.0,0.0,0.0,4.55,3.5,6.75,1.0499999999999998,2.2,4.5,3.5,6.5,1.0,2.0,3.8,3.0,6.0,0.7999999999999998,2.2,5.4,4.0,8.0,1.4000000000000004,2.5999999999999996,0.0,0.0,0.0,0.0,0.0,4.0,4.0,4.0,0.0,0.0,0.0,0.0,0.0,0.0,0.0,4.0,4.0,4.0,0.0,0.0
20,4,5,5,0.5,0.2,0.3,dense,True,20,20,20,4,5,5,12,Shard-aware independent max-token diagnostic,most_difficult_harmful_token_not_full_sequence_validity,radius_derived,5,"0,10,20,30,40",0.0,0.0,0.0,0.0,0.0,1.0,1.0,1.0,0.0,0.0,4.55,3.5,6.75,1.0499999999999998,2.2,4.5,3.5,6.5,1.0,2.0,3.8,3.0,6.0,0.7999999999999998,2.2,5.4,4.0,8.0,1.4000000000000004,2.5999999999999996,0.0,0.0,0.0,0.0,0.0,4.0,4.0,4.0,0.0,0.0,0.0,0.0,0.0,0.0,0.0,4.0,4.0,4.0,0.0,0.0
20,4,5,5,0.5,0.2,0.3,dense,True,20,20,20,4,5,5,13,Shard-aware independent max-token diagnostic,most_difficult_harmful_token_not_full_sequence_validity,radius_derived,5,"0,10,20,30,40",0.0,0.0,0.0,0.0,0.0,1.0,1.0,1.0,0.0,0.0,4.55,3.5,6.75,1.0499999999999998,2.2,4.5,3.5,6.5,1.0,2.0,3.8,3.0,6.0,0.7999999999999998,2.2,5.4,4.0,8.0,1.4000000000000004,2.5999999999999996,0.0,0.0,0.0,0.0,0.0,4.0,4.0,4.0,0.0,0.0,0.0,0.0,0.0,0.0,0.0,4.0,4.0,4.0,0.0,0.0
20,4,5,5,0.5,0.2,0.3,dense,True,20,20,20,4,5,5,14,Shard-aware independent max-token diagnostic,most_difficult_harmful_token_not_full_sequence_validity,radius_derived,5,"0,10,20,30,40",0.0,0.0,0.0,0.0,0.0,1.0,1.0,1.0,0.0,0.0,4.55,3.5,6.75,1.0499999999999998,2.2,4.5,3.5,6.5,1.0,2.0,3.8,3.0,6.0,0.7999999999999998,2.2,5.4,4.0,8.0,1.4000000000000004,2.5999999999999996,0.0,0.0,0.0,0.0,0.0,4.0,4.0,4.0,0.0,0.0,0.0,0.0,0.0,0.0,0.0,4.0,4.0,4.0,0.0,0.0
20,4,5,5,0.5,0.2,0.3,dense,True,20,20,20,4,5,5,15,Shard-aware independent max-token diagnostic,most_difficult_harmful_token_not_full_sequence_validity,radius_derived,5,"0,10,20,30,40",0.0,0.0,0.0,0.0,0.0,1.0,1.0,1.0,0.0,0.0,4.55,3.5,6.75,1.0499999999999998,2.2,4.5,3.5,6.5,1.0,2.0,3.8,3.0,6.0,0.7999999999999998,2.2,5.4,4.0,8.0,1.4000000000000004,2.5999999999999996,0.0,0.0,0.0,0.0,0.0,4.0,4.0,4.0,0.0,0.0,0.0,0.0,0.0,0.0,0.0,4.0,4.0,4.0,0.0,0.0
20,4,5,5,0.5,0.2,0.3,dense,True,20,20,20,4,5,5,16,Shard-aware independent max-token diagnostic,most_difficult_harmful_token_not_full_sequence_validity,radius_derived,5,"0,10,20,30,40",0.0,0.0,0.0,0.0,0.0,1.0,1.0,1.0,0.0,0.0,4.55,3.5,6.75,1.0499999999999998,2.2,4.5,3.5,6.5,1.0,2.0,3.8,3.0,6.0,0.7999999999999998,2.2,5.4,4.0,8.0,1.4000000000000004,2.5999999999999996,0.0,0.0,0.0,0.0,0.0,4.0,4.0,4.0,0.0,0.0,0.0,0.0,0.0,0.0,0.0,4.0,4.0,4.0,0.0,0.0
20,4,5,5,0.5,0.2,0.3,dense,True,20,20,20,4,5,5,17,Shard-aware independent max-token diagnostic,most_difficult_harmful_token_not_full_sequence_validity,radius_derived,5,"0,10,20,30,40",0.0,0.0,0.0,0.0,0.0,1.0,1.0,1.0,0.0,0.0,4.55,3.5,6.75,1.0499999999999998,2.2,4.5,3.5,6.5,1.0,2.0,3.8,3.0,6.0,0.7999999999999998,2.2,5.4,4.0,8.0,1.4000000000000004,2.5999999999999996,0.0,0.0,0.0,0.0,0.0,4.0,4.0,4.0,0.0,0.0,0.0,0.0,0.0,0.0,0.0,4.0,4.0,4.0,0.0,0.0
20,4,5,5,0.5,0.2,0.3,dense,True,20,20,20,4,5,5,18,Shard-aware independent max-token diagnostic,most_difficult_harmful_token_not_full_sequence_validity,radius_derived,5,"0,10,20,30,40",0.0,0.0,0.0,0.0,0.0,1.0,1.0,1.0,0.0,0.0,4.55,3.5,6.75,1.0499999999999998,2.2,4.5,3.5,6.5,1.0,2.0,3.8,3.0,6.0,0.7999999999999998,2.2,5.4,4.0,8.0,1.4000000000000004,2.5999999999999996,0.0,0.0,0.0,0.0,0.0,4.0,4.0,4.0,0.0,0.0,0.0,0.0,0.0,0.0,0.0,4.0,4.0,4.0,0.0,0.0
20,4,5,5,0.5,0.2,0.3,dense,True,20,20,20,4,5,5,19,Shard-aware independent max-token diagnostic,most_difficult_harmful_token_not_full_sequence_validity,radius_derived,5,"0,10,20,30,40",0.0,0.0,0.0,0.0,0.0,1.0,1.0,1.0,0.0,0.0,4.55,3.5,6.75,1.0499999999999998,2.2,4.5,3.5,6.5,1.0,2.0,3.8,3.0,6.0,0.7999999999999998,2.2,5.4,4.0,8.0,1.4000000000000004,2.5999999999999996,0.0,0.0,0.0,0.0,0.0,4.0,4.0,4.0,0.0,0.0,0.0,0.0,0.0,0.0,0.0,4.0,4.0,4.0,0.0,0.0
20,4,5,5,0.5,0.2,0.3,dense,True,20,20,20,4,5,5,20,Shard-aware independent max-token diagnostic,most_difficult_harmful_token_not_full_sequence_validity,radius_derived,5,"0,10,20,30,40",0.0,0.0,0.0,0.0,0.0,1.0,1.0,1.0,0.0,0.0,4.55,3.5,6.75,1.0499999999999998,2.2,4.5,3.5,6.5,1.0,2.0,3.8,3.0,6.0,0.7999999999999998,2.2,5.4,4.0,8.0,1.4000000000000004,2.5999999999999996,0.0,0.0,0.0,0.0,0.0,4.0,4.0,4.0,0.0,0.0,0.0,0.0,0.0,0.0,0.0,4.0,4.0,4.0,0.0,0.0
20,4,5,5,0.5,0.2,0.3,dense,True,20,20,20,4,5,5,0,TPA max-token phrase baseline,validity_full_harmful_sequence_per_prompt,radius_derived,5,"0,10,20,30,40",1.0,1.0,1.0,0.0,0.0,0.0,0.0,0.0,0.0,0.0,4.55,3.5,6.75,1.0499999999999998,2.2,4.5,3.5,6.5,1.0,2.0,3.8,3.0,6.0,0.7999999999999998,2.2,5.4,4.0,8.0,1.4000000000000004,2.5999999999999996,4.0,4.0,4.0,0.0,0.0,4.0,4.0,4.0,0.0,0.0,0.0,0.0,0.0,0.0,0.0,4.0,4.0,4.0,0.0,0.0
20,4,5,5,0.5,0.2,0.3,dense,True,20,20,20,4,5,5,1,TPA max-token phrase baseline,validity_full_harmful_sequence_per_prompt,radius_derived,5,"0,10,20,30,40",1.0,1.0,1.0,0.0,0.0,0.0,0.0,0.0,0.0,0.0,4.55,3.5,6.75,1.0499999999999998,2.2,4.5,3.5,6.5,1.0,2.0,3.8,3.0,6.0,0.7999999999999998,2.2,5.4,4.0,8.0,1.4000000000000004,2.5999999999999996,4.0,4.0,4.0,0.0,0.0,4.0,4.0,4.0,0.0,0.0,0.0,0.0,0.0,0.0,0.0,4.0,4.0,4.0,0.0,0.0
20,4,5,5,0.5,0.2,0.3,dense,True,20,20,20,4,5,5,2,TPA max-token phrase baseline,validity_full_harmful_sequence_per_prompt,radius_derived,5,"0,10,20,30,40",1.0,1.0,1.0,0.0,0.0,0.0,0.0,0.0,0.0,0.0,4.55,3.5,6.75,1.0499999999999998,2.2,4.5,3.5,6.5,1.0,2.0,3.8,3.0,6.0,0.7999999999999998,2.2,5.4,4.0,8.0,1.4000000000000004,2.5999999999999996,4.0,4.0,4.0,0.0,0.0,4.0,4.0,4.0,0.0,0.0,0.0,0.0,0.0,0.0,0.0,4.0,4.0,4.0,0.0,0.0
20,4,5,5,0.5,0.2,0.3,dense,True,20,20,20,4,5,5,3,TPA max-token phrase baseline,validity_full_harmful_sequence_per_prompt,radius_derived,5,"0,10,20,30,40",0.8,0.5,1.0,0.30000000000000004,0.19999999999999996,0.2,0.0,0.5,0.2,0.3,4.55,3.5,6.75,1.0499999999999998,2.2,4.5,3.5,6.5,1.0,2.0,3.8,3.0,6.0,0.7999999999999998,2.2,5.4,4.0,8.0,1.4000000000000004,2.5999999999999996,3.2,2.0,4.0,1.2000000000000002,0.7999999999999998,4.0,4.0,4.0,0.0,0.0,0.0,0.0,0.0,0.0,0.0,4.0,4.0,4.0,0.0,0.0
20,4,5,5,0.5,0.2,0.3,dense,True,20,20,20,4,5,5,4,TPA max-token phrase baseline,validity_full_harmful_sequence_per_prompt,radius_derived,5,"0,10,20,30,40",0.4,0.0,1.0,0.4,0.6,0.6,0.0,1.0,0.6,0.4,4.55,3.5,6.75,1.0499999999999998,2.2,4.5,3.5,6.5,1.0,2.0,3.8,3.0,6.0,0.7999999999999998,2.2,5.4,4.0,8.0,1.4000000000000004,2.5999999999999996,1.6,0.0,4.0,1.6,2.4,4.0,4.0,4.0,0.0,0.0,0.0,0.0,0.0,0.0,0.0,4.0,4.0,4.0,0.0,0.0
20,4,5,5,0.5,0.2,0.3,dense,True,20,20,20,4,5,5,5,TPA max-token phrase baseline,validity_full_harmful_sequence_per_prompt,radius_derived,5,"0,10,20,30,40",0.2,0.0,1.0,0.2,0.8,0.8,0.0,1.0,0.8,0.19999999999999996,4.55,3.5,6.75,1.0499999999999998,2.2,4.5,3.5,6.5,1.0,2.0,3.8,3.0,6.0,0.7999999999999998,2.2,5.4,4.0,8.0,1.4000000000000004,2.5999999999999996,0.8,0.0,4.0,0.8,3.2,4.0,4.0,4.0,0.0,0.0,0.0,0.0,0.0,0.0,0.0,4.0,4.0,4.0,0.0,0.0
20,4,5,5,0.5,0.2,0.3,dense,True,20,20,20,4,5,5,6,TPA max-token phrase baseline,validity_full_harmful_sequence_per_prompt,radius_derived,5,"0,10,20,30,40",0.1,0.0,0.5,0.1,0.4,0.9,0.5,1.0,0.4,0.09999999999999998,4.55,3.5,6.75,1.0499999999999998,2.2,4.5,3.5,6.5,1.0,2.0,3.8,3.0,6.0,0.7999999999999998,2.2,5.4,4.0,8.0,1.4000000000000004,2.5999999999999996,0.4,0.0,2.0,0.4,1.6,4.0,4.0,4.0,0.0,0.0,0.0,0.0,0.0,0.0,0.0,4.0,4.0,4.0,0.0,0.0
20,4,5,5,0.5,0.2,0.3,dense,True,20,20,20,4,5,5,7,TPA max-token phrase baseline,validity_full_harmful_sequence_per_prompt,radius_derived,5,"0,10,20,30,40",0.05,0.0,0.25,0.05,0.2,0.95,0.75,1.0,0.19999999999999996,0.050000000000000044,4.55,3.5,6.75,1.0499999999999998,2.2,4.5,3.5,6.5,1.0,2.0,3.8,3.0,6.0,0.7999999999999998,2.2,5.4,4.0,8.0,1.4000000000000004,2.5999999999999996,0.2,0.0,1.0,0.2,0.8,4.0,4.0,4.0,0.0,0.0,0.0,0.0,0.0,0.0,0.0,4.0,4.0,4.0,0.0,0.0
20,4,5,5,0.5,0.2,0.3,dense,True,20,20,20,4,5,5,8,TPA max-token phrase baseline,validity_full_harmful_sequence_per_prompt,radius_derived,5,"0,10,20,30,40",0.0,0.0,0.0,0.0,0.0,1.0,1.0,1.0,0.0,0.0,4.55,3.5,6.75,1.0499999999999998,2.2,4.5,3.5,6.5,1.0,2.0,3.8,3.0,6.0,0.7999999999999998,2.2,5.4,4.0,8.0,1.4000000000000004,2.5999999999999996,0.0,0.0,0.0,0.0,0.0,4.0,4.0,4.0,0.0,0.0,0.0,0.0,0.0,0.0,0.0,4.0,4.0,4.0,0.0,0.0
20,4,5,5,0.5,0.2,0.3,dense,True,20,20,20,4,5,5,9,TPA max-token phrase baseline,validity_full_harmful_sequence_per_prompt,radius_derived,5,"0,10,20,30,40",0.0,0.0,0.0,0.0,0.0,1.0,1.0,1.0,0.0,0.0,4.55,3.5,6.75,1.0499999999999998,2.2,4.5,3.5,6.5,1.0,2.0,3.8,3.0,6.0,0.7999999999999998,2.2,5.4,4.0,8.0,1.4000000000000004,2.5999999999999996,0.0,0.0,0.0,0.0,0.0,4.0,4.0,4.0,0.0,0.0,0.0,0.0,0.0,0.0,0.0,4.0,4.0,4.0,0.0,0.0
20,4,5,5,0.5,0.2,0.3,dense,True,20,20,20,4,5,5,10,TPA max-token phrase baseline,validity_full_harmful_sequence_per_prompt,radius_derived,5,"0,10,20,30,40",0.0,0.0,0.0,0.0,0.0,1.0,1.0,1.0,0.0,0.0,4.55,3.5,6.75,1.0499999999999998,2.2,4.5,3.5,6.5,1.0,2.0,3.8,3.0,6.0,0.7999999999999998,2.2,5.4,4.0,8.0,1.4000000000000004,2.5999999999999996,0.0,0.0,0.0,0.0,0.0,4.0,4.0,4.0,0.0,0.0,0.0,0.0,0.0,0.0,0.0,4.0,4.0,4.0,0.0,0.0
20,4,5,5,0.5,0.2,0.3,dense,True,20,20,20,4,5,5,11,TPA max-token phrase baseline,validity_full_harmful_sequence_per_prompt,radius_derived,5,"0,10,20,30,40",0.0,0.0,0.0,0.0,0.0,1.0,1.0,1.0,0.0,0.0,4.55,3.5,6.75,1.0499999999999998,2.2,4.5,3.5,6.5,1.0,2.0,3.8,3.0,6.0,0.7999999999999998,2.2,5.4,4.0,8.0,1.4000000000000004,2.5999999999999996,0.0,0.0,0.0,0.0,0.0,4.0,4.0,4.0,0.0,0.0,0.0,0.0,0.0,0.0,0.0,4.0,4.0,4.0,0.0,0.0
20,4,5,5,0.5,0.2,0.3,dense,True,20,20,20,4,5,5,12,TPA max-token phrase baseline,validity_full_harmful_sequence_per_prompt,radius_derived,5,"0,10,20,30,40",0.0,0.0,0.0,0.0,0.0,1.0,1.0,1.0,0.0,0.0,4.55,3.5,6.75,1.0499999999999998,2.2,4.5,3.5,6.5,1.0,2.0,3.8,3.0,6.0,0.7999999999999998,2.2,5.4,4.0,8.0,1.4000000000000004,2.5999999999999996,0.0,0.0,0.0,0.0,0.0,4.0,4.0,4.0,0.0,0.0,0.0,0.0,0.0,0.0,0.0,4.0,4.0,4.0,0.0,0.0
20,4,5,5,0.5,0.2,0.3,dense,True,20,20,20,4,5,5,13,TPA max-token phrase baseline,validity_full_harmful_sequence_per_prompt,radius_derived,5,"0,10,20,30,40",0.0,0.0,0.0,0.0,0.0,1.0,1.0,1.0,0.0,0.0,4.55,3.5,6.75,1.0499999999999998,2.2,4.5,3.5,6.5,1.0,2.0,3.8,3.0,6.0,0.7999999999999998,2.2,5.4,4.0,8.0,1.4000000000000004,2.5999999999999996,0.0,0.0,0.0,0.0,0.0,4.0,4.0,4.0,0.0,0.0,0.0,0.0,0.0,0.0,0.0,4.0,4.0,4.0,0.0,0.0
20,4,5,5,0.5,0.2,0.3,dense,True,20,20,20,4,5,5,14,TPA max-token phrase baseline,validity_full_harmful_sequence_per_prompt,radius_derived,5,"0,10,20,30,40",0.0,0.0,0.0,0.0,0.0,1.0,1.0,1.0,0.0,0.0,4.55,3.5,6.75,1.0499999999999998,2.2,4.5,3.5,6.5,1.0,2.0,3.8,3.0,6.0,0.7999999999999998,2.2,5.4,4.0,8.0,1.4000000000000004,2.5999999999999996,0.0,0.0,0.0,0.0,0.0,4.0,4.0,4.0,0.0,0.0,0.0,0.0,0.0,0.0,0.0,4.0,4.0,4.0,0.0,0.0
20,4,5,5,0.5,0.2,0.3,dense,True,20,20,20,4,5,5,15,TPA max-token phrase baseline,validity_full_harmful_sequence_per_prompt,radius_derived,5,"0,10,20,30,40",0.0,0.0,0.0,0.0,0.0,1.0,1.0,1.0,0.0,0.0,4.55,3.5,6.75,1.0499999999999998,2.2,4.5,3.5,6.5,1.0,2.0,3.8,3.0,6.0,0.7999999999999998,2.2,5.4,4.0,8.0,1.4000000000000004,2.5999999999999996,0.0,0.0,0.0,0.0,0.0,4.0,4.0,4.0,0.0,0.0,0.0,0.0,0.0,0.0,0.0,4.0,4.0,4.0,0.0,0.0
20,4,5,5,0.5,0.2,0.3,dense,True,20,20,20,4,5,5,16,TPA max-token phrase baseline,validity_full_harmful_sequence_per_prompt,radius_derived,5,"0,10,20,30,40",0.0,0.0,0.0,0.0,0.0,1.0,1.0,1.0,0.0,0.0,4.55,3.5,6.75,1.0499999999999998,2.2,4.5,3.5,6.5,1.0,2.0,3.8,3.0,6.0,0.7999999999999998,2.2,5.4,4.0,8.0,1.4000000000000004,2.5999999999999996,0.0,0.0,0.0,0.0,0.0,4.0,4.0,4.0,0.0,0.0,0.0,0.0,0.0,0.0,0.0,4.0,4.0,4.0,0.0,0.0
20,4,5,5,0.5,0.2,0.3,dense,True,20,20,20,4,5,5,17,TPA max-token phrase baseline,validity_full_harmful_sequence_per_prompt,radius_derived,5,"0,10,20,30,40",0.0,0.0,0.0,0.0,0.0,1.0,1.0,1.0,0.0,0.0,4.55,3.5,6.75,1.0499999999999998,2.2,4.5,3.5,6.5,1.0,2.0,3.8,3.0,6.0,0.7999999999999998,2.2,5.4,4.0,8.0,1.4000000000000004,2.5999999999999996,0.0,0.0,0.0,0.0,0.0,4.0,4.0,4.0,0.0,0.0,0.0,0.0,0.0,0.0,0.0,4.0,4.0,4.0,0.0,0.0
20,4,5,5,0.5,0.2,0.3,dense,True,20,20,20,4,5,5,18,TPA max-token phrase baseline,validity_full_harmful_sequence_per_prompt,radius_derived,5,"0,10,20,30,40",0.0,0.0,0.0,0.0,0.0,1.0,1.0,1.0,0.0,0.0,4.55,3.5,6.75,1.0499999999999998,2.2,4.5,3.5,6.5,1.0,2.0,3.8,3.0,6.0,0.7999999999999998,2.2,5.4,4.0,8.0,1.4000000000000004,2.5999999999999996,0.0,0.0,0.0,0.0,0.0,4.0,4.0,4.0,0.0,0.0,0.0,0.0,0.0,0.0,0.0,4.0,4.0,4.0,0.0,0.0
20,4,5,5,0.5,0.2,0.3,dense,True,20,20,20,4,5,5,19,TPA max-token phrase baseline,validity_full_harmful_sequence_per_prompt,radius_derived,5,"0,10,20,30,40",0.0,0.0,0.0,0.0,0.0,1.0,1.0,1.0,0.0,0.0,4.55,3.5,6.75,1.0499999999999998,2.2,4.5,3.5,6.5,1.0,2.0,3.8,3.0,6.0,0.7999999999999998,2.2,5.4,4.0,8.0,1.4000000000000004,2.5999999999999996,0.0,0.0,0.0,0.0,0.0,4.0,4.0,4.0,0.0,0.0,0.0,0.0,0.0,0.0,0.0,4.0,4.0,4.0,0.0,0.0
20,4,5,5,0.5,0.2,0.3,dense,True,20,20,20,4,5,5,20,TPA max-token phrase baseline,validity_full_harmful_sequence_per_prompt,radius_derived,5,"0,10,20,30,40",0.0,0.0,0.0,0.0,0.0,1.0,1.0,1.0,0.0,0.0,4.55,3.5,6.75,1.0499999999999998,2.2,4.5,3.5,6.5,1.0,2.0,3.8,3.0,6.0,0.7999999999999998,2.2,5.4,4.0,8.0,1.4000000000000004,2.5999999999999996,0.0,0.0,0.0,0.0,0.0,4.0,4.0,4.0,0.0,0.0,0.0,0.0,0.0,0.0,0.0,4.0,4.0,4.0,0.0,0.0
20,4,5,5,0.5,0.2,0.3,dense,True,20,20,20,4,5,5,0,Shared MILP,validity_full_harmful_sequence_per_prompt,radius_derived,5,"0,10,20,30,40",1.0,1.0,1.0,0.0,0.0,0.0,0.0,0.0,0.0,0.0,4.55,3.5,6.75,1.0499999999999998,2.2,4.5,3.5,6.5,1.0,2.0,3.8,3.0,6.0,0.7999999999999998,2.2,5.4,4.0,8.0,1.4000000000000004,2.5999999999999996,4.0,4.0,4.0,0.0,0.0,4.0,4.0,4.0,0.0,0.0,0.0,0.0,0.0,0.0,0.0,4.0,4.0,4.0,0.0,0.0
20,4,5,5,0.5,0.2,0.3,dense,True,20,20,20,4,5,5,1,Shared MILP,validity_full_harmful_sequence_per_prompt,radius_derived,5,"0,10,20,30,40",1.0,1.0,1.0,0.0,0.0,0.0,0.0,0.0,0.0,0.0,4.55,3.5,6.75,1.0499999999999998,2.2,4.5,3.5,6.5,1.0,2.0,3.8,3.0,6.0,0.7999999999999998,2.2,5.4,4.0,8.0,1.4000000000000004,2.5999999999999996,4.0,4.0,4.0,0.0,0.0,4.0,4.0,4.0,0.0,0.0,0.0,0.0,0.0,0.0,0.0,4.0,4.0,4.0,0.0,0.0
20,4,5,5,0.5,0.2,0.3,dense,True,20,20,20,4,5,5,2,Shared MILP,validity_full_harmful_sequence_per_prompt,radius_derived,5,"0,10,20,30,40",1.0,1.0,1.0,0.0,0.0,0.0,0.0,0.0,0.0,0.0,4.55,3.5,6.75,1.0499999999999998,2.2,4.5,3.5,6.5,1.0,2.0,3.8,3.0,6.0,0.7999999999999998,2.2,5.4,4.0,8.0,1.4000000000000004,2.5999999999999996,4.0,4.0,4.0,0.0,0.0,4.0,4.0,4.0,0.0,0.0,0.0,0.0,0.0,0.0,0.0,4.0,4.0,4.0,0.0,0.0
20,4,5,5,0.5,0.2,0.3,dense,True,20,20,20,4,5,5,3,Shared MILP,validity_full_harmful_sequence_per_prompt,radius_derived,5,"0,10,20,30,40",0.8,0.5,1.0,0.30000000000000004,0.19999999999999996,0.2,0.0,0.5,0.2,0.3,4.55,3.5,6.75,1.0499999999999998,2.2,4.5,3.5,6.5,1.0,2.0,3.8,3.0,6.0,0.7999999999999998,2.2,5.4,4.0,8.0,1.4000000000000004,2.5999999999999996,3.2,2.0,4.0,1.2000000000000002,0.7999999999999998,4.0,4.0,4.0,0.0,0.0,0.0,0.0,0.0,0.0,0.0,4.0,4.0,4.0,0.0,0.0
20,4,5,5,0.5,0.2,0.3,dense,True,20,20,20,4,5,5,4,Shared MILP,validity_full_harmful_sequence_per_prompt,radius_derived,5,"0,10,20,30,40",0.4,0.0,1.0,0.4,0.6,0.6,0.0,1.0,0.6,0.4,4.55,3.5,6.75,1.0499999999999998,2.2,4.5,3.5,6.5,1.0,2.0,3.8,3.0,6.0,0.7999999999999998,2.2,5.4,4.0,8.0,1.4000000000000004,2.5999999999999996,1.6,0.0,4.0,1.6,2.4,4.0,4.0,4.0,0.0,0.0,0.0,0.0,0.0,0.0,0.0,4.0,4.0,4.0,0.0,0.0
20,4,5,5,0.5,0.2,0.3,dense,True,20,20,20,4,5,5,5,Shared MILP,validity_full_harmful_sequence_per_prompt,radius_derived,5,"0,10,20,30,40",0.2,0.0,1.0,0.2,0.8,0.8,0.0,1.0,0.8,0.19999999999999996,4.55,3.5,6.75,1.0499999999999998,2.2,4.5,3.5,6.5,1.0,2.0,3.8,3.0,6.0,0.7999999999999998,2.2,5.4,4.0,8.0,1.4000000000000004,2.5999999999999996,0.8,0.0,4.0,0.8,3.2,4.0,4.0,4.0,0.0,0.0,0.0,0.0,0.0,0.0,0.0,4.0,4.0,4.0,0.0,0.0
20,4,5,5,0.5,0.2,0.3,dense,True,20,20,20,4,5,5,6,Shared MILP,validity_full_harmful_sequence_per_prompt,radius_derived,5,"0,10,20,30,40",0.1,0.0,0.5,0.1,0.4,0.9,0.5,1.0,0.4,0.09999999999999998,4.55,3.5,6.75,1.0499999999999998,2.2,4.5,3.5,6.5,1.0,2.0,3.8,3.0,6.0,0.7999999999999998,2.2,5.4,4.0,8.0,1.4000000000000004,2.5999999999999996,0.4,0.0,2.0,0.4,1.6,4.0,4.0,4.0,0.0,0.0,0.0,0.0,0.0,0.0,0.0,4.0,4.0,4.0,0.0,0.0
20,4,5,5,0.5,0.2,0.3,dense,True,20,20,20,4,5,5,7,Shared MILP,validity_full_harmful_sequence_per_prompt,radius_derived,5,"0,10,20,30,40",0.05,0.0,0.25,0.05,0.2,0.95,0.75,1.0,0.19999999999999996,0.050000000000000044,4.55,3.5,6.75,1.0499999999999998,2.2,4.5,3.5,6.5,1.0,2.0,3.8,3.0,6.0,0.7999999999999998,2.2,5.4,4.0,8.0,1.4000000000000004,2.5999999999999996,0.2,0.0,1.0,0.2,0.8,4.0,4.0,4.0,0.0,0.0,0.0,0.0,0.0,0.0,0.0,4.0,4.0,4.0,0.0,0.0
20,4,5,5,0.5,0.2,0.3,dense,True,20,20,20,4,5,5,8,Shared MILP,validity_full_harmful_sequence_per_prompt,radius_derived,5,"0,10,20,30,40",0.0,0.0,0.0,0.0,0.0,1.0,1.0,1.0,0.0,0.0,4.55,3.5,6.75,1.0499999999999998,2.2,4.5,3.5,6.5,1.0,2.0,3.8,3.0,6.0,0.7999999999999998,2.2,5.4,4.0,8.0,1.4000000000000004,2.5999999999999996,0.0,0.0,0.0,0.0,0.0,4.0,4.0,4.0,0.0,0.0,0.0,0.0,0.0,0.0,0.0,4.0,4.0,4.0,0.0,0.0
20,4,5,5,0.5,0.2,0.3,dense,True,20,20,20,4,5,5,9,Shared MILP,validity_full_harmful_sequence_per_prompt,radius_derived,5,"0,10,20,30,40",0.0,0.0,0.0,0.0,0.0,1.0,1.0,1.0,0.0,0.0,4.55,3.5,6.75,1.0499999999999998,2.2,4.5,3.5,6.5,1.0,2.0,3.8,3.0,6.0,0.7999999999999998,2.2,5.4,4.0,8.0,1.4000000000000004,2.5999999999999996,0.0,0.0,0.0,0.0,0.0,4.0,4.0,4.0,0.0,0.0,0.0,0.0,0.0,0.0,0.0,4.0,4.0,4.0,0.0,0.0
20,4,5,5,0.5,0.2,0.3,dense,True,20,20,20,4,5,5,10,Shared MILP,validity_full_harmful_sequence_per_prompt,radius_derived,5,"0,10,20,30,40",0.0,0.0,0.0,0.0,0.0,1.0,1.0,1.0,0.0,0.0,4.55,3.5,6.75,1.0499999999999998,2.2,4.5,3.5,6.5,1.0,2.0,3.8,3.0,6.0,0.7999999999999998,2.2,5.4,4.0,8.0,1.4000000000000004,2.5999999999999996,0.0,0.0,0.0,0.0,0.0,4.0,4.0,4.0,0.0,0.0,0.0,0.0,0.0,0.0,0.0,4.0,4.0,4.0,0.0,0.0
20,4,5,5,0.5,0.2,0.3,dense,True,20,20,20,4,5,5,11,Shared MILP,validity_full_harmful_sequence_per_prompt,radius_derived,5,"0,10,20,30,40",0.0,0.0,0.0,0.0,0.0,1.0,1.0,1.0,0.0,0.0,4.55,3.5,6.75,1.0499999999999998,2.2,4.5,3.5,6.5,1.0,2.0,3.8,3.0,6.0,0.7999999999999998,2.2,5.4,4.0,8.0,1.4000000000000004,2.5999999999999996,0.0,0.0,0.0,0.0,0.0,4.0,4.0,4.0,0.0,0.0,0.0,0.0,0.0,0.0,0.0,4.0,4.0,4.0,0.0,0.0
20,4,5,5,0.5,0.2,0.3,dense,True,20,20,20,4,5,5,12,Shared MILP,validity_full_harmful_sequence_per_prompt,radius_derived,5,"0,10,20,30,40",0.0,0.0,0.0,0.0,0.0,1.0,1.0,1.0,0.0,0.0,4.55,3.5,6.75,1.0499999999999998,2.2,4.5,3.5,6.5,1.0,2.0,3.8,3.0,6.0,0.7999999999999998,2.2,5.4,4.0,8.0,1.4000000000000004,2.5999999999999996,0.0,0.0,0.0,0.0,0.0,4.0,4.0,4.0,0.0,0.0,0.0,0.0,0.0,0.0,0.0,4.0,4.0,4.0,0.0,0.0
20,4,5,5,0.5,0.2,0.3,dense,True,20,20,20,4,5,5,13,Shared MILP,validity_full_harmful_sequence_per_prompt,radius_derived,5,"0,10,20,30,40",0.0,0.0,0.0,0.0,0.0,1.0,1.0,1.0,0.0,0.0,4.55,3.5,6.75,1.0499999999999998,2.2,4.5,3.5,6.5,1.0,2.0,3.8,3.0,6.0,0.7999999999999998,2.2,5.4,4.0,8.0,1.4000000000000004,2.5999999999999996,0.0,0.0,0.0,0.0,0.0,4.0,4.0,4.0,0.0,0.0,0.0,0.0,0.0,0.0,0.0,4.0,4.0,4.0,0.0,0.0
20,4,5,5,0.5,0.2,0.3,dense,True,20,20,20,4,5,5,14,Shared MILP,validity_full_harmful_sequence_per_prompt,radius_derived,5,"0,10,20,30,40",0.0,0.0,0.0,0.0,0.0,1.0,1.0,1.0,0.0,0.0,4.55,3.5,6.75,1.0499999999999998,2.2,4.5,3.5,6.5,1.0,2.0,3.8,3.0,6.0,0.7999999999999998,2.2,5.4,4.0,8.0,1.4000000000000004,2.5999999999999996,0.0,0.0,0.0,0.0,0.0,4.0,4.0,4.0,0.0,0.0,0.0,0.0,0.0,0.0,0.0,4.0,4.0,4.0,0.0,0.0
20,4,5,5,0.5,0.2,0.3,dense,True,20,20,20,4,5,5,15,Shared MILP,validity_full_harmful_sequence_per_prompt,radius_derived,5,"0,10,20,30,40",0.0,0.0,0.0,0.0,0.0,1.0,1.0,1.0,0.0,0.0,4.55,3.5,6.75,1.0499999999999998,2.2,4.5,3.5,6.5,1.0,2.0,3.8,3.0,6.0,0.7999999999999998,2.2,5.4,4.0,8.0,1.4000000000000004,2.5999999999999996,0.0,0.0,0.0,0.0,0.0,4.0,4.0,4.0,0.0,0.0,0.0,0.0,0.0,0.0,0.0,4.0,4.0,4.0,0.0,0.0
20,4,5,5,0.5,0.2,0.3,dense,True,20,20,20,4,5,5,16,Shared MILP,validity_full_harmful_sequence_per_prompt,radius_derived,5,"0,10,20,30,40",0.0,0.0,0.0,0.0,0.0,1.0,1.0,1.0,0.0,0.0,4.55,3.5,6.75,1.0499999999999998,2.2,4.5,3.5,6.5,1.0,2.0,3.8,3.0,6.0,0.7999999999999998,2.2,5.4,4.0,8.0,1.4000000000000004,2.5999999999999996,0.0,0.0,0.0,0.0,0.0,4.0,4.0,4.0,0.0,0.0,0.0,0.0,0.0,0.0,0.0,4.0,4.0,4.0,0.0,0.0
20,4,5,5,0.5,0.2,0.3,dense,True,20,20,20,4,5,5,17,Shared MILP,validity_full_harmful_sequence_per_prompt,radius_derived,5,"0,10,20,30,40",0.0,0.0,0.0,0.0,0.0,1.0,1.0,1.0,0.0,0.0,4.55,3.5,6.75,1.0499999999999998,2.2,4.5,3.5,6.5,1.0,2.0,3.8,3.0,6.0,0.7999999999999998,2.2,5.4,4.0,8.0,1.4000000000000004,2.5999999999999996,0.0,0.0,0.0,0.0,0.0,4.0,4.0,4.0,0.0,0.0,0.0,0.0,0.0,0.0,0.0,4.0,4.0,4.0,0.0,0.0
20,4,5,5,0.5,0.2,0.3,dense,True,20,20,20,4,5,5,18,Shared MILP,validity_full_harmful_sequence_per_prompt,radius_derived,5,"0,10,20,30,40",0.0,0.0,0.0,0.0,0.0,1.0,1.0,1.0,0.0,0.0,4.55,3.5,6.75,1.0499999999999998,2.2,4.5,3.5,6.5,1.0,2.0,3.8,3.0,6.0,0.7999999999999998,2.2,5.4,4.0,8.0,1.4000000000000004,2.5999999999999996,0.0,0.0,0.0,0.0,0.0,4.0,4.0,4.0,0.0,0.0,0.0,0.0,0.0,0.0,0.0,4.0,4.0,4.0,0.0,0.0
20,4,5,5,0.5,0.2,0.3,dense,True,20,20,20,4,5,5,19,Shared MILP,validity_full_harmful_sequence_per_prompt,radius_derived,5,"0,10,20,30,40",0.0,0.0,0.0,0.0,0.0,1.0,1.0,1.0,0.0,0.0,4.55,3.5,6.75,1.0499999999999998,2.2,4.5,3.5,6.5,1.0,2.0,3.8,3.0,6.0,0.7999999999999998,2.2,5.4,4.0,8.0,1.4000000000000004,2.5999999999999996,0.0,0.0,0.0,0.0,0.0,4.0,4.0,4.0,0.0,0.0,0.0,0.0,0.0,0.0,0.0,4.0,4.0,4.0,0.0,0.0
20,4,5,5,0.5,0.2,0.3,dense,True,20,20,20,4,5,5,20,Shared MILP,validity_full_harmful_sequence_per_prompt,radius_derived,5,"0,10,20,30,40",0.0,0.0,0.0,0.0,0.0,1.0,1.0,1.0,0.0,0.0,4.55,3.5,6.75,1.0499999999999998,2.2,4.5,3.5,6.5,1.0,2.0,3.8,3.0,6.0,0.7999999999999998,2.2,5.4,4.0,8.0,1.4000000000000004,2.5999999999999996,0.0,0.0,0.0,0.0,0.0,4.0,4.0,4.0,0.0,0.0,0.0,0.0,0.0,0.0,0.0,4.0,4.0,4.0,0.0,0.0
20,4,5,5,0.5,0.2,0.3,dense,True,20,20,20,4,5,5,0,Atomic phrase aggregation,validity_full_harmful_sequence_per_prompt,radius_derived,5,"0,10,20,30,40",1.0,1.0,1.0,0.0,0.0,0.0,0.0,0.0,0.0,0.0,1.65,1.25,2.0,0.3999999999999999,0.3500000000000001,1.7,1.0,2.0,0.7,0.30000000000000004,1.0,1.0,1.0,0.0,0.0,2.2,2.0,3.0,0.20000000000000018,0.7999999999999998,4.0,4.0,4.0,0.0,0.0,4.0,4.0,4.0,0.0,0.0,0.0,0.0,0.0,0.0,0.0,4.0,4.0,4.0,0.0,0.0
20,4,5,5,0.5,0.2,0.3,dense,True,20,20,20,4,5,5,1,Atomic phrase aggregation,validity_full_harmful_sequence_per_prompt,radius_derived,5,"0,10,20,30,40",0.6,0.25,0.75,0.35,0.15000000000000002,0.4,0.25,0.75,0.15000000000000002,0.35,1.65,1.25,2.0,0.3999999999999999,0.3500000000000001,1.7,1.0,2.0,0.7,0.30000000000000004,1.0,1.0,1.0,0.0,0.0,2.2,2.0,3.0,0.20000000000000018,0.7999999999999998,2.4,1.0,3.0,1.4,0.6000000000000001,4.0,4.0,4.0,0.0,0.0,0.0,0.0,0.0,0.0,0.0,4.0,4.0,4.0,0.0,0.0
20,4,5,5,0.5,0.2,0.3,dense,True,20,20,20,4,5,5,2,Atomic phrase aggregation,validity_full_harmful_sequence_per_prompt,radius_derived,5,"0,10,20,30,40",0.05,0.0,0.25,0.05,0.2,0.95,0.75,1.0,0.19999999999999996,0.050000000000000044,1.65,1.25,2.0,0.3999999999999999,0.3500000000000001,1.7,1.0,2.0,0.7,0.30000000000000004,1.0,1.0,1.0,0.0,0.0,2.2,2.0,3.0,0.20000000000000018,0.7999999999999998,0.2,0.0,1.0,0.2,0.8,4.0,4.0,4.0,0.0,0.0,0.0,0.0,0.0,0.0,0.0,4.0,4.0,4.0,0.0,0.0
20,4,5,5,0.5,0.2,0.3,dense,True,20,20,20,4,5,5,3,Atomic phrase aggregation,validity_full_harmful_sequence_per_prompt,radius_derived,5,"0,10,20,30,40",0.0,0.0,0.0,0.0,0.0,1.0,1.0,1.0,0.0,0.0,1.65,1.25,2.0,0.3999999999999999,0.3500000000000001,1.7,1.0,2.0,0.7,0.30000000000000004,1.0,1.0,1.0,0.0,0.0,2.2,2.0,3.0,0.20000000000000018,0.7999999999999998,0.0,0.0,0.0,0.0,0.0,4.0,4.0,4.0,0.0,0.0,0.0,0.0,0.0,0.0,0.0,4.0,4.0,4.0,0.0,0.0
20,4,5,5,0.5,0.2,0.3,dense,True,20,20,20,4,5,5,4,Atomic phrase aggregation,validity_full_harmful_sequence_per_prompt,radius_derived,5,"0,10,20,30,40",0.0,0.0,0.0,0.0,0.0,1.0,1.0,1.0,0.0,0.0,1.65,1.25,2.0,0.3999999999999999,0.3500000000000001,1.7,1.0,2.0,0.7,0.30000000000000004,1.0,1.0,1.0,0.0,0.0,2.2,2.0,3.0,0.20000000000000018,0.7999999999999998,0.0,0.0,0.0,0.0,0.0,4.0,4.0,4.0,0.0,0.0,0.0,0.0,0.0,0.0,0.0,4.0,4.0,4.0,0.0,0.0
20,4,5,5,0.5,0.2,0.3,dense,True,20,20,20,4,5,5,5,Atomic phrase aggregation,validity_full_harmful_sequence_per_prompt,radius_derived,5,"0,10,20,30,40",0.0,0.0,0.0,0.0,0.0,1.0,1.0,1.0,0.0,0.0,1.65,1.25,2.0,0.3999999999999999,0.3500000000000001,1.7,1.0,2.0,0.7,0.30000000000000004,1.0,1.0,1.0,0.0,0.0,2.2,2.0,3.0,0.20000000000000018,0.7999999999999998,0.0,0.0,0.0,0.0,0.0,4.0,4.0,4.0,0.0,0.0,0.0,0.0,0.0,0.0,0.0,4.0,4.0,4.0,0.0,0.0
20,4,5,5,0.5,0.2,0.3,dense,True,20,20,20,4,5,5,6,Atomic phrase aggregation,validity_full_harmful_sequence_per_prompt,radius_derived,5,"0,10,20,30,40",0.0,0.0,0.0,0.0,0.0,1.0,1.0,1.0,0.0,0.0,1.65,1.25,2.0,0.3999999999999999,0.3500000000000001,1.7,1.0,2.0,0.7,0.30000000000000004,1.0,1.0,1.0,0.0,0.0,2.2,2.0,3.0,0.20000000000000018,0.7999999999999998,0.0,0.0,0.0,0.0,0.0,4.0,4.0,4.0,0.0,0.0,0.0,0.0,0.0,0.0,0.0,4.0,4.0,4.0,0.0,0.0
20,4,5,5,0.5,0.2,0.3,dense,True,20,20,20,4,5,5,7,Atomic phrase aggregation,validity_full_harmful_sequence_per_prompt,radius_derived,5,"0,10,20,30,40",0.0,0.0,0.0,0.0,0.0,1.0,1.0,1.0,0.0,0.0,1.65,1.25,2.0,0.3999999999999999,0.3500000000000001,1.7,1.0,2.0,0.7,0.30000000000000004,1.0,1.0,1.0,0.0,0.0,2.2,2.0,3.0,0.20000000000000018,0.7999999999999998,0.0,0.0,0.0,0.0,0.0,4.0,4.0,4.0,0.0,0.0,0.0,0.0,0.0,0.0,0.0,4.0,4.0,4.0,0.0,0.0
20,4,5,5,0.5,0.2,0.3,dense,True,20,20,20,4,5,5,8,Atomic phrase aggregation,validity_full_harmful_sequence_per_prompt,radius_derived,5,"0,10,20,30,40",0.0,0.0,0.0,0.0,0.0,1.0,1.0,1.0,0.0,0.0,1.65,1.25,2.0,0.3999999999999999,0.3500000000000001,1.7,1.0,2.0,0.7,0.30000000000000004,1.0,1.0,1.0,0.0,0.0,2.2,2.0,3.0,0.20000000000000018,0.7999999999999998,0.0,0.0,0.0,0.0,0.0,4.0,4.0,4.0,0.0,0.0,0.0,0.0,0.0,0.0,0.0,4.0,4.0,4.0,0.0,0.0
20,4,5,5,0.5,0.2,0.3,dense,True,20,20,20,4,5,5,9,Atomic phrase aggregation,validity_full_harmful_sequence_per_prompt,radius_derived,5,"0,10,20,30,40",0.0,0.0,0.0,0.0,0.0,1.0,1.0,1.0,0.0,0.0,1.65,1.25,2.0,0.3999999999999999,0.3500000000000001,1.7,1.0,2.0,0.7,0.30000000000000004,1.0,1.0,1.0,0.0,0.0,2.2,2.0,3.0,0.20000000000000018,0.7999999999999998,0.0,0.0,0.0,0.0,0.0,4.0,4.0,4.0,0.0,0.0,0.0,0.0,0.0,0.0,0.0,4.0,4.0,4.0,0.0,0.0
20,4,5,5,0.5,0.2,0.3,dense,True,20,20,20,4,5,5,10,Atomic phrase aggregation,validity_full_harmful_sequence_per_prompt,radius_derived,5,"0,10,20,30,40",0.0,0.0,0.0,0.0,0.0,1.0,1.0,1.0,0.0,0.0,1.65,1.25,2.0,0.3999999999999999,0.3500000000000001,1.7,1.0,2.0,0.7,0.30000000000000004,1.0,1.0,1.0,0.0,0.0,2.2,2.0,3.0,0.20000000000000018,0.7999999999999998,0.0,0.0,0.0,0.0,0.0,4.0,4.0,4.0,0.0,0.0,0.0,0.0,0.0,0.0,0.0,4.0,4.0,4.0,0.0,0.0
20,4,5,5,0.5,0.2,0.3,dense,True,20,20,20,4,5,5,11,Atomic phrase aggregation,validity_full_harmful_sequence_per_prompt,radius_derived,5,"0,10,20,30,40",0.0,0.0,0.0,0.0,0.0,1.0,1.0,1.0,0.0,0.0,1.65,1.25,2.0,0.3999999999999999,0.3500000000000001,1.7,1.0,2.0,0.7,0.30000000000000004,1.0,1.0,1.0,0.0,0.0,2.2,2.0,3.0,0.20000000000000018,0.7999999999999998,0.0,0.0,0.0,0.0,0.0,4.0,4.0,4.0,0.0,0.0,0.0,0.0,0.0,0.0,0.0,4.0,4.0,4.0,0.0,0.0
20,4,5,5,0.5,0.2,0.3,dense,True,20,20,20,4,5,5,12,Atomic phrase aggregation,validity_full_harmful_sequence_per_prompt,radius_derived,5,"0,10,20,30,40",0.0,0.0,0.0,0.0,0.0,1.0,1.0,1.0,0.0,0.0,1.65,1.25,2.0,0.3999999999999999,0.3500000000000001,1.7,1.0,2.0,0.7,0.30000000000000004,1.0,1.0,1.0,0.0,0.0,2.2,2.0,3.0,0.20000000000000018,0.7999999999999998,0.0,0.0,0.0,0.0,0.0,4.0,4.0,4.0,0.0,0.0,0.0,0.0,0.0,0.0,0.0,4.0,4.0,4.0,0.0,0.0
20,4,5,5,0.5,0.2,0.3,dense,True,20,20,20,4,5,5,13,Atomic phrase aggregation,validity_full_harmful_sequence_per_prompt,radius_derived,5,"0,10,20,30,40",0.0,0.0,0.0,0.0,0.0,1.0,1.0,1.0,0.0,0.0,1.65,1.25,2.0,0.3999999999999999,0.3500000000000001,1.7,1.0,2.0,0.7,0.30000000000000004,1.0,1.0,1.0,0.0,0.0,2.2,2.0,3.0,0.20000000000000018,0.7999999999999998,0.0,0.0,0.0,0.0,0.0,4.0,4.0,4.0,0.0,0.0,0.0,0.0,0.0,0.0,0.0,4.0,4.0,4.0,0.0,0.0
20,4,5,5,0.5,0.2,0.3,dense,True,20,20,20,4,5,5,14,Atomic phrase aggregation,validity_full_harmful_sequence_per_prompt,radius_derived,5,"0,10,20,30,40",0.0,0.0,0.0,0.0,0.0,1.0,1.0,1.0,0.0,0.0,1.65,1.25,2.0,0.3999999999999999,0.3500000000000001,1.7,1.0,2.0,0.7,0.30000000000000004,1.0,1.0,1.0,0.0,0.0,2.2,2.0,3.0,0.20000000000000018,0.7999999999999998,0.0,0.0,0.0,0.0,0.0,4.0,4.0,4.0,0.0,0.0,0.0,0.0,0.0,0.0,0.0,4.0,4.0,4.0,0.0,0.0
20,4,5,5,0.5,0.2,0.3,dense,True,20,20,20,4,5,5,15,Atomic phrase aggregation,validity_full_harmful_sequence_per_prompt,radius_derived,5,"0,10,20,30,40",0.0,0.0,0.0,0.0,0.0,1.0,1.0,1.0,0.0,0.0,1.65,1.25,2.0,0.3999999999999999,0.3500000000000001,1.7,1.0,2.0,0.7,0.30000000000000004,1.0,1.0,1.0,0.0,0.0,2.2,2.0,3.0,0.20000000000000018,0.7999999999999998,0.0,0.0,0.0,0.0,0.0,4.0,4.0,4.0,0.0,0.0,0.0,0.0,0.0,0.0,0.0,4.0,4.0,4.0,0.0,0.0
20,4,5,5,0.5,0.2,0.3,dense,True,20,20,20,4,5,5,16,Atomic phrase aggregation,validity_full_harmful_sequence_per_prompt,radius_derived,5,"0,10,20,30,40",0.0,0.0,0.0,0.0,0.0,1.0,1.0,1.0,0.0,0.0,1.65,1.25,2.0,0.3999999999999999,0.3500000000000001,1.7,1.0,2.0,0.7,0.30000000000000004,1.0,1.0,1.0,0.0,0.0,2.2,2.0,3.0,0.20000000000000018,0.7999999999999998,0.0,0.0,0.0,0.0,0.0,4.0,4.0,4.0,0.0,0.0,0.0,0.0,0.0,0.0,0.0,4.0,4.0,4.0,0.0,0.0
20,4,5,5,0.5,0.2,0.3,dense,True,20,20,20,4,5,5,17,Atomic phrase aggregation,validity_full_harmful_sequence_per_prompt,radius_derived,5,"0,10,20,30,40",0.0,0.0,0.0,0.0,0.0,1.0,1.0,1.0,0.0,0.0,1.65,1.25,2.0,0.3999999999999999,0.3500000000000001,1.7,1.0,2.0,0.7,0.30000000000000004,1.0,1.0,1.0,0.0,0.0,2.2,2.0,3.0,0.20000000000000018,0.7999999999999998,0.0,0.0,0.0,0.0,0.0,4.0,4.0,4.0,0.0,0.0,0.0,0.0,0.0,0.0,0.0,4.0,4.0,4.0,0.0,0.0
20,4,5,5,0.5,0.2,0.3,dense,True,20,20,20,4,5,5,18,Atomic phrase aggregation,validity_full_harmful_sequence_per_prompt,radius_derived,5,"0,10,20,30,40",0.0,0.0,0.0,0.0,0.0,1.0,1.0,1.0,0.0,0.0,1.65,1.25,2.0,0.3999999999999999,0.3500000000000001,1.7,1.0,2.0,0.7,0.30000000000000004,1.0,1.0,1.0,0.0,0.0,2.2,2.0,3.0,0.20000000000000018,0.7999999999999998,0.0,0.0,0.0,0.0,0.0,4.0,4.0,4.0,0.0,0.0,0.0,0.0,0.0,0.0,0.0,4.0,4.0,4.0,0.0,0.0
20,4,5,5,0.5,0.2,0.3,dense,True,20,20,20,4,5,5,19,Atomic phrase aggregation,validity_full_harmful_sequence_per_prompt,radius_derived,5,"0,10,20,30,40",0.0,0.0,0.0,0.0,0.0,1.0,1.0,1.0,0.0,0.0,1.65,1.25,2.0,0.3999999999999999,0.3500000000000001,1.7,1.0,2.0,0.7,0.30000000000000004,1.0,1.0,1.0,0.0,0.0,2.2,2.0,3.0,0.20000000000000018,0.7999999999999998,0.0,0.0,0.0,0.0,0.0,4.0,4.0,4.0,0.0,0.0,0.0,0.0,0.0,0.0,0.0,4.0,4.0,4.0,0.0,0.0
20,4,5,5,0.5,0.2,0.3,dense,True,20,20,20,4,5,5,20,Atomic phrase aggregation,validity_full_harmful_sequence_per_prompt,radius_derived,5,"0,10,20,30,40",0.0,0.0,0.0,0.0,0.0,1.0,1.0,1.0,0.0,0.0,1.65,1.25,2.0,0.3999999999999999,0.3500000000000001,1.7,1.0,2.0,0.7,0.30000000000000004,1.0,1.0,1.0,0.0,0.0,2.2,2.0,3.0,0.20000000000000018,0.7999999999999998,0.0,0.0,0.0,0.0,0.0,4.0,4.0,4.0,0.0,0.0,0.0,0.0,0.0,0.0,0.0,4.0,4.0,4.0,0.0,0.0
20,4,5,5,0.5,0.2,0.3,dense,True,20,20,20,4,5,5,0,Independent shard-aware composition diagnostic,validity_full_harmful_sequence_per_prompt,radius_derived,5,"0,10,20,30,40",1.0,1.0,1.0,0.0,0.0,0.0,0.0,0.0,0.0,0.0,12.25,8.25,18.25,4.0,6.0,12.3,8.0,18.0,4.300000000000001,5.699999999999999,9.4,7.0,13.0,2.4000000000000004,3.5999999999999996,15.0,10.0,24.0,5.0,9.0,4.0,4.0,4.0,0.0,0.0,4.0,4.0,4.0,0.0,0.0,0.0,0.0,0.0,0.0,0.0,4.0,4.0,4.0,0.0,0.0
20,4,5,5,0.5,0.2,0.3,dense,True,20,20,20,4,5,5,1,Independent shard-aware composition diagnostic,validity_full_harmful_sequence_per_prompt,radius_derived,5,"0,10,20,30,40",1.0,1.0,1.0,0.0,0.0,0.0,0.0,0.0,0.0,0.0,12.25,8.25,18.25,4.0,6.0,12.3,8.0,18.0,4.300000000000001,5.699999999999999,9.4,7.0,13.0,2.4000000000000004,3.5999999999999996,15.0,10.0,24.0,5.0,9.0,4.0,4.0,4.0,0.0,0.0,4.0,4.0,4.0,0.0,0.0,0.0,0.0,0.0,0.0,0.0,4.0,4.0,4.0,0.0,0.0
20,4,5,5,0.5,0.2,0.3,dense,True,20,20,20,4,5,5,2,Independent shard-aware composition diagnostic,validity_full_harmful_sequence_per_prompt,radius_derived,5,"0,10,20,30,40",1.0,1.0,1.0,0.0,0.0,0.0,0.0,0.0,0.0,0.0,12.25,8.25,18.25,4.0,6.0,12.3,8.0,18.0,4.300000000000001,5.699999999999999,9.4,7.0,13.0,2.4000000000000004,3.5999999999999996,15.0,10.0,24.0,5.0,9.0,4.0,4.0,4.0,0.0,0.0,4.0,4.0,4.0,0.0,0.0,0.0,0.0,0.0,0.0,0.0,4.0,4.0,4.0,0.0,0.0
20,4,5,5,0.5,0.2,0.3,dense,True,20,20,20,4,5,5,3,Independent shard-aware composition diagnostic,validity_full_harmful_sequence_per_prompt,radius_derived,5,"0,10,20,30,40",1.0,1.0,1.0,0.0,0.0,0.0,0.0,0.0,0.0,0.0,12.25,8.25,18.25,4.0,6.0,12.3,8.0,18.0,4.300000000000001,5.699999999999999,9.4,7.0,13.0,2.4000000000000004,3.5999999999999996,15.0,10.0,24.0,5.0,9.0,4.0,4.0,4.0,0.0,0.0,4.0,4.0,4.0,0.0,0.0,0.0,0.0,0.0,0.0,0.0,4.0,4.0,4.0,0.0,0.0
20,4,5,5,0.5,0.2,0.3,dense,True,20,20,20,4,5,5,4,Independent shard-aware composition diagnostic,validity_full_harmful_sequence_per_prompt,radius_derived,5,"0,10,20,30,40",1.0,1.0,1.0,0.0,0.0,0.0,0.0,0.0,0.0,0.0,12.25,8.25,18.25,4.0,6.0,12.3,8.0,18.0,4.300000000000001,5.699999999999999,9.4,7.0,13.0,2.4000000000000004,3.5999999999999996,15.0,10.0,24.0,5.0,9.0,4.0,4.0,4.0,0.0,0.0,4.0,4.0,4.0,0.0,0.0,0.0,0.0,0.0,0.0,0.0,4.0,4.0,4.0,0.0,0.0
20,4,5,5,0.5,0.2,0.3,dense,True,20,20,20,4,5,5,5,Independent shard-aware composition diagnostic,validity_full_harmful_sequence_per_prompt,radius_derived,5,"0,10,20,30,40",1.0,1.0,1.0,0.0,0.0,0.0,0.0,0.0,0.0,0.0,12.25,8.25,18.25,4.0,6.0,12.3,8.0,18.0,4.300000000000001,5.699999999999999,9.4,7.0,13.0,2.4000000000000004,3.5999999999999996,15.0,10.0,24.0,5.0,9.0,4.0,4.0,4.0,0.0,0.0,4.0,4.0,4.0,0.0,0.0,0.0,0.0,0.0,0.0,0.0,4.0,4.0,4.0,0.0,0.0
20,4,5,5,0.5,0.2,0.3,dense,True,20,20,20,4,5,5,6,Independent shard-aware composition diagnostic,validity_full_harmful_sequence_per_prompt,radius_derived,5,"0,10,20,30,40",1.0,1.0,1.0,0.0,0.0,0.0,0.0,0.0,0.0,0.0,12.25,8.25,18.25,4.0,6.0,12.3,8.0,18.0,4.300000000000001,5.699999999999999,9.4,7.0,13.0,2.4000000000000004,3.5999999999999996,15.0,10.0,24.0,5.0,9.0,4.0,4.0,4.0,0.0,0.0,4.0,4.0,4.0,0.0,0.0,0.0,0.0,0.0,0.0,0.0,4.0,4.0,4.0,0.0,0.0
20,4,5,5,0.5,0.2,0.3,dense,True,20,20,20,4,5,5,7,Independent shard-aware composition diagnostic,validity_full_harmful_sequence_per_prompt,radius_derived,5,"0,10,20,30,40",0.9,0.5,1.0,0.4,0.09999999999999998,0.1,0.0,0.5,0.1,0.4,12.25,8.25,18.25,4.0,6.0,12.3,8.0,18.0,4.300000000000001,5.699999999999999,9.4,7.0,13.0,2.4000000000000004,3.5999999999999996,15.0,10.0,24.0,5.0,9.0,3.6,2.0,4.0,1.6,0.3999999999999999,4.0,4.0,4.0,0.0,0.0,0.0,0.0,0.0,0.0,0.0,4.0,4.0,4.0,0.0,0.0
20,4,5,5,0.5,0.2,0.3,dense,True,20,20,20,4,5,5,8,Independent shard-aware composition diagnostic,validity_full_harmful_sequence_per_prompt,radius_derived,5,"0,10,20,30,40",0.85,0.5,1.0,0.35,0.15000000000000002,0.15,0.0,0.5,0.15,0.35,12.25,8.25,18.25,4.0,6.0,12.3,8.0,18.0,4.300000000000001,5.699999999999999,9.4,7.0,13.0,2.4000000000000004,3.5999999999999996,15.0,10.0,24.0,5.0,9.0,3.4,2.0,4.0,1.4,0.6000000000000001,4.0,4.0,4.0,0.0,0.0,0.0,0.0,0.0,0.0,0.0,4.0,4.0,4.0,0.0,0.0
20,4,5,5,0.5,0.2,0.3,dense,True,20,20,20,4,5,5,9,Independent shard-aware composition diagnostic,validity_full_harmful_sequence_per_prompt,radius_derived,5,"0,10,20,30,40",0.75,0.25,1.0,0.5,0.25,0.25,0.0,0.75,0.25,0.5,12.25,8.25,18.25,4.0,6.0,12.3,8.0,18.0,4.300000000000001,5.699999999999999,9.4,7.0,13.0,2.4000000000000004,3.5999999999999996,15.0,10.0,24.0,5.0,9.0,3.0,1.0,4.0,2.0,1.0,4.0,4.0,4.0,0.0,0.0,0.0,0.0,0.0,0.0,0.0,4.0,4.0,4.0,0.0,0.0
20,4,5,5,0.5,0.2,0.3,dense,True,20,20,20,4,5,5,10,Independent shard-aware composition diagnostic,validity_full_harmful_sequence_per_prompt,radius_derived,5,"0,10,20,30,40",0.6,0.0,1.0,0.6,0.4,0.4,0.0,1.0,0.4,0.6,12.25,8.25,18.25,4.0,6.0,12.3,8.0,18.0,4.300000000000001,5.699999999999999,9.4,7.0,13.0,2.4000000000000004,3.5999999999999996,15.0,10.0,24.0,5.0,9.0,2.4,0.0,4.0,2.4,1.6,4.0,4.0,4.0,0.0,0.0,0.0,0.0,0.0,0.0,0.0,4.0,4.0,4.0,0.0,0.0
20,4,5,5,0.5,0.2,0.3,dense,True,20,20,20,4,5,5,11,Independent shard-aware composition diagnostic,validity_full_harmful_sequence_per_prompt,radius_derived,5,"0,10,20,30,40",0.5,0.0,1.0,0.5,0.5,0.5,0.0,1.0,0.5,0.5,12.25,8.25,18.25,4.0,6.0,12.3,8.0,18.0,4.300000000000001,5.699999999999999,9.4,7.0,13.0,2.4000000000000004,3.5999999999999996,15.0,10.0,24.0,5.0,9.0,2.0,0.0,4.0,2.0,2.0,4.0,4.0,4.0,0.0,0.0,0.0,0.0,0.0,0.0,0.0,4.0,4.0,4.0,0.0,0.0
20,4,5,5,0.5,0.2,0.3,dense,True,20,20,20,4,5,5,12,Independent shard-aware composition diagnostic,validity_full_harmful_sequence_per_prompt,radius_derived,5,"0,10,20,30,40",0.35,0.0,1.0,0.35,0.65,0.65,0.0,1.0,0.65,0.35,12.25,8.25,18.25,4.0,6.0,12.3,8.0,18.0,4.300000000000001,5.699999999999999,9.4,7.0,13.0,2.4000000000000004,3.5999999999999996,15.0,10.0,24.0,5.0,9.0,1.4,0.0,4.0,1.4,2.6,4.0,4.0,4.0,0.0,0.0,0.0,0.0,0.0,0.0,0.0,4.0,4.0,4.0,0.0,0.0
20,4,5,5,0.5,0.2,0.3,dense,True,20,20,20,4,5,5,13,Independent shard-aware composition diagnostic,validity_full_harmful_sequence_per_prompt,radius_derived,5,"0,10,20,30,40",0.25,0.0,0.75,0.25,0.5,0.75,0.25,1.0,0.5,0.25,12.25,8.25,18.25,4.0,6.0,12.3,8.0,18.0,4.300000000000001,5.699999999999999,9.4,7.0,13.0,2.4000000000000004,3.5999999999999996,15.0,10.0,24.0,5.0,9.0,1.0,0.0,3.0,1.0,2.0,4.0,4.0,4.0,0.0,0.0,0.0,0.0,0.0,0.0,0.0,4.0,4.0,4.0,0.0,0.0
20,4,5,5,0.5,0.2,0.3,dense,True,20,20,20,4,5,5,14,Independent shard-aware composition diagnostic,validity_full_harmful_sequence_per_prompt,radius_derived,5,"0,10,20,30,40",0.25,0.0,0.75,0.25,0.5,0.75,0.25,1.0,0.5,0.25,12.25,8.25,18.25,4.0,6.0,12.3,8.0,18.0,4.300000000000001,5.699999999999999,9.4,7.0,13.0,2.4000000000000004,3.5999999999999996,15.0,10.0,24.0,5.0,9.0,1.0,0.0,3.0,1.0,2.0,4.0,4.0,4.0,0.0,0.0,0.0,0.0,0.0,0.0,0.0,4.0,4.0,4.0,0.0,0.0
20,4,5,5,0.5,0.2,0.3,dense,True,20,20,20,4,5,5,15,Independent shard-aware composition diagnostic,validity_full_harmful_sequence_per_prompt,radius_derived,5,"0,10,20,30,40",0.2,0.0,0.75,0.2,0.55,0.8,0.25,1.0,0.55,0.19999999999999996,12.25,8.25,18.25,4.0,6.0,12.3,8.0,18.0,4.300000000000001,5.699999999999999,9.4,7.0,13.0,2.4000000000000004,3.5999999999999996,15.0,10.0,24.0,5.0,9.0,0.8,0.0,3.0,0.8,2.2,4.0,4.0,4.0,0.0,0.0,0.0,0.0,0.0,0.0,0.0,4.0,4.0,4.0,0.0,0.0
20,4,5,5,0.5,0.2,0.3,dense,True,20,20,20,4,5,5,16,Independent shard-aware composition diagnostic,validity_full_harmful_sequence_per_prompt,radius_derived,5,"0,10,20,30,40",0.1,0.0,0.5,0.1,0.4,0.9,0.5,1.0,0.4,0.09999999999999998,12.25,8.25,18.25,4.0,6.0,12.3,8.0,18.0,4.300000000000001,5.699999999999999,9.4,7.0,13.0,2.4000000000000004,3.5999999999999996,15.0,10.0,24.0,5.0,9.0,0.4,0.0,2.0,0.4,1.6,4.0,4.0,4.0,0.0,0.0,0.0,0.0,0.0,0.0,0.0,4.0,4.0,4.0,0.0,0.0
20,4,5,5,0.5,0.2,0.3,dense,True,20,20,20,4,5,5,17,Independent shard-aware composition diagnostic,validity_full_harmful_sequence_per_prompt,radius_derived,5,"0,10,20,30,40",0.1,0.0,0.5,0.1,0.4,0.9,0.5,1.0,0.4,0.09999999999999998,12.25,8.25,18.25,4.0,6.0,12.3,8.0,18.0,4.300000000000001,5.699999999999999,9.4,7.0,13.0,2.4000000000000004,3.5999999999999996,15.0,10.0,24.0,5.0,9.0,0.4,0.0,2.0,0.4,1.6,4.0,4.0,4.0,0.0,0.0,0.0,0.0,0.0,0.0,0.0,4.0,4.0,4.0,0.0,0.0
20,4,5,5,0.5,0.2,0.3,dense,True,20,20,20,4,5,5,18,Independent shard-aware composition diagnostic,validity_full_harmful_sequence_per_prompt,radius_derived,5,"0,10,20,30,40",0.1,0.0,0.5,0.1,0.4,0.9,0.5,1.0,0.4,0.09999999999999998,12.25,8.25,18.25,4.0,6.0,12.3,8.0,18.0,4.300000000000001,5.699999999999999,9.4,7.0,13.0,2.4000000000000004,3.5999999999999996,15.0,10.0,24.0,5.0,9.0,0.4,0.0,2.0,0.4,1.6,4.0,4.0,4.0,0.0,0.0,0.0,0.0,0.0,0.0,0.0,4.0,4.0,4.0,0.0,0.0
20,4,5,5,0.5,0.2,0.3,dense,True,20,20,20,4,5,5,19,Independent shard-aware composition diagnostic,validity_full_harmful_sequence_per_prompt,radius_derived,5,"0,10,20,30,40",0.1,0.0,0.5,0.1,0.4,0.9,0.5,1.0,0.4,0.09999999999999998,12.25,8.25,18.25,4.0,6.0,12.3,8.0,18.0,4.300000000000001,5.699999999999999,9.4,7.0,13.0,2.4000000000000004,3.5999999999999996,15.0,10.0,24.0,5.0,9.0,0.4,0.0,2.0,0.4,1.6,4.0,4.0,4.0,0.0,0.0,0.0,0.0,0.0,0.0,0.0,4.0,4.0,4.0,0.0,0.0
20,4,5,5,0.5,0.2,0.3,dense,True,20,20,20,4,5,5,20,Independent shard-aware composition diagnostic,validity_full_harmful_sequence_per_prompt,radius_derived,5,"0,10,20,30,40",0.05,0.0,0.25,0.05,0.2,0.95,0.75,1.0,0.19999999999999996,0.050000000000000044,12.25,8.25,18.25,4.0,6.0,12.3,8.0,18.0,4.300000000000001,5.699999999999999,9.4,7.0,13.0,2.4000000000000004,3.5999999999999996,15.0,10.0,24.0,5.0,9.0,0.2,0.0,1.0,0.2,0.8,4.0,4.0,4.0,0.0,0.0,0.0,0.0,0.0,0.0,0.0,4.0,4.0,4.0,0.0,0.0
