K,N,L,T,delta_stab,delta_val,target_bias,seed,influence_mode,stability_competitor_mode,runtime_gurobi_total,row_stability,row_stability_status,row_stability_is_optimal,row_stability_lower_bound,row_stability_upper_bound,row_stability_mip_gap,column_stability,column_stability_status,column_stability_is_optimal,column_stability_lower_bound,column_stability_upper_bound,column_stability_mip_gap,row_col_stab_q1_r1,row_col_stab_q1_r1_status,row_col_stab_q1_r1_is_optimal,row_col_stab_q1_r1_lower_bound,row_col_stab_q1_r1_upper_bound,row_col_stab_q1_r1_mip_gap,row_col_stab_q1_rL,row_col_stab_q1_rL_status,row_col_stab_q1_rL_is_optimal,row_col_stab_q1_rL_lower_bound,row_col_stab_q1_rL_upper_bound,row_col_stab_q1_rL_mip_gap,row_col_stab_qN_r1,row_col_stab_qN_r1_status,row_col_stab_qN_r1_is_optimal,row_col_stab_qN_r1_lower_bound,row_col_stab_qN_r1_upper_bound,row_col_stab_qN_r1_mip_gap,row_col_stab_qN_rL,row_col_stab_qN_rL_status,row_col_stab_qN_rL_is_optimal,row_col_stab_qN_rL_lower_bound,row_col_stab_qN_rL_upper_bound,row_col_stab_qN_rL_mip_gap,row_validity,row_validity_status,row_validity_is_optimal,row_validity_lower_bound,row_validity_upper_bound,row_validity_mip_gap,column_validity_full_column,column_validity_full_column_status,column_validity_full_column_is_optimal,column_validity_full_column_lower_bound,column_validity_full_column_upper_bound,column_validity_full_column_mip_gap,row_col_val_q1,row_col_val_q1_status,row_col_val_q1_is_optimal,row_col_val_q1_lower_bound,row_col_val_q1_upper_bound,row_col_val_q1_mip_gap,row_col_val_qN,row_col_val_qN_status,row_col_val_qN_is_optimal,row_col_val_qN_lower_bound,row_col_val_qN_upper_bound,row_col_val_qN_mip_gap,raw_dpa_stab_min_cell,dpa_stab_cell_min,dpa_stab_row_radius_q1,dpa_stab_row_radius_qN,dpa_val_cell_min,dpa_val_row_weak_q1,dpa_val_row_weak_qN,raw_dpa_val_min_cell,tpa_val_cell_min,tpa_val_sequence_q1,tpa_val_sequence_qN,tpa_val_sequence_mean,independent_stab_full_row_q1,independent_stab_full_row_qN,independent_stab_qN_rL,independent_val_sequence_q1,independent_val_sequence_qN,independent_val_q1,independent_val_qN,phrase_dpa_val_q1,phrase_dpa_val_qN,phrase_independent_val_q1,phrase_independent_val_qN
4,2,2,4,0.0,0.0,0.1,0,dense,runner_up,0.098367,2,OPTIMAL,True,2.0,2.0,0.0,2,OPTIMAL,True,2.0,2.0,0.0,2,OPTIMAL,True,2.0,2.0,0.0,2,OPTIMAL,True,2.0,2.0,0.0,2,OPTIMAL,True,2.0,2.0,0.0,2,OPTIMAL,True,2.0,2.0,0.0,2,OPTIMAL,True,2.0,2.0,0.0,2,OPTIMAL,True,2.0,2.0,0.0,2,OPTIMAL,True,2.0,2.0,0.0,2,OPTIMAL,True,2.0,2.0,0.0,2,2,2,2,1,1,1,1,1,2,2,2.0,4,8,8,3,6,3,6,2,2,2,4
4,2,2,4,0.0,0.0,0.3,0,dense,runner_up,0.094770,2,OPTIMAL,True,2.0,2.0,0.0,2,OPTIMAL,True,2.0,2.0,0.0,2,OPTIMAL,True,2.0,2.0,0.0,2,OPTIMAL,True,2.0,2.0,0.0,2,OPTIMAL,True,2.0,2.0,0.0,2,OPTIMAL,True,2.0,2.0,0.0,1,OPTIMAL,True,1.0,1.0,0.0,1,OPTIMAL,True,1.0,1.0,0.0,1,OPTIMAL,True,1.0,1.0,0.0,1,OPTIMAL,True,1.0,1.0,0.0,2,2,2,2,0,0,1,0,0,1,1,1.0,4,8,8,1,3,1,3,1,1,1,2
4,2,2,4,0.0,0.2,0.1,0,dense,runner_up,0.093743,2,OPTIMAL,True,2.0,2.0,0.0,2,OPTIMAL,True,2.0,2.0,0.0,2,OPTIMAL,True,2.0,2.0,0.0,2,OPTIMAL,True,2.0,2.0,0.0,2,OPTIMAL,True,2.0,2.0,0.0,2,OPTIMAL,True,2.0,2.0,0.0,1,OPTIMAL,True,1.0,1.0,0.0,1,OPTIMAL,True,1.0,1.0,0.0,1,OPTIMAL,True,1.0,1.0,0.0,2,OPTIMAL,True,2.0,2.0,0.0,2,2,2,2,1,1,1,1,1,1,2,1.5,4,8,8,2,5,2,5,1,2,1,3
4,2,2,4,0.0,0.2,0.3,0,dense,runner_up,0.094838,2,OPTIMAL,True,2.0,2.0,0.0,2,OPTIMAL,True,2.0,2.0,0.0,2,OPTIMAL,True,2.0,2.0,0.0,2,OPTIMAL,True,2.0,2.0,0.0,2,OPTIMAL,True,2.0,2.0,0.0,2,OPTIMAL,True,2.0,2.0,0.0,1,OPTIMAL,True,1.0,1.0,0.0,1,OPTIMAL,True,1.0,1.0,0.0,1,OPTIMAL,True,1.0,1.0,0.0,1,OPTIMAL,True,1.0,1.0,0.0,2,2,2,2,0,0,1,0,0,1,1,1.0,4,8,8,1,3,1,3,1,1,1,2
4,2,2,4,0.2,0.0,0.1,0,dense,runner_up,0.092732,1,OPTIMAL,True,1.0,1.0,0.0,1,OPTIMAL,True,1.0,1.0,0.0,1,OPTIMAL,True,1.0,1.0,0.0,1,OPTIMAL,True,1.0,1.0,0.0,1,OPTIMAL,True,1.0,1.0,0.0,2,OPTIMAL,True,2.0,2.0,0.0,1,OPTIMAL,True,1.0,1.0,0.0,2,OPTIMAL,True,2.0,2.0,0.0,1,OPTIMAL,True,1.0,1.0,0.0,2,OPTIMAL,True,2.0,2.0,0.0,1,1,1,1,1,1,2,1,1,1,2,1.5,2,5,5,2,6,2,6,1,2,1,3
4,2,2,4,0.2,0.0,0.3,0,dense,runner_up,0.093734,1,OPTIMAL,True,1.0,1.0,0.0,1,OPTIMAL,True,1.0,1.0,0.0,1,OPTIMAL,True,1.0,1.0,0.0,1,OPTIMAL,True,1.0,1.0,0.0,1,OPTIMAL,True,1.0,1.0,0.0,2,OPTIMAL,True,2.0,2.0,0.0,1,OPTIMAL,True,1.0,1.0,0.0,1,OPTIMAL,True,1.0,1.0,0.0,1,OPTIMAL,True,1.0,1.0,0.0,2,OPTIMAL,True,2.0,2.0,0.0,1,1,1,1,0,0,0,0,0,1,2,1.5,2,5,5,1,3,1,3,1,2,1,3
4,2,2,4,0.2,0.2,0.1,0,dense,runner_up,0.093604,1,OPTIMAL,True,1.0,1.0,0.0,1,OPTIMAL,True,1.0,1.0,0.0,1,OPTIMAL,True,1.0,1.0,0.0,1,OPTIMAL,True,1.0,1.0,0.0,1,OPTIMAL,True,1.0,1.0,0.0,2,OPTIMAL,True,2.0,2.0,0.0,1,OPTIMAL,True,1.0,1.0,0.0,1,OPTIMAL,True,1.0,1.0,0.0,1,OPTIMAL,True,1.0,1.0,0.0,2,OPTIMAL,True,2.0,2.0,0.0,1,1,1,1,0,0,1,0,0,1,2,1.5,2,5,5,1,4,1,4,1,2,1,3
4,2,2,4,0.2,0.2,0.3,0,dense,runner_up,0.093248,1,OPTIMAL,True,1.0,1.0,0.0,1,OPTIMAL,True,1.0,1.0,0.0,1,OPTIMAL,True,1.0,1.0,0.0,1,OPTIMAL,True,1.0,1.0,0.0,1,OPTIMAL,True,1.0,1.0,0.0,2,OPTIMAL,True,2.0,2.0,0.0,1,OPTIMAL,True,1.0,1.0,0.0,1,OPTIMAL,True,1.0,1.0,0.0,1,OPTIMAL,True,1.0,1.0,0.0,2,OPTIMAL,True,2.0,2.0,0.0,1,1,1,1,0,0,0,0,0,1,2,1.5,2,5,5,1,3,1,3,0,2,0,2
4,2,2,6,0.0,0.0,0.1,0,dense,runner_up,0.095605,2,OPTIMAL,True,2.0,2.0,0.0,2,OPTIMAL,True,2.0,2.0,0.0,2,OPTIMAL,True,2.0,2.0,0.0,2,OPTIMAL,True,2.0,2.0,0.0,2,OPTIMAL,True,2.0,2.0,0.0,2,OPTIMAL,True,2.0,2.0,0.0,2,OPTIMAL,True,2.0,2.0,0.0,2,OPTIMAL,True,2.0,2.0,0.0,2,OPTIMAL,True,2.0,2.0,0.0,2,OPTIMAL,True,2.0,2.0,0.0,2,2,2,2,1,1,1,1,1,2,2,2.0,4,8,8,3,6,3,6,2,2,2,4
4,2,2,6,0.0,0.0,0.3,0,dense,runner_up,0.095230,2,OPTIMAL,True,2.0,2.0,0.0,2,OPTIMAL,True,2.0,2.0,0.0,2,OPTIMAL,True,2.0,2.0,0.0,2,OPTIMAL,True,2.0,2.0,0.0,2,OPTIMAL,True,2.0,2.0,0.0,2,OPTIMAL,True,2.0,2.0,0.0,1,OPTIMAL,True,1.0,1.0,0.0,1,OPTIMAL,True,1.0,1.0,0.0,1,OPTIMAL,True,1.0,1.0,0.0,1,OPTIMAL,True,1.0,1.0,0.0,2,2,2,2,0,0,1,0,0,1,1,1.0,4,8,8,1,3,1,3,1,1,1,2
4,2,2,6,0.0,0.2,0.1,0,dense,runner_up,0.096036,2,OPTIMAL,True,2.0,2.0,0.0,2,OPTIMAL,True,2.0,2.0,0.0,2,OPTIMAL,True,2.0,2.0,0.0,2,OPTIMAL,True,2.0,2.0,0.0,2,OPTIMAL,True,2.0,2.0,0.0,2,OPTIMAL,True,2.0,2.0,0.0,1,OPTIMAL,True,1.0,1.0,0.0,1,OPTIMAL,True,1.0,1.0,0.0,1,OPTIMAL,True,1.0,1.0,0.0,2,OPTIMAL,True,2.0,2.0,0.0,2,2,2,2,1,1,1,1,1,1,2,1.5,4,8,8,2,5,2,5,1,2,1,3
4,2,2,6,0.0,0.2,0.3,0,dense,runner_up,0.095284,2,OPTIMAL,True,2.0,2.0,0.0,2,OPTIMAL,True,2.0,2.0,0.0,2,OPTIMAL,True,2.0,2.0,0.0,2,OPTIMAL,True,2.0,2.0,0.0,2,OPTIMAL,True,2.0,2.0,0.0,2,OPTIMAL,True,2.0,2.0,0.0,1,OPTIMAL,True,1.0,1.0,0.0,1,OPTIMAL,True,1.0,1.0,0.0,1,OPTIMAL,True,1.0,1.0,0.0,1,OPTIMAL,True,1.0,1.0,0.0,2,2,2,2,0,0,1,0,0,1,1,1.0,4,8,8,1,3,1,3,1,1,1,2
4,2,2,6,0.2,0.0,0.1,0,dense,runner_up,0.095007,1,OPTIMAL,True,1.0,1.0,0.0,1,OPTIMAL,True,1.0,1.0,0.0,1,OPTIMAL,True,1.0,1.0,0.0,1,OPTIMAL,True,1.0,1.0,0.0,1,OPTIMAL,True,1.0,1.0,0.0,2,OPTIMAL,True,2.0,2.0,0.0,1,OPTIMAL,True,1.0,1.0,0.0,2,OPTIMAL,True,2.0,2.0,0.0,1,OPTIMAL,True,1.0,1.0,0.0,2,OPTIMAL,True,2.0,2.0,0.0,1,1,1,1,1,1,2,1,1,1,2,1.5,2,5,5,2,6,2,6,1,2,1,3
4,2,2,6,0.2,0.0,0.3,0,dense,runner_up,0.095092,1,OPTIMAL,True,1.0,1.0,0.0,1,OPTIMAL,True,1.0,1.0,0.0,1,OPTIMAL,True,1.0,1.0,0.0,1,OPTIMAL,True,1.0,1.0,0.0,1,OPTIMAL,True,1.0,1.0,0.0,2,OPTIMAL,True,2.0,2.0,0.0,1,OPTIMAL,True,1.0,1.0,0.0,1,OPTIMAL,True,1.0,1.0,0.0,1,OPTIMAL,True,1.0,1.0,0.0,2,OPTIMAL,True,2.0,2.0,0.0,1,1,1,1,0,0,0,0,0,1,2,1.5,2,5,5,1,3,1,3,1,2,1,3
4,2,2,6,0.2,0.2,0.1,0,dense,runner_up,0.094531,1,OPTIMAL,True,1.0,1.0,0.0,1,OPTIMAL,True,1.0,1.0,0.0,1,OPTIMAL,True,1.0,1.0,0.0,1,OPTIMAL,True,1.0,1.0,0.0,1,OPTIMAL,True,1.0,1.0,0.0,2,OPTIMAL,True,2.0,2.0,0.0,0,OPTIMAL,True,0.0,0.0,0.0,2,OPTIMAL,True,2.0,2.0,0.0,0,OPTIMAL,True,0.0,0.0,0.0,2,OPTIMAL,True,2.0,2.0,0.0,1,1,1,1,0,0,2,0,0,0,2,1.0,2,5,5,0,4,0,4,0,2,0,2
4,2,2,6,0.2,0.2,0.3,0,dense,runner_up,0.094862,1,OPTIMAL,True,1.0,1.0,0.0,1,OPTIMAL,True,1.0,1.0,0.0,1,OPTIMAL,True,1.0,1.0,0.0,1,OPTIMAL,True,1.0,1.0,0.0,1,OPTIMAL,True,1.0,1.0,0.0,2,OPTIMAL,True,2.0,2.0,0.0,0,OPTIMAL,True,0.0,0.0,0.0,0,OPTIMAL,True,0.0,0.0,0.0,0,OPTIMAL,True,0.0,0.0,0.0,2,OPTIMAL,True,2.0,2.0,0.0,1,1,1,1,0,0,0,0,0,0,2,1.0,2,5,5,0,2,0,2,0,2,0,2
4,2,2,8,0.0,0.0,0.1,0,dense,runner_up,0.098462,2,OPTIMAL,True,2.0,2.0,0.0,2,OPTIMAL,True,2.0,2.0,0.0,2,OPTIMAL,True,2.0,2.0,0.0,2,OPTIMAL,True,2.0,2.0,0.0,2,OPTIMAL,True,2.0,2.0,0.0,2,OPTIMAL,True,2.0,2.0,0.0,2,OPTIMAL,True,2.0,2.0,0.0,2,OPTIMAL,True,2.0,2.0,0.0,2,OPTIMAL,True,2.0,2.0,0.0,2,OPTIMAL,True,2.0,2.0,0.0,2,2,2,2,1,1,1,1,1,2,2,2.0,4,8,8,3,6,3,6,2,2,2,4
4,2,2,8,0.0,0.0,0.3,0,dense,runner_up,0.097248,2,OPTIMAL,True,2.0,2.0,0.0,2,OPTIMAL,True,2.0,2.0,0.0,2,OPTIMAL,True,2.0,2.0,0.0,2,OPTIMAL,True,2.0,2.0,0.0,2,OPTIMAL,True,2.0,2.0,0.0,2,OPTIMAL,True,2.0,2.0,0.0,1,OPTIMAL,True,1.0,1.0,0.0,1,OPTIMAL,True,1.0,1.0,0.0,1,OPTIMAL,True,1.0,1.0,0.0,1,OPTIMAL,True,1.0,1.0,0.0,2,2,2,2,0,0,1,0,0,1,1,1.0,4,8,8,1,3,1,3,1,1,1,2
4,2,2,8,0.0,0.2,0.1,0,dense,runner_up,0.115679,2,OPTIMAL,True,2.0,2.0,0.0,2,OPTIMAL,True,2.0,2.0,0.0,2,OPTIMAL,True,2.0,2.0,0.0,2,OPTIMAL,True,2.0,2.0,0.0,2,OPTIMAL,True,2.0,2.0,0.0,2,OPTIMAL,True,2.0,2.0,0.0,2,OPTIMAL,True,2.0,2.0,0.0,2,OPTIMAL,True,2.0,2.0,0.0,2,OPTIMAL,True,2.0,2.0,0.0,2,OPTIMAL,True,2.0,2.0,0.0,2,2,2,2,1,1,1,1,1,2,2,2.0,4,8,8,3,6,3,6,1,2,1,3
4,2,2,8,0.0,0.2,0.3,0,dense,runner_up,0.097417,2,OPTIMAL,True,2.0,2.0,0.0,2,OPTIMAL,True,2.0,2.0,0.0,2,OPTIMAL,True,2.0,2.0,0.0,2,OPTIMAL,True,2.0,2.0,0.0,2,OPTIMAL,True,2.0,2.0,0.0,2,OPTIMAL,True,2.0,2.0,0.0,1,OPTIMAL,True,1.0,1.0,0.0,1,OPTIMAL,True,1.0,1.0,0.0,1,OPTIMAL,True,1.0,1.0,0.0,1,OPTIMAL,True,1.0,1.0,0.0,2,2,2,2,0,0,1,0,0,1,1,1.0,4,8,8,1,3,1,3,1,1,1,2
4,2,2,8,0.2,0.0,0.1,0,dense,runner_up,0.096795,1,OPTIMAL,True,1.0,1.0,0.0,1,OPTIMAL,True,1.0,1.0,0.0,1,OPTIMAL,True,1.0,1.0,0.0,1,OPTIMAL,True,1.0,1.0,0.0,1,OPTIMAL,True,1.0,1.0,0.0,2,OPTIMAL,True,2.0,2.0,0.0,1,OPTIMAL,True,1.0,1.0,0.0,2,OPTIMAL,True,2.0,2.0,0.0,1,OPTIMAL,True,1.0,1.0,0.0,2,OPTIMAL,True,2.0,2.0,0.0,1,1,1,1,1,1,2,1,1,1,2,1.5,2,5,5,2,6,2,6,1,2,1,3
4,2,2,8,0.2,0.0,0.3,0,dense,runner_up,0.096185,1,OPTIMAL,True,1.0,1.0,0.0,1,OPTIMAL,True,1.0,1.0,0.0,1,OPTIMAL,True,1.0,1.0,0.0,1,OPTIMAL,True,1.0,1.0,0.0,1,OPTIMAL,True,1.0,1.0,0.0,2,OPTIMAL,True,2.0,2.0,0.0,1,OPTIMAL,True,1.0,1.0,0.0,1,OPTIMAL,True,1.0,1.0,0.0,1,OPTIMAL,True,1.0,1.0,0.0,2,OPTIMAL,True,2.0,2.0,0.0,1,1,1,1,0,0,0,0,0,1,2,1.5,2,5,5,1,3,1,3,1,2,1,3
4,2,2,8,0.2,0.2,0.1,0,dense,runner_up,0.095703,1,OPTIMAL,True,1.0,1.0,0.0,1,OPTIMAL,True,1.0,1.0,0.0,1,OPTIMAL,True,1.0,1.0,0.0,1,OPTIMAL,True,1.0,1.0,0.0,1,OPTIMAL,True,1.0,1.0,0.0,2,OPTIMAL,True,2.0,2.0,0.0,0,OPTIMAL,True,0.0,0.0,0.0,2,OPTIMAL,True,2.0,2.0,0.0,0,OPTIMAL,True,0.0,0.0,0.0,2,OPTIMAL,True,2.0,2.0,0.0,1,1,1,1,0,0,2,0,0,0,2,1.0,2,5,5,0,4,0,4,0,2,0,2
4,2,2,8,0.2,0.2,0.3,0,dense,runner_up,0.096450,1,OPTIMAL,True,1.0,1.0,0.0,1,OPTIMAL,True,1.0,1.0,0.0,1,OPTIMAL,True,1.0,1.0,0.0,1,OPTIMAL,True,1.0,1.0,0.0,1,OPTIMAL,True,1.0,1.0,0.0,2,OPTIMAL,True,2.0,2.0,0.0,0,OPTIMAL,True,0.0,0.0,0.0,0,OPTIMAL,True,0.0,0.0,0.0,0,OPTIMAL,True,0.0,0.0,0.0,2,OPTIMAL,True,2.0,2.0,0.0,1,1,1,1,0,0,0,0,0,0,2,1.0,2,5,5,0,2,0,2,0,2,0,2
4,2,3,4,0.0,0.0,0.1,0,dense,runner_up,0.098987,2,OPTIMAL,True,2.0,2.0,0.0,2,OPTIMAL,True,2.0,2.0,0.0,2,OPTIMAL,True,2.0,2.0,0.0,2,OPTIMAL,True,2.0,2.0,0.0,2,OPTIMAL,True,2.0,2.0,0.0,2,OPTIMAL,True,2.0,2.0,0.0,2,OPTIMAL,True,2.0,2.0,0.0,2,OPTIMAL,True,2.0,2.0,0.0,2,OPTIMAL,True,2.0,2.0,0.0,2,OPTIMAL,True,2.0,2.0,0.0,2,2,2,2,1,1,1,1,1,2,2,2.0,6,12,12,5,10,5,10,2,2,2,4
4,2,3,4,0.0,0.0,0.3,0,dense,runner_up,0.096579,2,OPTIMAL,True,2.0,2.0,0.0,2,OPTIMAL,True,2.0,2.0,0.0,2,OPTIMAL,True,2.0,2.0,0.0,2,OPTIMAL,True,2.0,2.0,0.0,2,OPTIMAL,True,2.0,2.0,0.0,2,OPTIMAL,True,2.0,2.0,0.0,2,OPTIMAL,True,2.0,2.0,0.0,1,OPTIMAL,True,1.0,1.0,0.0,2,OPTIMAL,True,2.0,2.0,0.0,2,OPTIMAL,True,2.0,2.0,0.0,2,2,2,2,0,0,1,0,0,2,2,2.0,6,12,12,2,6,2,6,1,1,1,2
4,2,3,4,0.0,0.2,0.1,0,dense,runner_up,0.096935,2,OPTIMAL,True,2.0,2.0,0.0,2,OPTIMAL,True,2.0,2.0,0.0,2,OPTIMAL,True,2.0,2.0,0.0,2,OPTIMAL,True,2.0,2.0,0.0,2,OPTIMAL,True,2.0,2.0,0.0,2,OPTIMAL,True,2.0,2.0,0.0,2,OPTIMAL,True,2.0,2.0,0.0,1,OPTIMAL,True,1.0,1.0,0.0,2,OPTIMAL,True,2.0,2.0,0.0,2,OPTIMAL,True,2.0,2.0,0.0,2,2,2,2,0,0,0,0,0,2,2,2.0,6,12,12,3,7,3,7,1,1,1,2
4,2,3,4,0.0,0.2,0.3,0,dense,runner_up,0.097899,2,OPTIMAL,True,2.0,2.0,0.0,2,OPTIMAL,True,2.0,2.0,0.0,2,OPTIMAL,True,2.0,2.0,0.0,2,OPTIMAL,True,2.0,2.0,0.0,2,OPTIMAL,True,2.0,2.0,0.0,2,OPTIMAL,True,2.0,2.0,0.0,1,OPTIMAL,True,1.0,1.0,0.0,1,OPTIMAL,True,1.0,1.0,0.0,1,OPTIMAL,True,1.0,1.0,0.0,2,OPTIMAL,True,2.0,2.0,0.0,2,2,2,2,0,0,0,0,0,1,2,1.5,6,12,12,1,4,1,4,0,1,0,1
4,2,3,4,0.2,0.0,0.1,0,dense,runner_up,0.098605,1,OPTIMAL,True,1.0,1.0,0.0,1,OPTIMAL,True,1.0,1.0,0.0,1,OPTIMAL,True,1.0,1.0,0.0,1,OPTIMAL,True,1.0,1.0,0.0,1,OPTIMAL,True,1.0,1.0,0.0,2,OPTIMAL,True,2.0,2.0,0.0,2,OPTIMAL,True,2.0,2.0,0.0,1,OPTIMAL,True,1.0,1.0,0.0,2,OPTIMAL,True,2.0,2.0,0.0,2,OPTIMAL,True,2.0,2.0,0.0,1,1,1,1,0,0,1,0,0,2,2,2.0,3,8,8,4,9,4,9,2,2,2,4
4,2,3,4,0.2,0.0,0.3,0,dense,runner_up,0.095600,1,OPTIMAL,True,1.0,1.0,0.0,1,OPTIMAL,True,1.0,1.0,0.0,1,OPTIMAL,True,1.0,1.0,0.0,1,OPTIMAL,True,1.0,1.0,0.0,1,OPTIMAL,True,1.0,1.0,0.0,2,OPTIMAL,True,2.0,2.0,0.0,2,OPTIMAL,True,2.0,2.0,0.0,0,OPTIMAL,True,0.0,0.0,0.0,2,OPTIMAL,True,2.0,2.0,0.0,2,OPTIMAL,True,2.0,2.0,0.0,1,1,1,1,0,0,0,0,0,2,2,2.0,3,8,8,2,5,2,5,1,1,1,2
4,2,3,4,0.2,0.2,0.1,0,dense,runner_up,0.096288,1,OPTIMAL,True,1.0,1.0,0.0,1,OPTIMAL,True,1.0,1.0,0.0,1,OPTIMAL,True,1.0,1.0,0.0,1,OPTIMAL,True,1.0,1.0,0.0,1,OPTIMAL,True,1.0,1.0,0.0,2,OPTIMAL,True,2.0,2.0,0.0,2,OPTIMAL,True,2.0,2.0,0.0,1,OPTIMAL,True,1.0,1.0,0.0,2,OPTIMAL,True,2.0,2.0,0.0,2,OPTIMAL,True,2.0,2.0,0.0,1,1,1,1,0,0,1,0,0,2,2,2.0,3,8,8,4,9,4,9,1,1,1,2
4,2,3,4,0.2,0.2,0.3,0,dense,runner_up,0.098342,1,OPTIMAL,True,1.0,1.0,0.0,1,OPTIMAL,True,1.0,1.0,0.0,1,OPTIMAL,True,1.0,1.0,0.0,1,OPTIMAL,True,1.0,1.0,0.0,1,OPTIMAL,True,1.0,1.0,0.0,2,OPTIMAL,True,2.0,2.0,0.0,2,OPTIMAL,True,2.0,2.0,0.0,0,OPTIMAL,True,0.0,0.0,0.0,2,OPTIMAL,True,2.0,2.0,0.0,2,OPTIMAL,True,2.0,2.0,0.0,1,1,1,1,0,0,0,0,0,2,2,2.0,3,8,8,2,5,2,5,1,1,1,2
4,2,3,6,0.0,0.0,0.1,0,dense,runner_up,0.099566,2,OPTIMAL,True,2.0,2.0,0.0,2,OPTIMAL,True,2.0,2.0,0.0,2,OPTIMAL,True,2.0,2.0,0.0,2,OPTIMAL,True,2.0,2.0,0.0,2,OPTIMAL,True,2.0,2.0,0.0,2,OPTIMAL,True,2.0,2.0,0.0,2,OPTIMAL,True,2.0,2.0,0.0,2,OPTIMAL,True,2.0,2.0,0.0,2,OPTIMAL,True,2.0,2.0,0.0,2,OPTIMAL,True,2.0,2.0,0.0,2,2,2,2,1,1,1,1,1,2,2,2.0,6,12,12,5,10,5,10,2,2,2,4
4,2,3,6,0.0,0.0,0.3,0,dense,runner_up,0.100923,2,OPTIMAL,True,2.0,2.0,0.0,2,OPTIMAL,True,2.0,2.0,0.0,2,OPTIMAL,True,2.0,2.0,0.0,2,OPTIMAL,True,2.0,2.0,0.0,2,OPTIMAL,True,2.0,2.0,0.0,2,OPTIMAL,True,2.0,2.0,0.0,2,OPTIMAL,True,2.0,2.0,0.0,1,OPTIMAL,True,1.0,1.0,0.0,2,OPTIMAL,True,2.0,2.0,0.0,2,OPTIMAL,True,2.0,2.0,0.0,2,2,2,2,0,0,1,0,0,2,2,2.0,6,12,12,2,6,2,6,1,1,1,2
4,2,3,6,0.0,0.2,0.1,0,dense,runner_up,0.100094,2,OPTIMAL,True,2.0,2.0,0.0,2,OPTIMAL,True,2.0,2.0,0.0,2,OPTIMAL,True,2.0,2.0,0.0,2,OPTIMAL,True,2.0,2.0,0.0,2,OPTIMAL,True,2.0,2.0,0.0,2,OPTIMAL,True,2.0,2.0,0.0,2,OPTIMAL,True,2.0,2.0,0.0,1,OPTIMAL,True,1.0,1.0,0.0,2,OPTIMAL,True,2.0,2.0,0.0,2,OPTIMAL,True,2.0,2.0,0.0,2,2,2,2,0,0,0,0,0,2,2,2.0,6,12,12,3,7,3,7,1,1,1,2
4,2,3,6,0.0,0.2,0.3,0,dense,runner_up,0.099096,2,OPTIMAL,True,2.0,2.0,0.0,2,OPTIMAL,True,2.0,2.0,0.0,2,OPTIMAL,True,2.0,2.0,0.0,2,OPTIMAL,True,2.0,2.0,0.0,2,OPTIMAL,True,2.0,2.0,0.0,2,OPTIMAL,True,2.0,2.0,0.0,1,OPTIMAL,True,1.0,1.0,0.0,1,OPTIMAL,True,1.0,1.0,0.0,1,OPTIMAL,True,1.0,1.0,0.0,2,OPTIMAL,True,2.0,2.0,0.0,2,2,2,2,0,0,0,0,0,1,2,1.5,6,12,12,1,4,1,4,0,1,0,1
4,2,3,6,0.2,0.0,0.1,0,dense,runner_up,0.100187,1,OPTIMAL,True,1.0,1.0,0.0,1,OPTIMAL,True,1.0,1.0,0.0,1,OPTIMAL,True,1.0,1.0,0.0,1,OPTIMAL,True,1.0,1.0,0.0,1,OPTIMAL,True,1.0,1.0,0.0,2,OPTIMAL,True,2.0,2.0,0.0,2,OPTIMAL,True,2.0,2.0,0.0,1,OPTIMAL,True,1.0,1.0,0.0,2,OPTIMAL,True,2.0,2.0,0.0,2,OPTIMAL,True,2.0,2.0,0.0,1,1,1,1,0,0,1,0,0,2,2,2.0,3,8,8,4,9,4,9,2,2,2,4
4,2,3,6,0.2,0.0,0.3,0,dense,runner_up,0.098459,1,OPTIMAL,True,1.0,1.0,0.0,1,OPTIMAL,True,1.0,1.0,0.0,1,OPTIMAL,True,1.0,1.0,0.0,1,OPTIMAL,True,1.0,1.0,0.0,1,OPTIMAL,True,1.0,1.0,0.0,2,OPTIMAL,True,2.0,2.0,0.0,2,OPTIMAL,True,2.0,2.0,0.0,0,OPTIMAL,True,0.0,0.0,0.0,2,OPTIMAL,True,2.0,2.0,0.0,2,OPTIMAL,True,2.0,2.0,0.0,1,1,1,1,0,0,0,0,0,2,2,2.0,3,8,8,2,5,2,5,1,1,1,2
4,2,3,6,0.2,0.2,0.1,0,dense,runner_up,0.098305,1,OPTIMAL,True,1.0,1.0,0.0,1,OPTIMAL,True,1.0,1.0,0.0,1,OPTIMAL,True,1.0,1.0,0.0,1,OPTIMAL,True,1.0,1.0,0.0,1,OPTIMAL,True,1.0,1.0,0.0,2,OPTIMAL,True,2.0,2.0,0.0,2,OPTIMAL,True,2.0,2.0,0.0,1,OPTIMAL,True,1.0,1.0,0.0,2,OPTIMAL,True,2.0,2.0,0.0,2,OPTIMAL,True,2.0,2.0,0.0,1,1,1,1,0,0,1,0,0,2,2,2.0,3,8,8,3,8,3,8,1,1,1,2
4,2,3,6,0.2,0.2,0.3,0,dense,runner_up,0.098683,1,OPTIMAL,True,1.0,1.0,0.0,1,OPTIMAL,True,1.0,1.0,0.0,1,OPTIMAL,True,1.0,1.0,0.0,1,OPTIMAL,True,1.0,1.0,0.0,1,OPTIMAL,True,1.0,1.0,0.0,2,OPTIMAL,True,2.0,2.0,0.0,1,OPTIMAL,True,1.0,1.0,0.0,0,OPTIMAL,True,0.0,0.0,0.0,1,OPTIMAL,True,1.0,1.0,0.0,2,OPTIMAL,True,2.0,2.0,0.0,1,1,1,1,0,0,0,0,0,1,2,1.5,3,8,8,1,4,1,4,1,1,1,2
4,2,3,8,0.0,0.0,0.1,0,dense,runner_up,0.101750,2,OPTIMAL,True,2.0,2.0,0.0,2,OPTIMAL,True,2.0,2.0,0.0,2,OPTIMAL,True,2.0,2.0,0.0,2,OPTIMAL,True,2.0,2.0,0.0,2,OPTIMAL,True,2.0,2.0,0.0,2,OPTIMAL,True,2.0,2.0,0.0,2,OPTIMAL,True,2.0,2.0,0.0,2,OPTIMAL,True,2.0,2.0,0.0,2,OPTIMAL,True,2.0,2.0,0.0,2,OPTIMAL,True,2.0,2.0,0.0,2,2,2,2,1,1,1,1,1,2,2,2.0,6,12,12,5,10,5,10,2,2,2,4
4,2,3,8,0.0,0.0,0.3,0,dense,runner_up,0.101270,2,OPTIMAL,True,2.0,2.0,0.0,2,OPTIMAL,True,2.0,2.0,0.0,2,OPTIMAL,True,2.0,2.0,0.0,2,OPTIMAL,True,2.0,2.0,0.0,2,OPTIMAL,True,2.0,2.0,0.0,2,OPTIMAL,True,2.0,2.0,0.0,2,OPTIMAL,True,2.0,2.0,0.0,1,OPTIMAL,True,1.0,1.0,0.0,2,OPTIMAL,True,2.0,2.0,0.0,2,OPTIMAL,True,2.0,2.0,0.0,2,2,2,2,0,0,1,0,0,2,2,2.0,6,12,12,2,6,2,6,1,1,1,2
4,2,3,8,0.0,0.2,0.1,0,dense,runner_up,0.100676,2,OPTIMAL,True,2.0,2.0,0.0,2,OPTIMAL,True,2.0,2.0,0.0,2,OPTIMAL,True,2.0,2.0,0.0,2,OPTIMAL,True,2.0,2.0,0.0,2,OPTIMAL,True,2.0,2.0,0.0,2,OPTIMAL,True,2.0,2.0,0.0,2,OPTIMAL,True,2.0,2.0,0.0,2,OPTIMAL,True,2.0,2.0,0.0,2,OPTIMAL,True,2.0,2.0,0.0,2,OPTIMAL,True,2.0,2.0,0.0,2,2,2,2,0,0,1,0,0,2,2,2.0,6,12,12,4,9,4,9,1,1,1,2
4,2,3,8,0.0,0.2,0.3,0,dense,runner_up,0.112147,2,OPTIMAL,True,2.0,2.0,0.0,2,OPTIMAL,True,2.0,2.0,0.0,2,OPTIMAL,True,2.0,2.0,0.0,2,OPTIMAL,True,2.0,2.0,0.0,2,OPTIMAL,True,2.0,2.0,0.0,2,OPTIMAL,True,2.0,2.0,0.0,2,OPTIMAL,True,2.0,2.0,0.0,1,OPTIMAL,True,1.0,1.0,0.0,2,OPTIMAL,True,2.0,2.0,0.0,2,OPTIMAL,True,2.0,2.0,0.0,2,2,2,2,0,0,0,0,0,2,2,2.0,6,12,12,2,5,2,5,1,1,1,2
4,2,3,8,0.2,0.0,0.1,0,dense,runner_up,0.101734,1,OPTIMAL,True,1.0,1.0,0.0,1,OPTIMAL,True,1.0,1.0,0.0,1,OPTIMAL,True,1.0,1.0,0.0,1,OPTIMAL,True,1.0,1.0,0.0,1,OPTIMAL,True,1.0,1.0,0.0,2,OPTIMAL,True,2.0,2.0,0.0,2,OPTIMAL,True,2.0,2.0,0.0,1,OPTIMAL,True,1.0,1.0,0.0,2,OPTIMAL,True,2.0,2.0,0.0,2,OPTIMAL,True,2.0,2.0,0.0,1,1,1,1,0,0,1,0,0,2,2,2.0,3,8,8,4,9,4,9,2,2,2,4
4,2,3,8,0.2,0.0,0.3,0,dense,runner_up,0.100153,1,OPTIMAL,True,1.0,1.0,0.0,1,OPTIMAL,True,1.0,1.0,0.0,1,OPTIMAL,True,1.0,1.0,0.0,1,OPTIMAL,True,1.0,1.0,0.0,1,OPTIMAL,True,1.0,1.0,0.0,2,OPTIMAL,True,2.0,2.0,0.0,2,OPTIMAL,True,2.0,2.0,0.0,0,OPTIMAL,True,0.0,0.0,0.0,2,OPTIMAL,True,2.0,2.0,0.0,2,OPTIMAL,True,2.0,2.0,0.0,1,1,1,1,0,0,0,0,0,2,2,2.0,3,8,8,2,5,2,5,1,1,1,2
4,2,3,8,0.2,0.2,0.1,0,dense,runner_up,0.100664,1,OPTIMAL,True,1.0,1.0,0.0,1,OPTIMAL,True,1.0,1.0,0.0,1,OPTIMAL,True,1.0,1.0,0.0,1,OPTIMAL,True,1.0,1.0,0.0,1,OPTIMAL,True,1.0,1.0,0.0,2,OPTIMAL,True,2.0,2.0,0.0,2,OPTIMAL,True,2.0,2.0,0.0,1,OPTIMAL,True,1.0,1.0,0.0,2,OPTIMAL,True,2.0,2.0,0.0,2,OPTIMAL,True,2.0,2.0,0.0,1,1,1,1,0,0,1,0,0,2,2,2.0,3,8,8,3,8,3,8,1,1,1,2
4,2,3,8,0.2,0.2,0.3,0,dense,runner_up,0.100952,1,OPTIMAL,True,1.0,1.0,0.0,1,OPTIMAL,True,1.0,1.0,0.0,1,OPTIMAL,True,1.0,1.0,0.0,1,OPTIMAL,True,1.0,1.0,0.0,1,OPTIMAL,True,1.0,1.0,0.0,2,OPTIMAL,True,2.0,2.0,0.0,1,OPTIMAL,True,1.0,1.0,0.0,0,OPTIMAL,True,0.0,0.0,0.0,1,OPTIMAL,True,1.0,1.0,0.0,2,OPTIMAL,True,2.0,2.0,0.0,1,1,1,1,0,0,0,0,0,1,2,1.5,3,8,8,1,4,1,4,1,1,1,2
4,2,4,4,0.0,0.0,0.1,0,dense,runner_up,0.100799,2,OPTIMAL,True,2.0,2.0,0.0,2,OPTIMAL,True,2.0,2.0,0.0,2,OPTIMAL,True,2.0,2.0,0.0,2,OPTIMAL,True,2.0,2.0,0.0,2,OPTIMAL,True,2.0,2.0,0.0,2,OPTIMAL,True,2.0,2.0,0.0,2,OPTIMAL,True,2.0,2.0,0.0,2,OPTIMAL,True,2.0,2.0,0.0,2,OPTIMAL,True,2.0,2.0,0.0,2,OPTIMAL,True,2.0,2.0,0.0,2,2,2,2,1,1,2,1,1,2,2,2.0,8,16,16,7,15,7,15,2,2,2,4
4,2,4,4,0.0,0.0,0.3,0,dense,runner_up,0.101267,2,OPTIMAL,True,2.0,2.0,0.0,2,OPTIMAL,True,2.0,2.0,0.0,2,OPTIMAL,True,2.0,2.0,0.0,2,OPTIMAL,True,2.0,2.0,0.0,2,OPTIMAL,True,2.0,2.0,0.0,2,OPTIMAL,True,2.0,2.0,0.0,2,OPTIMAL,True,2.0,2.0,0.0,1,OPTIMAL,True,1.0,1.0,0.0,2,OPTIMAL,True,2.0,2.0,0.0,2,OPTIMAL,True,2.0,2.0,0.0,2,2,2,2,0,0,0,0,0,2,2,2.0,8,16,16,4,9,4,9,1,1,1,2
4,2,4,4,0.0,0.2,0.1,0,dense,runner_up,0.101345,2,OPTIMAL,True,2.0,2.0,0.0,2,OPTIMAL,True,2.0,2.0,0.0,2,OPTIMAL,True,2.0,2.0,0.0,2,OPTIMAL,True,2.0,2.0,0.0,2,OPTIMAL,True,2.0,2.0,0.0,2,OPTIMAL,True,2.0,2.0,0.0,2,OPTIMAL,True,2.0,2.0,0.0,1,OPTIMAL,True,1.0,1.0,0.0,2,OPTIMAL,True,2.0,2.0,0.0,2,OPTIMAL,True,2.0,2.0,0.0,2,2,2,2,1,1,1,1,1,2,2,2.0,8,16,16,5,12,5,12,1,1,1,2
4,2,4,4,0.0,0.2,0.3,0,dense,runner_up,0.100809,2,OPTIMAL,True,2.0,2.0,0.0,2,OPTIMAL,True,2.0,2.0,0.0,2,OPTIMAL,True,2.0,2.0,0.0,2,OPTIMAL,True,2.0,2.0,0.0,2,OPTIMAL,True,2.0,2.0,0.0,2,OPTIMAL,True,2.0,2.0,0.0,2,OPTIMAL,True,2.0,2.0,0.0,1,OPTIMAL,True,1.0,1.0,0.0,2,OPTIMAL,True,2.0,2.0,0.0,2,OPTIMAL,True,2.0,2.0,0.0,2,2,2,2,0,0,0,0,0,2,2,2.0,8,16,16,3,7,3,7,1,1,1,2
4,2,4,4,0.2,0.0,0.1,0,dense,runner_up,0.102901,1,OPTIMAL,True,1.0,1.0,0.0,1,OPTIMAL,True,1.0,1.0,0.0,1,OPTIMAL,True,1.0,1.0,0.0,2,OPTIMAL,True,2.0,2.0,0.0,2,OPTIMAL,True,2.0,2.0,0.0,2,OPTIMAL,True,2.0,2.0,0.0,2,OPTIMAL,True,2.0,2.0,0.0,1,OPTIMAL,True,1.0,1.0,0.0,2,OPTIMAL,True,2.0,2.0,0.0,2,OPTIMAL,True,2.0,2.0,0.0,1,1,1,2,0,0,0,0,0,2,2,2.0,5,13,13,5,10,5,10,1,1,1,2
4,2,4,4,0.2,0.0,0.3,0,dense,runner_up,0.101939,1,OPTIMAL,True,1.0,1.0,0.0,1,OPTIMAL,True,1.0,1.0,0.0,1,OPTIMAL,True,1.0,1.0,0.0,2,OPTIMAL,True,2.0,2.0,0.0,2,OPTIMAL,True,2.0,2.0,0.0,2,OPTIMAL,True,2.0,2.0,0.0,1,OPTIMAL,True,1.0,1.0,0.0,1,OPTIMAL,True,1.0,1.0,0.0,1,OPTIMAL,True,1.0,1.0,0.0,2,OPTIMAL,True,2.0,2.0,0.0,1,1,1,2,0,0,0,0,0,1,2,1.5,5,13,13,3,7,3,7,1,1,1,2
4,2,4,4,0.2,0.2,0.1,0,dense,runner_up,0.103160,1,OPTIMAL,True,1.0,1.0,0.0,1,OPTIMAL,True,1.0,1.0,0.0,1,OPTIMAL,True,1.0,1.0,0.0,2,OPTIMAL,True,2.0,2.0,0.0,2,OPTIMAL,True,2.0,2.0,0.0,2,OPTIMAL,True,2.0,2.0,0.0,2,OPTIMAL,True,2.0,2.0,0.0,1,OPTIMAL,True,1.0,1.0,0.0,2,OPTIMAL,True,2.0,2.0,0.0,2,OPTIMAL,True,2.0,2.0,0.0,1,1,1,2,0,0,0,0,0,2,2,2.0,5,13,13,4,9,4,9,1,1,1,2
4,2,4,4,0.2,0.2,0.3,0,dense,runner_up,0.102181,1,OPTIMAL,True,1.0,1.0,0.0,1,OPTIMAL,True,1.0,1.0,0.0,1,OPTIMAL,True,1.0,1.0,0.0,2,OPTIMAL,True,2.0,2.0,0.0,2,OPTIMAL,True,2.0,2.0,0.0,2,OPTIMAL,True,2.0,2.0,0.0,1,OPTIMAL,True,1.0,1.0,0.0,1,OPTIMAL,True,1.0,1.0,0.0,1,OPTIMAL,True,1.0,1.0,0.0,2,OPTIMAL,True,2.0,2.0,0.0,1,1,1,2,0,0,0,0,0,1,2,1.5,5,13,13,3,7,3,7,1,1,1,2
4,2,4,6,0.0,0.0,0.1,0,dense,runner_up,0.102464,2,OPTIMAL,True,2.0,2.0,0.0,2,OPTIMAL,True,2.0,2.0,0.0,2,OPTIMAL,True,2.0,2.0,0.0,2,OPTIMAL,True,2.0,2.0,0.0,2,OPTIMAL,True,2.0,2.0,0.0,2,OPTIMAL,True,2.0,2.0,0.0,2,OPTIMAL,True,2.0,2.0,0.0,2,OPTIMAL,True,2.0,2.0,0.0,2,OPTIMAL,True,2.0,2.0,0.0,2,OPTIMAL,True,2.0,2.0,0.0,2,2,2,2,1,1,2,1,1,2,2,2.0,8,16,16,7,15,7,15,2,2,2,4
4,2,4,6,0.0,0.0,0.3,0,dense,runner_up,0.103478,2,OPTIMAL,True,2.0,2.0,0.0,2,OPTIMAL,True,2.0,2.0,0.0,2,OPTIMAL,True,2.0,2.0,0.0,2,OPTIMAL,True,2.0,2.0,0.0,2,OPTIMAL,True,2.0,2.0,0.0,2,OPTIMAL,True,2.0,2.0,0.0,2,OPTIMAL,True,2.0,2.0,0.0,1,OPTIMAL,True,1.0,1.0,0.0,2,OPTIMAL,True,2.0,2.0,0.0,2,OPTIMAL,True,2.0,2.0,0.0,2,2,2,2,0,0,0,0,0,2,2,2.0,8,16,16,4,9,4,9,1,1,1,2
4,2,4,6,0.0,0.2,0.1,0,dense,runner_up,0.107078,2,OPTIMAL,True,2.0,2.0,0.0,2,OPTIMAL,True,2.0,2.0,0.0,2,OPTIMAL,True,2.0,2.0,0.0,2,OPTIMAL,True,2.0,2.0,0.0,2,OPTIMAL,True,2.0,2.0,0.0,2,OPTIMAL,True,2.0,2.0,0.0,2,OPTIMAL,True,2.0,2.0,0.0,2,OPTIMAL,True,2.0,2.0,0.0,2,OPTIMAL,True,2.0,2.0,0.0,2,OPTIMAL,True,2.0,2.0,0.0,2,2,2,2,1,1,1,1,1,2,2,2.0,8,16,16,6,13,6,13,1,1,1,2
4,2,4,6,0.0,0.2,0.3,0,dense,runner_up,0.102947,2,OPTIMAL,True,2.0,2.0,0.0,2,OPTIMAL,True,2.0,2.0,0.0,2,OPTIMAL,True,2.0,2.0,0.0,2,OPTIMAL,True,2.0,2.0,0.0,2,OPTIMAL,True,2.0,2.0,0.0,2,OPTIMAL,True,2.0,2.0,0.0,2,OPTIMAL,True,2.0,2.0,0.0,1,OPTIMAL,True,1.0,1.0,0.0,2,OPTIMAL,True,2.0,2.0,0.0,2,OPTIMAL,True,2.0,2.0,0.0,2,2,2,2,0,0,0,0,0,2,2,2.0,8,16,16,3,7,3,7,1,1,1,2
4,2,4,6,0.2,0.0,0.1,0,dense,runner_up,0.105486,1,OPTIMAL,True,1.0,1.0,0.0,1,OPTIMAL,True,1.0,1.0,0.0,1,OPTIMAL,True,1.0,1.0,0.0,2,OPTIMAL,True,2.0,2.0,0.0,2,OPTIMAL,True,2.0,2.0,0.0,2,OPTIMAL,True,2.0,2.0,0.0,2,OPTIMAL,True,2.0,2.0,0.0,1,OPTIMAL,True,1.0,1.0,0.0,2,OPTIMAL,True,2.0,2.0,0.0,2,OPTIMAL,True,2.0,2.0,0.0,1,1,1,2,0,0,0,0,0,2,2,2.0,5,13,13,5,10,5,10,1,1,1,2
4,2,4,6,0.2,0.0,0.3,0,dense,runner_up,0.105085,1,OPTIMAL,True,1.0,1.0,0.0,1,OPTIMAL,True,1.0,1.0,0.0,1,OPTIMAL,True,1.0,1.0,0.0,2,OPTIMAL,True,2.0,2.0,0.0,2,OPTIMAL,True,2.0,2.0,0.0,2,OPTIMAL,True,2.0,2.0,0.0,1,OPTIMAL,True,1.0,1.0,0.0,1,OPTIMAL,True,1.0,1.0,0.0,1,OPTIMAL,True,1.0,1.0,0.0,2,OPTIMAL,True,2.0,2.0,0.0,1,1,1,2,0,0,0,0,0,1,2,1.5,5,13,13,3,7,3,7,1,1,1,2
4,2,4,6,0.2,0.2,0.1,0,dense,runner_up,0.104992,1,OPTIMAL,True,1.0,1.0,0.0,1,OPTIMAL,True,1.0,1.0,0.0,1,OPTIMAL,True,1.0,1.0,0.0,2,OPTIMAL,True,2.0,2.0,0.0,2,OPTIMAL,True,2.0,2.0,0.0,2,OPTIMAL,True,2.0,2.0,0.0,2,OPTIMAL,True,2.0,2.0,0.0,1,OPTIMAL,True,1.0,1.0,0.0,2,OPTIMAL,True,2.0,2.0,0.0,2,OPTIMAL,True,2.0,2.0,0.0,1,1,1,2,0,0,0,0,0,2,2,2.0,5,13,13,4,9,4,9,1,1,1,2
4,2,4,6,0.2,0.2,0.3,0,dense,runner_up,0.105150,1,OPTIMAL,True,1.0,1.0,0.0,1,OPTIMAL,True,1.0,1.0,0.0,1,OPTIMAL,True,1.0,1.0,0.0,2,OPTIMAL,True,2.0,2.0,0.0,2,OPTIMAL,True,2.0,2.0,0.0,2,OPTIMAL,True,2.0,2.0,0.0,1,OPTIMAL,True,1.0,1.0,0.0,1,OPTIMAL,True,1.0,1.0,0.0,1,OPTIMAL,True,1.0,1.0,0.0,1,OPTIMAL,True,1.0,1.0,0.0,1,1,1,2,0,0,0,0,0,1,1,1.0,5,13,13,3,6,3,6,1,1,1,2
4,2,4,8,0.0,0.0,0.1,0,dense,runner_up,0.104805,2,OPTIMAL,True,2.0,2.0,0.0,2,OPTIMAL,True,2.0,2.0,0.0,2,OPTIMAL,True,2.0,2.0,0.0,2,OPTIMAL,True,2.0,2.0,0.0,2,OPTIMAL,True,2.0,2.0,0.0,2,OPTIMAL,True,2.0,2.0,0.0,2,OPTIMAL,True,2.0,2.0,0.0,2,OPTIMAL,True,2.0,2.0,0.0,2,OPTIMAL,True,2.0,2.0,0.0,2,OPTIMAL,True,2.0,2.0,0.0,2,2,2,2,1,1,2,1,1,2,2,2.0,8,16,16,7,15,7,15,2,2,2,4
4,2,4,8,0.0,0.0,0.3,0,dense,runner_up,0.105666,2,OPTIMAL,True,2.0,2.0,0.0,2,OPTIMAL,True,2.0,2.0,0.0,2,OPTIMAL,True,2.0,2.0,0.0,2,OPTIMAL,True,2.0,2.0,0.0,2,OPTIMAL,True,2.0,2.0,0.0,2,OPTIMAL,True,2.0,2.0,0.0,2,OPTIMAL,True,2.0,2.0,0.0,1,OPTIMAL,True,1.0,1.0,0.0,2,OPTIMAL,True,2.0,2.0,0.0,2,OPTIMAL,True,2.0,2.0,0.0,2,2,2,2,0,0,0,0,0,2,2,2.0,8,16,16,4,9,4,9,1,1,1,2
4,2,4,8,0.0,0.2,0.1,0,dense,runner_up,0.108048,2,OPTIMAL,True,2.0,2.0,0.0,2,OPTIMAL,True,2.0,2.0,0.0,2,OPTIMAL,True,2.0,2.0,0.0,2,OPTIMAL,True,2.0,2.0,0.0,2,OPTIMAL,True,2.0,2.0,0.0,2,OPTIMAL,True,2.0,2.0,0.0,2,OPTIMAL,True,2.0,2.0,0.0,2,OPTIMAL,True,2.0,2.0,0.0,2,OPTIMAL,True,2.0,2.0,0.0,2,OPTIMAL,True,2.0,2.0,0.0,2,2,2,2,1,1,1,1,1,2,2,2.0,8,16,16,6,13,6,13,1,1,1,2
4,2,4,8,0.0,0.2,0.3,0,dense,runner_up,0.106380,2,OPTIMAL,True,2.0,2.0,0.0,2,OPTIMAL,True,2.0,2.0,0.0,2,OPTIMAL,True,2.0,2.0,0.0,2,OPTIMAL,True,2.0,2.0,0.0,2,OPTIMAL,True,2.0,2.0,0.0,2,OPTIMAL,True,2.0,2.0,0.0,2,OPTIMAL,True,2.0,2.0,0.0,1,OPTIMAL,True,1.0,1.0,0.0,2,OPTIMAL,True,2.0,2.0,0.0,2,OPTIMAL,True,2.0,2.0,0.0,2,2,2,2,0,0,0,0,0,2,2,2.0,8,16,16,3,7,3,7,1,1,1,2
4,2,4,8,0.2,0.0,0.1,0,dense,runner_up,0.109144,1,OPTIMAL,True,1.0,1.0,0.0,1,OPTIMAL,True,1.0,1.0,0.0,1,OPTIMAL,True,1.0,1.0,0.0,2,OPTIMAL,True,2.0,2.0,0.0,2,OPTIMAL,True,2.0,2.0,0.0,2,OPTIMAL,True,2.0,2.0,0.0,2,OPTIMAL,True,2.0,2.0,0.0,1,OPTIMAL,True,1.0,1.0,0.0,2,OPTIMAL,True,2.0,2.0,0.0,2,OPTIMAL,True,2.0,2.0,0.0,1,1,1,2,0,0,0,0,0,2,2,2.0,5,13,13,5,10,5,10,1,1,1,2
4,2,4,8,0.2,0.0,0.3,0,dense,runner_up,0.108074,1,OPTIMAL,True,1.0,1.0,0.0,1,OPTIMAL,True,1.0,1.0,0.0,1,OPTIMAL,True,1.0,1.0,0.0,2,OPTIMAL,True,2.0,2.0,0.0,2,OPTIMAL,True,2.0,2.0,0.0,2,OPTIMAL,True,2.0,2.0,0.0,1,OPTIMAL,True,1.0,1.0,0.0,1,OPTIMAL,True,1.0,1.0,0.0,1,OPTIMAL,True,1.0,1.0,0.0,2,OPTIMAL,True,2.0,2.0,0.0,1,1,1,2,0,0,0,0,0,1,2,1.5,5,13,13,3,7,3,7,1,1,1,2
4,2,4,8,0.2,0.2,0.1,0,dense,runner_up,0.108606,1,OPTIMAL,True,1.0,1.0,0.0,1,OPTIMAL,True,1.0,1.0,0.0,1,OPTIMAL,True,1.0,1.0,0.0,2,OPTIMAL,True,2.0,2.0,0.0,2,OPTIMAL,True,2.0,2.0,0.0,2,OPTIMAL,True,2.0,2.0,0.0,2,OPTIMAL,True,2.0,2.0,0.0,1,OPTIMAL,True,1.0,1.0,0.0,2,OPTIMAL,True,2.0,2.0,0.0,2,OPTIMAL,True,2.0,2.0,0.0,1,1,1,2,0,0,0,0,0,2,2,2.0,5,13,13,4,9,4,9,1,1,1,2
4,2,4,8,0.2,0.2,0.3,0,dense,runner_up,0.107458,1,OPTIMAL,True,1.0,1.0,0.0,1,OPTIMAL,True,1.0,1.0,0.0,1,OPTIMAL,True,1.0,1.0,0.0,2,OPTIMAL,True,2.0,2.0,0.0,2,OPTIMAL,True,2.0,2.0,0.0,2,OPTIMAL,True,2.0,2.0,0.0,1,OPTIMAL,True,1.0,1.0,0.0,1,OPTIMAL,True,1.0,1.0,0.0,1,OPTIMAL,True,1.0,1.0,0.0,2,OPTIMAL,True,2.0,2.0,0.0,1,1,1,2,0,0,0,0,0,1,2,1.5,5,13,13,3,7,3,7,1,1,1,2
4,2,5,4,0.0,0.0,0.1,0,dense,runner_up,0.101936,2,OPTIMAL,True,2.0,2.0,0.0,2,OPTIMAL,True,2.0,2.0,0.0,2,OPTIMAL,True,2.0,2.0,0.0,2,OPTIMAL,True,2.0,2.0,0.0,2,OPTIMAL,True,2.0,2.0,0.0,2,OPTIMAL,True,2.0,2.0,0.0,2,OPTIMAL,True,2.0,2.0,0.0,1,OPTIMAL,True,1.0,1.0,0.0,2,OPTIMAL,True,2.0,2.0,0.0,2,OPTIMAL,True,2.0,2.0,0.0,2,2,2,2,1,1,1,1,1,2,2,2.0,10,20,20,8,17,8,17,1,2,1,3
4,2,5,4,0.0,0.0,0.3,0,dense,runner_up,0.100836,2,OPTIMAL,True,2.0,2.0,0.0,2,OPTIMAL,True,2.0,2.0,0.0,2,OPTIMAL,True,2.0,2.0,0.0,2,OPTIMAL,True,2.0,2.0,0.0,2,OPTIMAL,True,2.0,2.0,0.0,2,OPTIMAL,True,2.0,2.0,0.0,1,OPTIMAL,True,1.0,1.0,0.0,0,OPTIMAL,True,0.0,0.0,0.0,1,OPTIMAL,True,1.0,1.0,0.0,2,OPTIMAL,True,2.0,2.0,0.0,2,2,2,2,0,0,0,0,0,1,2,1.5,10,20,20,2,7,2,7,1,1,1,2
4,2,5,4,0.0,0.2,0.1,0,dense,runner_up,0.102889,2,OPTIMAL,True,2.0,2.0,0.0,2,OPTIMAL,True,2.0,2.0,0.0,2,OPTIMAL,True,2.0,2.0,0.0,2,OPTIMAL,True,2.0,2.0,0.0,2,OPTIMAL,True,2.0,2.0,0.0,2,OPTIMAL,True,2.0,2.0,0.0,2,OPTIMAL,True,2.0,2.0,0.0,1,OPTIMAL,True,1.0,1.0,0.0,2,OPTIMAL,True,2.0,2.0,0.0,2,OPTIMAL,True,2.0,2.0,0.0,2,2,2,2,0,0,0,0,0,2,2,2.0,10,20,20,5,11,5,11,1,1,1,2
4,2,5,4,0.0,0.2,0.3,0,dense,runner_up,0.102178,2,OPTIMAL,True,2.0,2.0,0.0,2,OPTIMAL,True,2.0,2.0,0.0,2,OPTIMAL,True,2.0,2.0,0.0,2,OPTIMAL,True,2.0,2.0,0.0,2,OPTIMAL,True,2.0,2.0,0.0,2,OPTIMAL,True,2.0,2.0,0.0,1,OPTIMAL,True,1.0,1.0,0.0,0,OPTIMAL,True,0.0,0.0,0.0,1,OPTIMAL,True,1.0,1.0,0.0,2,OPTIMAL,True,2.0,2.0,0.0,2,2,2,2,0,0,0,0,0,1,2,1.5,10,20,20,1,5,1,5,1,1,1,2
4,2,5,4,0.2,0.0,0.1,0,dense,runner_up,0.104351,1,OPTIMAL,True,1.0,1.0,0.0,1,OPTIMAL,True,1.0,1.0,0.0,1,OPTIMAL,True,1.0,1.0,0.0,2,OPTIMAL,True,2.0,2.0,0.0,1,OPTIMAL,True,1.0,1.0,0.0,2,OPTIMAL,True,2.0,2.0,0.0,2,OPTIMAL,True,2.0,2.0,0.0,2,OPTIMAL,True,2.0,2.0,0.0,2,OPTIMAL,True,2.0,2.0,0.0,2,OPTIMAL,True,2.0,2.0,0.0,1,1,1,1,0,0,1,0,0,2,2,2.0,7,15,15,7,16,7,16,1,2,1,3
4,2,5,4,0.2,0.0,0.3,0,dense,runner_up,0.104931,1,OPTIMAL,True,1.0,1.0,0.0,1,OPTIMAL,True,1.0,1.0,0.0,1,OPTIMAL,True,1.0,1.0,0.0,2,OPTIMAL,True,2.0,2.0,0.0,1,OPTIMAL,True,1.0,1.0,0.0,2,OPTIMAL,True,2.0,2.0,0.0,2,OPTIMAL,True,2.0,2.0,0.0,1,OPTIMAL,True,1.0,1.0,0.0,2,OPTIMAL,True,2.0,2.0,0.0,2,OPTIMAL,True,2.0,2.0,0.0,1,1,1,1,0,0,0,0,0,2,2,2.0,7,15,15,4,11,4,11,1,1,1,2
4,2,5,4,0.2,0.2,0.1,0,dense,runner_up,0.105108,1,OPTIMAL,True,1.0,1.0,0.0,1,OPTIMAL,True,1.0,1.0,0.0,1,OPTIMAL,True,1.0,1.0,0.0,2,OPTIMAL,True,2.0,2.0,0.0,1,OPTIMAL,True,1.0,1.0,0.0,2,OPTIMAL,True,2.0,2.0,0.0,2,OPTIMAL,True,2.0,2.0,0.0,1,OPTIMAL,True,1.0,1.0,0.0,2,OPTIMAL,True,2.0,2.0,0.0,2,OPTIMAL,True,2.0,2.0,0.0,1,1,1,1,0,0,1,0,0,2,2,2.0,7,15,15,5,13,5,13,1,1,1,2
4,2,5,4,0.2,0.2,0.3,0,dense,runner_up,0.104711,1,OPTIMAL,True,1.0,1.0,0.0,1,OPTIMAL,True,1.0,1.0,0.0,1,OPTIMAL,True,1.0,1.0,0.0,2,OPTIMAL,True,2.0,2.0,0.0,1,OPTIMAL,True,1.0,1.0,0.0,2,OPTIMAL,True,2.0,2.0,0.0,1,OPTIMAL,True,1.0,1.0,0.0,1,OPTIMAL,True,1.0,1.0,0.0,1,OPTIMAL,True,1.0,1.0,0.0,2,OPTIMAL,True,2.0,2.0,0.0,1,1,1,1,0,0,0,0,0,1,2,1.5,7,15,15,2,8,2,8,1,1,1,2
4,2,5,6,0.0,0.0,0.1,0,dense,runner_up,0.106158,2,OPTIMAL,True,2.0,2.0,0.0,2,OPTIMAL,True,2.0,2.0,0.0,2,OPTIMAL,True,2.0,2.0,0.0,2,OPTIMAL,True,2.0,2.0,0.0,2,OPTIMAL,True,2.0,2.0,0.0,2,OPTIMAL,True,2.0,2.0,0.0,2,OPTIMAL,True,2.0,2.0,0.0,1,OPTIMAL,True,1.0,1.0,0.0,2,OPTIMAL,True,2.0,2.0,0.0,2,OPTIMAL,True,2.0,2.0,0.0,2,2,2,2,1,1,1,1,1,2,2,2.0,10,20,20,8,17,8,17,1,2,1,3
4,2,5,6,0.0,0.0,0.3,0,dense,runner_up,0.105207,2,OPTIMAL,True,2.0,2.0,0.0,2,OPTIMAL,True,2.0,2.0,0.0,2,OPTIMAL,True,2.0,2.0,0.0,2,OPTIMAL,True,2.0,2.0,0.0,2,OPTIMAL,True,2.0,2.0,0.0,2,OPTIMAL,True,2.0,2.0,0.0,1,OPTIMAL,True,1.0,1.0,0.0,0,OPTIMAL,True,0.0,0.0,0.0,1,OPTIMAL,True,1.0,1.0,0.0,2,OPTIMAL,True,2.0,2.0,0.0,2,2,2,2,0,0,0,0,0,1,2,1.5,10,20,20,2,7,2,7,1,1,1,2
4,2,5,6,0.0,0.2,0.1,0,dense,runner_up,0.106191,2,OPTIMAL,True,2.0,2.0,0.0,2,OPTIMAL,True,2.0,2.0,0.0,2,OPTIMAL,True,2.0,2.0,0.0,2,OPTIMAL,True,2.0,2.0,0.0,2,OPTIMAL,True,2.0,2.0,0.0,2,OPTIMAL,True,2.0,2.0,0.0,2,OPTIMAL,True,2.0,2.0,0.0,1,OPTIMAL,True,1.0,1.0,0.0,2,OPTIMAL,True,2.0,2.0,0.0,2,OPTIMAL,True,2.0,2.0,0.0,2,2,2,2,0,0,0,0,0,2,2,2.0,10,20,20,6,12,6,12,1,1,1,2
4,2,5,6,0.0,0.2,0.3,0,dense,runner_up,0.109552,2,OPTIMAL,True,2.0,2.0,0.0,2,OPTIMAL,True,2.0,2.0,0.0,2,OPTIMAL,True,2.0,2.0,0.0,2,OPTIMAL,True,2.0,2.0,0.0,2,OPTIMAL,True,2.0,2.0,0.0,2,OPTIMAL,True,2.0,2.0,0.0,1,OPTIMAL,True,1.0,1.0,0.0,0,OPTIMAL,True,0.0,0.0,0.0,1,OPTIMAL,True,1.0,1.0,0.0,2,OPTIMAL,True,2.0,2.0,0.0,2,2,2,2,0,0,0,0,0,1,2,1.5,10,20,20,1,5,1,5,1,1,1,2
4,2,5,6,0.2,0.0,0.1,0,dense,runner_up,0.107633,1,OPTIMAL,True,1.0,1.0,0.0,1,OPTIMAL,True,1.0,1.0,0.0,1,OPTIMAL,True,1.0,1.0,0.0,2,OPTIMAL,True,2.0,2.0,0.0,1,OPTIMAL,True,1.0,1.0,0.0,2,OPTIMAL,True,2.0,2.0,0.0,2,OPTIMAL,True,2.0,2.0,0.0,2,OPTIMAL,True,2.0,2.0,0.0,2,OPTIMAL,True,2.0,2.0,0.0,2,OPTIMAL,True,2.0,2.0,0.0,1,1,1,1,0,0,1,0,0,2,2,2.0,7,15,15,7,16,7,16,1,2,1,3
4,2,5,6,0.2,0.0,0.3,0,dense,runner_up,0.108509,1,OPTIMAL,True,1.0,1.0,0.0,1,OPTIMAL,True,1.0,1.0,0.0,1,OPTIMAL,True,1.0,1.0,0.0,2,OPTIMAL,True,2.0,2.0,0.0,1,OPTIMAL,True,1.0,1.0,0.0,2,OPTIMAL,True,2.0,2.0,0.0,2,OPTIMAL,True,2.0,2.0,0.0,1,OPTIMAL,True,1.0,1.0,0.0,2,OPTIMAL,True,2.0,2.0,0.0,2,OPTIMAL,True,2.0,2.0,0.0,1,1,1,1,0,0,0,0,0,2,2,2.0,7,15,15,4,11,4,11,1,1,1,2
4,2,5,6,0.2,0.2,0.1,0,dense,runner_up,0.108029,1,OPTIMAL,True,1.0,1.0,0.0,1,OPTIMAL,True,1.0,1.0,0.0,1,OPTIMAL,True,1.0,1.0,0.0,2,OPTIMAL,True,2.0,2.0,0.0,1,OPTIMAL,True,1.0,1.0,0.0,2,OPTIMAL,True,2.0,2.0,0.0,2,OPTIMAL,True,2.0,2.0,0.0,1,OPTIMAL,True,1.0,1.0,0.0,2,OPTIMAL,True,2.0,2.0,0.0,2,OPTIMAL,True,2.0,2.0,0.0,1,1,1,1,0,0,1,0,0,2,2,2.0,7,15,15,5,13,5,13,1,1,1,2
4,2,5,6,0.2,0.2,0.3,0,dense,runner_up,0.107091,1,OPTIMAL,True,1.0,1.0,0.0,1,OPTIMAL,True,1.0,1.0,0.0,1,OPTIMAL,True,1.0,1.0,0.0,2,OPTIMAL,True,2.0,2.0,0.0,1,OPTIMAL,True,1.0,1.0,0.0,2,OPTIMAL,True,2.0,2.0,0.0,1,OPTIMAL,True,1.0,1.0,0.0,1,OPTIMAL,True,1.0,1.0,0.0,1,OPTIMAL,True,1.0,1.0,0.0,2,OPTIMAL,True,2.0,2.0,0.0,1,1,1,1,0,0,0,0,0,1,2,1.5,7,15,15,2,8,2,8,1,1,1,2
4,2,5,8,0.0,0.0,0.1,0,dense,runner_up,0.109045,2,OPTIMAL,True,2.0,2.0,0.0,2,OPTIMAL,True,2.0,2.0,0.0,2,OPTIMAL,True,2.0,2.0,0.0,2,OPTIMAL,True,2.0,2.0,0.0,2,OPTIMAL,True,2.0,2.0,0.0,2,OPTIMAL,True,2.0,2.0,0.0,2,OPTIMAL,True,2.0,2.0,0.0,1,OPTIMAL,True,1.0,1.0,0.0,2,OPTIMAL,True,2.0,2.0,0.0,2,OPTIMAL,True,2.0,2.0,0.0,2,2,2,2,1,1,1,1,1,2,2,2.0,10,20,20,8,17,8,17,1,2,1,3
4,2,5,8,0.0,0.0,0.3,0,dense,runner_up,0.108454,2,OPTIMAL,True,2.0,2.0,0.0,2,OPTIMAL,True,2.0,2.0,0.0,2,OPTIMAL,True,2.0,2.0,0.0,2,OPTIMAL,True,2.0,2.0,0.0,2,OPTIMAL,True,2.0,2.0,0.0,2,OPTIMAL,True,2.0,2.0,0.0,1,OPTIMAL,True,1.0,1.0,0.0,0,OPTIMAL,True,0.0,0.0,0.0,1,OPTIMAL,True,1.0,1.0,0.0,2,OPTIMAL,True,2.0,2.0,0.0,2,2,2,2,0,0,0,0,0,1,2,1.5,10,20,20,2,7,2,7,1,1,1,2
4,2,5,8,0.0,0.2,0.1,0,dense,runner_up,0.109751,2,OPTIMAL,True,2.0,2.0,0.0,2,OPTIMAL,True,2.0,2.0,0.0,2,OPTIMAL,True,2.0,2.0,0.0,2,OPTIMAL,True,2.0,2.0,0.0,2,OPTIMAL,True,2.0,2.0,0.0,2,OPTIMAL,True,2.0,2.0,0.0,2,OPTIMAL,True,2.0,2.0,0.0,1,OPTIMAL,True,1.0,1.0,0.0,2,OPTIMAL,True,2.0,2.0,0.0,2,OPTIMAL,True,2.0,2.0,0.0,2,2,2,2,0,0,1,0,0,2,2,2.0,10,20,20,6,13,6,13,1,1,1,2
4,2,5,8,0.0,0.2,0.3,0,dense,runner_up,0.109934,2,OPTIMAL,True,2.0,2.0,0.0,2,OPTIMAL,True,2.0,2.0,0.0,2,OPTIMAL,True,2.0,2.0,0.0,2,OPTIMAL,True,2.0,2.0,0.0,2,OPTIMAL,True,2.0,2.0,0.0,2,OPTIMAL,True,2.0,2.0,0.0,1,OPTIMAL,True,1.0,1.0,0.0,0,OPTIMAL,True,0.0,0.0,0.0,1,OPTIMAL,True,1.0,1.0,0.0,2,OPTIMAL,True,2.0,2.0,0.0,2,2,2,2,0,0,0,0,0,1,2,1.5,10,20,20,1,5,1,5,1,1,1,2
4,2,5,8,0.2,0.0,0.1,0,dense,runner_up,0.111866,1,OPTIMAL,True,1.0,1.0,0.0,1,OPTIMAL,True,1.0,1.0,0.0,1,OPTIMAL,True,1.0,1.0,0.0,2,OPTIMAL,True,2.0,2.0,0.0,1,OPTIMAL,True,1.0,1.0,0.0,2,OPTIMAL,True,2.0,2.0,0.0,2,OPTIMAL,True,2.0,2.0,0.0,2,OPTIMAL,True,2.0,2.0,0.0,2,OPTIMAL,True,2.0,2.0,0.0,2,OPTIMAL,True,2.0,2.0,0.0,1,1,1,1,0,0,1,0,0,2,2,2.0,7,15,15,7,16,7,16,1,2,1,3
4,2,5,8,0.2,0.0,0.3,0,dense,runner_up,0.110620,1,OPTIMAL,True,1.0,1.0,0.0,1,OPTIMAL,True,1.0,1.0,0.0,1,OPTIMAL,True,1.0,1.0,0.0,2,OPTIMAL,True,2.0,2.0,0.0,1,OPTIMAL,True,1.0,1.0,0.0,2,OPTIMAL,True,2.0,2.0,0.0,2,OPTIMAL,True,2.0,2.0,0.0,1,OPTIMAL,True,1.0,1.0,0.0,2,OPTIMAL,True,2.0,2.0,0.0,2,OPTIMAL,True,2.0,2.0,0.0,1,1,1,1,0,0,0,0,0,2,2,2.0,7,15,15,4,11,4,11,1,1,1,2
4,2,5,8,0.2,0.2,0.1,0,dense,runner_up,0.111557,1,OPTIMAL,True,1.0,1.0,0.0,1,OPTIMAL,True,1.0,1.0,0.0,1,OPTIMAL,True,1.0,1.0,0.0,2,OPTIMAL,True,2.0,2.0,0.0,1,OPTIMAL,True,1.0,1.0,0.0,2,OPTIMAL,True,2.0,2.0,0.0,2,OPTIMAL,True,2.0,2.0,0.0,1,OPTIMAL,True,1.0,1.0,0.0,2,OPTIMAL,True,2.0,2.0,0.0,2,OPTIMAL,True,2.0,2.0,0.0,1,1,1,1,0,0,1,0,0,2,2,2.0,7,15,15,6,14,6,14,1,1,1,2
4,2,5,8,0.2,0.2,0.3,0,dense,runner_up,0.110959,1,OPTIMAL,True,1.0,1.0,0.0,1,OPTIMAL,True,1.0,1.0,0.0,1,OPTIMAL,True,1.0,1.0,0.0,2,OPTIMAL,True,2.0,2.0,0.0,1,OPTIMAL,True,1.0,1.0,0.0,2,OPTIMAL,True,2.0,2.0,0.0,1,OPTIMAL,True,1.0,1.0,0.0,1,OPTIMAL,True,1.0,1.0,0.0,1,OPTIMAL,True,1.0,1.0,0.0,2,OPTIMAL,True,2.0,2.0,0.0,1,1,1,1,0,0,0,0,0,1,2,1.5,7,15,15,3,9,3,9,1,1,1,2
4,3,2,4,0.0,0.0,0.1,0,dense,runner_up,0.098635,2,OPTIMAL,True,2.0,2.0,0.0,2,OPTIMAL,True,2.0,2.0,0.0,2,OPTIMAL,True,2.0,2.0,0.0,2,OPTIMAL,True,2.0,2.0,0.0,2,OPTIMAL,True,2.0,2.0,0.0,2,OPTIMAL,True,2.0,2.0,0.0,1,OPTIMAL,True,1.0,1.0,0.0,2,OPTIMAL,True,2.0,2.0,0.0,1,OPTIMAL,True,1.0,1.0,0.0,2,OPTIMAL,True,2.0,2.0,0.0,2,2,2,2,1,1,2,1,1,1,2,1.6666666666666667,4,12,12,2,10,2,10,1,2,1,5
4,3,2,4,0.0,0.0,0.3,0,dense,runner_up,0.098997,2,OPTIMAL,True,2.0,2.0,0.0,2,OPTIMAL,True,2.0,2.0,0.0,2,OPTIMAL,True,2.0,2.0,0.0,2,OPTIMAL,True,2.0,2.0,0.0,2,OPTIMAL,True,2.0,2.0,0.0,2,OPTIMAL,True,2.0,2.0,0.0,1,OPTIMAL,True,1.0,1.0,0.0,2,OPTIMAL,True,2.0,2.0,0.0,1,OPTIMAL,True,1.0,1.0,0.0,2,OPTIMAL,True,2.0,2.0,0.0,2,2,2,2,0,0,1,0,0,1,2,1.6666666666666667,4,12,12,1,6,1,6,1,2,1,5
4,3,2,4,0.0,0.2,0.1,0,dense,runner_up,0.097292,2,OPTIMAL,True,2.0,2.0,0.0,2,OPTIMAL,True,2.0,2.0,0.0,2,OPTIMAL,True,2.0,2.0,0.0,2,OPTIMAL,True,2.0,2.0,0.0,2,OPTIMAL,True,2.0,2.0,0.0,2,OPTIMAL,True,2.0,2.0,0.0,0,OPTIMAL,True,0.0,0.0,0.0,2,OPTIMAL,True,2.0,2.0,0.0,0,OPTIMAL,True,0.0,0.0,0.0,2,OPTIMAL,True,2.0,2.0,0.0,2,2,2,2,0,0,2,0,0,0,2,1.3333333333333333,4,12,12,0,7,0,7,0,2,0,4
4,3,2,4,0.0,0.2,0.3,0,dense,runner_up,0.097555,2,OPTIMAL,True,2.0,2.0,0.0,2,OPTIMAL,True,2.0,2.0,0.0,2,OPTIMAL,True,2.0,2.0,0.0,2,OPTIMAL,True,2.0,2.0,0.0,2,OPTIMAL,True,2.0,2.0,0.0,2,OPTIMAL,True,2.0,2.0,0.0,0,OPTIMAL,True,0.0,0.0,0.0,1,OPTIMAL,True,1.0,1.0,0.0,0,OPTIMAL,True,0.0,0.0,0.0,2,OPTIMAL,True,2.0,2.0,0.0,2,2,2,2,0,0,1,0,0,0,2,1.0,4,12,12,0,4,0,4,0,1,0,2
4,3,2,4,0.2,0.0,0.1,0,dense,runner_up,0.097287,1,OPTIMAL,True,1.0,1.0,0.0,1,OPTIMAL,True,1.0,1.0,0.0,1,OPTIMAL,True,1.0,1.0,0.0,1,OPTIMAL,True,1.0,1.0,0.0,2,OPTIMAL,True,2.0,2.0,0.0,2,OPTIMAL,True,2.0,2.0,0.0,2,OPTIMAL,True,2.0,2.0,0.0,2,OPTIMAL,True,2.0,2.0,0.0,2,OPTIMAL,True,2.0,2.0,0.0,2,OPTIMAL,True,2.0,2.0,0.0,1,1,1,2,0,0,2,0,0,2,2,2.0,2,8,8,2,9,2,9,2,2,2,6
4,3,2,4,0.2,0.0,0.3,0,dense,runner_up,0.096834,1,OPTIMAL,True,1.0,1.0,0.0,1,OPTIMAL,True,1.0,1.0,0.0,1,OPTIMAL,True,1.0,1.0,0.0,1,OPTIMAL,True,1.0,1.0,0.0,2,OPTIMAL,True,2.0,2.0,0.0,2,OPTIMAL,True,2.0,2.0,0.0,0,OPTIMAL,True,0.0,0.0,0.0,2,OPTIMAL,True,2.0,2.0,0.0,0,OPTIMAL,True,0.0,0.0,0.0,2,OPTIMAL,True,2.0,2.0,0.0,1,1,1,2,0,0,1,0,0,0,2,1.3333333333333333,2,8,8,0,5,0,5,0,2,0,4
4,3,2,4,0.2,0.2,0.1,0,dense,runner_up,0.098383,1,OPTIMAL,True,1.0,1.0,0.0,1,OPTIMAL,True,1.0,1.0,0.0,1,OPTIMAL,True,1.0,1.0,0.0,1,OPTIMAL,True,1.0,1.0,0.0,2,OPTIMAL,True,2.0,2.0,0.0,2,OPTIMAL,True,2.0,2.0,0.0,2,OPTIMAL,True,2.0,2.0,0.0,2,OPTIMAL,True,2.0,2.0,0.0,2,OPTIMAL,True,2.0,2.0,0.0,2,OPTIMAL,True,2.0,2.0,0.0,1,1,1,2,0,0,2,0,0,2,2,2.0,2,8,8,2,9,2,9,1,2,1,4
4,3,2,4,0.2,0.2,0.3,0,dense,runner_up,0.097235,1,OPTIMAL,True,1.0,1.0,0.0,1,OPTIMAL,True,1.0,1.0,0.0,1,OPTIMAL,True,1.0,1.0,0.0,1,OPTIMAL,True,1.0,1.0,0.0,2,OPTIMAL,True,2.0,2.0,0.0,2,OPTIMAL,True,2.0,2.0,0.0,0,OPTIMAL,True,0.0,0.0,0.0,2,OPTIMAL,True,2.0,2.0,0.0,0,OPTIMAL,True,0.0,0.0,0.0,2,OPTIMAL,True,2.0,2.0,0.0,1,1,1,2,0,0,1,0,0,0,2,1.3333333333333333,2,8,8,0,5,0,5,0,1,0,2
4,3,2,6,0.0,0.0,0.1,0,dense,runner_up,0.100539,2,OPTIMAL,True,2.0,2.0,0.0,2,OPTIMAL,True,2.0,2.0,0.0,2,OPTIMAL,True,2.0,2.0,0.0,2,OPTIMAL,True,2.0,2.0,0.0,2,OPTIMAL,True,2.0,2.0,0.0,2,OPTIMAL,True,2.0,2.0,0.0,1,OPTIMAL,True,1.0,1.0,0.0,2,OPTIMAL,True,2.0,2.0,0.0,1,OPTIMAL,True,1.0,1.0,0.0,2,OPTIMAL,True,2.0,2.0,0.0,2,2,2,2,1,1,2,1,1,1,2,1.6666666666666667,4,12,12,2,10,2,10,1,2,1,5
4,3,2,6,0.0,0.0,0.3,0,dense,runner_up,0.100542,2,OPTIMAL,True,2.0,2.0,0.0,2,OPTIMAL,True,2.0,2.0,0.0,2,OPTIMAL,True,2.0,2.0,0.0,2,OPTIMAL,True,2.0,2.0,0.0,2,OPTIMAL,True,2.0,2.0,0.0,2,OPTIMAL,True,2.0,2.0,0.0,1,OPTIMAL,True,1.0,1.0,0.0,2,OPTIMAL,True,2.0,2.0,0.0,1,OPTIMAL,True,1.0,1.0,0.0,2,OPTIMAL,True,2.0,2.0,0.0,2,2,2,2,0,0,1,0,0,1,2,1.6666666666666667,4,12,12,1,6,1,6,1,2,1,5
4,3,2,6,0.0,0.2,0.1,0,dense,runner_up,0.098924,2,OPTIMAL,True,2.0,2.0,0.0,2,OPTIMAL,True,2.0,2.0,0.0,2,OPTIMAL,True,2.0,2.0,0.0,2,OPTIMAL,True,2.0,2.0,0.0,2,OPTIMAL,True,2.0,2.0,0.0,2,OPTIMAL,True,2.0,2.0,0.0,0,OPTIMAL,True,0.0,0.0,0.0,2,OPTIMAL,True,2.0,2.0,0.0,0,OPTIMAL,True,0.0,0.0,0.0,2,OPTIMAL,True,2.0,2.0,0.0,2,2,2,2,0,0,2,0,0,0,2,1.3333333333333333,4,12,12,0,7,0,7,0,2,0,4
4,3,2,6,0.0,0.2,0.3,0,dense,runner_up,0.099401,2,OPTIMAL,True,2.0,2.0,0.0,2,OPTIMAL,True,2.0,2.0,0.0,2,OPTIMAL,True,2.0,2.0,0.0,2,OPTIMAL,True,2.0,2.0,0.0,2,OPTIMAL,True,2.0,2.0,0.0,2,OPTIMAL,True,2.0,2.0,0.0,0,OPTIMAL,True,0.0,0.0,0.0,1,OPTIMAL,True,1.0,1.0,0.0,0,OPTIMAL,True,0.0,0.0,0.0,2,OPTIMAL,True,2.0,2.0,0.0,2,2,2,2,0,0,1,0,0,0,2,1.0,4,12,12,0,4,0,4,0,1,0,2
4,3,2,6,0.2,0.0,0.1,0,dense,runner_up,0.099465,1,OPTIMAL,True,1.0,1.0,0.0,1,OPTIMAL,True,1.0,1.0,0.0,1,OPTIMAL,True,1.0,1.0,0.0,1,OPTIMAL,True,1.0,1.0,0.0,2,OPTIMAL,True,2.0,2.0,0.0,2,OPTIMAL,True,2.0,2.0,0.0,2,OPTIMAL,True,2.0,2.0,0.0,2,OPTIMAL,True,2.0,2.0,0.0,2,OPTIMAL,True,2.0,2.0,0.0,2,OPTIMAL,True,2.0,2.0,0.0,1,1,1,2,0,0,2,0,0,2,2,2.0,2,8,8,2,9,2,9,2,2,2,6
4,3,2,6,0.2,0.0,0.3,0,dense,runner_up,0.098356,1,OPTIMAL,True,1.0,1.0,0.0,1,OPTIMAL,True,1.0,1.0,0.0,1,OPTIMAL,True,1.0,1.0,0.0,1,OPTIMAL,True,1.0,1.0,0.0,2,OPTIMAL,True,2.0,2.0,0.0,2,OPTIMAL,True,2.0,2.0,0.0,0,OPTIMAL,True,0.0,0.0,0.0,2,OPTIMAL,True,2.0,2.0,0.0,0,OPTIMAL,True,0.0,0.0,0.0,2,OPTIMAL,True,2.0,2.0,0.0,1,1,1,2,0,0,1,0,0,0,2,1.3333333333333333,2,8,8,0,5,0,5,0,2,0,4
4,3,2,6,0.2,0.2,0.1,0,dense,runner_up,0.099558,1,OPTIMAL,True,1.0,1.0,0.0,1,OPTIMAL,True,1.0,1.0,0.0,1,OPTIMAL,True,1.0,1.0,0.0,1,OPTIMAL,True,1.0,1.0,0.0,2,OPTIMAL,True,2.0,2.0,0.0,2,OPTIMAL,True,2.0,2.0,0.0,1,OPTIMAL,True,1.0,1.0,0.0,2,OPTIMAL,True,2.0,2.0,0.0,1,OPTIMAL,True,1.0,1.0,0.0,2,OPTIMAL,True,2.0,2.0,0.0,1,1,1,2,0,0,2,0,0,1,2,1.6666666666666667,2,8,8,2,8,2,8,1,2,1,4
4,3,2,6,0.2,0.2,0.3,0,dense,runner_up,0.098875,1,OPTIMAL,True,1.0,1.0,0.0,1,OPTIMAL,True,1.0,1.0,0.0,1,OPTIMAL,True,1.0,1.0,0.0,1,OPTIMAL,True,1.0,1.0,0.0,2,OPTIMAL,True,2.0,2.0,0.0,2,OPTIMAL,True,2.0,2.0,0.0,0,OPTIMAL,True,0.0,0.0,0.0,1,OPTIMAL,True,1.0,1.0,0.0,0,OPTIMAL,True,0.0,0.0,0.0,2,OPTIMAL,True,2.0,2.0,0.0,1,1,1,2,0,0,1,0,0,0,2,1.0,2,8,8,0,4,0,4,0,1,0,2
4,3,2,8,0.0,0.0,0.1,0,dense,runner_up,0.102760,2,OPTIMAL,True,2.0,2.0,0.0,2,OPTIMAL,True,2.0,2.0,0.0,2,OPTIMAL,True,2.0,2.0,0.0,2,OPTIMAL,True,2.0,2.0,0.0,2,OPTIMAL,True,2.0,2.0,0.0,2,OPTIMAL,True,2.0,2.0,0.0,1,OPTIMAL,True,1.0,1.0,0.0,2,OPTIMAL,True,2.0,2.0,0.0,1,OPTIMAL,True,1.0,1.0,0.0,2,OPTIMAL,True,2.0,2.0,0.0,2,2,2,2,1,1,2,1,1,1,2,1.6666666666666667,4,12,12,2,10,2,10,1,2,1,5
4,3,2,8,0.0,0.0,0.3,0,dense,runner_up,0.102443,2,OPTIMAL,True,2.0,2.0,0.0,2,OPTIMAL,True,2.0,2.0,0.0,2,OPTIMAL,True,2.0,2.0,0.0,2,OPTIMAL,True,2.0,2.0,0.0,2,OPTIMAL,True,2.0,2.0,0.0,2,OPTIMAL,True,2.0,2.0,0.0,1,OPTIMAL,True,1.0,1.0,0.0,2,OPTIMAL,True,2.0,2.0,0.0,1,OPTIMAL,True,1.0,1.0,0.0,2,OPTIMAL,True,2.0,2.0,0.0,2,2,2,2,0,0,1,0,0,1,2,1.6666666666666667,4,12,12,1,6,1,6,1,2,1,5
4,3,2,8,0.0,0.2,0.1,0,dense,runner_up,0.105051,2,OPTIMAL,True,2.0,2.0,0.0,2,OPTIMAL,True,2.0,2.0,0.0,2,OPTIMAL,True,2.0,2.0,0.0,2,OPTIMAL,True,2.0,2.0,0.0,2,OPTIMAL,True,2.0,2.0,0.0,2,OPTIMAL,True,2.0,2.0,0.0,1,OPTIMAL,True,1.0,1.0,0.0,2,OPTIMAL,True,2.0,2.0,0.0,1,OPTIMAL,True,1.0,1.0,0.0,2,OPTIMAL,True,2.0,2.0,0.0,2,2,2,2,0,0,2,0,0,1,2,1.6666666666666667,4,12,12,1,9,1,9,1,2,1,5
4,3,2,8,0.0,0.2,0.3,0,dense,runner_up,0.101289,2,OPTIMAL,True,2.0,2.0,0.0,2,OPTIMAL,True,2.0,2.0,0.0,2,OPTIMAL,True,2.0,2.0,0.0,2,OPTIMAL,True,2.0,2.0,0.0,2,OPTIMAL,True,2.0,2.0,0.0,2,OPTIMAL,True,2.0,2.0,0.0,0,OPTIMAL,True,0.0,0.0,0.0,2,OPTIMAL,True,2.0,2.0,0.0,0,OPTIMAL,True,0.0,0.0,0.0,2,OPTIMAL,True,2.0,2.0,0.0,2,2,2,2,0,0,1,0,0,0,2,1.3333333333333333,4,12,12,0,5,0,5,0,1,0,2
4,3,2,8,0.2,0.0,0.1,0,dense,runner_up,0.101551,1,OPTIMAL,True,1.0,1.0,0.0,1,OPTIMAL,True,1.0,1.0,0.0,1,OPTIMAL,True,1.0,1.0,0.0,1,OPTIMAL,True,1.0,1.0,0.0,2,OPTIMAL,True,2.0,2.0,0.0,2,OPTIMAL,True,2.0,2.0,0.0,2,OPTIMAL,True,2.0,2.0,0.0,2,OPTIMAL,True,2.0,2.0,0.0,2,OPTIMAL,True,2.0,2.0,0.0,2,OPTIMAL,True,2.0,2.0,0.0,1,1,1,2,0,0,2,0,0,2,2,2.0,2,8,8,2,9,2,9,2,2,2,6
4,3,2,8,0.2,0.0,0.3,0,dense,runner_up,0.100767,1,OPTIMAL,True,1.0,1.0,0.0,1,OPTIMAL,True,1.0,1.0,0.0,1,OPTIMAL,True,1.0,1.0,0.0,1,OPTIMAL,True,1.0,1.0,0.0,2,OPTIMAL,True,2.0,2.0,0.0,2,OPTIMAL,True,2.0,2.0,0.0,0,OPTIMAL,True,0.0,0.0,0.0,2,OPTIMAL,True,2.0,2.0,0.0,0,OPTIMAL,True,0.0,0.0,0.0,2,OPTIMAL,True,2.0,2.0,0.0,1,1,1,2,0,0,1,0,0,0,2,1.3333333333333333,2,8,8,0,5,0,5,0,2,0,4
4,3,2,8,0.2,0.2,0.1,0,dense,runner_up,0.100804,1,OPTIMAL,True,1.0,1.0,0.0,1,OPTIMAL,True,1.0,1.0,0.0,1,OPTIMAL,True,1.0,1.0,0.0,1,OPTIMAL,True,1.0,1.0,0.0,2,OPTIMAL,True,2.0,2.0,0.0,2,OPTIMAL,True,2.0,2.0,0.0,1,OPTIMAL,True,1.0,1.0,0.0,2,OPTIMAL,True,2.0,2.0,0.0,1,OPTIMAL,True,1.0,1.0,0.0,2,OPTIMAL,True,2.0,2.0,0.0,1,1,1,2,0,0,2,0,0,1,2,1.6666666666666667,2,8,8,2,8,2,8,1,2,1,4
4,3,2,8,0.2,0.2,0.3,0,dense,runner_up,0.100335,1,OPTIMAL,True,1.0,1.0,0.0,1,OPTIMAL,True,1.0,1.0,0.0,1,OPTIMAL,True,1.0,1.0,0.0,1,OPTIMAL,True,1.0,1.0,0.0,2,OPTIMAL,True,2.0,2.0,0.0,2,OPTIMAL,True,2.0,2.0,0.0,0,OPTIMAL,True,0.0,0.0,0.0,1,OPTIMAL,True,1.0,1.0,0.0,0,OPTIMAL,True,0.0,0.0,0.0,2,OPTIMAL,True,2.0,2.0,0.0,1,1,1,2,0,0,1,0,0,0,2,1.0,2,8,8,0,4,0,4,0,1,0,2
4,3,3,4,0.0,0.0,0.1,0,dense,runner_up,0.102298,2,OPTIMAL,True,2.0,2.0,0.0,2,OPTIMAL,True,2.0,2.0,0.0,2,OPTIMAL,True,2.0,2.0,0.0,2,OPTIMAL,True,2.0,2.0,0.0,2,OPTIMAL,True,2.0,2.0,0.0,2,OPTIMAL,True,2.0,2.0,0.0,2,OPTIMAL,True,2.0,2.0,0.0,1,OPTIMAL,True,1.0,1.0,0.0,2,OPTIMAL,True,2.0,2.0,0.0,2,OPTIMAL,True,2.0,2.0,0.0,2,2,2,2,1,1,1,1,1,2,2,2.0,6,18,18,4,12,4,12,1,1,1,3
4,3,3,4,0.0,0.0,0.3,0,dense,runner_up,0.101416,2,OPTIMAL,True,2.0,2.0,0.0,2,OPTIMAL,True,2.0,2.0,0.0,2,OPTIMAL,True,2.0,2.0,0.0,2,OPTIMAL,True,2.0,2.0,0.0,2,OPTIMAL,True,2.0,2.0,0.0,2,OPTIMAL,True,2.0,2.0,0.0,1,OPTIMAL,True,1.0,1.0,0.0,1,OPTIMAL,True,1.0,1.0,0.0,1,OPTIMAL,True,1.0,1.0,0.0,2,OPTIMAL,True,2.0,2.0,0.0,2,2,2,2,0,0,1,0,0,1,2,1.6666666666666667,6,18,18,2,9,2,9,1,1,1,3
4,3,3,4,0.0,0.2,0.1,0,dense,runner_up,0.102506,2,OPTIMAL,True,2.0,2.0,0.0,2,OPTIMAL,True,2.0,2.0,0.0,2,OPTIMAL,True,2.0,2.0,0.0,2,OPTIMAL,True,2.0,2.0,0.0,2,OPTIMAL,True,2.0,2.0,0.0,2,OPTIMAL,True,2.0,2.0,0.0,2,OPTIMAL,True,2.0,2.0,0.0,1,OPTIMAL,True,1.0,1.0,0.0,2,OPTIMAL,True,2.0,2.0,0.0,2,OPTIMAL,True,2.0,2.0,0.0,2,2,2,2,1,1,1,1,1,2,2,2.0,6,18,18,4,12,4,12,1,1,1,3
4,3,3,4,0.0,0.2,0.3,0,dense,runner_up,0.101186,2,OPTIMAL,True,2.0,2.0,0.0,2,OPTIMAL,True,2.0,2.0,0.0,2,OPTIMAL,True,2.0,2.0,0.0,2,OPTIMAL,True,2.0,2.0,0.0,2,OPTIMAL,True,2.0,2.0,0.0,2,OPTIMAL,True,2.0,2.0,0.0,1,OPTIMAL,True,1.0,1.0,0.0,1,OPTIMAL,True,1.0,1.0,0.0,1,OPTIMAL,True,1.0,1.0,0.0,2,OPTIMAL,True,2.0,2.0,0.0,2,2,2,2,0,0,1,0,0,1,2,1.6666666666666667,6,18,18,2,9,2,9,1,1,1,3
4,3,3,4,0.2,0.0,0.1,0,dense,runner_up,0.102512,1,OPTIMAL,True,1.0,1.0,0.0,1,OPTIMAL,True,1.0,1.0,0.0,1,OPTIMAL,True,1.0,1.0,0.0,2,OPTIMAL,True,2.0,2.0,0.0,1,OPTIMAL,True,1.0,1.0,0.0,2,OPTIMAL,True,2.0,2.0,0.0,2,OPTIMAL,True,2.0,2.0,0.0,1,OPTIMAL,True,1.0,1.0,0.0,2,OPTIMAL,True,2.0,2.0,0.0,2,OPTIMAL,True,2.0,2.0,0.0,1,1,1,1,1,1,1,1,1,2,2,2.0,4,13,13,4,14,4,14,2,2,2,6
4,3,3,4,0.2,0.0,0.3,0,dense,runner_up,0.100171,1,OPTIMAL,True,1.0,1.0,0.0,1,OPTIMAL,True,1.0,1.0,0.0,1,OPTIMAL,True,1.0,1.0,0.0,2,OPTIMAL,True,2.0,2.0,0.0,1,OPTIMAL,True,1.0,1.0,0.0,2,OPTIMAL,True,2.0,2.0,0.0,1,OPTIMAL,True,1.0,1.0,0.0,1,OPTIMAL,True,1.0,1.0,0.0,1,OPTIMAL,True,1.0,1.0,0.0,2,OPTIMAL,True,2.0,2.0,0.0,1,1,1,1,0,0,1,0,0,1,2,1.6666666666666667,4,13,13,3,10,3,10,1,2,1,4
4,3,3,4,0.2,0.2,0.1,0,dense,runner_up,0.101885,1,OPTIMAL,True,1.0,1.0,0.0,1,OPTIMAL,True,1.0,1.0,0.0,1,OPTIMAL,True,1.0,1.0,0.0,2,OPTIMAL,True,2.0,2.0,0.0,1,OPTIMAL,True,1.0,1.0,0.0,2,OPTIMAL,True,2.0,2.0,0.0,2,OPTIMAL,True,2.0,2.0,0.0,1,OPTIMAL,True,1.0,1.0,0.0,2,OPTIMAL,True,2.0,2.0,0.0,2,OPTIMAL,True,2.0,2.0,0.0,1,1,1,1,1,1,1,1,1,2,2,2.0,4,13,13,4,14,4,14,1,1,1,3
4,3,3,4,0.2,0.2,0.3,0,dense,runner_up,0.101022,1,OPTIMAL,True,1.0,1.0,0.0,1,OPTIMAL,True,1.0,1.0,0.0,1,OPTIMAL,True,1.0,1.0,0.0,2,OPTIMAL,True,2.0,2.0,0.0,1,OPTIMAL,True,1.0,1.0,0.0,2,OPTIMAL,True,2.0,2.0,0.0,1,OPTIMAL,True,1.0,1.0,0.0,1,OPTIMAL,True,1.0,1.0,0.0,1,OPTIMAL,True,1.0,1.0,0.0,2,OPTIMAL,True,2.0,2.0,0.0,1,1,1,1,0,0,1,0,0,1,2,1.6666666666666667,4,13,13,3,10,3,10,1,1,1,3
4,3,3,6,0.0,0.0,0.1,0,dense,runner_up,0.104276,2,OPTIMAL,True,2.0,2.0,0.0,2,OPTIMAL,True,2.0,2.0,0.0,2,OPTIMAL,True,2.0,2.0,0.0,2,OPTIMAL,True,2.0,2.0,0.0,2,OPTIMAL,True,2.0,2.0,0.0,2,OPTIMAL,True,2.0,2.0,0.0,2,OPTIMAL,True,2.0,2.0,0.0,1,OPTIMAL,True,1.0,1.0,0.0,2,OPTIMAL,True,2.0,2.0,0.0,2,OPTIMAL,True,2.0,2.0,0.0,2,2,2,2,1,1,1,1,1,2,2,2.0,6,18,18,4,12,4,12,1,1,1,3
4,3,3,6,0.0,0.0,0.3,0,dense,runner_up,0.104452,2,OPTIMAL,True,2.0,2.0,0.0,2,OPTIMAL,True,2.0,2.0,0.0,2,OPTIMAL,True,2.0,2.0,0.0,2,OPTIMAL,True,2.0,2.0,0.0,2,OPTIMAL,True,2.0,2.0,0.0,2,OPTIMAL,True,2.0,2.0,0.0,1,OPTIMAL,True,1.0,1.0,0.0,1,OPTIMAL,True,1.0,1.0,0.0,1,OPTIMAL,True,1.0,1.0,0.0,2,OPTIMAL,True,2.0,2.0,0.0,2,2,2,2,0,0,1,0,0,1,2,1.6666666666666667,6,18,18,2,9,2,9,1,1,1,3
4,3,3,6,0.0,0.2,0.1,0,dense,runner_up,0.105571,2,OPTIMAL,True,2.0,2.0,0.0,2,OPTIMAL,True,2.0,2.0,0.0,2,OPTIMAL,True,2.0,2.0,0.0,2,OPTIMAL,True,2.0,2.0,0.0,2,OPTIMAL,True,2.0,2.0,0.0,2,OPTIMAL,True,2.0,2.0,0.0,2,OPTIMAL,True,2.0,2.0,0.0,1,OPTIMAL,True,1.0,1.0,0.0,2,OPTIMAL,True,2.0,2.0,0.0,2,OPTIMAL,True,2.0,2.0,0.0,2,2,2,2,1,1,1,1,1,2,2,2.0,6,18,18,4,12,4,12,1,1,1,3
4,3,3,6,0.0,0.2,0.3,0,dense,runner_up,0.103916,2,OPTIMAL,True,2.0,2.0,0.0,2,OPTIMAL,True,2.0,2.0,0.0,2,OPTIMAL,True,2.0,2.0,0.0,2,OPTIMAL,True,2.0,2.0,0.0,2,OPTIMAL,True,2.0,2.0,0.0,2,OPTIMAL,True,2.0,2.0,0.0,1,OPTIMAL,True,1.0,1.0,0.0,1,OPTIMAL,True,1.0,1.0,0.0,1,OPTIMAL,True,1.0,1.0,0.0,2,OPTIMAL,True,2.0,2.0,0.0,2,2,2,2,0,0,1,0,0,1,2,1.6666666666666667,6,18,18,2,9,2,9,1,1,1,3
4,3,3,6,0.2,0.0,0.1,0,dense,runner_up,0.104807,1,OPTIMAL,True,1.0,1.0,0.0,1,OPTIMAL,True,1.0,1.0,0.0,1,OPTIMAL,True,1.0,1.0,0.0,2,OPTIMAL,True,2.0,2.0,0.0,1,OPTIMAL,True,1.0,1.0,0.0,2,OPTIMAL,True,2.0,2.0,0.0,2,OPTIMAL,True,2.0,2.0,0.0,1,OPTIMAL,True,1.0,1.0,0.0,2,OPTIMAL,True,2.0,2.0,0.0,2,OPTIMAL,True,2.0,2.0,0.0,1,1,1,1,1,1,1,1,1,2,2,2.0,4,13,13,4,14,4,14,2,2,2,6
4,3,3,6,0.2,0.0,0.3,0,dense,runner_up,0.104004,1,OPTIMAL,True,1.0,1.0,0.0,1,OPTIMAL,True,1.0,1.0,0.0,1,OPTIMAL,True,1.0,1.0,0.0,2,OPTIMAL,True,2.0,2.0,0.0,1,OPTIMAL,True,1.0,1.0,0.0,2,OPTIMAL,True,2.0,2.0,0.0,1,OPTIMAL,True,1.0,1.0,0.0,1,OPTIMAL,True,1.0,1.0,0.0,1,OPTIMAL,True,1.0,1.0,0.0,2,OPTIMAL,True,2.0,2.0,0.0,1,1,1,1,0,0,1,0,0,1,2,1.6666666666666667,4,13,13,3,10,3,10,1,2,1,4
4,3,3,6,0.2,0.2,0.1,0,dense,runner_up,0.104700,1,OPTIMAL,True,1.0,1.0,0.0,1,OPTIMAL,True,1.0,1.0,0.0,1,OPTIMAL,True,1.0,1.0,0.0,2,OPTIMAL,True,2.0,2.0,0.0,1,OPTIMAL,True,1.0,1.0,0.0,2,OPTIMAL,True,2.0,2.0,0.0,2,OPTIMAL,True,2.0,2.0,0.0,1,OPTIMAL,True,1.0,1.0,0.0,2,OPTIMAL,True,2.0,2.0,0.0,2,OPTIMAL,True,2.0,2.0,0.0,1,1,1,1,1,1,1,1,1,2,2,2.0,4,13,13,4,14,4,14,1,1,1,3
4,3,3,6,0.2,0.2,0.3,0,dense,runner_up,0.104100,1,OPTIMAL,True,1.0,1.0,0.0,1,OPTIMAL,True,1.0,1.0,0.0,1,OPTIMAL,True,1.0,1.0,0.0,2,OPTIMAL,True,2.0,2.0,0.0,1,OPTIMAL,True,1.0,1.0,0.0,2,OPTIMAL,True,2.0,2.0,0.0,1,OPTIMAL,True,1.0,1.0,0.0,1,OPTIMAL,True,1.0,1.0,0.0,1,OPTIMAL,True,1.0,1.0,0.0,2,OPTIMAL,True,2.0,2.0,0.0,1,1,1,1,0,0,1,0,0,1,2,1.6666666666666667,4,13,13,3,10,3,10,1,1,1,3
4,3,3,8,0.0,0.0,0.1,0,dense,runner_up,0.108651,2,OPTIMAL,True,2.0,2.0,0.0,2,OPTIMAL,True,2.0,2.0,0.0,2,OPTIMAL,True,2.0,2.0,0.0,2,OPTIMAL,True,2.0,2.0,0.0,2,OPTIMAL,True,2.0,2.0,0.0,2,OPTIMAL,True,2.0,2.0,0.0,2,OPTIMAL,True,2.0,2.0,0.0,1,OPTIMAL,True,1.0,1.0,0.0,2,OPTIMAL,True,2.0,2.0,0.0,2,OPTIMAL,True,2.0,2.0,0.0,2,2,2,2,1,1,1,1,1,2,2,2.0,6,18,18,4,12,4,12,1,1,1,3
4,3,3,8,0.0,0.0,0.3,0,dense,runner_up,0.107475,2,OPTIMAL,True,2.0,2.0,0.0,2,OPTIMAL,True,2.0,2.0,0.0,2,OPTIMAL,True,2.0,2.0,0.0,2,OPTIMAL,True,2.0,2.0,0.0,2,OPTIMAL,True,2.0,2.0,0.0,2,OPTIMAL,True,2.0,2.0,0.0,1,OPTIMAL,True,1.0,1.0,0.0,1,OPTIMAL,True,1.0,1.0,0.0,1,OPTIMAL,True,1.0,1.0,0.0,2,OPTIMAL,True,2.0,2.0,0.0,2,2,2,2,0,0,1,0,0,1,2,1.6666666666666667,6,18,18,2,9,2,9,1,1,1,3
4,3,3,8,0.0,0.2,0.1,0,dense,runner_up,0.108449,2,OPTIMAL,True,2.0,2.0,0.0,2,OPTIMAL,True,2.0,2.0,0.0,2,OPTIMAL,True,2.0,2.0,0.0,2,OPTIMAL,True,2.0,2.0,0.0,2,OPTIMAL,True,2.0,2.0,0.0,2,OPTIMAL,True,2.0,2.0,0.0,2,OPTIMAL,True,2.0,2.0,0.0,1,OPTIMAL,True,1.0,1.0,0.0,2,OPTIMAL,True,2.0,2.0,0.0,2,OPTIMAL,True,2.0,2.0,0.0,2,2,2,2,1,1,1,1,1,2,2,2.0,6,18,18,4,12,4,12,1,1,1,3
4,3,3,8,0.0,0.2,0.3,0,dense,runner_up,0.107867,2,OPTIMAL,True,2.0,2.0,0.0,2,OPTIMAL,True,2.0,2.0,0.0,2,OPTIMAL,True,2.0,2.0,0.0,2,OPTIMAL,True,2.0,2.0,0.0,2,OPTIMAL,True,2.0,2.0,0.0,2,OPTIMAL,True,2.0,2.0,0.0,1,OPTIMAL,True,1.0,1.0,0.0,1,OPTIMAL,True,1.0,1.0,0.0,1,OPTIMAL,True,1.0,1.0,0.0,2,OPTIMAL,True,2.0,2.0,0.0,2,2,2,2,0,0,1,0,0,1,2,1.6666666666666667,6,18,18,2,9,2,9,1,1,1,3
4,3,3,8,0.2,0.0,0.1,0,dense,runner_up,0.108147,1,OPTIMAL,True,1.0,1.0,0.0,1,OPTIMAL,True,1.0,1.0,0.0,1,OPTIMAL,True,1.0,1.0,0.0,2,OPTIMAL,True,2.0,2.0,0.0,1,OPTIMAL,True,1.0,1.0,0.0,2,OPTIMAL,True,2.0,2.0,0.0,2,OPTIMAL,True,2.0,2.0,0.0,1,OPTIMAL,True,1.0,1.0,0.0,2,OPTIMAL,True,2.0,2.0,0.0,2,OPTIMAL,True,2.0,2.0,0.0,1,1,1,1,1,1,1,1,1,2,2,2.0,4,13,13,4,14,4,14,2,2,2,6
4,3,3,8,0.2,0.0,0.3,0,dense,runner_up,0.107098,1,OPTIMAL,True,1.0,1.0,0.0,1,OPTIMAL,True,1.0,1.0,0.0,1,OPTIMAL,True,1.0,1.0,0.0,2,OPTIMAL,True,2.0,2.0,0.0,1,OPTIMAL,True,1.0,1.0,0.0,2,OPTIMAL,True,2.0,2.0,0.0,1,OPTIMAL,True,1.0,1.0,0.0,1,OPTIMAL,True,1.0,1.0,0.0,1,OPTIMAL,True,1.0,1.0,0.0,2,OPTIMAL,True,2.0,2.0,0.0,1,1,1,1,0,0,1,0,0,1,2,1.6666666666666667,4,13,13,3,10,3,10,1,2,1,4
4,3,3,8,0.2,0.2,0.1,0,dense,runner_up,0.107340,1,OPTIMAL,True,1.0,1.0,0.0,1,OPTIMAL,True,1.0,1.0,0.0,1,OPTIMAL,True,1.0,1.0,0.0,2,OPTIMAL,True,2.0,2.0,0.0,1,OPTIMAL,True,1.0,1.0,0.0,2,OPTIMAL,True,2.0,2.0,0.0,2,OPTIMAL,True,2.0,2.0,0.0,1,OPTIMAL,True,1.0,1.0,0.0,2,OPTIMAL,True,2.0,2.0,0.0,2,OPTIMAL,True,2.0,2.0,0.0,1,1,1,1,1,1,1,1,1,2,2,2.0,4,13,13,4,14,4,14,1,1,1,3
4,3,3,8,0.2,0.2,0.3,0,dense,runner_up,0.109699,1,OPTIMAL,True,1.0,1.0,0.0,1,OPTIMAL,True,1.0,1.0,0.0,1,OPTIMAL,True,1.0,1.0,0.0,2,OPTIMAL,True,2.0,2.0,0.0,1,OPTIMAL,True,1.0,1.0,0.0,2,OPTIMAL,True,2.0,2.0,0.0,1,OPTIMAL,True,1.0,1.0,0.0,1,OPTIMAL,True,1.0,1.0,0.0,1,OPTIMAL,True,1.0,1.0,0.0,2,OPTIMAL,True,2.0,2.0,0.0,1,1,1,1,0,0,1,0,0,1,2,1.6666666666666667,4,13,13,3,10,3,10,1,1,1,3
4,3,4,4,0.0,0.0,0.1,0,dense,runner_up,0.106076,2,OPTIMAL,True,2.0,2.0,0.0,2,OPTIMAL,True,2.0,2.0,0.0,2,OPTIMAL,True,2.0,2.0,0.0,2,OPTIMAL,True,2.0,2.0,0.0,2,OPTIMAL,True,2.0,2.0,0.0,2,OPTIMAL,True,2.0,2.0,0.0,2,OPTIMAL,True,2.0,2.0,0.0,2,OPTIMAL,True,2.0,2.0,0.0,2,OPTIMAL,True,2.0,2.0,0.0,2,OPTIMAL,True,2.0,2.0,0.0,2,2,2,2,0,0,2,0,0,2,2,2.0,8,24,24,5,20,5,20,1,2,1,5
4,3,4,4,0.0,0.0,0.3,0,dense,runner_up,0.104293,2,OPTIMAL,True,2.0,2.0,0.0,2,OPTIMAL,True,2.0,2.0,0.0,2,OPTIMAL,True,2.0,2.0,0.0,2,OPTIMAL,True,2.0,2.0,0.0,2,OPTIMAL,True,2.0,2.0,0.0,2,OPTIMAL,True,2.0,2.0,0.0,1,OPTIMAL,True,1.0,1.0,0.0,1,OPTIMAL,True,1.0,1.0,0.0,1,OPTIMAL,True,1.0,1.0,0.0,2,OPTIMAL,True,2.0,2.0,0.0,2,2,2,2,0,0,0,0,0,1,2,1.6666666666666667,8,24,24,1,9,1,9,1,1,1,3
4,3,4,4,0.0,0.2,0.1,0,dense,runner_up,0.105705,2,OPTIMAL,True,2.0,2.0,0.0,2,OPTIMAL,True,2.0,2.0,0.0,2,OPTIMAL,True,2.0,2.0,0.0,2,OPTIMAL,True,2.0,2.0,0.0,2,OPTIMAL,True,2.0,2.0,0.0,2,OPTIMAL,True,2.0,2.0,0.0,2,OPTIMAL,True,2.0,2.0,0.0,2,OPTIMAL,True,2.0,2.0,0.0,2,OPTIMAL,True,2.0,2.0,0.0,2,OPTIMAL,True,2.0,2.0,0.0,2,2,2,2,0,0,2,0,0,2,2,2.0,8,24,24,5,19,5,19,1,2,1,4
4,3,4,4,0.0,0.2,0.3,0,dense,runner_up,0.104953,2,OPTIMAL,True,2.0,2.0,0.0,2,OPTIMAL,True,2.0,2.0,0.0,2,OPTIMAL,True,2.0,2.0,0.0,2,OPTIMAL,True,2.0,2.0,0.0,2,OPTIMAL,True,2.0,2.0,0.0,2,OPTIMAL,True,2.0,2.0,0.0,1,OPTIMAL,True,1.0,1.0,0.0,1,OPTIMAL,True,1.0,1.0,0.0,1,OPTIMAL,True,1.0,1.0,0.0,2,OPTIMAL,True,2.0,2.0,0.0,2,2,2,2,0,0,0,0,0,1,2,1.6666666666666667,8,24,24,1,9,1,9,1,1,1,3
4,3,4,4,0.2,0.0,0.1,0,dense,runner_up,0.107116,1,OPTIMAL,True,1.0,1.0,0.0,1,OPTIMAL,True,1.0,1.0,0.0,1,OPTIMAL,True,1.0,1.0,0.0,2,OPTIMAL,True,2.0,2.0,0.0,1,OPTIMAL,True,1.0,1.0,0.0,2,OPTIMAL,True,2.0,2.0,0.0,2,OPTIMAL,True,2.0,2.0,0.0,2,OPTIMAL,True,2.0,2.0,0.0,2,OPTIMAL,True,2.0,2.0,0.0,2,OPTIMAL,True,2.0,2.0,0.0,1,1,1,1,0,0,1,0,0,2,2,2.0,5,16,16,6,18,6,18,1,2,1,4
4,3,4,4,0.2,0.0,0.3,0,dense,runner_up,0.107359,1,OPTIMAL,True,1.0,1.0,0.0,1,OPTIMAL,True,1.0,1.0,0.0,1,OPTIMAL,True,1.0,1.0,0.0,2,OPTIMAL,True,2.0,2.0,0.0,1,OPTIMAL,True,1.0,1.0,0.0,2,OPTIMAL,True,2.0,2.0,0.0,2,OPTIMAL,True,2.0,2.0,0.0,1,OPTIMAL,True,1.0,1.0,0.0,2,OPTIMAL,True,2.0,2.0,0.0,2,OPTIMAL,True,2.0,2.0,0.0,1,1,1,1,0,0,1,0,0,1,2,1.6666666666666667,5,16,16,2,12,2,12,1,1,1,3
4,3,4,4,0.2,0.2,0.1,0,dense,runner_up,0.106412,1,OPTIMAL,True,1.0,1.0,0.0,1,OPTIMAL,True,1.0,1.0,0.0,1,OPTIMAL,True,1.0,1.0,0.0,2,OPTIMAL,True,2.0,2.0,0.0,1,OPTIMAL,True,1.0,1.0,0.0,2,OPTIMAL,True,2.0,2.0,0.0,2,OPTIMAL,True,2.0,2.0,0.0,2,OPTIMAL,True,2.0,2.0,0.0,2,OPTIMAL,True,2.0,2.0,0.0,2,OPTIMAL,True,2.0,2.0,0.0,1,1,1,1,0,0,1,0,0,2,2,2.0,5,16,16,6,18,6,18,1,1,1,3
4,3,4,4,0.2,0.2,0.3,0,dense,runner_up,0.106108,1,OPTIMAL,True,1.0,1.0,0.0,1,OPTIMAL,True,1.0,1.0,0.0,1,OPTIMAL,True,1.0,1.0,0.0,2,OPTIMAL,True,2.0,2.0,0.0,1,OPTIMAL,True,1.0,1.0,0.0,2,OPTIMAL,True,2.0,2.0,0.0,2,OPTIMAL,True,2.0,2.0,0.0,1,OPTIMAL,True,1.0,1.0,0.0,2,OPTIMAL,True,2.0,2.0,0.0,2,OPTIMAL,True,2.0,2.0,0.0,1,1,1,1,0,0,1,0,0,1,2,1.6666666666666667,5,16,16,2,12,2,12,1,1,1,3
4,3,4,6,0.0,0.0,0.1,0,dense,runner_up,0.110822,2,OPTIMAL,True,2.0,2.0,0.0,2,OPTIMAL,True,2.0,2.0,0.0,2,OPTIMAL,True,2.0,2.0,0.0,2,OPTIMAL,True,2.0,2.0,0.0,2,OPTIMAL,True,2.0,2.0,0.0,2,OPTIMAL,True,2.0,2.0,0.0,2,OPTIMAL,True,2.0,2.0,0.0,2,OPTIMAL,True,2.0,2.0,0.0,2,OPTIMAL,True,2.0,2.0,0.0,2,OPTIMAL,True,2.0,2.0,0.0,2,2,2,2,0,0,2,0,0,2,2,2.0,8,24,24,5,20,5,20,1,2,1,5
4,3,4,6,0.0,0.0,0.3,0,dense,runner_up,0.109593,2,OPTIMAL,True,2.0,2.0,0.0,2,OPTIMAL,True,2.0,2.0,0.0,2,OPTIMAL,True,2.0,2.0,0.0,2,OPTIMAL,True,2.0,2.0,0.0,2,OPTIMAL,True,2.0,2.0,0.0,2,OPTIMAL,True,2.0,2.0,0.0,1,OPTIMAL,True,1.0,1.0,0.0,1,OPTIMAL,True,1.0,1.0,0.0,1,OPTIMAL,True,1.0,1.0,0.0,2,OPTIMAL,True,2.0,2.0,0.0,2,2,2,2,0,0,0,0,0,1,2,1.6666666666666667,8,24,24,1,9,1,9,1,1,1,3
4,3,4,6,0.0,0.2,0.1,0,dense,runner_up,0.110079,2,OPTIMAL,True,2.0,2.0,0.0,2,OPTIMAL,True,2.0,2.0,0.0,2,OPTIMAL,True,2.0,2.0,0.0,2,OPTIMAL,True,2.0,2.0,0.0,2,OPTIMAL,True,2.0,2.0,0.0,2,OPTIMAL,True,2.0,2.0,0.0,2,OPTIMAL,True,2.0,2.0,0.0,2,OPTIMAL,True,2.0,2.0,0.0,2,OPTIMAL,True,2.0,2.0,0.0,2,OPTIMAL,True,2.0,2.0,0.0,2,2,2,2,0,0,2,0,0,2,2,2.0,8,24,24,5,19,5,19,1,2,1,4
4,3,4,6,0.0,0.2,0.3,0,dense,runner_up,0.109671,2,OPTIMAL,True,2.0,2.0,0.0,2,OPTIMAL,True,2.0,2.0,0.0,2,OPTIMAL,True,2.0,2.0,0.0,2,OPTIMAL,True,2.0,2.0,0.0,2,OPTIMAL,True,2.0,2.0,0.0,2,OPTIMAL,True,2.0,2.0,0.0,1,OPTIMAL,True,1.0,1.0,0.0,1,OPTIMAL,True,1.0,1.0,0.0,1,OPTIMAL,True,1.0,1.0,0.0,2,OPTIMAL,True,2.0,2.0,0.0,2,2,2,2,0,0,0,0,0,1,2,1.6666666666666667,8,24,24,1,8,1,8,1,1,1,3
4,3,4,6,0.2,0.0,0.1,0,dense,runner_up,0.109814,0,OPTIMAL,True,0.0,0.0,0.0,0,OPTIMAL,True,0.0,0.0,0.0,0,OPTIMAL,True,0.0,0.0,0.0,2,OPTIMAL,True,2.0,2.0,0.0,1,OPTIMAL,True,1.0,1.0,0.0,2,OPTIMAL,True,2.0,2.0,0.0,2,OPTIMAL,True,2.0,2.0,0.0,2,OPTIMAL,True,2.0,2.0,0.0,2,OPTIMAL,True,2.0,2.0,0.0,2,OPTIMAL,True,2.0,2.0,0.0,0,0,0,1,0,0,1,0,0,2,2,2.0,4,15,15,6,18,6,18,1,2,1,4
4,3,4,6,0.2,0.0,0.3,0,dense,runner_up,0.109377,0,OPTIMAL,True,0.0,0.0,0.0,0,OPTIMAL,True,0.0,0.0,0.0,0,OPTIMAL,True,0.0,0.0,0.0,2,OPTIMAL,True,2.0,2.0,0.0,1,OPTIMAL,True,1.0,1.0,0.0,2,OPTIMAL,True,2.0,2.0,0.0,2,OPTIMAL,True,2.0,2.0,0.0,1,OPTIMAL,True,1.0,1.0,0.0,2,OPTIMAL,True,2.0,2.0,0.0,2,OPTIMAL,True,2.0,2.0,0.0,0,0,0,1,0,0,1,0,0,1,2,1.6666666666666667,4,15,15,2,12,2,12,1,1,1,3
4,3,4,6,0.2,0.2,0.1,0,dense,runner_up,0.110536,0,OPTIMAL,True,0.0,0.0,0.0,0,OPTIMAL,True,0.0,0.0,0.0,0,OPTIMAL,True,0.0,0.0,0.0,2,OPTIMAL,True,2.0,2.0,0.0,1,OPTIMAL,True,1.0,1.0,0.0,2,OPTIMAL,True,2.0,2.0,0.0,2,OPTIMAL,True,2.0,2.0,0.0,2,OPTIMAL,True,2.0,2.0,0.0,2,OPTIMAL,True,2.0,2.0,0.0,2,OPTIMAL,True,2.0,2.0,0.0,0,0,0,1,0,0,1,0,0,2,2,2.0,4,15,15,5,17,5,17,1,1,1,3
4,3,4,6,0.2,0.2,0.3,0,dense,runner_up,0.109258,0,OPTIMAL,True,0.0,0.0,0.0,0,OPTIMAL,True,0.0,0.0,0.0,0,OPTIMAL,True,0.0,0.0,0.0,2,OPTIMAL,True,2.0,2.0,0.0,1,OPTIMAL,True,1.0,1.0,0.0,2,OPTIMAL,True,2.0,2.0,0.0,2,OPTIMAL,True,2.0,2.0,0.0,1,OPTIMAL,True,1.0,1.0,0.0,2,OPTIMAL,True,2.0,2.0,0.0,2,OPTIMAL,True,2.0,2.0,0.0,0,0,0,1,0,0,1,0,0,1,2,1.6666666666666667,4,15,15,2,11,2,11,1,1,1,3
4,3,4,8,0.0,0.0,0.1,0,dense,runner_up,0.112800,2,OPTIMAL,True,2.0,2.0,0.0,2,OPTIMAL,True,2.0,2.0,0.0,2,OPTIMAL,True,2.0,2.0,0.0,2,OPTIMAL,True,2.0,2.0,0.0,2,OPTIMAL,True,2.0,2.0,0.0,2,OPTIMAL,True,2.0,2.0,0.0,2,OPTIMAL,True,2.0,2.0,0.0,2,OPTIMAL,True,2.0,2.0,0.0,2,OPTIMAL,True,2.0,2.0,0.0,2,OPTIMAL,True,2.0,2.0,0.0,2,2,2,2,0,0,2,0,0,2,2,2.0,8,24,24,5,20,5,20,1,2,1,5
4,3,4,8,0.0,0.0,0.3,0,dense,runner_up,0.112591,2,OPTIMAL,True,2.0,2.0,0.0,2,OPTIMAL,True,2.0,2.0,0.0,2,OPTIMAL,True,2.0,2.0,0.0,2,OPTIMAL,True,2.0,2.0,0.0,2,OPTIMAL,True,2.0,2.0,0.0,2,OPTIMAL,True,2.0,2.0,0.0,1,OPTIMAL,True,1.0,1.0,0.0,1,OPTIMAL,True,1.0,1.0,0.0,1,OPTIMAL,True,1.0,1.0,0.0,2,OPTIMAL,True,2.0,2.0,0.0,2,2,2,2,0,0,0,0,0,1,2,1.6666666666666667,8,24,24,1,9,1,9,1,1,1,3
4,3,4,8,0.0,0.2,0.1,0,dense,runner_up,0.113182,2,OPTIMAL,True,2.0,2.0,0.0,2,OPTIMAL,True,2.0,2.0,0.0,2,OPTIMAL,True,2.0,2.0,0.0,2,OPTIMAL,True,2.0,2.0,0.0,2,OPTIMAL,True,2.0,2.0,0.0,2,OPTIMAL,True,2.0,2.0,0.0,2,OPTIMAL,True,2.0,2.0,0.0,2,OPTIMAL,True,2.0,2.0,0.0,2,OPTIMAL,True,2.0,2.0,0.0,2,OPTIMAL,True,2.0,2.0,0.0,2,2,2,2,0,0,2,0,0,2,2,2.0,8,24,24,5,19,5,19,1,2,1,4
4,3,4,8,0.0,0.2,0.3,0,dense,runner_up,0.115842,2,OPTIMAL,True,2.0,2.0,0.0,2,OPTIMAL,True,2.0,2.0,0.0,2,OPTIMAL,True,2.0,2.0,0.0,2,OPTIMAL,True,2.0,2.0,0.0,2,OPTIMAL,True,2.0,2.0,0.0,2,OPTIMAL,True,2.0,2.0,0.0,1,OPTIMAL,True,1.0,1.0,0.0,1,OPTIMAL,True,1.0,1.0,0.0,1,OPTIMAL,True,1.0,1.0,0.0,2,OPTIMAL,True,2.0,2.0,0.0,2,2,2,2,0,0,0,0,0,1,2,1.6666666666666667,8,24,24,1,9,1,9,1,1,1,3
4,3,4,8,0.2,0.0,0.1,0,dense,runner_up,0.113598,0,OPTIMAL,True,0.0,0.0,0.0,0,OPTIMAL,True,0.0,0.0,0.0,0,OPTIMAL,True,0.0,0.0,0.0,2,OPTIMAL,True,2.0,2.0,0.0,1,OPTIMAL,True,1.0,1.0,0.0,2,OPTIMAL,True,2.0,2.0,0.0,2,OPTIMAL,True,2.0,2.0,0.0,2,OPTIMAL,True,2.0,2.0,0.0,2,OPTIMAL,True,2.0,2.0,0.0,2,OPTIMAL,True,2.0,2.0,0.0,0,0,0,1,0,0,1,0,0,2,2,2.0,4,15,15,6,18,6,18,1,2,1,4
4,3,4,8,0.2,0.0,0.3,0,dense,runner_up,0.113499,0,OPTIMAL,True,0.0,0.0,0.0,0,OPTIMAL,True,0.0,0.0,0.0,0,OPTIMAL,True,0.0,0.0,0.0,2,OPTIMAL,True,2.0,2.0,0.0,1,OPTIMAL,True,1.0,1.0,0.0,2,OPTIMAL,True,2.0,2.0,0.0,2,OPTIMAL,True,2.0,2.0,0.0,1,OPTIMAL,True,1.0,1.0,0.0,2,OPTIMAL,True,2.0,2.0,0.0,2,OPTIMAL,True,2.0,2.0,0.0,0,0,0,1,0,0,1,0,0,1,2,1.6666666666666667,4,15,15,2,12,2,12,1,1,1,3
4,3,4,8,0.2,0.2,0.1,0,dense,runner_up,0.113933,0,OPTIMAL,True,0.0,0.0,0.0,0,OPTIMAL,True,0.0,0.0,0.0,0,OPTIMAL,True,0.0,0.0,0.0,2,OPTIMAL,True,2.0,2.0,0.0,1,OPTIMAL,True,1.0,1.0,0.0,2,OPTIMAL,True,2.0,2.0,0.0,2,OPTIMAL,True,2.0,2.0,0.0,2,OPTIMAL,True,2.0,2.0,0.0,2,OPTIMAL,True,2.0,2.0,0.0,2,OPTIMAL,True,2.0,2.0,0.0,0,0,0,1,0,0,1,0,0,2,2,2.0,4,15,15,6,18,6,18,1,1,1,3
4,3,4,8,0.2,0.2,0.3,0,dense,runner_up,0.113784,0,OPTIMAL,True,0.0,0.0,0.0,0,OPTIMAL,True,0.0,0.0,0.0,0,OPTIMAL,True,0.0,0.0,0.0,2,OPTIMAL,True,2.0,2.0,0.0,1,OPTIMAL,True,1.0,1.0,0.0,2,OPTIMAL,True,2.0,2.0,0.0,2,OPTIMAL,True,2.0,2.0,0.0,1,OPTIMAL,True,1.0,1.0,0.0,2,OPTIMAL,True,2.0,2.0,0.0,2,OPTIMAL,True,2.0,2.0,0.0,0,0,0,1,0,0,1,0,0,1,2,1.6666666666666667,4,15,15,2,12,2,12,1,1,1,3
4,3,5,4,0.0,0.0,0.1,0,dense,runner_up,0.109851,2,OPTIMAL,True,2.0,2.0,0.0,2,OPTIMAL,True,2.0,2.0,0.0,2,OPTIMAL,True,2.0,2.0,0.0,2,OPTIMAL,True,2.0,2.0,0.0,2,OPTIMAL,True,2.0,2.0,0.0,2,OPTIMAL,True,2.0,2.0,0.0,2,OPTIMAL,True,2.0,2.0,0.0,2,OPTIMAL,True,2.0,2.0,0.0,2,OPTIMAL,True,2.0,2.0,0.0,2,OPTIMAL,True,2.0,2.0,0.0,2,2,2,2,0,0,2,0,0,2,2,2.0,10,30,30,6,22,6,22,1,2,1,4
4,3,5,4,0.0,0.0,0.3,0,dense,runner_up,0.108227,2,OPTIMAL,True,2.0,2.0,0.0,2,OPTIMAL,True,2.0,2.0,0.0,2,OPTIMAL,True,2.0,2.0,0.0,2,OPTIMAL,True,2.0,2.0,0.0,2,OPTIMAL,True,2.0,2.0,0.0,2,OPTIMAL,True,2.0,2.0,0.0,1,OPTIMAL,True,1.0,1.0,0.0,1,OPTIMAL,True,1.0,1.0,0.0,1,OPTIMAL,True,1.0,1.0,0.0,2,OPTIMAL,True,2.0,2.0,0.0,2,2,2,2,0,0,1,0,0,1,2,1.6666666666666667,10,30,30,4,14,4,14,1,1,1,3
4,3,5,4,0.0,0.2,0.1,0,dense,runner_up,0.109081,2,OPTIMAL,True,2.0,2.0,0.0,2,OPTIMAL,True,2.0,2.0,0.0,2,OPTIMAL,True,2.0,2.0,0.0,2,OPTIMAL,True,2.0,2.0,0.0,2,OPTIMAL,True,2.0,2.0,0.0,2,OPTIMAL,True,2.0,2.0,0.0,2,OPTIMAL,True,2.0,2.0,0.0,2,OPTIMAL,True,2.0,2.0,0.0,2,OPTIMAL,True,2.0,2.0,0.0,2,OPTIMAL,True,2.0,2.0,0.0,2,2,2,2,0,0,2,0,0,2,2,2.0,10,30,30,5,21,5,21,1,2,1,4
4,3,5,4,0.0,0.2,0.3,0,dense,runner_up,0.108617,2,OPTIMAL,True,2.0,2.0,0.0,2,OPTIMAL,True,2.0,2.0,0.0,2,OPTIMAL,True,2.0,2.0,0.0,2,OPTIMAL,True,2.0,2.0,0.0,2,OPTIMAL,True,2.0,2.0,0.0,2,OPTIMAL,True,2.0,2.0,0.0,1,OPTIMAL,True,1.0,1.0,0.0,1,OPTIMAL,True,1.0,1.0,0.0,1,OPTIMAL,True,1.0,1.0,0.0,2,OPTIMAL,True,2.0,2.0,0.0,2,2,2,2,0,0,0,0,0,1,2,1.6666666666666667,10,30,30,4,13,4,13,1,1,1,3
4,3,5,4,0.2,0.0,0.1,0,dense,runner_up,0.110251,1,OPTIMAL,True,1.0,1.0,0.0,1,OPTIMAL,True,1.0,1.0,0.0,1,OPTIMAL,True,1.0,1.0,0.0,1,OPTIMAL,True,1.0,1.0,0.0,1,OPTIMAL,True,1.0,1.0,0.0,2,OPTIMAL,True,2.0,2.0,0.0,1,OPTIMAL,True,1.0,1.0,0.0,1,OPTIMAL,True,1.0,1.0,0.0,1,OPTIMAL,True,1.0,1.0,0.0,2,OPTIMAL,True,2.0,2.0,0.0,1,1,1,1,0,0,1,0,0,1,2,1.6666666666666667,5,20,20,5,19,5,19,1,1,1,3
4,3,5,4,0.2,0.0,0.3,0,dense,runner_up,0.110101,1,OPTIMAL,True,1.0,1.0,0.0,1,OPTIMAL,True,1.0,1.0,0.0,1,OPTIMAL,True,1.0,1.0,0.0,1,OPTIMAL,True,1.0,1.0,0.0,1,OPTIMAL,True,1.0,1.0,0.0,2,OPTIMAL,True,2.0,2.0,0.0,1,OPTIMAL,True,1.0,1.0,0.0,1,OPTIMAL,True,1.0,1.0,0.0,1,OPTIMAL,True,1.0,1.0,0.0,2,OPTIMAL,True,2.0,2.0,0.0,1,1,1,1,0,0,0,0,0,1,1,1.0,5,20,20,3,11,3,11,1,1,1,3
4,3,5,4,0.2,0.2,0.1,0,dense,runner_up,0.109773,1,OPTIMAL,True,1.0,1.0,0.0,1,OPTIMAL,True,1.0,1.0,0.0,1,OPTIMAL,True,1.0,1.0,0.0,1,OPTIMAL,True,1.0,1.0,0.0,1,OPTIMAL,True,1.0,1.0,0.0,2,OPTIMAL,True,2.0,2.0,0.0,1,OPTIMAL,True,1.0,1.0,0.0,1,OPTIMAL,True,1.0,1.0,0.0,1,OPTIMAL,True,1.0,1.0,0.0,2,OPTIMAL,True,2.0,2.0,0.0,1,1,1,1,0,0,1,0,0,1,2,1.6666666666666667,5,20,20,3,16,3,16,1,1,1,3
4,3,5,4,0.2,0.2,0.3,0,dense,runner_up,0.110163,1,OPTIMAL,True,1.0,1.0,0.0,1,OPTIMAL,True,1.0,1.0,0.0,1,OPTIMAL,True,1.0,1.0,0.0,1,OPTIMAL,True,1.0,1.0,0.0,1,OPTIMAL,True,1.0,1.0,0.0,2,OPTIMAL,True,2.0,2.0,0.0,1,OPTIMAL,True,1.0,1.0,0.0,1,OPTIMAL,True,1.0,1.0,0.0,1,OPTIMAL,True,1.0,1.0,0.0,2,OPTIMAL,True,2.0,2.0,0.0,1,1,1,1,0,0,0,0,0,1,1,1.0,5,20,20,1,8,1,8,1,1,1,3
4,3,5,6,0.0,0.0,0.1,0,dense,runner_up,0.114037,2,OPTIMAL,True,2.0,2.0,0.0,2,OPTIMAL,True,2.0,2.0,0.0,2,OPTIMAL,True,2.0,2.0,0.0,2,OPTIMAL,True,2.0,2.0,0.0,2,OPTIMAL,True,2.0,2.0,0.0,2,OPTIMAL,True,2.0,2.0,0.0,2,OPTIMAL,True,2.0,2.0,0.0,2,OPTIMAL,True,2.0,2.0,0.0,2,OPTIMAL,True,2.0,2.0,0.0,2,OPTIMAL,True,2.0,2.0,0.0,2,2,2,2,0,0,2,0,0,2,2,2.0,10,30,30,6,22,6,22,1,2,1,4
4,3,5,6,0.0,0.0,0.3,0,dense,runner_up,0.113426,2,OPTIMAL,True,2.0,2.0,0.0,2,OPTIMAL,True,2.0,2.0,0.0,2,OPTIMAL,True,2.0,2.0,0.0,2,OPTIMAL,True,2.0,2.0,0.0,2,OPTIMAL,True,2.0,2.0,0.0,2,OPTIMAL,True,2.0,2.0,0.0,1,OPTIMAL,True,1.0,1.0,0.0,1,OPTIMAL,True,1.0,1.0,0.0,1,OPTIMAL,True,1.0,1.0,0.0,2,OPTIMAL,True,2.0,2.0,0.0,2,2,2,2,0,0,1,0,0,1,2,1.6666666666666667,10,30,30,4,14,4,14,1,1,1,3
4,3,5,6,0.0,0.2,0.1,0,dense,runner_up,0.114757,2,OPTIMAL,True,2.0,2.0,0.0,2,OPTIMAL,True,2.0,2.0,0.0,2,OPTIMAL,True,2.0,2.0,0.0,2,OPTIMAL,True,2.0,2.0,0.0,2,OPTIMAL,True,2.0,2.0,0.0,2,OPTIMAL,True,2.0,2.0,0.0,2,OPTIMAL,True,2.0,2.0,0.0,2,OPTIMAL,True,2.0,2.0,0.0,2,OPTIMAL,True,2.0,2.0,0.0,2,OPTIMAL,True,2.0,2.0,0.0,2,2,2,2,0,0,2,0,0,2,2,2.0,10,30,30,5,21,5,21,1,2,1,4
4,3,5,6,0.0,0.2,0.3,0,dense,runner_up,0.113823,2,OPTIMAL,True,2.0,2.0,0.0,2,OPTIMAL,True,2.0,2.0,0.0,2,OPTIMAL,True,2.0,2.0,0.0,2,OPTIMAL,True,2.0,2.0,0.0,2,OPTIMAL,True,2.0,2.0,0.0,2,OPTIMAL,True,2.0,2.0,0.0,1,OPTIMAL,True,1.0,1.0,0.0,1,OPTIMAL,True,1.0,1.0,0.0,1,OPTIMAL,True,1.0,1.0,0.0,2,OPTIMAL,True,2.0,2.0,0.0,2,2,2,2,0,0,1,0,0,1,2,1.6666666666666667,10,30,30,4,14,4,14,1,1,1,3
4,3,5,6,0.2,0.0,0.1,0,dense,runner_up,0.112119,0,OPTIMAL,True,0.0,0.0,0.0,0,OPTIMAL,True,0.0,0.0,0.0,0,OPTIMAL,True,0.0,0.0,0.0,1,OPTIMAL,True,1.0,1.0,0.0,1,OPTIMAL,True,1.0,1.0,0.0,2,OPTIMAL,True,2.0,2.0,0.0,1,OPTIMAL,True,1.0,1.0,0.0,1,OPTIMAL,True,1.0,1.0,0.0,1,OPTIMAL,True,1.0,1.0,0.0,2,OPTIMAL,True,2.0,2.0,0.0,0,0,0,1,0,0,1,0,0,1,2,1.6666666666666667,5,19,19,5,19,5,19,1,1,1,3
4,3,5,6,0.2,0.0,0.3,0,dense,runner_up,0.112924,0,OPTIMAL,True,0.0,0.0,0.0,0,OPTIMAL,True,0.0,0.0,0.0,0,OPTIMAL,True,0.0,0.0,0.0,1,OPTIMAL,True,1.0,1.0,0.0,1,OPTIMAL,True,1.0,1.0,0.0,2,OPTIMAL,True,2.0,2.0,0.0,1,OPTIMAL,True,1.0,1.0,0.0,1,OPTIMAL,True,1.0,1.0,0.0,1,OPTIMAL,True,1.0,1.0,0.0,2,OPTIMAL,True,2.0,2.0,0.0,0,0,0,1,0,0,0,0,0,1,1,1.0,5,19,19,3,11,3,11,1,1,1,3
4,3,5,6,0.2,0.2,0.1,0,dense,runner_up,0.111991,0,OPTIMAL,True,0.0,0.0,0.0,0,OPTIMAL,True,0.0,0.0,0.0,0,OPTIMAL,True,0.0,0.0,0.0,1,OPTIMAL,True,1.0,1.0,0.0,1,OPTIMAL,True,1.0,1.0,0.0,2,OPTIMAL,True,2.0,2.0,0.0,1,OPTIMAL,True,1.0,1.0,0.0,1,OPTIMAL,True,1.0,1.0,0.0,1,OPTIMAL,True,1.0,1.0,0.0,2,OPTIMAL,True,2.0,2.0,0.0,0,0,0,1,0,0,1,0,0,1,2,1.6666666666666667,5,19,19,4,17,4,17,1,1,1,3
4,3,5,6,0.2,0.2,0.3,0,dense,runner_up,0.112142,0,OPTIMAL,True,0.0,0.0,0.0,0,OPTIMAL,True,0.0,0.0,0.0,0,OPTIMAL,True,0.0,0.0,0.0,1,OPTIMAL,True,1.0,1.0,0.0,1,OPTIMAL,True,1.0,1.0,0.0,2,OPTIMAL,True,2.0,2.0,0.0,1,OPTIMAL,True,1.0,1.0,0.0,1,OPTIMAL,True,1.0,1.0,0.0,1,OPTIMAL,True,1.0,1.0,0.0,2,OPTIMAL,True,2.0,2.0,0.0,0,0,0,1,0,0,0,0,0,1,1,1.0,5,19,19,2,9,2,9,1,1,1,3
4,3,5,8,0.0,0.0,0.1,0,dense,runner_up,0.120086,2,OPTIMAL,True,2.0,2.0,0.0,2,OPTIMAL,True,2.0,2.0,0.0,2,OPTIMAL,True,2.0,2.0,0.0,2,OPTIMAL,True,2.0,2.0,0.0,2,OPTIMAL,True,2.0,2.0,0.0,2,OPTIMAL,True,2.0,2.0,0.0,2,OPTIMAL,True,2.0,2.0,0.0,2,OPTIMAL,True,2.0,2.0,0.0,2,OPTIMAL,True,2.0,2.0,0.0,2,OPTIMAL,True,2.0,2.0,0.0,2,2,2,2,0,0,2,0,0,2,2,2.0,10,30,30,6,22,6,22,1,2,1,4
4,3,5,8,0.0,0.0,0.3,0,dense,runner_up,0.127001,2,OPTIMAL,True,2.0,2.0,0.0,2,OPTIMAL,True,2.0,2.0,0.0,2,OPTIMAL,True,2.0,2.0,0.0,2,OPTIMAL,True,2.0,2.0,0.0,2,OPTIMAL,True,2.0,2.0,0.0,2,OPTIMAL,True,2.0,2.0,0.0,1,OPTIMAL,True,1.0,1.0,0.0,1,OPTIMAL,True,1.0,1.0,0.0,1,OPTIMAL,True,1.0,1.0,0.0,2,OPTIMAL,True,2.0,2.0,0.0,2,2,2,2,0,0,1,0,0,1,2,1.6666666666666667,10,30,30,4,14,4,14,1,1,1,3
4,3,5,8,0.0,0.2,0.1,0,dense,runner_up,0.118705,2,OPTIMAL,True,2.0,2.0,0.0,2,OPTIMAL,True,2.0,2.0,0.0,2,OPTIMAL,True,2.0,2.0,0.0,2,OPTIMAL,True,2.0,2.0,0.0,2,OPTIMAL,True,2.0,2.0,0.0,2,OPTIMAL,True,2.0,2.0,0.0,2,OPTIMAL,True,2.0,2.0,0.0,2,OPTIMAL,True,2.0,2.0,0.0,2,OPTIMAL,True,2.0,2.0,0.0,2,OPTIMAL,True,2.0,2.0,0.0,2,2,2,2,0,0,2,0,0,2,2,2.0,10,30,30,6,22,6,22,1,2,1,4
4,3,5,8,0.0,0.2,0.3,0,dense,runner_up,0.117725,2,OPTIMAL,True,2.0,2.0,0.0,2,OPTIMAL,True,2.0,2.0,0.0,2,OPTIMAL,True,2.0,2.0,0.0,2,OPTIMAL,True,2.0,2.0,0.0,2,OPTIMAL,True,2.0,2.0,0.0,2,OPTIMAL,True,2.0,2.0,0.0,1,OPTIMAL,True,1.0,1.0,0.0,1,OPTIMAL,True,1.0,1.0,0.0,1,OPTIMAL,True,1.0,1.0,0.0,2,OPTIMAL,True,2.0,2.0,0.0,2,2,2,2,0,0,1,0,0,1,2,1.6666666666666667,10,30,30,4,14,4,14,1,1,1,3
4,3,5,8,0.2,0.0,0.1,0,dense,runner_up,0.118829,1,OPTIMAL,True,1.0,1.0,0.0,1,OPTIMAL,True,1.0,1.0,0.0,1,OPTIMAL,True,1.0,1.0,0.0,1,OPTIMAL,True,1.0,1.0,0.0,1,OPTIMAL,True,1.0,1.0,0.0,2,OPTIMAL,True,2.0,2.0,0.0,1,OPTIMAL,True,1.0,1.0,0.0,1,OPTIMAL,True,1.0,1.0,0.0,1,OPTIMAL,True,1.0,1.0,0.0,2,OPTIMAL,True,2.0,2.0,0.0,1,1,1,1,0,0,1,0,0,1,2,1.6666666666666667,5,20,20,5,19,5,19,1,1,1,3
4,3,5,8,0.2,0.0,0.3,0,dense,runner_up,0.119782,1,OPTIMAL,True,1.0,1.0,0.0,1,OPTIMAL,True,1.0,1.0,0.0,1,OPTIMAL,True,1.0,1.0,0.0,1,OPTIMAL,True,1.0,1.0,0.0,1,OPTIMAL,True,1.0,1.0,0.0,2,OPTIMAL,True,2.0,2.0,0.0,1,OPTIMAL,True,1.0,1.0,0.0,1,OPTIMAL,True,1.0,1.0,0.0,1,OPTIMAL,True,1.0,1.0,0.0,2,OPTIMAL,True,2.0,2.0,0.0,1,1,1,1,0,0,0,0,0,1,1,1.0,5,20,20,3,11,3,11,1,1,1,3
4,3,5,8,0.2,0.2,0.1,0,dense,runner_up,0.119206,1,OPTIMAL,True,1.0,1.0,0.0,1,OPTIMAL,True,1.0,1.0,0.0,1,OPTIMAL,True,1.0,1.0,0.0,1,OPTIMAL,True,1.0,1.0,0.0,1,OPTIMAL,True,1.0,1.0,0.0,2,OPTIMAL,True,2.0,2.0,0.0,1,OPTIMAL,True,1.0,1.0,0.0,1,OPTIMAL,True,1.0,1.0,0.0,1,OPTIMAL,True,1.0,1.0,0.0,2,OPTIMAL,True,2.0,2.0,0.0,1,1,1,1,0,0,1,0,0,1,2,1.6666666666666667,5,20,20,4,17,4,17,1,1,1,3
4,3,5,8,0.2,0.2,0.3,0,dense,runner_up,0.119509,1,OPTIMAL,True,1.0,1.0,0.0,1,OPTIMAL,True,1.0,1.0,0.0,1,OPTIMAL,True,1.0,1.0,0.0,1,OPTIMAL,True,1.0,1.0,0.0,1,OPTIMAL,True,1.0,1.0,0.0,2,OPTIMAL,True,2.0,2.0,0.0,1,OPTIMAL,True,1.0,1.0,0.0,1,OPTIMAL,True,1.0,1.0,0.0,1,OPTIMAL,True,1.0,1.0,0.0,2,OPTIMAL,True,2.0,2.0,0.0,1,1,1,1,0,0,0,0,0,1,1,1.0,5,20,20,2,9,2,9,1,1,1,3
4,4,2,4,0.0,0.0,0.1,0,dense,runner_up,0.101279,2,OPTIMAL,True,2.0,2.0,0.0,2,OPTIMAL,True,2.0,2.0,0.0,2,OPTIMAL,True,2.0,2.0,0.0,2,OPTIMAL,True,2.0,2.0,0.0,2,OPTIMAL,True,2.0,2.0,0.0,2,OPTIMAL,True,2.0,2.0,0.0,2,OPTIMAL,True,2.0,2.0,0.0,2,OPTIMAL,True,2.0,2.0,0.0,2,OPTIMAL,True,2.0,2.0,0.0,2,OPTIMAL,True,2.0,2.0,0.0,2,2,2,2,1,1,2,1,1,2,2,2.0,4,16,16,3,15,3,15,2,2,2,8
4,4,2,4,0.0,0.0,0.3,0,dense,runner_up,0.100277,2,OPTIMAL,True,2.0,2.0,0.0,2,OPTIMAL,True,2.0,2.0,0.0,2,OPTIMAL,True,2.0,2.0,0.0,2,OPTIMAL,True,2.0,2.0,0.0,2,OPTIMAL,True,2.0,2.0,0.0,2,OPTIMAL,True,2.0,2.0,0.0,2,OPTIMAL,True,2.0,2.0,0.0,2,OPTIMAL,True,2.0,2.0,0.0,2,OPTIMAL,True,2.0,2.0,0.0,2,OPTIMAL,True,2.0,2.0,0.0,2,2,2,2,0,0,1,0,0,2,2,2.0,4,16,16,2,9,2,9,2,2,2,8
4,4,2,4,0.0,0.2,0.1,0,dense,runner_up,0.100082,2,OPTIMAL,True,2.0,2.0,0.0,2,OPTIMAL,True,2.0,2.0,0.0,2,OPTIMAL,True,2.0,2.0,0.0,2,OPTIMAL,True,2.0,2.0,0.0,2,OPTIMAL,True,2.0,2.0,0.0,2,OPTIMAL,True,2.0,2.0,0.0,1,OPTIMAL,True,1.0,1.0,0.0,2,OPTIMAL,True,2.0,2.0,0.0,1,OPTIMAL,True,1.0,1.0,0.0,2,OPTIMAL,True,2.0,2.0,0.0,2,2,2,2,1,1,2,1,1,1,2,1.75,4,16,16,2,12,2,12,1,2,1,5
4,4,2,4,0.0,0.2,0.3,0,dense,runner_up,0.100652,2,OPTIMAL,True,2.0,2.0,0.0,2,OPTIMAL,True,2.0,2.0,0.0,2,OPTIMAL,True,2.0,2.0,0.0,2,OPTIMAL,True,2.0,2.0,0.0,2,OPTIMAL,True,2.0,2.0,0.0,2,OPTIMAL,True,2.0,2.0,0.0,1,OPTIMAL,True,1.0,1.0,0.0,1,OPTIMAL,True,1.0,1.0,0.0,1,OPTIMAL,True,1.0,1.0,0.0,2,OPTIMAL,True,2.0,2.0,0.0,2,2,2,2,0,0,1,0,0,1,2,1.5,4,16,16,1,7,1,7,1,1,1,4
4,4,2,4,0.2,0.0,0.1,0,dense,runner_up,0.100511,1,OPTIMAL,True,1.0,1.0,0.0,1,OPTIMAL,True,1.0,1.0,0.0,1,OPTIMAL,True,1.0,1.0,0.0,1,OPTIMAL,True,1.0,1.0,0.0,2,OPTIMAL,True,2.0,2.0,0.0,2,OPTIMAL,True,2.0,2.0,0.0,1,OPTIMAL,True,1.0,1.0,0.0,2,OPTIMAL,True,2.0,2.0,0.0,1,OPTIMAL,True,1.0,1.0,0.0,2,OPTIMAL,True,2.0,2.0,0.0,1,1,1,2,0,0,2,0,0,1,2,1.75,2,13,13,1,10,1,10,1,2,1,7
4,4,2,4,0.2,0.0,0.3,0,dense,runner_up,0.099725,1,OPTIMAL,True,1.0,1.0,0.0,1,OPTIMAL,True,1.0,1.0,0.0,1,OPTIMAL,True,1.0,1.0,0.0,1,OPTIMAL,True,1.0,1.0,0.0,2,OPTIMAL,True,2.0,2.0,0.0,2,OPTIMAL,True,2.0,2.0,0.0,1,OPTIMAL,True,1.0,1.0,0.0,1,OPTIMAL,True,1.0,1.0,0.0,1,OPTIMAL,True,1.0,1.0,0.0,2,OPTIMAL,True,2.0,2.0,0.0,1,1,1,2,0,0,1,0,0,1,2,1.25,2,13,13,1,7,1,7,1,2,1,5
4,4,2,4,0.2,0.2,0.1,0,dense,runner_up,0.100874,1,OPTIMAL,True,1.0,1.0,0.0,1,OPTIMAL,True,1.0,1.0,0.0,1,OPTIMAL,True,1.0,1.0,0.0,1,OPTIMAL,True,1.0,1.0,0.0,2,OPTIMAL,True,2.0,2.0,0.0,2,OPTIMAL,True,2.0,2.0,0.0,1,OPTIMAL,True,1.0,1.0,0.0,2,OPTIMAL,True,2.0,2.0,0.0,1,OPTIMAL,True,1.0,1.0,0.0,2,OPTIMAL,True,2.0,2.0,0.0,1,1,1,2,0,0,2,0,0,1,2,1.5,2,13,13,1,9,1,9,1,2,1,6
4,4,2,4,0.2,0.2,0.3,0,dense,runner_up,0.120011,1,OPTIMAL,True,1.0,1.0,0.0,1,OPTIMAL,True,1.0,1.0,0.0,1,OPTIMAL,True,1.0,1.0,0.0,1,OPTIMAL,True,1.0,1.0,0.0,2,OPTIMAL,True,2.0,2.0,0.0,2,OPTIMAL,True,2.0,2.0,0.0,1,OPTIMAL,True,1.0,1.0,0.0,1,OPTIMAL,True,1.0,1.0,0.0,1,OPTIMAL,True,1.0,1.0,0.0,2,OPTIMAL,True,2.0,2.0,0.0,1,1,1,2,0,0,1,0,0,1,2,1.25,2,13,13,1,7,1,7,1,2,1,5
4,4,2,6,0.0,0.0,0.1,0,dense,runner_up,0.103435,2,OPTIMAL,True,2.0,2.0,0.0,2,OPTIMAL,True,2.0,2.0,0.0,2,OPTIMAL,True,2.0,2.0,0.0,2,OPTIMAL,True,2.0,2.0,0.0,2,OPTIMAL,True,2.0,2.0,0.0,2,OPTIMAL,True,2.0,2.0,0.0,2,OPTIMAL,True,2.0,2.0,0.0,2,OPTIMAL,True,2.0,2.0,0.0,2,OPTIMAL,True,2.0,2.0,0.0,2,OPTIMAL,True,2.0,2.0,0.0,2,2,2,2,1,1,2,1,1,2,2,2.0,4,16,16,3,15,3,15,2,2,2,8
4,4,2,6,0.0,0.0,0.3,0,dense,runner_up,0.103612,2,OPTIMAL,True,2.0,2.0,0.0,2,OPTIMAL,True,2.0,2.0,0.0,2,OPTIMAL,True,2.0,2.0,0.0,2,OPTIMAL,True,2.0,2.0,0.0,2,OPTIMAL,True,2.0,2.0,0.0,2,OPTIMAL,True,2.0,2.0,0.0,2,OPTIMAL,True,2.0,2.0,0.0,2,OPTIMAL,True,2.0,2.0,0.0,2,OPTIMAL,True,2.0,2.0,0.0,2,OPTIMAL,True,2.0,2.0,0.0,2,2,2,2,0,0,1,0,0,2,2,2.0,4,16,16,2,9,2,9,2,2,2,8
4,4,2,6,0.0,0.2,0.1,0,dense,runner_up,0.108254,2,OPTIMAL,True,2.0,2.0,0.0,2,OPTIMAL,True,2.0,2.0,0.0,2,OPTIMAL,True,2.0,2.0,0.0,2,OPTIMAL,True,2.0,2.0,0.0,2,OPTIMAL,True,2.0,2.0,0.0,2,OPTIMAL,True,2.0,2.0,0.0,2,OPTIMAL,True,2.0,2.0,0.0,2,OPTIMAL,True,2.0,2.0,0.0,2,OPTIMAL,True,2.0,2.0,0.0,2,OPTIMAL,True,2.0,2.0,0.0,2,2,2,2,1,1,2,1,1,2,2,2.0,4,16,16,3,13,3,13,1,2,1,5
4,4,2,6,0.0,0.2,0.3,0,dense,runner_up,0.102320,2,OPTIMAL,True,2.0,2.0,0.0,2,OPTIMAL,True,2.0,2.0,0.0,2,OPTIMAL,True,2.0,2.0,0.0,2,OPTIMAL,True,2.0,2.0,0.0,2,OPTIMAL,True,2.0,2.0,0.0,2,OPTIMAL,True,2.0,2.0,0.0,1,OPTIMAL,True,1.0,1.0,0.0,1,OPTIMAL,True,1.0,1.0,0.0,1,OPTIMAL,True,1.0,1.0,0.0,2,OPTIMAL,True,2.0,2.0,0.0,2,2,2,2,0,0,1,0,0,1,2,1.5,4,16,16,1,7,1,7,1,1,1,4
4,4,2,6,0.2,0.0,0.1,0,dense,runner_up,0.103615,1,OPTIMAL,True,1.0,1.0,0.0,1,OPTIMAL,True,1.0,1.0,0.0,1,OPTIMAL,True,1.0,1.0,0.0,1,OPTIMAL,True,1.0,1.0,0.0,2,OPTIMAL,True,2.0,2.0,0.0,2,OPTIMAL,True,2.0,2.0,0.0,1,OPTIMAL,True,1.0,1.0,0.0,2,OPTIMAL,True,2.0,2.0,0.0,1,OPTIMAL,True,1.0,1.0,0.0,2,OPTIMAL,True,2.0,2.0,0.0,1,1,1,2,0,0,2,0,0,1,2,1.75,2,13,13,1,10,1,10,1,2,1,7
4,4,2,6,0.2,0.0,0.3,0,dense,runner_up,0.102394,1,OPTIMAL,True,1.0,1.0,0.0,1,OPTIMAL,True,1.0,1.0,0.0,1,OPTIMAL,True,1.0,1.0,0.0,1,OPTIMAL,True,1.0,1.0,0.0,2,OPTIMAL,True,2.0,2.0,0.0,2,OPTIMAL,True,2.0,2.0,0.0,1,OPTIMAL,True,1.0,1.0,0.0,1,OPTIMAL,True,1.0,1.0,0.0,1,OPTIMAL,True,1.0,1.0,0.0,2,OPTIMAL,True,2.0,2.0,0.0,1,1,1,2,0,0,1,0,0,1,2,1.25,2,13,13,1,7,1,7,1,2,1,5
4,4,2,6,0.2,0.2,0.1,0,dense,runner_up,0.113054,1,OPTIMAL,True,1.0,1.0,0.0,1,OPTIMAL,True,1.0,1.0,0.0,1,OPTIMAL,True,1.0,1.0,0.0,1,OPTIMAL,True,1.0,1.0,0.0,2,OPTIMAL,True,2.0,2.0,0.0,2,OPTIMAL,True,2.0,2.0,0.0,1,OPTIMAL,True,1.0,1.0,0.0,2,OPTIMAL,True,2.0,2.0,0.0,1,OPTIMAL,True,1.0,1.0,0.0,2,OPTIMAL,True,2.0,2.0,0.0,1,1,1,2,0,0,1,0,0,1,2,1.75,2,13,13,1,9,1,9,1,2,1,6
4,4,2,6,0.2,0.2,0.3,0,dense,runner_up,0.101605,1,OPTIMAL,True,1.0,1.0,0.0,1,OPTIMAL,True,1.0,1.0,0.0,1,OPTIMAL,True,1.0,1.0,0.0,1,OPTIMAL,True,1.0,1.0,0.0,2,OPTIMAL,True,2.0,2.0,0.0,2,OPTIMAL,True,2.0,2.0,0.0,1,OPTIMAL,True,1.0,1.0,0.0,1,OPTIMAL,True,1.0,1.0,0.0,1,OPTIMAL,True,1.0,1.0,0.0,1,OPTIMAL,True,1.0,1.0,0.0,1,1,1,2,0,0,1,0,0,1,1,1.0,2,13,13,1,6,1,6,1,1,1,4
4,4,2,8,0.0,0.0,0.1,0,dense,runner_up,0.105252,2,OPTIMAL,True,2.0,2.0,0.0,2,OPTIMAL,True,2.0,2.0,0.0,2,OPTIMAL,True,2.0,2.0,0.0,2,OPTIMAL,True,2.0,2.0,0.0,2,OPTIMAL,True,2.0,2.0,0.0,2,OPTIMAL,True,2.0,2.0,0.0,2,OPTIMAL,True,2.0,2.0,0.0,2,OPTIMAL,True,2.0,2.0,0.0,2,OPTIMAL,True,2.0,2.0,0.0,2,OPTIMAL,True,2.0,2.0,0.0,2,2,2,2,1,1,2,1,1,2,2,2.0,4,16,16,3,15,3,15,2,2,2,8
4,4,2,8,0.0,0.0,0.3,0,dense,runner_up,0.104832,2,OPTIMAL,True,2.0,2.0,0.0,2,OPTIMAL,True,2.0,2.0,0.0,2,OPTIMAL,True,2.0,2.0,0.0,2,OPTIMAL,True,2.0,2.0,0.0,2,OPTIMAL,True,2.0,2.0,0.0,2,OPTIMAL,True,2.0,2.0,0.0,2,OPTIMAL,True,2.0,2.0,0.0,2,OPTIMAL,True,2.0,2.0,0.0,2,OPTIMAL,True,2.0,2.0,0.0,2,OPTIMAL,True,2.0,2.0,0.0,2,2,2,2,0,0,1,0,0,2,2,2.0,4,16,16,2,9,2,9,2,2,2,8
4,4,2,8,0.0,0.2,0.1,0,dense,runner_up,0.112816,2,OPTIMAL,True,2.0,2.0,0.0,2,OPTIMAL,True,2.0,2.0,0.0,2,OPTIMAL,True,2.0,2.0,0.0,2,OPTIMAL,True,2.0,2.0,0.0,2,OPTIMAL,True,2.0,2.0,0.0,2,OPTIMAL,True,2.0,2.0,0.0,2,OPTIMAL,True,2.0,2.0,0.0,2,OPTIMAL,True,2.0,2.0,0.0,2,OPTIMAL,True,2.0,2.0,0.0,2,OPTIMAL,True,2.0,2.0,0.0,2,2,2,2,1,1,2,1,1,2,2,2.0,4,16,16,3,13,3,13,1,2,1,5
4,4,2,8,0.0,0.2,0.3,0,dense,runner_up,0.105304,2,OPTIMAL,True,2.0,2.0,0.0,2,OPTIMAL,True,2.0,2.0,0.0,2,OPTIMAL,True,2.0,2.0,0.0,2,OPTIMAL,True,2.0,2.0,0.0,2,OPTIMAL,True,2.0,2.0,0.0,2,OPTIMAL,True,2.0,2.0,0.0,1,OPTIMAL,True,1.0,1.0,0.0,1,OPTIMAL,True,1.0,1.0,0.0,1,OPTIMAL,True,1.0,1.0,0.0,2,OPTIMAL,True,2.0,2.0,0.0,2,2,2,2,0,0,1,0,0,1,2,1.5,4,16,16,1,7,1,7,1,1,1,4
4,4,2,8,0.2,0.0,0.1,0,dense,runner_up,0.105420,1,OPTIMAL,True,1.0,1.0,0.0,1,OPTIMAL,True,1.0,1.0,0.0,1,OPTIMAL,True,1.0,1.0,0.0,1,OPTIMAL,True,1.0,1.0,0.0,2,OPTIMAL,True,2.0,2.0,0.0,2,OPTIMAL,True,2.0,2.0,0.0,1,OPTIMAL,True,1.0,1.0,0.0,2,OPTIMAL,True,2.0,2.0,0.0,1,OPTIMAL,True,1.0,1.0,0.0,2,OPTIMAL,True,2.0,2.0,0.0,1,1,1,2,0,0,2,0,0,1,2,1.75,2,13,13,1,10,1,10,1,2,1,7
4,4,2,8,0.2,0.0,0.3,0,dense,runner_up,0.104464,1,OPTIMAL,True,1.0,1.0,0.0,1,OPTIMAL,True,1.0,1.0,0.0,1,OPTIMAL,True,1.0,1.0,0.0,1,OPTIMAL,True,1.0,1.0,0.0,2,OPTIMAL,True,2.0,2.0,0.0,2,OPTIMAL,True,2.0,2.0,0.0,1,OPTIMAL,True,1.0,1.0,0.0,1,OPTIMAL,True,1.0,1.0,0.0,1,OPTIMAL,True,1.0,1.0,0.0,2,OPTIMAL,True,2.0,2.0,0.0,1,1,1,2,0,0,1,0,0,1,2,1.25,2,13,13,1,7,1,7,1,2,1,5
4,4,2,8,0.2,0.2,0.1,0,dense,runner_up,0.104797,1,OPTIMAL,True,1.0,1.0,0.0,1,OPTIMAL,True,1.0,1.0,0.0,1,OPTIMAL,True,1.0,1.0,0.0,1,OPTIMAL,True,1.0,1.0,0.0,2,OPTIMAL,True,2.0,2.0,0.0,2,OPTIMAL,True,2.0,2.0,0.0,1,OPTIMAL,True,1.0,1.0,0.0,2,OPTIMAL,True,2.0,2.0,0.0,1,OPTIMAL,True,1.0,1.0,0.0,2,OPTIMAL,True,2.0,2.0,0.0,1,1,1,2,0,0,2,0,0,1,2,1.5,2,13,13,1,9,1,9,1,2,1,6
4,4,2,8,0.2,0.2,0.3,0,dense,runner_up,0.105010,1,OPTIMAL,True,1.0,1.0,0.0,1,OPTIMAL,True,1.0,1.0,0.0,1,OPTIMAL,True,1.0,1.0,0.0,1,OPTIMAL,True,1.0,1.0,0.0,2,OPTIMAL,True,2.0,2.0,0.0,2,OPTIMAL,True,2.0,2.0,0.0,1,OPTIMAL,True,1.0,1.0,0.0,1,OPTIMAL,True,1.0,1.0,0.0,1,OPTIMAL,True,1.0,1.0,0.0,2,OPTIMAL,True,2.0,2.0,0.0,1,1,1,2,0,0,1,0,0,1,2,1.25,2,13,13,1,7,1,7,1,2,1,5
4,4,3,4,0.0,0.0,0.1,0,dense,runner_up,0.105379,2,OPTIMAL,True,2.0,2.0,0.0,2,OPTIMAL,True,2.0,2.0,0.0,2,OPTIMAL,True,2.0,2.0,0.0,2,OPTIMAL,True,2.0,2.0,0.0,2,OPTIMAL,True,2.0,2.0,0.0,2,OPTIMAL,True,2.0,2.0,0.0,2,OPTIMAL,True,2.0,2.0,0.0,2,OPTIMAL,True,2.0,2.0,0.0,2,OPTIMAL,True,2.0,2.0,0.0,2,OPTIMAL,True,2.0,2.0,0.0,2,2,2,2,0,0,2,0,0,2,2,2.0,6,24,24,3,20,3,20,1,2,1,7
4,4,3,4,0.0,0.0,0.3,0,dense,runner_up,0.104713,2,OPTIMAL,True,2.0,2.0,0.0,2,OPTIMAL,True,2.0,2.0,0.0,2,OPTIMAL,True,2.0,2.0,0.0,2,OPTIMAL,True,2.0,2.0,0.0,2,OPTIMAL,True,2.0,2.0,0.0,2,OPTIMAL,True,2.0,2.0,0.0,1,OPTIMAL,True,1.0,1.0,0.0,1,OPTIMAL,True,1.0,1.0,0.0,1,OPTIMAL,True,1.0,1.0,0.0,2,OPTIMAL,True,2.0,2.0,0.0,2,2,2,2,0,0,0,0,0,1,2,1.5,6,24,24,1,9,1,9,1,2,1,5
4,4,3,4,0.0,0.2,0.1,0,dense,runner_up,0.105693,2,OPTIMAL,True,2.0,2.0,0.0,2,OPTIMAL,True,2.0,2.0,0.0,2,OPTIMAL,True,2.0,2.0,0.0,2,OPTIMAL,True,2.0,2.0,0.0,2,OPTIMAL,True,2.0,2.0,0.0,2,OPTIMAL,True,2.0,2.0,0.0,2,OPTIMAL,True,2.0,2.0,0.0,2,OPTIMAL,True,2.0,2.0,0.0,2,OPTIMAL,True,2.0,2.0,0.0,2,OPTIMAL,True,2.0,2.0,0.0,2,2,2,2,0,0,2,0,0,2,2,2.0,6,24,24,3,19,3,19,1,2,1,6
4,4,3,4,0.0,0.2,0.3,0,dense,runner_up,0.105632,2,OPTIMAL,True,2.0,2.0,0.0,2,OPTIMAL,True,2.0,2.0,0.0,2,OPTIMAL,True,2.0,2.0,0.0,2,OPTIMAL,True,2.0,2.0,0.0,2,OPTIMAL,True,2.0,2.0,0.0,2,OPTIMAL,True,2.0,2.0,0.0,1,OPTIMAL,True,1.0,1.0,0.0,1,OPTIMAL,True,1.0,1.0,0.0,1,OPTIMAL,True,1.0,1.0,0.0,2,OPTIMAL,True,2.0,2.0,0.0,2,2,2,2,0,0,0,0,0,1,2,1.5,6,24,24,1,9,1,9,1,1,1,4
4,4,3,4,0.2,0.0,0.1,0,dense,runner_up,0.105129,1,OPTIMAL,True,1.0,1.0,0.0,1,OPTIMAL,True,1.0,1.0,0.0,1,OPTIMAL,True,1.0,1.0,0.0,1,OPTIMAL,True,1.0,1.0,0.0,1,OPTIMAL,True,1.0,1.0,0.0,2,OPTIMAL,True,2.0,2.0,0.0,2,OPTIMAL,True,2.0,2.0,0.0,2,OPTIMAL,True,2.0,2.0,0.0,2,OPTIMAL,True,2.0,2.0,0.0,2,OPTIMAL,True,2.0,2.0,0.0,1,1,1,1,0,0,2,0,0,2,2,2.0,3,16,16,3,18,3,18,1,2,1,7
4,4,3,4,0.2,0.0,0.3,0,dense,runner_up,0.104223,1,OPTIMAL,True,1.0,1.0,0.0,1,OPTIMAL,True,1.0,1.0,0.0,1,OPTIMAL,True,1.0,1.0,0.0,1,OPTIMAL,True,1.0,1.0,0.0,1,OPTIMAL,True,1.0,1.0,0.0,2,OPTIMAL,True,2.0,2.0,0.0,1,OPTIMAL,True,1.0,1.0,0.0,1,OPTIMAL,True,1.0,1.0,0.0,1,OPTIMAL,True,1.0,1.0,0.0,2,OPTIMAL,True,2.0,2.0,0.0,1,1,1,1,0,0,1,0,0,1,2,1.5,3,16,16,2,12,2,12,1,2,1,5
4,4,3,4,0.2,0.2,0.1,0,dense,runner_up,0.105771,1,OPTIMAL,True,1.0,1.0,0.0,1,OPTIMAL,True,1.0,1.0,0.0,1,OPTIMAL,True,1.0,1.0,0.0,1,OPTIMAL,True,1.0,1.0,0.0,1,OPTIMAL,True,1.0,1.0,0.0,2,OPTIMAL,True,2.0,2.0,0.0,2,OPTIMAL,True,2.0,2.0,0.0,2,OPTIMAL,True,2.0,2.0,0.0,2,OPTIMAL,True,2.0,2.0,0.0,2,OPTIMAL,True,2.0,2.0,0.0,1,1,1,1,0,0,2,0,0,2,2,2.0,3,16,16,3,18,3,18,1,2,1,5
4,4,3,4,0.2,0.2,0.3,0,dense,runner_up,0.103779,1,OPTIMAL,True,1.0,1.0,0.0,1,OPTIMAL,True,1.0,1.0,0.0,1,OPTIMAL,True,1.0,1.0,0.0,1,OPTIMAL,True,1.0,1.0,0.0,1,OPTIMAL,True,1.0,1.0,0.0,2,OPTIMAL,True,2.0,2.0,0.0,1,OPTIMAL,True,1.0,1.0,0.0,1,OPTIMAL,True,1.0,1.0,0.0,1,OPTIMAL,True,1.0,1.0,0.0,2,OPTIMAL,True,2.0,2.0,0.0,1,1,1,1,0,0,1,0,0,1,2,1.5,3,16,16,2,12,2,12,1,1,1,4
4,4,3,6,0.0,0.0,0.1,0,dense,runner_up,0.123274,2,OPTIMAL,True,2.0,2.0,0.0,2,OPTIMAL,True,2.0,2.0,0.0,2,OPTIMAL,True,2.0,2.0,0.0,2,OPTIMAL,True,2.0,2.0,0.0,2,OPTIMAL,True,2.0,2.0,0.0,2,OPTIMAL,True,2.0,2.0,0.0,2,OPTIMAL,True,2.0,2.0,0.0,2,OPTIMAL,True,2.0,2.0,0.0,2,OPTIMAL,True,2.0,2.0,0.0,2,OPTIMAL,True,2.0,2.0,0.0,2,2,2,2,0,0,2,0,0,2,2,2.0,6,24,24,3,20,3,20,1,2,1,7
4,4,3,6,0.0,0.0,0.3,0,dense,runner_up,0.108757,2,OPTIMAL,True,2.0,2.0,0.0,2,OPTIMAL,True,2.0,2.0,0.0,2,OPTIMAL,True,2.0,2.0,0.0,2,OPTIMAL,True,2.0,2.0,0.0,2,OPTIMAL,True,2.0,2.0,0.0,2,OPTIMAL,True,2.0,2.0,0.0,1,OPTIMAL,True,1.0,1.0,0.0,1,OPTIMAL,True,1.0,1.0,0.0,1,OPTIMAL,True,1.0,1.0,0.0,2,OPTIMAL,True,2.0,2.0,0.0,2,2,2,2,0,0,0,0,0,1,2,1.5,6,24,24,1,9,1,9,1,2,1,5
4,4,3,6,0.0,0.2,0.1,0,dense,runner_up,0.111779,2,OPTIMAL,True,2.0,2.0,0.0,2,OPTIMAL,True,2.0,2.0,0.0,2,OPTIMAL,True,2.0,2.0,0.0,2,OPTIMAL,True,2.0,2.0,0.0,2,OPTIMAL,True,2.0,2.0,0.0,2,OPTIMAL,True,2.0,2.0,0.0,2,OPTIMAL,True,2.0,2.0,0.0,2,OPTIMAL,True,2.0,2.0,0.0,2,OPTIMAL,True,2.0,2.0,0.0,2,OPTIMAL,True,2.0,2.0,0.0,2,2,2,2,0,0,2,0,0,2,2,2.0,6,24,24,3,19,3,19,1,2,1,6
4,4,3,6,0.0,0.2,0.3,0,dense,runner_up,0.108725,2,OPTIMAL,True,2.0,2.0,0.0,2,OPTIMAL,True,2.0,2.0,0.0,2,OPTIMAL,True,2.0,2.0,0.0,2,OPTIMAL,True,2.0,2.0,0.0,2,OPTIMAL,True,2.0,2.0,0.0,2,OPTIMAL,True,2.0,2.0,0.0,1,OPTIMAL,True,1.0,1.0,0.0,1,OPTIMAL,True,1.0,1.0,0.0,1,OPTIMAL,True,1.0,1.0,0.0,2,OPTIMAL,True,2.0,2.0,0.0,2,2,2,2,0,0,0,0,0,1,2,1.5,6,24,24,1,8,1,8,1,1,1,4
4,4,3,6,0.2,0.0,0.1,0,dense,runner_up,0.109698,0,OPTIMAL,True,0.0,0.0,0.0,0,OPTIMAL,True,0.0,0.0,0.0,0,OPTIMAL,True,0.0,0.0,0.0,1,OPTIMAL,True,1.0,1.0,0.0,1,OPTIMAL,True,1.0,1.0,0.0,2,OPTIMAL,True,2.0,2.0,0.0,2,OPTIMAL,True,2.0,2.0,0.0,2,OPTIMAL,True,2.0,2.0,0.0,2,OPTIMAL,True,2.0,2.0,0.0,2,OPTIMAL,True,2.0,2.0,0.0,0,0,0,1,0,0,2,0,0,2,2,2.0,3,15,15,3,18,3,18,1,2,1,7
4,4,3,6,0.2,0.0,0.3,0,dense,runner_up,0.107998,0,OPTIMAL,True,0.0,0.0,0.0,0,OPTIMAL,True,0.0,0.0,0.0,0,OPTIMAL,True,0.0,0.0,0.0,1,OPTIMAL,True,1.0,1.0,0.0,1,OPTIMAL,True,1.0,1.0,0.0,2,OPTIMAL,True,2.0,2.0,0.0,1,OPTIMAL,True,1.0,1.0,0.0,1,OPTIMAL,True,1.0,1.0,0.0,1,OPTIMAL,True,1.0,1.0,0.0,2,OPTIMAL,True,2.0,2.0,0.0,0,0,0,1,0,0,1,0,0,1,2,1.5,3,15,15,2,12,2,12,1,2,1,5
4,4,3,6,0.2,0.2,0.1,0,dense,runner_up,0.115153,0,OPTIMAL,True,0.0,0.0,0.0,0,OPTIMAL,True,0.0,0.0,0.0,0,OPTIMAL,True,0.0,0.0,0.0,1,OPTIMAL,True,1.0,1.0,0.0,1,OPTIMAL,True,1.0,1.0,0.0,2,OPTIMAL,True,2.0,2.0,0.0,2,OPTIMAL,True,2.0,2.0,0.0,2,OPTIMAL,True,2.0,2.0,0.0,2,OPTIMAL,True,2.0,2.0,0.0,2,OPTIMAL,True,2.0,2.0,0.0,0,0,0,1,0,0,2,0,0,2,2,2.0,3,15,15,3,17,3,17,1,2,1,5
4,4,3,6,0.2,0.2,0.3,0,dense,runner_up,0.107939,0,OPTIMAL,True,0.0,0.0,0.0,0,OPTIMAL,True,0.0,0.0,0.0,0,OPTIMAL,True,0.0,0.0,0.0,1,OPTIMAL,True,1.0,1.0,0.0,1,OPTIMAL,True,1.0,1.0,0.0,2,OPTIMAL,True,2.0,2.0,0.0,1,OPTIMAL,True,1.0,1.0,0.0,1,OPTIMAL,True,1.0,1.0,0.0,1,OPTIMAL,True,1.0,1.0,0.0,2,OPTIMAL,True,2.0,2.0,0.0,0,0,0,1,0,0,1,0,0,1,2,1.5,3,15,15,2,11,2,11,1,1,1,4
4,4,3,8,0.0,0.0,0.1,0,dense,runner_up,0.114619,2,OPTIMAL,True,2.0,2.0,0.0,2,OPTIMAL,True,2.0,2.0,0.0,2,OPTIMAL,True,2.0,2.0,0.0,2,OPTIMAL,True,2.0,2.0,0.0,2,OPTIMAL,True,2.0,2.0,0.0,2,OPTIMAL,True,2.0,2.0,0.0,2,OPTIMAL,True,2.0,2.0,0.0,2,OPTIMAL,True,2.0,2.0,0.0,2,OPTIMAL,True,2.0,2.0,0.0,2,OPTIMAL,True,2.0,2.0,0.0,2,2,2,2,0,0,2,0,0,2,2,2.0,6,24,24,3,20,3,20,1,2,1,7
4,4,3,8,0.0,0.0,0.3,0,dense,runner_up,0.112715,2,OPTIMAL,True,2.0,2.0,0.0,2,OPTIMAL,True,2.0,2.0,0.0,2,OPTIMAL,True,2.0,2.0,0.0,2,OPTIMAL,True,2.0,2.0,0.0,2,OPTIMAL,True,2.0,2.0,0.0,2,OPTIMAL,True,2.0,2.0,0.0,1,OPTIMAL,True,1.0,1.0,0.0,1,OPTIMAL,True,1.0,1.0,0.0,1,OPTIMAL,True,1.0,1.0,0.0,2,OPTIMAL,True,2.0,2.0,0.0,2,2,2,2,0,0,0,0,0,1,2,1.5,6,24,24,1,9,1,9,1,2,1,5
4,4,3,8,0.0,0.2,0.1,0,dense,runner_up,0.114145,2,OPTIMAL,True,2.0,2.0,0.0,2,OPTIMAL,True,2.0,2.0,0.0,2,OPTIMAL,True,2.0,2.0,0.0,2,OPTIMAL,True,2.0,2.0,0.0,2,OPTIMAL,True,2.0,2.0,0.0,2,OPTIMAL,True,2.0,2.0,0.0,2,OPTIMAL,True,2.0,2.0,0.0,2,OPTIMAL,True,2.0,2.0,0.0,2,OPTIMAL,True,2.0,2.0,0.0,2,OPTIMAL,True,2.0,2.0,0.0,2,2,2,2,0,0,2,0,0,2,2,2.0,6,24,24,3,19,3,19,1,2,1,6
4,4,3,8,0.0,0.2,0.3,0,dense,runner_up,0.112732,2,OPTIMAL,True,2.0,2.0,0.0,2,OPTIMAL,True,2.0,2.0,0.0,2,OPTIMAL,True,2.0,2.0,0.0,2,OPTIMAL,True,2.0,2.0,0.0,2,OPTIMAL,True,2.0,2.0,0.0,2,OPTIMAL,True,2.0,2.0,0.0,1,OPTIMAL,True,1.0,1.0,0.0,1,OPTIMAL,True,1.0,1.0,0.0,1,OPTIMAL,True,1.0,1.0,0.0,2,OPTIMAL,True,2.0,2.0,0.0,2,2,2,2,0,0,0,0,0,1,2,1.5,6,24,24,1,9,1,9,1,1,1,4
4,4,3,8,0.2,0.0,0.1,0,dense,runner_up,0.111796,0,OPTIMAL,True,0.0,0.0,0.0,0,OPTIMAL,True,0.0,0.0,0.0,0,OPTIMAL,True,0.0,0.0,0.0,1,OPTIMAL,True,1.0,1.0,0.0,1,OPTIMAL,True,1.0,1.0,0.0,2,OPTIMAL,True,2.0,2.0,0.0,2,OPTIMAL,True,2.0,2.0,0.0,2,OPTIMAL,True,2.0,2.0,0.0,2,OPTIMAL,True,2.0,2.0,0.0,2,OPTIMAL,True,2.0,2.0,0.0,0,0,0,1,0,0,2,0,0,2,2,2.0,3,15,15,3,18,3,18,1,2,1,7
4,4,3,8,0.2,0.0,0.3,0,dense,runner_up,0.111517,0,OPTIMAL,True,0.0,0.0,0.0,0,OPTIMAL,True,0.0,0.0,0.0,0,OPTIMAL,True,0.0,0.0,0.0,1,OPTIMAL,True,1.0,1.0,0.0,1,OPTIMAL,True,1.0,1.0,0.0,2,OPTIMAL,True,2.0,2.0,0.0,1,OPTIMAL,True,1.0,1.0,0.0,1,OPTIMAL,True,1.0,1.0,0.0,1,OPTIMAL,True,1.0,1.0,0.0,2,OPTIMAL,True,2.0,2.0,0.0,0,0,0,1,0,0,1,0,0,1,2,1.5,3,15,15,2,12,2,12,1,2,1,5
4,4,3,8,0.2,0.2,0.1,0,dense,runner_up,0.113263,0,OPTIMAL,True,0.0,0.0,0.0,0,OPTIMAL,True,0.0,0.0,0.0,0,OPTIMAL,True,0.0,0.0,0.0,1,OPTIMAL,True,1.0,1.0,0.0,1,OPTIMAL,True,1.0,1.0,0.0,2,OPTIMAL,True,2.0,2.0,0.0,2,OPTIMAL,True,2.0,2.0,0.0,2,OPTIMAL,True,2.0,2.0,0.0,2,OPTIMAL,True,2.0,2.0,0.0,2,OPTIMAL,True,2.0,2.0,0.0,0,0,0,1,0,0,2,0,0,2,2,2.0,3,15,15,3,18,3,18,1,2,1,5
4,4,3,8,0.2,0.2,0.3,0,dense,runner_up,0.136187,0,OPTIMAL,True,0.0,0.0,0.0,0,OPTIMAL,True,0.0,0.0,0.0,0,OPTIMAL,True,0.0,0.0,0.0,1,OPTIMAL,True,1.0,1.0,0.0,1,OPTIMAL,True,1.0,1.0,0.0,2,OPTIMAL,True,2.0,2.0,0.0,1,OPTIMAL,True,1.0,1.0,0.0,1,OPTIMAL,True,1.0,1.0,0.0,1,OPTIMAL,True,1.0,1.0,0.0,2,OPTIMAL,True,2.0,2.0,0.0,0,0,0,1,0,0,1,0,0,1,2,1.5,3,15,15,2,12,2,12,1,1,1,4
4,4,4,4,0.0,0.0,0.1,0,dense,runner_up,0.109787,2,OPTIMAL,True,2.0,2.0,0.0,2,OPTIMAL,True,2.0,2.0,0.0,2,OPTIMAL,True,2.0,2.0,0.0,2,OPTIMAL,True,2.0,2.0,0.0,2,OPTIMAL,True,2.0,2.0,0.0,2,OPTIMAL,True,2.0,2.0,0.0,2,OPTIMAL,True,2.0,2.0,0.0,2,OPTIMAL,True,2.0,2.0,0.0,2,OPTIMAL,True,2.0,2.0,0.0,2,OPTIMAL,True,2.0,2.0,0.0,2,2,2,2,0,0,2,0,0,2,2,2.0,8,32,32,5,28,5,28,1,2,1,7
4,4,4,4,0.0,0.0,0.3,0,dense,runner_up,0.110152,2,OPTIMAL,True,2.0,2.0,0.0,2,OPTIMAL,True,2.0,2.0,0.0,2,OPTIMAL,True,2.0,2.0,0.0,2,OPTIMAL,True,2.0,2.0,0.0,2,OPTIMAL,True,2.0,2.0,0.0,2,OPTIMAL,True,2.0,2.0,0.0,1,OPTIMAL,True,1.0,1.0,0.0,1,OPTIMAL,True,1.0,1.0,0.0,1,OPTIMAL,True,1.0,1.0,0.0,2,OPTIMAL,True,2.0,2.0,0.0,2,2,2,2,0,0,1,0,0,1,2,1.75,8,32,32,3,16,3,16,1,2,1,5
4,4,4,4,0.0,0.2,0.1,0,dense,runner_up,0.111345,2,OPTIMAL,True,2.0,2.0,0.0,2,OPTIMAL,True,2.0,2.0,0.0,2,OPTIMAL,True,2.0,2.0,0.0,2,OPTIMAL,True,2.0,2.0,0.0,2,OPTIMAL,True,2.0,2.0,0.0,2,OPTIMAL,True,2.0,2.0,0.0,2,OPTIMAL,True,2.0,2.0,0.0,2,OPTIMAL,True,2.0,2.0,0.0,2,OPTIMAL,True,2.0,2.0,0.0,2,OPTIMAL,True,2.0,2.0,0.0,2,2,2,2,0,0,2,0,0,2,2,2.0,8,32,32,5,25,5,25,1,2,1,5
4,4,4,4,0.0,0.2,0.3,0,dense,runner_up,0.109944,2,OPTIMAL,True,2.0,2.0,0.0,2,OPTIMAL,True,2.0,2.0,0.0,2,OPTIMAL,True,2.0,2.0,0.0,2,OPTIMAL,True,2.0,2.0,0.0,2,OPTIMAL,True,2.0,2.0,0.0,2,OPTIMAL,True,2.0,2.0,0.0,1,OPTIMAL,True,1.0,1.0,0.0,1,OPTIMAL,True,1.0,1.0,0.0,1,OPTIMAL,True,1.0,1.0,0.0,2,OPTIMAL,True,2.0,2.0,0.0,2,2,2,2,0,0,1,0,0,1,2,1.75,8,32,32,2,14,2,14,1,1,1,4
4,4,4,4,0.2,0.0,0.1,0,dense,runner_up,0.109868,0,OPTIMAL,True,0.0,0.0,0.0,0,OPTIMAL,True,0.0,0.0,0.0,0,OPTIMAL,True,0.0,0.0,0.0,2,OPTIMAL,True,2.0,2.0,0.0,1,OPTIMAL,True,1.0,1.0,0.0,2,OPTIMAL,True,2.0,2.0,0.0,2,OPTIMAL,True,2.0,2.0,0.0,2,OPTIMAL,True,2.0,2.0,0.0,2,OPTIMAL,True,2.0,2.0,0.0,2,OPTIMAL,True,2.0,2.0,0.0,0,0,0,1,0,0,2,0,0,2,2,2.0,4,21,21,4,23,4,23,1,2,1,6
4,4,4,4,0.2,0.0,0.3,0,dense,runner_up,0.110082,0,OPTIMAL,True,0.0,0.0,0.0,0,OPTIMAL,True,0.0,0.0,0.0,0,OPTIMAL,True,0.0,0.0,0.0,2,OPTIMAL,True,2.0,2.0,0.0,1,OPTIMAL,True,1.0,1.0,0.0,2,OPTIMAL,True,2.0,2.0,0.0,1,OPTIMAL,True,1.0,1.0,0.0,1,OPTIMAL,True,1.0,1.0,0.0,1,OPTIMAL,True,1.0,1.0,0.0,2,OPTIMAL,True,2.0,2.0,0.0,0,0,0,1,0,0,1,0,0,1,2,1.75,4,21,21,2,13,2,13,1,2,1,5
4,4,4,4,0.2,0.2,0.1,0,dense,runner_up,0.109617,0,OPTIMAL,True,0.0,0.0,0.0,0,OPTIMAL,True,0.0,0.0,0.0,0,OPTIMAL,True,0.0,0.0,0.0,2,OPTIMAL,True,2.0,2.0,0.0,1,OPTIMAL,True,1.0,1.0,0.0,2,OPTIMAL,True,2.0,2.0,0.0,2,OPTIMAL,True,2.0,2.0,0.0,2,OPTIMAL,True,2.0,2.0,0.0,2,OPTIMAL,True,2.0,2.0,0.0,2,OPTIMAL,True,2.0,2.0,0.0,0,0,0,1,0,0,2,0,0,2,2,2.0,4,21,21,2,18,2,18,1,2,1,5
4,4,4,4,0.2,0.2,0.3,0,dense,runner_up,0.109150,0,OPTIMAL,True,0.0,0.0,0.0,0,OPTIMAL,True,0.0,0.0,0.0,0,OPTIMAL,True,0.0,0.0,0.0,2,OPTIMAL,True,2.0,2.0,0.0,1,OPTIMAL,True,1.0,1.0,0.0,2,OPTIMAL,True,2.0,2.0,0.0,1,OPTIMAL,True,1.0,1.0,0.0,1,OPTIMAL,True,1.0,1.0,0.0,1,OPTIMAL,True,1.0,1.0,0.0,2,OPTIMAL,True,2.0,2.0,0.0,0,0,0,1,0,0,1,0,0,1,2,1.75,4,21,21,1,10,1,10,1,1,1,4
4,4,4,6,0.0,0.0,0.1,0,dense,runner_up,0.114842,2,OPTIMAL,True,2.0,2.0,0.0,2,OPTIMAL,True,2.0,2.0,0.0,2,OPTIMAL,True,2.0,2.0,0.0,2,OPTIMAL,True,2.0,2.0,0.0,2,OPTIMAL,True,2.0,2.0,0.0,2,OPTIMAL,True,2.0,2.0,0.0,2,OPTIMAL,True,2.0,2.0,0.0,2,OPTIMAL,True,2.0,2.0,0.0,2,OPTIMAL,True,2.0,2.0,0.0,2,OPTIMAL,True,2.0,2.0,0.0,2,2,2,2,0,0,2,0,0,2,2,2.0,8,32,32,5,28,5,28,1,2,1,7
4,4,4,6,0.0,0.0,0.3,0,dense,runner_up,0.114780,2,OPTIMAL,True,2.0,2.0,0.0,2,OPTIMAL,True,2.0,2.0,0.0,2,OPTIMAL,True,2.0,2.0,0.0,2,OPTIMAL,True,2.0,2.0,0.0,2,OPTIMAL,True,2.0,2.0,0.0,2,OPTIMAL,True,2.0,2.0,0.0,1,OPTIMAL,True,1.0,1.0,0.0,1,OPTIMAL,True,1.0,1.0,0.0,1,OPTIMAL,True,1.0,1.0,0.0,2,OPTIMAL,True,2.0,2.0,0.0,2,2,2,2,0,0,1,0,0,1,2,1.75,8,32,32,3,16,3,16,1,2,1,5
4,4,4,6,0.0,0.2,0.1,0,dense,runner_up,0.116789,2,OPTIMAL,True,2.0,2.0,0.0,2,OPTIMAL,True,2.0,2.0,0.0,2,OPTIMAL,True,2.0,2.0,0.0,2,OPTIMAL,True,2.0,2.0,0.0,2,OPTIMAL,True,2.0,2.0,0.0,2,OPTIMAL,True,2.0,2.0,0.0,2,OPTIMAL,True,2.0,2.0,0.0,2,OPTIMAL,True,2.0,2.0,0.0,2,OPTIMAL,True,2.0,2.0,0.0,2,OPTIMAL,True,2.0,2.0,0.0,2,2,2,2,0,0,2,0,0,2,2,2.0,8,32,32,5,28,5,28,1,2,1,5
4,4,4,6,0.0,0.2,0.3,0,dense,runner_up,0.114766,2,OPTIMAL,True,2.0,2.0,0.0,2,OPTIMAL,True,2.0,2.0,0.0,2,OPTIMAL,True,2.0,2.0,0.0,2,OPTIMAL,True,2.0,2.0,0.0,2,OPTIMAL,True,2.0,2.0,0.0,2,OPTIMAL,True,2.0,2.0,0.0,1,OPTIMAL,True,1.0,1.0,0.0,1,OPTIMAL,True,1.0,1.0,0.0,1,OPTIMAL,True,1.0,1.0,0.0,2,OPTIMAL,True,2.0,2.0,0.0,2,2,2,2,0,0,1,0,0,1,2,1.75,8,32,32,3,16,3,16,1,1,1,4
4,4,4,6,0.2,0.0,0.1,0,dense,runner_up,0.122848,0,OPTIMAL,True,0.0,0.0,0.0,0,OPTIMAL,True,0.0,0.0,0.0,0,OPTIMAL,True,0.0,0.0,0.0,2,OPTIMAL,True,2.0,2.0,0.0,1,OPTIMAL,True,1.0,1.0,0.0,2,OPTIMAL,True,2.0,2.0,0.0,2,OPTIMAL,True,2.0,2.0,0.0,2,OPTIMAL,True,2.0,2.0,0.0,2,OPTIMAL,True,2.0,2.0,0.0,2,OPTIMAL,True,2.0,2.0,0.0,0,0,0,1,0,0,2,0,0,2,2,2.0,5,22,22,4,23,4,23,1,2,1,6
4,4,4,6,0.2,0.0,0.3,0,dense,runner_up,0.114594,0,OPTIMAL,True,0.0,0.0,0.0,0,OPTIMAL,True,0.0,0.0,0.0,0,OPTIMAL,True,0.0,0.0,0.0,2,OPTIMAL,True,2.0,2.0,0.0,1,OPTIMAL,True,1.0,1.0,0.0,2,OPTIMAL,True,2.0,2.0,0.0,1,OPTIMAL,True,1.0,1.0,0.0,1,OPTIMAL,True,1.0,1.0,0.0,1,OPTIMAL,True,1.0,1.0,0.0,2,OPTIMAL,True,2.0,2.0,0.0,0,0,0,1,0,0,1,0,0,1,2,1.75,5,22,22,2,13,2,13,1,2,1,5
4,4,4,6,0.2,0.2,0.1,0,dense,runner_up,0.115359,0,OPTIMAL,True,0.0,0.0,0.0,0,OPTIMAL,True,0.0,0.0,0.0,0,OPTIMAL,True,0.0,0.0,0.0,2,OPTIMAL,True,2.0,2.0,0.0,1,OPTIMAL,True,1.0,1.0,0.0,2,OPTIMAL,True,2.0,2.0,0.0,2,OPTIMAL,True,2.0,2.0,0.0,2,OPTIMAL,True,2.0,2.0,0.0,2,OPTIMAL,True,2.0,2.0,0.0,2,OPTIMAL,True,2.0,2.0,0.0,0,0,0,1,0,0,2,0,0,2,2,2.0,5,22,22,2,18,2,18,1,2,1,5
4,4,4,6,0.2,0.2,0.3,0,dense,runner_up,0.114463,0,OPTIMAL,True,0.0,0.0,0.0,0,OPTIMAL,True,0.0,0.0,0.0,0,OPTIMAL,True,0.0,0.0,0.0,2,OPTIMAL,True,2.0,2.0,0.0,1,OPTIMAL,True,1.0,1.0,0.0,2,OPTIMAL,True,2.0,2.0,0.0,1,OPTIMAL,True,1.0,1.0,0.0,1,OPTIMAL,True,1.0,1.0,0.0,1,OPTIMAL,True,1.0,1.0,0.0,2,OPTIMAL,True,2.0,2.0,0.0,0,0,0,1,0,0,1,0,0,1,2,1.75,5,22,22,2,12,2,12,1,1,1,4
4,4,4,8,0.0,0.0,0.1,0,dense,runner_up,0.120603,2,OPTIMAL,True,2.0,2.0,0.0,2,OPTIMAL,True,2.0,2.0,0.0,2,OPTIMAL,True,2.0,2.0,0.0,2,OPTIMAL,True,2.0,2.0,0.0,2,OPTIMAL,True,2.0,2.0,0.0,2,OPTIMAL,True,2.0,2.0,0.0,2,OPTIMAL,True,2.0,2.0,0.0,2,OPTIMAL,True,2.0,2.0,0.0,2,OPTIMAL,True,2.0,2.0,0.0,2,OPTIMAL,True,2.0,2.0,0.0,2,2,2,2,0,0,2,0,0,2,2,2.0,8,32,32,5,28,5,28,1,2,1,7
4,4,4,8,0.0,0.0,0.3,0,dense,runner_up,0.120569,2,OPTIMAL,True,2.0,2.0,0.0,2,OPTIMAL,True,2.0,2.0,0.0,2,OPTIMAL,True,2.0,2.0,0.0,2,OPTIMAL,True,2.0,2.0,0.0,2,OPTIMAL,True,2.0,2.0,0.0,2,OPTIMAL,True,2.0,2.0,0.0,1,OPTIMAL,True,1.0,1.0,0.0,1,OPTIMAL,True,1.0,1.0,0.0,1,OPTIMAL,True,1.0,1.0,0.0,2,OPTIMAL,True,2.0,2.0,0.0,2,2,2,2,0,0,1,0,0,1,2,1.75,8,32,32,3,16,3,16,1,2,1,5
4,4,4,8,0.0,0.2,0.1,0,dense,runner_up,0.120984,2,OPTIMAL,True,2.0,2.0,0.0,2,OPTIMAL,True,2.0,2.0,0.0,2,OPTIMAL,True,2.0,2.0,0.0,2,OPTIMAL,True,2.0,2.0,0.0,2,OPTIMAL,True,2.0,2.0,0.0,2,OPTIMAL,True,2.0,2.0,0.0,2,OPTIMAL,True,2.0,2.0,0.0,2,OPTIMAL,True,2.0,2.0,0.0,2,OPTIMAL,True,2.0,2.0,0.0,2,OPTIMAL,True,2.0,2.0,0.0,2,2,2,2,0,0,2,0,0,2,2,2.0,8,32,32,4,27,4,27,1,2,1,5
4,4,4,8,0.0,0.2,0.3,0,dense,runner_up,0.120400,2,OPTIMAL,True,2.0,2.0,0.0,2,OPTIMAL,True,2.0,2.0,0.0,2,OPTIMAL,True,2.0,2.0,0.0,2,OPTIMAL,True,2.0,2.0,0.0,2,OPTIMAL,True,2.0,2.0,0.0,2,OPTIMAL,True,2.0,2.0,0.0,1,OPTIMAL,True,1.0,1.0,0.0,1,OPTIMAL,True,1.0,1.0,0.0,1,OPTIMAL,True,1.0,1.0,0.0,2,OPTIMAL,True,2.0,2.0,0.0,2,2,2,2,0,0,1,0,0,1,2,1.75,8,32,32,3,16,3,16,1,1,1,4
4,4,4,8,0.2,0.0,0.1,0,dense,runner_up,0.121397,1,OPTIMAL,True,1.0,1.0,0.0,1,OPTIMAL,True,1.0,1.0,0.0,1,OPTIMAL,True,1.0,1.0,0.0,2,OPTIMAL,True,2.0,2.0,0.0,1,OPTIMAL,True,1.0,1.0,0.0,2,OPTIMAL,True,2.0,2.0,0.0,2,OPTIMAL,True,2.0,2.0,0.0,2,OPTIMAL,True,2.0,2.0,0.0,2,OPTIMAL,True,2.0,2.0,0.0,2,OPTIMAL,True,2.0,2.0,0.0,1,1,1,1,0,0,2,0,0,2,2,2.0,5,23,23,4,23,4,23,1,2,1,6
4,4,4,8,0.2,0.0,0.3,0,dense,runner_up,0.119838,1,OPTIMAL,True,1.0,1.0,0.0,1,OPTIMAL,True,1.0,1.0,0.0,1,OPTIMAL,True,1.0,1.0,0.0,2,OPTIMAL,True,2.0,2.0,0.0,1,OPTIMAL,True,1.0,1.0,0.0,2,OPTIMAL,True,2.0,2.0,0.0,1,OPTIMAL,True,1.0,1.0,0.0,1,OPTIMAL,True,1.0,1.0,0.0,1,OPTIMAL,True,1.0,1.0,0.0,2,OPTIMAL,True,2.0,2.0,0.0,1,1,1,1,0,0,1,0,0,1,2,1.75,5,23,23,2,13,2,13,1,2,1,5
4,4,4,8,0.2,0.2,0.1,0,dense,runner_up,0.120975,1,OPTIMAL,True,1.0,1.0,0.0,1,OPTIMAL,True,1.0,1.0,0.0,1,OPTIMAL,True,1.0,1.0,0.0,2,OPTIMAL,True,2.0,2.0,0.0,1,OPTIMAL,True,1.0,1.0,0.0,2,OPTIMAL,True,2.0,2.0,0.0,2,OPTIMAL,True,2.0,2.0,0.0,2,OPTIMAL,True,2.0,2.0,0.0,2,OPTIMAL,True,2.0,2.0,0.0,2,OPTIMAL,True,2.0,2.0,0.0,1,1,1,1,0,0,2,0,0,2,2,2.0,5,23,23,3,20,3,20,1,2,1,5
4,4,4,8,0.2,0.2,0.3,0,dense,runner_up,0.120733,1,OPTIMAL,True,1.0,1.0,0.0,1,OPTIMAL,True,1.0,1.0,0.0,1,OPTIMAL,True,1.0,1.0,0.0,2,OPTIMAL,True,2.0,2.0,0.0,1,OPTIMAL,True,1.0,1.0,0.0,2,OPTIMAL,True,2.0,2.0,0.0,1,OPTIMAL,True,1.0,1.0,0.0,1,OPTIMAL,True,1.0,1.0,0.0,1,OPTIMAL,True,1.0,1.0,0.0,2,OPTIMAL,True,2.0,2.0,0.0,1,1,1,1,0,0,1,0,0,1,2,1.75,5,23,23,2,12,2,12,1,1,1,4
4,4,5,4,0.0,0.0,0.1,0,dense,runner_up,0.115576,2,OPTIMAL,True,2.0,2.0,0.0,2,OPTIMAL,True,2.0,2.0,0.0,2,OPTIMAL,True,2.0,2.0,0.0,2,OPTIMAL,True,2.0,2.0,0.0,2,OPTIMAL,True,2.0,2.0,0.0,2,OPTIMAL,True,2.0,2.0,0.0,2,OPTIMAL,True,2.0,2.0,0.0,1,OPTIMAL,True,1.0,1.0,0.0,2,OPTIMAL,True,2.0,2.0,0.0,2,OPTIMAL,True,2.0,2.0,0.0,2,2,2,2,0,0,1,0,0,2,2,2.0,10,40,40,6,27,6,27,1,2,1,5
4,4,5,4,0.0,0.0,0.3,0,dense,runner_up,0.114883,2,OPTIMAL,True,2.0,2.0,0.0,2,OPTIMAL,True,2.0,2.0,0.0,2,OPTIMAL,True,2.0,2.0,0.0,2,OPTIMAL,True,2.0,2.0,0.0,2,OPTIMAL,True,2.0,2.0,0.0,2,OPTIMAL,True,2.0,2.0,0.0,1,OPTIMAL,True,1.0,1.0,0.0,1,OPTIMAL,True,1.0,1.0,0.0,1,OPTIMAL,True,1.0,1.0,0.0,2,OPTIMAL,True,2.0,2.0,0.0,2,2,2,2,0,0,0,0,0,1,2,1.5,10,40,40,3,18,3,18,1,1,1,4
4,4,5,4,0.0,0.2,0.1,0,dense,runner_up,0.115346,2,OPTIMAL,True,2.0,2.0,0.0,2,OPTIMAL,True,2.0,2.0,0.0,2,OPTIMAL,True,2.0,2.0,0.0,2,OPTIMAL,True,2.0,2.0,0.0,2,OPTIMAL,True,2.0,2.0,0.0,2,OPTIMAL,True,2.0,2.0,0.0,2,OPTIMAL,True,2.0,2.0,0.0,1,OPTIMAL,True,1.0,1.0,0.0,2,OPTIMAL,True,2.0,2.0,0.0,2,OPTIMAL,True,2.0,2.0,0.0,2,2,2,2,0,0,1,0,0,2,2,2.0,10,40,40,6,25,6,25,1,1,1,4
4,4,5,4,0.0,0.2,0.3,0,dense,runner_up,0.114243,2,OPTIMAL,True,2.0,2.0,0.0,2,OPTIMAL,True,2.0,2.0,0.0,2,OPTIMAL,True,2.0,2.0,0.0,2,OPTIMAL,True,2.0,2.0,0.0,2,OPTIMAL,True,2.0,2.0,0.0,2,OPTIMAL,True,2.0,2.0,0.0,1,OPTIMAL,True,1.0,1.0,0.0,1,OPTIMAL,True,1.0,1.0,0.0,1,OPTIMAL,True,1.0,1.0,0.0,2,OPTIMAL,True,2.0,2.0,0.0,2,2,2,2,0,0,0,0,0,1,2,1.5,10,40,40,2,17,2,17,1,1,1,4
4,4,5,4,0.2,0.0,0.1,0,dense,runner_up,0.116985,0,OPTIMAL,True,0.0,0.0,0.0,0,OPTIMAL,True,0.0,0.0,0.0,0,OPTIMAL,True,0.0,0.0,0.0,2,OPTIMAL,True,2.0,2.0,0.0,1,OPTIMAL,True,1.0,1.0,0.0,2,OPTIMAL,True,2.0,2.0,0.0,2,OPTIMAL,True,2.0,2.0,0.0,2,OPTIMAL,True,2.0,2.0,0.0,2,OPTIMAL,True,2.0,2.0,0.0,2,OPTIMAL,True,2.0,2.0,0.0,0,0,0,1,0,0,1,0,0,2,2,2.0,5,26,26,7,29,7,29,1,1,1,4
4,4,5,4,0.2,0.0,0.3,0,dense,runner_up,0.118616,0,OPTIMAL,True,0.0,0.0,0.0,0,OPTIMAL,True,0.0,0.0,0.0,0,OPTIMAL,True,0.0,0.0,0.0,2,OPTIMAL,True,2.0,2.0,0.0,1,OPTIMAL,True,1.0,1.0,0.0,2,OPTIMAL,True,2.0,2.0,0.0,1,OPTIMAL,True,1.0,1.0,0.0,2,OPTIMAL,True,2.0,2.0,0.0,1,OPTIMAL,True,1.0,1.0,0.0,2,OPTIMAL,True,2.0,2.0,0.0,0,0,0,1,0,0,0,0,0,1,2,1.75,5,26,26,4,23,4,23,1,2,1,5
4,4,5,4,0.2,0.2,0.1,0,dense,runner_up,0.116725,0,OPTIMAL,True,0.0,0.0,0.0,0,OPTIMAL,True,0.0,0.0,0.0,0,OPTIMAL,True,0.0,0.0,0.0,2,OPTIMAL,True,2.0,2.0,0.0,1,OPTIMAL,True,1.0,1.0,0.0,2,OPTIMAL,True,2.0,2.0,0.0,2,OPTIMAL,True,2.0,2.0,0.0,2,OPTIMAL,True,2.0,2.0,0.0,2,OPTIMAL,True,2.0,2.0,0.0,2,OPTIMAL,True,2.0,2.0,0.0,0,0,0,1,0,0,1,0,0,2,2,2.0,5,26,26,4,23,4,23,1,1,1,4
4,4,5,4,0.2,0.2,0.3,0,dense,runner_up,0.116262,0,OPTIMAL,True,0.0,0.0,0.0,0,OPTIMAL,True,0.0,0.0,0.0,0,OPTIMAL,True,0.0,0.0,0.0,2,OPTIMAL,True,2.0,2.0,0.0,1,OPTIMAL,True,1.0,1.0,0.0,2,OPTIMAL,True,2.0,2.0,0.0,1,OPTIMAL,True,1.0,1.0,0.0,2,OPTIMAL,True,2.0,2.0,0.0,1,OPTIMAL,True,1.0,1.0,0.0,2,OPTIMAL,True,2.0,2.0,0.0,0,0,0,1,0,0,0,0,0,1,2,1.75,5,26,26,3,20,3,20,1,1,1,4
4,4,5,6,0.0,0.0,0.1,0,dense,runner_up,0.122288,2,OPTIMAL,True,2.0,2.0,0.0,2,OPTIMAL,True,2.0,2.0,0.0,2,OPTIMAL,True,2.0,2.0,0.0,2,OPTIMAL,True,2.0,2.0,0.0,2,OPTIMAL,True,2.0,2.0,0.0,2,OPTIMAL,True,2.0,2.0,0.0,2,OPTIMAL,True,2.0,2.0,0.0,1,OPTIMAL,True,1.0,1.0,0.0,2,OPTIMAL,True,2.0,2.0,0.0,2,OPTIMAL,True,2.0,2.0,0.0,2,2,2,2,0,0,1,0,0,2,2,2.0,10,40,40,6,27,6,27,1,2,1,5
4,4,5,6,0.0,0.0,0.3,0,dense,runner_up,0.120642,2,OPTIMAL,True,2.0,2.0,0.0,2,OPTIMAL,True,2.0,2.0,0.0,2,OPTIMAL,True,2.0,2.0,0.0,2,OPTIMAL,True,2.0,2.0,0.0,2,OPTIMAL,True,2.0,2.0,0.0,2,OPTIMAL,True,2.0,2.0,0.0,1,OPTIMAL,True,1.0,1.0,0.0,1,OPTIMAL,True,1.0,1.0,0.0,1,OPTIMAL,True,1.0,1.0,0.0,2,OPTIMAL,True,2.0,2.0,0.0,2,2,2,2,0,0,0,0,0,1,2,1.5,10,40,40,3,18,3,18,1,1,1,4
4,4,5,6,0.0,0.2,0.1,0,dense,runner_up,0.121678,2,OPTIMAL,True,2.0,2.0,0.0,2,OPTIMAL,True,2.0,2.0,0.0,2,OPTIMAL,True,2.0,2.0,0.0,2,OPTIMAL,True,2.0,2.0,0.0,2,OPTIMAL,True,2.0,2.0,0.0,2,OPTIMAL,True,2.0,2.0,0.0,2,OPTIMAL,True,2.0,2.0,0.0,1,OPTIMAL,True,1.0,1.0,0.0,2,OPTIMAL,True,2.0,2.0,0.0,2,OPTIMAL,True,2.0,2.0,0.0,2,2,2,2,0,0,1,0,0,2,2,2.0,10,40,40,6,25,6,25,1,1,1,4
4,4,5,6,0.0,0.2,0.3,0,dense,runner_up,0.120451,2,OPTIMAL,True,2.0,2.0,0.0,2,OPTIMAL,True,2.0,2.0,0.0,2,OPTIMAL,True,2.0,2.0,0.0,2,OPTIMAL,True,2.0,2.0,0.0,2,OPTIMAL,True,2.0,2.0,0.0,2,OPTIMAL,True,2.0,2.0,0.0,1,OPTIMAL,True,1.0,1.0,0.0,1,OPTIMAL,True,1.0,1.0,0.0,1,OPTIMAL,True,1.0,1.0,0.0,2,OPTIMAL,True,2.0,2.0,0.0,2,2,2,2,0,0,0,0,0,1,2,1.5,10,40,40,2,17,2,17,1,1,1,4
4,4,5,6,0.2,0.0,0.1,0,dense,runner_up,0.121233,0,OPTIMAL,True,0.0,0.0,0.0,0,OPTIMAL,True,0.0,0.0,0.0,0,OPTIMAL,True,0.0,0.0,0.0,2,OPTIMAL,True,2.0,2.0,0.0,1,OPTIMAL,True,1.0,1.0,0.0,2,OPTIMAL,True,2.0,2.0,0.0,2,OPTIMAL,True,2.0,2.0,0.0,2,OPTIMAL,True,2.0,2.0,0.0,2,OPTIMAL,True,2.0,2.0,0.0,2,OPTIMAL,True,2.0,2.0,0.0,0,0,0,1,0,0,1,0,0,2,2,2.0,6,28,28,7,29,7,29,1,1,1,4
4,4,5,6,0.2,0.0,0.3,0,dense,runner_up,0.120407,0,OPTIMAL,True,0.0,0.0,0.0,0,OPTIMAL,True,0.0,0.0,0.0,0,OPTIMAL,True,0.0,0.0,0.0,2,OPTIMAL,True,2.0,2.0,0.0,1,OPTIMAL,True,1.0,1.0,0.0,2,OPTIMAL,True,2.0,2.0,0.0,1,OPTIMAL,True,1.0,1.0,0.0,2,OPTIMAL,True,2.0,2.0,0.0,1,OPTIMAL,True,1.0,1.0,0.0,2,OPTIMAL,True,2.0,2.0,0.0,0,0,0,1,0,0,0,0,0,1,2,1.75,6,28,28,4,23,4,23,1,2,1,5
4,4,5,6,0.2,0.2,0.1,0,dense,runner_up,0.123134,0,OPTIMAL,True,0.0,0.0,0.0,0,OPTIMAL,True,0.0,0.0,0.0,0,OPTIMAL,True,0.0,0.0,0.0,2,OPTIMAL,True,2.0,2.0,0.0,1,OPTIMAL,True,1.0,1.0,0.0,2,OPTIMAL,True,2.0,2.0,0.0,2,OPTIMAL,True,2.0,2.0,0.0,1,OPTIMAL,True,1.0,1.0,0.0,2,OPTIMAL,True,2.0,2.0,0.0,2,OPTIMAL,True,2.0,2.0,0.0,0,0,0,1,0,0,1,0,0,2,2,2.0,6,28,28,5,25,5,25,1,1,1,4
4,4,5,6,0.2,0.2,0.3,0,dense,runner_up,0.120132,0,OPTIMAL,True,0.0,0.0,0.0,0,OPTIMAL,True,0.0,0.0,0.0,0,OPTIMAL,True,0.0,0.0,0.0,2,OPTIMAL,True,2.0,2.0,0.0,1,OPTIMAL,True,1.0,1.0,0.0,2,OPTIMAL,True,2.0,2.0,0.0,1,OPTIMAL,True,1.0,1.0,0.0,1,OPTIMAL,True,1.0,1.0,0.0,1,OPTIMAL,True,1.0,1.0,0.0,2,OPTIMAL,True,2.0,2.0,0.0,0,0,0,1,0,0,0,0,0,1,2,1.75,6,28,28,3,21,3,21,1,1,1,4
4,4,5,8,0.0,0.0,0.1,0,dense,runner_up,0.127931,2,OPTIMAL,True,2.0,2.0,0.0,2,OPTIMAL,True,2.0,2.0,0.0,2,OPTIMAL,True,2.0,2.0,0.0,2,OPTIMAL,True,2.0,2.0,0.0,2,OPTIMAL,True,2.0,2.0,0.0,2,OPTIMAL,True,2.0,2.0,0.0,2,OPTIMAL,True,2.0,2.0,0.0,1,OPTIMAL,True,1.0,1.0,0.0,2,OPTIMAL,True,2.0,2.0,0.0,2,OPTIMAL,True,2.0,2.0,0.0,2,2,2,2,0,0,1,0,0,2,2,2.0,10,40,40,6,27,6,27,1,2,1,5
4,4,5,8,0.0,0.0,0.3,0,dense,runner_up,0.126596,2,OPTIMAL,True,2.0,2.0,0.0,2,OPTIMAL,True,2.0,2.0,0.0,2,OPTIMAL,True,2.0,2.0,0.0,2,OPTIMAL,True,2.0,2.0,0.0,2,OPTIMAL,True,2.0,2.0,0.0,2,OPTIMAL,True,2.0,2.0,0.0,1,OPTIMAL,True,1.0,1.0,0.0,1,OPTIMAL,True,1.0,1.0,0.0,1,OPTIMAL,True,1.0,1.0,0.0,2,OPTIMAL,True,2.0,2.0,0.0,2,2,2,2,0,0,0,0,0,1,2,1.5,10,40,40,3,18,3,18,1,1,1,4
4,4,5,8,0.0,0.2,0.1,0,dense,runner_up,0.127985,2,OPTIMAL,True,2.0,2.0,0.0,2,OPTIMAL,True,2.0,2.0,0.0,2,OPTIMAL,True,2.0,2.0,0.0,2,OPTIMAL,True,2.0,2.0,0.0,2,OPTIMAL,True,2.0,2.0,0.0,2,OPTIMAL,True,2.0,2.0,0.0,2,OPTIMAL,True,2.0,2.0,0.0,1,OPTIMAL,True,1.0,1.0,0.0,2,OPTIMAL,True,2.0,2.0,0.0,2,OPTIMAL,True,2.0,2.0,0.0,2,2,2,2,0,0,1,0,0,2,2,2.0,10,40,40,6,25,6,25,1,1,1,4
4,4,5,8,0.0,0.2,0.3,0,dense,runner_up,0.126901,2,OPTIMAL,True,2.0,2.0,0.0,2,OPTIMAL,True,2.0,2.0,0.0,2,OPTIMAL,True,2.0,2.0,0.0,2,OPTIMAL,True,2.0,2.0,0.0,2,OPTIMAL,True,2.0,2.0,0.0,2,OPTIMAL,True,2.0,2.0,0.0,1,OPTIMAL,True,1.0,1.0,0.0,1,OPTIMAL,True,1.0,1.0,0.0,1,OPTIMAL,True,1.0,1.0,0.0,2,OPTIMAL,True,2.0,2.0,0.0,2,2,2,2,0,0,0,0,0,1,2,1.5,10,40,40,2,17,2,17,1,1,1,4
4,4,5,8,0.2,0.0,0.1,0,dense,runner_up,0.128153,1,OPTIMAL,True,1.0,1.0,0.0,1,OPTIMAL,True,1.0,1.0,0.0,1,OPTIMAL,True,1.0,1.0,0.0,2,OPTIMAL,True,2.0,2.0,0.0,1,OPTIMAL,True,1.0,1.0,0.0,2,OPTIMAL,True,2.0,2.0,0.0,2,OPTIMAL,True,2.0,2.0,0.0,2,OPTIMAL,True,2.0,2.0,0.0,2,OPTIMAL,True,2.0,2.0,0.0,2,OPTIMAL,True,2.0,2.0,0.0,1,1,1,1,0,0,1,0,0,2,2,2.0,6,29,29,7,29,7,29,1,1,1,4
4,4,5,8,0.2,0.0,0.3,0,dense,runner_up,0.127958,1,OPTIMAL,True,1.0,1.0,0.0,1,OPTIMAL,True,1.0,1.0,0.0,1,OPTIMAL,True,1.0,1.0,0.0,2,OPTIMAL,True,2.0,2.0,0.0,1,OPTIMAL,True,1.0,1.0,0.0,2,OPTIMAL,True,2.0,2.0,0.0,1,OPTIMAL,True,1.0,1.0,0.0,2,OPTIMAL,True,2.0,2.0,0.0,1,OPTIMAL,True,1.0,1.0,0.0,2,OPTIMAL,True,2.0,2.0,0.0,1,1,1,1,0,0,0,0,0,1,2,1.75,6,29,29,4,23,4,23,1,2,1,5
4,4,5,8,0.2,0.2,0.1,0,dense,runner_up,0.129197,1,OPTIMAL,True,1.0,1.0,0.0,1,OPTIMAL,True,1.0,1.0,0.0,1,OPTIMAL,True,1.0,1.0,0.0,2,OPTIMAL,True,2.0,2.0,0.0,1,OPTIMAL,True,1.0,1.0,0.0,2,OPTIMAL,True,2.0,2.0,0.0,2,OPTIMAL,True,2.0,2.0,0.0,2,OPTIMAL,True,2.0,2.0,0.0,2,OPTIMAL,True,2.0,2.0,0.0,2,OPTIMAL,True,2.0,2.0,0.0,1,1,1,1,0,0,1,0,0,2,2,2.0,6,29,29,5,25,5,25,1,1,1,4
4,4,5,8,0.2,0.2,0.3,0,dense,runner_up,0.126672,1,OPTIMAL,True,1.0,1.0,0.0,1,OPTIMAL,True,1.0,1.0,0.0,1,OPTIMAL,True,1.0,1.0,0.0,2,OPTIMAL,True,2.0,2.0,0.0,1,OPTIMAL,True,1.0,1.0,0.0,2,OPTIMAL,True,2.0,2.0,0.0,1,OPTIMAL,True,1.0,1.0,0.0,1,OPTIMAL,True,1.0,1.0,0.0,1,OPTIMAL,True,1.0,1.0,0.0,2,OPTIMAL,True,2.0,2.0,0.0,1,1,1,1,0,0,0,0,0,1,2,1.75,6,29,29,3,21,3,21,1,1,1,4
6,2,2,4,0.0,0.0,0.1,0,dense,runner_up,0.096262,3,OPTIMAL,True,3.0,3.0,0.0,3,OPTIMAL,True,3.0,3.0,0.0,3,OPTIMAL,True,3.0,3.0,0.0,3,OPTIMAL,True,3.0,3.0,0.0,3,OPTIMAL,True,3.0,3.0,0.0,3,OPTIMAL,True,3.0,3.0,0.0,2,OPTIMAL,True,2.0,2.0,0.0,3,OPTIMAL,True,3.0,3.0,0.0,2,OPTIMAL,True,2.0,2.0,0.0,3,OPTIMAL,True,3.0,3.0,0.0,3,3,3,3,2,2,3,2,2,2,3,2.5,6,12,12,4,10,4,10,2,3,2,5
6,2,2,4,0.0,0.0,0.3,0,dense,runner_up,0.096539,3,OPTIMAL,True,3.0,3.0,0.0,3,OPTIMAL,True,3.0,3.0,0.0,3,OPTIMAL,True,3.0,3.0,0.0,3,OPTIMAL,True,3.0,3.0,0.0,3,OPTIMAL,True,3.0,3.0,0.0,3,OPTIMAL,True,3.0,3.0,0.0,1,OPTIMAL,True,1.0,1.0,0.0,1,OPTIMAL,True,1.0,1.0,0.0,1,OPTIMAL,True,1.0,1.0,0.0,3,OPTIMAL,True,3.0,3.0,0.0,3,3,3,3,1,1,1,1,1,1,3,2.0,6,12,12,2,6,2,6,1,2,1,3
6,2,2,4,0.0,0.2,0.1,0,dense,runner_up,0.096862,3,OPTIMAL,True,3.0,3.0,0.0,3,OPTIMAL,True,3.0,3.0,0.0,3,OPTIMAL,True,3.0,3.0,0.0,3,OPTIMAL,True,3.0,3.0,0.0,3,OPTIMAL,True,3.0,3.0,0.0,3,OPTIMAL,True,3.0,3.0,0.0,1,OPTIMAL,True,1.0,1.0,0.0,2,OPTIMAL,True,2.0,2.0,0.0,1,OPTIMAL,True,1.0,1.0,0.0,3,OPTIMAL,True,3.0,3.0,0.0,3,3,3,3,1,1,2,1,1,1,3,2.0,6,12,12,2,7,2,7,1,3,1,4
6,2,2,4,0.0,0.2,0.3,0,dense,runner_up,0.096006,3,OPTIMAL,True,3.0,3.0,0.0,3,OPTIMAL,True,3.0,3.0,0.0,3,OPTIMAL,True,3.0,3.0,0.0,3,OPTIMAL,True,3.0,3.0,0.0,3,OPTIMAL,True,3.0,3.0,0.0,3,OPTIMAL,True,3.0,3.0,0.0,0,OPTIMAL,True,0.0,0.0,0.0,1,OPTIMAL,True,1.0,1.0,0.0,0,OPTIMAL,True,0.0,0.0,0.0,3,OPTIMAL,True,3.0,3.0,0.0,3,3,3,3,0,0,1,0,0,0,3,1.5,6,12,12,0,4,0,4,0,2,0,2
6,2,2,4,0.2,0.0,0.1,0,dense,runner_up,0.097165,1,OPTIMAL,True,1.0,1.0,0.0,1,OPTIMAL,True,1.0,1.0,0.0,1,OPTIMAL,True,1.0,1.0,0.0,2,OPTIMAL,True,2.0,2.0,0.0,2,OPTIMAL,True,2.0,2.0,0.0,2,OPTIMAL,True,2.0,2.0,0.0,2,OPTIMAL,True,2.0,2.0,0.0,3,OPTIMAL,True,3.0,3.0,0.0,2,OPTIMAL,True,2.0,2.0,0.0,3,OPTIMAL,True,3.0,3.0,0.0,1,1,1,2,2,2,3,2,2,2,3,2.5,3,7,7,4,10,4,10,2,3,2,5
6,2,2,4,0.2,0.0,0.3,0,dense,runner_up,0.097764,1,OPTIMAL,True,1.0,1.0,0.0,1,OPTIMAL,True,1.0,1.0,0.0,1,OPTIMAL,True,1.0,1.0,0.0,2,OPTIMAL,True,2.0,2.0,0.0,2,OPTIMAL,True,2.0,2.0,0.0,2,OPTIMAL,True,2.0,2.0,0.0,1,OPTIMAL,True,1.0,1.0,0.0,1,OPTIMAL,True,1.0,1.0,0.0,1,OPTIMAL,True,1.0,1.0,0.0,3,OPTIMAL,True,3.0,3.0,0.0,1,1,1,2,0,0,1,0,0,1,3,2.0,3,7,7,1,5,1,5,1,2,1,3
6,2,2,4,0.2,0.2,0.1,0,dense,runner_up,0.097106,1,OPTIMAL,True,1.0,1.0,0.0,1,OPTIMAL,True,1.0,1.0,0.0,1,OPTIMAL,True,1.0,1.0,0.0,2,OPTIMAL,True,2.0,2.0,0.0,2,OPTIMAL,True,2.0,2.0,0.0,2,OPTIMAL,True,2.0,2.0,0.0,1,OPTIMAL,True,1.0,1.0,0.0,2,OPTIMAL,True,2.0,2.0,0.0,1,OPTIMAL,True,1.0,1.0,0.0,3,OPTIMAL,True,3.0,3.0,0.0,1,1,1,2,1,1,2,1,1,1,3,2.0,3,7,7,2,7,2,7,1,3,1,4
6,2,2,4,0.2,0.2,0.3,0,dense,runner_up,0.109264,1,OPTIMAL,True,1.0,1.0,0.0,1,OPTIMAL,True,1.0,1.0,0.0,1,OPTIMAL,True,1.0,1.0,0.0,2,OPTIMAL,True,2.0,2.0,0.0,2,OPTIMAL,True,2.0,2.0,0.0,2,OPTIMAL,True,2.0,2.0,0.0,0,OPTIMAL,True,0.0,0.0,0.0,1,OPTIMAL,True,1.0,1.0,0.0,0,OPTIMAL,True,0.0,0.0,0.0,3,OPTIMAL,True,3.0,3.0,0.0,1,1,1,2,0,0,1,0,0,0,3,1.5,3,7,7,0,4,0,4,0,2,0,2
6,2,2,6,0.0,0.0,0.1,0,dense,runner_up,0.097313,3,OPTIMAL,True,3.0,3.0,0.0,3,OPTIMAL,True,3.0,3.0,0.0,3,OPTIMAL,True,3.0,3.0,0.0,3,OPTIMAL,True,3.0,3.0,0.0,3,OPTIMAL,True,3.0,3.0,0.0,3,OPTIMAL,True,3.0,3.0,0.0,2,OPTIMAL,True,2.0,2.0,0.0,3,OPTIMAL,True,3.0,3.0,0.0,2,OPTIMAL,True,2.0,2.0,0.0,3,OPTIMAL,True,3.0,3.0,0.0,3,3,3,3,2,2,3,2,2,2,3,2.5,6,12,12,4,10,4,10,2,3,2,5
6,2,2,6,0.0,0.0,0.3,0,dense,runner_up,0.097756,3,OPTIMAL,True,3.0,3.0,0.0,3,OPTIMAL,True,3.0,3.0,0.0,3,OPTIMAL,True,3.0,3.0,0.0,3,OPTIMAL,True,3.0,3.0,0.0,3,OPTIMAL,True,3.0,3.0,0.0,3,OPTIMAL,True,3.0,3.0,0.0,1,OPTIMAL,True,1.0,1.0,0.0,1,OPTIMAL,True,1.0,1.0,0.0,1,OPTIMAL,True,1.0,1.0,0.0,3,OPTIMAL,True,3.0,3.0,0.0,3,3,3,3,1,1,1,1,1,1,3,2.0,6,12,12,2,6,2,6,1,2,1,3
6,2,2,6,0.0,0.2,0.1,0,dense,runner_up,0.097404,3,OPTIMAL,True,3.0,3.0,0.0,3,OPTIMAL,True,3.0,3.0,0.0,3,OPTIMAL,True,3.0,3.0,0.0,3,OPTIMAL,True,3.0,3.0,0.0,3,OPTIMAL,True,3.0,3.0,0.0,3,OPTIMAL,True,3.0,3.0,0.0,1,OPTIMAL,True,1.0,1.0,0.0,3,OPTIMAL,True,3.0,3.0,0.0,1,OPTIMAL,True,1.0,1.0,0.0,3,OPTIMAL,True,3.0,3.0,0.0,3,3,3,3,1,1,3,1,1,1,3,2.0,6,12,12,2,8,2,8,1,3,1,4
6,2,2,6,0.0,0.2,0.3,0,dense,runner_up,0.097692,3,OPTIMAL,True,3.0,3.0,0.0,3,OPTIMAL,True,3.0,3.0,0.0,3,OPTIMAL,True,3.0,3.0,0.0,3,OPTIMAL,True,3.0,3.0,0.0,3,OPTIMAL,True,3.0,3.0,0.0,3,OPTIMAL,True,3.0,3.0,0.0,0,OPTIMAL,True,0.0,0.0,0.0,1,OPTIMAL,True,1.0,1.0,0.0,0,OPTIMAL,True,0.0,0.0,0.0,3,OPTIMAL,True,3.0,3.0,0.0,3,3,3,3,0,0,1,0,0,0,3,1.5,6,12,12,0,4,0,4,0,2,0,2
6,2,2,6,0.2,0.0,0.1,0,dense,runner_up,0.097289,1,OPTIMAL,True,1.0,1.0,0.0,1,OPTIMAL,True,1.0,1.0,0.0,1,OPTIMAL,True,1.0,1.0,0.0,2,OPTIMAL,True,2.0,2.0,0.0,2,OPTIMAL,True,2.0,2.0,0.0,2,OPTIMAL,True,2.0,2.0,0.0,2,OPTIMAL,True,2.0,2.0,0.0,3,OPTIMAL,True,3.0,3.0,0.0,2,OPTIMAL,True,2.0,2.0,0.0,3,OPTIMAL,True,3.0,3.0,0.0,1,1,1,2,2,2,3,2,2,2,3,2.5,3,7,7,4,10,4,10,2,3,2,5
6,2,2,6,0.2,0.0,0.3,0,dense,runner_up,0.098657,1,OPTIMAL,True,1.0,1.0,0.0,1,OPTIMAL,True,1.0,1.0,0.0,1,OPTIMAL,True,1.0,1.0,0.0,2,OPTIMAL,True,2.0,2.0,0.0,2,OPTIMAL,True,2.0,2.0,0.0,2,OPTIMAL,True,2.0,2.0,0.0,1,OPTIMAL,True,1.0,1.0,0.0,1,OPTIMAL,True,1.0,1.0,0.0,1,OPTIMAL,True,1.0,1.0,0.0,3,OPTIMAL,True,3.0,3.0,0.0,1,1,1,2,0,0,1,0,0,1,3,2.0,3,7,7,1,5,1,5,1,2,1,3
6,2,2,6,0.2,0.2,0.1,0,dense,runner_up,0.098068,1,OPTIMAL,True,1.0,1.0,0.0,1,OPTIMAL,True,1.0,1.0,0.0,1,OPTIMAL,True,1.0,1.0,0.0,2,OPTIMAL,True,2.0,2.0,0.0,2,OPTIMAL,True,2.0,2.0,0.0,2,OPTIMAL,True,2.0,2.0,0.0,1,OPTIMAL,True,1.0,1.0,0.0,3,OPTIMAL,True,3.0,3.0,0.0,1,OPTIMAL,True,1.0,1.0,0.0,3,OPTIMAL,True,3.0,3.0,0.0,1,1,1,2,1,1,3,1,1,1,3,2.0,3,7,7,2,8,2,8,1,3,1,4
6,2,2,6,0.2,0.2,0.3,0,dense,runner_up,0.098214,1,OPTIMAL,True,1.0,1.0,0.0,1,OPTIMAL,True,1.0,1.0,0.0,1,OPTIMAL,True,1.0,1.0,0.0,2,OPTIMAL,True,2.0,2.0,0.0,2,OPTIMAL,True,2.0,2.0,0.0,2,OPTIMAL,True,2.0,2.0,0.0,0,OPTIMAL,True,0.0,0.0,0.0,1,OPTIMAL,True,1.0,1.0,0.0,0,OPTIMAL,True,0.0,0.0,0.0,3,OPTIMAL,True,3.0,3.0,0.0,1,1,1,2,0,0,1,0,0,0,3,1.5,3,7,7,0,4,0,4,0,2,0,2
6,2,2,8,0.0,0.0,0.1,0,dense,runner_up,0.098604,3,OPTIMAL,True,3.0,3.0,0.0,3,OPTIMAL,True,3.0,3.0,0.0,3,OPTIMAL,True,3.0,3.0,0.0,3,OPTIMAL,True,3.0,3.0,0.0,3,OPTIMAL,True,3.0,3.0,0.0,3,OPTIMAL,True,3.0,3.0,0.0,2,OPTIMAL,True,2.0,2.0,0.0,3,OPTIMAL,True,3.0,3.0,0.0,2,OPTIMAL,True,2.0,2.0,0.0,3,OPTIMAL,True,3.0,3.0,0.0,3,3,3,3,2,2,3,2,2,2,3,2.5,6,12,12,4,10,4,10,2,3,2,5
6,2,2,8,0.0,0.0,0.3,0,dense,runner_up,0.098951,3,OPTIMAL,True,3.0,3.0,0.0,3,OPTIMAL,True,3.0,3.0,0.0,3,OPTIMAL,True,3.0,3.0,0.0,3,OPTIMAL,True,3.0,3.0,0.0,3,OPTIMAL,True,3.0,3.0,0.0,3,OPTIMAL,True,3.0,3.0,0.0,1,OPTIMAL,True,1.0,1.0,0.0,1,OPTIMAL,True,1.0,1.0,0.0,1,OPTIMAL,True,1.0,1.0,0.0,3,OPTIMAL,True,3.0,3.0,0.0,3,3,3,3,1,1,1,1,1,1,3,2.0,6,12,12,2,6,2,6,1,2,1,3
6,2,2,8,0.0,0.2,0.1,0,dense,runner_up,0.098518,3,OPTIMAL,True,3.0,3.0,0.0,3,OPTIMAL,True,3.0,3.0,0.0,3,OPTIMAL,True,3.0,3.0,0.0,3,OPTIMAL,True,3.0,3.0,0.0,3,OPTIMAL,True,3.0,3.0,0.0,3,OPTIMAL,True,3.0,3.0,0.0,1,OPTIMAL,True,1.0,1.0,0.0,3,OPTIMAL,True,3.0,3.0,0.0,1,OPTIMAL,True,1.0,1.0,0.0,3,OPTIMAL,True,3.0,3.0,0.0,3,3,3,3,1,1,3,1,1,1,3,2.0,6,12,12,2,8,2,8,1,3,1,4
6,2,2,8,0.0,0.2,0.3,0,dense,runner_up,0.099152,3,OPTIMAL,True,3.0,3.0,0.0,3,OPTIMAL,True,3.0,3.0,0.0,3,OPTIMAL,True,3.0,3.0,0.0,3,OPTIMAL,True,3.0,3.0,0.0,3,OPTIMAL,True,3.0,3.0,0.0,3,OPTIMAL,True,3.0,3.0,0.0,1,OPTIMAL,True,1.0,1.0,0.0,1,OPTIMAL,True,1.0,1.0,0.0,1,OPTIMAL,True,1.0,1.0,0.0,3,OPTIMAL,True,3.0,3.0,0.0,3,3,3,3,0,0,1,0,0,1,3,2.0,6,12,12,1,5,1,5,0,2,0,2
6,2,2,8,0.2,0.0,0.1,0,dense,runner_up,0.100555,1,OPTIMAL,True,1.0,1.0,0.0,1,OPTIMAL,True,1.0,1.0,0.0,1,OPTIMAL,True,1.0,1.0,0.0,2,OPTIMAL,True,2.0,2.0,0.0,2,OPTIMAL,True,2.0,2.0,0.0,2,OPTIMAL,True,2.0,2.0,0.0,2,OPTIMAL,True,2.0,2.0,0.0,3,OPTIMAL,True,3.0,3.0,0.0,2,OPTIMAL,True,2.0,2.0,0.0,3,OPTIMAL,True,3.0,3.0,0.0,1,1,1,2,2,2,3,2,2,2,3,2.5,3,7,7,4,10,4,10,2,3,2,5
6,2,2,8,0.2,0.0,0.3,0,dense,runner_up,0.100333,1,OPTIMAL,True,1.0,1.0,0.0,1,OPTIMAL,True,1.0,1.0,0.0,1,OPTIMAL,True,1.0,1.0,0.0,2,OPTIMAL,True,2.0,2.0,0.0,2,OPTIMAL,True,2.0,2.0,0.0,2,OPTIMAL,True,2.0,2.0,0.0,1,OPTIMAL,True,1.0,1.0,0.0,1,OPTIMAL,True,1.0,1.0,0.0,1,OPTIMAL,True,1.0,1.0,0.0,3,OPTIMAL,True,3.0,3.0,0.0,1,1,1,2,0,0,1,0,0,1,3,2.0,3,7,7,1,5,1,5,1,2,1,3
6,2,2,8,0.2,0.2,0.1,0,dense,runner_up,0.099756,1,OPTIMAL,True,1.0,1.0,0.0,1,OPTIMAL,True,1.0,1.0,0.0,1,OPTIMAL,True,1.0,1.0,0.0,2,OPTIMAL,True,2.0,2.0,0.0,2,OPTIMAL,True,2.0,2.0,0.0,2,OPTIMAL,True,2.0,2.0,0.0,1,OPTIMAL,True,1.0,1.0,0.0,3,OPTIMAL,True,3.0,3.0,0.0,1,OPTIMAL,True,1.0,1.0,0.0,3,OPTIMAL,True,3.0,3.0,0.0,1,1,1,2,1,1,3,1,1,1,3,2.0,3,7,7,2,8,2,8,1,3,1,4
6,2,2,8,0.2,0.2,0.3,0,dense,runner_up,0.100106,1,OPTIMAL,True,1.0,1.0,0.0,1,OPTIMAL,True,1.0,1.0,0.0,1,OPTIMAL,True,1.0,1.0,0.0,2,OPTIMAL,True,2.0,2.0,0.0,2,OPTIMAL,True,2.0,2.0,0.0,2,OPTIMAL,True,2.0,2.0,0.0,0,OPTIMAL,True,0.0,0.0,0.0,1,OPTIMAL,True,1.0,1.0,0.0,0,OPTIMAL,True,0.0,0.0,0.0,3,OPTIMAL,True,3.0,3.0,0.0,1,1,1,2,0,0,1,0,0,0,3,1.5,3,7,7,0,4,0,4,0,2,0,2
6,2,3,4,0.0,0.0,0.1,0,dense,runner_up,0.100591,3,OPTIMAL,True,3.0,3.0,0.0,3,OPTIMAL,True,3.0,3.0,0.0,3,OPTIMAL,True,3.0,3.0,0.0,3,OPTIMAL,True,3.0,3.0,0.0,3,OPTIMAL,True,3.0,3.0,0.0,3,OPTIMAL,True,3.0,3.0,0.0,3,OPTIMAL,True,3.0,3.0,0.0,1,OPTIMAL,True,1.0,1.0,0.0,3,OPTIMAL,True,3.0,3.0,0.0,3,OPTIMAL,True,3.0,3.0,0.0,3,3,3,3,1,1,1,1,1,3,3,3.0,9,18,18,6,13,6,13,2,2,2,4
6,2,3,4,0.0,0.0,0.3,0,dense,runner_up,0.104718,3,OPTIMAL,True,3.0,3.0,0.0,3,OPTIMAL,True,3.0,3.0,0.0,3,OPTIMAL,True,3.0,3.0,0.0,3,OPTIMAL,True,3.0,3.0,0.0,3,OPTIMAL,True,3.0,3.0,0.0,3,OPTIMAL,True,3.0,3.0,0.0,2,OPTIMAL,True,2.0,2.0,0.0,1,OPTIMAL,True,1.0,1.0,0.0,2,OPTIMAL,True,2.0,2.0,0.0,3,OPTIMAL,True,3.0,3.0,0.0,3,3,3,3,0,0,1,0,0,2,3,2.5,9,18,18,3,8,3,8,1,2,1,3
6,2,3,4,0.0,0.2,0.1,0,dense,runner_up,0.104215,3,OPTIMAL,True,3.0,3.0,0.0,3,OPTIMAL,True,3.0,3.0,0.0,3,OPTIMAL,True,3.0,3.0,0.0,3,OPTIMAL,True,3.0,3.0,0.0,3,OPTIMAL,True,3.0,3.0,0.0,3,OPTIMAL,True,3.0,3.0,0.0,3,OPTIMAL,True,3.0,3.0,0.0,1,OPTIMAL,True,1.0,1.0,0.0,3,OPTIMAL,True,3.0,3.0,0.0,3,OPTIMAL,True,3.0,3.0,0.0,3,3,3,3,0,0,1,0,0,3,3,3.0,9,18,18,5,10,5,10,1,2,1,3
6,2,3,4,0.0,0.2,0.3,0,dense,runner_up,0.099931,3,OPTIMAL,True,3.0,3.0,0.0,3,OPTIMAL,True,3.0,3.0,0.0,3,OPTIMAL,True,3.0,3.0,0.0,3,OPTIMAL,True,3.0,3.0,0.0,3,OPTIMAL,True,3.0,3.0,0.0,3,OPTIMAL,True,3.0,3.0,0.0,1,OPTIMAL,True,1.0,1.0,0.0,0,OPTIMAL,True,0.0,0.0,0.0,1,OPTIMAL,True,1.0,1.0,0.0,2,OPTIMAL,True,2.0,2.0,0.0,3,3,3,3,0,0,0,0,0,1,2,1.5,9,18,18,2,5,2,5,1,1,1,2
6,2,3,4,0.2,0.0,0.1,0,dense,runner_up,0.109282,2,OPTIMAL,True,2.0,2.0,0.0,2,OPTIMAL,True,2.0,2.0,0.0,2,OPTIMAL,True,2.0,2.0,0.0,2,OPTIMAL,True,2.0,2.0,0.0,2,OPTIMAL,True,2.0,2.0,0.0,3,OPTIMAL,True,3.0,3.0,0.0,3,OPTIMAL,True,3.0,3.0,0.0,1,OPTIMAL,True,1.0,1.0,0.0,3,OPTIMAL,True,3.0,3.0,0.0,3,OPTIMAL,True,3.0,3.0,0.0,2,2,2,2,1,1,1,1,1,3,3,3.0,6,14,14,6,13,6,13,2,2,2,4
6,2,3,4,0.2,0.0,0.3,0,dense,runner_up,0.112243,2,OPTIMAL,True,2.0,2.0,0.0,2,OPTIMAL,True,2.0,2.0,0.0,2,OPTIMAL,True,2.0,2.0,0.0,2,OPTIMAL,True,2.0,2.0,0.0,2,OPTIMAL,True,2.0,2.0,0.0,3,OPTIMAL,True,3.0,3.0,0.0,2,OPTIMAL,True,2.0,2.0,0.0,1,OPTIMAL,True,1.0,1.0,0.0,2,OPTIMAL,True,2.0,2.0,0.0,3,OPTIMAL,True,3.0,3.0,0.0,2,2,2,2,0,0,1,0,0,2,3,2.5,6,14,14,3,9,3,9,1,2,1,3
6,2,3,4,0.2,0.2,0.1,0,dense,runner_up,0.109084,2,OPTIMAL,True,2.0,2.0,0.0,2,OPTIMAL,True,2.0,2.0,0.0,2,OPTIMAL,True,2.0,2.0,0.0,2,OPTIMAL,True,2.0,2.0,0.0,2,OPTIMAL,True,2.0,2.0,0.0,3,OPTIMAL,True,3.0,3.0,0.0,3,OPTIMAL,True,3.0,3.0,0.0,1,OPTIMAL,True,1.0,1.0,0.0,3,OPTIMAL,True,3.0,3.0,0.0,3,OPTIMAL,True,3.0,3.0,0.0,2,2,2,2,0,0,1,0,0,3,3,3.0,6,14,14,5,11,5,11,1,2,1,3
6,2,3,4,0.2,0.2,0.3,0,dense,runner_up,0.109626,2,OPTIMAL,True,2.0,2.0,0.0,2,OPTIMAL,True,2.0,2.0,0.0,2,OPTIMAL,True,2.0,2.0,0.0,2,OPTIMAL,True,2.0,2.0,0.0,2,OPTIMAL,True,2.0,2.0,0.0,3,OPTIMAL,True,3.0,3.0,0.0,2,OPTIMAL,True,2.0,2.0,0.0,0,OPTIMAL,True,0.0,0.0,0.0,2,OPTIMAL,True,2.0,2.0,0.0,2,OPTIMAL,True,2.0,2.0,0.0,2,2,2,2,0,0,0,0,0,2,2,2.0,6,14,14,3,7,3,7,1,1,1,2
6,2,3,6,0.0,0.0,0.1,0,dense,runner_up,0.106267,3,OPTIMAL,True,3.0,3.0,0.0,3,OPTIMAL,True,3.0,3.0,0.0,3,OPTIMAL,True,3.0,3.0,0.0,3,OPTIMAL,True,3.0,3.0,0.0,3,OPTIMAL,True,3.0,3.0,0.0,3,OPTIMAL,True,3.0,3.0,0.0,3,OPTIMAL,True,3.0,3.0,0.0,1,OPTIMAL,True,1.0,1.0,0.0,3,OPTIMAL,True,3.0,3.0,0.0,3,OPTIMAL,True,3.0,3.0,0.0,3,3,3,3,1,1,1,1,1,3,3,3.0,9,18,18,6,13,6,13,2,2,2,4
6,2,3,6,0.0,0.0,0.3,0,dense,runner_up,0.105730,3,OPTIMAL,True,3.0,3.0,0.0,3,OPTIMAL,True,3.0,3.0,0.0,3,OPTIMAL,True,3.0,3.0,0.0,3,OPTIMAL,True,3.0,3.0,0.0,3,OPTIMAL,True,3.0,3.0,0.0,3,OPTIMAL,True,3.0,3.0,0.0,2,OPTIMAL,True,2.0,2.0,0.0,1,OPTIMAL,True,1.0,1.0,0.0,2,OPTIMAL,True,2.0,2.0,0.0,3,OPTIMAL,True,3.0,3.0,0.0,3,3,3,3,0,0,1,0,0,2,3,2.5,9,18,18,3,8,3,8,1,2,1,3
6,2,3,6,0.0,0.2,0.1,0,dense,runner_up,0.106500,3,OPTIMAL,True,3.0,3.0,0.0,3,OPTIMAL,True,3.0,3.0,0.0,3,OPTIMAL,True,3.0,3.0,0.0,3,OPTIMAL,True,3.0,3.0,0.0,3,OPTIMAL,True,3.0,3.0,0.0,3,OPTIMAL,True,3.0,3.0,0.0,3,OPTIMAL,True,3.0,3.0,0.0,1,OPTIMAL,True,1.0,1.0,0.0,3,OPTIMAL,True,3.0,3.0,0.0,3,OPTIMAL,True,3.0,3.0,0.0,3,3,3,3,0,0,1,0,0,3,3,3.0,9,18,18,5,10,5,10,1,1,1,2
6,2,3,6,0.0,0.2,0.3,0,dense,runner_up,0.102587,3,OPTIMAL,True,3.0,3.0,0.0,3,OPTIMAL,True,3.0,3.0,0.0,3,OPTIMAL,True,3.0,3.0,0.0,3,OPTIMAL,True,3.0,3.0,0.0,3,OPTIMAL,True,3.0,3.0,0.0,3,OPTIMAL,True,3.0,3.0,0.0,1,OPTIMAL,True,1.0,1.0,0.0,0,OPTIMAL,True,0.0,0.0,0.0,1,OPTIMAL,True,1.0,1.0,0.0,2,OPTIMAL,True,2.0,2.0,0.0,3,3,3,3,0,0,0,0,0,1,2,1.5,9,18,18,2,5,2,5,1,1,1,2
6,2,3,6,0.2,0.0,0.1,0,dense,runner_up,0.111574,2,OPTIMAL,True,2.0,2.0,0.0,2,OPTIMAL,True,2.0,2.0,0.0,2,OPTIMAL,True,2.0,2.0,0.0,2,OPTIMAL,True,2.0,2.0,0.0,2,OPTIMAL,True,2.0,2.0,0.0,3,OPTIMAL,True,3.0,3.0,0.0,3,OPTIMAL,True,3.0,3.0,0.0,1,OPTIMAL,True,1.0,1.0,0.0,3,OPTIMAL,True,3.0,3.0,0.0,3,OPTIMAL,True,3.0,3.0,0.0,2,2,2,2,1,1,1,1,1,3,3,3.0,6,14,14,6,13,6,13,2,2,2,4
6,2,3,6,0.2,0.0,0.3,0,dense,runner_up,0.111848,2,OPTIMAL,True,2.0,2.0,0.0,2,OPTIMAL,True,2.0,2.0,0.0,2,OPTIMAL,True,2.0,2.0,0.0,2,OPTIMAL,True,2.0,2.0,0.0,2,OPTIMAL,True,2.0,2.0,0.0,3,OPTIMAL,True,3.0,3.0,0.0,2,OPTIMAL,True,2.0,2.0,0.0,1,OPTIMAL,True,1.0,1.0,0.0,2,OPTIMAL,True,2.0,2.0,0.0,3,OPTIMAL,True,3.0,3.0,0.0,2,2,2,2,0,0,1,0,0,2,3,2.5,6,14,14,3,9,3,9,1,2,1,3
6,2,3,6,0.2,0.2,0.1,0,dense,runner_up,0.112362,2,OPTIMAL,True,2.0,2.0,0.0,2,OPTIMAL,True,2.0,2.0,0.0,2,OPTIMAL,True,2.0,2.0,0.0,2,OPTIMAL,True,2.0,2.0,0.0,2,OPTIMAL,True,2.0,2.0,0.0,3,OPTIMAL,True,3.0,3.0,0.0,3,OPTIMAL,True,3.0,3.0,0.0,1,OPTIMAL,True,1.0,1.0,0.0,3,OPTIMAL,True,3.0,3.0,0.0,3,OPTIMAL,True,3.0,3.0,0.0,2,2,2,2,0,0,1,0,0,3,3,3.0,6,14,14,5,11,5,11,1,2,1,3
6,2,3,6,0.2,0.2,0.3,0,dense,runner_up,0.109764,2,OPTIMAL,True,2.0,2.0,0.0,2,OPTIMAL,True,2.0,2.0,0.0,2,OPTIMAL,True,2.0,2.0,0.0,2,OPTIMAL,True,2.0,2.0,0.0,2,OPTIMAL,True,2.0,2.0,0.0,3,OPTIMAL,True,3.0,3.0,0.0,2,OPTIMAL,True,2.0,2.0,0.0,0,OPTIMAL,True,0.0,0.0,0.0,2,OPTIMAL,True,2.0,2.0,0.0,2,OPTIMAL,True,2.0,2.0,0.0,2,2,2,2,0,0,0,0,0,2,2,2.0,6,14,14,3,7,3,7,1,1,1,2
6,2,3,8,0.0,0.0,0.1,0,dense,runner_up,0.104308,3,OPTIMAL,True,3.0,3.0,0.0,3,OPTIMAL,True,3.0,3.0,0.0,3,OPTIMAL,True,3.0,3.0,0.0,3,OPTIMAL,True,3.0,3.0,0.0,3,OPTIMAL,True,3.0,3.0,0.0,3,OPTIMAL,True,3.0,3.0,0.0,3,OPTIMAL,True,3.0,3.0,0.0,1,OPTIMAL,True,1.0,1.0,0.0,3,OPTIMAL,True,3.0,3.0,0.0,3,OPTIMAL,True,3.0,3.0,0.0,3,3,3,3,1,1,1,1,1,3,3,3.0,9,18,18,6,13,6,13,2,2,2,4
6,2,3,8,0.0,0.0,0.3,0,dense,runner_up,0.107993,3,OPTIMAL,True,3.0,3.0,0.0,3,OPTIMAL,True,3.0,3.0,0.0,3,OPTIMAL,True,3.0,3.0,0.0,3,OPTIMAL,True,3.0,3.0,0.0,3,OPTIMAL,True,3.0,3.0,0.0,3,OPTIMAL,True,3.0,3.0,0.0,2,OPTIMAL,True,2.0,2.0,0.0,1,OPTIMAL,True,1.0,1.0,0.0,2,OPTIMAL,True,2.0,2.0,0.0,3,OPTIMAL,True,3.0,3.0,0.0,3,3,3,3,0,0,1,0,0,2,3,2.5,9,18,18,3,8,3,8,1,2,1,3
6,2,3,8,0.0,0.2,0.1,0,dense,runner_up,0.108529,3,OPTIMAL,True,3.0,3.0,0.0,3,OPTIMAL,True,3.0,3.0,0.0,3,OPTIMAL,True,3.0,3.0,0.0,3,OPTIMAL,True,3.0,3.0,0.0,3,OPTIMAL,True,3.0,3.0,0.0,3,OPTIMAL,True,3.0,3.0,0.0,3,OPTIMAL,True,3.0,3.0,0.0,1,OPTIMAL,True,1.0,1.0,0.0,3,OPTIMAL,True,3.0,3.0,0.0,3,OPTIMAL,True,3.0,3.0,0.0,3,3,3,3,0,0,1,0,0,3,3,3.0,9,18,18,5,10,5,10,1,1,1,2
6,2,3,8,0.0,0.2,0.3,0,dense,runner_up,0.104150,3,OPTIMAL,True,3.0,3.0,0.0,3,OPTIMAL,True,3.0,3.0,0.0,3,OPTIMAL,True,3.0,3.0,0.0,3,OPTIMAL,True,3.0,3.0,0.0,3,OPTIMAL,True,3.0,3.0,0.0,3,OPTIMAL,True,3.0,3.0,0.0,1,OPTIMAL,True,1.0,1.0,0.0,0,OPTIMAL,True,0.0,0.0,0.0,1,OPTIMAL,True,1.0,1.0,0.0,2,OPTIMAL,True,2.0,2.0,0.0,3,3,3,3,0,0,0,0,0,1,2,1.5,9,18,18,2,5,2,5,1,1,1,2
6,2,3,8,0.2,0.0,0.1,0,dense,runner_up,0.112996,2,OPTIMAL,True,2.0,2.0,0.0,2,OPTIMAL,True,2.0,2.0,0.0,2,OPTIMAL,True,2.0,2.0,0.0,2,OPTIMAL,True,2.0,2.0,0.0,2,OPTIMAL,True,2.0,2.0,0.0,3,OPTIMAL,True,3.0,3.0,0.0,3,OPTIMAL,True,3.0,3.0,0.0,1,OPTIMAL,True,1.0,1.0,0.0,3,OPTIMAL,True,3.0,3.0,0.0,3,OPTIMAL,True,3.0,3.0,0.0,2,2,2,2,1,1,1,1,1,3,3,3.0,6,14,14,6,13,6,13,2,2,2,4
6,2,3,8,0.2,0.0,0.3,0,dense,runner_up,0.114873,2,OPTIMAL,True,2.0,2.0,0.0,2,OPTIMAL,True,2.0,2.0,0.0,2,OPTIMAL,True,2.0,2.0,0.0,2,OPTIMAL,True,2.0,2.0,0.0,2,OPTIMAL,True,2.0,2.0,0.0,3,OPTIMAL,True,3.0,3.0,0.0,2,OPTIMAL,True,2.0,2.0,0.0,1,OPTIMAL,True,1.0,1.0,0.0,2,OPTIMAL,True,2.0,2.0,0.0,3,OPTIMAL,True,3.0,3.0,0.0,2,2,2,2,0,0,1,0,0,2,3,2.5,6,14,14,3,9,3,9,1,2,1,3
6,2,3,8,0.2,0.2,0.1,0,dense,runner_up,0.114106,2,OPTIMAL,True,2.0,2.0,0.0,2,OPTIMAL,True,2.0,2.0,0.0,2,OPTIMAL,True,2.0,2.0,0.0,2,OPTIMAL,True,2.0,2.0,0.0,2,OPTIMAL,True,2.0,2.0,0.0,3,OPTIMAL,True,3.0,3.0,0.0,3,OPTIMAL,True,3.0,3.0,0.0,1,OPTIMAL,True,1.0,1.0,0.0,3,OPTIMAL,True,3.0,3.0,0.0,3,OPTIMAL,True,3.0,3.0,0.0,2,2,2,2,0,0,1,0,0,3,3,3.0,6,14,14,5,11,5,11,1,2,1,3
6,2,3,8,0.2,0.2,0.3,0,dense,runner_up,0.112183,2,OPTIMAL,True,2.0,2.0,0.0,2,OPTIMAL,True,2.0,2.0,0.0,2,OPTIMAL,True,2.0,2.0,0.0,2,OPTIMAL,True,2.0,2.0,0.0,2,OPTIMAL,True,2.0,2.0,0.0,3,OPTIMAL,True,3.0,3.0,0.0,2,OPTIMAL,True,2.0,2.0,0.0,0,OPTIMAL,True,0.0,0.0,0.0,2,OPTIMAL,True,2.0,2.0,0.0,2,OPTIMAL,True,2.0,2.0,0.0,2,2,2,2,0,0,0,0,0,2,2,2.0,6,14,14,3,7,3,7,1,1,1,2
6,2,4,4,0.0,0.0,0.1,0,dense,runner_up,0.102335,3,OPTIMAL,True,3.0,3.0,0.0,3,OPTIMAL,True,3.0,3.0,0.0,3,OPTIMAL,True,3.0,3.0,0.0,3,OPTIMAL,True,3.0,3.0,0.0,3,OPTIMAL,True,3.0,3.0,0.0,3,OPTIMAL,True,3.0,3.0,0.0,3,OPTIMAL,True,3.0,3.0,0.0,3,OPTIMAL,True,3.0,3.0,0.0,3,OPTIMAL,True,3.0,3.0,0.0,3,OPTIMAL,True,3.0,3.0,0.0,3,3,3,3,0,0,2,0,0,3,3,3.0,12,24,24,8,19,8,19,2,3,2,5
6,2,4,4,0.0,0.0,0.3,0,dense,runner_up,0.106566,3,OPTIMAL,True,3.0,3.0,0.0,3,OPTIMAL,True,3.0,3.0,0.0,3,OPTIMAL,True,3.0,3.0,0.0,3,OPTIMAL,True,3.0,3.0,0.0,3,OPTIMAL,True,3.0,3.0,0.0,3,OPTIMAL,True,3.0,3.0,0.0,2,OPTIMAL,True,2.0,2.0,0.0,1,OPTIMAL,True,1.0,1.0,0.0,2,OPTIMAL,True,2.0,2.0,0.0,3,OPTIMAL,True,3.0,3.0,0.0,3,3,3,3,0,0,1,0,0,2,3,2.5,12,24,24,5,13,5,13,2,2,2,4
6,2,4,4,0.0,0.2,0.1,0,dense,runner_up,0.109396,3,OPTIMAL,True,3.0,3.0,0.0,3,OPTIMAL,True,3.0,3.0,0.0,3,OPTIMAL,True,3.0,3.0,0.0,3,OPTIMAL,True,3.0,3.0,0.0,3,OPTIMAL,True,3.0,3.0,0.0,3,OPTIMAL,True,3.0,3.0,0.0,3,OPTIMAL,True,3.0,3.0,0.0,2,OPTIMAL,True,2.0,2.0,0.0,3,OPTIMAL,True,3.0,3.0,0.0,3,OPTIMAL,True,3.0,3.0,0.0,3,3,3,3,0,0,1,0,0,3,3,3.0,12,24,24,7,14,7,14,1,1,1,2
6,2,4,4,0.0,0.2,0.3,0,dense,runner_up,0.107010,3,OPTIMAL,True,3.0,3.0,0.0,3,OPTIMAL,True,3.0,3.0,0.0,3,OPTIMAL,True,3.0,3.0,0.0,3,OPTIMAL,True,3.0,3.0,0.0,3,OPTIMAL,True,3.0,3.0,0.0,3,OPTIMAL,True,3.0,3.0,0.0,2,OPTIMAL,True,2.0,2.0,0.0,1,OPTIMAL,True,1.0,1.0,0.0,2,OPTIMAL,True,2.0,2.0,0.0,2,OPTIMAL,True,2.0,2.0,0.0,3,3,3,3,0,0,1,0,0,2,2,2.0,12,24,24,5,10,5,10,1,1,1,2
6,2,4,4,0.2,0.0,0.1,0,dense,runner_up,0.107930,1,OPTIMAL,True,1.0,1.0,0.0,1,OPTIMAL,True,1.0,1.0,0.0,1,OPTIMAL,True,1.0,1.0,0.0,2,OPTIMAL,True,2.0,2.0,0.0,2,OPTIMAL,True,2.0,2.0,0.0,3,OPTIMAL,True,3.0,3.0,0.0,3,OPTIMAL,True,3.0,3.0,0.0,3,OPTIMAL,True,3.0,3.0,0.0,3,OPTIMAL,True,3.0,3.0,0.0,3,OPTIMAL,True,3.0,3.0,0.0,1,1,1,2,1,1,3,1,1,3,3,3.0,7,16,16,9,21,9,21,2,3,2,5
6,2,4,4,0.2,0.0,0.3,0,dense,runner_up,0.112457,1,OPTIMAL,True,1.0,1.0,0.0,1,OPTIMAL,True,1.0,1.0,0.0,1,OPTIMAL,True,1.0,1.0,0.0,2,OPTIMAL,True,2.0,2.0,0.0,2,OPTIMAL,True,2.0,2.0,0.0,3,OPTIMAL,True,3.0,3.0,0.0,3,OPTIMAL,True,3.0,3.0,0.0,1,OPTIMAL,True,1.0,1.0,0.0,3,OPTIMAL,True,3.0,3.0,0.0,3,OPTIMAL,True,3.0,3.0,0.0,1,1,1,2,1,1,1,1,1,3,3,3.0,7,16,16,7,15,7,15,2,2,2,4
6,2,4,4,0.2,0.2,0.1,0,dense,runner_up,0.113100,1,OPTIMAL,True,1.0,1.0,0.0,1,OPTIMAL,True,1.0,1.0,0.0,1,OPTIMAL,True,1.0,1.0,0.0,2,OPTIMAL,True,2.0,2.0,0.0,2,OPTIMAL,True,2.0,2.0,0.0,3,OPTIMAL,True,3.0,3.0,0.0,3,OPTIMAL,True,3.0,3.0,0.0,3,OPTIMAL,True,3.0,3.0,0.0,3,OPTIMAL,True,3.0,3.0,0.0,3,OPTIMAL,True,3.0,3.0,0.0,1,1,1,2,1,1,1,1,1,3,3,3.0,7,16,16,8,17,8,17,1,1,1,2
6,2,4,4,0.2,0.2,0.3,0,dense,runner_up,0.111876,1,OPTIMAL,True,1.0,1.0,0.0,1,OPTIMAL,True,1.0,1.0,0.0,1,OPTIMAL,True,1.0,1.0,0.0,2,OPTIMAL,True,2.0,2.0,0.0,2,OPTIMAL,True,2.0,2.0,0.0,3,OPTIMAL,True,3.0,3.0,0.0,2,OPTIMAL,True,2.0,2.0,0.0,1,OPTIMAL,True,1.0,1.0,0.0,2,OPTIMAL,True,2.0,2.0,0.0,3,OPTIMAL,True,3.0,3.0,0.0,1,1,1,2,0,0,1,0,0,2,3,2.5,7,16,16,5,11,5,11,1,1,1,2
6,2,4,6,0.0,0.0,0.1,0,dense,runner_up,0.105884,3,OPTIMAL,True,3.0,3.0,0.0,3,OPTIMAL,True,3.0,3.0,0.0,3,OPTIMAL,True,3.0,3.0,0.0,3,OPTIMAL,True,3.0,3.0,0.0,3,OPTIMAL,True,3.0,3.0,0.0,3,OPTIMAL,True,3.0,3.0,0.0,3,OPTIMAL,True,3.0,3.0,0.0,3,OPTIMAL,True,3.0,3.0,0.0,3,OPTIMAL,True,3.0,3.0,0.0,3,OPTIMAL,True,3.0,3.0,0.0,3,3,3,3,0,0,2,0,0,3,3,3.0,12,24,24,8,19,8,19,2,3,2,5
6,2,4,6,0.0,0.0,0.3,0,dense,runner_up,0.112995,3,OPTIMAL,True,3.0,3.0,0.0,3,OPTIMAL,True,3.0,3.0,0.0,3,OPTIMAL,True,3.0,3.0,0.0,3,OPTIMAL,True,3.0,3.0,0.0,3,OPTIMAL,True,3.0,3.0,0.0,3,OPTIMAL,True,3.0,3.0,0.0,2,OPTIMAL,True,2.0,2.0,0.0,1,OPTIMAL,True,1.0,1.0,0.0,2,OPTIMAL,True,2.0,2.0,0.0,3,OPTIMAL,True,3.0,3.0,0.0,3,3,3,3,0,0,1,0,0,2,3,2.5,12,24,24,5,13,5,13,2,2,2,4
6,2,4,6,0.0,0.2,0.1,0,dense,runner_up,0.111323,3,OPTIMAL,True,3.0,3.0,0.0,3,OPTIMAL,True,3.0,3.0,0.0,3,OPTIMAL,True,3.0,3.0,0.0,3,OPTIMAL,True,3.0,3.0,0.0,3,OPTIMAL,True,3.0,3.0,0.0,3,OPTIMAL,True,3.0,3.0,0.0,3,OPTIMAL,True,3.0,3.0,0.0,2,OPTIMAL,True,2.0,2.0,0.0,3,OPTIMAL,True,3.0,3.0,0.0,3,OPTIMAL,True,3.0,3.0,0.0,3,3,3,3,0,0,1,0,0,3,3,3.0,12,24,24,7,15,7,15,1,1,1,2
6,2,4,6,0.0,0.2,0.3,0,dense,runner_up,0.109737,3,OPTIMAL,True,3.0,3.0,0.0,3,OPTIMAL,True,3.0,3.0,0.0,3,OPTIMAL,True,3.0,3.0,0.0,3,OPTIMAL,True,3.0,3.0,0.0,3,OPTIMAL,True,3.0,3.0,0.0,3,OPTIMAL,True,3.0,3.0,0.0,2,OPTIMAL,True,2.0,2.0,0.0,1,OPTIMAL,True,1.0,1.0,0.0,2,OPTIMAL,True,2.0,2.0,0.0,2,OPTIMAL,True,2.0,2.0,0.0,3,3,3,3,0,0,1,0,0,2,2,2.0,12,24,24,5,10,5,10,1,1,1,2
6,2,4,6,0.2,0.0,0.1,0,dense,runner_up,0.111162,1,OPTIMAL,True,1.0,1.0,0.0,1,OPTIMAL,True,1.0,1.0,0.0,1,OPTIMAL,True,1.0,1.0,0.0,2,OPTIMAL,True,2.0,2.0,0.0,2,OPTIMAL,True,2.0,2.0,0.0,3,OPTIMAL,True,3.0,3.0,0.0,3,OPTIMAL,True,3.0,3.0,0.0,3,OPTIMAL,True,3.0,3.0,0.0,3,OPTIMAL,True,3.0,3.0,0.0,3,OPTIMAL,True,3.0,3.0,0.0,1,1,1,2,1,1,3,1,1,3,3,3.0,7,16,16,9,21,9,21,2,3,2,5
6,2,4,6,0.2,0.0,0.3,0,dense,runner_up,0.116204,1,OPTIMAL,True,1.0,1.0,0.0,1,OPTIMAL,True,1.0,1.0,0.0,1,OPTIMAL,True,1.0,1.0,0.0,2,OPTIMAL,True,2.0,2.0,0.0,2,OPTIMAL,True,2.0,2.0,0.0,3,OPTIMAL,True,3.0,3.0,0.0,3,OPTIMAL,True,3.0,3.0,0.0,1,OPTIMAL,True,1.0,1.0,0.0,3,OPTIMAL,True,3.0,3.0,0.0,3,OPTIMAL,True,3.0,3.0,0.0,1,1,1,2,1,1,1,1,1,3,3,3.0,7,16,16,7,15,7,15,2,2,2,4
6,2,4,6,0.2,0.2,0.1,0,dense,runner_up,0.117431,1,OPTIMAL,True,1.0,1.0,0.0,1,OPTIMAL,True,1.0,1.0,0.0,1,OPTIMAL,True,1.0,1.0,0.0,2,OPTIMAL,True,2.0,2.0,0.0,2,OPTIMAL,True,2.0,2.0,0.0,3,OPTIMAL,True,3.0,3.0,0.0,3,OPTIMAL,True,3.0,3.0,0.0,3,OPTIMAL,True,3.0,3.0,0.0,3,OPTIMAL,True,3.0,3.0,0.0,3,OPTIMAL,True,3.0,3.0,0.0,1,1,1,2,1,1,1,1,1,3,3,3.0,7,16,16,8,17,8,17,1,1,1,2
6,2,4,6,0.2,0.2,0.3,0,dense,runner_up,0.115172,1,OPTIMAL,True,1.0,1.0,0.0,1,OPTIMAL,True,1.0,1.0,0.0,1,OPTIMAL,True,1.0,1.0,0.0,2,OPTIMAL,True,2.0,2.0,0.0,2,OPTIMAL,True,2.0,2.0,0.0,3,OPTIMAL,True,3.0,3.0,0.0,2,OPTIMAL,True,2.0,2.0,0.0,1,OPTIMAL,True,1.0,1.0,0.0,2,OPTIMAL,True,2.0,2.0,0.0,3,OPTIMAL,True,3.0,3.0,0.0,1,1,1,2,0,0,1,0,0,2,3,2.5,7,16,16,5,11,5,11,1,1,1,2
6,2,4,8,0.0,0.0,0.1,0,dense,runner_up,0.107811,3,OPTIMAL,True,3.0,3.0,0.0,3,OPTIMAL,True,3.0,3.0,0.0,3,OPTIMAL,True,3.0,3.0,0.0,3,OPTIMAL,True,3.0,3.0,0.0,3,OPTIMAL,True,3.0,3.0,0.0,3,OPTIMAL,True,3.0,3.0,0.0,3,OPTIMAL,True,3.0,3.0,0.0,3,OPTIMAL,True,3.0,3.0,0.0,3,OPTIMAL,True,3.0,3.0,0.0,3,OPTIMAL,True,3.0,3.0,0.0,3,3,3,3,0,0,2,0,0,3,3,3.0,12,24,24,8,19,8,19,2,3,2,5
6,2,4,8,0.0,0.0,0.3,0,dense,runner_up,0.113689,3,OPTIMAL,True,3.0,3.0,0.0,3,OPTIMAL,True,3.0,3.0,0.0,3,OPTIMAL,True,3.0,3.0,0.0,3,OPTIMAL,True,3.0,3.0,0.0,3,OPTIMAL,True,3.0,3.0,0.0,3,OPTIMAL,True,3.0,3.0,0.0,2,OPTIMAL,True,2.0,2.0,0.0,1,OPTIMAL,True,1.0,1.0,0.0,2,OPTIMAL,True,2.0,2.0,0.0,3,OPTIMAL,True,3.0,3.0,0.0,3,3,3,3,0,0,1,0,0,2,3,2.5,12,24,24,5,13,5,13,2,2,2,4
6,2,4,8,0.0,0.2,0.1,0,dense,runner_up,0.115349,3,OPTIMAL,True,3.0,3.0,0.0,3,OPTIMAL,True,3.0,3.0,0.0,3,OPTIMAL,True,3.0,3.0,0.0,3,OPTIMAL,True,3.0,3.0,0.0,3,OPTIMAL,True,3.0,3.0,0.0,3,OPTIMAL,True,3.0,3.0,0.0,3,OPTIMAL,True,3.0,3.0,0.0,2,OPTIMAL,True,2.0,2.0,0.0,3,OPTIMAL,True,3.0,3.0,0.0,3,OPTIMAL,True,3.0,3.0,0.0,3,3,3,3,0,0,1,0,0,3,3,3.0,12,24,24,7,16,7,16,1,1,1,2
6,2,4,8,0.0,0.2,0.3,0,dense,runner_up,0.111977,3,OPTIMAL,True,3.0,3.0,0.0,3,OPTIMAL,True,3.0,3.0,0.0,3,OPTIMAL,True,3.0,3.0,0.0,3,OPTIMAL,True,3.0,3.0,0.0,3,OPTIMAL,True,3.0,3.0,0.0,3,OPTIMAL,True,3.0,3.0,0.0,2,OPTIMAL,True,2.0,2.0,0.0,1,OPTIMAL,True,1.0,1.0,0.0,2,OPTIMAL,True,2.0,2.0,0.0,2,OPTIMAL,True,2.0,2.0,0.0,3,3,3,3,0,0,1,0,0,2,2,2.0,12,24,24,5,11,5,11,1,1,1,2
6,2,4,8,0.2,0.0,0.1,0,dense,runner_up,0.119446,2,OPTIMAL,True,2.0,2.0,0.0,2,OPTIMAL,True,2.0,2.0,0.0,2,OPTIMAL,True,2.0,2.0,0.0,2,OPTIMAL,True,2.0,2.0,0.0,2,OPTIMAL,True,2.0,2.0,0.0,3,OPTIMAL,True,3.0,3.0,0.0,3,OPTIMAL,True,3.0,3.0,0.0,3,OPTIMAL,True,3.0,3.0,0.0,3,OPTIMAL,True,3.0,3.0,0.0,3,OPTIMAL,True,3.0,3.0,0.0,2,2,2,2,1,1,3,1,1,3,3,3.0,8,17,17,9,21,9,21,2,3,2,5
6,2,4,8,0.2,0.0,0.3,0,dense,runner_up,0.123721,2,OPTIMAL,True,2.0,2.0,0.0,2,OPTIMAL,True,2.0,2.0,0.0,2,OPTIMAL,True,2.0,2.0,0.0,2,OPTIMAL,True,2.0,2.0,0.0,2,OPTIMAL,True,2.0,2.0,0.0,3,OPTIMAL,True,3.0,3.0,0.0,3,OPTIMAL,True,3.0,3.0,0.0,1,OPTIMAL,True,1.0,1.0,0.0,3,OPTIMAL,True,3.0,3.0,0.0,3,OPTIMAL,True,3.0,3.0,0.0,2,2,2,2,1,1,1,1,1,3,3,3.0,8,17,17,7,15,7,15,2,2,2,4
6,2,4,8,0.2,0.2,0.1,0,dense,runner_up,0.129132,2,OPTIMAL,True,2.0,2.0,0.0,2,OPTIMAL,True,2.0,2.0,0.0,2,OPTIMAL,True,2.0,2.0,0.0,2,OPTIMAL,True,2.0,2.0,0.0,2,OPTIMAL,True,2.0,2.0,0.0,3,OPTIMAL,True,3.0,3.0,0.0,3,OPTIMAL,True,3.0,3.0,0.0,3,OPTIMAL,True,3.0,3.0,0.0,3,OPTIMAL,True,3.0,3.0,0.0,3,OPTIMAL,True,3.0,3.0,0.0,2,2,2,2,1,1,1,1,1,3,3,3.0,8,17,17,8,17,8,17,1,1,1,2
6,2,4,8,0.2,0.2,0.3,0,dense,runner_up,0.124456,2,OPTIMAL,True,2.0,2.0,0.0,2,OPTIMAL,True,2.0,2.0,0.0,2,OPTIMAL,True,2.0,2.0,0.0,2,OPTIMAL,True,2.0,2.0,0.0,2,OPTIMAL,True,2.0,2.0,0.0,3,OPTIMAL,True,3.0,3.0,0.0,2,OPTIMAL,True,2.0,2.0,0.0,1,OPTIMAL,True,1.0,1.0,0.0,2,OPTIMAL,True,2.0,2.0,0.0,3,OPTIMAL,True,3.0,3.0,0.0,2,2,2,2,0,0,1,0,0,2,3,2.5,8,17,17,6,12,6,12,1,1,1,2
6,2,5,4,0.0,0.0,0.1,0,dense,runner_up,0.105316,3,OPTIMAL,True,3.0,3.0,0.0,3,OPTIMAL,True,3.0,3.0,0.0,3,OPTIMAL,True,3.0,3.0,0.0,3,OPTIMAL,True,3.0,3.0,0.0,3,OPTIMAL,True,3.0,3.0,0.0,3,OPTIMAL,True,3.0,3.0,0.0,3,OPTIMAL,True,3.0,3.0,0.0,3,OPTIMAL,True,3.0,3.0,0.0,3,OPTIMAL,True,3.0,3.0,0.0,3,OPTIMAL,True,3.0,3.0,0.0,3,3,3,3,1,1,2,1,1,3,3,3.0,15,30,30,13,26,13,26,2,3,2,5
6,2,5,4,0.0,0.0,0.3,0,dense,runner_up,0.108779,3,OPTIMAL,True,3.0,3.0,0.0,3,OPTIMAL,True,3.0,3.0,0.0,3,OPTIMAL,True,3.0,3.0,0.0,3,OPTIMAL,True,3.0,3.0,0.0,3,OPTIMAL,True,3.0,3.0,0.0,3,OPTIMAL,True,3.0,3.0,0.0,1,OPTIMAL,True,1.0,1.0,0.0,1,OPTIMAL,True,1.0,1.0,0.0,1,OPTIMAL,True,1.0,1.0,0.0,3,OPTIMAL,True,3.0,3.0,0.0,3,3,3,3,0,0,0,0,0,1,3,2.0,15,30,30,4,14,4,14,1,2,1,3
6,2,5,4,0.0,0.2,0.1,0,dense,runner_up,0.110357,3,OPTIMAL,True,3.0,3.0,0.0,3,OPTIMAL,True,3.0,3.0,0.0,3,OPTIMAL,True,3.0,3.0,0.0,3,OPTIMAL,True,3.0,3.0,0.0,3,OPTIMAL,True,3.0,3.0,0.0,3,OPTIMAL,True,3.0,3.0,0.0,3,OPTIMAL,True,3.0,3.0,0.0,1,OPTIMAL,True,1.0,1.0,0.0,3,OPTIMAL,True,3.0,3.0,0.0,3,OPTIMAL,True,3.0,3.0,0.0,3,3,3,3,0,0,0,0,0,3,3,3.0,15,30,30,9,18,9,18,1,1,1,2
6,2,5,4,0.0,0.2,0.3,0,dense,runner_up,0.105219,3,OPTIMAL,True,3.0,3.0,0.0,3,OPTIMAL,True,3.0,3.0,0.0,3,OPTIMAL,True,3.0,3.0,0.0,3,OPTIMAL,True,3.0,3.0,0.0,3,OPTIMAL,True,3.0,3.0,0.0,3,OPTIMAL,True,3.0,3.0,0.0,1,OPTIMAL,True,1.0,1.0,0.0,0,OPTIMAL,True,0.0,0.0,0.0,1,OPTIMAL,True,1.0,1.0,0.0,3,OPTIMAL,True,3.0,3.0,0.0,3,3,3,3,0,0,0,0,0,1,3,2.0,15,30,30,1,7,1,7,1,1,1,2
6,2,5,4,0.2,0.0,0.1,0,dense,runner_up,0.131602,2,OPTIMAL,True,2.0,2.0,0.0,2,OPTIMAL,True,2.0,2.0,0.0,2,OPTIMAL,True,2.0,2.0,0.0,3,OPTIMAL,True,3.0,3.0,0.0,2,OPTIMAL,True,2.0,2.0,0.0,3,OPTIMAL,True,3.0,3.0,0.0,3,OPTIMAL,True,3.0,3.0,0.0,2,OPTIMAL,True,2.0,2.0,0.0,3,OPTIMAL,True,3.0,3.0,0.0,3,OPTIMAL,True,3.0,3.0,0.0,2,2,2,2,1,1,1,1,1,3,3,3.0,11,23,23,11,22,11,22,2,2,2,4
6,2,5,4,0.2,0.0,0.3,0,dense,runner_up,0.128552,2,OPTIMAL,True,2.0,2.0,0.0,2,OPTIMAL,True,2.0,2.0,0.0,2,OPTIMAL,True,2.0,2.0,0.0,3,OPTIMAL,True,3.0,3.0,0.0,2,OPTIMAL,True,2.0,2.0,0.0,3,OPTIMAL,True,3.0,3.0,0.0,2,OPTIMAL,True,2.0,2.0,0.0,1,OPTIMAL,True,1.0,1.0,0.0,2,OPTIMAL,True,2.0,2.0,0.0,3,OPTIMAL,True,3.0,3.0,0.0,2,2,2,2,0,0,1,0,0,2,3,2.5,11,23,23,8,16,8,16,1,2,1,3
6,2,5,4,0.2,0.2,0.1,0,dense,runner_up,0.128145,2,OPTIMAL,True,2.0,2.0,0.0,2,OPTIMAL,True,2.0,2.0,0.0,2,OPTIMAL,True,2.0,2.0,0.0,3,OPTIMAL,True,3.0,3.0,0.0,2,OPTIMAL,True,2.0,2.0,0.0,3,OPTIMAL,True,3.0,3.0,0.0,3,OPTIMAL,True,3.0,3.0,0.0,0,OPTIMAL,True,0.0,0.0,0.0,3,OPTIMAL,True,3.0,3.0,0.0,3,OPTIMAL,True,3.0,3.0,0.0,2,2,2,2,0,0,0,0,0,3,3,3.0,11,23,23,7,16,7,16,1,1,1,2
6,2,5,4,0.2,0.2,0.3,0,dense,runner_up,0.126766,2,OPTIMAL,True,2.0,2.0,0.0,2,OPTIMAL,True,2.0,2.0,0.0,2,OPTIMAL,True,2.0,2.0,0.0,3,OPTIMAL,True,3.0,3.0,0.0,2,OPTIMAL,True,2.0,2.0,0.0,3,OPTIMAL,True,3.0,3.0,0.0,2,OPTIMAL,True,2.0,2.0,0.0,0,OPTIMAL,True,0.0,0.0,0.0,2,OPTIMAL,True,2.0,2.0,0.0,3,OPTIMAL,True,3.0,3.0,0.0,2,2,2,2,0,0,0,0,0,2,3,2.5,11,23,23,4,10,4,10,1,1,1,2
6,2,5,6,0.0,0.0,0.1,0,dense,runner_up,0.108814,3,OPTIMAL,True,3.0,3.0,0.0,3,OPTIMAL,True,3.0,3.0,0.0,3,OPTIMAL,True,3.0,3.0,0.0,3,OPTIMAL,True,3.0,3.0,0.0,3,OPTIMAL,True,3.0,3.0,0.0,3,OPTIMAL,True,3.0,3.0,0.0,3,OPTIMAL,True,3.0,3.0,0.0,3,OPTIMAL,True,3.0,3.0,0.0,3,OPTIMAL,True,3.0,3.0,0.0,3,OPTIMAL,True,3.0,3.0,0.0,3,3,3,3,1,1,2,1,1,3,3,3.0,15,30,30,13,26,13,26,2,3,2,5
6,2,5,6,0.0,0.0,0.3,0,dense,runner_up,0.111414,3,OPTIMAL,True,3.0,3.0,0.0,3,OPTIMAL,True,3.0,3.0,0.0,3,OPTIMAL,True,3.0,3.0,0.0,3,OPTIMAL,True,3.0,3.0,0.0,3,OPTIMAL,True,3.0,3.0,0.0,3,OPTIMAL,True,3.0,3.0,0.0,1,OPTIMAL,True,1.0,1.0,0.0,1,OPTIMAL,True,1.0,1.0,0.0,1,OPTIMAL,True,1.0,1.0,0.0,3,OPTIMAL,True,3.0,3.0,0.0,3,3,3,3,0,0,0,0,0,1,3,2.0,15,30,30,4,14,4,14,1,2,1,3
6,2,5,6,0.0,0.2,0.1,0,dense,runner_up,0.116189,3,OPTIMAL,True,3.0,3.0,0.0,3,OPTIMAL,True,3.0,3.0,0.0,3,OPTIMAL,True,3.0,3.0,0.0,3,OPTIMAL,True,3.0,3.0,0.0,3,OPTIMAL,True,3.0,3.0,0.0,3,OPTIMAL,True,3.0,3.0,0.0,3,OPTIMAL,True,3.0,3.0,0.0,1,OPTIMAL,True,1.0,1.0,0.0,3,OPTIMAL,True,3.0,3.0,0.0,3,OPTIMAL,True,3.0,3.0,0.0,3,3,3,3,1,1,1,1,1,3,3,3.0,15,30,30,10,20,10,20,1,1,1,2
6,2,5,6,0.0,0.2,0.3,0,dense,runner_up,0.109613,3,OPTIMAL,True,3.0,3.0,0.0,3,OPTIMAL,True,3.0,3.0,0.0,3,OPTIMAL,True,3.0,3.0,0.0,3,OPTIMAL,True,3.0,3.0,0.0,3,OPTIMAL,True,3.0,3.0,0.0,3,OPTIMAL,True,3.0,3.0,0.0,1,OPTIMAL,True,1.0,1.0,0.0,1,OPTIMAL,True,1.0,1.0,0.0,1,OPTIMAL,True,1.0,1.0,0.0,3,OPTIMAL,True,3.0,3.0,0.0,3,3,3,3,0,0,0,0,0,1,3,2.0,15,30,30,1,8,1,8,1,1,1,2
6,2,5,6,0.2,0.0,0.1,0,dense,runner_up,0.124432,1,OPTIMAL,True,1.0,1.0,0.0,1,OPTIMAL,True,1.0,1.0,0.0,1,OPTIMAL,True,1.0,1.0,0.0,3,OPTIMAL,True,3.0,3.0,0.0,2,OPTIMAL,True,2.0,2.0,0.0,3,OPTIMAL,True,3.0,3.0,0.0,3,OPTIMAL,True,3.0,3.0,0.0,2,OPTIMAL,True,2.0,2.0,0.0,3,OPTIMAL,True,3.0,3.0,0.0,3,OPTIMAL,True,3.0,3.0,0.0,1,1,1,2,1,1,1,1,1,3,3,3.0,10,22,22,11,22,11,22,2,2,2,4
6,2,5,6,0.2,0.0,0.3,0,dense,runner_up,0.124112,1,OPTIMAL,True,1.0,1.0,0.0,1,OPTIMAL,True,1.0,1.0,0.0,1,OPTIMAL,True,1.0,1.0,0.0,3,OPTIMAL,True,3.0,3.0,0.0,2,OPTIMAL,True,2.0,2.0,0.0,3,OPTIMAL,True,3.0,3.0,0.0,2,OPTIMAL,True,2.0,2.0,0.0,1,OPTIMAL,True,1.0,1.0,0.0,2,OPTIMAL,True,2.0,2.0,0.0,3,OPTIMAL,True,3.0,3.0,0.0,1,1,1,2,0,0,1,0,0,2,3,2.5,10,22,22,8,16,8,16,1,2,1,3
6,2,5,6,0.2,0.2,0.1,0,dense,runner_up,0.121732,1,OPTIMAL,True,1.0,1.0,0.0,1,OPTIMAL,True,1.0,1.0,0.0,1,OPTIMAL,True,1.0,1.0,0.0,3,OPTIMAL,True,3.0,3.0,0.0,2,OPTIMAL,True,2.0,2.0,0.0,3,OPTIMAL,True,3.0,3.0,0.0,3,OPTIMAL,True,3.0,3.0,0.0,0,OPTIMAL,True,0.0,0.0,0.0,3,OPTIMAL,True,3.0,3.0,0.0,3,OPTIMAL,True,3.0,3.0,0.0,1,1,1,2,0,0,0,0,0,3,3,3.0,10,22,22,8,17,8,17,1,1,1,2
6,2,5,6,0.2,0.2,0.3,0,dense,runner_up,0.121657,1,OPTIMAL,True,1.0,1.0,0.0,1,OPTIMAL,True,1.0,1.0,0.0,1,OPTIMAL,True,1.0,1.0,0.0,3,OPTIMAL,True,3.0,3.0,0.0,2,OPTIMAL,True,2.0,2.0,0.0,3,OPTIMAL,True,3.0,3.0,0.0,2,OPTIMAL,True,2.0,2.0,0.0,0,OPTIMAL,True,0.0,0.0,0.0,2,OPTIMAL,True,2.0,2.0,0.0,3,OPTIMAL,True,3.0,3.0,0.0,1,1,1,2,0,0,0,0,0,2,3,2.5,10,22,22,5,11,5,11,1,1,1,2
6,2,5,8,0.0,0.0,0.1,0,dense,runner_up,0.111827,3,OPTIMAL,True,3.0,3.0,0.0,3,OPTIMAL,True,3.0,3.0,0.0,3,OPTIMAL,True,3.0,3.0,0.0,3,OPTIMAL,True,3.0,3.0,0.0,3,OPTIMAL,True,3.0,3.0,0.0,3,OPTIMAL,True,3.0,3.0,0.0,3,OPTIMAL,True,3.0,3.0,0.0,3,OPTIMAL,True,3.0,3.0,0.0,3,OPTIMAL,True,3.0,3.0,0.0,3,OPTIMAL,True,3.0,3.0,0.0,3,3,3,3,1,1,2,1,1,3,3,3.0,15,30,30,13,26,13,26,2,3,2,5
6,2,5,8,0.0,0.0,0.3,0,dense,runner_up,0.114417,3,OPTIMAL,True,3.0,3.0,0.0,3,OPTIMAL,True,3.0,3.0,0.0,3,OPTIMAL,True,3.0,3.0,0.0,3,OPTIMAL,True,3.0,3.0,0.0,3,OPTIMAL,True,3.0,3.0,0.0,3,OPTIMAL,True,3.0,3.0,0.0,1,OPTIMAL,True,1.0,1.0,0.0,1,OPTIMAL,True,1.0,1.0,0.0,1,OPTIMAL,True,1.0,1.0,0.0,3,OPTIMAL,True,3.0,3.0,0.0,3,3,3,3,0,0,0,0,0,1,3,2.0,15,30,30,4,14,4,14,1,2,1,3
6,2,5,8,0.0,0.2,0.1,0,dense,runner_up,0.125147,3,OPTIMAL,True,3.0,3.0,0.0,3,OPTIMAL,True,3.0,3.0,0.0,3,OPTIMAL,True,3.0,3.0,0.0,3,OPTIMAL,True,3.0,3.0,0.0,3,OPTIMAL,True,3.0,3.0,0.0,3,OPTIMAL,True,3.0,3.0,0.0,3,OPTIMAL,True,3.0,3.0,0.0,1,OPTIMAL,True,1.0,1.0,0.0,3,OPTIMAL,True,3.0,3.0,0.0,3,OPTIMAL,True,3.0,3.0,0.0,3,3,3,3,1,1,1,1,1,3,3,3.0,15,30,30,10,20,10,20,1,1,1,2
6,2,5,8,0.0,0.2,0.3,0,dense,runner_up,0.113094,3,OPTIMAL,True,3.0,3.0,0.0,3,OPTIMAL,True,3.0,3.0,0.0,3,OPTIMAL,True,3.0,3.0,0.0,3,OPTIMAL,True,3.0,3.0,0.0,3,OPTIMAL,True,3.0,3.0,0.0,3,OPTIMAL,True,3.0,3.0,0.0,1,OPTIMAL,True,1.0,1.0,0.0,1,OPTIMAL,True,1.0,1.0,0.0,1,OPTIMAL,True,1.0,1.0,0.0,3,OPTIMAL,True,3.0,3.0,0.0,3,3,3,3,0,0,0,0,0,1,3,2.0,15,30,30,1,8,1,8,1,1,1,2
6,2,5,8,0.2,0.0,0.1,0,dense,runner_up,0.132254,1,OPTIMAL,True,1.0,1.0,0.0,1,OPTIMAL,True,1.0,1.0,0.0,1,OPTIMAL,True,1.0,1.0,0.0,3,OPTIMAL,True,3.0,3.0,0.0,2,OPTIMAL,True,2.0,2.0,0.0,3,OPTIMAL,True,3.0,3.0,0.0,3,OPTIMAL,True,3.0,3.0,0.0,2,OPTIMAL,True,2.0,2.0,0.0,3,OPTIMAL,True,3.0,3.0,0.0,3,OPTIMAL,True,3.0,3.0,0.0,1,1,1,2,1,1,1,1,1,3,3,3.0,10,22,22,11,22,11,22,2,2,2,4
6,2,5,8,0.2,0.0,0.3,0,dense,runner_up,0.127836,1,OPTIMAL,True,1.0,1.0,0.0,1,OPTIMAL,True,1.0,1.0,0.0,1,OPTIMAL,True,1.0,1.0,0.0,3,OPTIMAL,True,3.0,3.0,0.0,2,OPTIMAL,True,2.0,2.0,0.0,3,OPTIMAL,True,3.0,3.0,0.0,2,OPTIMAL,True,2.0,2.0,0.0,1,OPTIMAL,True,1.0,1.0,0.0,2,OPTIMAL,True,2.0,2.0,0.0,3,OPTIMAL,True,3.0,3.0,0.0,1,1,1,2,0,0,1,0,0,2,3,2.5,10,22,22,8,16,8,16,1,2,1,3
6,2,5,8,0.2,0.2,0.1,0,dense,runner_up,0.126407,1,OPTIMAL,True,1.0,1.0,0.0,1,OPTIMAL,True,1.0,1.0,0.0,1,OPTIMAL,True,1.0,1.0,0.0,3,OPTIMAL,True,3.0,3.0,0.0,2,OPTIMAL,True,2.0,2.0,0.0,3,OPTIMAL,True,3.0,3.0,0.0,3,OPTIMAL,True,3.0,3.0,0.0,0,OPTIMAL,True,0.0,0.0,0.0,3,OPTIMAL,True,3.0,3.0,0.0,3,OPTIMAL,True,3.0,3.0,0.0,1,1,1,2,0,0,0,0,0,3,3,3.0,10,22,22,8,18,8,18,1,1,1,2
6,2,5,8,0.2,0.2,0.3,0,dense,runner_up,0.124503,1,OPTIMAL,True,1.0,1.0,0.0,1,OPTIMAL,True,1.0,1.0,0.0,1,OPTIMAL,True,1.0,1.0,0.0,3,OPTIMAL,True,3.0,3.0,0.0,2,OPTIMAL,True,2.0,2.0,0.0,3,OPTIMAL,True,3.0,3.0,0.0,2,OPTIMAL,True,2.0,2.0,0.0,0,OPTIMAL,True,0.0,0.0,0.0,2,OPTIMAL,True,2.0,2.0,0.0,3,OPTIMAL,True,3.0,3.0,0.0,1,1,1,2,0,0,0,0,0,2,3,2.5,10,22,22,5,12,5,12,1,1,1,2
6,3,2,4,0.0,0.0,0.1,0,dense,runner_up,0.100418,3,OPTIMAL,True,3.0,3.0,0.0,3,OPTIMAL,True,3.0,3.0,0.0,3,OPTIMAL,True,3.0,3.0,0.0,3,OPTIMAL,True,3.0,3.0,0.0,3,OPTIMAL,True,3.0,3.0,0.0,3,OPTIMAL,True,3.0,3.0,0.0,3,OPTIMAL,True,3.0,3.0,0.0,3,OPTIMAL,True,3.0,3.0,0.0,3,OPTIMAL,True,3.0,3.0,0.0,3,OPTIMAL,True,3.0,3.0,0.0,3,3,3,3,1,1,2,1,1,3,3,3.0,6,18,18,4,13,4,13,2,3,2,7
6,3,2,4,0.0,0.0,0.3,0,dense,runner_up,0.102940,3,OPTIMAL,True,3.0,3.0,0.0,3,OPTIMAL,True,3.0,3.0,0.0,3,OPTIMAL,True,3.0,3.0,0.0,3,OPTIMAL,True,3.0,3.0,0.0,3,OPTIMAL,True,3.0,3.0,0.0,3,OPTIMAL,True,3.0,3.0,0.0,1,OPTIMAL,True,1.0,1.0,0.0,2,OPTIMAL,True,2.0,2.0,0.0,1,OPTIMAL,True,1.0,1.0,0.0,3,OPTIMAL,True,3.0,3.0,0.0,3,3,3,3,0,0,1,0,0,1,3,2.0,6,18,18,2,8,2,8,1,2,1,5
6,3,2,4,0.0,0.2,0.1,0,dense,runner_up,0.105248,3,OPTIMAL,True,3.0,3.0,0.0,3,OPTIMAL,True,3.0,3.0,0.0,3,OPTIMAL,True,3.0,3.0,0.0,3,OPTIMAL,True,3.0,3.0,0.0,3,OPTIMAL,True,3.0,3.0,0.0,3,OPTIMAL,True,3.0,3.0,0.0,2,OPTIMAL,True,2.0,2.0,0.0,3,OPTIMAL,True,3.0,3.0,0.0,2,OPTIMAL,True,2.0,2.0,0.0,3,OPTIMAL,True,3.0,3.0,0.0,3,3,3,3,0,0,1,0,0,2,3,2.6666666666666665,6,18,18,3,10,3,10,2,2,2,6
6,3,2,4,0.0,0.2,0.3,0,dense,runner_up,0.098777,3,OPTIMAL,True,3.0,3.0,0.0,3,OPTIMAL,True,3.0,3.0,0.0,3,OPTIMAL,True,3.0,3.0,0.0,3,OPTIMAL,True,3.0,3.0,0.0,3,OPTIMAL,True,3.0,3.0,0.0,3,OPTIMAL,True,3.0,3.0,0.0,1,OPTIMAL,True,1.0,1.0,0.0,1,OPTIMAL,True,1.0,1.0,0.0,1,OPTIMAL,True,1.0,1.0,0.0,2,OPTIMAL,True,2.0,2.0,0.0,3,3,3,3,0,0,1,0,0,1,2,1.3333333333333333,6,18,18,1,5,1,5,0,2,0,3
6,3,2,4,0.2,0.0,0.1,0,dense,runner_up,0.109765,2,OPTIMAL,True,2.0,2.0,0.0,2,OPTIMAL,True,2.0,2.0,0.0,2,OPTIMAL,True,2.0,2.0,0.0,2,OPTIMAL,True,2.0,2.0,0.0,3,OPTIMAL,True,3.0,3.0,0.0,3,OPTIMAL,True,3.0,3.0,0.0,3,OPTIMAL,True,3.0,3.0,0.0,3,OPTIMAL,True,3.0,3.0,0.0,3,OPTIMAL,True,3.0,3.0,0.0,3,OPTIMAL,True,3.0,3.0,0.0,2,2,2,3,1,1,2,1,1,3,3,3.0,4,14,14,4,13,4,13,2,3,2,7
6,3,2,4,0.2,0.0,0.3,0,dense,runner_up,0.110036,2,OPTIMAL,True,2.0,2.0,0.0,2,OPTIMAL,True,2.0,2.0,0.0,2,OPTIMAL,True,2.0,2.0,0.0,2,OPTIMAL,True,2.0,2.0,0.0,3,OPTIMAL,True,3.0,3.0,0.0,3,OPTIMAL,True,3.0,3.0,0.0,2,OPTIMAL,True,2.0,2.0,0.0,2,OPTIMAL,True,2.0,2.0,0.0,2,OPTIMAL,True,2.0,2.0,0.0,3,OPTIMAL,True,3.0,3.0,0.0,2,2,2,3,0,0,1,0,0,2,3,2.3333333333333335,4,14,14,3,9,3,9,2,2,2,6
6,3,2,4,0.2,0.2,0.1,0,dense,runner_up,0.112047,2,OPTIMAL,True,2.0,2.0,0.0,2,OPTIMAL,True,2.0,2.0,0.0,2,OPTIMAL,True,2.0,2.0,0.0,2,OPTIMAL,True,2.0,2.0,0.0,3,OPTIMAL,True,3.0,3.0,0.0,3,OPTIMAL,True,3.0,3.0,0.0,2,OPTIMAL,True,2.0,2.0,0.0,3,OPTIMAL,True,3.0,3.0,0.0,2,OPTIMAL,True,2.0,2.0,0.0,3,OPTIMAL,True,3.0,3.0,0.0,2,2,2,3,0,0,2,0,0,2,3,2.6666666666666665,4,14,14,3,11,3,11,2,2,2,6
6,3,2,4,0.2,0.2,0.3,0,dense,runner_up,0.114689,2,OPTIMAL,True,2.0,2.0,0.0,2,OPTIMAL,True,2.0,2.0,0.0,2,OPTIMAL,True,2.0,2.0,0.0,2,OPTIMAL,True,2.0,2.0,0.0,3,OPTIMAL,True,3.0,3.0,0.0,3,OPTIMAL,True,3.0,3.0,0.0,2,OPTIMAL,True,2.0,2.0,0.0,2,OPTIMAL,True,2.0,2.0,0.0,2,OPTIMAL,True,2.0,2.0,0.0,2,OPTIMAL,True,2.0,2.0,0.0,2,2,2,3,0,0,1,0,0,2,2,2.0,4,14,14,2,7,2,7,1,2,1,5
6,3,2,6,0.0,0.0,0.1,0,dense,runner_up,0.102164,3,OPTIMAL,True,3.0,3.0,0.0,3,OPTIMAL,True,3.0,3.0,0.0,3,OPTIMAL,True,3.0,3.0,0.0,3,OPTIMAL,True,3.0,3.0,0.0,3,OPTIMAL,True,3.0,3.0,0.0,3,OPTIMAL,True,3.0,3.0,0.0,3,OPTIMAL,True,3.0,3.0,0.0,3,OPTIMAL,True,3.0,3.0,0.0,3,OPTIMAL,True,3.0,3.0,0.0,3,OPTIMAL,True,3.0,3.0,0.0,3,3,3,3,1,1,2,1,1,3,3,3.0,6,18,18,4,13,4,13,2,3,2,7
6,3,2,6,0.0,0.0,0.3,0,dense,runner_up,0.105215,3,OPTIMAL,True,3.0,3.0,0.0,3,OPTIMAL,True,3.0,3.0,0.0,3,OPTIMAL,True,3.0,3.0,0.0,3,OPTIMAL,True,3.0,3.0,0.0,3,OPTIMAL,True,3.0,3.0,0.0,3,OPTIMAL,True,3.0,3.0,0.0,1,OPTIMAL,True,1.0,1.0,0.0,2,OPTIMAL,True,2.0,2.0,0.0,1,OPTIMAL,True,1.0,1.0,0.0,3,OPTIMAL,True,3.0,3.0,0.0,3,3,3,3,0,0,1,0,0,1,3,2.0,6,18,18,2,8,2,8,1,2,1,5
6,3,2,6,0.0,0.2,0.1,0,dense,runner_up,0.107921,3,OPTIMAL,True,3.0,3.0,0.0,3,OPTIMAL,True,3.0,3.0,0.0,3,OPTIMAL,True,3.0,3.0,0.0,3,OPTIMAL,True,3.0,3.0,0.0,3,OPTIMAL,True,3.0,3.0,0.0,3,OPTIMAL,True,3.0,3.0,0.0,2,OPTIMAL,True,2.0,2.0,0.0,3,OPTIMAL,True,3.0,3.0,0.0,2,OPTIMAL,True,2.0,2.0,0.0,3,OPTIMAL,True,3.0,3.0,0.0,3,3,3,3,0,0,1,0,0,2,3,2.6666666666666665,6,18,18,3,10,3,10,2,2,2,6
6,3,2,6,0.0,0.2,0.3,0,dense,runner_up,0.101767,3,OPTIMAL,True,3.0,3.0,0.0,3,OPTIMAL,True,3.0,3.0,0.0,3,OPTIMAL,True,3.0,3.0,0.0,3,OPTIMAL,True,3.0,3.0,0.0,3,OPTIMAL,True,3.0,3.0,0.0,3,OPTIMAL,True,3.0,3.0,0.0,1,OPTIMAL,True,1.0,1.0,0.0,1,OPTIMAL,True,1.0,1.0,0.0,1,OPTIMAL,True,1.0,1.0,0.0,2,OPTIMAL,True,2.0,2.0,0.0,3,3,3,3,0,0,1,0,0,1,2,1.3333333333333333,6,18,18,1,5,1,5,0,1,0,2
6,3,2,6,0.2,0.0,0.1,0,dense,runner_up,0.153800,2,OPTIMAL,True,2.0,2.0,0.0,2,OPTIMAL,True,2.0,2.0,0.0,2,OPTIMAL,True,2.0,2.0,0.0,2,OPTIMAL,True,2.0,2.0,0.0,3,OPTIMAL,True,3.0,3.0,0.0,3,OPTIMAL,True,3.0,3.0,0.0,3,OPTIMAL,True,3.0,3.0,0.0,3,OPTIMAL,True,3.0,3.0,0.0,3,OPTIMAL,True,3.0,3.0,0.0,3,OPTIMAL,True,3.0,3.0,0.0,2,2,2,3,1,1,2,1,1,3,3,3.0,4,14,14,4,13,4,13,2,3,2,7
6,3,2,6,0.2,0.0,0.3,0,dense,runner_up,0.111939,2,OPTIMAL,True,2.0,2.0,0.0,2,OPTIMAL,True,2.0,2.0,0.0,2,OPTIMAL,True,2.0,2.0,0.0,2,OPTIMAL,True,2.0,2.0,0.0,3,OPTIMAL,True,3.0,3.0,0.0,3,OPTIMAL,True,3.0,3.0,0.0,2,OPTIMAL,True,2.0,2.0,0.0,2,OPTIMAL,True,2.0,2.0,0.0,2,OPTIMAL,True,2.0,2.0,0.0,3,OPTIMAL,True,3.0,3.0,0.0,2,2,2,3,0,0,1,0,0,2,3,2.3333333333333335,4,14,14,3,9,3,9,2,2,2,6
6,3,2,6,0.2,0.2,0.1,0,dense,runner_up,0.115066,2,OPTIMAL,True,2.0,2.0,0.0,2,OPTIMAL,True,2.0,2.0,0.0,2,OPTIMAL,True,2.0,2.0,0.0,2,OPTIMAL,True,2.0,2.0,0.0,3,OPTIMAL,True,3.0,3.0,0.0,3,OPTIMAL,True,3.0,3.0,0.0,2,OPTIMAL,True,2.0,2.0,0.0,3,OPTIMAL,True,3.0,3.0,0.0,2,OPTIMAL,True,2.0,2.0,0.0,3,OPTIMAL,True,3.0,3.0,0.0,2,2,2,3,0,0,2,0,0,2,3,2.6666666666666665,4,14,14,3,11,3,11,1,2,1,5
6,3,2,6,0.2,0.2,0.3,0,dense,runner_up,0.116928,2,OPTIMAL,True,2.0,2.0,0.0,2,OPTIMAL,True,2.0,2.0,0.0,2,OPTIMAL,True,2.0,2.0,0.0,2,OPTIMAL,True,2.0,2.0,0.0,3,OPTIMAL,True,3.0,3.0,0.0,3,OPTIMAL,True,3.0,3.0,0.0,2,OPTIMAL,True,2.0,2.0,0.0,2,OPTIMAL,True,2.0,2.0,0.0,2,OPTIMAL,True,2.0,2.0,0.0,2,OPTIMAL,True,2.0,2.0,0.0,2,2,2,3,0,0,1,0,0,2,2,2.0,4,14,14,2,7,2,7,0,2,0,3
6,3,2,8,0.0,0.0,0.1,0,dense,runner_up,0.103730,3,OPTIMAL,True,3.0,3.0,0.0,3,OPTIMAL,True,3.0,3.0,0.0,3,OPTIMAL,True,3.0,3.0,0.0,3,OPTIMAL,True,3.0,3.0,0.0,3,OPTIMAL,True,3.0,3.0,0.0,3,OPTIMAL,True,3.0,3.0,0.0,3,OPTIMAL,True,3.0,3.0,0.0,3,OPTIMAL,True,3.0,3.0,0.0,3,OPTIMAL,True,3.0,3.0,0.0,3,OPTIMAL,True,3.0,3.0,0.0,3,3,3,3,1,1,2,1,1,3,3,3.0,6,18,18,4,13,4,13,2,3,2,7
6,3,2,8,0.0,0.0,0.3,0,dense,runner_up,0.107482,3,OPTIMAL,True,3.0,3.0,0.0,3,OPTIMAL,True,3.0,3.0,0.0,3,OPTIMAL,True,3.0,3.0,0.0,3,OPTIMAL,True,3.0,3.0,0.0,3,OPTIMAL,True,3.0,3.0,0.0,3,OPTIMAL,True,3.0,3.0,0.0,1,OPTIMAL,True,1.0,1.0,0.0,2,OPTIMAL,True,2.0,2.0,0.0,1,OPTIMAL,True,1.0,1.0,0.0,3,OPTIMAL,True,3.0,3.0,0.0,3,3,3,3,0,0,1,0,0,1,3,2.0,6,18,18,2,8,2,8,1,2,1,5
6,3,2,8,0.0,0.2,0.1,0,dense,runner_up,0.108828,3,OPTIMAL,True,3.0,3.0,0.0,3,OPTIMAL,True,3.0,3.0,0.0,3,OPTIMAL,True,3.0,3.0,0.0,3,OPTIMAL,True,3.0,3.0,0.0,3,OPTIMAL,True,3.0,3.0,0.0,3,OPTIMAL,True,3.0,3.0,0.0,2,OPTIMAL,True,2.0,2.0,0.0,3,OPTIMAL,True,3.0,3.0,0.0,2,OPTIMAL,True,2.0,2.0,0.0,3,OPTIMAL,True,3.0,3.0,0.0,3,3,3,3,0,0,1,0,0,2,3,2.6666666666666665,6,18,18,3,10,3,10,2,2,2,6
6,3,2,8,0.0,0.2,0.3,0,dense,runner_up,0.104340,3,OPTIMAL,True,3.0,3.0,0.0,3,OPTIMAL,True,3.0,3.0,0.0,3,OPTIMAL,True,3.0,3.0,0.0,3,OPTIMAL,True,3.0,3.0,0.0,3,OPTIMAL,True,3.0,3.0,0.0,3,OPTIMAL,True,3.0,3.0,0.0,1,OPTIMAL,True,1.0,1.0,0.0,1,OPTIMAL,True,1.0,1.0,0.0,1,OPTIMAL,True,1.0,1.0,0.0,2,OPTIMAL,True,2.0,2.0,0.0,3,3,3,3,0,0,1,0,0,1,2,1.3333333333333333,6,18,18,1,5,1,5,0,1,0,2
6,3,2,8,0.2,0.0,0.1,0,dense,runner_up,0.114485,2,OPTIMAL,True,2.0,2.0,0.0,2,OPTIMAL,True,2.0,2.0,0.0,2,OPTIMAL,True,2.0,2.0,0.0,2,OPTIMAL,True,2.0,2.0,0.0,3,OPTIMAL,True,3.0,3.0,0.0,3,OPTIMAL,True,3.0,3.0,0.0,3,OPTIMAL,True,3.0,3.0,0.0,3,OPTIMAL,True,3.0,3.0,0.0,3,OPTIMAL,True,3.0,3.0,0.0,3,OPTIMAL,True,3.0,3.0,0.0,2,2,2,3,1,1,2,1,1,3,3,3.0,4,14,14,4,13,4,13,2,3,2,7
6,3,2,8,0.2,0.0,0.3,0,dense,runner_up,0.115041,2,OPTIMAL,True,2.0,2.0,0.0,2,OPTIMAL,True,2.0,2.0,0.0,2,OPTIMAL,True,2.0,2.0,0.0,2,OPTIMAL,True,2.0,2.0,0.0,3,OPTIMAL,True,3.0,3.0,0.0,3,OPTIMAL,True,3.0,3.0,0.0,2,OPTIMAL,True,2.0,2.0,0.0,2,OPTIMAL,True,2.0,2.0,0.0,2,OPTIMAL,True,2.0,2.0,0.0,3,OPTIMAL,True,3.0,3.0,0.0,2,2,2,3,0,0,1,0,0,2,3,2.3333333333333335,4,14,14,3,9,3,9,2,2,2,6
6,3,2,8,0.2,0.2,0.1,0,dense,runner_up,0.117589,2,OPTIMAL,True,2.0,2.0,0.0,2,OPTIMAL,True,2.0,2.0,0.0,2,OPTIMAL,True,2.0,2.0,0.0,2,OPTIMAL,True,2.0,2.0,0.0,3,OPTIMAL,True,3.0,3.0,0.0,3,OPTIMAL,True,3.0,3.0,0.0,2,OPTIMAL,True,2.0,2.0,0.0,3,OPTIMAL,True,3.0,3.0,0.0,2,OPTIMAL,True,2.0,2.0,0.0,3,OPTIMAL,True,3.0,3.0,0.0,2,2,2,3,0,0,2,0,0,2,3,2.6666666666666665,4,14,14,3,11,3,11,1,2,1,5
6,3,2,8,0.2,0.2,0.3,0,dense,runner_up,0.118512,2,OPTIMAL,True,2.0,2.0,0.0,2,OPTIMAL,True,2.0,2.0,0.0,2,OPTIMAL,True,2.0,2.0,0.0,2,OPTIMAL,True,2.0,2.0,0.0,3,OPTIMAL,True,3.0,3.0,0.0,3,OPTIMAL,True,3.0,3.0,0.0,2,OPTIMAL,True,2.0,2.0,0.0,2,OPTIMAL,True,2.0,2.0,0.0,2,OPTIMAL,True,2.0,2.0,0.0,2,OPTIMAL,True,2.0,2.0,0.0,2,2,2,3,0,0,1,0,0,2,2,2.0,4,14,14,2,7,2,7,0,2,0,3
6,3,3,4,0.0,0.0,0.1,0,dense,runner_up,0.105399,3,OPTIMAL,True,3.0,3.0,0.0,3,OPTIMAL,True,3.0,3.0,0.0,3,OPTIMAL,True,3.0,3.0,0.0,3,OPTIMAL,True,3.0,3.0,0.0,3,OPTIMAL,True,3.0,3.0,0.0,3,OPTIMAL,True,3.0,3.0,0.0,3,OPTIMAL,True,3.0,3.0,0.0,2,OPTIMAL,True,2.0,2.0,0.0,3,OPTIMAL,True,3.0,3.0,0.0,3,OPTIMAL,True,3.0,3.0,0.0,3,3,3,3,1,1,2,1,1,3,3,3.0,9,27,27,7,22,7,22,2,3,2,8
6,3,3,4,0.0,0.0,0.3,0,dense,runner_up,0.110443,3,OPTIMAL,True,3.0,3.0,0.0,3,OPTIMAL,True,3.0,3.0,0.0,3,OPTIMAL,True,3.0,3.0,0.0,3,OPTIMAL,True,3.0,3.0,0.0,3,OPTIMAL,True,3.0,3.0,0.0,3,OPTIMAL,True,3.0,3.0,0.0,2,OPTIMAL,True,2.0,2.0,0.0,2,OPTIMAL,True,2.0,2.0,0.0,2,OPTIMAL,True,2.0,2.0,0.0,3,OPTIMAL,True,3.0,3.0,0.0,3,3,3,3,0,0,1,0,0,2,3,2.3333333333333335,9,27,27,3,14,3,14,1,2,1,5
6,3,3,4,0.0,0.2,0.1,0,dense,runner_up,0.110565,3,OPTIMAL,True,3.0,3.0,0.0,3,OPTIMAL,True,3.0,3.0,0.0,3,OPTIMAL,True,3.0,3.0,0.0,3,OPTIMAL,True,3.0,3.0,0.0,3,OPTIMAL,True,3.0,3.0,0.0,3,OPTIMAL,True,3.0,3.0,0.0,3,OPTIMAL,True,3.0,3.0,0.0,2,OPTIMAL,True,2.0,2.0,0.0,3,OPTIMAL,True,3.0,3.0,0.0,3,OPTIMAL,True,3.0,3.0,0.0,3,3,3,3,1,1,2,1,1,3,3,3.0,9,27,27,6,21,6,21,2,2,2,6
6,3,3,4,0.0,0.2,0.3,0,dense,runner_up,0.109696,3,OPTIMAL,True,3.0,3.0,0.0,3,OPTIMAL,True,3.0,3.0,0.0,3,OPTIMAL,True,3.0,3.0,0.0,3,OPTIMAL,True,3.0,3.0,0.0,3,OPTIMAL,True,3.0,3.0,0.0,3,OPTIMAL,True,3.0,3.0,0.0,2,OPTIMAL,True,2.0,2.0,0.0,2,OPTIMAL,True,2.0,2.0,0.0,2,OPTIMAL,True,2.0,2.0,0.0,3,OPTIMAL,True,3.0,3.0,0.0,3,3,3,3,0,0,1,0,0,2,3,2.3333333333333335,9,27,27,3,14,3,14,1,2,1,4
6,3,3,4,0.2,0.0,0.1,0,dense,runner_up,0.106865,1,OPTIMAL,True,1.0,1.0,0.0,1,OPTIMAL,True,1.0,1.0,0.0,1,OPTIMAL,True,1.0,1.0,0.0,2,OPTIMAL,True,2.0,2.0,0.0,2,OPTIMAL,True,2.0,2.0,0.0,3,OPTIMAL,True,3.0,3.0,0.0,3,OPTIMAL,True,3.0,3.0,0.0,2,OPTIMAL,True,2.0,2.0,0.0,3,OPTIMAL,True,3.0,3.0,0.0,3,OPTIMAL,True,3.0,3.0,0.0,1,1,1,2,1,1,2,1,1,3,3,3.0,6,19,19,7,22,7,22,2,3,2,8
6,3,3,4,0.2,0.0,0.3,0,dense,runner_up,0.107147,1,OPTIMAL,True,1.0,1.0,0.0,1,OPTIMAL,True,1.0,1.0,0.0,1,OPTIMAL,True,1.0,1.0,0.0,2,OPTIMAL,True,2.0,2.0,0.0,2,OPTIMAL,True,2.0,2.0,0.0,3,OPTIMAL,True,3.0,3.0,0.0,2,OPTIMAL,True,2.0,2.0,0.0,2,OPTIMAL,True,2.0,2.0,0.0,2,OPTIMAL,True,2.0,2.0,0.0,3,OPTIMAL,True,3.0,3.0,0.0,1,1,1,2,0,0,2,0,0,2,3,2.3333333333333335,6,19,19,2,14,2,14,1,2,1,5
6,3,3,4,0.2,0.2,0.1,0,dense,runner_up,0.114356,1,OPTIMAL,True,1.0,1.0,0.0,1,OPTIMAL,True,1.0,1.0,0.0,1,OPTIMAL,True,1.0,1.0,0.0,2,OPTIMAL,True,2.0,2.0,0.0,2,OPTIMAL,True,2.0,2.0,0.0,3,OPTIMAL,True,3.0,3.0,0.0,3,OPTIMAL,True,3.0,3.0,0.0,2,OPTIMAL,True,2.0,2.0,0.0,3,OPTIMAL,True,3.0,3.0,0.0,3,OPTIMAL,True,3.0,3.0,0.0,1,1,1,2,1,1,1,1,1,3,3,3.0,6,19,19,5,18,5,18,1,2,1,4
6,3,3,4,0.2,0.2,0.3,0,dense,runner_up,0.109402,1,OPTIMAL,True,1.0,1.0,0.0,1,OPTIMAL,True,1.0,1.0,0.0,1,OPTIMAL,True,1.0,1.0,0.0,2,OPTIMAL,True,2.0,2.0,0.0,2,OPTIMAL,True,2.0,2.0,0.0,3,OPTIMAL,True,3.0,3.0,0.0,2,OPTIMAL,True,2.0,2.0,0.0,1,OPTIMAL,True,1.0,1.0,0.0,2,OPTIMAL,True,2.0,2.0,0.0,3,OPTIMAL,True,3.0,3.0,0.0,1,1,1,2,0,0,1,0,0,2,3,2.3333333333333335,6,19,19,2,12,2,12,1,1,1,3
6,3,3,6,0.0,0.0,0.1,0,dense,runner_up,0.137911,3,OPTIMAL,True,3.0,3.0,0.0,3,OPTIMAL,True,3.0,3.0,0.0,3,OPTIMAL,True,3.0,3.0,0.0,3,OPTIMAL,True,3.0,3.0,0.0,3,OPTIMAL,True,3.0,3.0,0.0,3,OPTIMAL,True,3.0,3.0,0.0,3,OPTIMAL,True,3.0,3.0,0.0,2,OPTIMAL,True,2.0,2.0,0.0,3,OPTIMAL,True,3.0,3.0,0.0,3,OPTIMAL,True,3.0,3.0,0.0,3,3,3,3,1,1,2,1,1,3,3,3.0,9,27,27,7,22,7,22,2,3,2,8
6,3,3,6,0.0,0.0,0.3,0,dense,runner_up,0.114391,3,OPTIMAL,True,3.0,3.0,0.0,3,OPTIMAL,True,3.0,3.0,0.0,3,OPTIMAL,True,3.0,3.0,0.0,3,OPTIMAL,True,3.0,3.0,0.0,3,OPTIMAL,True,3.0,3.0,0.0,3,OPTIMAL,True,3.0,3.0,0.0,2,OPTIMAL,True,2.0,2.0,0.0,2,OPTIMAL,True,2.0,2.0,0.0,2,OPTIMAL,True,2.0,2.0,0.0,3,OPTIMAL,True,3.0,3.0,0.0,3,3,3,3,0,0,1,0,0,2,3,2.3333333333333335,9,27,27,3,14,3,14,1,2,1,5
6,3,3,6,0.0,0.2,0.1,0,dense,runner_up,0.114521,3,OPTIMAL,True,3.0,3.0,0.0,3,OPTIMAL,True,3.0,3.0,0.0,3,OPTIMAL,True,3.0,3.0,0.0,3,OPTIMAL,True,3.0,3.0,0.0,3,OPTIMAL,True,3.0,3.0,0.0,3,OPTIMAL,True,3.0,3.0,0.0,3,OPTIMAL,True,3.0,3.0,0.0,2,OPTIMAL,True,2.0,2.0,0.0,3,OPTIMAL,True,3.0,3.0,0.0,3,OPTIMAL,True,3.0,3.0,0.0,3,3,3,3,1,1,2,1,1,3,3,3.0,9,27,27,7,22,7,22,2,2,2,6
6,3,3,6,0.0,0.2,0.3,0,dense,runner_up,0.113623,3,OPTIMAL,True,3.0,3.0,0.0,3,OPTIMAL,True,3.0,3.0,0.0,3,OPTIMAL,True,3.0,3.0,0.0,3,OPTIMAL,True,3.0,3.0,0.0,3,OPTIMAL,True,3.0,3.0,0.0,3,OPTIMAL,True,3.0,3.0,0.0,2,OPTIMAL,True,2.0,2.0,0.0,2,OPTIMAL,True,2.0,2.0,0.0,2,OPTIMAL,True,2.0,2.0,0.0,3,OPTIMAL,True,3.0,3.0,0.0,3,3,3,3,0,0,1,0,0,2,3,2.3333333333333335,9,27,27,3,14,3,14,1,2,1,4
6,3,3,6,0.2,0.0,0.1,0,dense,runner_up,0.109940,1,OPTIMAL,True,1.0,1.0,0.0,1,OPTIMAL,True,1.0,1.0,0.0,1,OPTIMAL,True,1.0,1.0,0.0,2,OPTIMAL,True,2.0,2.0,0.0,2,OPTIMAL,True,2.0,2.0,0.0,3,OPTIMAL,True,3.0,3.0,0.0,3,OPTIMAL,True,3.0,3.0,0.0,2,OPTIMAL,True,2.0,2.0,0.0,3,OPTIMAL,True,3.0,3.0,0.0,3,OPTIMAL,True,3.0,3.0,0.0,1,1,1,2,1,1,2,1,1,3,3,3.0,5,18,18,7,22,7,22,2,3,2,8
6,3,3,6,0.2,0.0,0.3,0,dense,runner_up,0.109531,1,OPTIMAL,True,1.0,1.0,0.0,1,OPTIMAL,True,1.0,1.0,0.0,1,OPTIMAL,True,1.0,1.0,0.0,2,OPTIMAL,True,2.0,2.0,0.0,2,OPTIMAL,True,2.0,2.0,0.0,3,OPTIMAL,True,3.0,3.0,0.0,2,OPTIMAL,True,2.0,2.0,0.0,2,OPTIMAL,True,2.0,2.0,0.0,2,OPTIMAL,True,2.0,2.0,0.0,3,OPTIMAL,True,3.0,3.0,0.0,1,1,1,2,0,0,2,0,0,2,3,2.3333333333333335,5,18,18,2,14,2,14,1,2,1,5
6,3,3,6,0.2,0.2,0.1,0,dense,runner_up,0.116245,1,OPTIMAL,True,1.0,1.0,0.0,1,OPTIMAL,True,1.0,1.0,0.0,1,OPTIMAL,True,1.0,1.0,0.0,2,OPTIMAL,True,2.0,2.0,0.0,2,OPTIMAL,True,2.0,2.0,0.0,3,OPTIMAL,True,3.0,3.0,0.0,3,OPTIMAL,True,3.0,3.0,0.0,2,OPTIMAL,True,2.0,2.0,0.0,3,OPTIMAL,True,3.0,3.0,0.0,3,OPTIMAL,True,3.0,3.0,0.0,1,1,1,2,1,1,1,1,1,3,3,3.0,5,18,18,5,19,5,19,1,2,1,4
6,3,3,6,0.2,0.2,0.3,0,dense,runner_up,0.114069,1,OPTIMAL,True,1.0,1.0,0.0,1,OPTIMAL,True,1.0,1.0,0.0,1,OPTIMAL,True,1.0,1.0,0.0,2,OPTIMAL,True,2.0,2.0,0.0,2,OPTIMAL,True,2.0,2.0,0.0,3,OPTIMAL,True,3.0,3.0,0.0,2,OPTIMAL,True,2.0,2.0,0.0,1,OPTIMAL,True,1.0,1.0,0.0,2,OPTIMAL,True,2.0,2.0,0.0,3,OPTIMAL,True,3.0,3.0,0.0,1,1,1,2,0,0,1,0,0,2,3,2.3333333333333335,5,18,18,2,13,2,13,1,1,1,3
6,3,3,8,0.0,0.0,0.1,0,dense,runner_up,0.112400,3,OPTIMAL,True,3.0,3.0,0.0,3,OPTIMAL,True,3.0,3.0,0.0,3,OPTIMAL,True,3.0,3.0,0.0,3,OPTIMAL,True,3.0,3.0,0.0,3,OPTIMAL,True,3.0,3.0,0.0,3,OPTIMAL,True,3.0,3.0,0.0,3,OPTIMAL,True,3.0,3.0,0.0,2,OPTIMAL,True,2.0,2.0,0.0,3,OPTIMAL,True,3.0,3.0,0.0,3,OPTIMAL,True,3.0,3.0,0.0,3,3,3,3,1,1,2,1,1,3,3,3.0,9,27,27,7,22,7,22,2,3,2,8
6,3,3,8,0.0,0.0,0.3,0,dense,runner_up,0.116101,3,OPTIMAL,True,3.0,3.0,0.0,3,OPTIMAL,True,3.0,3.0,0.0,3,OPTIMAL,True,3.0,3.0,0.0,3,OPTIMAL,True,3.0,3.0,0.0,3,OPTIMAL,True,3.0,3.0,0.0,3,OPTIMAL,True,3.0,3.0,0.0,2,OPTIMAL,True,2.0,2.0,0.0,2,OPTIMAL,True,2.0,2.0,0.0,2,OPTIMAL,True,2.0,2.0,0.0,3,OPTIMAL,True,3.0,3.0,0.0,3,3,3,3,0,0,1,0,0,2,3,2.3333333333333335,9,27,27,3,14,3,14,1,2,1,5
6,3,3,8,0.0,0.2,0.1,0,dense,runner_up,0.118717,3,OPTIMAL,True,3.0,3.0,0.0,3,OPTIMAL,True,3.0,3.0,0.0,3,OPTIMAL,True,3.0,3.0,0.0,3,OPTIMAL,True,3.0,3.0,0.0,3,OPTIMAL,True,3.0,3.0,0.0,3,OPTIMAL,True,3.0,3.0,0.0,3,OPTIMAL,True,3.0,3.0,0.0,2,OPTIMAL,True,2.0,2.0,0.0,3,OPTIMAL,True,3.0,3.0,0.0,3,OPTIMAL,True,3.0,3.0,0.0,3,3,3,3,1,1,2,1,1,3,3,3.0,9,27,27,7,22,7,22,2,2,2,6
6,3,3,8,0.0,0.2,0.3,0,dense,runner_up,0.119346,3,OPTIMAL,True,3.0,3.0,0.0,3,OPTIMAL,True,3.0,3.0,0.0,3,OPTIMAL,True,3.0,3.0,0.0,3,OPTIMAL,True,3.0,3.0,0.0,3,OPTIMAL,True,3.0,3.0,0.0,3,OPTIMAL,True,3.0,3.0,0.0,2,OPTIMAL,True,2.0,2.0,0.0,2,OPTIMAL,True,2.0,2.0,0.0,2,OPTIMAL,True,2.0,2.0,0.0,3,OPTIMAL,True,3.0,3.0,0.0,3,3,3,3,0,0,1,0,0,2,3,2.3333333333333335,9,27,27,3,14,3,14,1,2,1,4
6,3,3,8,0.2,0.0,0.1,0,dense,runner_up,0.114310,1,OPTIMAL,True,1.0,1.0,0.0,1,OPTIMAL,True,1.0,1.0,0.0,1,OPTIMAL,True,1.0,1.0,0.0,2,OPTIMAL,True,2.0,2.0,0.0,2,OPTIMAL,True,2.0,2.0,0.0,3,OPTIMAL,True,3.0,3.0,0.0,3,OPTIMAL,True,3.0,3.0,0.0,2,OPTIMAL,True,2.0,2.0,0.0,3,OPTIMAL,True,3.0,3.0,0.0,3,OPTIMAL,True,3.0,3.0,0.0,1,1,1,2,1,1,2,1,1,3,3,3.0,6,19,19,7,22,7,22,2,3,2,8
6,3,3,8,0.2,0.0,0.3,0,dense,runner_up,0.114081,1,OPTIMAL,True,1.0,1.0,0.0,1,OPTIMAL,True,1.0,1.0,0.0,1,OPTIMAL,True,1.0,1.0,0.0,2,OPTIMAL,True,2.0,2.0,0.0,2,OPTIMAL,True,2.0,2.0,0.0,3,OPTIMAL,True,3.0,3.0,0.0,2,OPTIMAL,True,2.0,2.0,0.0,2,OPTIMAL,True,2.0,2.0,0.0,2,OPTIMAL,True,2.0,2.0,0.0,3,OPTIMAL,True,3.0,3.0,0.0,1,1,1,2,0,0,2,0,0,2,3,2.3333333333333335,6,19,19,2,14,2,14,1,2,1,5
6,3,3,8,0.2,0.2,0.1,0,dense,runner_up,0.120813,1,OPTIMAL,True,1.0,1.0,0.0,1,OPTIMAL,True,1.0,1.0,0.0,1,OPTIMAL,True,1.0,1.0,0.0,2,OPTIMAL,True,2.0,2.0,0.0,2,OPTIMAL,True,2.0,2.0,0.0,3,OPTIMAL,True,3.0,3.0,0.0,3,OPTIMAL,True,3.0,3.0,0.0,2,OPTIMAL,True,2.0,2.0,0.0,3,OPTIMAL,True,3.0,3.0,0.0,3,OPTIMAL,True,3.0,3.0,0.0,1,1,1,2,1,1,1,1,1,3,3,3.0,6,19,19,5,19,5,19,1,1,1,3
6,3,3,8,0.2,0.2,0.3,0,dense,runner_up,0.117126,1,OPTIMAL,True,1.0,1.0,0.0,1,OPTIMAL,True,1.0,1.0,0.0,1,OPTIMAL,True,1.0,1.0,0.0,2,OPTIMAL,True,2.0,2.0,0.0,2,OPTIMAL,True,2.0,2.0,0.0,3,OPTIMAL,True,3.0,3.0,0.0,2,OPTIMAL,True,2.0,2.0,0.0,1,OPTIMAL,True,1.0,1.0,0.0,2,OPTIMAL,True,2.0,2.0,0.0,3,OPTIMAL,True,3.0,3.0,0.0,1,1,1,2,0,0,1,0,0,2,3,2.3333333333333335,6,19,19,2,13,2,13,1,1,1,3
6,3,4,4,0.0,0.0,0.1,0,dense,runner_up,0.121076,3,OPTIMAL,True,3.0,3.0,0.0,3,OPTIMAL,True,3.0,3.0,0.0,3,OPTIMAL,True,3.0,3.0,0.0,3,OPTIMAL,True,3.0,3.0,0.0,3,OPTIMAL,True,3.0,3.0,0.0,3,OPTIMAL,True,3.0,3.0,0.0,3,OPTIMAL,True,3.0,3.0,0.0,2,OPTIMAL,True,2.0,2.0,0.0,3,OPTIMAL,True,3.0,3.0,0.0,3,OPTIMAL,True,3.0,3.0,0.0,3,3,3,3,0,0,2,0,0,3,3,3.0,12,36,36,8,26,8,26,2,2,2,6
6,3,4,4,0.0,0.0,0.3,0,dense,runner_up,0.114308,3,OPTIMAL,True,3.0,3.0,0.0,3,OPTIMAL,True,3.0,3.0,0.0,3,OPTIMAL,True,3.0,3.0,0.0,3,OPTIMAL,True,3.0,3.0,0.0,3,OPTIMAL,True,3.0,3.0,0.0,3,OPTIMAL,True,3.0,3.0,0.0,2,OPTIMAL,True,2.0,2.0,0.0,1,OPTIMAL,True,1.0,1.0,0.0,2,OPTIMAL,True,2.0,2.0,0.0,3,OPTIMAL,True,3.0,3.0,0.0,3,3,3,3,0,0,1,0,0,2,3,2.6666666666666665,12,36,36,4,17,4,17,1,2,1,5
6,3,4,4,0.0,0.2,0.1,0,dense,runner_up,0.116717,3,OPTIMAL,True,3.0,3.0,0.0,3,OPTIMAL,True,3.0,3.0,0.0,3,OPTIMAL,True,3.0,3.0,0.0,3,OPTIMAL,True,3.0,3.0,0.0,3,OPTIMAL,True,3.0,3.0,0.0,3,OPTIMAL,True,3.0,3.0,0.0,3,OPTIMAL,True,3.0,3.0,0.0,2,OPTIMAL,True,2.0,2.0,0.0,3,OPTIMAL,True,3.0,3.0,0.0,3,OPTIMAL,True,3.0,3.0,0.0,3,3,3,3,0,0,2,0,0,3,3,3.0,12,36,36,7,23,7,23,1,1,1,3
6,3,4,4,0.0,0.2,0.3,0,dense,runner_up,0.114282,3,OPTIMAL,True,3.0,3.0,0.0,3,OPTIMAL,True,3.0,3.0,0.0,3,OPTIMAL,True,3.0,3.0,0.0,3,OPTIMAL,True,3.0,3.0,0.0,3,OPTIMAL,True,3.0,3.0,0.0,3,OPTIMAL,True,3.0,3.0,0.0,2,OPTIMAL,True,2.0,2.0,0.0,1,OPTIMAL,True,1.0,1.0,0.0,2,OPTIMAL,True,2.0,2.0,0.0,3,OPTIMAL,True,3.0,3.0,0.0,3,3,3,3,0,0,1,0,0,2,3,2.6666666666666665,12,36,36,3,16,3,16,1,1,1,3
6,3,4,4,0.2,0.0,0.1,0,dense,runner_up,0.127192,2,OPTIMAL,True,2.0,2.0,0.0,2,OPTIMAL,True,2.0,2.0,0.0,2,OPTIMAL,True,2.0,2.0,0.0,2,OPTIMAL,True,2.0,2.0,0.0,2,OPTIMAL,True,2.0,2.0,0.0,3,OPTIMAL,True,3.0,3.0,0.0,3,OPTIMAL,True,3.0,3.0,0.0,2,OPTIMAL,True,2.0,2.0,0.0,3,OPTIMAL,True,3.0,3.0,0.0,3,OPTIMAL,True,3.0,3.0,0.0,2,2,2,2,1,1,2,1,1,3,3,3.0,8,26,26,9,30,9,30,2,3,2,7
6,3,4,4,0.2,0.0,0.3,0,dense,runner_up,0.130197,2,OPTIMAL,True,2.0,2.0,0.0,2,OPTIMAL,True,2.0,2.0,0.0,2,OPTIMAL,True,2.0,2.0,0.0,2,OPTIMAL,True,2.0,2.0,0.0,2,OPTIMAL,True,2.0,2.0,0.0,3,OPTIMAL,True,3.0,3.0,0.0,2,OPTIMAL,True,2.0,2.0,0.0,1,OPTIMAL,True,1.0,1.0,0.0,2,OPTIMAL,True,2.0,2.0,0.0,3,OPTIMAL,True,3.0,3.0,0.0,2,2,2,2,0,0,1,0,0,2,3,2.6666666666666665,8,26,26,5,16,5,16,1,1,1,3
6,3,4,4,0.2,0.2,0.1,0,dense,runner_up,0.131954,2,OPTIMAL,True,2.0,2.0,0.0,2,OPTIMAL,True,2.0,2.0,0.0,2,OPTIMAL,True,2.0,2.0,0.0,2,OPTIMAL,True,2.0,2.0,0.0,2,OPTIMAL,True,2.0,2.0,0.0,3,OPTIMAL,True,3.0,3.0,0.0,3,OPTIMAL,True,3.0,3.0,0.0,2,OPTIMAL,True,2.0,2.0,0.0,3,OPTIMAL,True,3.0,3.0,0.0,3,OPTIMAL,True,3.0,3.0,0.0,2,2,2,2,1,1,2,1,1,3,3,3.0,8,26,26,7,24,7,24,1,2,1,4
6,3,4,4,0.2,0.2,0.3,0,dense,runner_up,0.128831,2,OPTIMAL,True,2.0,2.0,0.0,2,OPTIMAL,True,2.0,2.0,0.0,2,OPTIMAL,True,2.0,2.0,0.0,2,OPTIMAL,True,2.0,2.0,0.0,2,OPTIMAL,True,2.0,2.0,0.0,3,OPTIMAL,True,3.0,3.0,0.0,2,OPTIMAL,True,2.0,2.0,0.0,1,OPTIMAL,True,1.0,1.0,0.0,2,OPTIMAL,True,2.0,2.0,0.0,3,OPTIMAL,True,3.0,3.0,0.0,2,2,2,2,0,0,0,0,0,2,3,2.6666666666666665,8,26,26,3,12,3,12,1,1,1,3
6,3,4,6,0.0,0.0,0.1,0,dense,runner_up,0.119199,3,OPTIMAL,True,3.0,3.0,0.0,3,OPTIMAL,True,3.0,3.0,0.0,3,OPTIMAL,True,3.0,3.0,0.0,3,OPTIMAL,True,3.0,3.0,0.0,3,OPTIMAL,True,3.0,3.0,0.0,3,OPTIMAL,True,3.0,3.0,0.0,3,OPTIMAL,True,3.0,3.0,0.0,2,OPTIMAL,True,2.0,2.0,0.0,3,OPTIMAL,True,3.0,3.0,0.0,3,OPTIMAL,True,3.0,3.0,0.0,3,3,3,3,0,0,2,0,0,3,3,3.0,12,36,36,8,26,8,26,2,2,2,6
6,3,4,6,0.0,0.0,0.3,0,dense,runner_up,0.118010,3,OPTIMAL,True,3.0,3.0,0.0,3,OPTIMAL,True,3.0,3.0,0.0,3,OPTIMAL,True,3.0,3.0,0.0,3,OPTIMAL,True,3.0,3.0,0.0,3,OPTIMAL,True,3.0,3.0,0.0,3,OPTIMAL,True,3.0,3.0,0.0,2,OPTIMAL,True,2.0,2.0,0.0,1,OPTIMAL,True,1.0,1.0,0.0,2,OPTIMAL,True,2.0,2.0,0.0,3,OPTIMAL,True,3.0,3.0,0.0,3,3,3,3,0,0,1,0,0,2,3,2.6666666666666665,12,36,36,4,17,4,17,1,2,1,5
6,3,4,6,0.0,0.2,0.1,0,dense,runner_up,0.120647,3,OPTIMAL,True,3.0,3.0,0.0,3,OPTIMAL,True,3.0,3.0,0.0,3,OPTIMAL,True,3.0,3.0,0.0,3,OPTIMAL,True,3.0,3.0,0.0,3,OPTIMAL,True,3.0,3.0,0.0,3,OPTIMAL,True,3.0,3.0,0.0,3,OPTIMAL,True,3.0,3.0,0.0,2,OPTIMAL,True,2.0,2.0,0.0,3,OPTIMAL,True,3.0,3.0,0.0,3,OPTIMAL,True,3.0,3.0,0.0,3,3,3,3,0,0,2,0,0,3,3,3.0,12,36,36,7,23,7,23,1,1,1,3
6,3,4,6,0.0,0.2,0.3,0,dense,runner_up,0.116694,3,OPTIMAL,True,3.0,3.0,0.0,3,OPTIMAL,True,3.0,3.0,0.0,3,OPTIMAL,True,3.0,3.0,0.0,3,OPTIMAL,True,3.0,3.0,0.0,3,OPTIMAL,True,3.0,3.0,0.0,3,OPTIMAL,True,3.0,3.0,0.0,2,OPTIMAL,True,2.0,2.0,0.0,0,OPTIMAL,True,0.0,0.0,0.0,2,OPTIMAL,True,2.0,2.0,0.0,3,OPTIMAL,True,3.0,3.0,0.0,3,3,3,3,0,0,0,0,0,2,3,2.6666666666666665,12,36,36,3,15,3,15,1,1,1,3
6,3,4,6,0.2,0.0,0.1,0,dense,runner_up,0.122287,1,OPTIMAL,True,1.0,1.0,0.0,1,OPTIMAL,True,1.0,1.0,0.0,1,OPTIMAL,True,1.0,1.0,0.0,2,OPTIMAL,True,2.0,2.0,0.0,2,OPTIMAL,True,2.0,2.0,0.0,3,OPTIMAL,True,3.0,3.0,0.0,3,OPTIMAL,True,3.0,3.0,0.0,2,OPTIMAL,True,2.0,2.0,0.0,3,OPTIMAL,True,3.0,3.0,0.0,3,OPTIMAL,True,3.0,3.0,0.0,1,1,1,2,1,1,2,1,1,3,3,3.0,7,25,25,9,30,9,30,2,3,2,7
6,3,4,6,0.2,0.0,0.3,0,dense,runner_up,0.125964,1,OPTIMAL,True,1.0,1.0,0.0,1,OPTIMAL,True,1.0,1.0,0.0,1,OPTIMAL,True,1.0,1.0,0.0,2,OPTIMAL,True,2.0,2.0,0.0,2,OPTIMAL,True,2.0,2.0,0.0,3,OPTIMAL,True,3.0,3.0,0.0,2,OPTIMAL,True,2.0,2.0,0.0,1,OPTIMAL,True,1.0,1.0,0.0,2,OPTIMAL,True,2.0,2.0,0.0,3,OPTIMAL,True,3.0,3.0,0.0,1,1,1,2,0,0,1,0,0,2,3,2.6666666666666665,7,25,25,5,16,5,16,1,1,1,3
6,3,4,6,0.2,0.2,0.1,0,dense,runner_up,0.129550,1,OPTIMAL,True,1.0,1.0,0.0,1,OPTIMAL,True,1.0,1.0,0.0,1,OPTIMAL,True,1.0,1.0,0.0,2,OPTIMAL,True,2.0,2.0,0.0,2,OPTIMAL,True,2.0,2.0,0.0,3,OPTIMAL,True,3.0,3.0,0.0,3,OPTIMAL,True,3.0,3.0,0.0,2,OPTIMAL,True,2.0,2.0,0.0,3,OPTIMAL,True,3.0,3.0,0.0,3,OPTIMAL,True,3.0,3.0,0.0,1,1,1,2,1,1,2,1,1,3,3,3.0,7,25,25,7,24,7,24,1,2,1,4
6,3,4,6,0.2,0.2,0.3,0,dense,runner_up,0.127352,1,OPTIMAL,True,1.0,1.0,0.0,1,OPTIMAL,True,1.0,1.0,0.0,1,OPTIMAL,True,1.0,1.0,0.0,2,OPTIMAL,True,2.0,2.0,0.0,2,OPTIMAL,True,2.0,2.0,0.0,3,OPTIMAL,True,3.0,3.0,0.0,2,OPTIMAL,True,2.0,2.0,0.0,1,OPTIMAL,True,1.0,1.0,0.0,2,OPTIMAL,True,2.0,2.0,0.0,3,OPTIMAL,True,3.0,3.0,0.0,1,1,1,2,0,0,0,0,0,2,3,2.6666666666666665,7,25,25,3,12,3,12,1,1,1,3
6,3,4,8,0.0,0.0,0.1,0,dense,runner_up,0.125108,3,OPTIMAL,True,3.0,3.0,0.0,3,OPTIMAL,True,3.0,3.0,0.0,3,OPTIMAL,True,3.0,3.0,0.0,3,OPTIMAL,True,3.0,3.0,0.0,3,OPTIMAL,True,3.0,3.0,0.0,3,OPTIMAL,True,3.0,3.0,0.0,3,OPTIMAL,True,3.0,3.0,0.0,2,OPTIMAL,True,2.0,2.0,0.0,3,OPTIMAL,True,3.0,3.0,0.0,3,OPTIMAL,True,3.0,3.0,0.0,3,3,3,3,0,0,2,0,0,3,3,3.0,12,36,36,8,26,8,26,2,2,2,6
6,3,4,8,0.0,0.0,0.3,0,dense,runner_up,0.123041,3,OPTIMAL,True,3.0,3.0,0.0,3,OPTIMAL,True,3.0,3.0,0.0,3,OPTIMAL,True,3.0,3.0,0.0,3,OPTIMAL,True,3.0,3.0,0.0,3,OPTIMAL,True,3.0,3.0,0.0,3,OPTIMAL,True,3.0,3.0,0.0,2,OPTIMAL,True,2.0,2.0,0.0,1,OPTIMAL,True,1.0,1.0,0.0,2,OPTIMAL,True,2.0,2.0,0.0,3,OPTIMAL,True,3.0,3.0,0.0,3,3,3,3,0,0,1,0,0,2,3,2.6666666666666665,12,36,36,4,17,4,17,1,2,1,5
6,3,4,8,0.0,0.2,0.1,0,dense,runner_up,0.126933,3,OPTIMAL,True,3.0,3.0,0.0,3,OPTIMAL,True,3.0,3.0,0.0,3,OPTIMAL,True,3.0,3.0,0.0,3,OPTIMAL,True,3.0,3.0,0.0,3,OPTIMAL,True,3.0,3.0,0.0,3,OPTIMAL,True,3.0,3.0,0.0,3,OPTIMAL,True,3.0,3.0,0.0,2,OPTIMAL,True,2.0,2.0,0.0,3,OPTIMAL,True,3.0,3.0,0.0,3,OPTIMAL,True,3.0,3.0,0.0,3,3,3,3,0,0,2,0,0,3,3,3.0,12,36,36,7,23,7,23,1,1,1,3
6,3,4,8,0.0,0.2,0.3,0,dense,runner_up,0.122445,3,OPTIMAL,True,3.0,3.0,0.0,3,OPTIMAL,True,3.0,3.0,0.0,3,OPTIMAL,True,3.0,3.0,0.0,3,OPTIMAL,True,3.0,3.0,0.0,3,OPTIMAL,True,3.0,3.0,0.0,3,OPTIMAL,True,3.0,3.0,0.0,2,OPTIMAL,True,2.0,2.0,0.0,1,OPTIMAL,True,1.0,1.0,0.0,2,OPTIMAL,True,2.0,2.0,0.0,3,OPTIMAL,True,3.0,3.0,0.0,3,3,3,3,0,0,1,0,0,2,3,2.6666666666666665,12,36,36,3,16,3,16,1,1,1,3
6,3,4,8,0.2,0.0,0.1,0,dense,runner_up,0.127426,1,OPTIMAL,True,1.0,1.0,0.0,1,OPTIMAL,True,1.0,1.0,0.0,1,OPTIMAL,True,1.0,1.0,0.0,2,OPTIMAL,True,2.0,2.0,0.0,2,OPTIMAL,True,2.0,2.0,0.0,3,OPTIMAL,True,3.0,3.0,0.0,3,OPTIMAL,True,3.0,3.0,0.0,2,OPTIMAL,True,2.0,2.0,0.0,3,OPTIMAL,True,3.0,3.0,0.0,3,OPTIMAL,True,3.0,3.0,0.0,1,1,1,2,1,1,2,1,1,3,3,3.0,7,25,25,9,30,9,30,2,3,2,7
6,3,4,8,0.2,0.0,0.3,0,dense,runner_up,0.130129,1,OPTIMAL,True,1.0,1.0,0.0,1,OPTIMAL,True,1.0,1.0,0.0,1,OPTIMAL,True,1.0,1.0,0.0,2,OPTIMAL,True,2.0,2.0,0.0,2,OPTIMAL,True,2.0,2.0,0.0,3,OPTIMAL,True,3.0,3.0,0.0,2,OPTIMAL,True,2.0,2.0,0.0,1,OPTIMAL,True,1.0,1.0,0.0,2,OPTIMAL,True,2.0,2.0,0.0,3,OPTIMAL,True,3.0,3.0,0.0,1,1,1,2,0,0,1,0,0,2,3,2.6666666666666665,7,25,25,5,16,5,16,1,1,1,3
6,3,4,8,0.2,0.2,0.1,0,dense,runner_up,0.133730,1,OPTIMAL,True,1.0,1.0,0.0,1,OPTIMAL,True,1.0,1.0,0.0,1,OPTIMAL,True,1.0,1.0,0.0,2,OPTIMAL,True,2.0,2.0,0.0,2,OPTIMAL,True,2.0,2.0,0.0,3,OPTIMAL,True,3.0,3.0,0.0,3,OPTIMAL,True,3.0,3.0,0.0,2,OPTIMAL,True,2.0,2.0,0.0,3,OPTIMAL,True,3.0,3.0,0.0,3,OPTIMAL,True,3.0,3.0,0.0,1,1,1,2,1,1,2,1,1,3,3,3.0,7,25,25,8,25,8,25,1,2,1,4
6,3,4,8,0.2,0.2,0.3,0,dense,runner_up,0.130112,1,OPTIMAL,True,1.0,1.0,0.0,1,OPTIMAL,True,1.0,1.0,0.0,1,OPTIMAL,True,1.0,1.0,0.0,2,OPTIMAL,True,2.0,2.0,0.0,2,OPTIMAL,True,2.0,2.0,0.0,3,OPTIMAL,True,3.0,3.0,0.0,2,OPTIMAL,True,2.0,2.0,0.0,1,OPTIMAL,True,1.0,1.0,0.0,2,OPTIMAL,True,2.0,2.0,0.0,3,OPTIMAL,True,3.0,3.0,0.0,1,1,1,2,0,0,0,0,0,2,3,2.6666666666666665,7,25,25,3,12,3,12,1,1,1,3
6,3,5,4,0.0,0.0,0.1,0,dense,runner_up,0.118254,3,OPTIMAL,True,3.0,3.0,0.0,3,OPTIMAL,True,3.0,3.0,0.0,3,OPTIMAL,True,3.0,3.0,0.0,3,OPTIMAL,True,3.0,3.0,0.0,3,OPTIMAL,True,3.0,3.0,0.0,3,OPTIMAL,True,3.0,3.0,0.0,2,OPTIMAL,True,2.0,2.0,0.0,2,OPTIMAL,True,2.0,2.0,0.0,2,OPTIMAL,True,2.0,2.0,0.0,3,OPTIMAL,True,3.0,3.0,0.0,3,3,3,3,1,1,1,1,1,2,3,2.6666666666666665,15,45,45,9,31,9,31,1,2,1,5
6,3,5,4,0.0,0.0,0.3,0,dense,runner_up,0.118943,3,OPTIMAL,True,3.0,3.0,0.0,3,OPTIMAL,True,3.0,3.0,0.0,3,OPTIMAL,True,3.0,3.0,0.0,3,OPTIMAL,True,3.0,3.0,0.0,3,OPTIMAL,True,3.0,3.0,0.0,3,OPTIMAL,True,3.0,3.0,0.0,2,OPTIMAL,True,2.0,2.0,0.0,2,OPTIMAL,True,2.0,2.0,0.0,2,OPTIMAL,True,2.0,2.0,0.0,2,OPTIMAL,True,2.0,2.0,0.0,3,3,3,3,0,0,0,0,0,2,2,2.0,15,45,45,6,20,6,20,1,2,1,4
6,3,5,4,0.0,0.2,0.1,0,dense,runner_up,0.119847,3,OPTIMAL,True,3.0,3.0,0.0,3,OPTIMAL,True,3.0,3.0,0.0,3,OPTIMAL,True,3.0,3.0,0.0,3,OPTIMAL,True,3.0,3.0,0.0,3,OPTIMAL,True,3.0,3.0,0.0,3,OPTIMAL,True,3.0,3.0,0.0,2,OPTIMAL,True,2.0,2.0,0.0,2,OPTIMAL,True,2.0,2.0,0.0,2,OPTIMAL,True,2.0,2.0,0.0,3,OPTIMAL,True,3.0,3.0,0.0,3,3,3,3,1,1,1,1,1,2,3,2.6666666666666665,15,45,45,6,26,6,26,1,1,1,3
6,3,5,4,0.0,0.2,0.3,0,dense,runner_up,0.116089,3,OPTIMAL,True,3.0,3.0,0.0,3,OPTIMAL,True,3.0,3.0,0.0,3,OPTIMAL,True,3.0,3.0,0.0,3,OPTIMAL,True,3.0,3.0,0.0,3,OPTIMAL,True,3.0,3.0,0.0,3,OPTIMAL,True,3.0,3.0,0.0,1,OPTIMAL,True,1.0,1.0,0.0,2,OPTIMAL,True,2.0,2.0,0.0,1,OPTIMAL,True,1.0,1.0,0.0,2,OPTIMAL,True,2.0,2.0,0.0,3,3,3,3,0,0,0,0,0,1,2,1.6666666666666667,15,45,45,3,15,3,15,1,1,1,3
6,3,5,4,0.2,0.0,0.1,0,dense,runner_up,0.123690,0,OPTIMAL,True,0.0,0.0,0.0,0,OPTIMAL,True,0.0,0.0,0.0,0,OPTIMAL,True,0.0,0.0,0.0,2,OPTIMAL,True,2.0,2.0,0.0,2,OPTIMAL,True,2.0,2.0,0.0,3,OPTIMAL,True,3.0,3.0,0.0,2,OPTIMAL,True,2.0,2.0,0.0,3,OPTIMAL,True,3.0,3.0,0.0,2,OPTIMAL,True,2.0,2.0,0.0,3,OPTIMAL,True,3.0,3.0,0.0,0,0,0,2,0,0,3,0,0,2,3,2.6666666666666665,10,32,32,9,35,9,35,1,3,1,6
6,3,5,4,0.2,0.0,0.3,0,dense,runner_up,0.124088,0,OPTIMAL,True,0.0,0.0,0.0,0,OPTIMAL,True,0.0,0.0,0.0,0,OPTIMAL,True,0.0,0.0,0.0,2,OPTIMAL,True,2.0,2.0,0.0,2,OPTIMAL,True,2.0,2.0,0.0,3,OPTIMAL,True,3.0,3.0,0.0,2,OPTIMAL,True,2.0,2.0,0.0,2,OPTIMAL,True,2.0,2.0,0.0,2,OPTIMAL,True,2.0,2.0,0.0,3,OPTIMAL,True,3.0,3.0,0.0,0,0,0,2,0,0,1,0,0,2,3,2.6666666666666665,10,32,32,6,24,6,24,1,2,1,5
6,3,5,4,0.2,0.2,0.1,0,dense,runner_up,0.123050,0,OPTIMAL,True,0.0,0.0,0.0,0,OPTIMAL,True,0.0,0.0,0.0,0,OPTIMAL,True,0.0,0.0,0.0,2,OPTIMAL,True,2.0,2.0,0.0,2,OPTIMAL,True,2.0,2.0,0.0,3,OPTIMAL,True,3.0,3.0,0.0,2,OPTIMAL,True,2.0,2.0,0.0,2,OPTIMAL,True,2.0,2.0,0.0,2,OPTIMAL,True,2.0,2.0,0.0,3,OPTIMAL,True,3.0,3.0,0.0,0,0,0,2,0,0,1,0,0,2,3,2.6666666666666665,10,32,32,7,28,7,28,1,1,1,3
6,3,5,4,0.2,0.2,0.3,0,dense,runner_up,0.124037,0,OPTIMAL,True,0.0,0.0,0.0,0,OPTIMAL,True,0.0,0.0,0.0,0,OPTIMAL,True,0.0,0.0,0.0,2,OPTIMAL,True,2.0,2.0,0.0,2,OPTIMAL,True,2.0,2.0,0.0,3,OPTIMAL,True,3.0,3.0,0.0,2,OPTIMAL,True,2.0,2.0,0.0,2,OPTIMAL,True,2.0,2.0,0.0,2,OPTIMAL,True,2.0,2.0,0.0,3,OPTIMAL,True,3.0,3.0,0.0,0,0,0,2,0,0,0,0,0,2,3,2.6666666666666665,10,32,32,5,20,5,20,1,1,1,3
6,3,5,6,0.0,0.0,0.1,0,dense,runner_up,0.125034,3,OPTIMAL,True,3.0,3.0,0.0,3,OPTIMAL,True,3.0,3.0,0.0,3,OPTIMAL,True,3.0,3.0,0.0,3,OPTIMAL,True,3.0,3.0,0.0,3,OPTIMAL,True,3.0,3.0,0.0,3,OPTIMAL,True,3.0,3.0,0.0,2,OPTIMAL,True,2.0,2.0,0.0,2,OPTIMAL,True,2.0,2.0,0.0,2,OPTIMAL,True,2.0,2.0,0.0,3,OPTIMAL,True,3.0,3.0,0.0,3,3,3,3,1,1,1,1,1,2,3,2.6666666666666665,15,45,45,9,31,9,31,1,2,1,5
6,3,5,6,0.0,0.0,0.3,0,dense,runner_up,0.124739,3,OPTIMAL,True,3.0,3.0,0.0,3,OPTIMAL,True,3.0,3.0,0.0,3,OPTIMAL,True,3.0,3.0,0.0,3,OPTIMAL,True,3.0,3.0,0.0,3,OPTIMAL,True,3.0,3.0,0.0,3,OPTIMAL,True,3.0,3.0,0.0,2,OPTIMAL,True,2.0,2.0,0.0,2,OPTIMAL,True,2.0,2.0,0.0,2,OPTIMAL,True,2.0,2.0,0.0,2,OPTIMAL,True,2.0,2.0,0.0,3,3,3,3,0,0,0,0,0,2,2,2.0,15,45,45,6,20,6,20,1,2,1,4
6,3,5,6,0.0,0.2,0.1,0,dense,runner_up,0.126708,3,OPTIMAL,True,3.0,3.0,0.0,3,OPTIMAL,True,3.0,3.0,0.0,3,OPTIMAL,True,3.0,3.0,0.0,3,OPTIMAL,True,3.0,3.0,0.0,3,OPTIMAL,True,3.0,3.0,0.0,3,OPTIMAL,True,3.0,3.0,0.0,2,OPTIMAL,True,2.0,2.0,0.0,2,OPTIMAL,True,2.0,2.0,0.0,2,OPTIMAL,True,2.0,2.0,0.0,3,OPTIMAL,True,3.0,3.0,0.0,3,3,3,3,1,1,1,1,1,2,3,2.6666666666666665,15,45,45,7,28,7,28,1,1,1,3
6,3,5,6,0.0,0.2,0.3,0,dense,runner_up,0.125502,3,OPTIMAL,True,3.0,3.0,0.0,3,OPTIMAL,True,3.0,3.0,0.0,3,OPTIMAL,True,3.0,3.0,0.0,3,OPTIMAL,True,3.0,3.0,0.0,3,OPTIMAL,True,3.0,3.0,0.0,3,OPTIMAL,True,3.0,3.0,0.0,2,OPTIMAL,True,2.0,2.0,0.0,2,OPTIMAL,True,2.0,2.0,0.0,2,OPTIMAL,True,2.0,2.0,0.0,2,OPTIMAL,True,2.0,2.0,0.0,3,3,3,3,0,0,0,0,0,2,2,2.0,15,45,45,4,17,4,17,1,1,1,3
6,3,5,6,0.2,0.0,0.1,0,dense,runner_up,0.129351,0,OPTIMAL,True,0.0,0.0,0.0,0,OPTIMAL,True,0.0,0.0,0.0,0,OPTIMAL,True,0.0,0.0,0.0,2,OPTIMAL,True,2.0,2.0,0.0,2,OPTIMAL,True,2.0,2.0,0.0,3,OPTIMAL,True,3.0,3.0,0.0,2,OPTIMAL,True,2.0,2.0,0.0,3,OPTIMAL,True,3.0,3.0,0.0,2,OPTIMAL,True,2.0,2.0,0.0,3,OPTIMAL,True,3.0,3.0,0.0,0,0,0,2,0,0,3,0,0,2,3,2.6666666666666665,10,31,31,9,35,9,35,1,3,1,6
6,3,5,6,0.2,0.0,0.3,0,dense,runner_up,0.129125,0,OPTIMAL,True,0.0,0.0,0.0,0,OPTIMAL,True,0.0,0.0,0.0,0,OPTIMAL,True,0.0,0.0,0.0,2,OPTIMAL,True,2.0,2.0,0.0,2,OPTIMAL,True,2.0,2.0,0.0,3,OPTIMAL,True,3.0,3.0,0.0,2,OPTIMAL,True,2.0,2.0,0.0,2,OPTIMAL,True,2.0,2.0,0.0,2,OPTIMAL,True,2.0,2.0,0.0,3,OPTIMAL,True,3.0,3.0,0.0,0,0,0,2,0,0,1,0,0,2,3,2.6666666666666665,10,31,31,6,24,6,24,1,2,1,5
6,3,5,6,0.2,0.2,0.1,0,dense,runner_up,0.131490,0,OPTIMAL,True,0.0,0.0,0.0,0,OPTIMAL,True,0.0,0.0,0.0,0,OPTIMAL,True,0.0,0.0,0.0,2,OPTIMAL,True,2.0,2.0,0.0,2,OPTIMAL,True,2.0,2.0,0.0,3,OPTIMAL,True,3.0,3.0,0.0,2,OPTIMAL,True,2.0,2.0,0.0,2,OPTIMAL,True,2.0,2.0,0.0,2,OPTIMAL,True,2.0,2.0,0.0,3,OPTIMAL,True,3.0,3.0,0.0,0,0,0,2,0,0,1,0,0,2,3,2.6666666666666665,10,31,31,7,29,7,29,1,1,1,3
6,3,5,6,0.2,0.2,0.3,0,dense,runner_up,0.129302,0,OPTIMAL,True,0.0,0.0,0.0,0,OPTIMAL,True,0.0,0.0,0.0,0,OPTIMAL,True,0.0,0.0,0.0,2,OPTIMAL,True,2.0,2.0,0.0,2,OPTIMAL,True,2.0,2.0,0.0,3,OPTIMAL,True,3.0,3.0,0.0,2,OPTIMAL,True,2.0,2.0,0.0,2,OPTIMAL,True,2.0,2.0,0.0,2,OPTIMAL,True,2.0,2.0,0.0,3,OPTIMAL,True,3.0,3.0,0.0,0,0,0,2,0,0,0,0,0,2,3,2.6666666666666665,10,31,31,5,20,5,20,1,1,1,3
6,3,5,8,0.0,0.0,0.1,0,dense,runner_up,0.131613,3,OPTIMAL,True,3.0,3.0,0.0,3,OPTIMAL,True,3.0,3.0,0.0,3,OPTIMAL,True,3.0,3.0,0.0,3,OPTIMAL,True,3.0,3.0,0.0,3,OPTIMAL,True,3.0,3.0,0.0,3,OPTIMAL,True,3.0,3.0,0.0,2,OPTIMAL,True,2.0,2.0,0.0,2,OPTIMAL,True,2.0,2.0,0.0,2,OPTIMAL,True,2.0,2.0,0.0,3,OPTIMAL,True,3.0,3.0,0.0,3,3,3,3,1,1,1,1,1,2,3,2.6666666666666665,15,45,45,9,31,9,31,1,2,1,5
6,3,5,8,0.0,0.0,0.3,0,dense,runner_up,0.130852,3,OPTIMAL,True,3.0,3.0,0.0,3,OPTIMAL,True,3.0,3.0,0.0,3,OPTIMAL,True,3.0,3.0,0.0,3,OPTIMAL,True,3.0,3.0,0.0,3,OPTIMAL,True,3.0,3.0,0.0,3,OPTIMAL,True,3.0,3.0,0.0,2,OPTIMAL,True,2.0,2.0,0.0,2,OPTIMAL,True,2.0,2.0,0.0,2,OPTIMAL,True,2.0,2.0,0.0,2,OPTIMAL,True,2.0,2.0,0.0,3,3,3,3,0,0,0,0,0,2,2,2.0,15,45,45,6,20,6,20,1,2,1,4
6,3,5,8,0.0,0.2,0.1,0,dense,runner_up,0.132925,3,OPTIMAL,True,3.0,3.0,0.0,3,OPTIMAL,True,3.0,3.0,0.0,3,OPTIMAL,True,3.0,3.0,0.0,3,OPTIMAL,True,3.0,3.0,0.0,3,OPTIMAL,True,3.0,3.0,0.0,3,OPTIMAL,True,3.0,3.0,0.0,2,OPTIMAL,True,2.0,2.0,0.0,2,OPTIMAL,True,2.0,2.0,0.0,2,OPTIMAL,True,2.0,2.0,0.0,3,OPTIMAL,True,3.0,3.0,0.0,3,3,3,3,1,1,1,1,1,2,3,2.6666666666666665,15,45,45,7,28,7,28,1,1,1,3
6,3,5,8,0.0,0.2,0.3,0,dense,runner_up,0.132014,3,OPTIMAL,True,3.0,3.0,0.0,3,OPTIMAL,True,3.0,3.0,0.0,3,OPTIMAL,True,3.0,3.0,0.0,3,OPTIMAL,True,3.0,3.0,0.0,3,OPTIMAL,True,3.0,3.0,0.0,3,OPTIMAL,True,3.0,3.0,0.0,2,OPTIMAL,True,2.0,2.0,0.0,2,OPTIMAL,True,2.0,2.0,0.0,2,OPTIMAL,True,2.0,2.0,0.0,2,OPTIMAL,True,2.0,2.0,0.0,3,3,3,3,0,0,0,0,0,2,2,2.0,15,45,45,4,17,4,17,1,1,1,3
6,3,5,8,0.2,0.0,0.1,0,dense,runner_up,0.134904,0,OPTIMAL,True,0.0,0.0,0.0,0,OPTIMAL,True,0.0,0.0,0.0,0,OPTIMAL,True,0.0,0.0,0.0,2,OPTIMAL,True,2.0,2.0,0.0,2,OPTIMAL,True,2.0,2.0,0.0,3,OPTIMAL,True,3.0,3.0,0.0,2,OPTIMAL,True,2.0,2.0,0.0,3,OPTIMAL,True,3.0,3.0,0.0,2,OPTIMAL,True,2.0,2.0,0.0,3,OPTIMAL,True,3.0,3.0,0.0,0,0,0,2,0,0,3,0,0,2,3,2.6666666666666665,10,32,32,9,35,9,35,1,3,1,6
6,3,5,8,0.2,0.0,0.3,0,dense,runner_up,0.134918,0,OPTIMAL,True,0.0,0.0,0.0,0,OPTIMAL,True,0.0,0.0,0.0,0,OPTIMAL,True,0.0,0.0,0.0,2,OPTIMAL,True,2.0,2.0,0.0,2,OPTIMAL,True,2.0,2.0,0.0,3,OPTIMAL,True,3.0,3.0,0.0,2,OPTIMAL,True,2.0,2.0,0.0,2,OPTIMAL,True,2.0,2.0,0.0,2,OPTIMAL,True,2.0,2.0,0.0,3,OPTIMAL,True,3.0,3.0,0.0,0,0,0,2,0,0,1,0,0,2,3,2.6666666666666665,10,32,32,6,24,6,24,1,2,1,5
6,3,5,8,0.2,0.2,0.1,0,dense,runner_up,0.136203,0,OPTIMAL,True,0.0,0.0,0.0,0,OPTIMAL,True,0.0,0.0,0.0,0,OPTIMAL,True,0.0,0.0,0.0,2,OPTIMAL,True,2.0,2.0,0.0,2,OPTIMAL,True,2.0,2.0,0.0,3,OPTIMAL,True,3.0,3.0,0.0,2,OPTIMAL,True,2.0,2.0,0.0,2,OPTIMAL,True,2.0,2.0,0.0,2,OPTIMAL,True,2.0,2.0,0.0,3,OPTIMAL,True,3.0,3.0,0.0,0,0,0,2,0,0,1,0,0,2,3,2.6666666666666665,10,32,32,8,30,8,30,1,1,1,3
6,3,5,8,0.2,0.2,0.3,0,dense,runner_up,0.134986,0,OPTIMAL,True,0.0,0.0,0.0,0,OPTIMAL,True,0.0,0.0,0.0,0,OPTIMAL,True,0.0,0.0,0.0,2,OPTIMAL,True,2.0,2.0,0.0,2,OPTIMAL,True,2.0,2.0,0.0,3,OPTIMAL,True,3.0,3.0,0.0,2,OPTIMAL,True,2.0,2.0,0.0,2,OPTIMAL,True,2.0,2.0,0.0,2,OPTIMAL,True,2.0,2.0,0.0,3,OPTIMAL,True,3.0,3.0,0.0,0,0,0,2,0,0,0,0,0,2,3,2.6666666666666665,10,32,32,5,20,5,20,1,1,1,3
6,4,2,4,0.0,0.0,0.1,0,dense,runner_up,0.102632,3,OPTIMAL,True,3.0,3.0,0.0,3,OPTIMAL,True,3.0,3.0,0.0,3,OPTIMAL,True,3.0,3.0,0.0,3,OPTIMAL,True,3.0,3.0,0.0,3,OPTIMAL,True,3.0,3.0,0.0,3,OPTIMAL,True,3.0,3.0,0.0,3,OPTIMAL,True,3.0,3.0,0.0,3,OPTIMAL,True,3.0,3.0,0.0,3,OPTIMAL,True,3.0,3.0,0.0,3,OPTIMAL,True,3.0,3.0,0.0,3,3,3,3,0,0,3,0,0,3,3,3.0,6,24,24,3,19,3,19,2,3,2,11
6,4,2,4,0.0,0.0,0.3,0,dense,runner_up,0.108196,3,OPTIMAL,True,3.0,3.0,0.0,3,OPTIMAL,True,3.0,3.0,0.0,3,OPTIMAL,True,3.0,3.0,0.0,3,OPTIMAL,True,3.0,3.0,0.0,3,OPTIMAL,True,3.0,3.0,0.0,3,OPTIMAL,True,3.0,3.0,0.0,2,OPTIMAL,True,2.0,2.0,0.0,2,OPTIMAL,True,2.0,2.0,0.0,2,OPTIMAL,True,2.0,2.0,0.0,3,OPTIMAL,True,3.0,3.0,0.0,3,3,3,3,0,0,2,0,0,2,3,2.25,6,24,24,2,13,2,13,1,2,1,7
6,4,2,4,0.0,0.2,0.1,0,dense,runner_up,0.109231,3,OPTIMAL,True,3.0,3.0,0.0,3,OPTIMAL,True,3.0,3.0,0.0,3,OPTIMAL,True,3.0,3.0,0.0,3,OPTIMAL,True,3.0,3.0,0.0,3,OPTIMAL,True,3.0,3.0,0.0,3,OPTIMAL,True,3.0,3.0,0.0,2,OPTIMAL,True,2.0,2.0,0.0,3,OPTIMAL,True,3.0,3.0,0.0,2,OPTIMAL,True,2.0,2.0,0.0,3,OPTIMAL,True,3.0,3.0,0.0,3,3,3,3,0,0,2,0,0,2,3,2.5,6,24,24,2,14,2,14,2,3,2,9
6,4,2,4,0.0,0.2,0.3,0,dense,runner_up,0.107908,3,OPTIMAL,True,3.0,3.0,0.0,3,OPTIMAL,True,3.0,3.0,0.0,3,OPTIMAL,True,3.0,3.0,0.0,3,OPTIMAL,True,3.0,3.0,0.0,3,OPTIMAL,True,3.0,3.0,0.0,3,OPTIMAL,True,3.0,3.0,0.0,1,OPTIMAL,True,1.0,1.0,0.0,2,OPTIMAL,True,2.0,2.0,0.0,1,OPTIMAL,True,1.0,1.0,0.0,2,OPTIMAL,True,2.0,2.0,0.0,3,3,3,3,0,0,1,0,0,1,2,1.75,6,24,24,2,10,2,10,1,2,1,5
6,4,2,4,0.2,0.0,0.1,0,dense,runner_up,0.112040,1,OPTIMAL,True,1.0,1.0,0.0,1,OPTIMAL,True,1.0,1.0,0.0,1,OPTIMAL,True,1.0,1.0,0.0,2,OPTIMAL,True,2.0,2.0,0.0,2,OPTIMAL,True,2.0,2.0,0.0,3,OPTIMAL,True,3.0,3.0,0.0,3,OPTIMAL,True,3.0,3.0,0.0,3,OPTIMAL,True,3.0,3.0,0.0,3,OPTIMAL,True,3.0,3.0,0.0,3,OPTIMAL,True,3.0,3.0,0.0,1,1,1,2,1,1,3,1,1,3,3,3.0,3,16,16,4,21,4,21,2,3,2,11
6,4,2,4,0.2,0.0,0.3,0,dense,runner_up,0.114587,1,OPTIMAL,True,1.0,1.0,0.0,1,OPTIMAL,True,1.0,1.0,0.0,1,OPTIMAL,True,1.0,1.0,0.0,2,OPTIMAL,True,2.0,2.0,0.0,2,OPTIMAL,True,2.0,2.0,0.0,3,OPTIMAL,True,3.0,3.0,0.0,2,OPTIMAL,True,2.0,2.0,0.0,2,OPTIMAL,True,2.0,2.0,0.0,2,OPTIMAL,True,2.0,2.0,0.0,3,OPTIMAL,True,3.0,3.0,0.0,1,1,1,2,1,1,2,1,1,2,3,2.5,3,16,16,3,15,3,15,2,2,2,8
6,4,2,4,0.2,0.2,0.1,0,dense,runner_up,0.116292,1,OPTIMAL,True,1.0,1.0,0.0,1,OPTIMAL,True,1.0,1.0,0.0,1,OPTIMAL,True,1.0,1.0,0.0,2,OPTIMAL,True,2.0,2.0,0.0,2,OPTIMAL,True,2.0,2.0,0.0,3,OPTIMAL,True,3.0,3.0,0.0,3,OPTIMAL,True,3.0,3.0,0.0,3,OPTIMAL,True,3.0,3.0,0.0,3,OPTIMAL,True,3.0,3.0,0.0,3,OPTIMAL,True,3.0,3.0,0.0,1,1,1,2,1,1,2,1,1,3,3,3.0,3,16,16,4,17,4,17,2,2,2,8
6,4,2,4,0.2,0.2,0.3,0,dense,runner_up,0.114157,1,OPTIMAL,True,1.0,1.0,0.0,1,OPTIMAL,True,1.0,1.0,0.0,1,OPTIMAL,True,1.0,1.0,0.0,2,OPTIMAL,True,2.0,2.0,0.0,2,OPTIMAL,True,2.0,2.0,0.0,3,OPTIMAL,True,3.0,3.0,0.0,1,OPTIMAL,True,1.0,1.0,0.0,2,OPTIMAL,True,2.0,2.0,0.0,1,OPTIMAL,True,1.0,1.0,0.0,3,OPTIMAL,True,3.0,3.0,0.0,1,1,1,2,0,0,1,0,0,1,3,2.0,3,16,16,2,11,2,11,1,2,1,6
6,4,2,6,0.0,0.0,0.1,0,dense,runner_up,0.106025,3,OPTIMAL,True,3.0,3.0,0.0,3,OPTIMAL,True,3.0,3.0,0.0,3,OPTIMAL,True,3.0,3.0,0.0,3,OPTIMAL,True,3.0,3.0,0.0,3,OPTIMAL,True,3.0,3.0,0.0,3,OPTIMAL,True,3.0,3.0,0.0,3,OPTIMAL,True,3.0,3.0,0.0,3,OPTIMAL,True,3.0,3.0,0.0,3,OPTIMAL,True,3.0,3.0,0.0,3,OPTIMAL,True,3.0,3.0,0.0,3,3,3,3,0,0,3,0,0,3,3,3.0,6,24,24,3,19,3,19,2,3,2,11
6,4,2,6,0.0,0.0,0.3,0,dense,runner_up,0.111917,3,OPTIMAL,True,3.0,3.0,0.0,3,OPTIMAL,True,3.0,3.0,0.0,3,OPTIMAL,True,3.0,3.0,0.0,3,OPTIMAL,True,3.0,3.0,0.0,3,OPTIMAL,True,3.0,3.0,0.0,3,OPTIMAL,True,3.0,3.0,0.0,2,OPTIMAL,True,2.0,2.0,0.0,2,OPTIMAL,True,2.0,2.0,0.0,2,OPTIMAL,True,2.0,2.0,0.0,3,OPTIMAL,True,3.0,3.0,0.0,3,3,3,3,0,0,2,0,0,2,3,2.25,6,24,24,2,13,2,13,1,2,1,7
6,4,2,6,0.0,0.2,0.1,0,dense,runner_up,0.111603,3,OPTIMAL,True,3.0,3.0,0.0,3,OPTIMAL,True,3.0,3.0,0.0,3,OPTIMAL,True,3.0,3.0,0.0,3,OPTIMAL,True,3.0,3.0,0.0,3,OPTIMAL,True,3.0,3.0,0.0,3,OPTIMAL,True,3.0,3.0,0.0,2,OPTIMAL,True,2.0,2.0,0.0,3,OPTIMAL,True,3.0,3.0,0.0,2,OPTIMAL,True,2.0,2.0,0.0,3,OPTIMAL,True,3.0,3.0,0.0,3,3,3,3,0,0,2,0,0,2,3,2.75,6,24,24,2,15,2,15,2,3,2,9
6,4,2,6,0.0,0.2,0.3,0,dense,runner_up,0.111035,3,OPTIMAL,True,3.0,3.0,0.0,3,OPTIMAL,True,3.0,3.0,0.0,3,OPTIMAL,True,3.0,3.0,0.0,3,OPTIMAL,True,3.0,3.0,0.0,3,OPTIMAL,True,3.0,3.0,0.0,3,OPTIMAL,True,3.0,3.0,0.0,1,OPTIMAL,True,1.0,1.0,0.0,2,OPTIMAL,True,2.0,2.0,0.0,1,OPTIMAL,True,1.0,1.0,0.0,2,OPTIMAL,True,2.0,2.0,0.0,3,3,3,3,0,0,1,0,0,1,2,1.75,6,24,24,2,10,2,10,1,2,1,5
6,4,2,6,0.2,0.0,0.1,0,dense,runner_up,0.113317,1,OPTIMAL,True,1.0,1.0,0.0,1,OPTIMAL,True,1.0,1.0,0.0,1,OPTIMAL,True,1.0,1.0,0.0,2,OPTIMAL,True,2.0,2.0,0.0,2,OPTIMAL,True,2.0,2.0,0.0,3,OPTIMAL,True,3.0,3.0,0.0,3,OPTIMAL,True,3.0,3.0,0.0,3,OPTIMAL,True,3.0,3.0,0.0,3,OPTIMAL,True,3.0,3.0,0.0,3,OPTIMAL,True,3.0,3.0,0.0,1,1,1,2,1,1,3,1,1,3,3,3.0,3,16,16,4,21,4,21,2,3,2,11
6,4,2,6,0.2,0.0,0.3,0,dense,runner_up,0.118103,1,OPTIMAL,True,1.0,1.0,0.0,1,OPTIMAL,True,1.0,1.0,0.0,1,OPTIMAL,True,1.0,1.0,0.0,2,OPTIMAL,True,2.0,2.0,0.0,2,OPTIMAL,True,2.0,2.0,0.0,3,OPTIMAL,True,3.0,3.0,0.0,2,OPTIMAL,True,2.0,2.0,0.0,2,OPTIMAL,True,2.0,2.0,0.0,2,OPTIMAL,True,2.0,2.0,0.0,3,OPTIMAL,True,3.0,3.0,0.0,1,1,1,2,1,1,2,1,1,2,3,2.5,3,16,16,3,15,3,15,2,2,2,8
6,4,2,6,0.2,0.2,0.1,0,dense,runner_up,0.119987,1,OPTIMAL,True,1.0,1.0,0.0,1,OPTIMAL,True,1.0,1.0,0.0,1,OPTIMAL,True,1.0,1.0,0.0,2,OPTIMAL,True,2.0,2.0,0.0,2,OPTIMAL,True,2.0,2.0,0.0,3,OPTIMAL,True,3.0,3.0,0.0,3,OPTIMAL,True,3.0,3.0,0.0,3,OPTIMAL,True,3.0,3.0,0.0,3,OPTIMAL,True,3.0,3.0,0.0,3,OPTIMAL,True,3.0,3.0,0.0,1,1,1,2,1,1,2,1,1,3,3,3.0,3,16,16,4,17,4,17,2,2,2,8
6,4,2,6,0.2,0.2,0.3,0,dense,runner_up,0.118493,1,OPTIMAL,True,1.0,1.0,0.0,1,OPTIMAL,True,1.0,1.0,0.0,1,OPTIMAL,True,1.0,1.0,0.0,2,OPTIMAL,True,2.0,2.0,0.0,2,OPTIMAL,True,2.0,2.0,0.0,3,OPTIMAL,True,3.0,3.0,0.0,1,OPTIMAL,True,1.0,1.0,0.0,2,OPTIMAL,True,2.0,2.0,0.0,1,OPTIMAL,True,1.0,1.0,0.0,3,OPTIMAL,True,3.0,3.0,0.0,1,1,1,2,0,0,1,0,0,1,3,2.0,3,16,16,2,11,2,11,1,2,1,6
6,4,2,8,0.0,0.0,0.1,0,dense,runner_up,0.109465,3,OPTIMAL,True,3.0,3.0,0.0,3,OPTIMAL,True,3.0,3.0,0.0,3,OPTIMAL,True,3.0,3.0,0.0,3,OPTIMAL,True,3.0,3.0,0.0,3,OPTIMAL,True,3.0,3.0,0.0,3,OPTIMAL,True,3.0,3.0,0.0,3,OPTIMAL,True,3.0,3.0,0.0,3,OPTIMAL,True,3.0,3.0,0.0,3,OPTIMAL,True,3.0,3.0,0.0,3,OPTIMAL,True,3.0,3.0,0.0,3,3,3,3,0,0,3,0,0,3,3,3.0,6,24,24,3,19,3,19,2,3,2,11
6,4,2,8,0.0,0.0,0.3,0,dense,runner_up,0.114208,3,OPTIMAL,True,3.0,3.0,0.0,3,OPTIMAL,True,3.0,3.0,0.0,3,OPTIMAL,True,3.0,3.0,0.0,3,OPTIMAL,True,3.0,3.0,0.0,3,OPTIMAL,True,3.0,3.0,0.0,3,OPTIMAL,True,3.0,3.0,0.0,2,OPTIMAL,True,2.0,2.0,0.0,2,OPTIMAL,True,2.0,2.0,0.0,2,OPTIMAL,True,2.0,2.0,0.0,3,OPTIMAL,True,3.0,3.0,0.0,3,3,3,3,0,0,2,0,0,2,3,2.25,6,24,24,2,13,2,13,1,2,1,7
6,4,2,8,0.0,0.2,0.1,0,dense,runner_up,0.114902,3,OPTIMAL,True,3.0,3.0,0.0,3,OPTIMAL,True,3.0,3.0,0.0,3,OPTIMAL,True,3.0,3.0,0.0,3,OPTIMAL,True,3.0,3.0,0.0,3,OPTIMAL,True,3.0,3.0,0.0,3,OPTIMAL,True,3.0,3.0,0.0,2,OPTIMAL,True,2.0,2.0,0.0,3,OPTIMAL,True,3.0,3.0,0.0,2,OPTIMAL,True,2.0,2.0,0.0,3,OPTIMAL,True,3.0,3.0,0.0,3,3,3,3,0,0,2,0,0,2,3,2.75,6,24,24,2,16,2,16,2,3,2,9
6,4,2,8,0.0,0.2,0.3,0,dense,runner_up,0.114658,3,OPTIMAL,True,3.0,3.0,0.0,3,OPTIMAL,True,3.0,3.0,0.0,3,OPTIMAL,True,3.0,3.0,0.0,3,OPTIMAL,True,3.0,3.0,0.0,3,OPTIMAL,True,3.0,3.0,0.0,3,OPTIMAL,True,3.0,3.0,0.0,1,OPTIMAL,True,1.0,1.0,0.0,2,OPTIMAL,True,2.0,2.0,0.0,1,OPTIMAL,True,1.0,1.0,0.0,2,OPTIMAL,True,2.0,2.0,0.0,3,3,3,3,0,0,2,0,0,1,2,1.75,6,24,24,2,11,2,11,1,2,1,6
6,4,2,8,0.2,0.0,0.1,0,dense,runner_up,0.120870,2,OPTIMAL,True,2.0,2.0,0.0,2,OPTIMAL,True,2.0,2.0,0.0,2,OPTIMAL,True,2.0,2.0,0.0,2,OPTIMAL,True,2.0,2.0,0.0,2,OPTIMAL,True,2.0,2.0,0.0,3,OPTIMAL,True,3.0,3.0,0.0,3,OPTIMAL,True,3.0,3.0,0.0,3,OPTIMAL,True,3.0,3.0,0.0,3,OPTIMAL,True,3.0,3.0,0.0,3,OPTIMAL,True,3.0,3.0,0.0,2,2,2,2,1,1,3,1,1,3,3,3.0,4,17,17,4,21,4,21,2,3,2,11
6,4,2,8,0.2,0.0,0.3,0,dense,runner_up,0.125414,2,OPTIMAL,True,2.0,2.0,0.0,2,OPTIMAL,True,2.0,2.0,0.0,2,OPTIMAL,True,2.0,2.0,0.0,2,OPTIMAL,True,2.0,2.0,0.0,2,OPTIMAL,True,2.0,2.0,0.0,3,OPTIMAL,True,3.0,3.0,0.0,2,OPTIMAL,True,2.0,2.0,0.0,2,OPTIMAL,True,2.0,2.0,0.0,2,OPTIMAL,True,2.0,2.0,0.0,3,OPTIMAL,True,3.0,3.0,0.0,2,2,2,2,1,1,2,1,1,2,3,2.5,4,17,17,3,15,3,15,2,2,2,8
6,4,2,8,0.2,0.2,0.1,0,dense,runner_up,0.127378,2,OPTIMAL,True,2.0,2.0,0.0,2,OPTIMAL,True,2.0,2.0,0.0,2,OPTIMAL,True,2.0,2.0,0.0,2,OPTIMAL,True,2.0,2.0,0.0,2,OPTIMAL,True,2.0,2.0,0.0,3,OPTIMAL,True,3.0,3.0,0.0,3,OPTIMAL,True,3.0,3.0,0.0,3,OPTIMAL,True,3.0,3.0,0.0,3,OPTIMAL,True,3.0,3.0,0.0,3,OPTIMAL,True,3.0,3.0,0.0,2,2,2,2,1,1,2,1,1,3,3,3.0,4,17,17,4,17,4,17,2,2,2,8
6,4,2,8,0.2,0.2,0.3,0,dense,runner_up,0.123875,2,OPTIMAL,True,2.0,2.0,0.0,2,OPTIMAL,True,2.0,2.0,0.0,2,OPTIMAL,True,2.0,2.0,0.0,2,OPTIMAL,True,2.0,2.0,0.0,2,OPTIMAL,True,2.0,2.0,0.0,3,OPTIMAL,True,3.0,3.0,0.0,1,OPTIMAL,True,1.0,1.0,0.0,2,OPTIMAL,True,2.0,2.0,0.0,1,OPTIMAL,True,1.0,1.0,0.0,3,OPTIMAL,True,3.0,3.0,0.0,2,2,2,2,0,0,2,0,0,1,3,2.0,4,17,17,2,12,2,12,1,2,1,7
6,4,3,4,0.0,0.0,0.1,0,dense,runner_up,0.116102,3,OPTIMAL,True,3.0,3.0,0.0,3,OPTIMAL,True,3.0,3.0,0.0,3,OPTIMAL,True,3.0,3.0,0.0,3,OPTIMAL,True,3.0,3.0,0.0,3,OPTIMAL,True,3.0,3.0,0.0,3,OPTIMAL,True,3.0,3.0,0.0,3,OPTIMAL,True,3.0,3.0,0.0,3,OPTIMAL,True,3.0,3.0,0.0,3,OPTIMAL,True,3.0,3.0,0.0,3,OPTIMAL,True,3.0,3.0,0.0,3,3,3,3,0,0,2,0,0,3,3,3.0,9,36,36,5,26,5,26,2,3,2,9
6,4,3,4,0.0,0.0,0.3,0,dense,runner_up,0.116000,3,OPTIMAL,True,3.0,3.0,0.0,3,OPTIMAL,True,3.0,3.0,0.0,3,OPTIMAL,True,3.0,3.0,0.0,3,OPTIMAL,True,3.0,3.0,0.0,3,OPTIMAL,True,3.0,3.0,0.0,3,OPTIMAL,True,3.0,3.0,0.0,2,OPTIMAL,True,2.0,2.0,0.0,2,OPTIMAL,True,2.0,2.0,0.0,2,OPTIMAL,True,2.0,2.0,0.0,3,OPTIMAL,True,3.0,3.0,0.0,3,3,3,3,0,0,1,0,0,2,3,2.5,9,36,36,2,17,2,17,1,2,1,7
6,4,3,4,0.0,0.2,0.1,0,dense,runner_up,0.116156,3,OPTIMAL,True,3.0,3.0,0.0,3,OPTIMAL,True,3.0,3.0,0.0,3,OPTIMAL,True,3.0,3.0,0.0,3,OPTIMAL,True,3.0,3.0,0.0,3,OPTIMAL,True,3.0,3.0,0.0,3,OPTIMAL,True,3.0,3.0,0.0,2,OPTIMAL,True,2.0,2.0,0.0,2,OPTIMAL,True,2.0,2.0,0.0,2,OPTIMAL,True,2.0,2.0,0.0,3,OPTIMAL,True,3.0,3.0,0.0,3,3,3,3,0,0,2,0,0,2,3,2.75,9,36,36,4,23,4,23,1,2,1,5
6,4,3,4,0.0,0.2,0.3,0,dense,runner_up,0.115977,3,OPTIMAL,True,3.0,3.0,0.0,3,OPTIMAL,True,3.0,3.0,0.0,3,OPTIMAL,True,3.0,3.0,0.0,3,OPTIMAL,True,3.0,3.0,0.0,3,OPTIMAL,True,3.0,3.0,0.0,3,OPTIMAL,True,3.0,3.0,0.0,2,OPTIMAL,True,2.0,2.0,0.0,2,OPTIMAL,True,2.0,2.0,0.0,2,OPTIMAL,True,2.0,2.0,0.0,3,OPTIMAL,True,3.0,3.0,0.0,3,3,3,3,0,0,1,0,0,2,3,2.5,9,36,36,2,16,2,16,1,1,1,4
6,4,3,4,0.2,0.0,0.1,0,dense,runner_up,0.125645,2,OPTIMAL,True,2.0,2.0,0.0,2,OPTIMAL,True,2.0,2.0,0.0,2,OPTIMAL,True,2.0,2.0,0.0,2,OPTIMAL,True,2.0,2.0,0.0,2,OPTIMAL,True,2.0,2.0,0.0,3,OPTIMAL,True,3.0,3.0,0.0,3,OPTIMAL,True,3.0,3.0,0.0,3,OPTIMAL,True,3.0,3.0,0.0,3,OPTIMAL,True,3.0,3.0,0.0,3,OPTIMAL,True,3.0,3.0,0.0,2,2,2,2,1,1,2,1,1,3,3,3.0,6,26,26,6,30,6,30,2,3,2,11
6,4,3,4,0.2,0.0,0.3,0,dense,runner_up,0.129909,2,OPTIMAL,True,2.0,2.0,0.0,2,OPTIMAL,True,2.0,2.0,0.0,2,OPTIMAL,True,2.0,2.0,0.0,2,OPTIMAL,True,2.0,2.0,0.0,2,OPTIMAL,True,2.0,2.0,0.0,3,OPTIMAL,True,3.0,3.0,0.0,2,OPTIMAL,True,2.0,2.0,0.0,2,OPTIMAL,True,2.0,2.0,0.0,2,OPTIMAL,True,2.0,2.0,0.0,3,OPTIMAL,True,3.0,3.0,0.0,2,2,2,2,0,0,1,0,0,2,3,2.5,6,26,26,2,16,2,16,1,2,1,7
6,4,3,4,0.2,0.2,0.1,0,dense,runner_up,0.128467,2,OPTIMAL,True,2.0,2.0,0.0,2,OPTIMAL,True,2.0,2.0,0.0,2,OPTIMAL,True,2.0,2.0,0.0,2,OPTIMAL,True,2.0,2.0,0.0,2,OPTIMAL,True,2.0,2.0,0.0,3,OPTIMAL,True,3.0,3.0,0.0,2,OPTIMAL,True,2.0,2.0,0.0,2,OPTIMAL,True,2.0,2.0,0.0,2,OPTIMAL,True,2.0,2.0,0.0,3,OPTIMAL,True,3.0,3.0,0.0,2,2,2,2,1,1,2,1,1,2,3,2.75,6,26,26,4,24,4,24,1,2,1,7
6,4,3,4,0.2,0.2,0.3,0,dense,runner_up,0.128580,2,OPTIMAL,True,2.0,2.0,0.0,2,OPTIMAL,True,2.0,2.0,0.0,2,OPTIMAL,True,2.0,2.0,0.0,2,OPTIMAL,True,2.0,2.0,0.0,2,OPTIMAL,True,2.0,2.0,0.0,3,OPTIMAL,True,3.0,3.0,0.0,2,OPTIMAL,True,2.0,2.0,0.0,1,OPTIMAL,True,1.0,1.0,0.0,2,OPTIMAL,True,2.0,2.0,0.0,3,OPTIMAL,True,3.0,3.0,0.0,2,2,2,2,0,0,0,0,0,2,3,2.5,6,26,26,2,12,2,12,1,2,1,5
6,4,3,6,0.0,0.0,0.1,0,dense,runner_up,0.120497,3,OPTIMAL,True,3.0,3.0,0.0,3,OPTIMAL,True,3.0,3.0,0.0,3,OPTIMAL,True,3.0,3.0,0.0,3,OPTIMAL,True,3.0,3.0,0.0,3,OPTIMAL,True,3.0,3.0,0.0,3,OPTIMAL,True,3.0,3.0,0.0,3,OPTIMAL,True,3.0,3.0,0.0,3,OPTIMAL,True,3.0,3.0,0.0,3,OPTIMAL,True,3.0,3.0,0.0,3,OPTIMAL,True,3.0,3.0,0.0,3,3,3,3,0,0,2,0,0,3,3,3.0,9,36,36,5,26,5,26,2,3,2,9
6,4,3,6,0.0,0.0,0.3,0,dense,runner_up,0.120254,3,OPTIMAL,True,3.0,3.0,0.0,3,OPTIMAL,True,3.0,3.0,0.0,3,OPTIMAL,True,3.0,3.0,0.0,3,OPTIMAL,True,3.0,3.0,0.0,3,OPTIMAL,True,3.0,3.0,0.0,3,OPTIMAL,True,3.0,3.0,0.0,2,OPTIMAL,True,2.0,2.0,0.0,2,OPTIMAL,True,2.0,2.0,0.0,2,OPTIMAL,True,2.0,2.0,0.0,3,OPTIMAL,True,3.0,3.0,0.0,3,3,3,3,0,0,1,0,0,2,3,2.5,9,36,36,2,17,2,17,1,2,1,7
6,4,3,6,0.0,0.2,0.1,0,dense,runner_up,0.120186,3,OPTIMAL,True,3.0,3.0,0.0,3,OPTIMAL,True,3.0,3.0,0.0,3,OPTIMAL,True,3.0,3.0,0.0,3,OPTIMAL,True,3.0,3.0,0.0,3,OPTIMAL,True,3.0,3.0,0.0,3,OPTIMAL,True,3.0,3.0,0.0,2,OPTIMAL,True,2.0,2.0,0.0,2,OPTIMAL,True,2.0,2.0,0.0,2,OPTIMAL,True,2.0,2.0,0.0,3,OPTIMAL,True,3.0,3.0,0.0,3,3,3,3,0,0,2,0,0,2,3,2.75,9,36,36,4,23,4,23,1,2,1,5
6,4,3,6,0.0,0.2,0.3,0,dense,runner_up,0.120218,3,OPTIMAL,True,3.0,3.0,0.0,3,OPTIMAL,True,3.0,3.0,0.0,3,OPTIMAL,True,3.0,3.0,0.0,3,OPTIMAL,True,3.0,3.0,0.0,3,OPTIMAL,True,3.0,3.0,0.0,3,OPTIMAL,True,3.0,3.0,0.0,2,OPTIMAL,True,2.0,2.0,0.0,2,OPTIMAL,True,2.0,2.0,0.0,2,OPTIMAL,True,2.0,2.0,0.0,3,OPTIMAL,True,3.0,3.0,0.0,3,3,3,3,0,0,1,0,0,2,3,2.5,9,36,36,2,15,2,15,1,1,1,4
6,4,3,6,0.2,0.0,0.1,0,dense,runner_up,0.123574,1,OPTIMAL,True,1.0,1.0,0.0,1,OPTIMAL,True,1.0,1.0,0.0,1,OPTIMAL,True,1.0,1.0,0.0,2,OPTIMAL,True,2.0,2.0,0.0,2,OPTIMAL,True,2.0,2.0,0.0,3,OPTIMAL,True,3.0,3.0,0.0,3,OPTIMAL,True,3.0,3.0,0.0,3,OPTIMAL,True,3.0,3.0,0.0,3,OPTIMAL,True,3.0,3.0,0.0,3,OPTIMAL,True,3.0,3.0,0.0,1,1,1,2,1,1,2,1,1,3,3,3.0,5,25,25,6,30,6,30,2,3,2,11
6,4,3,6,0.2,0.0,0.3,0,dense,runner_up,0.126941,1,OPTIMAL,True,1.0,1.0,0.0,1,OPTIMAL,True,1.0,1.0,0.0,1,OPTIMAL,True,1.0,1.0,0.0,2,OPTIMAL,True,2.0,2.0,0.0,2,OPTIMAL,True,2.0,2.0,0.0,3,OPTIMAL,True,3.0,3.0,0.0,2,OPTIMAL,True,2.0,2.0,0.0,2,OPTIMAL,True,2.0,2.0,0.0,2,OPTIMAL,True,2.0,2.0,0.0,3,OPTIMAL,True,3.0,3.0,0.0,1,1,1,2,0,0,1,0,0,2,3,2.5,5,25,25,2,16,2,16,1,2,1,7
6,4,3,6,0.2,0.2,0.1,0,dense,runner_up,0.125681,1,OPTIMAL,True,1.0,1.0,0.0,1,OPTIMAL,True,1.0,1.0,0.0,1,OPTIMAL,True,1.0,1.0,0.0,2,OPTIMAL,True,2.0,2.0,0.0,2,OPTIMAL,True,2.0,2.0,0.0,3,OPTIMAL,True,3.0,3.0,0.0,2,OPTIMAL,True,2.0,2.0,0.0,2,OPTIMAL,True,2.0,2.0,0.0,2,OPTIMAL,True,2.0,2.0,0.0,3,OPTIMAL,True,3.0,3.0,0.0,1,1,1,2,1,1,2,1,1,2,3,2.75,5,25,25,4,24,4,24,1,2,1,7
6,4,3,6,0.2,0.2,0.3,0,dense,runner_up,0.124280,1,OPTIMAL,True,1.0,1.0,0.0,1,OPTIMAL,True,1.0,1.0,0.0,1,OPTIMAL,True,1.0,1.0,0.0,2,OPTIMAL,True,2.0,2.0,0.0,2,OPTIMAL,True,2.0,2.0,0.0,3,OPTIMAL,True,3.0,3.0,0.0,2,OPTIMAL,True,2.0,2.0,0.0,1,OPTIMAL,True,1.0,1.0,0.0,2,OPTIMAL,True,2.0,2.0,0.0,3,OPTIMAL,True,3.0,3.0,0.0,1,1,1,2,0,0,0,0,0,2,3,2.5,5,25,25,2,12,2,12,1,2,1,5
6,4,3,8,0.0,0.0,0.1,0,dense,runner_up,0.125183,3,OPTIMAL,True,3.0,3.0,0.0,3,OPTIMAL,True,3.0,3.0,0.0,3,OPTIMAL,True,3.0,3.0,0.0,3,OPTIMAL,True,3.0,3.0,0.0,3,OPTIMAL,True,3.0,3.0,0.0,3,OPTIMAL,True,3.0,3.0,0.0,3,OPTIMAL,True,3.0,3.0,0.0,3,OPTIMAL,True,3.0,3.0,0.0,3,OPTIMAL,True,3.0,3.0,0.0,3,OPTIMAL,True,3.0,3.0,0.0,3,3,3,3,0,0,2,0,0,3,3,3.0,9,36,36,5,26,5,26,2,3,2,9
6,4,3,8,0.0,0.0,0.3,0,dense,runner_up,0.123821,3,OPTIMAL,True,3.0,3.0,0.0,3,OPTIMAL,True,3.0,3.0,0.0,3,OPTIMAL,True,3.0,3.0,0.0,3,OPTIMAL,True,3.0,3.0,0.0,3,OPTIMAL,True,3.0,3.0,0.0,3,OPTIMAL,True,3.0,3.0,0.0,2,OPTIMAL,True,2.0,2.0,0.0,2,OPTIMAL,True,2.0,2.0,0.0,2,OPTIMAL,True,2.0,2.0,0.0,3,OPTIMAL,True,3.0,3.0,0.0,3,3,3,3,0,0,1,0,0,2,3,2.5,9,36,36,2,17,2,17,1,2,1,7
6,4,3,8,0.0,0.2,0.1,0,dense,runner_up,0.125597,3,OPTIMAL,True,3.0,3.0,0.0,3,OPTIMAL,True,3.0,3.0,0.0,3,OPTIMAL,True,3.0,3.0,0.0,3,OPTIMAL,True,3.0,3.0,0.0,3,OPTIMAL,True,3.0,3.0,0.0,3,OPTIMAL,True,3.0,3.0,0.0,2,OPTIMAL,True,2.0,2.0,0.0,2,OPTIMAL,True,2.0,2.0,0.0,2,OPTIMAL,True,2.0,2.0,0.0,3,OPTIMAL,True,3.0,3.0,0.0,3,3,3,3,0,0,2,0,0,2,3,2.75,9,36,36,4,23,4,23,1,2,1,5
6,4,3,8,0.0,0.2,0.3,0,dense,runner_up,0.125410,3,OPTIMAL,True,3.0,3.0,0.0,3,OPTIMAL,True,3.0,3.0,0.0,3,OPTIMAL,True,3.0,3.0,0.0,3,OPTIMAL,True,3.0,3.0,0.0,3,OPTIMAL,True,3.0,3.0,0.0,3,OPTIMAL,True,3.0,3.0,0.0,2,OPTIMAL,True,2.0,2.0,0.0,2,OPTIMAL,True,2.0,2.0,0.0,2,OPTIMAL,True,2.0,2.0,0.0,3,OPTIMAL,True,3.0,3.0,0.0,3,3,3,3,0,0,1,0,0,2,3,2.5,9,36,36,2,16,2,16,1,1,1,4
6,4,3,8,0.2,0.0,0.1,0,dense,runner_up,0.125627,1,OPTIMAL,True,1.0,1.0,0.0,1,OPTIMAL,True,1.0,1.0,0.0,1,OPTIMAL,True,1.0,1.0,0.0,2,OPTIMAL,True,2.0,2.0,0.0,2,OPTIMAL,True,2.0,2.0,0.0,3,OPTIMAL,True,3.0,3.0,0.0,3,OPTIMAL,True,3.0,3.0,0.0,3,OPTIMAL,True,3.0,3.0,0.0,3,OPTIMAL,True,3.0,3.0,0.0,3,OPTIMAL,True,3.0,3.0,0.0,1,1,1,2,1,1,2,1,1,3,3,3.0,5,25,25,6,30,6,30,2,3,2,11
6,4,3,8,0.2,0.0,0.3,0,dense,runner_up,0.151378,1,OPTIMAL,True,1.0,1.0,0.0,1,OPTIMAL,True,1.0,1.0,0.0,1,OPTIMAL,True,1.0,1.0,0.0,2,OPTIMAL,True,2.0,2.0,0.0,2,OPTIMAL,True,2.0,2.0,0.0,3,OPTIMAL,True,3.0,3.0,0.0,2,OPTIMAL,True,2.0,2.0,0.0,2,OPTIMAL,True,2.0,2.0,0.0,2,OPTIMAL,True,2.0,2.0,0.0,3,OPTIMAL,True,3.0,3.0,0.0,1,1,1,2,0,0,1,0,0,2,3,2.5,5,25,25,2,16,2,16,1,2,1,7
6,4,3,8,0.2,0.2,0.1,0,dense,runner_up,0.131518,1,OPTIMAL,True,1.0,1.0,0.0,1,OPTIMAL,True,1.0,1.0,0.0,1,OPTIMAL,True,1.0,1.0,0.0,2,OPTIMAL,True,2.0,2.0,0.0,2,OPTIMAL,True,2.0,2.0,0.0,3,OPTIMAL,True,3.0,3.0,0.0,2,OPTIMAL,True,2.0,2.0,0.0,2,OPTIMAL,True,2.0,2.0,0.0,2,OPTIMAL,True,2.0,2.0,0.0,3,OPTIMAL,True,3.0,3.0,0.0,1,1,1,2,1,1,2,1,1,2,3,2.75,5,25,25,5,25,5,25,1,2,1,7
6,4,3,8,0.2,0.2,0.3,0,dense,runner_up,0.133778,1,OPTIMAL,True,1.0,1.0,0.0,1,OPTIMAL,True,1.0,1.0,0.0,1,OPTIMAL,True,1.0,1.0,0.0,2,OPTIMAL,True,2.0,2.0,0.0,2,OPTIMAL,True,2.0,2.0,0.0,3,OPTIMAL,True,3.0,3.0,0.0,2,OPTIMAL,True,2.0,2.0,0.0,1,OPTIMAL,True,1.0,1.0,0.0,2,OPTIMAL,True,2.0,2.0,0.0,3,OPTIMAL,True,3.0,3.0,0.0,1,1,1,2,0,0,0,0,0,2,3,2.5,5,25,25,2,12,2,12,1,2,1,5
6,4,4,4,0.0,0.0,0.1,0,dense,runner_up,0.121012,3,OPTIMAL,True,3.0,3.0,0.0,3,OPTIMAL,True,3.0,3.0,0.0,3,OPTIMAL,True,3.0,3.0,0.0,3,OPTIMAL,True,3.0,3.0,0.0,3,OPTIMAL,True,3.0,3.0,0.0,3,OPTIMAL,True,3.0,3.0,0.0,3,OPTIMAL,True,3.0,3.0,0.0,3,OPTIMAL,True,3.0,3.0,0.0,3,OPTIMAL,True,3.0,3.0,0.0,3,OPTIMAL,True,3.0,3.0,0.0,3,3,3,3,1,1,2,1,1,3,3,3.0,12,48,48,8,38,8,38,2,3,2,10
6,4,4,4,0.0,0.0,0.3,0,dense,runner_up,0.126117,3,OPTIMAL,True,3.0,3.0,0.0,3,OPTIMAL,True,3.0,3.0,0.0,3,OPTIMAL,True,3.0,3.0,0.0,3,OPTIMAL,True,3.0,3.0,0.0,3,OPTIMAL,True,3.0,3.0,0.0,3,OPTIMAL,True,3.0,3.0,0.0,2,OPTIMAL,True,2.0,2.0,0.0,2,OPTIMAL,True,2.0,2.0,0.0,2,OPTIMAL,True,2.0,2.0,0.0,3,OPTIMAL,True,3.0,3.0,0.0,3,3,3,3,0,0,1,0,0,2,3,2.25,12,48,48,4,22,4,22,1,2,1,7
6,4,4,4,0.0,0.2,0.1,0,dense,runner_up,0.121280,3,OPTIMAL,True,3.0,3.0,0.0,3,OPTIMAL,True,3.0,3.0,0.0,3,OPTIMAL,True,3.0,3.0,0.0,3,OPTIMAL,True,3.0,3.0,0.0,3,OPTIMAL,True,3.0,3.0,0.0,3,OPTIMAL,True,3.0,3.0,0.0,2,OPTIMAL,True,2.0,2.0,0.0,2,OPTIMAL,True,2.0,2.0,0.0,2,OPTIMAL,True,2.0,2.0,0.0,3,OPTIMAL,True,3.0,3.0,0.0,3,3,3,3,1,1,2,1,1,2,3,2.5,12,48,48,5,29,5,29,1,2,1,6
6,4,4,4,0.0,0.2,0.3,0,dense,runner_up,0.119929,3,OPTIMAL,True,3.0,3.0,0.0,3,OPTIMAL,True,3.0,3.0,0.0,3,OPTIMAL,True,3.0,3.0,0.0,3,OPTIMAL,True,3.0,3.0,0.0,3,OPTIMAL,True,3.0,3.0,0.0,3,OPTIMAL,True,3.0,3.0,0.0,1,OPTIMAL,True,1.0,1.0,0.0,1,OPTIMAL,True,1.0,1.0,0.0,1,OPTIMAL,True,1.0,1.0,0.0,3,OPTIMAL,True,3.0,3.0,0.0,3,3,3,3,0,0,1,0,0,1,3,2.0,12,48,48,2,17,2,17,1,1,1,4
6,4,4,4,0.2,0.0,0.1,0,dense,runner_up,0.130220,0,OPTIMAL,True,0.0,0.0,0.0,0,OPTIMAL,True,0.0,0.0,0.0,0,OPTIMAL,True,0.0,0.0,0.0,2,OPTIMAL,True,2.0,2.0,0.0,2,OPTIMAL,True,2.0,2.0,0.0,3,OPTIMAL,True,3.0,3.0,0.0,3,OPTIMAL,True,3.0,3.0,0.0,3,OPTIMAL,True,3.0,3.0,0.0,3,OPTIMAL,True,3.0,3.0,0.0,3,OPTIMAL,True,3.0,3.0,0.0,0,0,0,2,2,2,2,2,2,3,3,3.0,6,33,33,9,38,9,38,2,3,2,9
6,4,4,4,0.2,0.0,0.3,0,dense,runner_up,0.128482,0,OPTIMAL,True,0.0,0.0,0.0,0,OPTIMAL,True,0.0,0.0,0.0,0,OPTIMAL,True,0.0,0.0,0.0,2,OPTIMAL,True,2.0,2.0,0.0,2,OPTIMAL,True,2.0,2.0,0.0,3,OPTIMAL,True,3.0,3.0,0.0,2,OPTIMAL,True,2.0,2.0,0.0,2,OPTIMAL,True,2.0,2.0,0.0,2,OPTIMAL,True,2.0,2.0,0.0,3,OPTIMAL,True,3.0,3.0,0.0,0,0,0,2,0,0,1,0,0,2,3,2.5,6,33,33,5,24,5,24,1,2,1,6
6,4,4,4,0.2,0.2,0.1,0,dense,runner_up,0.130561,0,OPTIMAL,True,0.0,0.0,0.0,0,OPTIMAL,True,0.0,0.0,0.0,0,OPTIMAL,True,0.0,0.0,0.0,2,OPTIMAL,True,2.0,2.0,0.0,2,OPTIMAL,True,2.0,2.0,0.0,3,OPTIMAL,True,3.0,3.0,0.0,2,OPTIMAL,True,2.0,2.0,0.0,2,OPTIMAL,True,2.0,2.0,0.0,2,OPTIMAL,True,2.0,2.0,0.0,3,OPTIMAL,True,3.0,3.0,0.0,0,0,0,2,1,1,2,1,1,2,3,2.5,6,33,33,6,28,6,28,1,2,1,5
6,4,4,4,0.2,0.2,0.3,0,dense,runner_up,0.126289,0,OPTIMAL,True,0.0,0.0,0.0,0,OPTIMAL,True,0.0,0.0,0.0,0,OPTIMAL,True,0.0,0.0,0.0,2,OPTIMAL,True,2.0,2.0,0.0,2,OPTIMAL,True,2.0,2.0,0.0,3,OPTIMAL,True,3.0,3.0,0.0,2,OPTIMAL,True,2.0,2.0,0.0,1,OPTIMAL,True,1.0,1.0,0.0,2,OPTIMAL,True,2.0,2.0,0.0,3,OPTIMAL,True,3.0,3.0,0.0,0,0,0,2,0,0,0,0,0,2,3,2.25,6,33,33,3,16,3,16,1,1,1,4
6,4,4,6,0.0,0.0,0.1,0,dense,runner_up,0.127456,3,OPTIMAL,True,3.0,3.0,0.0,3,OPTIMAL,True,3.0,3.0,0.0,3,OPTIMAL,True,3.0,3.0,0.0,3,OPTIMAL,True,3.0,3.0,0.0,3,OPTIMAL,True,3.0,3.0,0.0,3,OPTIMAL,True,3.0,3.0,0.0,3,OPTIMAL,True,3.0,3.0,0.0,3,OPTIMAL,True,3.0,3.0,0.0,3,OPTIMAL,True,3.0,3.0,0.0,3,OPTIMAL,True,3.0,3.0,0.0,3,3,3,3,1,1,2,1,1,3,3,3.0,12,48,48,8,38,8,38,2,3,2,10
6,4,4,6,0.0,0.0,0.3,0,dense,runner_up,0.128894,3,OPTIMAL,True,3.0,3.0,0.0,3,OPTIMAL,True,3.0,3.0,0.0,3,OPTIMAL,True,3.0,3.0,0.0,3,OPTIMAL,True,3.0,3.0,0.0,3,OPTIMAL,True,3.0,3.0,0.0,3,OPTIMAL,True,3.0,3.0,0.0,2,OPTIMAL,True,2.0,2.0,0.0,2,OPTIMAL,True,2.0,2.0,0.0,2,OPTIMAL,True,2.0,2.0,0.0,3,OPTIMAL,True,3.0,3.0,0.0,3,3,3,3,0,0,1,0,0,2,3,2.25,12,48,48,4,22,4,22,1,2,1,7
6,4,4,6,0.0,0.2,0.1,0,dense,runner_up,0.128383,3,OPTIMAL,True,3.0,3.0,0.0,3,OPTIMAL,True,3.0,3.0,0.0,3,OPTIMAL,True,3.0,3.0,0.0,3,OPTIMAL,True,3.0,3.0,0.0,3,OPTIMAL,True,3.0,3.0,0.0,3,OPTIMAL,True,3.0,3.0,0.0,2,OPTIMAL,True,2.0,2.0,0.0,2,OPTIMAL,True,2.0,2.0,0.0,2,OPTIMAL,True,2.0,2.0,0.0,3,OPTIMAL,True,3.0,3.0,0.0,3,3,3,3,0,0,2,0,0,2,3,2.5,12,48,48,5,28,5,28,1,2,1,6
6,4,4,6,0.0,0.2,0.3,0,dense,runner_up,0.123826,3,OPTIMAL,True,3.0,3.0,0.0,3,OPTIMAL,True,3.0,3.0,0.0,3,OPTIMAL,True,3.0,3.0,0.0,3,OPTIMAL,True,3.0,3.0,0.0,3,OPTIMAL,True,3.0,3.0,0.0,3,OPTIMAL,True,3.0,3.0,0.0,1,OPTIMAL,True,1.0,1.0,0.0,1,OPTIMAL,True,1.0,1.0,0.0,1,OPTIMAL,True,1.0,1.0,0.0,3,OPTIMAL,True,3.0,3.0,0.0,3,3,3,3,0,0,1,0,0,1,3,2.0,12,48,48,2,18,2,18,1,1,1,4
6,4,4,6,0.2,0.0,0.1,0,dense,runner_up,0.140900,1,OPTIMAL,True,1.0,1.0,0.0,1,OPTIMAL,True,1.0,1.0,0.0,1,OPTIMAL,True,1.0,1.0,0.0,2,OPTIMAL,True,2.0,2.0,0.0,2,OPTIMAL,True,2.0,2.0,0.0,3,OPTIMAL,True,3.0,3.0,0.0,3,OPTIMAL,True,3.0,3.0,0.0,3,OPTIMAL,True,3.0,3.0,0.0,3,OPTIMAL,True,3.0,3.0,0.0,3,OPTIMAL,True,3.0,3.0,0.0,1,1,1,2,2,2,2,2,2,3,3,3.0,6,33,33,9,38,9,38,2,3,2,9
6,4,4,6,0.2,0.0,0.3,0,dense,runner_up,0.142098,1,OPTIMAL,True,1.0,1.0,0.0,1,OPTIMAL,True,1.0,1.0,0.0,1,OPTIMAL,True,1.0,1.0,0.0,2,OPTIMAL,True,2.0,2.0,0.0,2,OPTIMAL,True,2.0,2.0,0.0,3,OPTIMAL,True,3.0,3.0,0.0,2,OPTIMAL,True,2.0,2.0,0.0,2,OPTIMAL,True,2.0,2.0,0.0,2,OPTIMAL,True,2.0,2.0,0.0,3,OPTIMAL,True,3.0,3.0,0.0,1,1,1,2,0,0,1,0,0,2,3,2.5,6,33,33,5,24,5,24,1,2,1,6
6,4,4,6,0.2,0.2,0.1,0,dense,runner_up,0.136369,1,OPTIMAL,True,1.0,1.0,0.0,1,OPTIMAL,True,1.0,1.0,0.0,1,OPTIMAL,True,1.0,1.0,0.0,2,OPTIMAL,True,2.0,2.0,0.0,2,OPTIMAL,True,2.0,2.0,0.0,3,OPTIMAL,True,3.0,3.0,0.0,2,OPTIMAL,True,2.0,2.0,0.0,2,OPTIMAL,True,2.0,2.0,0.0,2,OPTIMAL,True,2.0,2.0,0.0,3,OPTIMAL,True,3.0,3.0,0.0,1,1,1,2,1,1,2,1,1,2,3,2.5,6,33,33,6,31,6,31,1,1,1,4
6,4,4,6,0.2,0.2,0.3,0,dense,runner_up,0.135733,1,OPTIMAL,True,1.0,1.0,0.0,1,OPTIMAL,True,1.0,1.0,0.0,1,OPTIMAL,True,1.0,1.0,0.0,2,OPTIMAL,True,2.0,2.0,0.0,2,OPTIMAL,True,2.0,2.0,0.0,3,OPTIMAL,True,3.0,3.0,0.0,2,OPTIMAL,True,2.0,2.0,0.0,2,OPTIMAL,True,2.0,2.0,0.0,2,OPTIMAL,True,2.0,2.0,0.0,3,OPTIMAL,True,3.0,3.0,0.0,1,1,1,2,0,0,0,0,0,2,3,2.25,6,33,33,3,18,3,18,1,1,1,4
6,4,4,8,0.0,0.0,0.1,0,dense,runner_up,0.134830,3,OPTIMAL,True,3.0,3.0,0.0,3,OPTIMAL,True,3.0,3.0,0.0,3,OPTIMAL,True,3.0,3.0,0.0,3,OPTIMAL,True,3.0,3.0,0.0,3,OPTIMAL,True,3.0,3.0,0.0,3,OPTIMAL,True,3.0,3.0,0.0,3,OPTIMAL,True,3.0,3.0,0.0,3,OPTIMAL,True,3.0,3.0,0.0,3,OPTIMAL,True,3.0,3.0,0.0,3,OPTIMAL,True,3.0,3.0,0.0,3,3,3,3,1,1,2,1,1,3,3,3.0,12,48,48,8,38,8,38,2,3,2,10
6,4,4,8,0.0,0.0,0.3,0,dense,runner_up,0.135258,3,OPTIMAL,True,3.0,3.0,0.0,3,OPTIMAL,True,3.0,3.0,0.0,3,OPTIMAL,True,3.0,3.0,0.0,3,OPTIMAL,True,3.0,3.0,0.0,3,OPTIMAL,True,3.0,3.0,0.0,3,OPTIMAL,True,3.0,3.0,0.0,2,OPTIMAL,True,2.0,2.0,0.0,2,OPTIMAL,True,2.0,2.0,0.0,2,OPTIMAL,True,2.0,2.0,0.0,3,OPTIMAL,True,3.0,3.0,0.0,3,3,3,3,0,0,1,0,0,2,3,2.25,12,48,48,4,22,4,22,1,2,1,7
6,4,4,8,0.0,0.2,0.1,0,dense,runner_up,0.136146,3,OPTIMAL,True,3.0,3.0,0.0,3,OPTIMAL,True,3.0,3.0,0.0,3,OPTIMAL,True,3.0,3.0,0.0,3,OPTIMAL,True,3.0,3.0,0.0,3,OPTIMAL,True,3.0,3.0,0.0,3,OPTIMAL,True,3.0,3.0,0.0,2,OPTIMAL,True,2.0,2.0,0.0,2,OPTIMAL,True,2.0,2.0,0.0,2,OPTIMAL,True,2.0,2.0,0.0,3,OPTIMAL,True,3.0,3.0,0.0,3,3,3,3,1,1,2,1,1,2,3,2.5,12,48,48,6,33,6,33,1,2,1,6
6,4,4,8,0.0,0.2,0.3,0,dense,runner_up,0.134272,3,OPTIMAL,True,3.0,3.0,0.0,3,OPTIMAL,True,3.0,3.0,0.0,3,OPTIMAL,True,3.0,3.0,0.0,3,OPTIMAL,True,3.0,3.0,0.0,3,OPTIMAL,True,3.0,3.0,0.0,3,OPTIMAL,True,3.0,3.0,0.0,2,OPTIMAL,True,2.0,2.0,0.0,2,OPTIMAL,True,2.0,2.0,0.0,2,OPTIMAL,True,2.0,2.0,0.0,3,OPTIMAL,True,3.0,3.0,0.0,3,3,3,3,0,0,1,0,0,2,3,2.25,12,48,48,4,21,4,21,1,1,1,4
6,4,4,8,0.2,0.0,0.1,0,dense,runner_up,0.144219,1,OPTIMAL,True,1.0,1.0,0.0,1,OPTIMAL,True,1.0,1.0,0.0,1,OPTIMAL,True,1.0,1.0,0.0,2,OPTIMAL,True,2.0,2.0,0.0,2,OPTIMAL,True,2.0,2.0,0.0,3,OPTIMAL,True,3.0,3.0,0.0,3,OPTIMAL,True,3.0,3.0,0.0,3,OPTIMAL,True,3.0,3.0,0.0,3,OPTIMAL,True,3.0,3.0,0.0,3,OPTIMAL,True,3.0,3.0,0.0,1,1,1,2,2,2,2,2,2,3,3,3.0,8,35,35,9,38,9,38,2,3,2,9
6,4,4,8,0.2,0.0,0.3,0,dense,runner_up,0.145230,1,OPTIMAL,True,1.0,1.0,0.0,1,OPTIMAL,True,1.0,1.0,0.0,1,OPTIMAL,True,1.0,1.0,0.0,2,OPTIMAL,True,2.0,2.0,0.0,2,OPTIMAL,True,2.0,2.0,0.0,3,OPTIMAL,True,3.0,3.0,0.0,2,OPTIMAL,True,2.0,2.0,0.0,2,OPTIMAL,True,2.0,2.0,0.0,2,OPTIMAL,True,2.0,2.0,0.0,3,OPTIMAL,True,3.0,3.0,0.0,1,1,1,2,0,0,1,0,0,2,3,2.5,8,35,35,5,24,5,24,1,2,1,6
6,4,4,8,0.2,0.2,0.1,0,dense,runner_up,0.145161,1,OPTIMAL,True,1.0,1.0,0.0,1,OPTIMAL,True,1.0,1.0,0.0,1,OPTIMAL,True,1.0,1.0,0.0,2,OPTIMAL,True,2.0,2.0,0.0,2,OPTIMAL,True,2.0,2.0,0.0,3,OPTIMAL,True,3.0,3.0,0.0,2,OPTIMAL,True,2.0,2.0,0.0,2,OPTIMAL,True,2.0,2.0,0.0,2,OPTIMAL,True,2.0,2.0,0.0,3,OPTIMAL,True,3.0,3.0,0.0,1,1,1,2,1,1,2,1,1,2,3,2.5,8,35,35,6,31,6,31,1,2,1,5
6,4,4,8,0.2,0.2,0.3,0,dense,runner_up,0.143789,1,OPTIMAL,True,1.0,1.0,0.0,1,OPTIMAL,True,1.0,1.0,0.0,1,OPTIMAL,True,1.0,1.0,0.0,2,OPTIMAL,True,2.0,2.0,0.0,2,OPTIMAL,True,2.0,2.0,0.0,3,OPTIMAL,True,3.0,3.0,0.0,2,OPTIMAL,True,2.0,2.0,0.0,2,OPTIMAL,True,2.0,2.0,0.0,2,OPTIMAL,True,2.0,2.0,0.0,3,OPTIMAL,True,3.0,3.0,0.0,1,1,1,2,0,0,0,0,0,2,3,2.25,8,35,35,3,18,3,18,1,1,1,4
6,4,5,4,0.0,0.0,0.1,0,dense,runner_up,0.127476,3,OPTIMAL,True,3.0,3.0,0.0,3,OPTIMAL,True,3.0,3.0,0.0,3,OPTIMAL,True,3.0,3.0,0.0,3,OPTIMAL,True,3.0,3.0,0.0,3,OPTIMAL,True,3.0,3.0,0.0,3,OPTIMAL,True,3.0,3.0,0.0,3,OPTIMAL,True,3.0,3.0,0.0,3,OPTIMAL,True,3.0,3.0,0.0,3,OPTIMAL,True,3.0,3.0,0.0,3,OPTIMAL,True,3.0,3.0,0.0,3,3,3,3,0,0,2,0,0,3,3,3.0,15,60,60,10,44,10,44,1,2,1,7
6,4,5,4,0.0,0.0,0.3,0,dense,runner_up,0.126136,3,OPTIMAL,True,3.0,3.0,0.0,3,OPTIMAL,True,3.0,3.0,0.0,3,OPTIMAL,True,3.0,3.0,0.0,3,OPTIMAL,True,3.0,3.0,0.0,3,OPTIMAL,True,3.0,3.0,0.0,3,OPTIMAL,True,3.0,3.0,0.0,1,OPTIMAL,True,1.0,1.0,0.0,2,OPTIMAL,True,2.0,2.0,0.0,1,OPTIMAL,True,1.0,1.0,0.0,3,OPTIMAL,True,3.0,3.0,0.0,3,3,3,3,0,0,0,0,0,1,3,2.5,15,60,60,4,29,4,29,1,2,1,5
6,4,5,4,0.0,0.2,0.1,0,dense,runner_up,0.129104,3,OPTIMAL,True,3.0,3.0,0.0,3,OPTIMAL,True,3.0,3.0,0.0,3,OPTIMAL,True,3.0,3.0,0.0,3,OPTIMAL,True,3.0,3.0,0.0,3,OPTIMAL,True,3.0,3.0,0.0,3,OPTIMAL,True,3.0,3.0,0.0,2,OPTIMAL,True,2.0,2.0,0.0,2,OPTIMAL,True,2.0,2.0,0.0,2,OPTIMAL,True,2.0,2.0,0.0,3,OPTIMAL,True,3.0,3.0,0.0,3,3,3,3,0,0,1,0,0,2,3,2.75,15,60,60,6,34,6,34,1,2,1,6
6,4,5,4,0.0,0.2,0.3,0,dense,runner_up,0.125824,3,OPTIMAL,True,3.0,3.0,0.0,3,OPTIMAL,True,3.0,3.0,0.0,3,OPTIMAL,True,3.0,3.0,0.0,3,OPTIMAL,True,3.0,3.0,0.0,3,OPTIMAL,True,3.0,3.0,0.0,3,OPTIMAL,True,3.0,3.0,0.0,1,OPTIMAL,True,1.0,1.0,0.0,2,OPTIMAL,True,2.0,2.0,0.0,1,OPTIMAL,True,1.0,1.0,0.0,3,OPTIMAL,True,3.0,3.0,0.0,3,3,3,3,0,0,0,0,0,1,3,2.25,15,60,60,3,22,3,22,1,1,1,4
6,4,5,4,0.2,0.0,0.1,0,dense,runner_up,0.128249,0,OPTIMAL,True,0.0,0.0,0.0,0,OPTIMAL,True,0.0,0.0,0.0,0,OPTIMAL,True,0.0,0.0,0.0,2,OPTIMAL,True,2.0,2.0,0.0,2,OPTIMAL,True,2.0,2.0,0.0,3,OPTIMAL,True,3.0,3.0,0.0,3,OPTIMAL,True,3.0,3.0,0.0,3,OPTIMAL,True,3.0,3.0,0.0,3,OPTIMAL,True,3.0,3.0,0.0,3,OPTIMAL,True,3.0,3.0,0.0,0,0,0,2,1,1,2,1,1,3,3,3.0,9,43,43,11,49,11,49,2,2,2,8
6,4,5,4,0.2,0.0,0.3,0,dense,runner_up,0.130100,0,OPTIMAL,True,0.0,0.0,0.0,0,OPTIMAL,True,0.0,0.0,0.0,0,OPTIMAL,True,0.0,0.0,0.0,2,OPTIMAL,True,2.0,2.0,0.0,2,OPTIMAL,True,2.0,2.0,0.0,3,OPTIMAL,True,3.0,3.0,0.0,2,OPTIMAL,True,2.0,2.0,0.0,1,OPTIMAL,True,1.0,1.0,0.0,2,OPTIMAL,True,2.0,2.0,0.0,3,OPTIMAL,True,3.0,3.0,0.0,0,0,0,2,0,0,1,0,0,2,3,2.25,9,43,43,6,28,6,28,1,1,1,4
6,4,5,4,0.2,0.2,0.1,0,dense,runner_up,0.129888,0,OPTIMAL,True,0.0,0.0,0.0,0,OPTIMAL,True,0.0,0.0,0.0,0,OPTIMAL,True,0.0,0.0,0.0,2,OPTIMAL,True,2.0,2.0,0.0,2,OPTIMAL,True,2.0,2.0,0.0,3,OPTIMAL,True,3.0,3.0,0.0,3,OPTIMAL,True,3.0,3.0,0.0,3,OPTIMAL,True,3.0,3.0,0.0,3,OPTIMAL,True,3.0,3.0,0.0,3,OPTIMAL,True,3.0,3.0,0.0,0,0,0,2,0,0,2,0,0,3,3,3.0,9,43,43,7,40,7,40,1,2,1,5
6,4,5,4,0.2,0.2,0.3,0,dense,runner_up,0.124139,0,OPTIMAL,True,0.0,0.0,0.0,0,OPTIMAL,True,0.0,0.0,0.0,0,OPTIMAL,True,0.0,0.0,0.0,2,OPTIMAL,True,2.0,2.0,0.0,2,OPTIMAL,True,2.0,2.0,0.0,3,OPTIMAL,True,3.0,3.0,0.0,1,OPTIMAL,True,1.0,1.0,0.0,1,OPTIMAL,True,1.0,1.0,0.0,1,OPTIMAL,True,1.0,1.0,0.0,3,OPTIMAL,True,3.0,3.0,0.0,0,0,0,2,0,0,1,0,0,1,3,2.0,9,43,43,4,22,4,22,1,1,1,4
6,4,5,6,0.0,0.0,0.1,0,dense,runner_up,0.139432,3,OPTIMAL,True,3.0,3.0,0.0,3,OPTIMAL,True,3.0,3.0,0.0,3,OPTIMAL,True,3.0,3.0,0.0,3,OPTIMAL,True,3.0,3.0,0.0,3,OPTIMAL,True,3.0,3.0,0.0,3,OPTIMAL,True,3.0,3.0,0.0,3,OPTIMAL,True,3.0,3.0,0.0,3,OPTIMAL,True,3.0,3.0,0.0,3,OPTIMAL,True,3.0,3.0,0.0,3,OPTIMAL,True,3.0,3.0,0.0,3,3,3,3,0,0,2,0,0,3,3,3.0,15,60,60,10,44,10,44,1,2,1,7
6,4,5,6,0.0,0.0,0.3,0,dense,runner_up,0.133773,3,OPTIMAL,True,3.0,3.0,0.0,3,OPTIMAL,True,3.0,3.0,0.0,3,OPTIMAL,True,3.0,3.0,0.0,3,OPTIMAL,True,3.0,3.0,0.0,3,OPTIMAL,True,3.0,3.0,0.0,3,OPTIMAL,True,3.0,3.0,0.0,1,OPTIMAL,True,1.0,1.0,0.0,2,OPTIMAL,True,2.0,2.0,0.0,1,OPTIMAL,True,1.0,1.0,0.0,3,OPTIMAL,True,3.0,3.0,0.0,3,3,3,3,0,0,0,0,0,1,3,2.5,15,60,60,4,29,4,29,1,2,1,5
6,4,5,6,0.0,0.2,0.1,0,dense,runner_up,0.137308,3,OPTIMAL,True,3.0,3.0,0.0,3,OPTIMAL,True,3.0,3.0,0.0,3,OPTIMAL,True,3.0,3.0,0.0,3,OPTIMAL,True,3.0,3.0,0.0,3,OPTIMAL,True,3.0,3.0,0.0,3,OPTIMAL,True,3.0,3.0,0.0,2,OPTIMAL,True,2.0,2.0,0.0,2,OPTIMAL,True,2.0,2.0,0.0,2,OPTIMAL,True,2.0,2.0,0.0,3,OPTIMAL,True,3.0,3.0,0.0,3,3,3,3,0,0,1,0,0,2,3,2.75,15,60,60,8,36,8,36,1,2,1,6
6,4,5,6,0.0,0.2,0.3,0,dense,runner_up,0.134039,3,OPTIMAL,True,3.0,3.0,0.0,3,OPTIMAL,True,3.0,3.0,0.0,3,OPTIMAL,True,3.0,3.0,0.0,3,OPTIMAL,True,3.0,3.0,0.0,3,OPTIMAL,True,3.0,3.0,0.0,3,OPTIMAL,True,3.0,3.0,0.0,1,OPTIMAL,True,1.0,1.0,0.0,2,OPTIMAL,True,2.0,2.0,0.0,1,OPTIMAL,True,1.0,1.0,0.0,3,OPTIMAL,True,3.0,3.0,0.0,3,3,3,3,0,0,0,0,0,1,3,2.25,15,60,60,3,23,3,23,1,1,1,4
6,4,5,6,0.2,0.0,0.1,0,dense,runner_up,0.140255,0,OPTIMAL,True,0.0,0.0,0.0,0,OPTIMAL,True,0.0,0.0,0.0,0,OPTIMAL,True,0.0,0.0,0.0,2,OPTIMAL,True,2.0,2.0,0.0,2,OPTIMAL,True,2.0,2.0,0.0,3,OPTIMAL,True,3.0,3.0,0.0,3,OPTIMAL,True,3.0,3.0,0.0,3,OPTIMAL,True,3.0,3.0,0.0,3,OPTIMAL,True,3.0,3.0,0.0,3,OPTIMAL,True,3.0,3.0,0.0,0,0,0,2,1,1,2,1,1,3,3,3.0,9,45,45,11,49,11,49,2,2,2,8
6,4,5,6,0.2,0.0,0.3,0,dense,runner_up,0.140407,0,OPTIMAL,True,0.0,0.0,0.0,0,OPTIMAL,True,0.0,0.0,0.0,0,OPTIMAL,True,0.0,0.0,0.0,2,OPTIMAL,True,2.0,2.0,0.0,2,OPTIMAL,True,2.0,2.0,0.0,3,OPTIMAL,True,3.0,3.0,0.0,2,OPTIMAL,True,2.0,2.0,0.0,1,OPTIMAL,True,1.0,1.0,0.0,2,OPTIMAL,True,2.0,2.0,0.0,3,OPTIMAL,True,3.0,3.0,0.0,0,0,0,2,0,0,1,0,0,2,3,2.25,9,45,45,6,28,6,28,1,1,1,4
6,4,5,6,0.2,0.2,0.1,0,dense,runner_up,0.139724,0,OPTIMAL,True,0.0,0.0,0.0,0,OPTIMAL,True,0.0,0.0,0.0,0,OPTIMAL,True,0.0,0.0,0.0,2,OPTIMAL,True,2.0,2.0,0.0,2,OPTIMAL,True,2.0,2.0,0.0,3,OPTIMAL,True,3.0,3.0,0.0,3,OPTIMAL,True,3.0,3.0,0.0,3,OPTIMAL,True,3.0,3.0,0.0,3,OPTIMAL,True,3.0,3.0,0.0,3,OPTIMAL,True,3.0,3.0,0.0,0,0,0,2,0,0,2,0,0,3,3,3.0,9,45,45,8,42,8,42,1,2,1,5
6,4,5,6,0.2,0.2,0.3,0,dense,runner_up,0.135639,0,OPTIMAL,True,0.0,0.0,0.0,0,OPTIMAL,True,0.0,0.0,0.0,0,OPTIMAL,True,0.0,0.0,0.0,2,OPTIMAL,True,2.0,2.0,0.0,2,OPTIMAL,True,2.0,2.0,0.0,3,OPTIMAL,True,3.0,3.0,0.0,1,OPTIMAL,True,1.0,1.0,0.0,1,OPTIMAL,True,1.0,1.0,0.0,1,OPTIMAL,True,1.0,1.0,0.0,3,OPTIMAL,True,3.0,3.0,0.0,0,0,0,2,0,0,1,0,0,1,3,2.0,9,45,45,4,23,4,23,1,1,1,4
6,4,5,8,0.0,0.0,0.1,0,dense,runner_up,0.143202,3,OPTIMAL,True,3.0,3.0,0.0,3,OPTIMAL,True,3.0,3.0,0.0,3,OPTIMAL,True,3.0,3.0,0.0,3,OPTIMAL,True,3.0,3.0,0.0,3,OPTIMAL,True,3.0,3.0,0.0,3,OPTIMAL,True,3.0,3.0,0.0,3,OPTIMAL,True,3.0,3.0,0.0,3,OPTIMAL,True,3.0,3.0,0.0,3,OPTIMAL,True,3.0,3.0,0.0,3,OPTIMAL,True,3.0,3.0,0.0,3,3,3,3,0,0,2,0,0,3,3,3.0,15,60,60,10,44,10,44,1,2,1,7
6,4,5,8,0.0,0.0,0.3,0,dense,runner_up,0.141865,3,OPTIMAL,True,3.0,3.0,0.0,3,OPTIMAL,True,3.0,3.0,0.0,3,OPTIMAL,True,3.0,3.0,0.0,3,OPTIMAL,True,3.0,3.0,0.0,3,OPTIMAL,True,3.0,3.0,0.0,3,OPTIMAL,True,3.0,3.0,0.0,1,OPTIMAL,True,1.0,1.0,0.0,2,OPTIMAL,True,2.0,2.0,0.0,1,OPTIMAL,True,1.0,1.0,0.0,3,OPTIMAL,True,3.0,3.0,0.0,3,3,3,3,0,0,0,0,0,1,3,2.5,15,60,60,4,29,4,29,1,2,1,5
6,4,5,8,0.0,0.2,0.1,0,dense,runner_up,0.146949,3,OPTIMAL,True,3.0,3.0,0.0,3,OPTIMAL,True,3.0,3.0,0.0,3,OPTIMAL,True,3.0,3.0,0.0,3,OPTIMAL,True,3.0,3.0,0.0,3,OPTIMAL,True,3.0,3.0,0.0,3,OPTIMAL,True,3.0,3.0,0.0,2,OPTIMAL,True,2.0,2.0,0.0,3,OPTIMAL,True,3.0,3.0,0.0,2,OPTIMAL,True,2.0,2.0,0.0,3,OPTIMAL,True,3.0,3.0,0.0,3,3,3,3,0,0,1,0,0,2,3,2.75,15,60,60,8,36,8,36,1,2,1,6
6,4,5,8,0.0,0.2,0.3,0,dense,runner_up,0.142586,3,OPTIMAL,True,3.0,3.0,0.0,3,OPTIMAL,True,3.0,3.0,0.0,3,OPTIMAL,True,3.0,3.0,0.0,3,OPTIMAL,True,3.0,3.0,0.0,3,OPTIMAL,True,3.0,3.0,0.0,3,OPTIMAL,True,3.0,3.0,0.0,1,OPTIMAL,True,1.0,1.0,0.0,2,OPTIMAL,True,2.0,2.0,0.0,1,OPTIMAL,True,1.0,1.0,0.0,3,OPTIMAL,True,3.0,3.0,0.0,3,3,3,3,0,0,0,0,0,1,3,2.25,15,60,60,3,23,3,23,1,1,1,4
6,4,5,8,0.2,0.0,0.1,0,dense,runner_up,0.146045,0,OPTIMAL,True,0.0,0.0,0.0,0,OPTIMAL,True,0.0,0.0,0.0,0,OPTIMAL,True,0.0,0.0,0.0,2,OPTIMAL,True,2.0,2.0,0.0,2,OPTIMAL,True,2.0,2.0,0.0,3,OPTIMAL,True,3.0,3.0,0.0,3,OPTIMAL,True,3.0,3.0,0.0,3,OPTIMAL,True,3.0,3.0,0.0,3,OPTIMAL,True,3.0,3.0,0.0,3,OPTIMAL,True,3.0,3.0,0.0,0,0,0,2,1,1,2,1,1,3,3,3.0,10,46,46,11,49,11,49,2,2,2,8
6,4,5,8,0.2,0.0,0.3,0,dense,runner_up,0.149144,0,OPTIMAL,True,0.0,0.0,0.0,0,OPTIMAL,True,0.0,0.0,0.0,0,OPTIMAL,True,0.0,0.0,0.0,2,OPTIMAL,True,2.0,2.0,0.0,2,OPTIMAL,True,2.0,2.0,0.0,3,OPTIMAL,True,3.0,3.0,0.0,2,OPTIMAL,True,2.0,2.0,0.0,1,OPTIMAL,True,1.0,1.0,0.0,2,OPTIMAL,True,2.0,2.0,0.0,3,OPTIMAL,True,3.0,3.0,0.0,0,0,0,2,0,0,1,0,0,2,3,2.25,10,46,46,6,28,6,28,1,1,1,4
6,4,5,8,0.2,0.2,0.1,0,dense,runner_up,0.147134,0,OPTIMAL,True,0.0,0.0,0.0,0,OPTIMAL,True,0.0,0.0,0.0,0,OPTIMAL,True,0.0,0.0,0.0,2,OPTIMAL,True,2.0,2.0,0.0,2,OPTIMAL,True,2.0,2.0,0.0,3,OPTIMAL,True,3.0,3.0,0.0,3,OPTIMAL,True,3.0,3.0,0.0,3,OPTIMAL,True,3.0,3.0,0.0,3,OPTIMAL,True,3.0,3.0,0.0,3,OPTIMAL,True,3.0,3.0,0.0,0,0,0,2,0,0,2,0,0,3,3,3.0,10,46,46,8,41,8,41,1,2,1,5
6,4,5,8,0.2,0.2,0.3,0,dense,runner_up,0.145130,0,OPTIMAL,True,0.0,0.0,0.0,0,OPTIMAL,True,0.0,0.0,0.0,0,OPTIMAL,True,0.0,0.0,0.0,2,OPTIMAL,True,2.0,2.0,0.0,2,OPTIMAL,True,2.0,2.0,0.0,3,OPTIMAL,True,3.0,3.0,0.0,1,OPTIMAL,True,1.0,1.0,0.0,1,OPTIMAL,True,1.0,1.0,0.0,1,OPTIMAL,True,1.0,1.0,0.0,3,OPTIMAL,True,3.0,3.0,0.0,0,0,0,2,0,0,1,0,0,1,3,2.0,10,46,46,4,23,4,23,1,1,1,4
8,2,2,4,0.0,0.0,0.1,0,dense,runner_up,0.098780,4,OPTIMAL,True,4.0,4.0,0.0,4,OPTIMAL,True,4.0,4.0,0.0,4,OPTIMAL,True,4.0,4.0,0.0,4,OPTIMAL,True,4.0,4.0,0.0,4,OPTIMAL,True,4.0,4.0,0.0,4,OPTIMAL,True,4.0,4.0,0.0,3,OPTIMAL,True,3.0,3.0,0.0,4,OPTIMAL,True,4.0,4.0,0.0,3,OPTIMAL,True,3.0,3.0,0.0,4,OPTIMAL,True,4.0,4.0,0.0,4,4,4,4,2,2,4,2,2,3,4,3.5,8,16,16,5,13,5,13,3,4,3,7
8,2,2,4,0.0,0.0,0.3,0,dense,runner_up,0.098489,4,OPTIMAL,True,4.0,4.0,0.0,4,OPTIMAL,True,4.0,4.0,0.0,4,OPTIMAL,True,4.0,4.0,0.0,4,OPTIMAL,True,4.0,4.0,0.0,4,OPTIMAL,True,4.0,4.0,0.0,4,OPTIMAL,True,4.0,4.0,0.0,2,OPTIMAL,True,2.0,2.0,0.0,1,OPTIMAL,True,1.0,1.0,0.0,2,OPTIMAL,True,2.0,2.0,0.0,4,OPTIMAL,True,4.0,4.0,0.0,4,4,4,4,0,0,1,0,0,2,4,3.0,8,16,16,2,7,2,7,2,3,2,5
8,2,2,4,0.0,0.2,0.1,0,dense,runner_up,0.098652,4,OPTIMAL,True,4.0,4.0,0.0,4,OPTIMAL,True,4.0,4.0,0.0,4,OPTIMAL,True,4.0,4.0,0.0,4,OPTIMAL,True,4.0,4.0,0.0,4,OPTIMAL,True,4.0,4.0,0.0,4,OPTIMAL,True,4.0,4.0,0.0,2,OPTIMAL,True,2.0,2.0,0.0,3,OPTIMAL,True,3.0,3.0,0.0,2,OPTIMAL,True,2.0,2.0,0.0,4,OPTIMAL,True,4.0,4.0,0.0,4,4,4,4,0,0,3,0,0,2,4,3.0,8,16,16,2,9,2,9,2,3,2,5
8,2,2,4,0.0,0.2,0.3,0,dense,runner_up,0.097541,4,OPTIMAL,True,4.0,4.0,0.0,4,OPTIMAL,True,4.0,4.0,0.0,4,OPTIMAL,True,4.0,4.0,0.0,4,OPTIMAL,True,4.0,4.0,0.0,4,OPTIMAL,True,4.0,4.0,0.0,4,OPTIMAL,True,4.0,4.0,0.0,1,OPTIMAL,True,1.0,1.0,0.0,1,OPTIMAL,True,1.0,1.0,0.0,1,OPTIMAL,True,1.0,1.0,0.0,3,OPTIMAL,True,3.0,3.0,0.0,4,4,4,4,0,0,1,0,0,1,3,2.0,8,16,16,1,5,1,5,1,2,1,3
8,2,2,4,0.2,0.0,0.1,0,dense,runner_up,0.103560,2,OPTIMAL,True,2.0,2.0,0.0,2,OPTIMAL,True,2.0,2.0,0.0,2,OPTIMAL,True,2.0,2.0,0.0,3,OPTIMAL,True,3.0,3.0,0.0,3,OPTIMAL,True,3.0,3.0,0.0,3,OPTIMAL,True,3.0,3.0,0.0,2,OPTIMAL,True,2.0,2.0,0.0,3,OPTIMAL,True,3.0,3.0,0.0,2,OPTIMAL,True,2.0,2.0,0.0,4,OPTIMAL,True,4.0,4.0,0.0,2,2,2,3,2,2,3,2,2,2,4,3.0,5,11,11,4,11,4,11,2,4,2,6
8,2,2,4,0.2,0.0,0.3,0,dense,runner_up,0.100568,2,OPTIMAL,True,2.0,2.0,0.0,2,OPTIMAL,True,2.0,2.0,0.0,2,OPTIMAL,True,2.0,2.0,0.0,3,OPTIMAL,True,3.0,3.0,0.0,3,OPTIMAL,True,3.0,3.0,0.0,3,OPTIMAL,True,3.0,3.0,0.0,1,OPTIMAL,True,1.0,1.0,0.0,1,OPTIMAL,True,1.0,1.0,0.0,1,OPTIMAL,True,1.0,1.0,0.0,3,OPTIMAL,True,3.0,3.0,0.0,2,2,2,3,0,0,1,0,0,1,3,2.0,5,11,11,1,5,1,5,1,3,1,4
8,2,2,4,0.2,0.2,0.1,0,dense,runner_up,0.099218,2,OPTIMAL,True,2.0,2.0,0.0,2,OPTIMAL,True,2.0,2.0,0.0,2,OPTIMAL,True,2.0,2.0,0.0,3,OPTIMAL,True,3.0,3.0,0.0,3,OPTIMAL,True,3.0,3.0,0.0,3,OPTIMAL,True,3.0,3.0,0.0,1,OPTIMAL,True,1.0,1.0,0.0,2,OPTIMAL,True,2.0,2.0,0.0,1,OPTIMAL,True,1.0,1.0,0.0,4,OPTIMAL,True,4.0,4.0,0.0,2,2,2,3,0,0,2,0,0,1,4,2.5,5,11,11,1,7,1,7,1,3,1,4
8,2,2,4,0.2,0.2,0.3,0,dense,runner_up,0.102877,2,OPTIMAL,True,2.0,2.0,0.0,2,OPTIMAL,True,2.0,2.0,0.0,2,OPTIMAL,True,2.0,2.0,0.0,3,OPTIMAL,True,3.0,3.0,0.0,3,OPTIMAL,True,3.0,3.0,0.0,3,OPTIMAL,True,3.0,3.0,0.0,0,OPTIMAL,True,0.0,0.0,0.0,1,OPTIMAL,True,1.0,1.0,0.0,0,OPTIMAL,True,0.0,0.0,0.0,2,OPTIMAL,True,2.0,2.0,0.0,2,2,2,3,0,0,1,0,0,0,2,1.0,5,11,11,0,3,0,3,1,2,1,3
8,2,2,6,0.0,0.0,0.1,0,dense,runner_up,0.098913,4,OPTIMAL,True,4.0,4.0,0.0,4,OPTIMAL,True,4.0,4.0,0.0,4,OPTIMAL,True,4.0,4.0,0.0,4,OPTIMAL,True,4.0,4.0,0.0,4,OPTIMAL,True,4.0,4.0,0.0,4,OPTIMAL,True,4.0,4.0,0.0,3,OPTIMAL,True,3.0,3.0,0.0,4,OPTIMAL,True,4.0,4.0,0.0,3,OPTIMAL,True,3.0,3.0,0.0,4,OPTIMAL,True,4.0,4.0,0.0,4,4,4,4,2,2,4,2,2,3,4,3.5,8,16,16,5,13,5,13,3,4,3,7
8,2,2,6,0.0,0.0,0.3,0,dense,runner_up,0.098678,4,OPTIMAL,True,4.0,4.0,0.0,4,OPTIMAL,True,4.0,4.0,0.0,4,OPTIMAL,True,4.0,4.0,0.0,4,OPTIMAL,True,4.0,4.0,0.0,4,OPTIMAL,True,4.0,4.0,0.0,4,OPTIMAL,True,4.0,4.0,0.0,2,OPTIMAL,True,2.0,2.0,0.0,1,OPTIMAL,True,1.0,1.0,0.0,2,OPTIMAL,True,2.0,2.0,0.0,4,OPTIMAL,True,4.0,4.0,0.0,4,4,4,4,0,0,1,0,0,2,4,3.0,8,16,16,2,7,2,7,2,3,2,5
8,2,2,6,0.0,0.2,0.1,0,dense,runner_up,0.099086,4,OPTIMAL,True,4.0,4.0,0.0,4,OPTIMAL,True,4.0,4.0,0.0,4,OPTIMAL,True,4.0,4.0,0.0,4,OPTIMAL,True,4.0,4.0,0.0,4,OPTIMAL,True,4.0,4.0,0.0,4,OPTIMAL,True,4.0,4.0,0.0,2,OPTIMAL,True,2.0,2.0,0.0,3,OPTIMAL,True,3.0,3.0,0.0,2,OPTIMAL,True,2.0,2.0,0.0,4,OPTIMAL,True,4.0,4.0,0.0,4,4,4,4,1,1,3,1,1,2,4,3.0,8,16,16,3,10,3,10,2,3,2,5
8,2,2,6,0.0,0.2,0.3,0,dense,runner_up,0.099357,4,OPTIMAL,True,4.0,4.0,0.0,4,OPTIMAL,True,4.0,4.0,0.0,4,OPTIMAL,True,4.0,4.0,0.0,4,OPTIMAL,True,4.0,4.0,0.0,4,OPTIMAL,True,4.0,4.0,0.0,4,OPTIMAL,True,4.0,4.0,0.0,1,OPTIMAL,True,1.0,1.0,0.0,1,OPTIMAL,True,1.0,1.0,0.0,1,OPTIMAL,True,1.0,1.0,0.0,3,OPTIMAL,True,3.0,3.0,0.0,4,4,4,4,0,0,1,0,0,1,3,2.0,8,16,16,1,5,1,5,1,2,1,3
8,2,2,6,0.2,0.0,0.1,0,dense,runner_up,0.102392,2,OPTIMAL,True,2.0,2.0,0.0,2,OPTIMAL,True,2.0,2.0,0.0,2,OPTIMAL,True,2.0,2.0,0.0,3,OPTIMAL,True,3.0,3.0,0.0,3,OPTIMAL,True,3.0,3.0,0.0,3,OPTIMAL,True,3.0,3.0,0.0,2,OPTIMAL,True,2.0,2.0,0.0,3,OPTIMAL,True,3.0,3.0,0.0,2,OPTIMAL,True,2.0,2.0,0.0,4,OPTIMAL,True,4.0,4.0,0.0,2,2,2,3,2,2,3,2,2,2,4,3.0,5,11,11,4,11,4,11,2,4,2,6
8,2,2,6,0.2,0.0,0.3,0,dense,runner_up,0.103129,2,OPTIMAL,True,2.0,2.0,0.0,2,OPTIMAL,True,2.0,2.0,0.0,2,OPTIMAL,True,2.0,2.0,0.0,3,OPTIMAL,True,3.0,3.0,0.0,3,OPTIMAL,True,3.0,3.0,0.0,3,OPTIMAL,True,3.0,3.0,0.0,1,OPTIMAL,True,1.0,1.0,0.0,1,OPTIMAL,True,1.0,1.0,0.0,1,OPTIMAL,True,1.0,1.0,0.0,3,OPTIMAL,True,3.0,3.0,0.0,2,2,2,3,0,0,1,0,0,1,3,2.0,5,11,11,1,5,1,5,1,3,1,4
8,2,2,6,0.2,0.2,0.1,0,dense,runner_up,0.107378,2,OPTIMAL,True,2.0,2.0,0.0,2,OPTIMAL,True,2.0,2.0,0.0,2,OPTIMAL,True,2.0,2.0,0.0,3,OPTIMAL,True,3.0,3.0,0.0,3,OPTIMAL,True,3.0,3.0,0.0,3,OPTIMAL,True,3.0,3.0,0.0,1,OPTIMAL,True,1.0,1.0,0.0,2,OPTIMAL,True,2.0,2.0,0.0,1,OPTIMAL,True,1.0,1.0,0.0,4,OPTIMAL,True,4.0,4.0,0.0,2,2,2,3,1,1,2,1,1,1,4,2.5,5,11,11,2,8,2,8,2,3,2,5
8,2,2,6,0.2,0.2,0.3,0,dense,runner_up,0.101034,2,OPTIMAL,True,2.0,2.0,0.0,2,OPTIMAL,True,2.0,2.0,0.0,2,OPTIMAL,True,2.0,2.0,0.0,3,OPTIMAL,True,3.0,3.0,0.0,3,OPTIMAL,True,3.0,3.0,0.0,3,OPTIMAL,True,3.0,3.0,0.0,0,OPTIMAL,True,0.0,0.0,0.0,1,OPTIMAL,True,1.0,1.0,0.0,0,OPTIMAL,True,0.0,0.0,0.0,2,OPTIMAL,True,2.0,2.0,0.0,2,2,2,3,0,0,1,0,0,0,2,1.0,5,11,11,0,3,0,3,1,2,1,3
8,2,2,8,0.0,0.0,0.1,0,dense,runner_up,0.100563,4,OPTIMAL,True,4.0,4.0,0.0,4,OPTIMAL,True,4.0,4.0,0.0,4,OPTIMAL,True,4.0,4.0,0.0,4,OPTIMAL,True,4.0,4.0,0.0,4,OPTIMAL,True,4.0,4.0,0.0,4,OPTIMAL,True,4.0,4.0,0.0,3,OPTIMAL,True,3.0,3.0,0.0,4,OPTIMAL,True,4.0,4.0,0.0,3,OPTIMAL,True,3.0,3.0,0.0,4,OPTIMAL,True,4.0,4.0,0.0,4,4,4,4,2,2,4,2,2,3,4,3.5,8,16,16,5,13,5,13,3,4,3,7
8,2,2,8,0.0,0.0,0.3,0,dense,runner_up,0.101509,4,OPTIMAL,True,4.0,4.0,0.0,4,OPTIMAL,True,4.0,4.0,0.0,4,OPTIMAL,True,4.0,4.0,0.0,4,OPTIMAL,True,4.0,4.0,0.0,4,OPTIMAL,True,4.0,4.0,0.0,4,OPTIMAL,True,4.0,4.0,0.0,2,OPTIMAL,True,2.0,2.0,0.0,1,OPTIMAL,True,1.0,1.0,0.0,2,OPTIMAL,True,2.0,2.0,0.0,4,OPTIMAL,True,4.0,4.0,0.0,4,4,4,4,0,0,1,0,0,2,4,3.0,8,16,16,2,7,2,7,2,3,2,5
8,2,2,8,0.0,0.2,0.1,0,dense,runner_up,0.101327,4,OPTIMAL,True,4.0,4.0,0.0,4,OPTIMAL,True,4.0,4.0,0.0,4,OPTIMAL,True,4.0,4.0,0.0,4,OPTIMAL,True,4.0,4.0,0.0,4,OPTIMAL,True,4.0,4.0,0.0,4,OPTIMAL,True,4.0,4.0,0.0,2,OPTIMAL,True,2.0,2.0,0.0,3,OPTIMAL,True,3.0,3.0,0.0,2,OPTIMAL,True,2.0,2.0,0.0,4,OPTIMAL,True,4.0,4.0,0.0,4,4,4,4,1,1,3,1,1,2,4,3.0,8,16,16,3,10,3,10,2,3,2,5
8,2,2,8,0.0,0.2,0.3,0,dense,runner_up,0.100449,4,OPTIMAL,True,4.0,4.0,0.0,4,OPTIMAL,True,4.0,4.0,0.0,4,OPTIMAL,True,4.0,4.0,0.0,4,OPTIMAL,True,4.0,4.0,0.0,4,OPTIMAL,True,4.0,4.0,0.0,4,OPTIMAL,True,4.0,4.0,0.0,1,OPTIMAL,True,1.0,1.0,0.0,1,OPTIMAL,True,1.0,1.0,0.0,1,OPTIMAL,True,1.0,1.0,0.0,3,OPTIMAL,True,3.0,3.0,0.0,4,4,4,4,0,0,1,0,0,1,3,2.0,8,16,16,1,5,1,5,1,2,1,3
8,2,2,8,0.2,0.0,0.1,0,dense,runner_up,0.104029,2,OPTIMAL,True,2.0,2.0,0.0,2,OPTIMAL,True,2.0,2.0,0.0,2,OPTIMAL,True,2.0,2.0,0.0,3,OPTIMAL,True,3.0,3.0,0.0,3,OPTIMAL,True,3.0,3.0,0.0,3,OPTIMAL,True,3.0,3.0,0.0,2,OPTIMAL,True,2.0,2.0,0.0,3,OPTIMAL,True,3.0,3.0,0.0,2,OPTIMAL,True,2.0,2.0,0.0,4,OPTIMAL,True,4.0,4.0,0.0,2,2,2,3,2,2,3,2,2,2,4,3.0,5,11,11,4,11,4,11,2,4,2,6
8,2,2,8,0.2,0.0,0.3,0,dense,runner_up,0.104355,2,OPTIMAL,True,2.0,2.0,0.0,2,OPTIMAL,True,2.0,2.0,0.0,2,OPTIMAL,True,2.0,2.0,0.0,3,OPTIMAL,True,3.0,3.0,0.0,3,OPTIMAL,True,3.0,3.0,0.0,3,OPTIMAL,True,3.0,3.0,0.0,1,OPTIMAL,True,1.0,1.0,0.0,1,OPTIMAL,True,1.0,1.0,0.0,1,OPTIMAL,True,1.0,1.0,0.0,3,OPTIMAL,True,3.0,3.0,0.0,2,2,2,3,0,0,1,0,0,1,3,2.0,5,11,11,1,5,1,5,1,3,1,4
8,2,2,8,0.2,0.2,0.1,0,dense,runner_up,0.105911,2,OPTIMAL,True,2.0,2.0,0.0,2,OPTIMAL,True,2.0,2.0,0.0,2,OPTIMAL,True,2.0,2.0,0.0,3,OPTIMAL,True,3.0,3.0,0.0,3,OPTIMAL,True,3.0,3.0,0.0,3,OPTIMAL,True,3.0,3.0,0.0,1,OPTIMAL,True,1.0,1.0,0.0,2,OPTIMAL,True,2.0,2.0,0.0,1,OPTIMAL,True,1.0,1.0,0.0,4,OPTIMAL,True,4.0,4.0,0.0,2,2,2,3,1,1,2,1,1,1,4,2.5,5,11,11,2,8,2,8,2,3,2,5
8,2,2,8,0.2,0.2,0.3,0,dense,runner_up,0.103982,2,OPTIMAL,True,2.0,2.0,0.0,2,OPTIMAL,True,2.0,2.0,0.0,2,OPTIMAL,True,2.0,2.0,0.0,3,OPTIMAL,True,3.0,3.0,0.0,3,OPTIMAL,True,3.0,3.0,0.0,3,OPTIMAL,True,3.0,3.0,0.0,0,OPTIMAL,True,0.0,0.0,0.0,1,OPTIMAL,True,1.0,1.0,0.0,0,OPTIMAL,True,0.0,0.0,0.0,2,OPTIMAL,True,2.0,2.0,0.0,2,2,2,3,0,0,1,0,0,0,2,1.0,5,11,11,0,3,0,3,1,2,1,3
8,2,3,4,0.0,0.0,0.1,0,dense,runner_up,0.102342,4,OPTIMAL,True,4.0,4.0,0.0,4,OPTIMAL,True,4.0,4.0,0.0,4,OPTIMAL,True,4.0,4.0,0.0,4,OPTIMAL,True,4.0,4.0,0.0,4,OPTIMAL,True,4.0,4.0,0.0,4,OPTIMAL,True,4.0,4.0,0.0,4,OPTIMAL,True,4.0,4.0,0.0,3,OPTIMAL,True,3.0,3.0,0.0,4,OPTIMAL,True,4.0,4.0,0.0,4,OPTIMAL,True,4.0,4.0,0.0,4,4,4,4,2,2,3,2,2,4,4,4.0,12,24,24,9,19,9,19,3,3,3,6
8,2,3,4,0.0,0.0,0.3,0,dense,runner_up,0.108203,4,OPTIMAL,True,4.0,4.0,0.0,4,OPTIMAL,True,4.0,4.0,0.0,4,OPTIMAL,True,4.0,4.0,0.0,4,OPTIMAL,True,4.0,4.0,0.0,4,OPTIMAL,True,4.0,4.0,0.0,4,OPTIMAL,True,4.0,4.0,0.0,3,OPTIMAL,True,3.0,3.0,0.0,2,OPTIMAL,True,2.0,2.0,0.0,3,OPTIMAL,True,3.0,3.0,0.0,3,OPTIMAL,True,3.0,3.0,0.0,4,4,4,4,0,0,1,0,0,3,3,3.0,12,24,24,5,11,5,11,2,2,2,4
8,2,3,4,0.0,0.2,0.1,0,dense,runner_up,0.107805,4,OPTIMAL,True,4.0,4.0,0.0,4,OPTIMAL,True,4.0,4.0,0.0,4,OPTIMAL,True,4.0,4.0,0.0,4,OPTIMAL,True,4.0,4.0,0.0,4,OPTIMAL,True,4.0,4.0,0.0,4,OPTIMAL,True,4.0,4.0,0.0,3,OPTIMAL,True,3.0,3.0,0.0,2,OPTIMAL,True,2.0,2.0,0.0,3,OPTIMAL,True,3.0,3.0,0.0,4,OPTIMAL,True,4.0,4.0,0.0,4,4,4,4,2,2,2,2,2,3,4,3.5,12,24,24,8,16,8,16,2,3,2,5
8,2,3,4,0.0,0.2,0.3,0,dense,runner_up,0.119866,4,OPTIMAL,True,4.0,4.0,0.0,4,OPTIMAL,True,4.0,4.0,0.0,4,OPTIMAL,True,4.0,4.0,0.0,4,OPTIMAL,True,4.0,4.0,0.0,4,OPTIMAL,True,4.0,4.0,0.0,4,OPTIMAL,True,4.0,4.0,0.0,2,OPTIMAL,True,2.0,2.0,0.0,1,OPTIMAL,True,1.0,1.0,0.0,2,OPTIMAL,True,2.0,2.0,0.0,3,OPTIMAL,True,3.0,3.0,0.0,4,4,4,4,0,0,1,0,0,2,3,2.5,12,24,24,4,9,4,9,2,2,2,4
8,2,3,4,0.2,0.0,0.1,0,dense,runner_up,0.113078,2,OPTIMAL,True,2.0,2.0,0.0,2,OPTIMAL,True,2.0,2.0,0.0,2,OPTIMAL,True,2.0,2.0,0.0,3,OPTIMAL,True,3.0,3.0,0.0,3,OPTIMAL,True,3.0,3.0,0.0,4,OPTIMAL,True,4.0,4.0,0.0,4,OPTIMAL,True,4.0,4.0,0.0,3,OPTIMAL,True,3.0,3.0,0.0,4,OPTIMAL,True,4.0,4.0,0.0,4,OPTIMAL,True,4.0,4.0,0.0,2,2,2,3,2,2,3,2,2,4,4,4.0,9,18,18,9,20,9,20,3,4,3,7
8,2,3,4,0.2,0.0,0.3,0,dense,runner_up,0.117912,2,OPTIMAL,True,2.0,2.0,0.0,2,OPTIMAL,True,2.0,2.0,0.0,2,OPTIMAL,True,2.0,2.0,0.0,3,OPTIMAL,True,3.0,3.0,0.0,3,OPTIMAL,True,3.0,3.0,0.0,4,OPTIMAL,True,4.0,4.0,0.0,3,OPTIMAL,True,3.0,3.0,0.0,2,OPTIMAL,True,2.0,2.0,0.0,3,OPTIMAL,True,3.0,3.0,0.0,3,OPTIMAL,True,3.0,3.0,0.0,2,2,2,3,1,1,2,1,1,3,3,3.0,9,18,18,6,13,6,13,2,2,2,4
8,2,3,4,0.2,0.2,0.1,0,dense,runner_up,0.116925,2,OPTIMAL,True,2.0,2.0,0.0,2,OPTIMAL,True,2.0,2.0,0.0,2,OPTIMAL,True,2.0,2.0,0.0,3,OPTIMAL,True,3.0,3.0,0.0,3,OPTIMAL,True,3.0,3.0,0.0,4,OPTIMAL,True,4.0,4.0,0.0,3,OPTIMAL,True,3.0,3.0,0.0,2,OPTIMAL,True,2.0,2.0,0.0,3,OPTIMAL,True,3.0,3.0,0.0,4,OPTIMAL,True,4.0,4.0,0.0,2,2,2,3,0,0,2,0,0,3,4,3.5,9,18,18,5,15,5,15,1,2,1,3
8,2,3,4,0.2,0.2,0.3,0,dense,runner_up,0.116569,2,OPTIMAL,True,2.0,2.0,0.0,2,OPTIMAL,True,2.0,2.0,0.0,2,OPTIMAL,True,2.0,2.0,0.0,3,OPTIMAL,True,3.0,3.0,0.0,3,OPTIMAL,True,3.0,3.0,0.0,4,OPTIMAL,True,4.0,4.0,0.0,2,OPTIMAL,True,2.0,2.0,0.0,2,OPTIMAL,True,2.0,2.0,0.0,2,OPTIMAL,True,2.0,2.0,0.0,2,OPTIMAL,True,2.0,2.0,0.0,2,2,2,3,0,0,2,0,0,2,2,2.0,9,18,18,3,9,3,9,0,2,0,2
8,2,3,6,0.0,0.0,0.1,0,dense,runner_up,0.103899,4,OPTIMAL,True,4.0,4.0,0.0,4,OPTIMAL,True,4.0,4.0,0.0,4,OPTIMAL,True,4.0,4.0,0.0,4,OPTIMAL,True,4.0,4.0,0.0,4,OPTIMAL,True,4.0,4.0,0.0,4,OPTIMAL,True,4.0,4.0,0.0,4,OPTIMAL,True,4.0,4.0,0.0,3,OPTIMAL,True,3.0,3.0,0.0,4,OPTIMAL,True,4.0,4.0,0.0,4,OPTIMAL,True,4.0,4.0,0.0,4,4,4,4,2,2,3,2,2,4,4,4.0,12,24,24,9,19,9,19,3,3,3,6
8,2,3,6,0.0,0.0,0.3,0,dense,runner_up,0.109753,4,OPTIMAL,True,4.0,4.0,0.0,4,OPTIMAL,True,4.0,4.0,0.0,4,OPTIMAL,True,4.0,4.0,0.0,4,OPTIMAL,True,4.0,4.0,0.0,4,OPTIMAL,True,4.0,4.0,0.0,4,OPTIMAL,True,4.0,4.0,0.0,3,OPTIMAL,True,3.0,3.0,0.0,2,OPTIMAL,True,2.0,2.0,0.0,3,OPTIMAL,True,3.0,3.0,0.0,3,OPTIMAL,True,3.0,3.0,0.0,4,4,4,4,0,0,1,0,0,3,3,3.0,12,24,24,5,11,5,11,2,2,2,4
8,2,3,6,0.0,0.2,0.1,0,dense,runner_up,0.109375,4,OPTIMAL,True,4.0,4.0,0.0,4,OPTIMAL,True,4.0,4.0,0.0,4,OPTIMAL,True,4.0,4.0,0.0,4,OPTIMAL,True,4.0,4.0,0.0,4,OPTIMAL,True,4.0,4.0,0.0,4,OPTIMAL,True,4.0,4.0,0.0,4,OPTIMAL,True,4.0,4.0,0.0,2,OPTIMAL,True,2.0,2.0,0.0,4,OPTIMAL,True,4.0,4.0,0.0,4,OPTIMAL,True,4.0,4.0,0.0,4,4,4,4,2,2,2,2,2,4,4,4.0,12,24,24,9,18,9,18,2,3,2,5
8,2,3,6,0.0,0.2,0.3,0,dense,runner_up,0.109260,4,OPTIMAL,True,4.0,4.0,0.0,4,OPTIMAL,True,4.0,4.0,0.0,4,OPTIMAL,True,4.0,4.0,0.0,4,OPTIMAL,True,4.0,4.0,0.0,4,OPTIMAL,True,4.0,4.0,0.0,4,OPTIMAL,True,4.0,4.0,0.0,3,OPTIMAL,True,3.0,3.0,0.0,1,OPTIMAL,True,1.0,1.0,0.0,3,OPTIMAL,True,3.0,3.0,0.0,3,OPTIMAL,True,3.0,3.0,0.0,4,4,4,4,0,0,1,0,0,3,3,3.0,12,24,24,5,10,5,10,2,2,2,4
8,2,3,6,0.2,0.0,0.1,0,dense,runner_up,0.116111,2,OPTIMAL,True,2.0,2.0,0.0,2,OPTIMAL,True,2.0,2.0,0.0,2,OPTIMAL,True,2.0,2.0,0.0,3,OPTIMAL,True,3.0,3.0,0.0,3,OPTIMAL,True,3.0,3.0,0.0,4,OPTIMAL,True,4.0,4.0,0.0,4,OPTIMAL,True,4.0,4.0,0.0,3,OPTIMAL,True,3.0,3.0,0.0,4,OPTIMAL,True,4.0,4.0,0.0,4,OPTIMAL,True,4.0,4.0,0.0,2,2,2,3,2,2,3,2,2,4,4,4.0,9,18,18,9,20,9,20,3,4,3,7
8,2,3,6,0.2,0.0,0.3,0,dense,runner_up,0.121857,2,OPTIMAL,True,2.0,2.0,0.0,2,OPTIMAL,True,2.0,2.0,0.0,2,OPTIMAL,True,2.0,2.0,0.0,3,OPTIMAL,True,3.0,3.0,0.0,3,OPTIMAL,True,3.0,3.0,0.0,4,OPTIMAL,True,4.0,4.0,0.0,3,OPTIMAL,True,3.0,3.0,0.0,2,OPTIMAL,True,2.0,2.0,0.0,3,OPTIMAL,True,3.0,3.0,0.0,3,OPTIMAL,True,3.0,3.0,0.0,2,2,2,3,1,1,2,1,1,3,3,3.0,9,18,18,6,13,6,13,2,2,2,4
8,2,3,6,0.2,0.2,0.1,0,dense,runner_up,0.119448,2,OPTIMAL,True,2.0,2.0,0.0,2,OPTIMAL,True,2.0,2.0,0.0,2,OPTIMAL,True,2.0,2.0,0.0,3,OPTIMAL,True,3.0,3.0,0.0,3,OPTIMAL,True,3.0,3.0,0.0,4,OPTIMAL,True,4.0,4.0,0.0,3,OPTIMAL,True,3.0,3.0,0.0,2,OPTIMAL,True,2.0,2.0,0.0,3,OPTIMAL,True,3.0,3.0,0.0,4,OPTIMAL,True,4.0,4.0,0.0,2,2,2,3,0,0,2,0,0,3,4,3.5,9,18,18,5,15,5,15,1,2,1,3
8,2,3,6,0.2,0.2,0.3,0,dense,runner_up,0.119722,2,OPTIMAL,True,2.0,2.0,0.0,2,OPTIMAL,True,2.0,2.0,0.0,2,OPTIMAL,True,2.0,2.0,0.0,3,OPTIMAL,True,3.0,3.0,0.0,3,OPTIMAL,True,3.0,3.0,0.0,4,OPTIMAL,True,4.0,4.0,0.0,2,OPTIMAL,True,2.0,2.0,0.0,2,OPTIMAL,True,2.0,2.0,0.0,2,OPTIMAL,True,2.0,2.0,0.0,2,OPTIMAL,True,2.0,2.0,0.0,2,2,2,3,0,0,2,0,0,2,2,2.0,9,18,18,3,9,3,9,0,2,0,2
8,2,3,8,0.0,0.0,0.1,0,dense,runner_up,0.107400,4,OPTIMAL,True,4.0,4.0,0.0,4,OPTIMAL,True,4.0,4.0,0.0,4,OPTIMAL,True,4.0,4.0,0.0,4,OPTIMAL,True,4.0,4.0,0.0,4,OPTIMAL,True,4.0,4.0,0.0,4,OPTIMAL,True,4.0,4.0,0.0,4,OPTIMAL,True,4.0,4.0,0.0,3,OPTIMAL,True,3.0,3.0,0.0,4,OPTIMAL,True,4.0,4.0,0.0,4,OPTIMAL,True,4.0,4.0,0.0,4,4,4,4,2,2,3,2,2,4,4,4.0,12,24,24,9,19,9,19,3,3,3,6
8,2,3,8,0.0,0.0,0.3,0,dense,runner_up,0.112895,4,OPTIMAL,True,4.0,4.0,0.0,4,OPTIMAL,True,4.0,4.0,0.0,4,OPTIMAL,True,4.0,4.0,0.0,4,OPTIMAL,True,4.0,4.0,0.0,4,OPTIMAL,True,4.0,4.0,0.0,4,OPTIMAL,True,4.0,4.0,0.0,3,OPTIMAL,True,3.0,3.0,0.0,2,OPTIMAL,True,2.0,2.0,0.0,3,OPTIMAL,True,3.0,3.0,0.0,3,OPTIMAL,True,3.0,3.0,0.0,4,4,4,4,0,0,1,0,0,3,3,3.0,12,24,24,5,11,5,11,2,2,2,4
8,2,3,8,0.0,0.2,0.1,0,dense,runner_up,0.111369,4,OPTIMAL,True,4.0,4.0,0.0,4,OPTIMAL,True,4.0,4.0,0.0,4,OPTIMAL,True,4.0,4.0,0.0,4,OPTIMAL,True,4.0,4.0,0.0,4,OPTIMAL,True,4.0,4.0,0.0,4,OPTIMAL,True,4.0,4.0,0.0,4,OPTIMAL,True,4.0,4.0,0.0,2,OPTIMAL,True,2.0,2.0,0.0,4,OPTIMAL,True,4.0,4.0,0.0,4,OPTIMAL,True,4.0,4.0,0.0,4,4,4,4,2,2,2,2,2,4,4,4.0,12,24,24,9,18,9,18,2,3,2,5
8,2,3,8,0.0,0.2,0.3,0,dense,runner_up,0.112232,4,OPTIMAL,True,4.0,4.0,0.0,4,OPTIMAL,True,4.0,4.0,0.0,4,OPTIMAL,True,4.0,4.0,0.0,4,OPTIMAL,True,4.0,4.0,0.0,4,OPTIMAL,True,4.0,4.0,0.0,4,OPTIMAL,True,4.0,4.0,0.0,3,OPTIMAL,True,3.0,3.0,0.0,1,OPTIMAL,True,1.0,1.0,0.0,3,OPTIMAL,True,3.0,3.0,0.0,3,OPTIMAL,True,3.0,3.0,0.0,4,4,4,4,0,0,1,0,0,3,3,3.0,12,24,24,5,10,5,10,2,2,2,4
8,2,3,8,0.2,0.0,0.1,0,dense,runner_up,0.116792,2,OPTIMAL,True,2.0,2.0,0.0,2,OPTIMAL,True,2.0,2.0,0.0,2,OPTIMAL,True,2.0,2.0,0.0,3,OPTIMAL,True,3.0,3.0,0.0,2,OPTIMAL,True,2.0,2.0,0.0,4,OPTIMAL,True,4.0,4.0,0.0,4,OPTIMAL,True,4.0,4.0,0.0,3,OPTIMAL,True,3.0,3.0,0.0,4,OPTIMAL,True,4.0,4.0,0.0,4,OPTIMAL,True,4.0,4.0,0.0,2,2,2,2,2,2,3,2,2,4,4,4.0,8,17,17,9,20,9,20,3,4,3,7
8,2,3,8,0.2,0.0,0.3,0,dense,runner_up,0.122368,2,OPTIMAL,True,2.0,2.0,0.0,2,OPTIMAL,True,2.0,2.0,0.0,2,OPTIMAL,True,2.0,2.0,0.0,3,OPTIMAL,True,3.0,3.0,0.0,2,OPTIMAL,True,2.0,2.0,0.0,4,OPTIMAL,True,4.0,4.0,0.0,3,OPTIMAL,True,3.0,3.0,0.0,2,OPTIMAL,True,2.0,2.0,0.0,3,OPTIMAL,True,3.0,3.0,0.0,3,OPTIMAL,True,3.0,3.0,0.0,2,2,2,2,1,1,2,1,1,3,3,3.0,8,17,17,6,13,6,13,2,2,2,4
8,2,3,8,0.2,0.2,0.1,0,dense,runner_up,0.121425,2,OPTIMAL,True,2.0,2.0,0.0,2,OPTIMAL,True,2.0,2.0,0.0,2,OPTIMAL,True,2.0,2.0,0.0,3,OPTIMAL,True,3.0,3.0,0.0,2,OPTIMAL,True,2.0,2.0,0.0,4,OPTIMAL,True,4.0,4.0,0.0,3,OPTIMAL,True,3.0,3.0,0.0,2,OPTIMAL,True,2.0,2.0,0.0,3,OPTIMAL,True,3.0,3.0,0.0,4,OPTIMAL,True,4.0,4.0,0.0,2,2,2,2,0,0,2,0,0,3,4,3.5,8,17,17,5,15,5,15,1,2,1,3
8,2,3,8,0.2,0.2,0.3,0,dense,runner_up,0.121806,2,OPTIMAL,True,2.0,2.0,0.0,2,OPTIMAL,True,2.0,2.0,0.0,2,OPTIMAL,True,2.0,2.0,0.0,3,OPTIMAL,True,3.0,3.0,0.0,2,OPTIMAL,True,2.0,2.0,0.0,4,OPTIMAL,True,4.0,4.0,0.0,2,OPTIMAL,True,2.0,2.0,0.0,2,OPTIMAL,True,2.0,2.0,0.0,2,OPTIMAL,True,2.0,2.0,0.0,2,OPTIMAL,True,2.0,2.0,0.0,2,2,2,2,0,0,2,0,0,2,2,2.0,8,17,17,3,9,3,9,0,2,0,2
8,2,4,4,0.0,0.0,0.1,0,dense,runner_up,0.111894,4,OPTIMAL,True,4.0,4.0,0.0,4,OPTIMAL,True,4.0,4.0,0.0,4,OPTIMAL,True,4.0,4.0,0.0,4,OPTIMAL,True,4.0,4.0,0.0,4,OPTIMAL,True,4.0,4.0,0.0,4,OPTIMAL,True,4.0,4.0,0.0,4,OPTIMAL,True,4.0,4.0,0.0,3,OPTIMAL,True,3.0,3.0,0.0,4,OPTIMAL,True,4.0,4.0,0.0,4,OPTIMAL,True,4.0,4.0,0.0,4,4,4,4,1,1,2,1,1,4,4,4.0,16,32,32,10,22,10,22,2,3,2,5
8,2,4,4,0.0,0.0,0.3,0,dense,runner_up,0.110832,4,OPTIMAL,True,4.0,4.0,0.0,4,OPTIMAL,True,4.0,4.0,0.0,4,OPTIMAL,True,4.0,4.0,0.0,4,OPTIMAL,True,4.0,4.0,0.0,4,OPTIMAL,True,4.0,4.0,0.0,4,OPTIMAL,True,4.0,4.0,0.0,4,OPTIMAL,True,4.0,4.0,0.0,2,OPTIMAL,True,2.0,2.0,0.0,4,OPTIMAL,True,4.0,4.0,0.0,4,OPTIMAL,True,4.0,4.0,0.0,4,4,4,4,1,1,2,1,1,4,4,4.0,16,32,32,7,17,7,17,2,2,2,4
8,2,4,4,0.0,0.2,0.1,0,dense,runner_up,0.108993,4,OPTIMAL,True,4.0,4.0,0.0,4,OPTIMAL,True,4.0,4.0,0.0,4,OPTIMAL,True,4.0,4.0,0.0,4,OPTIMAL,True,4.0,4.0,0.0,4,OPTIMAL,True,4.0,4.0,0.0,4,OPTIMAL,True,4.0,4.0,0.0,2,OPTIMAL,True,2.0,2.0,0.0,2,OPTIMAL,True,2.0,2.0,0.0,2,OPTIMAL,True,2.0,2.0,0.0,4,OPTIMAL,True,4.0,4.0,0.0,4,4,4,4,1,1,1,1,1,2,4,3.0,16,32,32,7,18,7,18,1,1,1,2
8,2,4,4,0.0,0.2,0.3,0,dense,runner_up,0.109590,4,OPTIMAL,True,4.0,4.0,0.0,4,OPTIMAL,True,4.0,4.0,0.0,4,OPTIMAL,True,4.0,4.0,0.0,4,OPTIMAL,True,4.0,4.0,0.0,4,OPTIMAL,True,4.0,4.0,0.0,4,OPTIMAL,True,4.0,4.0,0.0,2,OPTIMAL,True,2.0,2.0,0.0,2,OPTIMAL,True,2.0,2.0,0.0,2,OPTIMAL,True,2.0,2.0,0.0,4,OPTIMAL,True,4.0,4.0,0.0,4,4,4,4,0,0,1,0,0,2,4,3.0,16,32,32,4,13,4,13,1,1,1,2
8,2,4,4,0.2,0.0,0.1,0,dense,runner_up,0.121984,2,OPTIMAL,True,2.0,2.0,0.0,2,OPTIMAL,True,2.0,2.0,0.0,2,OPTIMAL,True,2.0,2.0,0.0,3,OPTIMAL,True,3.0,3.0,0.0,3,OPTIMAL,True,3.0,3.0,0.0,4,OPTIMAL,True,4.0,4.0,0.0,4,OPTIMAL,True,4.0,4.0,0.0,3,OPTIMAL,True,3.0,3.0,0.0,4,OPTIMAL,True,4.0,4.0,0.0,4,OPTIMAL,True,4.0,4.0,0.0,2,2,2,3,1,1,2,1,1,4,4,4.0,11,24,24,9,21,9,21,2,3,2,5
8,2,4,4,0.2,0.0,0.3,0,dense,runner_up,0.121790,2,OPTIMAL,True,2.0,2.0,0.0,2,OPTIMAL,True,2.0,2.0,0.0,2,OPTIMAL,True,2.0,2.0,0.0,3,OPTIMAL,True,3.0,3.0,0.0,3,OPTIMAL,True,3.0,3.0,0.0,4,OPTIMAL,True,4.0,4.0,0.0,4,OPTIMAL,True,4.0,4.0,0.0,1,OPTIMAL,True,1.0,1.0,0.0,4,OPTIMAL,True,4.0,4.0,0.0,4,OPTIMAL,True,4.0,4.0,0.0,2,2,2,3,0,0,1,0,0,4,4,4.0,11,24,24,6,15,6,15,2,2,2,4
8,2,4,4,0.2,0.2,0.1,0,dense,runner_up,0.122375,2,OPTIMAL,True,2.0,2.0,0.0,2,OPTIMAL,True,2.0,2.0,0.0,2,OPTIMAL,True,2.0,2.0,0.0,3,OPTIMAL,True,3.0,3.0,0.0,3,OPTIMAL,True,3.0,3.0,0.0,4,OPTIMAL,True,4.0,4.0,0.0,2,OPTIMAL,True,2.0,2.0,0.0,2,OPTIMAL,True,2.0,2.0,0.0,2,OPTIMAL,True,2.0,2.0,0.0,4,OPTIMAL,True,4.0,4.0,0.0,2,2,2,3,1,1,1,1,1,2,4,3.0,11,24,24,6,17,6,17,1,1,1,2
8,2,4,4,0.2,0.2,0.3,0,dense,runner_up,0.118951,2,OPTIMAL,True,2.0,2.0,0.0,2,OPTIMAL,True,2.0,2.0,0.0,2,OPTIMAL,True,2.0,2.0,0.0,3,OPTIMAL,True,3.0,3.0,0.0,3,OPTIMAL,True,3.0,3.0,0.0,4,OPTIMAL,True,4.0,4.0,0.0,2,OPTIMAL,True,2.0,2.0,0.0,1,OPTIMAL,True,1.0,1.0,0.0,2,OPTIMAL,True,2.0,2.0,0.0,4,OPTIMAL,True,4.0,4.0,0.0,2,2,2,3,0,0,1,0,0,2,4,3.0,11,24,24,4,12,4,12,1,2,1,3
8,2,4,6,0.0,0.0,0.1,0,dense,runner_up,0.113699,4,OPTIMAL,True,4.0,4.0,0.0,4,OPTIMAL,True,4.0,4.0,0.0,4,OPTIMAL,True,4.0,4.0,0.0,4,OPTIMAL,True,4.0,4.0,0.0,4,OPTIMAL,True,4.0,4.0,0.0,4,OPTIMAL,True,4.0,4.0,0.0,4,OPTIMAL,True,4.0,4.0,0.0,3,OPTIMAL,True,3.0,3.0,0.0,4,OPTIMAL,True,4.0,4.0,0.0,4,OPTIMAL,True,4.0,4.0,0.0,4,4,4,4,1,1,2,1,1,4,4,4.0,16,32,32,10,22,10,22,2,3,2,5
8,2,4,6,0.0,0.0,0.3,0,dense,runner_up,0.114508,4,OPTIMAL,True,4.0,4.0,0.0,4,OPTIMAL,True,4.0,4.0,0.0,4,OPTIMAL,True,4.0,4.0,0.0,4,OPTIMAL,True,4.0,4.0,0.0,4,OPTIMAL,True,4.0,4.0,0.0,4,OPTIMAL,True,4.0,4.0,0.0,4,OPTIMAL,True,4.0,4.0,0.0,2,OPTIMAL,True,2.0,2.0,0.0,4,OPTIMAL,True,4.0,4.0,0.0,4,OPTIMAL,True,4.0,4.0,0.0,4,4,4,4,1,1,2,1,1,4,4,4.0,16,32,32,7,17,7,17,2,2,2,4
8,2,4,6,0.0,0.2,0.1,0,dense,runner_up,0.113160,4,OPTIMAL,True,4.0,4.0,0.0,4,OPTIMAL,True,4.0,4.0,0.0,4,OPTIMAL,True,4.0,4.0,0.0,4,OPTIMAL,True,4.0,4.0,0.0,4,OPTIMAL,True,4.0,4.0,0.0,4,OPTIMAL,True,4.0,4.0,0.0,2,OPTIMAL,True,2.0,2.0,0.0,2,OPTIMAL,True,2.0,2.0,0.0,2,OPTIMAL,True,2.0,2.0,0.0,4,OPTIMAL,True,4.0,4.0,0.0,4,4,4,4,1,1,1,1,1,2,4,3.0,16,32,32,7,18,7,18,1,1,1,2
8,2,4,6,0.0,0.2,0.3,0,dense,runner_up,0.113358,4,OPTIMAL,True,4.0,4.0,0.0,4,OPTIMAL,True,4.0,4.0,0.0,4,OPTIMAL,True,4.0,4.0,0.0,4,OPTIMAL,True,4.0,4.0,0.0,4,OPTIMAL,True,4.0,4.0,0.0,4,OPTIMAL,True,4.0,4.0,0.0,2,OPTIMAL,True,2.0,2.0,0.0,2,OPTIMAL,True,2.0,2.0,0.0,2,OPTIMAL,True,2.0,2.0,0.0,4,OPTIMAL,True,4.0,4.0,0.0,4,4,4,4,0,0,1,0,0,2,4,3.0,16,32,32,4,13,4,13,1,1,1,2
8,2,4,6,0.2,0.0,0.1,0,dense,runner_up,0.125298,2,OPTIMAL,True,2.0,2.0,0.0,2,OPTIMAL,True,2.0,2.0,0.0,2,OPTIMAL,True,2.0,2.0,0.0,3,OPTIMAL,True,3.0,3.0,0.0,3,OPTIMAL,True,3.0,3.0,0.0,4,OPTIMAL,True,4.0,4.0,0.0,4,OPTIMAL,True,4.0,4.0,0.0,3,OPTIMAL,True,3.0,3.0,0.0,4,OPTIMAL,True,4.0,4.0,0.0,4,OPTIMAL,True,4.0,4.0,0.0,2,2,2,3,1,1,2,1,1,4,4,4.0,11,24,24,9,21,9,21,2,3,2,5
8,2,4,6,0.2,0.0,0.3,0,dense,runner_up,0.124802,2,OPTIMAL,True,2.0,2.0,0.0,2,OPTIMAL,True,2.0,2.0,0.0,2,OPTIMAL,True,2.0,2.0,0.0,3,OPTIMAL,True,3.0,3.0,0.0,3,OPTIMAL,True,3.0,3.0,0.0,4,OPTIMAL,True,4.0,4.0,0.0,4,OPTIMAL,True,4.0,4.0,0.0,1,OPTIMAL,True,1.0,1.0,0.0,4,OPTIMAL,True,4.0,4.0,0.0,4,OPTIMAL,True,4.0,4.0,0.0,2,2,2,3,0,0,1,0,0,4,4,4.0,11,24,24,6,15,6,15,2,2,2,4
8,2,4,6,0.2,0.2,0.1,0,dense,runner_up,0.124243,2,OPTIMAL,True,2.0,2.0,0.0,2,OPTIMAL,True,2.0,2.0,0.0,2,OPTIMAL,True,2.0,2.0,0.0,3,OPTIMAL,True,3.0,3.0,0.0,3,OPTIMAL,True,3.0,3.0,0.0,4,OPTIMAL,True,4.0,4.0,0.0,2,OPTIMAL,True,2.0,2.0,0.0,2,OPTIMAL,True,2.0,2.0,0.0,2,OPTIMAL,True,2.0,2.0,0.0,4,OPTIMAL,True,4.0,4.0,0.0,2,2,2,3,1,1,1,1,1,2,4,3.0,11,24,24,6,17,6,17,1,1,1,2
8,2,4,6,0.2,0.2,0.3,0,dense,runner_up,0.122957,2,OPTIMAL,True,2.0,2.0,0.0,2,OPTIMAL,True,2.0,2.0,0.0,2,OPTIMAL,True,2.0,2.0,0.0,3,OPTIMAL,True,3.0,3.0,0.0,3,OPTIMAL,True,3.0,3.0,0.0,4,OPTIMAL,True,4.0,4.0,0.0,2,OPTIMAL,True,2.0,2.0,0.0,1,OPTIMAL,True,1.0,1.0,0.0,2,OPTIMAL,True,2.0,2.0,0.0,4,OPTIMAL,True,4.0,4.0,0.0,2,2,2,3,0,0,1,0,0,2,4,3.0,11,24,24,4,12,4,12,1,2,1,3
8,2,4,8,0.0,0.0,0.1,0,dense,runner_up,0.120978,4,OPTIMAL,True,4.0,4.0,0.0,4,OPTIMAL,True,4.0,4.0,0.0,4,OPTIMAL,True,4.0,4.0,0.0,4,OPTIMAL,True,4.0,4.0,0.0,4,OPTIMAL,True,4.0,4.0,0.0,4,OPTIMAL,True,4.0,4.0,0.0,4,OPTIMAL,True,4.0,4.0,0.0,3,OPTIMAL,True,3.0,3.0,0.0,4,OPTIMAL,True,4.0,4.0,0.0,4,OPTIMAL,True,4.0,4.0,0.0,4,4,4,4,1,1,2,1,1,4,4,4.0,16,32,32,10,22,10,22,2,3,2,5
8,2,4,8,0.0,0.0,0.3,0,dense,runner_up,0.119197,4,OPTIMAL,True,4.0,4.0,0.0,4,OPTIMAL,True,4.0,4.0,0.0,4,OPTIMAL,True,4.0,4.0,0.0,4,OPTIMAL,True,4.0,4.0,0.0,4,OPTIMAL,True,4.0,4.0,0.0,4,OPTIMAL,True,4.0,4.0,0.0,4,OPTIMAL,True,4.0,4.0,0.0,2,OPTIMAL,True,2.0,2.0,0.0,4,OPTIMAL,True,4.0,4.0,0.0,4,OPTIMAL,True,4.0,4.0,0.0,4,4,4,4,1,1,2,1,1,4,4,4.0,16,32,32,7,17,7,17,2,2,2,4
8,2,4,8,0.0,0.2,0.1,0,dense,runner_up,0.118100,4,OPTIMAL,True,4.0,4.0,0.0,4,OPTIMAL,True,4.0,4.0,0.0,4,OPTIMAL,True,4.0,4.0,0.0,4,OPTIMAL,True,4.0,4.0,0.0,4,OPTIMAL,True,4.0,4.0,0.0,4,OPTIMAL,True,4.0,4.0,0.0,3,OPTIMAL,True,3.0,3.0,0.0,3,OPTIMAL,True,3.0,3.0,0.0,3,OPTIMAL,True,3.0,3.0,0.0,4,OPTIMAL,True,4.0,4.0,0.0,4,4,4,4,1,1,1,1,1,3,4,3.5,16,32,32,9,20,9,20,1,1,1,2
8,2,4,8,0.0,0.2,0.3,0,dense,runner_up,0.118460,4,OPTIMAL,True,4.0,4.0,0.0,4,OPTIMAL,True,4.0,4.0,0.0,4,OPTIMAL,True,4.0,4.0,0.0,4,OPTIMAL,True,4.0,4.0,0.0,4,OPTIMAL,True,4.0,4.0,0.0,4,OPTIMAL,True,4.0,4.0,0.0,3,OPTIMAL,True,3.0,3.0,0.0,2,OPTIMAL,True,2.0,2.0,0.0,3,OPTIMAL,True,3.0,3.0,0.0,4,OPTIMAL,True,4.0,4.0,0.0,4,4,4,4,1,1,1,1,1,3,4,3.5,16,32,32,6,15,6,15,1,1,1,2
8,2,4,8,0.2,0.0,0.1,0,dense,runner_up,0.129532,3,OPTIMAL,True,3.0,3.0,0.0,3,OPTIMAL,True,3.0,3.0,0.0,3,OPTIMAL,True,3.0,3.0,0.0,3,OPTIMAL,True,3.0,3.0,0.0,3,OPTIMAL,True,3.0,3.0,0.0,4,OPTIMAL,True,4.0,4.0,0.0,4,OPTIMAL,True,4.0,4.0,0.0,3,OPTIMAL,True,3.0,3.0,0.0,4,OPTIMAL,True,4.0,4.0,0.0,4,OPTIMAL,True,4.0,4.0,0.0,3,3,3,3,1,1,2,1,1,4,4,4.0,12,25,25,9,21,9,21,2,3,2,5
8,2,4,8,0.2,0.0,0.3,0,dense,runner_up,0.130863,3,OPTIMAL,True,3.0,3.0,0.0,3,OPTIMAL,True,3.0,3.0,0.0,3,OPTIMAL,True,3.0,3.0,0.0,3,OPTIMAL,True,3.0,3.0,0.0,3,OPTIMAL,True,3.0,3.0,0.0,4,OPTIMAL,True,4.0,4.0,0.0,4,OPTIMAL,True,4.0,4.0,0.0,1,OPTIMAL,True,1.0,1.0,0.0,4,OPTIMAL,True,4.0,4.0,0.0,4,OPTIMAL,True,4.0,4.0,0.0,3,3,3,3,0,0,1,0,0,4,4,4.0,12,25,25,6,15,6,15,2,2,2,4
8,2,4,8,0.2,0.2,0.1,0,dense,runner_up,0.130849,3,OPTIMAL,True,3.0,3.0,0.0,3,OPTIMAL,True,3.0,3.0,0.0,3,OPTIMAL,True,3.0,3.0,0.0,3,OPTIMAL,True,3.0,3.0,0.0,3,OPTIMAL,True,3.0,3.0,0.0,4,OPTIMAL,True,4.0,4.0,0.0,3,OPTIMAL,True,3.0,3.0,0.0,3,OPTIMAL,True,3.0,3.0,0.0,3,OPTIMAL,True,3.0,3.0,0.0,4,OPTIMAL,True,4.0,4.0,0.0,3,3,3,3,1,1,1,1,1,3,4,3.5,12,25,25,8,19,8,19,1,1,1,2
8,2,4,8,0.2,0.2,0.3,0,dense,runner_up,0.128242,3,OPTIMAL,True,3.0,3.0,0.0,3,OPTIMAL,True,3.0,3.0,0.0,3,OPTIMAL,True,3.0,3.0,0.0,3,OPTIMAL,True,3.0,3.0,0.0,3,OPTIMAL,True,3.0,3.0,0.0,4,OPTIMAL,True,4.0,4.0,0.0,3,OPTIMAL,True,3.0,3.0,0.0,1,OPTIMAL,True,1.0,1.0,0.0,3,OPTIMAL,True,3.0,3.0,0.0,4,OPTIMAL,True,4.0,4.0,0.0,3,3,3,3,0,0,1,0,0,3,4,3.5,12,25,25,5,13,5,13,1,2,1,3
8,2,5,4,0.0,0.0,0.1,0,dense,runner_up,0.116854,4,OPTIMAL,True,4.0,4.0,0.0,4,OPTIMAL,True,4.0,4.0,0.0,4,OPTIMAL,True,4.0,4.0,0.0,4,OPTIMAL,True,4.0,4.0,0.0,4,OPTIMAL,True,4.0,4.0,0.0,4,OPTIMAL,True,4.0,4.0,0.0,4,OPTIMAL,True,4.0,4.0,0.0,3,OPTIMAL,True,3.0,3.0,0.0,4,OPTIMAL,True,4.0,4.0,0.0,4,OPTIMAL,True,4.0,4.0,0.0,4,4,4,4,2,2,2,2,2,4,4,4.0,20,40,40,15,30,15,30,2,2,2,4
8,2,5,4,0.0,0.0,0.3,0,dense,runner_up,0.113788,4,OPTIMAL,True,4.0,4.0,0.0,4,OPTIMAL,True,4.0,4.0,0.0,4,OPTIMAL,True,4.0,4.0,0.0,4,OPTIMAL,True,4.0,4.0,0.0,4,OPTIMAL,True,4.0,4.0,0.0,4,OPTIMAL,True,4.0,4.0,0.0,3,OPTIMAL,True,3.0,3.0,0.0,2,OPTIMAL,True,2.0,2.0,0.0,3,OPTIMAL,True,3.0,3.0,0.0,4,OPTIMAL,True,4.0,4.0,0.0,4,4,4,4,0,0,1,0,0,3,4,3.5,20,40,40,10,20,10,20,1,2,1,3
8,2,5,4,0.0,0.2,0.1,0,dense,runner_up,0.123956,4,OPTIMAL,True,4.0,4.0,0.0,4,OPTIMAL,True,4.0,4.0,0.0,4,OPTIMAL,True,4.0,4.0,0.0,4,OPTIMAL,True,4.0,4.0,0.0,4,OPTIMAL,True,4.0,4.0,0.0,4,OPTIMAL,True,4.0,4.0,0.0,4,OPTIMAL,True,4.0,4.0,0.0,1,OPTIMAL,True,1.0,1.0,0.0,4,OPTIMAL,True,4.0,4.0,0.0,4,OPTIMAL,True,4.0,4.0,0.0,4,4,4,4,0,0,1,0,0,4,4,4.0,20,40,40,10,23,10,23,1,1,1,2
8,2,5,4,0.0,0.2,0.3,0,dense,runner_up,0.112678,4,OPTIMAL,True,4.0,4.0,0.0,4,OPTIMAL,True,4.0,4.0,0.0,4,OPTIMAL,True,4.0,4.0,0.0,4,OPTIMAL,True,4.0,4.0,0.0,4,OPTIMAL,True,4.0,4.0,0.0,4,OPTIMAL,True,4.0,4.0,0.0,3,OPTIMAL,True,3.0,3.0,0.0,0,OPTIMAL,True,0.0,0.0,0.0,3,OPTIMAL,True,3.0,3.0,0.0,4,OPTIMAL,True,4.0,4.0,0.0,4,4,4,4,0,0,0,0,0,3,4,3.5,20,40,40,6,14,6,14,1,1,1,2
8,2,5,4,0.2,0.0,0.1,0,dense,runner_up,0.131874,2,OPTIMAL,True,2.0,2.0,0.0,2,OPTIMAL,True,2.0,2.0,0.0,2,OPTIMAL,True,2.0,2.0,0.0,4,OPTIMAL,True,4.0,4.0,0.0,3,OPTIMAL,True,3.0,3.0,0.0,4,OPTIMAL,True,4.0,4.0,0.0,4,OPTIMAL,True,4.0,4.0,0.0,3,OPTIMAL,True,3.0,3.0,0.0,4,OPTIMAL,True,4.0,4.0,0.0,4,OPTIMAL,True,4.0,4.0,0.0,2,2,2,3,2,2,2,2,2,4,4,4.0,15,31,31,15,32,15,32,2,3,2,5
8,2,5,4,0.2,0.0,0.3,0,dense,runner_up,0.130678,2,OPTIMAL,True,2.0,2.0,0.0,2,OPTIMAL,True,2.0,2.0,0.0,2,OPTIMAL,True,2.0,2.0,0.0,4,OPTIMAL,True,4.0,4.0,0.0,3,OPTIMAL,True,3.0,3.0,0.0,4,OPTIMAL,True,4.0,4.0,0.0,3,OPTIMAL,True,3.0,3.0,0.0,2,OPTIMAL,True,2.0,2.0,0.0,3,OPTIMAL,True,3.0,3.0,0.0,4,OPTIMAL,True,4.0,4.0,0.0,2,2,2,3,0,0,0,0,0,3,4,3.5,15,31,31,9,19,9,19,2,2,2,4
8,2,5,4,0.2,0.2,0.1,0,dense,runner_up,0.133177,2,OPTIMAL,True,2.0,2.0,0.0,2,OPTIMAL,True,2.0,2.0,0.0,2,OPTIMAL,True,2.0,2.0,0.0,4,OPTIMAL,True,4.0,4.0,0.0,3,OPTIMAL,True,3.0,3.0,0.0,4,OPTIMAL,True,4.0,4.0,0.0,4,OPTIMAL,True,4.0,4.0,0.0,1,OPTIMAL,True,1.0,1.0,0.0,4,OPTIMAL,True,4.0,4.0,0.0,4,OPTIMAL,True,4.0,4.0,0.0,2,2,2,3,0,0,1,0,0,4,4,4.0,15,31,31,11,24,11,24,2,2,2,4
8,2,5,4,0.2,0.2,0.3,0,dense,runner_up,0.129004,2,OPTIMAL,True,2.0,2.0,0.0,2,OPTIMAL,True,2.0,2.0,0.0,2,OPTIMAL,True,2.0,2.0,0.0,4,OPTIMAL,True,4.0,4.0,0.0,3,OPTIMAL,True,3.0,3.0,0.0,4,OPTIMAL,True,4.0,4.0,0.0,3,OPTIMAL,True,3.0,3.0,0.0,0,OPTIMAL,True,0.0,0.0,0.0,3,OPTIMAL,True,3.0,3.0,0.0,4,OPTIMAL,True,4.0,4.0,0.0,2,2,2,3,0,0,0,0,0,3,4,3.5,15,31,31,6,13,6,13,1,1,1,2
8,2,5,6,0.0,0.0,0.1,0,dense,runner_up,0.122510,4,OPTIMAL,True,4.0,4.0,0.0,4,OPTIMAL,True,4.0,4.0,0.0,4,OPTIMAL,True,4.0,4.0,0.0,4,OPTIMAL,True,4.0,4.0,0.0,4,OPTIMAL,True,4.0,4.0,0.0,4,OPTIMAL,True,4.0,4.0,0.0,4,OPTIMAL,True,4.0,4.0,0.0,3,OPTIMAL,True,3.0,3.0,0.0,4,OPTIMAL,True,4.0,4.0,0.0,4,OPTIMAL,True,4.0,4.0,0.0,4,4,4,4,2,2,2,2,2,4,4,4.0,20,40,40,15,30,15,30,2,2,2,4
8,2,5,6,0.0,0.0,0.3,0,dense,runner_up,0.118454,4,OPTIMAL,True,4.0,4.0,0.0,4,OPTIMAL,True,4.0,4.0,0.0,4,OPTIMAL,True,4.0,4.0,0.0,4,OPTIMAL,True,4.0,4.0,0.0,4,OPTIMAL,True,4.0,4.0,0.0,4,OPTIMAL,True,4.0,4.0,0.0,3,OPTIMAL,True,3.0,3.0,0.0,2,OPTIMAL,True,2.0,2.0,0.0,3,OPTIMAL,True,3.0,3.0,0.0,4,OPTIMAL,True,4.0,4.0,0.0,4,4,4,4,0,0,1,0,0,3,4,3.5,20,40,40,10,20,10,20,1,2,1,3
8,2,5,6,0.0,0.2,0.1,0,dense,runner_up,0.121369,4,OPTIMAL,True,4.0,4.0,0.0,4,OPTIMAL,True,4.0,4.0,0.0,4,OPTIMAL,True,4.0,4.0,0.0,4,OPTIMAL,True,4.0,4.0,0.0,4,OPTIMAL,True,4.0,4.0,0.0,4,OPTIMAL,True,4.0,4.0,0.0,4,OPTIMAL,True,4.0,4.0,0.0,1,OPTIMAL,True,1.0,1.0,0.0,4,OPTIMAL,True,4.0,4.0,0.0,4,OPTIMAL,True,4.0,4.0,0.0,4,4,4,4,1,1,1,1,1,4,4,4.0,20,40,40,12,25,12,25,1,1,1,2
8,2,5,6,0.0,0.2,0.3,0,dense,runner_up,0.118861,4,OPTIMAL,True,4.0,4.0,0.0,4,OPTIMAL,True,4.0,4.0,0.0,4,OPTIMAL,True,4.0,4.0,0.0,4,OPTIMAL,True,4.0,4.0,0.0,4,OPTIMAL,True,4.0,4.0,0.0,4,OPTIMAL,True,4.0,4.0,0.0,3,OPTIMAL,True,3.0,3.0,0.0,0,OPTIMAL,True,0.0,0.0,0.0,3,OPTIMAL,True,3.0,3.0,0.0,4,OPTIMAL,True,4.0,4.0,0.0,4,4,4,4,0,0,0,0,0,3,4,3.5,20,40,40,7,15,7,15,1,1,1,2
8,2,5,6,0.2,0.0,0.1,0,dense,runner_up,0.158330,2,OPTIMAL,True,2.0,2.0,0.0,2,OPTIMAL,True,2.0,2.0,0.0,2,OPTIMAL,True,2.0,2.0,0.0,4,OPTIMAL,True,4.0,4.0,0.0,2,OPTIMAL,True,2.0,2.0,0.0,4,OPTIMAL,True,4.0,4.0,0.0,4,OPTIMAL,True,4.0,4.0,0.0,3,OPTIMAL,True,3.0,3.0,0.0,4,OPTIMAL,True,4.0,4.0,0.0,4,OPTIMAL,True,4.0,4.0,0.0,2,2,2,2,2,2,2,2,2,4,4,4.0,15,30,30,15,32,15,32,2,3,2,5
8,2,5,6,0.2,0.0,0.3,0,dense,runner_up,0.134791,2,OPTIMAL,True,2.0,2.0,0.0,2,OPTIMAL,True,2.0,2.0,0.0,2,OPTIMAL,True,2.0,2.0,0.0,4,OPTIMAL,True,4.0,4.0,0.0,2,OPTIMAL,True,2.0,2.0,0.0,4,OPTIMAL,True,4.0,4.0,0.0,3,OPTIMAL,True,3.0,3.0,0.0,2,OPTIMAL,True,2.0,2.0,0.0,3,OPTIMAL,True,3.0,3.0,0.0,4,OPTIMAL,True,4.0,4.0,0.0,2,2,2,2,0,0,0,0,0,3,4,3.5,15,30,30,9,19,9,19,2,2,2,4
8,2,5,6,0.2,0.2,0.1,0,dense,runner_up,0.139782,2,OPTIMAL,True,2.0,2.0,0.0,2,OPTIMAL,True,2.0,2.0,0.0,2,OPTIMAL,True,2.0,2.0,0.0,4,OPTIMAL,True,4.0,4.0,0.0,2,OPTIMAL,True,2.0,2.0,0.0,4,OPTIMAL,True,4.0,4.0,0.0,4,OPTIMAL,True,4.0,4.0,0.0,1,OPTIMAL,True,1.0,1.0,0.0,4,OPTIMAL,True,4.0,4.0,0.0,4,OPTIMAL,True,4.0,4.0,0.0,2,2,2,2,0,0,1,0,0,4,4,4.0,15,30,30,11,25,11,25,1,2,1,3
8,2,5,6,0.2,0.2,0.3,0,dense,runner_up,0.130561,2,OPTIMAL,True,2.0,2.0,0.0,2,OPTIMAL,True,2.0,2.0,0.0,2,OPTIMAL,True,2.0,2.0,0.0,4,OPTIMAL,True,4.0,4.0,0.0,2,OPTIMAL,True,2.0,2.0,0.0,4,OPTIMAL,True,4.0,4.0,0.0,3,OPTIMAL,True,3.0,3.0,0.0,0,OPTIMAL,True,0.0,0.0,0.0,3,OPTIMAL,True,3.0,3.0,0.0,4,OPTIMAL,True,4.0,4.0,0.0,2,2,2,2,0,0,0,0,0,3,4,3.5,15,30,30,7,14,7,14,1,1,1,2
8,2,5,8,0.0,0.0,0.1,0,dense,runner_up,0.123902,4,OPTIMAL,True,4.0,4.0,0.0,4,OPTIMAL,True,4.0,4.0,0.0,4,OPTIMAL,True,4.0,4.0,0.0,4,OPTIMAL,True,4.0,4.0,0.0,4,OPTIMAL,True,4.0,4.0,0.0,4,OPTIMAL,True,4.0,4.0,0.0,4,OPTIMAL,True,4.0,4.0,0.0,3,OPTIMAL,True,3.0,3.0,0.0,4,OPTIMAL,True,4.0,4.0,0.0,4,OPTIMAL,True,4.0,4.0,0.0,4,4,4,4,2,2,2,2,2,4,4,4.0,20,40,40,15,30,15,30,2,2,2,4
8,2,5,8,0.0,0.0,0.3,0,dense,runner_up,0.137646,4,OPTIMAL,True,4.0,4.0,0.0,4,OPTIMAL,True,4.0,4.0,0.0,4,OPTIMAL,True,4.0,4.0,0.0,4,OPTIMAL,True,4.0,4.0,0.0,4,OPTIMAL,True,4.0,4.0,0.0,4,OPTIMAL,True,4.0,4.0,0.0,3,OPTIMAL,True,3.0,3.0,0.0,2,OPTIMAL,True,2.0,2.0,0.0,3,OPTIMAL,True,3.0,3.0,0.0,4,OPTIMAL,True,4.0,4.0,0.0,4,4,4,4,0,0,1,0,0,3,4,3.5,20,40,40,10,20,10,20,1,2,1,3
8,2,5,8,0.0,0.2,0.1,0,dense,runner_up,0.124668,4,OPTIMAL,True,4.0,4.0,0.0,4,OPTIMAL,True,4.0,4.0,0.0,4,OPTIMAL,True,4.0,4.0,0.0,4,OPTIMAL,True,4.0,4.0,0.0,4,OPTIMAL,True,4.0,4.0,0.0,4,OPTIMAL,True,4.0,4.0,0.0,4,OPTIMAL,True,4.0,4.0,0.0,1,OPTIMAL,True,1.0,1.0,0.0,4,OPTIMAL,True,4.0,4.0,0.0,4,OPTIMAL,True,4.0,4.0,0.0,4,4,4,4,1,1,1,1,1,4,4,4.0,20,40,40,12,26,12,26,1,1,1,2
8,2,5,8,0.0,0.2,0.3,0,dense,runner_up,0.120109,4,OPTIMAL,True,4.0,4.0,0.0,4,OPTIMAL,True,4.0,4.0,0.0,4,OPTIMAL,True,4.0,4.0,0.0,4,OPTIMAL,True,4.0,4.0,0.0,4,OPTIMAL,True,4.0,4.0,0.0,4,OPTIMAL,True,4.0,4.0,0.0,3,OPTIMAL,True,3.0,3.0,0.0,0,OPTIMAL,True,0.0,0.0,0.0,3,OPTIMAL,True,3.0,3.0,0.0,4,OPTIMAL,True,4.0,4.0,0.0,4,4,4,4,0,0,0,0,0,3,4,3.5,20,40,40,7,16,7,16,1,1,1,2
8,2,5,8,0.2,0.0,0.1,0,dense,runner_up,0.138787,2,OPTIMAL,True,2.0,2.0,0.0,2,OPTIMAL,True,2.0,2.0,0.0,2,OPTIMAL,True,2.0,2.0,0.0,4,OPTIMAL,True,4.0,4.0,0.0,2,OPTIMAL,True,2.0,2.0,0.0,4,OPTIMAL,True,4.0,4.0,0.0,4,OPTIMAL,True,4.0,4.0,0.0,3,OPTIMAL,True,3.0,3.0,0.0,4,OPTIMAL,True,4.0,4.0,0.0,4,OPTIMAL,True,4.0,4.0,0.0,2,2,2,2,2,2,2,2,2,4,4,4.0,15,30,30,15,32,15,32,2,3,2,5
8,2,5,8,0.2,0.0,0.3,0,dense,runner_up,0.138041,2,OPTIMAL,True,2.0,2.0,0.0,2,OPTIMAL,True,2.0,2.0,0.0,2,OPTIMAL,True,2.0,2.0,0.0,4,OPTIMAL,True,4.0,4.0,0.0,2,OPTIMAL,True,2.0,2.0,0.0,4,OPTIMAL,True,4.0,4.0,0.0,3,OPTIMAL,True,3.0,3.0,0.0,2,OPTIMAL,True,2.0,2.0,0.0,3,OPTIMAL,True,3.0,3.0,0.0,4,OPTIMAL,True,4.0,4.0,0.0,2,2,2,2,0,0,0,0,0,3,4,3.5,15,30,30,9,19,9,19,2,2,2,4
8,2,5,8,0.2,0.2,0.1,0,dense,runner_up,0.137913,2,OPTIMAL,True,2.0,2.0,0.0,2,OPTIMAL,True,2.0,2.0,0.0,2,OPTIMAL,True,2.0,2.0,0.0,4,OPTIMAL,True,4.0,4.0,0.0,2,OPTIMAL,True,2.0,2.0,0.0,4,OPTIMAL,True,4.0,4.0,0.0,4,OPTIMAL,True,4.0,4.0,0.0,1,OPTIMAL,True,1.0,1.0,0.0,4,OPTIMAL,True,4.0,4.0,0.0,4,OPTIMAL,True,4.0,4.0,0.0,2,2,2,2,0,0,1,0,0,4,4,4.0,15,30,30,11,24,11,24,2,2,2,4
8,2,5,8,0.2,0.2,0.3,0,dense,runner_up,0.136582,2,OPTIMAL,True,2.0,2.0,0.0,2,OPTIMAL,True,2.0,2.0,0.0,2,OPTIMAL,True,2.0,2.0,0.0,4,OPTIMAL,True,4.0,4.0,0.0,2,OPTIMAL,True,2.0,2.0,0.0,4,OPTIMAL,True,4.0,4.0,0.0,3,OPTIMAL,True,3.0,3.0,0.0,0,OPTIMAL,True,0.0,0.0,0.0,3,OPTIMAL,True,3.0,3.0,0.0,4,OPTIMAL,True,4.0,4.0,0.0,2,2,2,2,0,0,0,0,0,3,4,3.5,15,30,30,6,13,6,13,1,1,1,2
8,3,2,4,0.0,0.0,0.1,0,dense,runner_up,0.102126,4,OPTIMAL,True,4.0,4.0,0.0,4,OPTIMAL,True,4.0,4.0,0.0,4,OPTIMAL,True,4.0,4.0,0.0,4,OPTIMAL,True,4.0,4.0,0.0,4,OPTIMAL,True,4.0,4.0,0.0,4,OPTIMAL,True,4.0,4.0,0.0,3,OPTIMAL,True,3.0,3.0,0.0,4,OPTIMAL,True,4.0,4.0,0.0,3,OPTIMAL,True,3.0,3.0,0.0,4,OPTIMAL,True,4.0,4.0,0.0,4,4,4,4,2,2,3,2,2,3,4,3.6666666666666665,8,24,24,6,19,6,19,3,4,3,10
8,3,2,4,0.0,0.0,0.3,0,dense,runner_up,0.106004,4,OPTIMAL,True,4.0,4.0,0.0,4,OPTIMAL,True,4.0,4.0,0.0,4,OPTIMAL,True,4.0,4.0,0.0,4,OPTIMAL,True,4.0,4.0,0.0,4,OPTIMAL,True,4.0,4.0,0.0,4,OPTIMAL,True,4.0,4.0,0.0,2,OPTIMAL,True,2.0,2.0,0.0,2,OPTIMAL,True,2.0,2.0,0.0,2,OPTIMAL,True,2.0,2.0,0.0,3,OPTIMAL,True,3.0,3.0,0.0,4,4,4,4,0,0,2,0,0,2,3,2.6666666666666665,8,24,24,2,11,2,11,2,3,2,8
8,3,2,4,0.0,0.2,0.1,0,dense,runner_up,0.105891,4,OPTIMAL,True,4.0,4.0,0.0,4,OPTIMAL,True,4.0,4.0,0.0,4,OPTIMAL,True,4.0,4.0,0.0,4,OPTIMAL,True,4.0,4.0,0.0,4,OPTIMAL,True,4.0,4.0,0.0,4,OPTIMAL,True,4.0,4.0,0.0,2,OPTIMAL,True,2.0,2.0,0.0,3,OPTIMAL,True,3.0,3.0,0.0,2,OPTIMAL,True,2.0,2.0,0.0,4,OPTIMAL,True,4.0,4.0,0.0,4,4,4,4,2,2,3,2,2,2,4,3.0,8,24,24,4,16,4,16,2,3,2,8
8,3,2,4,0.0,0.2,0.3,0,dense,runner_up,0.105907,4,OPTIMAL,True,4.0,4.0,0.0,4,OPTIMAL,True,4.0,4.0,0.0,4,OPTIMAL,True,4.0,4.0,0.0,4,OPTIMAL,True,4.0,4.0,0.0,4,OPTIMAL,True,4.0,4.0,0.0,4,OPTIMAL,True,4.0,4.0,0.0,2,OPTIMAL,True,2.0,2.0,0.0,2,OPTIMAL,True,2.0,2.0,0.0,2,OPTIMAL,True,2.0,2.0,0.0,3,OPTIMAL,True,3.0,3.0,0.0,4,4,4,4,0,0,1,0,0,2,3,2.3333333333333335,8,24,24,2,9,2,9,1,2,1,5
8,3,2,4,0.2,0.0,0.1,0,dense,runner_up,0.112417,2,OPTIMAL,True,2.0,2.0,0.0,2,OPTIMAL,True,2.0,2.0,0.0,2,OPTIMAL,True,2.0,2.0,0.0,3,OPTIMAL,True,3.0,3.0,0.0,3,OPTIMAL,True,3.0,3.0,0.0,4,OPTIMAL,True,4.0,4.0,0.0,3,OPTIMAL,True,3.0,3.0,0.0,4,OPTIMAL,True,4.0,4.0,0.0,3,OPTIMAL,True,3.0,3.0,0.0,4,OPTIMAL,True,4.0,4.0,0.0,2,2,2,3,2,2,4,2,2,3,4,3.6666666666666665,5,18,18,5,20,5,20,3,4,3,11
8,3,2,4,0.2,0.0,0.3,0,dense,runner_up,0.115954,2,OPTIMAL,True,2.0,2.0,0.0,2,OPTIMAL,True,2.0,2.0,0.0,2,OPTIMAL,True,2.0,2.0,0.0,3,OPTIMAL,True,3.0,3.0,0.0,3,OPTIMAL,True,3.0,3.0,0.0,4,OPTIMAL,True,4.0,4.0,0.0,2,OPTIMAL,True,2.0,2.0,0.0,3,OPTIMAL,True,3.0,3.0,0.0,2,OPTIMAL,True,2.0,2.0,0.0,3,OPTIMAL,True,3.0,3.0,0.0,2,2,2,3,1,1,2,1,1,2,3,2.6666666666666665,5,18,18,4,13,4,13,2,3,2,8
8,3,2,4,0.2,0.2,0.1,0,dense,runner_up,0.116298,2,OPTIMAL,True,2.0,2.0,0.0,2,OPTIMAL,True,2.0,2.0,0.0,2,OPTIMAL,True,2.0,2.0,0.0,3,OPTIMAL,True,3.0,3.0,0.0,3,OPTIMAL,True,3.0,3.0,0.0,4,OPTIMAL,True,4.0,4.0,0.0,2,OPTIMAL,True,2.0,2.0,0.0,4,OPTIMAL,True,4.0,4.0,0.0,2,OPTIMAL,True,2.0,2.0,0.0,4,OPTIMAL,True,4.0,4.0,0.0,2,2,2,3,0,0,4,0,0,2,4,3.0,5,18,18,2,15,2,15,1,3,1,6
8,3,2,4,0.2,0.2,0.3,0,dense,runner_up,0.117513,2,OPTIMAL,True,2.0,2.0,0.0,2,OPTIMAL,True,2.0,2.0,0.0,2,OPTIMAL,True,2.0,2.0,0.0,3,OPTIMAL,True,3.0,3.0,0.0,3,OPTIMAL,True,3.0,3.0,0.0,4,OPTIMAL,True,4.0,4.0,0.0,2,OPTIMAL,True,2.0,2.0,0.0,2,OPTIMAL,True,2.0,2.0,0.0,2,OPTIMAL,True,2.0,2.0,0.0,2,OPTIMAL,True,2.0,2.0,0.0,2,2,2,3,0,0,2,0,0,2,2,2.0,5,18,18,2,9,2,9,1,2,1,4
8,3,2,6,0.0,0.0,0.1,0,dense,runner_up,0.129975,4,OPTIMAL,True,4.0,4.0,0.0,4,OPTIMAL,True,4.0,4.0,0.0,4,OPTIMAL,True,4.0,4.0,0.0,4,OPTIMAL,True,4.0,4.0,0.0,4,OPTIMAL,True,4.0,4.0,0.0,4,OPTIMAL,True,4.0,4.0,0.0,3,OPTIMAL,True,3.0,3.0,0.0,4,OPTIMAL,True,4.0,4.0,0.0,3,OPTIMAL,True,3.0,3.0,0.0,4,OPTIMAL,True,4.0,4.0,0.0,4,4,4,4,2,2,3,2,2,3,4,3.6666666666666665,8,24,24,6,19,6,19,3,4,3,10
8,3,2,6,0.0,0.0,0.3,0,dense,runner_up,0.108415,4,OPTIMAL,True,4.0,4.0,0.0,4,OPTIMAL,True,4.0,4.0,0.0,4,OPTIMAL,True,4.0,4.0,0.0,4,OPTIMAL,True,4.0,4.0,0.0,4,OPTIMAL,True,4.0,4.0,0.0,4,OPTIMAL,True,4.0,4.0,0.0,2,OPTIMAL,True,2.0,2.0,0.0,2,OPTIMAL,True,2.0,2.0,0.0,2,OPTIMAL,True,2.0,2.0,0.0,3,OPTIMAL,True,3.0,3.0,0.0,4,4,4,4,0,0,2,0,0,2,3,2.6666666666666665,8,24,24,2,11,2,11,2,3,2,8
8,3,2,6,0.0,0.2,0.1,0,dense,runner_up,0.110247,4,OPTIMAL,True,4.0,4.0,0.0,4,OPTIMAL,True,4.0,4.0,0.0,4,OPTIMAL,True,4.0,4.0,0.0,4,OPTIMAL,True,4.0,4.0,0.0,4,OPTIMAL,True,4.0,4.0,0.0,4,OPTIMAL,True,4.0,4.0,0.0,3,OPTIMAL,True,3.0,3.0,0.0,4,OPTIMAL,True,4.0,4.0,0.0,3,OPTIMAL,True,3.0,3.0,0.0,4,OPTIMAL,True,4.0,4.0,0.0,4,4,4,4,2,2,3,2,2,3,4,3.6666666666666665,8,24,24,5,18,5,18,2,3,2,8
8,3,2,6,0.0,0.2,0.3,0,dense,runner_up,0.106826,4,OPTIMAL,True,4.0,4.0,0.0,4,OPTIMAL,True,4.0,4.0,0.0,4,OPTIMAL,True,4.0,4.0,0.0,4,OPTIMAL,True,4.0,4.0,0.0,4,OPTIMAL,True,4.0,4.0,0.0,4,OPTIMAL,True,4.0,4.0,0.0,2,OPTIMAL,True,2.0,2.0,0.0,2,OPTIMAL,True,2.0,2.0,0.0,2,OPTIMAL,True,2.0,2.0,0.0,3,OPTIMAL,True,3.0,3.0,0.0,4,4,4,4,0,0,1,0,0,2,3,2.6666666666666665,8,24,24,2,10,2,10,2,2,2,6
8,3,2,6,0.2,0.0,0.1,0,dense,runner_up,0.116227,2,OPTIMAL,True,2.0,2.0,0.0,2,OPTIMAL,True,2.0,2.0,0.0,2,OPTIMAL,True,2.0,2.0,0.0,3,OPTIMAL,True,3.0,3.0,0.0,3,OPTIMAL,True,3.0,3.0,0.0,4,OPTIMAL,True,4.0,4.0,0.0,3,OPTIMAL,True,3.0,3.0,0.0,4,OPTIMAL,True,4.0,4.0,0.0,3,OPTIMAL,True,3.0,3.0,0.0,4,OPTIMAL,True,4.0,4.0,0.0,2,2,2,3,2,2,4,2,2,3,4,3.6666666666666665,5,18,18,5,20,5,20,3,4,3,11
8,3,2,6,0.2,0.0,0.3,0,dense,runner_up,0.119156,2,OPTIMAL,True,2.0,2.0,0.0,2,OPTIMAL,True,2.0,2.0,0.0,2,OPTIMAL,True,2.0,2.0,0.0,3,OPTIMAL,True,3.0,3.0,0.0,3,OPTIMAL,True,3.0,3.0,0.0,4,OPTIMAL,True,4.0,4.0,0.0,2,OPTIMAL,True,2.0,2.0,0.0,3,OPTIMAL,True,3.0,3.0,0.0,2,OPTIMAL,True,2.0,2.0,0.0,3,OPTIMAL,True,3.0,3.0,0.0,2,2,2,3,1,1,2,1,1,2,3,2.6666666666666665,5,18,18,4,13,4,13,2,3,2,8
8,3,2,6,0.2,0.2,0.1,0,dense,runner_up,0.119043,2,OPTIMAL,True,2.0,2.0,0.0,2,OPTIMAL,True,2.0,2.0,0.0,2,OPTIMAL,True,2.0,2.0,0.0,3,OPTIMAL,True,3.0,3.0,0.0,3,OPTIMAL,True,3.0,3.0,0.0,4,OPTIMAL,True,4.0,4.0,0.0,2,OPTIMAL,True,2.0,2.0,0.0,4,OPTIMAL,True,4.0,4.0,0.0,2,OPTIMAL,True,2.0,2.0,0.0,4,OPTIMAL,True,4.0,4.0,0.0,2,2,2,3,0,0,4,0,0,2,4,3.0,5,18,18,2,15,2,15,1,3,1,6
8,3,2,6,0.2,0.2,0.3,0,dense,runner_up,0.119457,2,OPTIMAL,True,2.0,2.0,0.0,2,OPTIMAL,True,2.0,2.0,0.0,2,OPTIMAL,True,2.0,2.0,0.0,3,OPTIMAL,True,3.0,3.0,0.0,3,OPTIMAL,True,3.0,3.0,0.0,4,OPTIMAL,True,4.0,4.0,0.0,2,OPTIMAL,True,2.0,2.0,0.0,2,OPTIMAL,True,2.0,2.0,0.0,2,OPTIMAL,True,2.0,2.0,0.0,2,OPTIMAL,True,2.0,2.0,0.0,2,2,2,3,0,0,2,0,0,2,2,2.0,5,18,18,2,9,2,9,1,2,1,4
8,3,2,8,0.0,0.0,0.1,0,dense,runner_up,0.107576,4,OPTIMAL,True,4.0,4.0,0.0,4,OPTIMAL,True,4.0,4.0,0.0,4,OPTIMAL,True,4.0,4.0,0.0,4,OPTIMAL,True,4.0,4.0,0.0,4,OPTIMAL,True,4.0,4.0,0.0,4,OPTIMAL,True,4.0,4.0,0.0,3,OPTIMAL,True,3.0,3.0,0.0,4,OPTIMAL,True,4.0,4.0,0.0,3,OPTIMAL,True,3.0,3.0,0.0,4,OPTIMAL,True,4.0,4.0,0.0,4,4,4,4,2,2,3,2,2,3,4,3.6666666666666665,8,24,24,6,19,6,19,3,4,3,10
8,3,2,8,0.0,0.0,0.3,0,dense,runner_up,0.110244,4,OPTIMAL,True,4.0,4.0,0.0,4,OPTIMAL,True,4.0,4.0,0.0,4,OPTIMAL,True,4.0,4.0,0.0,4,OPTIMAL,True,4.0,4.0,0.0,4,OPTIMAL,True,4.0,4.0,0.0,4,OPTIMAL,True,4.0,4.0,0.0,2,OPTIMAL,True,2.0,2.0,0.0,2,OPTIMAL,True,2.0,2.0,0.0,2,OPTIMAL,True,2.0,2.0,0.0,3,OPTIMAL,True,3.0,3.0,0.0,4,4,4,4,0,0,2,0,0,2,3,2.6666666666666665,8,24,24,2,11,2,11,2,3,2,8
8,3,2,8,0.0,0.2,0.1,0,dense,runner_up,0.113245,4,OPTIMAL,True,4.0,4.0,0.0,4,OPTIMAL,True,4.0,4.0,0.0,4,OPTIMAL,True,4.0,4.0,0.0,4,OPTIMAL,True,4.0,4.0,0.0,4,OPTIMAL,True,4.0,4.0,0.0,4,OPTIMAL,True,4.0,4.0,0.0,3,OPTIMAL,True,3.0,3.0,0.0,4,OPTIMAL,True,4.0,4.0,0.0,3,OPTIMAL,True,3.0,3.0,0.0,4,OPTIMAL,True,4.0,4.0,0.0,4,4,4,4,2,2,3,2,2,3,4,3.6666666666666665,8,24,24,5,18,5,18,2,3,2,8
8,3,2,8,0.0,0.2,0.3,0,dense,runner_up,0.112588,4,OPTIMAL,True,4.0,4.0,0.0,4,OPTIMAL,True,4.0,4.0,0.0,4,OPTIMAL,True,4.0,4.0,0.0,4,OPTIMAL,True,4.0,4.0,0.0,4,OPTIMAL,True,4.0,4.0,0.0,4,OPTIMAL,True,4.0,4.0,0.0,2,OPTIMAL,True,2.0,2.0,0.0,2,OPTIMAL,True,2.0,2.0,0.0,2,OPTIMAL,True,2.0,2.0,0.0,3,OPTIMAL,True,3.0,3.0,0.0,4,4,4,4,0,0,1,0,0,2,3,2.6666666666666665,8,24,24,2,10,2,10,2,2,2,6
8,3,2,8,0.2,0.0,0.1,0,dense,runner_up,0.119879,2,OPTIMAL,True,2.0,2.0,0.0,2,OPTIMAL,True,2.0,2.0,0.0,2,OPTIMAL,True,2.0,2.0,0.0,3,OPTIMAL,True,3.0,3.0,0.0,3,OPTIMAL,True,3.0,3.0,0.0,4,OPTIMAL,True,4.0,4.0,0.0,3,OPTIMAL,True,3.0,3.0,0.0,4,OPTIMAL,True,4.0,4.0,0.0,3,OPTIMAL,True,3.0,3.0,0.0,4,OPTIMAL,True,4.0,4.0,0.0,2,2,2,3,2,2,4,2,2,3,4,3.6666666666666665,5,17,17,5,20,5,20,3,4,3,11
8,3,2,8,0.2,0.0,0.3,0,dense,runner_up,0.122644,2,OPTIMAL,True,2.0,2.0,0.0,2,OPTIMAL,True,2.0,2.0,0.0,2,OPTIMAL,True,2.0,2.0,0.0,3,OPTIMAL,True,3.0,3.0,0.0,3,OPTIMAL,True,3.0,3.0,0.0,4,OPTIMAL,True,4.0,4.0,0.0,2,OPTIMAL,True,2.0,2.0,0.0,3,OPTIMAL,True,3.0,3.0,0.0,2,OPTIMAL,True,2.0,2.0,0.0,3,OPTIMAL,True,3.0,3.0,0.0,2,2,2,3,1,1,2,1,1,2,3,2.6666666666666665,5,17,17,4,13,4,13,2,3,2,8
8,3,2,8,0.2,0.2,0.1,0,dense,runner_up,0.123087,2,OPTIMAL,True,2.0,2.0,0.0,2,OPTIMAL,True,2.0,2.0,0.0,2,OPTIMAL,True,2.0,2.0,0.0,3,OPTIMAL,True,3.0,3.0,0.0,3,OPTIMAL,True,3.0,3.0,0.0,4,OPTIMAL,True,4.0,4.0,0.0,2,OPTIMAL,True,2.0,2.0,0.0,4,OPTIMAL,True,4.0,4.0,0.0,2,OPTIMAL,True,2.0,2.0,0.0,4,OPTIMAL,True,4.0,4.0,0.0,2,2,2,3,0,0,4,0,0,2,4,3.0,5,17,17,2,15,2,15,1,3,1,6
8,3,2,8,0.2,0.2,0.3,0,dense,runner_up,0.124193,2,OPTIMAL,True,2.0,2.0,0.0,2,OPTIMAL,True,2.0,2.0,0.0,2,OPTIMAL,True,2.0,2.0,0.0,3,OPTIMAL,True,3.0,3.0,0.0,3,OPTIMAL,True,3.0,3.0,0.0,4,OPTIMAL,True,4.0,4.0,0.0,2,OPTIMAL,True,2.0,2.0,0.0,2,OPTIMAL,True,2.0,2.0,0.0,2,OPTIMAL,True,2.0,2.0,0.0,2,OPTIMAL,True,2.0,2.0,0.0,2,2,2,3,0,0,2,0,0,2,2,2.0,5,17,17,2,9,2,9,1,2,1,4
8,3,3,4,0.0,0.0,0.1,0,dense,runner_up,0.107447,4,OPTIMAL,True,4.0,4.0,0.0,4,OPTIMAL,True,4.0,4.0,0.0,4,OPTIMAL,True,4.0,4.0,0.0,4,OPTIMAL,True,4.0,4.0,0.0,4,OPTIMAL,True,4.0,4.0,0.0,4,OPTIMAL,True,4.0,4.0,0.0,4,OPTIMAL,True,4.0,4.0,0.0,3,OPTIMAL,True,3.0,3.0,0.0,4,OPTIMAL,True,4.0,4.0,0.0,4,OPTIMAL,True,4.0,4.0,0.0,4,4,4,4,2,2,3,2,2,4,4,4.0,12,36,36,9,29,9,29,3,3,3,9
8,3,3,4,0.0,0.0,0.3,0,dense,runner_up,0.112871,4,OPTIMAL,True,4.0,4.0,0.0,4,OPTIMAL,True,4.0,4.0,0.0,4,OPTIMAL,True,4.0,4.0,0.0,4,OPTIMAL,True,4.0,4.0,0.0,4,OPTIMAL,True,4.0,4.0,0.0,4,OPTIMAL,True,4.0,4.0,0.0,3,OPTIMAL,True,3.0,3.0,0.0,2,OPTIMAL,True,2.0,2.0,0.0,3,OPTIMAL,True,3.0,3.0,0.0,3,OPTIMAL,True,3.0,3.0,0.0,4,4,4,4,0,0,2,0,0,3,3,3.0,12,36,36,5,17,5,17,2,2,2,6
8,3,3,4,0.0,0.2,0.1,0,dense,runner_up,0.113212,4,OPTIMAL,True,4.0,4.0,0.0,4,OPTIMAL,True,4.0,4.0,0.0,4,OPTIMAL,True,4.0,4.0,0.0,4,OPTIMAL,True,4.0,4.0,0.0,4,OPTIMAL,True,4.0,4.0,0.0,4,OPTIMAL,True,4.0,4.0,0.0,3,OPTIMAL,True,3.0,3.0,0.0,3,OPTIMAL,True,3.0,3.0,0.0,3,OPTIMAL,True,3.0,3.0,0.0,4,OPTIMAL,True,4.0,4.0,0.0,4,4,4,4,1,1,3,1,1,3,4,3.6666666666666665,12,36,36,6,24,6,24,1,2,1,5
8,3,3,4,0.0,0.2,0.3,0,dense,runner_up,0.112580,4,OPTIMAL,True,4.0,4.0,0.0,4,OPTIMAL,True,4.0,4.0,0.0,4,OPTIMAL,True,4.0,4.0,0.0,4,OPTIMAL,True,4.0,4.0,0.0,4,OPTIMAL,True,4.0,4.0,0.0,4,OPTIMAL,True,4.0,4.0,0.0,2,OPTIMAL,True,2.0,2.0,0.0,2,OPTIMAL,True,2.0,2.0,0.0,2,OPTIMAL,True,2.0,2.0,0.0,3,OPTIMAL,True,3.0,3.0,0.0,4,4,4,4,0,0,2,0,0,2,3,2.3333333333333335,12,36,36,3,14,3,14,1,2,1,4
8,3,3,4,0.2,0.0,0.1,0,dense,runner_up,0.122956,2,OPTIMAL,True,2.0,2.0,0.0,2,OPTIMAL,True,2.0,2.0,0.0,2,OPTIMAL,True,2.0,2.0,0.0,3,OPTIMAL,True,3.0,3.0,0.0,2,OPTIMAL,True,2.0,2.0,0.0,4,OPTIMAL,True,4.0,4.0,0.0,4,OPTIMAL,True,4.0,4.0,0.0,4,OPTIMAL,True,4.0,4.0,0.0,4,OPTIMAL,True,4.0,4.0,0.0,4,OPTIMAL,True,4.0,4.0,0.0,2,2,2,2,2,2,3,2,2,4,4,4.0,8,26,26,9,30,9,30,3,4,3,10
8,3,3,4,0.2,0.0,0.3,0,dense,runner_up,0.127984,2,OPTIMAL,True,2.0,2.0,0.0,2,OPTIMAL,True,2.0,2.0,0.0,2,OPTIMAL,True,2.0,2.0,0.0,3,OPTIMAL,True,3.0,3.0,0.0,2,OPTIMAL,True,2.0,2.0,0.0,4,OPTIMAL,True,4.0,4.0,0.0,2,OPTIMAL,True,2.0,2.0,0.0,3,OPTIMAL,True,3.0,3.0,0.0,2,OPTIMAL,True,2.0,2.0,0.0,4,OPTIMAL,True,4.0,4.0,0.0,2,2,2,2,1,1,2,1,1,2,4,3.0,8,26,26,4,21,4,21,2,3,2,7
8,3,3,4,0.2,0.2,0.1,0,dense,runner_up,0.128137,2,OPTIMAL,True,2.0,2.0,0.0,2,OPTIMAL,True,2.0,2.0,0.0,2,OPTIMAL,True,2.0,2.0,0.0,3,OPTIMAL,True,3.0,3.0,0.0,2,OPTIMAL,True,2.0,2.0,0.0,4,OPTIMAL,True,4.0,4.0,0.0,3,OPTIMAL,True,3.0,3.0,0.0,4,OPTIMAL,True,4.0,4.0,0.0,3,OPTIMAL,True,3.0,3.0,0.0,4,OPTIMAL,True,4.0,4.0,0.0,2,2,2,2,1,1,2,1,1,3,4,3.6666666666666665,8,26,26,6,25,6,25,1,3,1,6
8,3,3,4,0.2,0.2,0.3,0,dense,runner_up,0.126711,2,OPTIMAL,True,2.0,2.0,0.0,2,OPTIMAL,True,2.0,2.0,0.0,2,OPTIMAL,True,2.0,2.0,0.0,3,OPTIMAL,True,3.0,3.0,0.0,2,OPTIMAL,True,2.0,2.0,0.0,4,OPTIMAL,True,4.0,4.0,0.0,2,OPTIMAL,True,2.0,2.0,0.0,3,OPTIMAL,True,3.0,3.0,0.0,2,OPTIMAL,True,2.0,2.0,0.0,4,OPTIMAL,True,4.0,4.0,0.0,2,2,2,2,0,0,2,0,0,2,4,3.0,8,26,26,2,17,2,17,1,3,1,6
8,3,3,6,0.0,0.0,0.1,0,dense,runner_up,0.111820,4,OPTIMAL,True,4.0,4.0,0.0,4,OPTIMAL,True,4.0,4.0,0.0,4,OPTIMAL,True,4.0,4.0,0.0,4,OPTIMAL,True,4.0,4.0,0.0,4,OPTIMAL,True,4.0,4.0,0.0,4,OPTIMAL,True,4.0,4.0,0.0,4,OPTIMAL,True,4.0,4.0,0.0,3,OPTIMAL,True,3.0,3.0,0.0,4,OPTIMAL,True,4.0,4.0,0.0,4,OPTIMAL,True,4.0,4.0,0.0,4,4,4,4,2,2,3,2,2,4,4,4.0,12,36,36,9,29,9,29,3,3,3,9
8,3,3,6,0.0,0.0,0.3,0,dense,runner_up,0.117616,4,OPTIMAL,True,4.0,4.0,0.0,4,OPTIMAL,True,4.0,4.0,0.0,4,OPTIMAL,True,4.0,4.0,0.0,4,OPTIMAL,True,4.0,4.0,0.0,4,OPTIMAL,True,4.0,4.0,0.0,4,OPTIMAL,True,4.0,4.0,0.0,3,OPTIMAL,True,3.0,3.0,0.0,2,OPTIMAL,True,2.0,2.0,0.0,3,OPTIMAL,True,3.0,3.0,0.0,3,OPTIMAL,True,3.0,3.0,0.0,4,4,4,4,0,0,2,0,0,3,3,3.0,12,36,36,5,17,5,17,2,2,2,6
8,3,3,6,0.0,0.2,0.1,0,dense,runner_up,0.119979,4,OPTIMAL,True,4.0,4.0,0.0,4,OPTIMAL,True,4.0,4.0,0.0,4,OPTIMAL,True,4.0,4.0,0.0,4,OPTIMAL,True,4.0,4.0,0.0,4,OPTIMAL,True,4.0,4.0,0.0,4,OPTIMAL,True,4.0,4.0,0.0,3,OPTIMAL,True,3.0,3.0,0.0,3,OPTIMAL,True,3.0,3.0,0.0,3,OPTIMAL,True,3.0,3.0,0.0,4,OPTIMAL,True,4.0,4.0,0.0,4,4,4,4,2,2,3,2,2,3,4,3.6666666666666665,12,36,36,7,25,7,25,1,2,1,5
8,3,3,6,0.0,0.2,0.3,0,dense,runner_up,0.117098,4,OPTIMAL,True,4.0,4.0,0.0,4,OPTIMAL,True,4.0,4.0,0.0,4,OPTIMAL,True,4.0,4.0,0.0,4,OPTIMAL,True,4.0,4.0,0.0,4,OPTIMAL,True,4.0,4.0,0.0,4,OPTIMAL,True,4.0,4.0,0.0,2,OPTIMAL,True,2.0,2.0,0.0,2,OPTIMAL,True,2.0,2.0,0.0,2,OPTIMAL,True,2.0,2.0,0.0,3,OPTIMAL,True,3.0,3.0,0.0,4,4,4,4,0,0,2,0,0,2,3,2.3333333333333335,12,36,36,3,14,3,14,1,2,1,4
8,3,3,6,0.2,0.0,0.1,0,dense,runner_up,0.128691,2,OPTIMAL,True,2.0,2.0,0.0,2,OPTIMAL,True,2.0,2.0,0.0,2,OPTIMAL,True,2.0,2.0,0.0,3,OPTIMAL,True,3.0,3.0,0.0,3,OPTIMAL,True,3.0,3.0,0.0,4,OPTIMAL,True,4.0,4.0,0.0,4,OPTIMAL,True,4.0,4.0,0.0,4,OPTIMAL,True,4.0,4.0,0.0,4,OPTIMAL,True,4.0,4.0,0.0,4,OPTIMAL,True,4.0,4.0,0.0,2,2,2,3,2,2,3,2,2,4,4,4.0,7,26,26,9,30,9,30,3,4,3,10
8,3,3,6,0.2,0.0,0.3,0,dense,runner_up,0.132844,2,OPTIMAL,True,2.0,2.0,0.0,2,OPTIMAL,True,2.0,2.0,0.0,2,OPTIMAL,True,2.0,2.0,0.0,3,OPTIMAL,True,3.0,3.0,0.0,3,OPTIMAL,True,3.0,3.0,0.0,4,OPTIMAL,True,4.0,4.0,0.0,2,OPTIMAL,True,2.0,2.0,0.0,3,OPTIMAL,True,3.0,3.0,0.0,2,OPTIMAL,True,2.0,2.0,0.0,4,OPTIMAL,True,4.0,4.0,0.0,2,2,2,3,1,1,2,1,1,2,4,3.0,7,26,26,4,21,4,21,2,3,2,7
8,3,3,6,0.2,0.2,0.1,0,dense,runner_up,0.133948,2,OPTIMAL,True,2.0,2.0,0.0,2,OPTIMAL,True,2.0,2.0,0.0,2,OPTIMAL,True,2.0,2.0,0.0,3,OPTIMAL,True,3.0,3.0,0.0,3,OPTIMAL,True,3.0,3.0,0.0,4,OPTIMAL,True,4.0,4.0,0.0,3,OPTIMAL,True,3.0,3.0,0.0,4,OPTIMAL,True,4.0,4.0,0.0,3,OPTIMAL,True,3.0,3.0,0.0,4,OPTIMAL,True,4.0,4.0,0.0,2,2,2,3,1,1,2,1,1,3,4,3.6666666666666665,7,26,26,6,25,6,25,1,3,1,6
8,3,3,6,0.2,0.2,0.3,0,dense,runner_up,0.132927,2,OPTIMAL,True,2.0,2.0,0.0,2,OPTIMAL,True,2.0,2.0,0.0,2,OPTIMAL,True,2.0,2.0,0.0,3,OPTIMAL,True,3.0,3.0,0.0,3,OPTIMAL,True,3.0,3.0,0.0,4,OPTIMAL,True,4.0,4.0,0.0,2,OPTIMAL,True,2.0,2.0,0.0,3,OPTIMAL,True,3.0,3.0,0.0,2,OPTIMAL,True,2.0,2.0,0.0,4,OPTIMAL,True,4.0,4.0,0.0,2,2,2,3,0,0,2,0,0,2,4,3.0,7,26,26,3,18,3,18,1,3,1,5
8,3,3,8,0.0,0.0,0.1,0,dense,runner_up,0.115489,4,OPTIMAL,True,4.0,4.0,0.0,4,OPTIMAL,True,4.0,4.0,0.0,4,OPTIMAL,True,4.0,4.0,0.0,4,OPTIMAL,True,4.0,4.0,0.0,4,OPTIMAL,True,4.0,4.0,0.0,4,OPTIMAL,True,4.0,4.0,0.0,4,OPTIMAL,True,4.0,4.0,0.0,3,OPTIMAL,True,3.0,3.0,0.0,4,OPTIMAL,True,4.0,4.0,0.0,4,OPTIMAL,True,4.0,4.0,0.0,4,4,4,4,2,2,3,2,2,4,4,4.0,12,36,36,9,29,9,29,3,3,3,9
8,3,3,8,0.0,0.0,0.3,0,dense,runner_up,0.121138,4,OPTIMAL,True,4.0,4.0,0.0,4,OPTIMAL,True,4.0,4.0,0.0,4,OPTIMAL,True,4.0,4.0,0.0,4,OPTIMAL,True,4.0,4.0,0.0,4,OPTIMAL,True,4.0,4.0,0.0,4,OPTIMAL,True,4.0,4.0,0.0,3,OPTIMAL,True,3.0,3.0,0.0,2,OPTIMAL,True,2.0,2.0,0.0,3,OPTIMAL,True,3.0,3.0,0.0,3,OPTIMAL,True,3.0,3.0,0.0,4,4,4,4,0,0,2,0,0,3,3,3.0,12,36,36,5,17,5,17,2,2,2,6
8,3,3,8,0.0,0.2,0.1,0,dense,runner_up,0.123254,4,OPTIMAL,True,4.0,4.0,0.0,4,OPTIMAL,True,4.0,4.0,0.0,4,OPTIMAL,True,4.0,4.0,0.0,4,OPTIMAL,True,4.0,4.0,0.0,4,OPTIMAL,True,4.0,4.0,0.0,4,OPTIMAL,True,4.0,4.0,0.0,3,OPTIMAL,True,3.0,3.0,0.0,3,OPTIMAL,True,3.0,3.0,0.0,3,OPTIMAL,True,3.0,3.0,0.0,4,OPTIMAL,True,4.0,4.0,0.0,4,4,4,4,2,2,3,2,2,3,4,3.6666666666666665,12,36,36,7,25,7,25,1,2,1,5
8,3,3,8,0.0,0.2,0.3,0,dense,runner_up,0.122617,4,OPTIMAL,True,4.0,4.0,0.0,4,OPTIMAL,True,4.0,4.0,0.0,4,OPTIMAL,True,4.0,4.0,0.0,4,OPTIMAL,True,4.0,4.0,0.0,4,OPTIMAL,True,4.0,4.0,0.0,4,OPTIMAL,True,4.0,4.0,0.0,2,OPTIMAL,True,2.0,2.0,0.0,2,OPTIMAL,True,2.0,2.0,0.0,2,OPTIMAL,True,2.0,2.0,0.0,3,OPTIMAL,True,3.0,3.0,0.0,4,4,4,4,0,0,2,0,0,2,3,2.3333333333333335,12,36,36,3,14,3,14,1,2,1,4
8,3,3,8,0.2,0.0,0.1,0,dense,runner_up,0.132041,2,OPTIMAL,True,2.0,2.0,0.0,2,OPTIMAL,True,2.0,2.0,0.0,2,OPTIMAL,True,2.0,2.0,0.0,3,OPTIMAL,True,3.0,3.0,0.0,3,OPTIMAL,True,3.0,3.0,0.0,4,OPTIMAL,True,4.0,4.0,0.0,4,OPTIMAL,True,4.0,4.0,0.0,4,OPTIMAL,True,4.0,4.0,0.0,4,OPTIMAL,True,4.0,4.0,0.0,4,OPTIMAL,True,4.0,4.0,0.0,2,2,2,3,2,2,3,2,2,4,4,4.0,8,27,27,9,30,9,30,3,4,3,10
8,3,3,8,0.2,0.0,0.3,0,dense,runner_up,0.136921,2,OPTIMAL,True,2.0,2.0,0.0,2,OPTIMAL,True,2.0,2.0,0.0,2,OPTIMAL,True,2.0,2.0,0.0,3,OPTIMAL,True,3.0,3.0,0.0,3,OPTIMAL,True,3.0,3.0,0.0,4,OPTIMAL,True,4.0,4.0,0.0,2,OPTIMAL,True,2.0,2.0,0.0,3,OPTIMAL,True,3.0,3.0,0.0,2,OPTIMAL,True,2.0,2.0,0.0,4,OPTIMAL,True,4.0,4.0,0.0,2,2,2,3,1,1,2,1,1,2,4,3.0,8,27,27,4,21,4,21,2,3,2,7
8,3,3,8,0.2,0.2,0.1,0,dense,runner_up,0.137152,2,OPTIMAL,True,2.0,2.0,0.0,2,OPTIMAL,True,2.0,2.0,0.0,2,OPTIMAL,True,2.0,2.0,0.0,3,OPTIMAL,True,3.0,3.0,0.0,3,OPTIMAL,True,3.0,3.0,0.0,4,OPTIMAL,True,4.0,4.0,0.0,3,OPTIMAL,True,3.0,3.0,0.0,4,OPTIMAL,True,4.0,4.0,0.0,3,OPTIMAL,True,3.0,3.0,0.0,4,OPTIMAL,True,4.0,4.0,0.0,2,2,2,3,1,1,2,1,1,3,4,3.6666666666666665,8,27,27,6,25,6,25,1,3,1,6
8,3,3,8,0.2,0.2,0.3,0,dense,runner_up,0.144121,2,OPTIMAL,True,2.0,2.0,0.0,2,OPTIMAL,True,2.0,2.0,0.0,2,OPTIMAL,True,2.0,2.0,0.0,3,OPTIMAL,True,3.0,3.0,0.0,3,OPTIMAL,True,3.0,3.0,0.0,4,OPTIMAL,True,4.0,4.0,0.0,2,OPTIMAL,True,2.0,2.0,0.0,3,OPTIMAL,True,3.0,3.0,0.0,2,OPTIMAL,True,2.0,2.0,0.0,4,OPTIMAL,True,4.0,4.0,0.0,2,2,2,3,0,0,2,0,0,2,4,3.0,8,27,27,3,18,3,18,1,3,1,6
8,3,4,4,0.0,0.0,0.1,0,dense,runner_up,0.125828,4,OPTIMAL,True,4.0,4.0,0.0,4,OPTIMAL,True,4.0,4.0,0.0,4,OPTIMAL,True,4.0,4.0,0.0,4,OPTIMAL,True,4.0,4.0,0.0,4,OPTIMAL,True,4.0,4.0,0.0,4,OPTIMAL,True,4.0,4.0,0.0,4,OPTIMAL,True,4.0,4.0,0.0,3,OPTIMAL,True,3.0,3.0,0.0,4,OPTIMAL,True,4.0,4.0,0.0,4,OPTIMAL,True,4.0,4.0,0.0,4,4,4,4,2,2,2,2,2,4,4,4.0,16,48,48,11,36,11,36,2,3,2,8
8,3,4,4,0.0,0.0,0.3,0,dense,runner_up,0.119878,4,OPTIMAL,True,4.0,4.0,0.0,4,OPTIMAL,True,4.0,4.0,0.0,4,OPTIMAL,True,4.0,4.0,0.0,4,OPTIMAL,True,4.0,4.0,0.0,4,OPTIMAL,True,4.0,4.0,0.0,4,OPTIMAL,True,4.0,4.0,0.0,4,OPTIMAL,True,4.0,4.0,0.0,3,OPTIMAL,True,3.0,3.0,0.0,4,OPTIMAL,True,4.0,4.0,0.0,4,OPTIMAL,True,4.0,4.0,0.0,4,4,4,4,0,0,1,0,0,4,4,4.0,16,48,48,7,28,7,28,2,3,2,7
8,3,4,4,0.0,0.2,0.1,0,dense,runner_up,0.121239,4,OPTIMAL,True,4.0,4.0,0.0,4,OPTIMAL,True,4.0,4.0,0.0,4,OPTIMAL,True,4.0,4.0,0.0,4,OPTIMAL,True,4.0,4.0,0.0,4,OPTIMAL,True,4.0,4.0,0.0,4,OPTIMAL,True,4.0,4.0,0.0,3,OPTIMAL,True,3.0,3.0,0.0,3,OPTIMAL,True,3.0,3.0,0.0,3,OPTIMAL,True,3.0,3.0,0.0,4,OPTIMAL,True,4.0,4.0,0.0,4,4,4,4,1,1,2,1,1,3,4,3.3333333333333335,16,48,48,8,28,8,28,1,1,1,3
8,3,4,4,0.0,0.2,0.3,0,dense,runner_up,0.118691,4,OPTIMAL,True,4.0,4.0,0.0,4,OPTIMAL,True,4.0,4.0,0.0,4,OPTIMAL,True,4.0,4.0,0.0,4,OPTIMAL,True,4.0,4.0,0.0,4,OPTIMAL,True,4.0,4.0,0.0,4,OPTIMAL,True,4.0,4.0,0.0,3,OPTIMAL,True,3.0,3.0,0.0,3,OPTIMAL,True,3.0,3.0,0.0,3,OPTIMAL,True,3.0,3.0,0.0,4,OPTIMAL,True,4.0,4.0,0.0,4,4,4,4,0,0,0,0,0,3,4,3.3333333333333335,16,48,48,5,21,5,21,1,2,1,4
8,3,4,4,0.2,0.0,0.1,0,dense,runner_up,0.135496,2,OPTIMAL,True,2.0,2.0,0.0,2,OPTIMAL,True,2.0,2.0,0.0,2,OPTIMAL,True,2.0,2.0,0.0,3,OPTIMAL,True,3.0,3.0,0.0,3,OPTIMAL,True,3.0,3.0,0.0,4,OPTIMAL,True,4.0,4.0,0.0,4,OPTIMAL,True,4.0,4.0,0.0,3,OPTIMAL,True,3.0,3.0,0.0,4,OPTIMAL,True,4.0,4.0,0.0,4,OPTIMAL,True,4.0,4.0,0.0,2,2,2,3,2,2,3,2,2,4,4,4.0,12,36,36,12,38,12,38,2,3,2,8
8,3,4,4,0.2,0.0,0.3,0,dense,runner_up,0.134793,2,OPTIMAL,True,2.0,2.0,0.0,2,OPTIMAL,True,2.0,2.0,0.0,2,OPTIMAL,True,2.0,2.0,0.0,3,OPTIMAL,True,3.0,3.0,0.0,3,OPTIMAL,True,3.0,3.0,0.0,4,OPTIMAL,True,4.0,4.0,0.0,3,OPTIMAL,True,3.0,3.0,0.0,2,OPTIMAL,True,2.0,2.0,0.0,3,OPTIMAL,True,3.0,3.0,0.0,4,OPTIMAL,True,4.0,4.0,0.0,2,2,2,3,0,0,2,0,0,3,4,3.6666666666666665,12,36,36,7,25,7,25,2,2,2,6
8,3,4,4,0.2,0.2,0.1,0,dense,runner_up,0.136329,2,OPTIMAL,True,2.0,2.0,0.0,2,OPTIMAL,True,2.0,2.0,0.0,2,OPTIMAL,True,2.0,2.0,0.0,3,OPTIMAL,True,3.0,3.0,0.0,3,OPTIMAL,True,3.0,3.0,0.0,4,OPTIMAL,True,4.0,4.0,0.0,3,OPTIMAL,True,3.0,3.0,0.0,2,OPTIMAL,True,2.0,2.0,0.0,3,OPTIMAL,True,3.0,3.0,0.0,4,OPTIMAL,True,4.0,4.0,0.0,2,2,2,3,1,1,2,1,1,3,4,3.3333333333333335,12,36,36,8,28,8,28,1,1,1,3
8,3,4,4,0.2,0.2,0.3,0,dense,runner_up,0.135144,2,OPTIMAL,True,2.0,2.0,0.0,2,OPTIMAL,True,2.0,2.0,0.0,2,OPTIMAL,True,2.0,2.0,0.0,3,OPTIMAL,True,3.0,3.0,0.0,3,OPTIMAL,True,3.0,3.0,0.0,4,OPTIMAL,True,4.0,4.0,0.0,2,OPTIMAL,True,2.0,2.0,0.0,1,OPTIMAL,True,1.0,1.0,0.0,2,OPTIMAL,True,2.0,2.0,0.0,4,OPTIMAL,True,4.0,4.0,0.0,2,2,2,3,0,0,1,0,0,2,4,2.6666666666666665,12,36,36,4,16,4,16,1,2,1,4
8,3,4,6,0.0,0.0,0.1,0,dense,runner_up,0.125087,4,OPTIMAL,True,4.0,4.0,0.0,4,OPTIMAL,True,4.0,4.0,0.0,4,OPTIMAL,True,4.0,4.0,0.0,4,OPTIMAL,True,4.0,4.0,0.0,4,OPTIMAL,True,4.0,4.0,0.0,4,OPTIMAL,True,4.0,4.0,0.0,4,OPTIMAL,True,4.0,4.0,0.0,3,OPTIMAL,True,3.0,3.0,0.0,4,OPTIMAL,True,4.0,4.0,0.0,4,OPTIMAL,True,4.0,4.0,0.0,4,4,4,4,2,2,2,2,2,4,4,4.0,16,48,48,11,36,11,36,2,3,2,8
8,3,4,6,0.0,0.0,0.3,0,dense,runner_up,0.126114,4,OPTIMAL,True,4.0,4.0,0.0,4,OPTIMAL,True,4.0,4.0,0.0,4,OPTIMAL,True,4.0,4.0,0.0,4,OPTIMAL,True,4.0,4.0,0.0,4,OPTIMAL,True,4.0,4.0,0.0,4,OPTIMAL,True,4.0,4.0,0.0,4,OPTIMAL,True,4.0,4.0,0.0,3,OPTIMAL,True,3.0,3.0,0.0,4,OPTIMAL,True,4.0,4.0,0.0,4,OPTIMAL,True,4.0,4.0,0.0,4,4,4,4,0,0,1,0,0,4,4,4.0,16,48,48,7,28,7,28,2,3,2,7
8,3,4,6,0.0,0.2,0.1,0,dense,runner_up,0.125895,4,OPTIMAL,True,4.0,4.0,0.0,4,OPTIMAL,True,4.0,4.0,0.0,4,OPTIMAL,True,4.0,4.0,0.0,4,OPTIMAL,True,4.0,4.0,0.0,4,OPTIMAL,True,4.0,4.0,0.0,4,OPTIMAL,True,4.0,4.0,0.0,3,OPTIMAL,True,3.0,3.0,0.0,3,OPTIMAL,True,3.0,3.0,0.0,3,OPTIMAL,True,3.0,3.0,0.0,4,OPTIMAL,True,4.0,4.0,0.0,4,4,4,4,1,1,2,1,1,3,4,3.3333333333333335,16,48,48,7,27,7,27,1,1,1,3
8,3,4,6,0.0,0.2,0.3,0,dense,runner_up,0.124358,4,OPTIMAL,True,4.0,4.0,0.0,4,OPTIMAL,True,4.0,4.0,0.0,4,OPTIMAL,True,4.0,4.0,0.0,4,OPTIMAL,True,4.0,4.0,0.0,4,OPTIMAL,True,4.0,4.0,0.0,4,OPTIMAL,True,4.0,4.0,0.0,3,OPTIMAL,True,3.0,3.0,0.0,3,OPTIMAL,True,3.0,3.0,0.0,3,OPTIMAL,True,3.0,3.0,0.0,4,OPTIMAL,True,4.0,4.0,0.0,4,4,4,4,0,0,0,0,0,3,4,3.3333333333333335,16,48,48,5,20,5,20,1,2,1,4
8,3,4,6,0.2,0.0,0.1,0,dense,runner_up,0.139669,2,OPTIMAL,True,2.0,2.0,0.0,2,OPTIMAL,True,2.0,2.0,0.0,2,OPTIMAL,True,2.0,2.0,0.0,3,OPTIMAL,True,3.0,3.0,0.0,3,OPTIMAL,True,3.0,3.0,0.0,4,OPTIMAL,True,4.0,4.0,0.0,4,OPTIMAL,True,4.0,4.0,0.0,3,OPTIMAL,True,3.0,3.0,0.0,4,OPTIMAL,True,4.0,4.0,0.0,4,OPTIMAL,True,4.0,4.0,0.0,2,2,2,3,2,2,3,2,2,4,4,4.0,11,35,35,12,38,12,38,2,3,2,8
8,3,4,6,0.2,0.0,0.3,0,dense,runner_up,0.141942,2,OPTIMAL,True,2.0,2.0,0.0,2,OPTIMAL,True,2.0,2.0,0.0,2,OPTIMAL,True,2.0,2.0,0.0,3,OPTIMAL,True,3.0,3.0,0.0,3,OPTIMAL,True,3.0,3.0,0.0,4,OPTIMAL,True,4.0,4.0,0.0,3,OPTIMAL,True,3.0,3.0,0.0,2,OPTIMAL,True,2.0,2.0,0.0,3,OPTIMAL,True,3.0,3.0,0.0,4,OPTIMAL,True,4.0,4.0,0.0,2,2,2,3,0,0,2,0,0,3,4,3.6666666666666665,11,35,35,7,25,7,25,2,2,2,6
8,3,4,6,0.2,0.2,0.1,0,dense,runner_up,0.140851,2,OPTIMAL,True,2.0,2.0,0.0,2,OPTIMAL,True,2.0,2.0,0.0,2,OPTIMAL,True,2.0,2.0,0.0,3,OPTIMAL,True,3.0,3.0,0.0,3,OPTIMAL,True,3.0,3.0,0.0,4,OPTIMAL,True,4.0,4.0,0.0,3,OPTIMAL,True,3.0,3.0,0.0,2,OPTIMAL,True,2.0,2.0,0.0,3,OPTIMAL,True,3.0,3.0,0.0,4,OPTIMAL,True,4.0,4.0,0.0,2,2,2,3,1,1,2,1,1,3,4,3.3333333333333335,11,35,35,8,29,8,29,1,1,1,3
8,3,4,6,0.2,0.2,0.3,0,dense,runner_up,0.137333,2,OPTIMAL,True,2.0,2.0,0.0,2,OPTIMAL,True,2.0,2.0,0.0,2,OPTIMAL,True,2.0,2.0,0.0,3,OPTIMAL,True,3.0,3.0,0.0,3,OPTIMAL,True,3.0,3.0,0.0,4,OPTIMAL,True,4.0,4.0,0.0,2,OPTIMAL,True,2.0,2.0,0.0,1,OPTIMAL,True,1.0,1.0,0.0,2,OPTIMAL,True,2.0,2.0,0.0,4,OPTIMAL,True,4.0,4.0,0.0,2,2,2,3,0,0,1,0,0,2,4,3.0,11,35,35,4,17,4,17,1,1,1,3
8,3,4,8,0.0,0.0,0.1,0,dense,runner_up,0.129706,4,OPTIMAL,True,4.0,4.0,0.0,4,OPTIMAL,True,4.0,4.0,0.0,4,OPTIMAL,True,4.0,4.0,0.0,4,OPTIMAL,True,4.0,4.0,0.0,4,OPTIMAL,True,4.0,4.0,0.0,4,OPTIMAL,True,4.0,4.0,0.0,4,OPTIMAL,True,4.0,4.0,0.0,3,OPTIMAL,True,3.0,3.0,0.0,4,OPTIMAL,True,4.0,4.0,0.0,4,OPTIMAL,True,4.0,4.0,0.0,4,4,4,4,2,2,2,2,2,4,4,4.0,16,48,48,11,36,11,36,2,3,2,8
8,3,4,8,0.0,0.0,0.3,0,dense,runner_up,0.131269,4,OPTIMAL,True,4.0,4.0,0.0,4,OPTIMAL,True,4.0,4.0,0.0,4,OPTIMAL,True,4.0,4.0,0.0,4,OPTIMAL,True,4.0,4.0,0.0,4,OPTIMAL,True,4.0,4.0,0.0,4,OPTIMAL,True,4.0,4.0,0.0,4,OPTIMAL,True,4.0,4.0,0.0,3,OPTIMAL,True,3.0,3.0,0.0,4,OPTIMAL,True,4.0,4.0,0.0,4,OPTIMAL,True,4.0,4.0,0.0,4,4,4,4,0,0,1,0,0,4,4,4.0,16,48,48,7,28,7,28,2,3,2,7
8,3,4,8,0.0,0.2,0.1,0,dense,runner_up,0.131509,4,OPTIMAL,True,4.0,4.0,0.0,4,OPTIMAL,True,4.0,4.0,0.0,4,OPTIMAL,True,4.0,4.0,0.0,4,OPTIMAL,True,4.0,4.0,0.0,4,OPTIMAL,True,4.0,4.0,0.0,4,OPTIMAL,True,4.0,4.0,0.0,3,OPTIMAL,True,3.0,3.0,0.0,3,OPTIMAL,True,3.0,3.0,0.0,3,OPTIMAL,True,3.0,3.0,0.0,4,OPTIMAL,True,4.0,4.0,0.0,4,4,4,4,1,1,2,1,1,3,4,3.3333333333333335,16,48,48,8,29,8,29,1,1,1,3
8,3,4,8,0.0,0.2,0.3,0,dense,runner_up,0.135188,4,OPTIMAL,True,4.0,4.0,0.0,4,OPTIMAL,True,4.0,4.0,0.0,4,OPTIMAL,True,4.0,4.0,0.0,4,OPTIMAL,True,4.0,4.0,0.0,4,OPTIMAL,True,4.0,4.0,0.0,4,OPTIMAL,True,4.0,4.0,0.0,3,OPTIMAL,True,3.0,3.0,0.0,3,OPTIMAL,True,3.0,3.0,0.0,3,OPTIMAL,True,3.0,3.0,0.0,4,OPTIMAL,True,4.0,4.0,0.0,4,4,4,4,0,0,1,0,0,3,4,3.3333333333333335,16,48,48,6,22,6,22,1,2,1,4
8,3,4,8,0.2,0.0,0.1,0,dense,runner_up,0.148737,2,OPTIMAL,True,2.0,2.0,0.0,2,OPTIMAL,True,2.0,2.0,0.0,2,OPTIMAL,True,2.0,2.0,0.0,3,OPTIMAL,True,3.0,3.0,0.0,3,OPTIMAL,True,3.0,3.0,0.0,4,OPTIMAL,True,4.0,4.0,0.0,4,OPTIMAL,True,4.0,4.0,0.0,3,OPTIMAL,True,3.0,3.0,0.0,4,OPTIMAL,True,4.0,4.0,0.0,4,OPTIMAL,True,4.0,4.0,0.0,2,2,2,3,2,2,3,2,2,4,4,4.0,11,35,35,12,38,12,38,2,3,2,8
8,3,4,8,0.2,0.0,0.3,0,dense,runner_up,0.144013,2,OPTIMAL,True,2.0,2.0,0.0,2,OPTIMAL,True,2.0,2.0,0.0,2,OPTIMAL,True,2.0,2.0,0.0,3,OPTIMAL,True,3.0,3.0,0.0,3,OPTIMAL,True,3.0,3.0,0.0,4,OPTIMAL,True,4.0,4.0,0.0,3,OPTIMAL,True,3.0,3.0,0.0,2,OPTIMAL,True,2.0,2.0,0.0,3,OPTIMAL,True,3.0,3.0,0.0,4,OPTIMAL,True,4.0,4.0,0.0,2,2,2,3,0,0,2,0,0,3,4,3.6666666666666665,11,35,35,7,25,7,25,2,2,2,6
8,3,4,8,0.2,0.2,0.1,0,dense,runner_up,0.149112,2,OPTIMAL,True,2.0,2.0,0.0,2,OPTIMAL,True,2.0,2.0,0.0,2,OPTIMAL,True,2.0,2.0,0.0,3,OPTIMAL,True,3.0,3.0,0.0,3,OPTIMAL,True,3.0,3.0,0.0,4,OPTIMAL,True,4.0,4.0,0.0,3,OPTIMAL,True,3.0,3.0,0.0,3,OPTIMAL,True,3.0,3.0,0.0,3,OPTIMAL,True,3.0,3.0,0.0,4,OPTIMAL,True,4.0,4.0,0.0,2,2,2,3,1,1,2,1,1,3,4,3.3333333333333335,11,35,35,10,32,10,32,1,1,1,3
8,3,4,8,0.2,0.2,0.3,0,dense,runner_up,0.146979,2,OPTIMAL,True,2.0,2.0,0.0,2,OPTIMAL,True,2.0,2.0,0.0,2,OPTIMAL,True,2.0,2.0,0.0,3,OPTIMAL,True,3.0,3.0,0.0,3,OPTIMAL,True,3.0,3.0,0.0,4,OPTIMAL,True,4.0,4.0,0.0,2,OPTIMAL,True,2.0,2.0,0.0,2,OPTIMAL,True,2.0,2.0,0.0,2,OPTIMAL,True,2.0,2.0,0.0,4,OPTIMAL,True,4.0,4.0,0.0,2,2,2,3,0,0,1,0,0,2,4,3.0,11,35,35,5,20,5,20,1,1,1,3
8,3,5,4,0.0,0.0,0.1,0,dense,runner_up,0.127215,4,OPTIMAL,True,4.0,4.0,0.0,4,OPTIMAL,True,4.0,4.0,0.0,4,OPTIMAL,True,4.0,4.0,0.0,4,OPTIMAL,True,4.0,4.0,0.0,4,OPTIMAL,True,4.0,4.0,0.0,4,OPTIMAL,True,4.0,4.0,0.0,4,OPTIMAL,True,4.0,4.0,0.0,3,OPTIMAL,True,3.0,3.0,0.0,4,OPTIMAL,True,4.0,4.0,0.0,4,OPTIMAL,True,4.0,4.0,0.0,4,4,4,4,0,0,3,0,0,4,4,4.0,20,60,60,13,45,13,45,2,3,2,7
8,3,5,4,0.0,0.0,0.3,0,dense,runner_up,0.124935,4,OPTIMAL,True,4.0,4.0,0.0,4,OPTIMAL,True,4.0,4.0,0.0,4,OPTIMAL,True,4.0,4.0,0.0,4,OPTIMAL,True,4.0,4.0,0.0,4,OPTIMAL,True,4.0,4.0,0.0,4,OPTIMAL,True,4.0,4.0,0.0,3,OPTIMAL,True,3.0,3.0,0.0,2,OPTIMAL,True,2.0,2.0,0.0,3,OPTIMAL,True,3.0,3.0,0.0,4,OPTIMAL,True,4.0,4.0,0.0,4,4,4,4,0,0,0,0,0,3,4,3.3333333333333335,20,60,60,7,26,7,26,1,2,1,4
8,3,5,4,0.0,0.2,0.1,0,dense,runner_up,0.125205,4,OPTIMAL,True,4.0,4.0,0.0,4,OPTIMAL,True,4.0,4.0,0.0,4,OPTIMAL,True,4.0,4.0,0.0,4,OPTIMAL,True,4.0,4.0,0.0,4,OPTIMAL,True,4.0,4.0,0.0,4,OPTIMAL,True,4.0,4.0,0.0,3,OPTIMAL,True,3.0,3.0,0.0,2,OPTIMAL,True,2.0,2.0,0.0,3,OPTIMAL,True,3.0,3.0,0.0,4,OPTIMAL,True,4.0,4.0,0.0,4,4,4,4,0,0,2,0,0,3,4,3.6666666666666665,20,60,60,10,36,10,36,1,1,1,3
8,3,5,4,0.0,0.2,0.3,0,dense,runner_up,0.123064,4,OPTIMAL,True,4.0,4.0,0.0,4,OPTIMAL,True,4.0,4.0,0.0,4,OPTIMAL,True,4.0,4.0,0.0,4,OPTIMAL,True,4.0,4.0,0.0,4,OPTIMAL,True,4.0,4.0,0.0,4,OPTIMAL,True,4.0,4.0,0.0,2,OPTIMAL,True,2.0,2.0,0.0,2,OPTIMAL,True,2.0,2.0,0.0,2,OPTIMAL,True,2.0,2.0,0.0,4,OPTIMAL,True,4.0,4.0,0.0,4,4,4,4,0,0,0,0,0,2,4,3.0,20,60,60,5,20,5,20,1,1,1,3
8,3,5,4,0.2,0.0,0.1,0,dense,runner_up,0.136227,1,OPTIMAL,True,1.0,1.0,0.0,1,OPTIMAL,True,1.0,1.0,0.0,1,OPTIMAL,True,1.0,1.0,0.0,3,OPTIMAL,True,3.0,3.0,0.0,2,OPTIMAL,True,2.0,2.0,0.0,4,OPTIMAL,True,4.0,4.0,0.0,4,OPTIMAL,True,4.0,4.0,0.0,4,OPTIMAL,True,4.0,4.0,0.0,4,OPTIMAL,True,4.0,4.0,0.0,4,OPTIMAL,True,4.0,4.0,0.0,1,1,1,2,2,2,4,2,2,4,4,4.0,13,43,43,16,53,16,53,2,4,2,9
8,3,5,4,0.2,0.0,0.3,0,dense,runner_up,0.135949,1,OPTIMAL,True,1.0,1.0,0.0,1,OPTIMAL,True,1.0,1.0,0.0,1,OPTIMAL,True,1.0,1.0,0.0,3,OPTIMAL,True,3.0,3.0,0.0,2,OPTIMAL,True,2.0,2.0,0.0,4,OPTIMAL,True,4.0,4.0,0.0,3,OPTIMAL,True,3.0,3.0,0.0,2,OPTIMAL,True,2.0,2.0,0.0,3,OPTIMAL,True,3.0,3.0,0.0,4,OPTIMAL,True,4.0,4.0,0.0,1,1,1,2,0,0,1,0,0,3,4,3.6666666666666665,13,43,43,7,30,7,30,1,2,1,5
8,3,5,4,0.2,0.2,0.1,0,dense,runner_up,0.137231,1,OPTIMAL,True,1.0,1.0,0.0,1,OPTIMAL,True,1.0,1.0,0.0,1,OPTIMAL,True,1.0,1.0,0.0,3,OPTIMAL,True,3.0,3.0,0.0,2,OPTIMAL,True,2.0,2.0,0.0,4,OPTIMAL,True,4.0,4.0,0.0,3,OPTIMAL,True,3.0,3.0,0.0,2,OPTIMAL,True,2.0,2.0,0.0,3,OPTIMAL,True,3.0,3.0,0.0,4,OPTIMAL,True,4.0,4.0,0.0,1,1,1,2,0,0,2,0,0,3,4,3.3333333333333335,13,43,43,8,38,8,38,1,2,1,4
8,3,5,4,0.2,0.2,0.3,0,dense,runner_up,0.135243,1,OPTIMAL,True,1.0,1.0,0.0,1,OPTIMAL,True,1.0,1.0,0.0,1,OPTIMAL,True,1.0,1.0,0.0,3,OPTIMAL,True,3.0,3.0,0.0,2,OPTIMAL,True,2.0,2.0,0.0,4,OPTIMAL,True,4.0,4.0,0.0,1,OPTIMAL,True,1.0,1.0,0.0,2,OPTIMAL,True,2.0,2.0,0.0,1,OPTIMAL,True,1.0,1.0,0.0,3,OPTIMAL,True,3.0,3.0,0.0,1,1,1,2,0,0,1,0,0,1,3,2.0,13,43,43,1,19,1,19,1,1,1,3
8,3,5,6,0.0,0.0,0.1,0,dense,runner_up,0.133024,4,OPTIMAL,True,4.0,4.0,0.0,4,OPTIMAL,True,4.0,4.0,0.0,4,OPTIMAL,True,4.0,4.0,0.0,4,OPTIMAL,True,4.0,4.0,0.0,4,OPTIMAL,True,4.0,4.0,0.0,4,OPTIMAL,True,4.0,4.0,0.0,4,OPTIMAL,True,4.0,4.0,0.0,3,OPTIMAL,True,3.0,3.0,0.0,4,OPTIMAL,True,4.0,4.0,0.0,4,OPTIMAL,True,4.0,4.0,0.0,4,4,4,4,0,0,3,0,0,4,4,4.0,20,60,60,13,45,13,45,2,3,2,7
8,3,5,6,0.0,0.0,0.3,0,dense,runner_up,0.131547,4,OPTIMAL,True,4.0,4.0,0.0,4,OPTIMAL,True,4.0,4.0,0.0,4,OPTIMAL,True,4.0,4.0,0.0,4,OPTIMAL,True,4.0,4.0,0.0,4,OPTIMAL,True,4.0,4.0,0.0,4,OPTIMAL,True,4.0,4.0,0.0,3,OPTIMAL,True,3.0,3.0,0.0,2,OPTIMAL,True,2.0,2.0,0.0,3,OPTIMAL,True,3.0,3.0,0.0,4,OPTIMAL,True,4.0,4.0,0.0,4,4,4,4,0,0,0,0,0,3,4,3.3333333333333335,20,60,60,7,26,7,26,1,2,1,4
8,3,5,6,0.0,0.2,0.1,0,dense,runner_up,0.132568,4,OPTIMAL,True,4.0,4.0,0.0,4,OPTIMAL,True,4.0,4.0,0.0,4,OPTIMAL,True,4.0,4.0,0.0,4,OPTIMAL,True,4.0,4.0,0.0,4,OPTIMAL,True,4.0,4.0,0.0,4,OPTIMAL,True,4.0,4.0,0.0,3,OPTIMAL,True,3.0,3.0,0.0,2,OPTIMAL,True,2.0,2.0,0.0,3,OPTIMAL,True,3.0,3.0,0.0,4,OPTIMAL,True,4.0,4.0,0.0,4,4,4,4,0,0,2,0,0,3,4,3.6666666666666665,20,60,60,11,37,11,37,1,1,1,3
8,3,5,6,0.0,0.2,0.3,0,dense,runner_up,0.130994,4,OPTIMAL,True,4.0,4.0,0.0,4,OPTIMAL,True,4.0,4.0,0.0,4,OPTIMAL,True,4.0,4.0,0.0,4,OPTIMAL,True,4.0,4.0,0.0,4,OPTIMAL,True,4.0,4.0,0.0,4,OPTIMAL,True,4.0,4.0,0.0,2,OPTIMAL,True,2.0,2.0,0.0,2,OPTIMAL,True,2.0,2.0,0.0,2,OPTIMAL,True,2.0,2.0,0.0,4,OPTIMAL,True,4.0,4.0,0.0,4,4,4,4,0,0,0,0,0,2,4,3.0,20,60,60,5,20,5,20,1,1,1,3
8,3,5,6,0.2,0.0,0.1,0,dense,runner_up,0.142470,1,OPTIMAL,True,1.0,1.0,0.0,1,OPTIMAL,True,1.0,1.0,0.0,1,OPTIMAL,True,1.0,1.0,0.0,3,OPTIMAL,True,3.0,3.0,0.0,2,OPTIMAL,True,2.0,2.0,0.0,4,OPTIMAL,True,4.0,4.0,0.0,4,OPTIMAL,True,4.0,4.0,0.0,4,OPTIMAL,True,4.0,4.0,0.0,4,OPTIMAL,True,4.0,4.0,0.0,4,OPTIMAL,True,4.0,4.0,0.0,1,1,1,2,2,2,4,2,2,4,4,4.0,13,42,42,16,53,16,53,2,4,2,9
8,3,5,6,0.2,0.0,0.3,0,dense,runner_up,0.145175,1,OPTIMAL,True,1.0,1.0,0.0,1,OPTIMAL,True,1.0,1.0,0.0,1,OPTIMAL,True,1.0,1.0,0.0,3,OPTIMAL,True,3.0,3.0,0.0,2,OPTIMAL,True,2.0,2.0,0.0,4,OPTIMAL,True,4.0,4.0,0.0,3,OPTIMAL,True,3.0,3.0,0.0,2,OPTIMAL,True,2.0,2.0,0.0,3,OPTIMAL,True,3.0,3.0,0.0,4,OPTIMAL,True,4.0,4.0,0.0,1,1,1,2,0,0,1,0,0,3,4,3.6666666666666665,13,42,42,7,30,7,30,1,2,1,5
8,3,5,6,0.2,0.2,0.1,0,dense,runner_up,0.146418,1,OPTIMAL,True,1.0,1.0,0.0,1,OPTIMAL,True,1.0,1.0,0.0,1,OPTIMAL,True,1.0,1.0,0.0,3,OPTIMAL,True,3.0,3.0,0.0,2,OPTIMAL,True,2.0,2.0,0.0,4,OPTIMAL,True,4.0,4.0,0.0,3,OPTIMAL,True,3.0,3.0,0.0,3,OPTIMAL,True,3.0,3.0,0.0,3,OPTIMAL,True,3.0,3.0,0.0,4,OPTIMAL,True,4.0,4.0,0.0,1,1,1,2,1,1,3,1,1,3,4,3.6666666666666665,13,42,42,12,44,12,44,1,1,1,3
8,3,5,6,0.2,0.2,0.3,0,dense,runner_up,0.145848,1,OPTIMAL,True,1.0,1.0,0.0,1,OPTIMAL,True,1.0,1.0,0.0,1,OPTIMAL,True,1.0,1.0,0.0,3,OPTIMAL,True,3.0,3.0,0.0,2,OPTIMAL,True,2.0,2.0,0.0,4,OPTIMAL,True,4.0,4.0,0.0,2,OPTIMAL,True,2.0,2.0,0.0,2,OPTIMAL,True,2.0,2.0,0.0,2,OPTIMAL,True,2.0,2.0,0.0,3,OPTIMAL,True,3.0,3.0,0.0,1,1,1,2,0,0,1,0,0,2,3,2.6666666666666665,13,42,42,4,23,4,23,1,1,1,3
8,3,5,8,0.0,0.0,0.1,0,dense,runner_up,0.139405,4,OPTIMAL,True,4.0,4.0,0.0,4,OPTIMAL,True,4.0,4.0,0.0,4,OPTIMAL,True,4.0,4.0,0.0,4,OPTIMAL,True,4.0,4.0,0.0,4,OPTIMAL,True,4.0,4.0,0.0,4,OPTIMAL,True,4.0,4.0,0.0,4,OPTIMAL,True,4.0,4.0,0.0,3,OPTIMAL,True,3.0,3.0,0.0,4,OPTIMAL,True,4.0,4.0,0.0,4,OPTIMAL,True,4.0,4.0,0.0,4,4,4,4,0,0,3,0,0,4,4,4.0,20,60,60,13,45,13,45,2,3,2,7
8,3,5,8,0.0,0.0,0.3,0,dense,runner_up,0.137184,4,OPTIMAL,True,4.0,4.0,0.0,4,OPTIMAL,True,4.0,4.0,0.0,4,OPTIMAL,True,4.0,4.0,0.0,4,OPTIMAL,True,4.0,4.0,0.0,4,OPTIMAL,True,4.0,4.0,0.0,4,OPTIMAL,True,4.0,4.0,0.0,3,OPTIMAL,True,3.0,3.0,0.0,2,OPTIMAL,True,2.0,2.0,0.0,3,OPTIMAL,True,3.0,3.0,0.0,4,OPTIMAL,True,4.0,4.0,0.0,4,4,4,4,0,0,0,0,0,3,4,3.3333333333333335,20,60,60,7,26,7,26,1,2,1,4
8,3,5,8,0.0,0.2,0.1,0,dense,runner_up,0.140907,4,OPTIMAL,True,4.0,4.0,0.0,4,OPTIMAL,True,4.0,4.0,0.0,4,OPTIMAL,True,4.0,4.0,0.0,4,OPTIMAL,True,4.0,4.0,0.0,4,OPTIMAL,True,4.0,4.0,0.0,4,OPTIMAL,True,4.0,4.0,0.0,3,OPTIMAL,True,3.0,3.0,0.0,2,OPTIMAL,True,2.0,2.0,0.0,3,OPTIMAL,True,3.0,3.0,0.0,4,OPTIMAL,True,4.0,4.0,0.0,4,4,4,4,0,0,2,0,0,3,4,3.6666666666666665,20,60,60,11,37,11,37,1,1,1,3
8,3,5,8,0.0,0.2,0.3,0,dense,runner_up,0.137855,4,OPTIMAL,True,4.0,4.0,0.0,4,OPTIMAL,True,4.0,4.0,0.0,4,OPTIMAL,True,4.0,4.0,0.0,4,OPTIMAL,True,4.0,4.0,0.0,4,OPTIMAL,True,4.0,4.0,0.0,4,OPTIMAL,True,4.0,4.0,0.0,2,OPTIMAL,True,2.0,2.0,0.0,2,OPTIMAL,True,2.0,2.0,0.0,2,OPTIMAL,True,2.0,2.0,0.0,4,OPTIMAL,True,4.0,4.0,0.0,4,4,4,4,0,0,0,0,0,2,4,3.0,20,60,60,5,20,5,20,1,1,1,3
8,3,5,8,0.2,0.0,0.1,0,dense,runner_up,0.149255,1,OPTIMAL,True,1.0,1.0,0.0,1,OPTIMAL,True,1.0,1.0,0.0,1,OPTIMAL,True,1.0,1.0,0.0,3,OPTIMAL,True,3.0,3.0,0.0,3,OPTIMAL,True,3.0,3.0,0.0,4,OPTIMAL,True,4.0,4.0,0.0,4,OPTIMAL,True,4.0,4.0,0.0,4,OPTIMAL,True,4.0,4.0,0.0,4,OPTIMAL,True,4.0,4.0,0.0,4,OPTIMAL,True,4.0,4.0,0.0,1,1,1,3,2,2,4,2,2,4,4,4.0,12,43,43,16,53,16,53,2,4,2,9
8,3,5,8,0.2,0.0,0.3,0,dense,runner_up,0.149402,1,OPTIMAL,True,1.0,1.0,0.0,1,OPTIMAL,True,1.0,1.0,0.0,1,OPTIMAL,True,1.0,1.0,0.0,3,OPTIMAL,True,3.0,3.0,0.0,3,OPTIMAL,True,3.0,3.0,0.0,4,OPTIMAL,True,4.0,4.0,0.0,3,OPTIMAL,True,3.0,3.0,0.0,2,OPTIMAL,True,2.0,2.0,0.0,3,OPTIMAL,True,3.0,3.0,0.0,4,OPTIMAL,True,4.0,4.0,0.0,1,1,1,3,0,0,1,0,0,3,4,3.6666666666666665,12,43,43,7,30,7,30,1,2,1,5
8,3,5,8,0.2,0.2,0.1,0,dense,runner_up,0.151616,1,OPTIMAL,True,1.0,1.0,0.0,1,OPTIMAL,True,1.0,1.0,0.0,1,OPTIMAL,True,1.0,1.0,0.0,3,OPTIMAL,True,3.0,3.0,0.0,3,OPTIMAL,True,3.0,3.0,0.0,4,OPTIMAL,True,4.0,4.0,0.0,3,OPTIMAL,True,3.0,3.0,0.0,3,OPTIMAL,True,3.0,3.0,0.0,3,OPTIMAL,True,3.0,3.0,0.0,4,OPTIMAL,True,4.0,4.0,0.0,1,1,1,3,1,1,3,1,1,3,4,3.6666666666666665,12,43,43,12,44,12,44,1,1,1,3
8,3,5,8,0.2,0.2,0.3,0,dense,runner_up,0.152176,1,OPTIMAL,True,1.0,1.0,0.0,1,OPTIMAL,True,1.0,1.0,0.0,1,OPTIMAL,True,1.0,1.0,0.0,3,OPTIMAL,True,3.0,3.0,0.0,3,OPTIMAL,True,3.0,3.0,0.0,4,OPTIMAL,True,4.0,4.0,0.0,2,OPTIMAL,True,2.0,2.0,0.0,2,OPTIMAL,True,2.0,2.0,0.0,2,OPTIMAL,True,2.0,2.0,0.0,3,OPTIMAL,True,3.0,3.0,0.0,1,1,1,3,0,0,1,0,0,2,3,2.6666666666666665,12,43,43,4,23,4,23,1,1,1,3
8,4,2,4,0.0,0.0,0.1,0,dense,runner_up,0.110783,4,OPTIMAL,True,4.0,4.0,0.0,4,OPTIMAL,True,4.0,4.0,0.0,4,OPTIMAL,True,4.0,4.0,0.0,4,OPTIMAL,True,4.0,4.0,0.0,4,OPTIMAL,True,4.0,4.0,0.0,4,OPTIMAL,True,4.0,4.0,0.0,2,OPTIMAL,True,2.0,2.0,0.0,4,OPTIMAL,True,4.0,4.0,0.0,2,OPTIMAL,True,2.0,2.0,0.0,4,OPTIMAL,True,4.0,4.0,0.0,4,4,4,4,1,1,3,1,1,2,4,3.25,8,32,32,3,22,3,22,2,4,2,12
8,4,2,4,0.0,0.0,0.3,0,dense,runner_up,0.110025,4,OPTIMAL,True,4.0,4.0,0.0,4,OPTIMAL,True,4.0,4.0,0.0,4,OPTIMAL,True,4.0,4.0,0.0,4,OPTIMAL,True,4.0,4.0,0.0,4,OPTIMAL,True,4.0,4.0,0.0,4,OPTIMAL,True,4.0,4.0,0.0,1,OPTIMAL,True,1.0,1.0,0.0,4,OPTIMAL,True,4.0,4.0,0.0,1,OPTIMAL,True,1.0,1.0,0.0,4,OPTIMAL,True,4.0,4.0,0.0,4,4,4,4,1,1,2,1,1,1,4,2.75,8,32,32,2,17,2,17,2,3,2,10
8,4,2,4,0.0,0.2,0.1,0,dense,runner_up,0.111770,4,OPTIMAL,True,4.0,4.0,0.0,4,OPTIMAL,True,4.0,4.0,0.0,4,OPTIMAL,True,4.0,4.0,0.0,4,OPTIMAL,True,4.0,4.0,0.0,4,OPTIMAL,True,4.0,4.0,0.0,4,OPTIMAL,True,4.0,4.0,0.0,2,OPTIMAL,True,2.0,2.0,0.0,3,OPTIMAL,True,3.0,3.0,0.0,2,OPTIMAL,True,2.0,2.0,0.0,4,OPTIMAL,True,4.0,4.0,0.0,4,4,4,4,1,1,3,1,1,2,4,2.75,8,32,32,3,18,3,18,2,3,2,9
8,4,2,4,0.0,0.2,0.3,0,dense,runner_up,0.108609,4,OPTIMAL,True,4.0,4.0,0.0,4,OPTIMAL,True,4.0,4.0,0.0,4,OPTIMAL,True,4.0,4.0,0.0,4,OPTIMAL,True,4.0,4.0,0.0,4,OPTIMAL,True,4.0,4.0,0.0,4,OPTIMAL,True,4.0,4.0,0.0,1,OPTIMAL,True,1.0,1.0,0.0,2,OPTIMAL,True,2.0,2.0,0.0,1,OPTIMAL,True,1.0,1.0,0.0,4,OPTIMAL,True,4.0,4.0,0.0,4,4,4,4,0,0,2,0,0,1,4,2.25,8,32,32,2,13,2,13,1,2,1,7
8,4,2,4,0.2,0.0,0.1,0,dense,runner_up,0.123228,2,OPTIMAL,True,2.0,2.0,0.0,2,OPTIMAL,True,2.0,2.0,0.0,2,OPTIMAL,True,2.0,2.0,0.0,3,OPTIMAL,True,3.0,3.0,0.0,3,OPTIMAL,True,3.0,3.0,0.0,4,OPTIMAL,True,4.0,4.0,0.0,2,OPTIMAL,True,2.0,2.0,0.0,4,OPTIMAL,True,4.0,4.0,0.0,2,OPTIMAL,True,2.0,2.0,0.0,4,OPTIMAL,True,4.0,4.0,0.0,2,2,2,3,1,1,3,1,1,2,4,3.25,5,24,24,3,21,3,21,2,3,2,11
8,4,2,4,0.2,0.0,0.3,0,dense,runner_up,0.120109,2,OPTIMAL,True,2.0,2.0,0.0,2,OPTIMAL,True,2.0,2.0,0.0,2,OPTIMAL,True,2.0,2.0,0.0,3,OPTIMAL,True,3.0,3.0,0.0,3,OPTIMAL,True,3.0,3.0,0.0,4,OPTIMAL,True,4.0,4.0,0.0,1,OPTIMAL,True,1.0,1.0,0.0,4,OPTIMAL,True,4.0,4.0,0.0,1,OPTIMAL,True,1.0,1.0,0.0,4,OPTIMAL,True,4.0,4.0,0.0,2,2,2,3,0,0,2,0,0,1,4,2.75,5,24,24,2,15,2,15,2,3,2,10
8,4,2,4,0.2,0.2,0.1,0,dense,runner_up,0.125239,2,OPTIMAL,True,2.0,2.0,0.0,2,OPTIMAL,True,2.0,2.0,0.0,2,OPTIMAL,True,2.0,2.0,0.0,3,OPTIMAL,True,3.0,3.0,0.0,3,OPTIMAL,True,3.0,3.0,0.0,4,OPTIMAL,True,4.0,4.0,0.0,2,OPTIMAL,True,2.0,2.0,0.0,3,OPTIMAL,True,3.0,3.0,0.0,2,OPTIMAL,True,2.0,2.0,0.0,4,OPTIMAL,True,4.0,4.0,0.0,2,2,2,3,1,1,3,1,1,2,4,2.75,5,24,24,3,17,3,17,2,3,2,9
8,4,2,4,0.2,0.2,0.3,0,dense,runner_up,0.120848,2,OPTIMAL,True,2.0,2.0,0.0,2,OPTIMAL,True,2.0,2.0,0.0,2,OPTIMAL,True,2.0,2.0,0.0,3,OPTIMAL,True,3.0,3.0,0.0,3,OPTIMAL,True,3.0,3.0,0.0,4,OPTIMAL,True,4.0,4.0,0.0,1,OPTIMAL,True,1.0,1.0,0.0,2,OPTIMAL,True,2.0,2.0,0.0,1,OPTIMAL,True,1.0,1.0,0.0,4,OPTIMAL,True,4.0,4.0,0.0,2,2,2,3,0,0,1,0,0,1,4,2.25,5,24,24,2,12,2,12,1,2,1,7
8,4,2,6,0.0,0.0,0.1,0,dense,runner_up,0.115029,4,OPTIMAL,True,4.0,4.0,0.0,4,OPTIMAL,True,4.0,4.0,0.0,4,OPTIMAL,True,4.0,4.0,0.0,4,OPTIMAL,True,4.0,4.0,0.0,4,OPTIMAL,True,4.0,4.0,0.0,4,OPTIMAL,True,4.0,4.0,0.0,2,OPTIMAL,True,2.0,2.0,0.0,4,OPTIMAL,True,4.0,4.0,0.0,2,OPTIMAL,True,2.0,2.0,0.0,4,OPTIMAL,True,4.0,4.0,0.0,4,4,4,4,1,1,3,1,1,2,4,3.25,8,32,32,3,22,3,22,2,4,2,12
8,4,2,6,0.0,0.0,0.3,0,dense,runner_up,0.114562,4,OPTIMAL,True,4.0,4.0,0.0,4,OPTIMAL,True,4.0,4.0,0.0,4,OPTIMAL,True,4.0,4.0,0.0,4,OPTIMAL,True,4.0,4.0,0.0,4,OPTIMAL,True,4.0,4.0,0.0,4,OPTIMAL,True,4.0,4.0,0.0,1,OPTIMAL,True,1.0,1.0,0.0,4,OPTIMAL,True,4.0,4.0,0.0,1,OPTIMAL,True,1.0,1.0,0.0,4,OPTIMAL,True,4.0,4.0,0.0,4,4,4,4,1,1,2,1,1,1,4,2.75,8,32,32,2,17,2,17,2,3,2,10
8,4,2,6,0.0,0.2,0.1,0,dense,runner_up,0.115263,4,OPTIMAL,True,4.0,4.0,0.0,4,OPTIMAL,True,4.0,4.0,0.0,4,OPTIMAL,True,4.0,4.0,0.0,4,OPTIMAL,True,4.0,4.0,0.0,4,OPTIMAL,True,4.0,4.0,0.0,4,OPTIMAL,True,4.0,4.0,0.0,2,OPTIMAL,True,2.0,2.0,0.0,3,OPTIMAL,True,3.0,3.0,0.0,2,OPTIMAL,True,2.0,2.0,0.0,4,OPTIMAL,True,4.0,4.0,0.0,4,4,4,4,1,1,3,1,1,2,4,2.75,8,32,32,3,18,3,18,2,3,2,9
8,4,2,6,0.0,0.2,0.3,0,dense,runner_up,0.113348,4,OPTIMAL,True,4.0,4.0,0.0,4,OPTIMAL,True,4.0,4.0,0.0,4,OPTIMAL,True,4.0,4.0,0.0,4,OPTIMAL,True,4.0,4.0,0.0,4,OPTIMAL,True,4.0,4.0,0.0,4,OPTIMAL,True,4.0,4.0,0.0,1,OPTIMAL,True,1.0,1.0,0.0,2,OPTIMAL,True,2.0,2.0,0.0,1,OPTIMAL,True,1.0,1.0,0.0,4,OPTIMAL,True,4.0,4.0,0.0,4,4,4,4,0,0,2,0,0,1,4,2.25,8,32,32,2,13,2,13,1,2,1,7
8,4,2,6,0.2,0.0,0.1,0,dense,runner_up,0.126911,2,OPTIMAL,True,2.0,2.0,0.0,2,OPTIMAL,True,2.0,2.0,0.0,2,OPTIMAL,True,2.0,2.0,0.0,3,OPTIMAL,True,3.0,3.0,0.0,3,OPTIMAL,True,3.0,3.0,0.0,4,OPTIMAL,True,4.0,4.0,0.0,2,OPTIMAL,True,2.0,2.0,0.0,4,OPTIMAL,True,4.0,4.0,0.0,2,OPTIMAL,True,2.0,2.0,0.0,4,OPTIMAL,True,4.0,4.0,0.0,2,2,2,3,1,1,3,1,1,2,4,3.25,5,24,24,3,21,3,21,2,3,2,11
8,4,2,6,0.2,0.0,0.3,0,dense,runner_up,0.125543,2,OPTIMAL,True,2.0,2.0,0.0,2,OPTIMAL,True,2.0,2.0,0.0,2,OPTIMAL,True,2.0,2.0,0.0,3,OPTIMAL,True,3.0,3.0,0.0,3,OPTIMAL,True,3.0,3.0,0.0,4,OPTIMAL,True,4.0,4.0,0.0,1,OPTIMAL,True,1.0,1.0,0.0,4,OPTIMAL,True,4.0,4.0,0.0,1,OPTIMAL,True,1.0,1.0,0.0,4,OPTIMAL,True,4.0,4.0,0.0,2,2,2,3,0,0,2,0,0,1,4,2.75,5,24,24,2,15,2,15,2,3,2,10
8,4,2,6,0.2,0.2,0.1,0,dense,runner_up,0.129126,2,OPTIMAL,True,2.0,2.0,0.0,2,OPTIMAL,True,2.0,2.0,0.0,2,OPTIMAL,True,2.0,2.0,0.0,3,OPTIMAL,True,3.0,3.0,0.0,3,OPTIMAL,True,3.0,3.0,0.0,4,OPTIMAL,True,4.0,4.0,0.0,2,OPTIMAL,True,2.0,2.0,0.0,3,OPTIMAL,True,3.0,3.0,0.0,2,OPTIMAL,True,2.0,2.0,0.0,4,OPTIMAL,True,4.0,4.0,0.0,2,2,2,3,1,1,3,1,1,2,4,2.75,5,24,24,3,17,3,17,2,3,2,9
8,4,2,6,0.2,0.2,0.3,0,dense,runner_up,0.129898,2,OPTIMAL,True,2.0,2.0,0.0,2,OPTIMAL,True,2.0,2.0,0.0,2,OPTIMAL,True,2.0,2.0,0.0,3,OPTIMAL,True,3.0,3.0,0.0,3,OPTIMAL,True,3.0,3.0,0.0,4,OPTIMAL,True,4.0,4.0,0.0,1,OPTIMAL,True,1.0,1.0,0.0,2,OPTIMAL,True,2.0,2.0,0.0,1,OPTIMAL,True,1.0,1.0,0.0,4,OPTIMAL,True,4.0,4.0,0.0,2,2,2,3,0,0,1,0,0,1,4,2.25,5,24,24,2,12,2,12,1,2,1,7
8,4,2,8,0.0,0.0,0.1,0,dense,runner_up,0.117386,4,OPTIMAL,True,4.0,4.0,0.0,4,OPTIMAL,True,4.0,4.0,0.0,4,OPTIMAL,True,4.0,4.0,0.0,4,OPTIMAL,True,4.0,4.0,0.0,4,OPTIMAL,True,4.0,4.0,0.0,4,OPTIMAL,True,4.0,4.0,0.0,2,OPTIMAL,True,2.0,2.0,0.0,4,OPTIMAL,True,4.0,4.0,0.0,2,OPTIMAL,True,2.0,2.0,0.0,4,OPTIMAL,True,4.0,4.0,0.0,4,4,4,4,1,1,3,1,1,2,4,3.25,8,32,32,3,22,3,22,2,4,2,12
8,4,2,8,0.0,0.0,0.3,0,dense,runner_up,0.118229,4,OPTIMAL,True,4.0,4.0,0.0,4,OPTIMAL,True,4.0,4.0,0.0,4,OPTIMAL,True,4.0,4.0,0.0,4,OPTIMAL,True,4.0,4.0,0.0,4,OPTIMAL,True,4.0,4.0,0.0,4,OPTIMAL,True,4.0,4.0,0.0,1,OPTIMAL,True,1.0,1.0,0.0,4,OPTIMAL,True,4.0,4.0,0.0,1,OPTIMAL,True,1.0,1.0,0.0,4,OPTIMAL,True,4.0,4.0,0.0,4,4,4,4,1,1,2,1,1,1,4,2.75,8,32,32,2,17,2,17,2,3,2,10
8,4,2,8,0.0,0.2,0.1,0,dense,runner_up,0.119502,4,OPTIMAL,True,4.0,4.0,0.0,4,OPTIMAL,True,4.0,4.0,0.0,4,OPTIMAL,True,4.0,4.0,0.0,4,OPTIMAL,True,4.0,4.0,0.0,4,OPTIMAL,True,4.0,4.0,0.0,4,OPTIMAL,True,4.0,4.0,0.0,2,OPTIMAL,True,2.0,2.0,0.0,3,OPTIMAL,True,3.0,3.0,0.0,2,OPTIMAL,True,2.0,2.0,0.0,4,OPTIMAL,True,4.0,4.0,0.0,4,4,4,4,1,1,3,1,1,2,4,3.0,8,32,32,3,20,3,20,2,3,2,9
8,4,2,8,0.0,0.2,0.3,0,dense,runner_up,0.118224,4,OPTIMAL,True,4.0,4.0,0.0,4,OPTIMAL,True,4.0,4.0,0.0,4,OPTIMAL,True,4.0,4.0,0.0,4,OPTIMAL,True,4.0,4.0,0.0,4,OPTIMAL,True,4.0,4.0,0.0,4,OPTIMAL,True,4.0,4.0,0.0,1,OPTIMAL,True,1.0,1.0,0.0,3,OPTIMAL,True,3.0,3.0,0.0,1,OPTIMAL,True,1.0,1.0,0.0,4,OPTIMAL,True,4.0,4.0,0.0,4,4,4,4,1,1,2,1,1,1,4,2.5,8,32,32,2,15,2,15,2,2,2,8
8,4,2,8,0.2,0.0,0.1,0,dense,runner_up,0.130847,3,OPTIMAL,True,3.0,3.0,0.0,3,OPTIMAL,True,3.0,3.0,0.0,3,OPTIMAL,True,3.0,3.0,0.0,3,OPTIMAL,True,3.0,3.0,0.0,3,OPTIMAL,True,3.0,3.0,0.0,4,OPTIMAL,True,4.0,4.0,0.0,2,OPTIMAL,True,2.0,2.0,0.0,4,OPTIMAL,True,4.0,4.0,0.0,2,OPTIMAL,True,2.0,2.0,0.0,4,OPTIMAL,True,4.0,4.0,0.0,3,3,3,3,1,1,3,1,1,2,4,3.25,6,25,25,3,21,3,21,2,3,2,11
8,4,2,8,0.2,0.0,0.3,0,dense,runner_up,0.129505,3,OPTIMAL,True,3.0,3.0,0.0,3,OPTIMAL,True,3.0,3.0,0.0,3,OPTIMAL,True,3.0,3.0,0.0,3,OPTIMAL,True,3.0,3.0,0.0,3,OPTIMAL,True,3.0,3.0,0.0,4,OPTIMAL,True,4.0,4.0,0.0,1,OPTIMAL,True,1.0,1.0,0.0,4,OPTIMAL,True,4.0,4.0,0.0,1,OPTIMAL,True,1.0,1.0,0.0,4,OPTIMAL,True,4.0,4.0,0.0,3,3,3,3,0,0,2,0,0,1,4,2.75,6,25,25,2,15,2,15,2,3,2,10
8,4,2,8,0.2,0.2,0.1,0,dense,runner_up,0.132263,3,OPTIMAL,True,3.0,3.0,0.0,3,OPTIMAL,True,3.0,3.0,0.0,3,OPTIMAL,True,3.0,3.0,0.0,3,OPTIMAL,True,3.0,3.0,0.0,3,OPTIMAL,True,3.0,3.0,0.0,4,OPTIMAL,True,4.0,4.0,0.0,2,OPTIMAL,True,2.0,2.0,0.0,3,OPTIMAL,True,3.0,3.0,0.0,2,OPTIMAL,True,2.0,2.0,0.0,4,OPTIMAL,True,4.0,4.0,0.0,3,3,3,3,1,1,3,1,1,2,4,3.0,6,25,25,3,19,3,19,2,3,2,9
8,4,2,8,0.2,0.2,0.3,0,dense,runner_up,0.130842,3,OPTIMAL,True,3.0,3.0,0.0,3,OPTIMAL,True,3.0,3.0,0.0,3,OPTIMAL,True,3.0,3.0,0.0,3,OPTIMAL,True,3.0,3.0,0.0,3,OPTIMAL,True,3.0,3.0,0.0,4,OPTIMAL,True,4.0,4.0,0.0,1,OPTIMAL,True,1.0,1.0,0.0,3,OPTIMAL,True,3.0,3.0,0.0,1,OPTIMAL,True,1.0,1.0,0.0,4,OPTIMAL,True,4.0,4.0,0.0,3,3,3,3,0,0,1,0,0,1,4,2.5,6,25,25,2,13,2,13,2,2,2,8
8,4,3,4,0.0,0.0,0.1,0,dense,runner_up,0.119912,4,OPTIMAL,True,4.0,4.0,0.0,4,OPTIMAL,True,4.0,4.0,0.0,4,OPTIMAL,True,4.0,4.0,0.0,4,OPTIMAL,True,4.0,4.0,0.0,4,OPTIMAL,True,4.0,4.0,0.0,4,OPTIMAL,True,4.0,4.0,0.0,4,OPTIMAL,True,4.0,4.0,0.0,3,OPTIMAL,True,3.0,3.0,0.0,4,OPTIMAL,True,4.0,4.0,0.0,4,OPTIMAL,True,4.0,4.0,0.0,4,4,4,4,2,2,3,2,2,4,4,4.0,12,48,48,8,36,8,36,3,3,3,12
8,4,3,4,0.0,0.0,0.3,0,dense,runner_up,0.119347,4,OPTIMAL,True,4.0,4.0,0.0,4,OPTIMAL,True,4.0,4.0,0.0,4,OPTIMAL,True,4.0,4.0,0.0,4,OPTIMAL,True,4.0,4.0,0.0,4,OPTIMAL,True,4.0,4.0,0.0,4,OPTIMAL,True,4.0,4.0,0.0,4,OPTIMAL,True,4.0,4.0,0.0,3,OPTIMAL,True,3.0,3.0,0.0,4,OPTIMAL,True,4.0,4.0,0.0,4,OPTIMAL,True,4.0,4.0,0.0,4,4,4,4,0,0,2,0,0,4,4,4.0,12,48,48,5,28,5,28,2,3,2,11
8,4,3,4,0.0,0.2,0.1,0,dense,runner_up,0.120648,4,OPTIMAL,True,4.0,4.0,0.0,4,OPTIMAL,True,4.0,4.0,0.0,4,OPTIMAL,True,4.0,4.0,0.0,4,OPTIMAL,True,4.0,4.0,0.0,4,OPTIMAL,True,4.0,4.0,0.0,4,OPTIMAL,True,4.0,4.0,0.0,3,OPTIMAL,True,3.0,3.0,0.0,2,OPTIMAL,True,2.0,2.0,0.0,3,OPTIMAL,True,3.0,3.0,0.0,4,OPTIMAL,True,4.0,4.0,0.0,4,4,4,4,1,1,2,1,1,3,4,3.25,12,48,48,6,28,6,28,1,3,1,7
8,4,3,4,0.0,0.2,0.3,0,dense,runner_up,0.118883,4,OPTIMAL,True,4.0,4.0,0.0,4,OPTIMAL,True,4.0,4.0,0.0,4,OPTIMAL,True,4.0,4.0,0.0,4,OPTIMAL,True,4.0,4.0,0.0,4,OPTIMAL,True,4.0,4.0,0.0,4,OPTIMAL,True,4.0,4.0,0.0,3,OPTIMAL,True,3.0,3.0,0.0,2,OPTIMAL,True,2.0,2.0,0.0,3,OPTIMAL,True,3.0,3.0,0.0,4,OPTIMAL,True,4.0,4.0,0.0,4,4,4,4,0,0,0,0,0,3,4,3.25,12,48,48,4,21,4,21,1,2,1,6
8,4,3,4,0.2,0.0,0.1,0,dense,runner_up,0.136903,2,OPTIMAL,True,2.0,2.0,0.0,2,OPTIMAL,True,2.0,2.0,0.0,2,OPTIMAL,True,2.0,2.0,0.0,3,OPTIMAL,True,3.0,3.0,0.0,3,OPTIMAL,True,3.0,3.0,0.0,4,OPTIMAL,True,4.0,4.0,0.0,3,OPTIMAL,True,3.0,3.0,0.0,4,OPTIMAL,True,4.0,4.0,0.0,3,OPTIMAL,True,3.0,3.0,0.0,4,OPTIMAL,True,4.0,4.0,0.0,2,2,2,3,2,2,3,2,2,3,4,3.75,9,36,36,8,38,8,38,2,4,2,12
8,4,3,4,0.2,0.0,0.3,0,dense,runner_up,0.134814,2,OPTIMAL,True,2.0,2.0,0.0,2,OPTIMAL,True,2.0,2.0,0.0,2,OPTIMAL,True,2.0,2.0,0.0,3,OPTIMAL,True,3.0,3.0,0.0,3,OPTIMAL,True,3.0,3.0,0.0,4,OPTIMAL,True,4.0,4.0,0.0,2,OPTIMAL,True,2.0,2.0,0.0,2,OPTIMAL,True,2.0,2.0,0.0,2,OPTIMAL,True,2.0,2.0,0.0,4,OPTIMAL,True,4.0,4.0,0.0,2,2,2,3,0,0,2,0,0,2,4,3.25,9,36,36,3,25,3,25,2,3,2,9
8,4,3,4,0.2,0.2,0.1,0,dense,runner_up,0.152418,2,OPTIMAL,True,2.0,2.0,0.0,2,OPTIMAL,True,2.0,2.0,0.0,2,OPTIMAL,True,2.0,2.0,0.0,3,OPTIMAL,True,3.0,3.0,0.0,3,OPTIMAL,True,3.0,3.0,0.0,4,OPTIMAL,True,4.0,4.0,0.0,2,OPTIMAL,True,2.0,2.0,0.0,3,OPTIMAL,True,3.0,3.0,0.0,2,OPTIMAL,True,2.0,2.0,0.0,4,OPTIMAL,True,4.0,4.0,0.0,2,2,2,3,1,1,2,1,1,2,4,3.0,9,36,36,5,28,5,28,1,2,1,7
8,4,3,4,0.2,0.2,0.3,0,dense,runner_up,0.133605,2,OPTIMAL,True,2.0,2.0,0.0,2,OPTIMAL,True,2.0,2.0,0.0,2,OPTIMAL,True,2.0,2.0,0.0,3,OPTIMAL,True,3.0,3.0,0.0,3,OPTIMAL,True,3.0,3.0,0.0,4,OPTIMAL,True,4.0,4.0,0.0,1,OPTIMAL,True,1.0,1.0,0.0,2,OPTIMAL,True,2.0,2.0,0.0,1,OPTIMAL,True,1.0,1.0,0.0,4,OPTIMAL,True,4.0,4.0,0.0,2,2,2,3,0,0,1,0,0,1,4,2.0,9,36,36,2,16,2,16,1,2,1,7
8,4,3,6,0.0,0.0,0.1,0,dense,runner_up,0.124091,4,OPTIMAL,True,4.0,4.0,0.0,4,OPTIMAL,True,4.0,4.0,0.0,4,OPTIMAL,True,4.0,4.0,0.0,4,OPTIMAL,True,4.0,4.0,0.0,4,OPTIMAL,True,4.0,4.0,0.0,4,OPTIMAL,True,4.0,4.0,0.0,4,OPTIMAL,True,4.0,4.0,0.0,3,OPTIMAL,True,3.0,3.0,0.0,4,OPTIMAL,True,4.0,4.0,0.0,4,OPTIMAL,True,4.0,4.0,0.0,4,4,4,4,2,2,3,2,2,4,4,4.0,12,48,48,8,36,8,36,3,3,3,12
8,4,3,6,0.0,0.0,0.3,0,dense,runner_up,0.124276,4,OPTIMAL,True,4.0,4.0,0.0,4,OPTIMAL,True,4.0,4.0,0.0,4,OPTIMAL,True,4.0,4.0,0.0,4,OPTIMAL,True,4.0,4.0,0.0,4,OPTIMAL,True,4.0,4.0,0.0,4,OPTIMAL,True,4.0,4.0,0.0,4,OPTIMAL,True,4.0,4.0,0.0,3,OPTIMAL,True,3.0,3.0,0.0,4,OPTIMAL,True,4.0,4.0,0.0,4,OPTIMAL,True,4.0,4.0,0.0,4,4,4,4,0,0,2,0,0,4,4,4.0,12,48,48,5,28,5,28,2,3,2,11
8,4,3,6,0.0,0.2,0.1,0,dense,runner_up,0.128906,4,OPTIMAL,True,4.0,4.0,0.0,4,OPTIMAL,True,4.0,4.0,0.0,4,OPTIMAL,True,4.0,4.0,0.0,4,OPTIMAL,True,4.0,4.0,0.0,4,OPTIMAL,True,4.0,4.0,0.0,4,OPTIMAL,True,4.0,4.0,0.0,3,OPTIMAL,True,3.0,3.0,0.0,2,OPTIMAL,True,2.0,2.0,0.0,3,OPTIMAL,True,3.0,3.0,0.0,4,OPTIMAL,True,4.0,4.0,0.0,4,4,4,4,1,1,2,1,1,3,4,3.25,12,48,48,5,27,5,27,1,3,1,7
8,4,3,6,0.0,0.2,0.3,0,dense,runner_up,0.125672,4,OPTIMAL,True,4.0,4.0,0.0,4,OPTIMAL,True,4.0,4.0,0.0,4,OPTIMAL,True,4.0,4.0,0.0,4,OPTIMAL,True,4.0,4.0,0.0,4,OPTIMAL,True,4.0,4.0,0.0,4,OPTIMAL,True,4.0,4.0,0.0,3,OPTIMAL,True,3.0,3.0,0.0,2,OPTIMAL,True,2.0,2.0,0.0,3,OPTIMAL,True,3.0,3.0,0.0,4,OPTIMAL,True,4.0,4.0,0.0,4,4,4,4,0,0,0,0,0,3,4,3.25,12,48,48,4,20,4,20,1,2,1,6
8,4,3,6,0.2,0.0,0.1,0,dense,runner_up,0.142325,2,OPTIMAL,True,2.0,2.0,0.0,2,OPTIMAL,True,2.0,2.0,0.0,2,OPTIMAL,True,2.0,2.0,0.0,3,OPTIMAL,True,3.0,3.0,0.0,3,OPTIMAL,True,3.0,3.0,0.0,4,OPTIMAL,True,4.0,4.0,0.0,3,OPTIMAL,True,3.0,3.0,0.0,4,OPTIMAL,True,4.0,4.0,0.0,3,OPTIMAL,True,3.0,3.0,0.0,4,OPTIMAL,True,4.0,4.0,0.0,2,2,2,3,2,2,3,2,2,3,4,3.75,8,35,35,8,38,8,38,2,4,2,12
8,4,3,6,0.2,0.0,0.3,0,dense,runner_up,0.140803,2,OPTIMAL,True,2.0,2.0,0.0,2,OPTIMAL,True,2.0,2.0,0.0,2,OPTIMAL,True,2.0,2.0,0.0,3,OPTIMAL,True,3.0,3.0,0.0,3,OPTIMAL,True,3.0,3.0,0.0,4,OPTIMAL,True,4.0,4.0,0.0,2,OPTIMAL,True,2.0,2.0,0.0,2,OPTIMAL,True,2.0,2.0,0.0,2,OPTIMAL,True,2.0,2.0,0.0,4,OPTIMAL,True,4.0,4.0,0.0,2,2,2,3,0,0,2,0,0,2,4,3.25,8,35,35,3,25,3,25,2,3,2,9
8,4,3,6,0.2,0.2,0.1,0,dense,runner_up,0.147227,2,OPTIMAL,True,2.0,2.0,0.0,2,OPTIMAL,True,2.0,2.0,0.0,2,OPTIMAL,True,2.0,2.0,0.0,3,OPTIMAL,True,3.0,3.0,0.0,3,OPTIMAL,True,3.0,3.0,0.0,4,OPTIMAL,True,4.0,4.0,0.0,3,OPTIMAL,True,3.0,3.0,0.0,3,OPTIMAL,True,3.0,3.0,0.0,3,OPTIMAL,True,3.0,3.0,0.0,4,OPTIMAL,True,4.0,4.0,0.0,2,2,2,3,1,1,2,1,1,3,4,3.25,8,35,35,5,29,5,29,1,2,1,7
8,4,3,6,0.2,0.2,0.3,0,dense,runner_up,0.139648,2,OPTIMAL,True,2.0,2.0,0.0,2,OPTIMAL,True,2.0,2.0,0.0,2,OPTIMAL,True,2.0,2.0,0.0,3,OPTIMAL,True,3.0,3.0,0.0,3,OPTIMAL,True,3.0,3.0,0.0,4,OPTIMAL,True,4.0,4.0,0.0,1,OPTIMAL,True,1.0,1.0,0.0,2,OPTIMAL,True,2.0,2.0,0.0,1,OPTIMAL,True,1.0,1.0,0.0,4,OPTIMAL,True,4.0,4.0,0.0,2,2,2,3,0,0,1,0,0,1,4,2.25,8,35,35,2,17,2,17,1,2,1,7
8,4,3,8,0.0,0.0,0.1,0,dense,runner_up,0.131696,4,OPTIMAL,True,4.0,4.0,0.0,4,OPTIMAL,True,4.0,4.0,0.0,4,OPTIMAL,True,4.0,4.0,0.0,4,OPTIMAL,True,4.0,4.0,0.0,4,OPTIMAL,True,4.0,4.0,0.0,4,OPTIMAL,True,4.0,4.0,0.0,4,OPTIMAL,True,4.0,4.0,0.0,3,OPTIMAL,True,3.0,3.0,0.0,4,OPTIMAL,True,4.0,4.0,0.0,4,OPTIMAL,True,4.0,4.0,0.0,4,4,4,4,2,2,3,2,2,4,4,4.0,12,48,48,8,36,8,36,3,3,3,12
8,4,3,8,0.0,0.0,0.3,0,dense,runner_up,0.135587,4,OPTIMAL,True,4.0,4.0,0.0,4,OPTIMAL,True,4.0,4.0,0.0,4,OPTIMAL,True,4.0,4.0,0.0,4,OPTIMAL,True,4.0,4.0,0.0,4,OPTIMAL,True,4.0,4.0,0.0,4,OPTIMAL,True,4.0,4.0,0.0,4,OPTIMAL,True,4.0,4.0,0.0,3,OPTIMAL,True,3.0,3.0,0.0,4,OPTIMAL,True,4.0,4.0,0.0,4,OPTIMAL,True,4.0,4.0,0.0,4,4,4,4,0,0,2,0,0,4,4,4.0,12,48,48,5,28,5,28,2,3,2,11
8,4,3,8,0.0,0.2,0.1,0,dense,runner_up,0.132317,4,OPTIMAL,True,4.0,4.0,0.0,4,OPTIMAL,True,4.0,4.0,0.0,4,OPTIMAL,True,4.0,4.0,0.0,4,OPTIMAL,True,4.0,4.0,0.0,4,OPTIMAL,True,4.0,4.0,0.0,4,OPTIMAL,True,4.0,4.0,0.0,3,OPTIMAL,True,3.0,3.0,0.0,2,OPTIMAL,True,2.0,2.0,0.0,3,OPTIMAL,True,3.0,3.0,0.0,4,OPTIMAL,True,4.0,4.0,0.0,4,4,4,4,1,1,2,1,1,3,4,3.25,12,48,48,6,29,6,29,1,3,1,7
8,4,3,8,0.0,0.2,0.3,0,dense,runner_up,0.131496,4,OPTIMAL,True,4.0,4.0,0.0,4,OPTIMAL,True,4.0,4.0,0.0,4,OPTIMAL,True,4.0,4.0,0.0,4,OPTIMAL,True,4.0,4.0,0.0,4,OPTIMAL,True,4.0,4.0,0.0,4,OPTIMAL,True,4.0,4.0,0.0,3,OPTIMAL,True,3.0,3.0,0.0,2,OPTIMAL,True,2.0,2.0,0.0,3,OPTIMAL,True,3.0,3.0,0.0,4,OPTIMAL,True,4.0,4.0,0.0,4,4,4,4,0,0,1,0,0,3,4,3.25,12,48,48,4,22,4,22,1,2,1,6
8,4,3,8,0.2,0.0,0.1,0,dense,runner_up,0.147772,2,OPTIMAL,True,2.0,2.0,0.0,2,OPTIMAL,True,2.0,2.0,0.0,2,OPTIMAL,True,2.0,2.0,0.0,3,OPTIMAL,True,3.0,3.0,0.0,3,OPTIMAL,True,3.0,3.0,0.0,4,OPTIMAL,True,4.0,4.0,0.0,3,OPTIMAL,True,3.0,3.0,0.0,4,OPTIMAL,True,4.0,4.0,0.0,3,OPTIMAL,True,3.0,3.0,0.0,4,OPTIMAL,True,4.0,4.0,0.0,2,2,2,3,2,2,3,2,2,3,4,3.75,8,35,35,8,38,8,38,2,4,2,12
8,4,3,8,0.2,0.0,0.3,0,dense,runner_up,0.146377,2,OPTIMAL,True,2.0,2.0,0.0,2,OPTIMAL,True,2.0,2.0,0.0,2,OPTIMAL,True,2.0,2.0,0.0,3,OPTIMAL,True,3.0,3.0,0.0,3,OPTIMAL,True,3.0,3.0,0.0,4,OPTIMAL,True,4.0,4.0,0.0,2,OPTIMAL,True,2.0,2.0,0.0,2,OPTIMAL,True,2.0,2.0,0.0,2,OPTIMAL,True,2.0,2.0,0.0,4,OPTIMAL,True,4.0,4.0,0.0,2,2,2,3,0,0,2,0,0,2,4,3.25,8,35,35,3,25,3,25,2,3,2,9
8,4,3,8,0.2,0.2,0.1,0,dense,runner_up,0.151275,2,OPTIMAL,True,2.0,2.0,0.0,2,OPTIMAL,True,2.0,2.0,0.0,2,OPTIMAL,True,2.0,2.0,0.0,3,OPTIMAL,True,3.0,3.0,0.0,3,OPTIMAL,True,3.0,3.0,0.0,4,OPTIMAL,True,4.0,4.0,0.0,3,OPTIMAL,True,3.0,3.0,0.0,3,OPTIMAL,True,3.0,3.0,0.0,3,OPTIMAL,True,3.0,3.0,0.0,4,OPTIMAL,True,4.0,4.0,0.0,2,2,2,3,1,1,3,1,1,3,4,3.25,8,35,35,6,32,6,32,1,2,1,7
8,4,3,8,0.2,0.2,0.3,0,dense,runner_up,0.145010,2,OPTIMAL,True,2.0,2.0,0.0,2,OPTIMAL,True,2.0,2.0,0.0,2,OPTIMAL,True,2.0,2.0,0.0,3,OPTIMAL,True,3.0,3.0,0.0,3,OPTIMAL,True,3.0,3.0,0.0,4,OPTIMAL,True,4.0,4.0,0.0,1,OPTIMAL,True,1.0,1.0,0.0,2,OPTIMAL,True,2.0,2.0,0.0,1,OPTIMAL,True,1.0,1.0,0.0,4,OPTIMAL,True,4.0,4.0,0.0,2,2,2,3,0,0,2,0,0,1,4,2.25,8,35,35,2,20,2,20,1,2,1,7
8,4,4,4,0.0,0.0,0.1,0,dense,runner_up,0.126798,4,OPTIMAL,True,4.0,4.0,0.0,4,OPTIMAL,True,4.0,4.0,0.0,4,OPTIMAL,True,4.0,4.0,0.0,4,OPTIMAL,True,4.0,4.0,0.0,4,OPTIMAL,True,4.0,4.0,0.0,4,OPTIMAL,True,4.0,4.0,0.0,4,OPTIMAL,True,4.0,4.0,0.0,3,OPTIMAL,True,3.0,3.0,0.0,4,OPTIMAL,True,4.0,4.0,0.0,4,OPTIMAL,True,4.0,4.0,0.0,4,4,4,4,3,3,3,3,3,4,4,4.0,16,64,64,13,54,13,54,3,3,3,12
8,4,4,4,0.0,0.0,0.3,0,dense,runner_up,0.126895,4,OPTIMAL,True,4.0,4.0,0.0,4,OPTIMAL,True,4.0,4.0,0.0,4,OPTIMAL,True,4.0,4.0,0.0,4,OPTIMAL,True,4.0,4.0,0.0,4,OPTIMAL,True,4.0,4.0,0.0,4,OPTIMAL,True,4.0,4.0,0.0,2,OPTIMAL,True,2.0,2.0,0.0,2,OPTIMAL,True,2.0,2.0,0.0,2,OPTIMAL,True,2.0,2.0,0.0,4,OPTIMAL,True,4.0,4.0,0.0,4,4,4,4,0,0,2,0,0,2,4,3.0,16,64,64,6,34,6,34,2,2,2,8
8,4,4,4,0.0,0.2,0.1,0,dense,runner_up,0.128691,4,OPTIMAL,True,4.0,4.0,0.0,4,OPTIMAL,True,4.0,4.0,0.0,4,OPTIMAL,True,4.0,4.0,0.0,4,OPTIMAL,True,4.0,4.0,0.0,4,OPTIMAL,True,4.0,4.0,0.0,4,OPTIMAL,True,4.0,4.0,0.0,3,OPTIMAL,True,3.0,3.0,0.0,2,OPTIMAL,True,2.0,2.0,0.0,3,OPTIMAL,True,3.0,3.0,0.0,4,OPTIMAL,True,4.0,4.0,0.0,4,4,4,4,1,1,2,1,1,3,4,3.5,16,64,64,9,42,9,42,1,2,1,6
8,4,4,4,0.0,0.2,0.3,0,dense,runner_up,0.129395,4,OPTIMAL,True,4.0,4.0,0.0,4,OPTIMAL,True,4.0,4.0,0.0,4,OPTIMAL,True,4.0,4.0,0.0,4,OPTIMAL,True,4.0,4.0,0.0,4,OPTIMAL,True,4.0,4.0,0.0,4,OPTIMAL,True,4.0,4.0,0.0,2,OPTIMAL,True,2.0,2.0,0.0,2,OPTIMAL,True,2.0,2.0,0.0,2,OPTIMAL,True,2.0,2.0,0.0,4,OPTIMAL,True,4.0,4.0,0.0,4,4,4,4,0,0,1,0,0,1,4,2.5,16,64,64,4,25,4,25,1,2,1,5
8,4,4,4,0.2,0.0,0.1,0,dense,runner_up,0.141363,1,OPTIMAL,True,1.0,1.0,0.0,1,OPTIMAL,True,1.0,1.0,0.0,1,OPTIMAL,True,1.0,1.0,0.0,3,OPTIMAL,True,3.0,3.0,0.0,2,OPTIMAL,True,2.0,2.0,0.0,4,OPTIMAL,True,4.0,4.0,0.0,3,OPTIMAL,True,3.0,3.0,0.0,3,OPTIMAL,True,3.0,3.0,0.0,3,OPTIMAL,True,3.0,3.0,0.0,4,OPTIMAL,True,4.0,4.0,0.0,1,1,1,2,1,1,3,1,1,3,4,3.75,9,43,43,9,49,9,49,2,3,2,11
8,4,4,4,0.2,0.0,0.3,0,dense,runner_up,0.136163,1,OPTIMAL,True,1.0,1.0,0.0,1,OPTIMAL,True,1.0,1.0,0.0,1,OPTIMAL,True,1.0,1.0,0.0,3,OPTIMAL,True,3.0,3.0,0.0,2,OPTIMAL,True,2.0,2.0,0.0,4,OPTIMAL,True,4.0,4.0,0.0,1,OPTIMAL,True,1.0,1.0,0.0,2,OPTIMAL,True,2.0,2.0,0.0,1,OPTIMAL,True,1.0,1.0,0.0,4,OPTIMAL,True,4.0,4.0,0.0,1,1,1,2,0,0,2,0,0,1,4,3.0,9,43,43,2,31,2,31,1,3,1,7
8,4,4,4,0.2,0.2,0.1,0,dense,runner_up,0.146129,1,OPTIMAL,True,1.0,1.0,0.0,1,OPTIMAL,True,1.0,1.0,0.0,1,OPTIMAL,True,1.0,1.0,0.0,3,OPTIMAL,True,3.0,3.0,0.0,2,OPTIMAL,True,2.0,2.0,0.0,4,OPTIMAL,True,4.0,4.0,0.0,3,OPTIMAL,True,3.0,3.0,0.0,3,OPTIMAL,True,3.0,3.0,0.0,3,OPTIMAL,True,3.0,3.0,0.0,4,OPTIMAL,True,4.0,4.0,0.0,1,1,1,2,1,1,2,1,1,3,3,3.0,9,43,43,8,40,8,40,1,2,1,5
8,4,4,4,0.2,0.2,0.3,0,dense,runner_up,0.137727,1,OPTIMAL,True,1.0,1.0,0.0,1,OPTIMAL,True,1.0,1.0,0.0,1,OPTIMAL,True,1.0,1.0,0.0,3,OPTIMAL,True,3.0,3.0,0.0,2,OPTIMAL,True,2.0,2.0,0.0,4,OPTIMAL,True,4.0,4.0,0.0,1,OPTIMAL,True,1.0,1.0,0.0,2,OPTIMAL,True,2.0,2.0,0.0,1,OPTIMAL,True,1.0,1.0,0.0,3,OPTIMAL,True,3.0,3.0,0.0,1,1,1,2,0,0,2,0,0,1,3,2.25,9,43,43,2,25,2,25,1,1,1,4
8,4,4,6,0.0,0.0,0.1,0,dense,runner_up,0.135354,4,OPTIMAL,True,4.0,4.0,0.0,4,OPTIMAL,True,4.0,4.0,0.0,4,OPTIMAL,True,4.0,4.0,0.0,4,OPTIMAL,True,4.0,4.0,0.0,4,OPTIMAL,True,4.0,4.0,0.0,4,OPTIMAL,True,4.0,4.0,0.0,4,OPTIMAL,True,4.0,4.0,0.0,3,OPTIMAL,True,3.0,3.0,0.0,4,OPTIMAL,True,4.0,4.0,0.0,4,OPTIMAL,True,4.0,4.0,0.0,4,4,4,4,3,3,3,3,3,4,4,4.0,16,64,64,13,54,13,54,3,3,3,12
8,4,4,6,0.0,0.0,0.3,0,dense,runner_up,0.136024,4,OPTIMAL,True,4.0,4.0,0.0,4,OPTIMAL,True,4.0,4.0,0.0,4,OPTIMAL,True,4.0,4.0,0.0,4,OPTIMAL,True,4.0,4.0,0.0,4,OPTIMAL,True,4.0,4.0,0.0,4,OPTIMAL,True,4.0,4.0,0.0,2,OPTIMAL,True,2.0,2.0,0.0,2,OPTIMAL,True,2.0,2.0,0.0,2,OPTIMAL,True,2.0,2.0,0.0,4,OPTIMAL,True,4.0,4.0,0.0,4,4,4,4,0,0,2,0,0,2,4,3.0,16,64,64,6,34,6,34,2,2,2,8
8,4,4,6,0.0,0.2,0.1,0,dense,runner_up,0.134380,4,OPTIMAL,True,4.0,4.0,0.0,4,OPTIMAL,True,4.0,4.0,0.0,4,OPTIMAL,True,4.0,4.0,0.0,4,OPTIMAL,True,4.0,4.0,0.0,4,OPTIMAL,True,4.0,4.0,0.0,4,OPTIMAL,True,4.0,4.0,0.0,3,OPTIMAL,True,3.0,3.0,0.0,3,OPTIMAL,True,3.0,3.0,0.0,3,OPTIMAL,True,3.0,3.0,0.0,4,OPTIMAL,True,4.0,4.0,0.0,4,4,4,4,2,2,3,2,2,3,4,3.5,16,64,64,10,45,10,45,1,2,1,6
8,4,4,6,0.0,0.2,0.3,0,dense,runner_up,0.137710,4,OPTIMAL,True,4.0,4.0,0.0,4,OPTIMAL,True,4.0,4.0,0.0,4,OPTIMAL,True,4.0,4.0,0.0,4,OPTIMAL,True,4.0,4.0,0.0,4,OPTIMAL,True,4.0,4.0,0.0,4,OPTIMAL,True,4.0,4.0,0.0,2,OPTIMAL,True,2.0,2.0,0.0,2,OPTIMAL,True,2.0,2.0,0.0,2,OPTIMAL,True,2.0,2.0,0.0,4,OPTIMAL,True,4.0,4.0,0.0,4,4,4,4,0,0,1,0,0,2,4,2.75,16,64,64,5,29,5,29,1,2,1,5
8,4,4,6,0.2,0.0,0.1,0,dense,runner_up,0.153064,2,OPTIMAL,True,2.0,2.0,0.0,2,OPTIMAL,True,2.0,2.0,0.0,2,OPTIMAL,True,2.0,2.0,0.0,3,OPTIMAL,True,3.0,3.0,0.0,3,OPTIMAL,True,3.0,3.0,0.0,4,OPTIMAL,True,4.0,4.0,0.0,3,OPTIMAL,True,3.0,3.0,0.0,3,OPTIMAL,True,3.0,3.0,0.0,3,OPTIMAL,True,3.0,3.0,0.0,4,OPTIMAL,True,4.0,4.0,0.0,2,2,2,3,1,1,3,1,1,3,4,3.75,9,44,44,9,49,9,49,2,3,2,11
8,4,4,6,0.2,0.0,0.3,0,dense,runner_up,0.153093,2,OPTIMAL,True,2.0,2.0,0.0,2,OPTIMAL,True,2.0,2.0,0.0,2,OPTIMAL,True,2.0,2.0,0.0,3,OPTIMAL,True,3.0,3.0,0.0,3,OPTIMAL,True,3.0,3.0,0.0,4,OPTIMAL,True,4.0,4.0,0.0,1,OPTIMAL,True,1.0,1.0,0.0,2,OPTIMAL,True,2.0,2.0,0.0,1,OPTIMAL,True,1.0,1.0,0.0,4,OPTIMAL,True,4.0,4.0,0.0,2,2,2,3,0,0,2,0,0,1,4,3.0,9,44,44,2,31,2,31,1,3,1,7
8,4,4,6,0.2,0.2,0.1,0,dense,runner_up,0.156331,2,OPTIMAL,True,2.0,2.0,0.0,2,OPTIMAL,True,2.0,2.0,0.0,2,OPTIMAL,True,2.0,2.0,0.0,3,OPTIMAL,True,3.0,3.0,0.0,3,OPTIMAL,True,3.0,3.0,0.0,4,OPTIMAL,True,4.0,4.0,0.0,3,OPTIMAL,True,3.0,3.0,0.0,3,OPTIMAL,True,3.0,3.0,0.0,3,OPTIMAL,True,3.0,3.0,0.0,4,OPTIMAL,True,4.0,4.0,0.0,2,2,2,3,1,1,2,1,1,3,3,3.0,9,44,44,8,40,8,40,1,1,1,4
8,4,4,6,0.2,0.2,0.3,0,dense,runner_up,0.150870,2,OPTIMAL,True,2.0,2.0,0.0,2,OPTIMAL,True,2.0,2.0,0.0,2,OPTIMAL,True,2.0,2.0,0.0,3,OPTIMAL,True,3.0,3.0,0.0,3,OPTIMAL,True,3.0,3.0,0.0,4,OPTIMAL,True,4.0,4.0,0.0,1,OPTIMAL,True,1.0,1.0,0.0,2,OPTIMAL,True,2.0,2.0,0.0,1,OPTIMAL,True,1.0,1.0,0.0,4,OPTIMAL,True,4.0,4.0,0.0,2,2,2,3,0,0,2,0,0,1,3,2.25,9,44,44,2,25,2,25,1,1,1,4
8,4,4,8,0.0,0.0,0.1,0,dense,runner_up,0.141579,4,OPTIMAL,True,4.0,4.0,0.0,4,OPTIMAL,True,4.0,4.0,0.0,4,OPTIMAL,True,4.0,4.0,0.0,4,OPTIMAL,True,4.0,4.0,0.0,4,OPTIMAL,True,4.0,4.0,0.0,4,OPTIMAL,True,4.0,4.0,0.0,4,OPTIMAL,True,4.0,4.0,0.0,3,OPTIMAL,True,3.0,3.0,0.0,4,OPTIMAL,True,4.0,4.0,0.0,4,OPTIMAL,True,4.0,4.0,0.0,4,4,4,4,3,3,3,3,3,4,4,4.0,16,64,64,13,54,13,54,3,3,3,12
8,4,4,8,0.0,0.0,0.3,0,dense,runner_up,0.142265,4,OPTIMAL,True,4.0,4.0,0.0,4,OPTIMAL,True,4.0,4.0,0.0,4,OPTIMAL,True,4.0,4.0,0.0,4,OPTIMAL,True,4.0,4.0,0.0,4,OPTIMAL,True,4.0,4.0,0.0,4,OPTIMAL,True,4.0,4.0,0.0,2,OPTIMAL,True,2.0,2.0,0.0,2,OPTIMAL,True,2.0,2.0,0.0,2,OPTIMAL,True,2.0,2.0,0.0,4,OPTIMAL,True,4.0,4.0,0.0,4,4,4,4,0,0,2,0,0,2,4,3.0,16,64,64,6,34,6,34,2,2,2,8
8,4,4,8,0.0,0.2,0.1,0,dense,runner_up,0.142781,4,OPTIMAL,True,4.0,4.0,0.0,4,OPTIMAL,True,4.0,4.0,0.0,4,OPTIMAL,True,4.0,4.0,0.0,4,OPTIMAL,True,4.0,4.0,0.0,4,OPTIMAL,True,4.0,4.0,0.0,4,OPTIMAL,True,4.0,4.0,0.0,3,OPTIMAL,True,3.0,3.0,0.0,3,OPTIMAL,True,3.0,3.0,0.0,3,OPTIMAL,True,3.0,3.0,0.0,4,OPTIMAL,True,4.0,4.0,0.0,4,4,4,4,2,2,2,2,2,3,4,3.5,16,64,64,10,44,10,44,1,2,1,6
8,4,4,8,0.0,0.2,0.3,0,dense,runner_up,0.143752,4,OPTIMAL,True,4.0,4.0,0.0,4,OPTIMAL,True,4.0,4.0,0.0,4,OPTIMAL,True,4.0,4.0,0.0,4,OPTIMAL,True,4.0,4.0,0.0,4,OPTIMAL,True,4.0,4.0,0.0,4,OPTIMAL,True,4.0,4.0,0.0,2,OPTIMAL,True,2.0,2.0,0.0,2,OPTIMAL,True,2.0,2.0,0.0,2,OPTIMAL,True,2.0,2.0,0.0,4,OPTIMAL,True,4.0,4.0,0.0,4,4,4,4,0,0,1,0,0,2,4,2.75,16,64,64,6,30,6,30,1,2,1,5
8,4,4,8,0.2,0.0,0.1,0,dense,runner_up,0.159306,2,OPTIMAL,True,2.0,2.0,0.0,2,OPTIMAL,True,2.0,2.0,0.0,2,OPTIMAL,True,2.0,2.0,0.0,3,OPTIMAL,True,3.0,3.0,0.0,3,OPTIMAL,True,3.0,3.0,0.0,4,OPTIMAL,True,4.0,4.0,0.0,3,OPTIMAL,True,3.0,3.0,0.0,3,OPTIMAL,True,3.0,3.0,0.0,3,OPTIMAL,True,3.0,3.0,0.0,4,OPTIMAL,True,4.0,4.0,0.0,2,2,2,3,1,1,3,1,1,3,4,3.75,9,46,46,9,49,9,49,2,3,2,11
8,4,4,8,0.2,0.0,0.3,0,dense,runner_up,0.156204,2,OPTIMAL,True,2.0,2.0,0.0,2,OPTIMAL,True,2.0,2.0,0.0,2,OPTIMAL,True,2.0,2.0,0.0,3,OPTIMAL,True,3.0,3.0,0.0,3,OPTIMAL,True,3.0,3.0,0.0,4,OPTIMAL,True,4.0,4.0,0.0,1,OPTIMAL,True,1.0,1.0,0.0,2,OPTIMAL,True,2.0,2.0,0.0,1,OPTIMAL,True,1.0,1.0,0.0,4,OPTIMAL,True,4.0,4.0,0.0,2,2,2,3,0,0,2,0,0,1,4,3.0,9,46,46,2,31,2,31,1,3,1,7
8,4,4,8,0.2,0.2,0.1,0,dense,runner_up,0.161431,2,OPTIMAL,True,2.0,2.0,0.0,2,OPTIMAL,True,2.0,2.0,0.0,2,OPTIMAL,True,2.0,2.0,0.0,3,OPTIMAL,True,3.0,3.0,0.0,3,OPTIMAL,True,3.0,3.0,0.0,4,OPTIMAL,True,4.0,4.0,0.0,3,OPTIMAL,True,3.0,3.0,0.0,3,OPTIMAL,True,3.0,3.0,0.0,3,OPTIMAL,True,3.0,3.0,0.0,4,OPTIMAL,True,4.0,4.0,0.0,2,2,2,3,1,1,3,1,1,3,3,3.0,9,46,46,9,42,9,42,1,1,1,4
8,4,4,8,0.2,0.2,0.3,0,dense,runner_up,0.156303,2,OPTIMAL,True,2.0,2.0,0.0,2,OPTIMAL,True,2.0,2.0,0.0,2,OPTIMAL,True,2.0,2.0,0.0,3,OPTIMAL,True,3.0,3.0,0.0,3,OPTIMAL,True,3.0,3.0,0.0,4,OPTIMAL,True,4.0,4.0,0.0,1,OPTIMAL,True,1.0,1.0,0.0,2,OPTIMAL,True,2.0,2.0,0.0,1,OPTIMAL,True,1.0,1.0,0.0,3,OPTIMAL,True,3.0,3.0,0.0,2,2,2,3,0,0,2,0,0,1,3,2.25,9,46,46,2,26,2,26,1,1,1,4
8,4,5,4,0.0,0.0,0.1,0,dense,runner_up,0.132802,4,OPTIMAL,True,4.0,4.0,0.0,4,OPTIMAL,True,4.0,4.0,0.0,4,OPTIMAL,True,4.0,4.0,0.0,4,OPTIMAL,True,4.0,4.0,0.0,4,OPTIMAL,True,4.0,4.0,0.0,4,OPTIMAL,True,4.0,4.0,0.0,4,OPTIMAL,True,4.0,4.0,0.0,4,OPTIMAL,True,4.0,4.0,0.0,4,OPTIMAL,True,4.0,4.0,0.0,4,OPTIMAL,True,4.0,4.0,0.0,4,4,4,4,3,3,3,3,3,4,4,4.0,20,80,80,16,69,16,69,2,4,2,12
8,4,5,4,0.0,0.0,0.3,0,dense,runner_up,0.132468,4,OPTIMAL,True,4.0,4.0,0.0,4,OPTIMAL,True,4.0,4.0,0.0,4,OPTIMAL,True,4.0,4.0,0.0,4,OPTIMAL,True,4.0,4.0,0.0,4,OPTIMAL,True,4.0,4.0,0.0,4,OPTIMAL,True,4.0,4.0,0.0,3,OPTIMAL,True,3.0,3.0,0.0,2,OPTIMAL,True,2.0,2.0,0.0,3,OPTIMAL,True,3.0,3.0,0.0,4,OPTIMAL,True,4.0,4.0,0.0,4,4,4,4,0,0,1,0,0,3,4,3.25,20,80,80,9,43,9,43,1,2,1,7
8,4,5,4,0.0,0.2,0.1,0,dense,runner_up,0.143122,4,OPTIMAL,True,4.0,4.0,0.0,4,OPTIMAL,True,4.0,4.0,0.0,4,OPTIMAL,True,4.0,4.0,0.0,4,OPTIMAL,True,4.0,4.0,0.0,4,OPTIMAL,True,4.0,4.0,0.0,4,OPTIMAL,True,4.0,4.0,0.0,3,OPTIMAL,True,3.0,3.0,0.0,3,OPTIMAL,True,3.0,3.0,0.0,3,OPTIMAL,True,3.0,3.0,0.0,4,OPTIMAL,True,4.0,4.0,0.0,4,4,4,4,0,0,3,0,0,3,4,3.25,20,80,80,10,52,10,52,1,2,1,5
8,4,5,4,0.0,0.2,0.3,0,dense,runner_up,0.135409,4,OPTIMAL,True,4.0,4.0,0.0,4,OPTIMAL,True,4.0,4.0,0.0,4,OPTIMAL,True,4.0,4.0,0.0,4,OPTIMAL,True,4.0,4.0,0.0,4,OPTIMAL,True,4.0,4.0,0.0,4,OPTIMAL,True,4.0,4.0,0.0,2,OPTIMAL,True,2.0,2.0,0.0,2,OPTIMAL,True,2.0,2.0,0.0,2,OPTIMAL,True,2.0,2.0,0.0,3,OPTIMAL,True,3.0,3.0,0.0,4,4,4,4,0,0,1,0,0,2,3,2.75,20,80,80,5,31,5,31,1,1,1,4
8,4,5,4,0.2,0.0,0.1,0,dense,runner_up,0.137299,0,OPTIMAL,True,0.0,0.0,0.0,0,OPTIMAL,True,0.0,0.0,0.0,0,OPTIMAL,True,0.0,0.0,0.0,3,OPTIMAL,True,3.0,3.0,0.0,2,OPTIMAL,True,2.0,2.0,0.0,4,OPTIMAL,True,4.0,4.0,0.0,4,OPTIMAL,True,4.0,4.0,0.0,4,OPTIMAL,True,4.0,4.0,0.0,4,OPTIMAL,True,4.0,4.0,0.0,4,OPTIMAL,True,4.0,4.0,0.0,0,0,0,2,2,2,3,2,2,4,4,4.0,12,56,56,16,69,16,69,3,4,3,13
8,4,5,4,0.2,0.0,0.3,0,dense,runner_up,0.137322,0,OPTIMAL,True,0.0,0.0,0.0,0,OPTIMAL,True,0.0,0.0,0.0,0,OPTIMAL,True,0.0,0.0,0.0,3,OPTIMAL,True,3.0,3.0,0.0,2,OPTIMAL,True,2.0,2.0,0.0,4,OPTIMAL,True,4.0,4.0,0.0,2,OPTIMAL,True,2.0,2.0,0.0,2,OPTIMAL,True,2.0,2.0,0.0,2,OPTIMAL,True,2.0,2.0,0.0,4,OPTIMAL,True,4.0,4.0,0.0,0,0,0,2,0,0,2,0,0,2,4,3.0,12,56,56,6,34,6,34,1,2,1,6
8,4,5,4,0.2,0.2,0.1,0,dense,runner_up,0.140728,0,OPTIMAL,True,0.0,0.0,0.0,0,OPTIMAL,True,0.0,0.0,0.0,0,OPTIMAL,True,0.0,0.0,0.0,3,OPTIMAL,True,3.0,3.0,0.0,2,OPTIMAL,True,2.0,2.0,0.0,4,OPTIMAL,True,4.0,4.0,0.0,4,OPTIMAL,True,4.0,4.0,0.0,4,OPTIMAL,True,4.0,4.0,0.0,4,OPTIMAL,True,4.0,4.0,0.0,4,OPTIMAL,True,4.0,4.0,0.0,0,0,0,2,2,2,2,2,2,4,4,4.0,12,56,56,13,57,13,57,1,2,1,5
8,4,5,4,0.2,0.2,0.3,0,dense,runner_up,0.139586,0,OPTIMAL,True,0.0,0.0,0.0,0,OPTIMAL,True,0.0,0.0,0.0,0,OPTIMAL,True,0.0,0.0,0.0,3,OPTIMAL,True,3.0,3.0,0.0,2,OPTIMAL,True,2.0,2.0,0.0,4,OPTIMAL,True,4.0,4.0,0.0,2,OPTIMAL,True,2.0,2.0,0.0,2,OPTIMAL,True,2.0,2.0,0.0,2,OPTIMAL,True,2.0,2.0,0.0,3,OPTIMAL,True,3.0,3.0,0.0,0,0,0,2,0,0,0,0,0,2,3,2.75,12,56,56,5,26,5,26,1,1,1,4
8,4,5,6,0.0,0.0,0.1,0,dense,runner_up,0.142100,4,OPTIMAL,True,4.0,4.0,0.0,4,OPTIMAL,True,4.0,4.0,0.0,4,OPTIMAL,True,4.0,4.0,0.0,4,OPTIMAL,True,4.0,4.0,0.0,4,OPTIMAL,True,4.0,4.0,0.0,4,OPTIMAL,True,4.0,4.0,0.0,4,OPTIMAL,True,4.0,4.0,0.0,4,OPTIMAL,True,4.0,4.0,0.0,4,OPTIMAL,True,4.0,4.0,0.0,4,OPTIMAL,True,4.0,4.0,0.0,4,4,4,4,3,3,3,3,3,4,4,4.0,20,80,80,16,69,16,69,2,4,2,12
8,4,5,6,0.0,0.0,0.3,0,dense,runner_up,0.140789,4,OPTIMAL,True,4.0,4.0,0.0,4,OPTIMAL,True,4.0,4.0,0.0,4,OPTIMAL,True,4.0,4.0,0.0,4,OPTIMAL,True,4.0,4.0,0.0,4,OPTIMAL,True,4.0,4.0,0.0,4,OPTIMAL,True,4.0,4.0,0.0,3,OPTIMAL,True,3.0,3.0,0.0,2,OPTIMAL,True,2.0,2.0,0.0,3,OPTIMAL,True,3.0,3.0,0.0,4,OPTIMAL,True,4.0,4.0,0.0,4,4,4,4,0,0,1,0,0,3,4,3.25,20,80,80,9,43,9,43,1,2,1,7
8,4,5,6,0.0,0.2,0.1,0,dense,runner_up,0.156690,4,OPTIMAL,True,4.0,4.0,0.0,4,OPTIMAL,True,4.0,4.0,0.0,4,OPTIMAL,True,4.0,4.0,0.0,4,OPTIMAL,True,4.0,4.0,0.0,4,OPTIMAL,True,4.0,4.0,0.0,4,OPTIMAL,True,4.0,4.0,0.0,3,OPTIMAL,True,3.0,3.0,0.0,3,OPTIMAL,True,3.0,3.0,0.0,3,OPTIMAL,True,3.0,3.0,0.0,4,OPTIMAL,True,4.0,4.0,0.0,4,4,4,4,1,1,3,1,1,3,4,3.25,20,80,80,11,53,11,53,1,2,1,5
8,4,5,6,0.0,0.2,0.3,0,dense,runner_up,0.144065,4,OPTIMAL,True,4.0,4.0,0.0,4,OPTIMAL,True,4.0,4.0,0.0,4,OPTIMAL,True,4.0,4.0,0.0,4,OPTIMAL,True,4.0,4.0,0.0,4,OPTIMAL,True,4.0,4.0,0.0,4,OPTIMAL,True,4.0,4.0,0.0,2,OPTIMAL,True,2.0,2.0,0.0,2,OPTIMAL,True,2.0,2.0,0.0,2,OPTIMAL,True,2.0,2.0,0.0,3,OPTIMAL,True,3.0,3.0,0.0,4,4,4,4,0,0,1,0,0,2,3,2.75,20,80,80,5,31,5,31,1,1,1,4
8,4,5,6,0.2,0.0,0.1,0,dense,runner_up,0.146150,0,OPTIMAL,True,0.0,0.0,0.0,0,OPTIMAL,True,0.0,0.0,0.0,0,OPTIMAL,True,0.0,0.0,0.0,3,OPTIMAL,True,3.0,3.0,0.0,3,OPTIMAL,True,3.0,3.0,0.0,4,OPTIMAL,True,4.0,4.0,0.0,4,OPTIMAL,True,4.0,4.0,0.0,4,OPTIMAL,True,4.0,4.0,0.0,4,OPTIMAL,True,4.0,4.0,0.0,4,OPTIMAL,True,4.0,4.0,0.0,0,0,0,3,2,2,3,2,2,4,4,4.0,11,57,57,16,69,16,69,3,4,3,13
8,4,5,6,0.2,0.0,0.3,0,dense,runner_up,0.145586,0,OPTIMAL,True,0.0,0.0,0.0,0,OPTIMAL,True,0.0,0.0,0.0,0,OPTIMAL,True,0.0,0.0,0.0,3,OPTIMAL,True,3.0,3.0,0.0,3,OPTIMAL,True,3.0,3.0,0.0,4,OPTIMAL,True,4.0,4.0,0.0,2,OPTIMAL,True,2.0,2.0,0.0,2,OPTIMAL,True,2.0,2.0,0.0,2,OPTIMAL,True,2.0,2.0,0.0,4,OPTIMAL,True,4.0,4.0,0.0,0,0,0,3,0,0,2,0,0,2,4,3.0,11,57,57,6,34,6,34,1,2,1,6
8,4,5,6,0.2,0.2,0.1,0,dense,runner_up,0.148087,0,OPTIMAL,True,0.0,0.0,0.0,0,OPTIMAL,True,0.0,0.0,0.0,0,OPTIMAL,True,0.0,0.0,0.0,3,OPTIMAL,True,3.0,3.0,0.0,3,OPTIMAL,True,3.0,3.0,0.0,4,OPTIMAL,True,4.0,4.0,0.0,4,OPTIMAL,True,4.0,4.0,0.0,4,OPTIMAL,True,4.0,4.0,0.0,4,OPTIMAL,True,4.0,4.0,0.0,4,OPTIMAL,True,4.0,4.0,0.0,0,0,0,3,1,1,2,1,1,4,4,4.0,11,57,57,13,57,13,57,1,2,1,5
8,4,5,6,0.2,0.2,0.3,0,dense,runner_up,0.149083,0,OPTIMAL,True,0.0,0.0,0.0,0,OPTIMAL,True,0.0,0.0,0.0,0,OPTIMAL,True,0.0,0.0,0.0,3,OPTIMAL,True,3.0,3.0,0.0,3,OPTIMAL,True,3.0,3.0,0.0,4,OPTIMAL,True,4.0,4.0,0.0,2,OPTIMAL,True,2.0,2.0,0.0,2,OPTIMAL,True,2.0,2.0,0.0,2,OPTIMAL,True,2.0,2.0,0.0,3,OPTIMAL,True,3.0,3.0,0.0,0,0,0,3,0,0,0,0,0,2,3,2.75,11,57,57,4,26,4,26,1,1,1,4
8,4,5,8,0.0,0.0,0.1,0,dense,runner_up,0.165243,4,OPTIMAL,True,4.0,4.0,0.0,4,OPTIMAL,True,4.0,4.0,0.0,4,OPTIMAL,True,4.0,4.0,0.0,4,OPTIMAL,True,4.0,4.0,0.0,4,OPTIMAL,True,4.0,4.0,0.0,4,OPTIMAL,True,4.0,4.0,0.0,4,OPTIMAL,True,4.0,4.0,0.0,4,OPTIMAL,True,4.0,4.0,0.0,4,OPTIMAL,True,4.0,4.0,0.0,4,OPTIMAL,True,4.0,4.0,0.0,4,4,4,4,3,3,3,3,3,4,4,4.0,20,80,80,16,69,16,69,2,4,2,12
8,4,5,8,0.0,0.0,0.3,0,dense,runner_up,0.151480,4,OPTIMAL,True,4.0,4.0,0.0,4,OPTIMAL,True,4.0,4.0,0.0,4,OPTIMAL,True,4.0,4.0,0.0,4,OPTIMAL,True,4.0,4.0,0.0,4,OPTIMAL,True,4.0,4.0,0.0,4,OPTIMAL,True,4.0,4.0,0.0,3,OPTIMAL,True,3.0,3.0,0.0,2,OPTIMAL,True,2.0,2.0,0.0,3,OPTIMAL,True,3.0,3.0,0.0,4,OPTIMAL,True,4.0,4.0,0.0,4,4,4,4,0,0,1,0,0,3,4,3.25,20,80,80,9,43,9,43,1,2,1,7
8,4,5,8,0.0,0.2,0.1,0,dense,runner_up,0.160073,4,OPTIMAL,True,4.0,4.0,0.0,4,OPTIMAL,True,4.0,4.0,0.0,4,OPTIMAL,True,4.0,4.0,0.0,4,OPTIMAL,True,4.0,4.0,0.0,4,OPTIMAL,True,4.0,4.0,0.0,4,OPTIMAL,True,4.0,4.0,0.0,3,OPTIMAL,True,3.0,3.0,0.0,3,OPTIMAL,True,3.0,3.0,0.0,3,OPTIMAL,True,3.0,3.0,0.0,4,OPTIMAL,True,4.0,4.0,0.0,4,4,4,4,1,1,3,1,1,3,4,3.25,20,80,80,10,54,10,54,1,2,1,5
8,4,5,8,0.0,0.2,0.3,0,dense,runner_up,0.156085,4,OPTIMAL,True,4.0,4.0,0.0,4,OPTIMAL,True,4.0,4.0,0.0,4,OPTIMAL,True,4.0,4.0,0.0,4,OPTIMAL,True,4.0,4.0,0.0,4,OPTIMAL,True,4.0,4.0,0.0,4,OPTIMAL,True,4.0,4.0,0.0,2,OPTIMAL,True,2.0,2.0,0.0,2,OPTIMAL,True,2.0,2.0,0.0,2,OPTIMAL,True,2.0,2.0,0.0,3,OPTIMAL,True,3.0,3.0,0.0,4,4,4,4,0,0,1,0,0,2,3,2.75,20,80,80,5,34,5,34,1,1,1,4
8,4,5,8,0.2,0.0,0.1,0,dense,runner_up,0.156808,0,OPTIMAL,True,0.0,0.0,0.0,0,OPTIMAL,True,0.0,0.0,0.0,0,OPTIMAL,True,0.0,0.0,0.0,3,OPTIMAL,True,3.0,3.0,0.0,3,OPTIMAL,True,3.0,3.0,0.0,4,OPTIMAL,True,4.0,4.0,0.0,4,OPTIMAL,True,4.0,4.0,0.0,4,OPTIMAL,True,4.0,4.0,0.0,4,OPTIMAL,True,4.0,4.0,0.0,4,OPTIMAL,True,4.0,4.0,0.0,0,0,0,3,2,2,3,2,2,4,4,4.0,12,58,58,16,69,16,69,3,4,3,13
8,4,5,8,0.2,0.0,0.3,0,dense,runner_up,0.155543,0,OPTIMAL,True,0.0,0.0,0.0,0,OPTIMAL,True,0.0,0.0,0.0,0,OPTIMAL,True,0.0,0.0,0.0,3,OPTIMAL,True,3.0,3.0,0.0,3,OPTIMAL,True,3.0,3.0,0.0,4,OPTIMAL,True,4.0,4.0,0.0,2,OPTIMAL,True,2.0,2.0,0.0,2,OPTIMAL,True,2.0,2.0,0.0,2,OPTIMAL,True,2.0,2.0,0.0,4,OPTIMAL,True,4.0,4.0,0.0,0,0,0,3,0,0,2,0,0,2,4,3.0,12,58,58,6,34,6,34,1,2,1,6
8,4,5,8,0.2,0.2,0.1,0,dense,runner_up,0.158329,0,OPTIMAL,True,0.0,0.0,0.0,0,OPTIMAL,True,0.0,0.0,0.0,0,OPTIMAL,True,0.0,0.0,0.0,3,OPTIMAL,True,3.0,3.0,0.0,3,OPTIMAL,True,3.0,3.0,0.0,4,OPTIMAL,True,4.0,4.0,0.0,4,OPTIMAL,True,4.0,4.0,0.0,4,OPTIMAL,True,4.0,4.0,0.0,4,OPTIMAL,True,4.0,4.0,0.0,4,OPTIMAL,True,4.0,4.0,0.0,0,0,0,3,1,1,2,1,1,4,4,4.0,12,58,58,13,57,13,57,1,2,1,5
8,4,5,8,0.2,0.2,0.3,0,dense,runner_up,0.156590,0,OPTIMAL,True,0.0,0.0,0.0,0,OPTIMAL,True,0.0,0.0,0.0,0,OPTIMAL,True,0.0,0.0,0.0,3,OPTIMAL,True,3.0,3.0,0.0,3,OPTIMAL,True,3.0,3.0,0.0,4,OPTIMAL,True,4.0,4.0,0.0,2,OPTIMAL,True,2.0,2.0,0.0,2,OPTIMAL,True,2.0,2.0,0.0,2,OPTIMAL,True,2.0,2.0,0.0,3,OPTIMAL,True,3.0,3.0,0.0,0,0,0,3,0,0,0,0,0,2,3,2.75,12,58,58,4,26,4,26,1,1,1,4
10,2,2,4,0.0,0.0,0.1,0,dense,runner_up,0.098989,5,OPTIMAL,True,5.0,5.0,0.0,5,OPTIMAL,True,5.0,5.0,0.0,5,OPTIMAL,True,5.0,5.0,0.0,5,OPTIMAL,True,5.0,5.0,0.0,5,OPTIMAL,True,5.0,5.0,0.0,5,OPTIMAL,True,5.0,5.0,0.0,5,OPTIMAL,True,5.0,5.0,0.0,5,OPTIMAL,True,5.0,5.0,0.0,5,OPTIMAL,True,5.0,5.0,0.0,5,OPTIMAL,True,5.0,5.0,0.0,5,5,5,5,4,4,5,4,4,5,5,5.0,10,20,20,9,19,9,19,5,5,5,10
10,2,2,4,0.0,0.0,0.3,0,dense,runner_up,0.105556,5,OPTIMAL,True,5.0,5.0,0.0,5,OPTIMAL,True,5.0,5.0,0.0,5,OPTIMAL,True,5.0,5.0,0.0,5,OPTIMAL,True,5.0,5.0,0.0,5,OPTIMAL,True,5.0,5.0,0.0,5,OPTIMAL,True,5.0,5.0,0.0,3,OPTIMAL,True,3.0,3.0,0.0,2,OPTIMAL,True,2.0,2.0,0.0,3,OPTIMAL,True,3.0,3.0,0.0,3,OPTIMAL,True,3.0,3.0,0.0,5,5,5,5,1,1,2,1,1,3,3,3.0,10,20,20,4,9,4,9,2,3,2,5
10,2,2,4,0.0,0.2,0.1,0,dense,runner_up,0.104647,5,OPTIMAL,True,5.0,5.0,0.0,5,OPTIMAL,True,5.0,5.0,0.0,5,OPTIMAL,True,5.0,5.0,0.0,5,OPTIMAL,True,5.0,5.0,0.0,5,OPTIMAL,True,5.0,5.0,0.0,5,OPTIMAL,True,5.0,5.0,0.0,4,OPTIMAL,True,4.0,4.0,0.0,3,OPTIMAL,True,3.0,3.0,0.0,4,OPTIMAL,True,4.0,4.0,0.0,5,OPTIMAL,True,5.0,5.0,0.0,5,5,5,5,3,3,3,3,3,4,5,4.5,10,20,20,7,15,7,15,3,4,3,7
10,2,2,4,0.0,0.2,0.3,0,dense,runner_up,0.098402,5,OPTIMAL,True,5.0,5.0,0.0,5,OPTIMAL,True,5.0,5.0,0.0,5,OPTIMAL,True,5.0,5.0,0.0,5,OPTIMAL,True,5.0,5.0,0.0,5,OPTIMAL,True,5.0,5.0,0.0,5,OPTIMAL,True,5.0,5.0,0.0,2,OPTIMAL,True,2.0,2.0,0.0,2,OPTIMAL,True,2.0,2.0,0.0,2,OPTIMAL,True,2.0,2.0,0.0,2,OPTIMAL,True,2.0,2.0,0.0,5,5,5,5,0,0,2,0,0,2,2,2.0,10,20,20,2,6,2,6,0,2,0,2
10,2,2,4,0.2,0.0,0.1,0,dense,runner_up,0.097185,3,OPTIMAL,True,3.0,3.0,0.0,3,OPTIMAL,True,3.0,3.0,0.0,3,OPTIMAL,True,3.0,3.0,0.0,3,OPTIMAL,True,3.0,3.0,0.0,4,OPTIMAL,True,4.0,4.0,0.0,4,OPTIMAL,True,4.0,4.0,0.0,4,OPTIMAL,True,4.0,4.0,0.0,4,OPTIMAL,True,4.0,4.0,0.0,4,OPTIMAL,True,4.0,4.0,0.0,4,OPTIMAL,True,4.0,4.0,0.0,3,3,3,4,3,3,4,3,3,4,4,4.0,6,14,14,7,15,7,15,4,4,4,8
10,2,2,4,0.2,0.0,0.3,0,dense,runner_up,0.101170,3,OPTIMAL,True,3.0,3.0,0.0,3,OPTIMAL,True,3.0,3.0,0.0,3,OPTIMAL,True,3.0,3.0,0.0,3,OPTIMAL,True,3.0,3.0,0.0,4,OPTIMAL,True,4.0,4.0,0.0,4,OPTIMAL,True,4.0,4.0,0.0,1,OPTIMAL,True,1.0,1.0,0.0,2,OPTIMAL,True,2.0,2.0,0.0,1,OPTIMAL,True,1.0,1.0,0.0,3,OPTIMAL,True,3.0,3.0,0.0,3,3,3,4,1,1,2,1,1,1,3,2.0,6,14,14,2,7,2,7,1,3,1,4
10,2,2,4,0.2,0.2,0.1,0,dense,runner_up,0.097958,3,OPTIMAL,True,3.0,3.0,0.0,3,OPTIMAL,True,3.0,3.0,0.0,3,OPTIMAL,True,3.0,3.0,0.0,3,OPTIMAL,True,3.0,3.0,0.0,4,OPTIMAL,True,4.0,4.0,0.0,4,OPTIMAL,True,4.0,4.0,0.0,2,OPTIMAL,True,2.0,2.0,0.0,3,OPTIMAL,True,3.0,3.0,0.0,2,OPTIMAL,True,2.0,2.0,0.0,4,OPTIMAL,True,4.0,4.0,0.0,3,3,3,4,1,1,3,1,1,2,4,3.0,6,14,14,3,10,3,10,2,3,2,5
10,2,2,4,0.2,0.2,0.3,0,dense,runner_up,0.097132,3,OPTIMAL,True,3.0,3.0,0.0,3,OPTIMAL,True,3.0,3.0,0.0,3,OPTIMAL,True,3.0,3.0,0.0,3,OPTIMAL,True,3.0,3.0,0.0,4,OPTIMAL,True,4.0,4.0,0.0,4,OPTIMAL,True,4.0,4.0,0.0,0,OPTIMAL,True,0.0,0.0,0.0,2,OPTIMAL,True,2.0,2.0,0.0,0,OPTIMAL,True,0.0,0.0,0.0,2,OPTIMAL,True,2.0,2.0,0.0,3,3,3,4,0,0,2,0,0,0,2,1.0,6,14,14,0,4,0,4,1,2,1,3
10,2,2,6,0.0,0.0,0.1,0,dense,runner_up,0.099520,5,OPTIMAL,True,5.0,5.0,0.0,5,OPTIMAL,True,5.0,5.0,0.0,5,OPTIMAL,True,5.0,5.0,0.0,5,OPTIMAL,True,5.0,5.0,0.0,5,OPTIMAL,True,5.0,5.0,0.0,5,OPTIMAL,True,5.0,5.0,0.0,5,OPTIMAL,True,5.0,5.0,0.0,5,OPTIMAL,True,5.0,5.0,0.0,5,OPTIMAL,True,5.0,5.0,0.0,5,OPTIMAL,True,5.0,5.0,0.0,5,5,5,5,4,4,5,4,4,5,5,5.0,10,20,20,9,19,9,19,5,5,5,10
10,2,2,6,0.0,0.0,0.3,0,dense,runner_up,0.107305,5,OPTIMAL,True,5.0,5.0,0.0,5,OPTIMAL,True,5.0,5.0,0.0,5,OPTIMAL,True,5.0,5.0,0.0,5,OPTIMAL,True,5.0,5.0,0.0,5,OPTIMAL,True,5.0,5.0,0.0,5,OPTIMAL,True,5.0,5.0,0.0,3,OPTIMAL,True,3.0,3.0,0.0,2,OPTIMAL,True,2.0,2.0,0.0,3,OPTIMAL,True,3.0,3.0,0.0,3,OPTIMAL,True,3.0,3.0,0.0,5,5,5,5,1,1,2,1,1,3,3,3.0,10,20,20,4,9,4,9,2,3,2,5
10,2,2,6,0.0,0.2,0.1,0,dense,runner_up,0.107225,5,OPTIMAL,True,5.0,5.0,0.0,5,OPTIMAL,True,5.0,5.0,0.0,5,OPTIMAL,True,5.0,5.0,0.0,5,OPTIMAL,True,5.0,5.0,0.0,5,OPTIMAL,True,5.0,5.0,0.0,5,OPTIMAL,True,5.0,5.0,0.0,3,OPTIMAL,True,3.0,3.0,0.0,3,OPTIMAL,True,3.0,3.0,0.0,3,OPTIMAL,True,3.0,3.0,0.0,5,OPTIMAL,True,5.0,5.0,0.0,5,5,5,5,3,3,3,3,3,3,5,4.0,10,20,20,6,14,6,14,2,4,2,6
10,2,2,6,0.0,0.2,0.3,0,dense,runner_up,0.099983,5,OPTIMAL,True,5.0,5.0,0.0,5,OPTIMAL,True,5.0,5.0,0.0,5,OPTIMAL,True,5.0,5.0,0.0,5,OPTIMAL,True,5.0,5.0,0.0,5,OPTIMAL,True,5.0,5.0,0.0,5,OPTIMAL,True,5.0,5.0,0.0,2,OPTIMAL,True,2.0,2.0,0.0,2,OPTIMAL,True,2.0,2.0,0.0,2,OPTIMAL,True,2.0,2.0,0.0,2,OPTIMAL,True,2.0,2.0,0.0,5,5,5,5,0,0,2,0,0,2,2,2.0,10,20,20,2,6,2,6,0,2,0,2
10,2,2,6,0.2,0.0,0.1,0,dense,runner_up,0.099656,3,OPTIMAL,True,3.0,3.0,0.0,3,OPTIMAL,True,3.0,3.0,0.0,3,OPTIMAL,True,3.0,3.0,0.0,3,OPTIMAL,True,3.0,3.0,0.0,4,OPTIMAL,True,4.0,4.0,0.0,4,OPTIMAL,True,4.0,4.0,0.0,4,OPTIMAL,True,4.0,4.0,0.0,4,OPTIMAL,True,4.0,4.0,0.0,4,OPTIMAL,True,4.0,4.0,0.0,4,OPTIMAL,True,4.0,4.0,0.0,3,3,3,4,3,3,4,3,3,4,4,4.0,6,14,14,7,15,7,15,4,4,4,8
10,2,2,6,0.2,0.0,0.3,0,dense,runner_up,0.102594,3,OPTIMAL,True,3.0,3.0,0.0,3,OPTIMAL,True,3.0,3.0,0.0,3,OPTIMAL,True,3.0,3.0,0.0,3,OPTIMAL,True,3.0,3.0,0.0,4,OPTIMAL,True,4.0,4.0,0.0,4,OPTIMAL,True,4.0,4.0,0.0,1,OPTIMAL,True,1.0,1.0,0.0,2,OPTIMAL,True,2.0,2.0,0.0,1,OPTIMAL,True,1.0,1.0,0.0,3,OPTIMAL,True,3.0,3.0,0.0,3,3,3,4,1,1,2,1,1,1,3,2.0,6,14,14,2,7,2,7,1,3,1,4
10,2,2,6,0.2,0.2,0.1,0,dense,runner_up,0.099626,3,OPTIMAL,True,3.0,3.0,0.0,3,OPTIMAL,True,3.0,3.0,0.0,3,OPTIMAL,True,3.0,3.0,0.0,3,OPTIMAL,True,3.0,3.0,0.0,4,OPTIMAL,True,4.0,4.0,0.0,4,OPTIMAL,True,4.0,4.0,0.0,3,OPTIMAL,True,3.0,3.0,0.0,3,OPTIMAL,True,3.0,3.0,0.0,3,OPTIMAL,True,3.0,3.0,0.0,4,OPTIMAL,True,4.0,4.0,0.0,3,3,3,4,2,2,3,2,2,3,4,3.5,6,14,14,5,12,5,12,2,3,2,5
10,2,2,6,0.2,0.2,0.3,0,dense,runner_up,0.100742,3,OPTIMAL,True,3.0,3.0,0.0,3,OPTIMAL,True,3.0,3.0,0.0,3,OPTIMAL,True,3.0,3.0,0.0,3,OPTIMAL,True,3.0,3.0,0.0,4,OPTIMAL,True,4.0,4.0,0.0,4,OPTIMAL,True,4.0,4.0,0.0,1,OPTIMAL,True,1.0,1.0,0.0,2,OPTIMAL,True,2.0,2.0,0.0,1,OPTIMAL,True,1.0,1.0,0.0,2,OPTIMAL,True,2.0,2.0,0.0,3,3,3,4,0,0,2,0,0,1,2,1.5,6,14,14,1,5,1,5,1,3,1,4
10,2,2,8,0.0,0.0,0.1,0,dense,runner_up,0.103136,5,OPTIMAL,True,5.0,5.0,0.0,5,OPTIMAL,True,5.0,5.0,0.0,5,OPTIMAL,True,5.0,5.0,0.0,5,OPTIMAL,True,5.0,5.0,0.0,5,OPTIMAL,True,5.0,5.0,0.0,5,OPTIMAL,True,5.0,5.0,0.0,5,OPTIMAL,True,5.0,5.0,0.0,5,OPTIMAL,True,5.0,5.0,0.0,5,OPTIMAL,True,5.0,5.0,0.0,5,OPTIMAL,True,5.0,5.0,0.0,5,5,5,5,4,4,5,4,4,5,5,5.0,10,20,20,9,19,9,19,5,5,5,10
10,2,2,8,0.0,0.0,0.3,0,dense,runner_up,0.111044,5,OPTIMAL,True,5.0,5.0,0.0,5,OPTIMAL,True,5.0,5.0,0.0,5,OPTIMAL,True,5.0,5.0,0.0,5,OPTIMAL,True,5.0,5.0,0.0,5,OPTIMAL,True,5.0,5.0,0.0,5,OPTIMAL,True,5.0,5.0,0.0,3,OPTIMAL,True,3.0,3.0,0.0,2,OPTIMAL,True,2.0,2.0,0.0,3,OPTIMAL,True,3.0,3.0,0.0,3,OPTIMAL,True,3.0,3.0,0.0,5,5,5,5,1,1,2,1,1,3,3,3.0,10,20,20,4,9,4,9,2,3,2,5
10,2,2,8,0.0,0.2,0.1,0,dense,runner_up,0.110323,5,OPTIMAL,True,5.0,5.0,0.0,5,OPTIMAL,True,5.0,5.0,0.0,5,OPTIMAL,True,5.0,5.0,0.0,5,OPTIMAL,True,5.0,5.0,0.0,5,OPTIMAL,True,5.0,5.0,0.0,5,OPTIMAL,True,5.0,5.0,0.0,3,OPTIMAL,True,3.0,3.0,0.0,3,OPTIMAL,True,3.0,3.0,0.0,3,OPTIMAL,True,3.0,3.0,0.0,5,OPTIMAL,True,5.0,5.0,0.0,5,5,5,5,3,3,3,3,3,3,5,4.0,10,20,20,6,14,6,14,2,4,2,6
10,2,2,8,0.0,0.2,0.3,0,dense,runner_up,0.102598,5,OPTIMAL,True,5.0,5.0,0.0,5,OPTIMAL,True,5.0,5.0,0.0,5,OPTIMAL,True,5.0,5.0,0.0,5,OPTIMAL,True,5.0,5.0,0.0,5,OPTIMAL,True,5.0,5.0,0.0,5,OPTIMAL,True,5.0,5.0,0.0,2,OPTIMAL,True,2.0,2.0,0.0,2,OPTIMAL,True,2.0,2.0,0.0,2,OPTIMAL,True,2.0,2.0,0.0,2,OPTIMAL,True,2.0,2.0,0.0,5,5,5,5,0,0,2,0,0,2,2,2.0,10,20,20,2,6,2,6,0,2,0,2
10,2,2,8,0.2,0.0,0.1,0,dense,runner_up,0.101649,3,OPTIMAL,True,3.0,3.0,0.0,3,OPTIMAL,True,3.0,3.0,0.0,3,OPTIMAL,True,3.0,3.0,0.0,3,OPTIMAL,True,3.0,3.0,0.0,4,OPTIMAL,True,4.0,4.0,0.0,4,OPTIMAL,True,4.0,4.0,0.0,4,OPTIMAL,True,4.0,4.0,0.0,4,OPTIMAL,True,4.0,4.0,0.0,4,OPTIMAL,True,4.0,4.0,0.0,4,OPTIMAL,True,4.0,4.0,0.0,3,3,3,4,3,3,4,3,3,4,4,4.0,6,14,14,7,15,7,15,4,4,4,8
10,2,2,8,0.2,0.0,0.3,0,dense,runner_up,0.105451,3,OPTIMAL,True,3.0,3.0,0.0,3,OPTIMAL,True,3.0,3.0,0.0,3,OPTIMAL,True,3.0,3.0,0.0,3,OPTIMAL,True,3.0,3.0,0.0,4,OPTIMAL,True,4.0,4.0,0.0,4,OPTIMAL,True,4.0,4.0,0.0,1,OPTIMAL,True,1.0,1.0,0.0,2,OPTIMAL,True,2.0,2.0,0.0,1,OPTIMAL,True,1.0,1.0,0.0,3,OPTIMAL,True,3.0,3.0,0.0,3,3,3,4,1,1,2,1,1,1,3,2.0,6,14,14,2,7,2,7,1,3,1,4
10,2,2,8,0.2,0.2,0.1,0,dense,runner_up,0.101966,3,OPTIMAL,True,3.0,3.0,0.0,3,OPTIMAL,True,3.0,3.0,0.0,3,OPTIMAL,True,3.0,3.0,0.0,3,OPTIMAL,True,3.0,3.0,0.0,4,OPTIMAL,True,4.0,4.0,0.0,4,OPTIMAL,True,4.0,4.0,0.0,2,OPTIMAL,True,2.0,2.0,0.0,3,OPTIMAL,True,3.0,3.0,0.0,2,OPTIMAL,True,2.0,2.0,0.0,4,OPTIMAL,True,4.0,4.0,0.0,3,3,3,4,2,2,3,2,2,2,4,3.0,6,14,14,4,11,4,11,2,3,2,5
10,2,2,8,0.2,0.2,0.3,0,dense,runner_up,0.102348,3,OPTIMAL,True,3.0,3.0,0.0,3,OPTIMAL,True,3.0,3.0,0.0,3,OPTIMAL,True,3.0,3.0,0.0,3,OPTIMAL,True,3.0,3.0,0.0,4,OPTIMAL,True,4.0,4.0,0.0,4,OPTIMAL,True,4.0,4.0,0.0,1,OPTIMAL,True,1.0,1.0,0.0,2,OPTIMAL,True,2.0,2.0,0.0,1,OPTIMAL,True,1.0,1.0,0.0,2,OPTIMAL,True,2.0,2.0,0.0,3,3,3,4,0,0,2,0,0,1,2,1.5,6,14,14,1,5,1,5,1,3,1,4
10,2,3,4,0.0,0.0,0.1,0,dense,runner_up,0.103019,5,OPTIMAL,True,5.0,5.0,0.0,5,OPTIMAL,True,5.0,5.0,0.0,5,OPTIMAL,True,5.0,5.0,0.0,5,OPTIMAL,True,5.0,5.0,0.0,5,OPTIMAL,True,5.0,5.0,0.0,5,OPTIMAL,True,5.0,5.0,0.0,5,OPTIMAL,True,5.0,5.0,0.0,4,OPTIMAL,True,4.0,4.0,0.0,5,OPTIMAL,True,5.0,5.0,0.0,5,OPTIMAL,True,5.0,5.0,0.0,5,5,5,5,4,4,4,4,4,5,5,5.0,15,30,30,13,26,13,26,4,5,4,9
10,2,3,4,0.0,0.0,0.3,0,dense,runner_up,0.108940,5,OPTIMAL,True,5.0,5.0,0.0,5,OPTIMAL,True,5.0,5.0,0.0,5,OPTIMAL,True,5.0,5.0,0.0,5,OPTIMAL,True,5.0,5.0,0.0,5,OPTIMAL,True,5.0,5.0,0.0,5,OPTIMAL,True,5.0,5.0,0.0,3,OPTIMAL,True,3.0,3.0,0.0,2,OPTIMAL,True,2.0,2.0,0.0,3,OPTIMAL,True,3.0,3.0,0.0,4,OPTIMAL,True,4.0,4.0,0.0,5,5,5,5,0,0,2,0,0,3,4,3.5,15,30,30,4,13,4,13,2,3,2,5
10,2,3,4,0.0,0.2,0.1,0,dense,runner_up,0.109613,5,OPTIMAL,True,5.0,5.0,0.0,5,OPTIMAL,True,5.0,5.0,0.0,5,OPTIMAL,True,5.0,5.0,0.0,5,OPTIMAL,True,5.0,5.0,0.0,5,OPTIMAL,True,5.0,5.0,0.0,5,OPTIMAL,True,5.0,5.0,0.0,4,OPTIMAL,True,4.0,4.0,0.0,4,OPTIMAL,True,4.0,4.0,0.0,4,OPTIMAL,True,4.0,4.0,0.0,5,OPTIMAL,True,5.0,5.0,0.0,5,5,5,5,2,2,4,2,2,4,5,4.5,15,30,30,10,22,10,22,2,3,2,5
10,2,3,4,0.0,0.2,0.3,0,dense,runner_up,0.106747,5,OPTIMAL,True,5.0,5.0,0.0,5,OPTIMAL,True,5.0,5.0,0.0,5,OPTIMAL,True,5.0,5.0,0.0,5,OPTIMAL,True,5.0,5.0,0.0,5,OPTIMAL,True,5.0,5.0,0.0,5,OPTIMAL,True,5.0,5.0,0.0,2,OPTIMAL,True,2.0,2.0,0.0,1,OPTIMAL,True,1.0,1.0,0.0,2,OPTIMAL,True,2.0,2.0,0.0,4,OPTIMAL,True,4.0,4.0,0.0,5,5,5,5,0,0,1,0,0,2,4,3.0,15,30,30,3,9,3,9,2,2,2,4
10,2,3,4,0.2,0.0,0.1,0,dense,runner_up,0.115528,3,OPTIMAL,True,3.0,3.0,0.0,3,OPTIMAL,True,3.0,3.0,0.0,3,OPTIMAL,True,3.0,3.0,0.0,4,OPTIMAL,True,4.0,4.0,0.0,4,OPTIMAL,True,4.0,4.0,0.0,5,OPTIMAL,True,5.0,5.0,0.0,4,OPTIMAL,True,4.0,4.0,0.0,4,OPTIMAL,True,4.0,4.0,0.0,4,OPTIMAL,True,4.0,4.0,0.0,4,OPTIMAL,True,4.0,4.0,0.0,3,3,3,4,2,2,2,2,2,4,4,4.0,12,24,24,9,19,9,19,3,3,3,6
10,2,3,4,0.2,0.0,0.3,0,dense,runner_up,0.120366,3,OPTIMAL,True,3.0,3.0,0.0,3,OPTIMAL,True,3.0,3.0,0.0,3,OPTIMAL,True,3.0,3.0,0.0,4,OPTIMAL,True,4.0,4.0,0.0,4,OPTIMAL,True,4.0,4.0,0.0,5,OPTIMAL,True,5.0,5.0,0.0,2,OPTIMAL,True,2.0,2.0,0.0,2,OPTIMAL,True,2.0,2.0,0.0,2,OPTIMAL,True,2.0,2.0,0.0,3,OPTIMAL,True,3.0,3.0,0.0,3,3,3,4,0,0,2,0,0,2,3,2.5,12,24,24,5,11,5,11,2,2,2,4
10,2,3,4,0.2,0.2,0.1,0,dense,runner_up,0.121746,3,OPTIMAL,True,3.0,3.0,0.0,3,OPTIMAL,True,3.0,3.0,0.0,3,OPTIMAL,True,3.0,3.0,0.0,4,OPTIMAL,True,4.0,4.0,0.0,4,OPTIMAL,True,4.0,4.0,0.0,5,OPTIMAL,True,5.0,5.0,0.0,3,OPTIMAL,True,3.0,3.0,0.0,3,OPTIMAL,True,3.0,3.0,0.0,3,OPTIMAL,True,3.0,3.0,0.0,4,OPTIMAL,True,4.0,4.0,0.0,3,3,3,4,0,0,1,0,0,3,4,3.5,12,24,24,7,14,7,14,2,2,2,4
10,2,3,4,0.2,0.2,0.3,0,dense,runner_up,0.119643,3,OPTIMAL,True,3.0,3.0,0.0,3,OPTIMAL,True,3.0,3.0,0.0,3,OPTIMAL,True,3.0,3.0,0.0,4,OPTIMAL,True,4.0,4.0,0.0,4,OPTIMAL,True,4.0,4.0,0.0,5,OPTIMAL,True,5.0,5.0,0.0,2,OPTIMAL,True,2.0,2.0,0.0,1,OPTIMAL,True,1.0,1.0,0.0,2,OPTIMAL,True,2.0,2.0,0.0,3,OPTIMAL,True,3.0,3.0,0.0,3,3,3,4,0,0,1,0,0,2,2,2.0,12,24,24,4,8,4,8,1,2,1,3
10,2,3,6,0.0,0.0,0.1,0,dense,runner_up,0.107171,5,OPTIMAL,True,5.0,5.0,0.0,5,OPTIMAL,True,5.0,5.0,0.0,5,OPTIMAL,True,5.0,5.0,0.0,5,OPTIMAL,True,5.0,5.0,0.0,5,OPTIMAL,True,5.0,5.0,0.0,5,OPTIMAL,True,5.0,5.0,0.0,5,OPTIMAL,True,5.0,5.0,0.0,4,OPTIMAL,True,4.0,4.0,0.0,5,OPTIMAL,True,5.0,5.0,0.0,5,OPTIMAL,True,5.0,5.0,0.0,5,5,5,5,4,4,4,4,4,5,5,5.0,15,30,30,13,26,13,26,4,5,4,9
10,2,3,6,0.0,0.0,0.3,0,dense,runner_up,0.111252,5,OPTIMAL,True,5.0,5.0,0.0,5,OPTIMAL,True,5.0,5.0,0.0,5,OPTIMAL,True,5.0,5.0,0.0,5,OPTIMAL,True,5.0,5.0,0.0,5,OPTIMAL,True,5.0,5.0,0.0,5,OPTIMAL,True,5.0,5.0,0.0,3,OPTIMAL,True,3.0,3.0,0.0,2,OPTIMAL,True,2.0,2.0,0.0,3,OPTIMAL,True,3.0,3.0,0.0,4,OPTIMAL,True,4.0,4.0,0.0,5,5,5,5,0,0,2,0,0,3,4,3.5,15,30,30,4,13,4,13,2,3,2,5
10,2,3,6,0.0,0.2,0.1,0,dense,runner_up,0.112811,5,OPTIMAL,True,5.0,5.0,0.0,5,OPTIMAL,True,5.0,5.0,0.0,5,OPTIMAL,True,5.0,5.0,0.0,5,OPTIMAL,True,5.0,5.0,0.0,5,OPTIMAL,True,5.0,5.0,0.0,5,OPTIMAL,True,5.0,5.0,0.0,4,OPTIMAL,True,4.0,4.0,0.0,4,OPTIMAL,True,4.0,4.0,0.0,4,OPTIMAL,True,4.0,4.0,0.0,5,OPTIMAL,True,5.0,5.0,0.0,5,5,5,5,2,2,4,2,2,4,5,4.5,15,30,30,10,22,10,22,2,3,2,5
10,2,3,6,0.0,0.2,0.3,0,dense,runner_up,0.110105,5,OPTIMAL,True,5.0,5.0,0.0,5,OPTIMAL,True,5.0,5.0,0.0,5,OPTIMAL,True,5.0,5.0,0.0,5,OPTIMAL,True,5.0,5.0,0.0,5,OPTIMAL,True,5.0,5.0,0.0,5,OPTIMAL,True,5.0,5.0,0.0,2,OPTIMAL,True,2.0,2.0,0.0,1,OPTIMAL,True,1.0,1.0,0.0,2,OPTIMAL,True,2.0,2.0,0.0,4,OPTIMAL,True,4.0,4.0,0.0,5,5,5,5,0,0,1,0,0,2,4,3.0,15,30,30,3,9,3,9,2,2,2,4
10,2,3,6,0.2,0.0,0.1,0,dense,runner_up,0.117530,3,OPTIMAL,True,3.0,3.0,0.0,3,OPTIMAL,True,3.0,3.0,0.0,3,OPTIMAL,True,3.0,3.0,0.0,4,OPTIMAL,True,4.0,4.0,0.0,4,OPTIMAL,True,4.0,4.0,0.0,5,OPTIMAL,True,5.0,5.0,0.0,4,OPTIMAL,True,4.0,4.0,0.0,4,OPTIMAL,True,4.0,4.0,0.0,4,OPTIMAL,True,4.0,4.0,0.0,4,OPTIMAL,True,4.0,4.0,0.0,3,3,3,4,2,2,2,2,2,4,4,4.0,12,24,24,9,19,9,19,3,3,3,6
10,2,3,6,0.2,0.0,0.3,0,dense,runner_up,0.122444,3,OPTIMAL,True,3.0,3.0,0.0,3,OPTIMAL,True,3.0,3.0,0.0,3,OPTIMAL,True,3.0,3.0,0.0,4,OPTIMAL,True,4.0,4.0,0.0,4,OPTIMAL,True,4.0,4.0,0.0,5,OPTIMAL,True,5.0,5.0,0.0,2,OPTIMAL,True,2.0,2.0,0.0,2,OPTIMAL,True,2.0,2.0,0.0,2,OPTIMAL,True,2.0,2.0,0.0,3,OPTIMAL,True,3.0,3.0,0.0,3,3,3,4,0,0,2,0,0,2,3,2.5,12,24,24,5,11,5,11,2,2,2,4
10,2,3,6,0.2,0.2,0.1,0,dense,runner_up,0.123642,3,OPTIMAL,True,3.0,3.0,0.0,3,OPTIMAL,True,3.0,3.0,0.0,3,OPTIMAL,True,3.0,3.0,0.0,4,OPTIMAL,True,4.0,4.0,0.0,4,OPTIMAL,True,4.0,4.0,0.0,5,OPTIMAL,True,5.0,5.0,0.0,3,OPTIMAL,True,3.0,3.0,0.0,3,OPTIMAL,True,3.0,3.0,0.0,3,OPTIMAL,True,3.0,3.0,0.0,4,OPTIMAL,True,4.0,4.0,0.0,3,3,3,4,0,0,2,0,0,3,4,3.5,12,24,24,7,15,7,15,1,2,1,3
10,2,3,6,0.2,0.2,0.3,0,dense,runner_up,0.123377,3,OPTIMAL,True,3.0,3.0,0.0,3,OPTIMAL,True,3.0,3.0,0.0,3,OPTIMAL,True,3.0,3.0,0.0,4,OPTIMAL,True,4.0,4.0,0.0,4,OPTIMAL,True,4.0,4.0,0.0,5,OPTIMAL,True,5.0,5.0,0.0,2,OPTIMAL,True,2.0,2.0,0.0,1,OPTIMAL,True,1.0,1.0,0.0,2,OPTIMAL,True,2.0,2.0,0.0,3,OPTIMAL,True,3.0,3.0,0.0,3,3,3,4,0,0,1,0,0,2,2,2.0,12,24,24,4,9,4,9,1,2,1,3
10,2,3,8,0.0,0.0,0.1,0,dense,runner_up,0.109448,5,OPTIMAL,True,5.0,5.0,0.0,5,OPTIMAL,True,5.0,5.0,0.0,5,OPTIMAL,True,5.0,5.0,0.0,5,OPTIMAL,True,5.0,5.0,0.0,5,OPTIMAL,True,5.0,5.0,0.0,5,OPTIMAL,True,5.0,5.0,0.0,5,OPTIMAL,True,5.0,5.0,0.0,4,OPTIMAL,True,4.0,4.0,0.0,5,OPTIMAL,True,5.0,5.0,0.0,5,OPTIMAL,True,5.0,5.0,0.0,5,5,5,5,4,4,4,4,4,5,5,5.0,15,30,30,13,26,13,26,4,5,4,9
10,2,3,8,0.0,0.0,0.3,0,dense,runner_up,0.114300,5,OPTIMAL,True,5.0,5.0,0.0,5,OPTIMAL,True,5.0,5.0,0.0,5,OPTIMAL,True,5.0,5.0,0.0,5,OPTIMAL,True,5.0,5.0,0.0,5,OPTIMAL,True,5.0,5.0,0.0,5,OPTIMAL,True,5.0,5.0,0.0,3,OPTIMAL,True,3.0,3.0,0.0,2,OPTIMAL,True,2.0,2.0,0.0,3,OPTIMAL,True,3.0,3.0,0.0,4,OPTIMAL,True,4.0,4.0,0.0,5,5,5,5,0,0,2,0,0,3,4,3.5,15,30,30,4,13,4,13,2,3,2,5
10,2,3,8,0.0,0.2,0.1,0,dense,runner_up,0.115882,5,OPTIMAL,True,5.0,5.0,0.0,5,OPTIMAL,True,5.0,5.0,0.0,5,OPTIMAL,True,5.0,5.0,0.0,5,OPTIMAL,True,5.0,5.0,0.0,5,OPTIMAL,True,5.0,5.0,0.0,5,OPTIMAL,True,5.0,5.0,0.0,4,OPTIMAL,True,4.0,4.0,0.0,4,OPTIMAL,True,4.0,4.0,0.0,4,OPTIMAL,True,4.0,4.0,0.0,5,OPTIMAL,True,5.0,5.0,0.0,5,5,5,5,2,2,4,2,2,4,5,4.5,15,30,30,10,22,10,22,2,3,2,5
10,2,3,8,0.0,0.2,0.3,0,dense,runner_up,0.113777,5,OPTIMAL,True,5.0,5.0,0.0,5,OPTIMAL,True,5.0,5.0,0.0,5,OPTIMAL,True,5.0,5.0,0.0,5,OPTIMAL,True,5.0,5.0,0.0,5,OPTIMAL,True,5.0,5.0,0.0,5,OPTIMAL,True,5.0,5.0,0.0,2,OPTIMAL,True,2.0,2.0,0.0,1,OPTIMAL,True,1.0,1.0,0.0,2,OPTIMAL,True,2.0,2.0,0.0,4,OPTIMAL,True,4.0,4.0,0.0,5,5,5,5,0,0,1,0,0,2,4,3.0,15,30,30,3,9,3,9,2,2,2,4
10,2,3,8,0.2,0.0,0.1,0,dense,runner_up,0.120091,3,OPTIMAL,True,3.0,3.0,0.0,3,OPTIMAL,True,3.0,3.0,0.0,3,OPTIMAL,True,3.0,3.0,0.0,4,OPTIMAL,True,4.0,4.0,0.0,3,OPTIMAL,True,3.0,3.0,0.0,5,OPTIMAL,True,5.0,5.0,0.0,4,OPTIMAL,True,4.0,4.0,0.0,4,OPTIMAL,True,4.0,4.0,0.0,4,OPTIMAL,True,4.0,4.0,0.0,4,OPTIMAL,True,4.0,4.0,0.0,3,3,3,3,2,2,2,2,2,4,4,4.0,11,23,23,9,19,9,19,3,3,3,6
10,2,3,8,0.2,0.0,0.3,0,dense,runner_up,0.125016,3,OPTIMAL,True,3.0,3.0,0.0,3,OPTIMAL,True,3.0,3.0,0.0,3,OPTIMAL,True,3.0,3.0,0.0,4,OPTIMAL,True,4.0,4.0,0.0,3,OPTIMAL,True,3.0,3.0,0.0,5,OPTIMAL,True,5.0,5.0,0.0,2,OPTIMAL,True,2.0,2.0,0.0,2,OPTIMAL,True,2.0,2.0,0.0,2,OPTIMAL,True,2.0,2.0,0.0,3,OPTIMAL,True,3.0,3.0,0.0,3,3,3,3,0,0,2,0,0,2,3,2.5,11,23,23,5,11,5,11,2,2,2,4
10,2,3,8,0.2,0.2,0.1,0,dense,runner_up,0.126159,3,OPTIMAL,True,3.0,3.0,0.0,3,OPTIMAL,True,3.0,3.0,0.0,3,OPTIMAL,True,3.0,3.0,0.0,4,OPTIMAL,True,4.0,4.0,0.0,3,OPTIMAL,True,3.0,3.0,0.0,5,OPTIMAL,True,5.0,5.0,0.0,3,OPTIMAL,True,3.0,3.0,0.0,3,OPTIMAL,True,3.0,3.0,0.0,3,OPTIMAL,True,3.0,3.0,0.0,4,OPTIMAL,True,4.0,4.0,0.0,3,3,3,3,0,0,2,0,0,3,4,3.5,11,23,23,7,15,7,15,1,2,1,3
10,2,3,8,0.2,0.2,0.3,0,dense,runner_up,0.126097,3,OPTIMAL,True,3.0,3.0,0.0,3,OPTIMAL,True,3.0,3.0,0.0,3,OPTIMAL,True,3.0,3.0,0.0,4,OPTIMAL,True,4.0,4.0,0.0,3,OPTIMAL,True,3.0,3.0,0.0,5,OPTIMAL,True,5.0,5.0,0.0,2,OPTIMAL,True,2.0,2.0,0.0,1,OPTIMAL,True,1.0,1.0,0.0,2,OPTIMAL,True,2.0,2.0,0.0,3,OPTIMAL,True,3.0,3.0,0.0,3,3,3,3,0,0,1,0,0,2,2,2.0,11,23,23,4,9,4,9,1,2,1,3
10,2,4,4,0.0,0.0,0.1,0,dense,runner_up,0.112909,5,OPTIMAL,True,5.0,5.0,0.0,5,OPTIMAL,True,5.0,5.0,0.0,5,OPTIMAL,True,5.0,5.0,0.0,5,OPTIMAL,True,5.0,5.0,0.0,5,OPTIMAL,True,5.0,5.0,0.0,5,OPTIMAL,True,5.0,5.0,0.0,4,OPTIMAL,True,4.0,4.0,0.0,3,OPTIMAL,True,3.0,3.0,0.0,4,OPTIMAL,True,4.0,4.0,0.0,5,OPTIMAL,True,5.0,5.0,0.0,5,5,5,5,2,2,3,2,2,4,5,4.5,20,40,40,13,28,13,28,2,3,2,5
10,2,4,4,0.0,0.0,0.3,0,dense,runner_up,0.111791,5,OPTIMAL,True,5.0,5.0,0.0,5,OPTIMAL,True,5.0,5.0,0.0,5,OPTIMAL,True,5.0,5.0,0.0,5,OPTIMAL,True,5.0,5.0,0.0,5,OPTIMAL,True,5.0,5.0,0.0,5,OPTIMAL,True,5.0,5.0,0.0,4,OPTIMAL,True,4.0,4.0,0.0,1,OPTIMAL,True,1.0,1.0,0.0,4,OPTIMAL,True,4.0,4.0,0.0,5,OPTIMAL,True,5.0,5.0,0.0,5,5,5,5,1,1,1,1,1,4,5,4.5,20,40,40,9,19,9,19,2,2,2,4
10,2,4,4,0.0,0.2,0.1,0,dense,runner_up,0.112426,5,OPTIMAL,True,5.0,5.0,0.0,5,OPTIMAL,True,5.0,5.0,0.0,5,OPTIMAL,True,5.0,5.0,0.0,5,OPTIMAL,True,5.0,5.0,0.0,5,OPTIMAL,True,5.0,5.0,0.0,5,OPTIMAL,True,5.0,5.0,0.0,3,OPTIMAL,True,3.0,3.0,0.0,2,OPTIMAL,True,2.0,2.0,0.0,3,OPTIMAL,True,3.0,3.0,0.0,4,OPTIMAL,True,4.0,4.0,0.0,5,5,5,5,2,2,2,2,2,3,4,3.5,20,40,40,9,21,9,21,2,2,2,4
10,2,4,4,0.0,0.2,0.3,0,dense,runner_up,0.112309,5,OPTIMAL,True,5.0,5.0,0.0,5,OPTIMAL,True,5.0,5.0,0.0,5,OPTIMAL,True,5.0,5.0,0.0,5,OPTIMAL,True,5.0,5.0,0.0,5,OPTIMAL,True,5.0,5.0,0.0,5,OPTIMAL,True,5.0,5.0,0.0,3,OPTIMAL,True,3.0,3.0,0.0,1,OPTIMAL,True,1.0,1.0,0.0,3,OPTIMAL,True,3.0,3.0,0.0,4,OPTIMAL,True,4.0,4.0,0.0,5,5,5,5,0,0,0,0,0,3,4,3.5,20,40,40,5,12,5,12,1,1,1,2
10,2,4,4,0.2,0.0,0.1,0,dense,runner_up,0.123717,3,OPTIMAL,True,3.0,3.0,0.0,3,OPTIMAL,True,3.0,3.0,0.0,3,OPTIMAL,True,3.0,3.0,0.0,4,OPTIMAL,True,4.0,4.0,0.0,4,OPTIMAL,True,4.0,4.0,0.0,5,OPTIMAL,True,5.0,5.0,0.0,5,OPTIMAL,True,5.0,5.0,0.0,3,OPTIMAL,True,3.0,3.0,0.0,5,OPTIMAL,True,5.0,5.0,0.0,5,OPTIMAL,True,5.0,5.0,0.0,3,3,3,4,3,3,3,3,3,5,5,5.0,14,31,31,14,29,14,29,3,3,3,6
10,2,4,4,0.2,0.0,0.3,0,dense,runner_up,0.123606,3,OPTIMAL,True,3.0,3.0,0.0,3,OPTIMAL,True,3.0,3.0,0.0,3,OPTIMAL,True,3.0,3.0,0.0,4,OPTIMAL,True,4.0,4.0,0.0,4,OPTIMAL,True,4.0,4.0,0.0,5,OPTIMAL,True,5.0,5.0,0.0,5,OPTIMAL,True,5.0,5.0,0.0,2,OPTIMAL,True,2.0,2.0,0.0,5,OPTIMAL,True,5.0,5.0,0.0,5,OPTIMAL,True,5.0,5.0,0.0,3,3,3,4,1,1,2,1,1,5,5,5.0,14,31,31,10,22,10,22,2,3,2,5
10,2,4,4,0.2,0.2,0.1,0,dense,runner_up,0.125562,3,OPTIMAL,True,3.0,3.0,0.0,3,OPTIMAL,True,3.0,3.0,0.0,3,OPTIMAL,True,3.0,3.0,0.0,4,OPTIMAL,True,4.0,4.0,0.0,4,OPTIMAL,True,4.0,4.0,0.0,5,OPTIMAL,True,5.0,5.0,0.0,3,OPTIMAL,True,3.0,3.0,0.0,3,OPTIMAL,True,3.0,3.0,0.0,3,OPTIMAL,True,3.0,3.0,0.0,5,OPTIMAL,True,5.0,5.0,0.0,3,3,3,4,1,1,2,1,1,3,5,4.0,14,31,31,11,24,11,24,1,2,1,3
10,2,4,4,0.2,0.2,0.3,0,dense,runner_up,0.124577,3,OPTIMAL,True,3.0,3.0,0.0,3,OPTIMAL,True,3.0,3.0,0.0,3,OPTIMAL,True,3.0,3.0,0.0,4,OPTIMAL,True,4.0,4.0,0.0,4,OPTIMAL,True,4.0,4.0,0.0,5,OPTIMAL,True,5.0,5.0,0.0,3,OPTIMAL,True,3.0,3.0,0.0,2,OPTIMAL,True,2.0,2.0,0.0,3,OPTIMAL,True,3.0,3.0,0.0,5,OPTIMAL,True,5.0,5.0,0.0,3,3,3,4,0,0,1,0,0,3,5,4.0,14,31,31,7,17,7,17,1,2,1,3
10,2,4,6,0.0,0.0,0.1,0,dense,runner_up,0.117148,5,OPTIMAL,True,5.0,5.0,0.0,5,OPTIMAL,True,5.0,5.0,0.0,5,OPTIMAL,True,5.0,5.0,0.0,5,OPTIMAL,True,5.0,5.0,0.0,5,OPTIMAL,True,5.0,5.0,0.0,5,OPTIMAL,True,5.0,5.0,0.0,4,OPTIMAL,True,4.0,4.0,0.0,3,OPTIMAL,True,3.0,3.0,0.0,4,OPTIMAL,True,4.0,4.0,0.0,5,OPTIMAL,True,5.0,5.0,0.0,5,5,5,5,2,2,3,2,2,4,5,4.5,20,40,40,13,28,13,28,2,3,2,5
10,2,4,6,0.0,0.0,0.3,0,dense,runner_up,0.117406,5,OPTIMAL,True,5.0,5.0,0.0,5,OPTIMAL,True,5.0,5.0,0.0,5,OPTIMAL,True,5.0,5.0,0.0,5,OPTIMAL,True,5.0,5.0,0.0,5,OPTIMAL,True,5.0,5.0,0.0,5,OPTIMAL,True,5.0,5.0,0.0,4,OPTIMAL,True,4.0,4.0,0.0,1,OPTIMAL,True,1.0,1.0,0.0,4,OPTIMAL,True,4.0,4.0,0.0,5,OPTIMAL,True,5.0,5.0,0.0,5,5,5,5,1,1,1,1,1,4,5,4.5,20,40,40,9,19,9,19,2,2,2,4
10,2,4,6,0.0,0.2,0.1,0,dense,runner_up,0.118961,5,OPTIMAL,True,5.0,5.0,0.0,5,OPTIMAL,True,5.0,5.0,0.0,5,OPTIMAL,True,5.0,5.0,0.0,5,OPTIMAL,True,5.0,5.0,0.0,5,OPTIMAL,True,5.0,5.0,0.0,5,OPTIMAL,True,5.0,5.0,0.0,3,OPTIMAL,True,3.0,3.0,0.0,2,OPTIMAL,True,2.0,2.0,0.0,3,OPTIMAL,True,3.0,3.0,0.0,4,OPTIMAL,True,4.0,4.0,0.0,5,5,5,5,2,2,2,2,2,3,4,3.5,20,40,40,10,23,10,23,2,2,2,4
10,2,4,6,0.0,0.2,0.3,0,dense,runner_up,0.118705,5,OPTIMAL,True,5.0,5.0,0.0,5,OPTIMAL,True,5.0,5.0,0.0,5,OPTIMAL,True,5.0,5.0,0.0,5,OPTIMAL,True,5.0,5.0,0.0,5,OPTIMAL,True,5.0,5.0,0.0,5,OPTIMAL,True,5.0,5.0,0.0,3,OPTIMAL,True,3.0,3.0,0.0,1,OPTIMAL,True,1.0,1.0,0.0,3,OPTIMAL,True,3.0,3.0,0.0,4,OPTIMAL,True,4.0,4.0,0.0,5,5,5,5,0,0,0,0,0,3,4,3.5,20,40,40,6,14,6,14,1,1,1,2
10,2,4,6,0.2,0.0,0.1,0,dense,runner_up,0.132291,3,OPTIMAL,True,3.0,3.0,0.0,3,OPTIMAL,True,3.0,3.0,0.0,3,OPTIMAL,True,3.0,3.0,0.0,4,OPTIMAL,True,4.0,4.0,0.0,4,OPTIMAL,True,4.0,4.0,0.0,5,OPTIMAL,True,5.0,5.0,0.0,5,OPTIMAL,True,5.0,5.0,0.0,3,OPTIMAL,True,3.0,3.0,0.0,5,OPTIMAL,True,5.0,5.0,0.0,5,OPTIMAL,True,5.0,5.0,0.0,3,3,3,4,3,3,3,3,3,5,5,5.0,14,31,31,14,29,14,29,3,3,3,6
10,2,4,6,0.2,0.0,0.3,0,dense,runner_up,0.130852,3,OPTIMAL,True,3.0,3.0,0.0,3,OPTIMAL,True,3.0,3.0,0.0,3,OPTIMAL,True,3.0,3.0,0.0,4,OPTIMAL,True,4.0,4.0,0.0,4,OPTIMAL,True,4.0,4.0,0.0,5,OPTIMAL,True,5.0,5.0,0.0,5,OPTIMAL,True,5.0,5.0,0.0,2,OPTIMAL,True,2.0,2.0,0.0,5,OPTIMAL,True,5.0,5.0,0.0,5,OPTIMAL,True,5.0,5.0,0.0,3,3,3,4,1,1,2,1,1,5,5,5.0,14,31,31,10,22,10,22,2,3,2,5
10,2,4,6,0.2,0.2,0.1,0,dense,runner_up,0.129074,3,OPTIMAL,True,3.0,3.0,0.0,3,OPTIMAL,True,3.0,3.0,0.0,3,OPTIMAL,True,3.0,3.0,0.0,4,OPTIMAL,True,4.0,4.0,0.0,4,OPTIMAL,True,4.0,4.0,0.0,5,OPTIMAL,True,5.0,5.0,0.0,3,OPTIMAL,True,3.0,3.0,0.0,3,OPTIMAL,True,3.0,3.0,0.0,3,OPTIMAL,True,3.0,3.0,0.0,5,OPTIMAL,True,5.0,5.0,0.0,3,3,3,4,1,1,2,1,1,3,5,4.0,14,31,31,11,24,11,24,1,2,1,3
10,2,4,6,0.2,0.2,0.3,0,dense,runner_up,0.128092,3,OPTIMAL,True,3.0,3.0,0.0,3,OPTIMAL,True,3.0,3.0,0.0,3,OPTIMAL,True,3.0,3.0,0.0,4,OPTIMAL,True,4.0,4.0,0.0,4,OPTIMAL,True,4.0,4.0,0.0,5,OPTIMAL,True,5.0,5.0,0.0,3,OPTIMAL,True,3.0,3.0,0.0,2,OPTIMAL,True,2.0,2.0,0.0,3,OPTIMAL,True,3.0,3.0,0.0,5,OPTIMAL,True,5.0,5.0,0.0,3,3,3,4,0,0,1,0,0,3,5,4.0,14,31,31,7,17,7,17,1,2,1,3
10,2,4,8,0.0,0.0,0.1,0,dense,runner_up,0.121052,5,OPTIMAL,True,5.0,5.0,0.0,5,OPTIMAL,True,5.0,5.0,0.0,5,OPTIMAL,True,5.0,5.0,0.0,5,OPTIMAL,True,5.0,5.0,0.0,5,OPTIMAL,True,5.0,5.0,0.0,5,OPTIMAL,True,5.0,5.0,0.0,4,OPTIMAL,True,4.0,4.0,0.0,3,OPTIMAL,True,3.0,3.0,0.0,4,OPTIMAL,True,4.0,4.0,0.0,5,OPTIMAL,True,5.0,5.0,0.0,5,5,5,5,2,2,3,2,2,4,5,4.5,20,40,40,13,28,13,28,2,3,2,5
10,2,4,8,0.0,0.0,0.3,0,dense,runner_up,0.120056,5,OPTIMAL,True,5.0,5.0,0.0,5,OPTIMAL,True,5.0,5.0,0.0,5,OPTIMAL,True,5.0,5.0,0.0,5,OPTIMAL,True,5.0,5.0,0.0,5,OPTIMAL,True,5.0,5.0,0.0,5,OPTIMAL,True,5.0,5.0,0.0,4,OPTIMAL,True,4.0,4.0,0.0,1,OPTIMAL,True,1.0,1.0,0.0,4,OPTIMAL,True,4.0,4.0,0.0,5,OPTIMAL,True,5.0,5.0,0.0,5,5,5,5,1,1,1,1,1,4,5,4.5,20,40,40,9,19,9,19,2,2,2,4
10,2,4,8,0.0,0.2,0.1,0,dense,runner_up,0.122549,5,OPTIMAL,True,5.0,5.0,0.0,5,OPTIMAL,True,5.0,5.0,0.0,5,OPTIMAL,True,5.0,5.0,0.0,5,OPTIMAL,True,5.0,5.0,0.0,5,OPTIMAL,True,5.0,5.0,0.0,5,OPTIMAL,True,5.0,5.0,0.0,4,OPTIMAL,True,4.0,4.0,0.0,2,OPTIMAL,True,2.0,2.0,0.0,4,OPTIMAL,True,4.0,4.0,0.0,4,OPTIMAL,True,4.0,4.0,0.0,5,5,5,5,2,2,2,2,2,4,4,4.0,20,40,40,11,23,11,23,2,2,2,4
10,2,4,8,0.0,0.2,0.3,0,dense,runner_up,0.121602,5,OPTIMAL,True,5.0,5.0,0.0,5,OPTIMAL,True,5.0,5.0,0.0,5,OPTIMAL,True,5.0,5.0,0.0,5,OPTIMAL,True,5.0,5.0,0.0,5,OPTIMAL,True,5.0,5.0,0.0,5,OPTIMAL,True,5.0,5.0,0.0,4,OPTIMAL,True,4.0,4.0,0.0,1,OPTIMAL,True,1.0,1.0,0.0,4,OPTIMAL,True,4.0,4.0,0.0,4,OPTIMAL,True,4.0,4.0,0.0,5,5,5,5,0,0,0,0,0,4,4,4.0,20,40,40,7,14,7,14,1,1,1,2
10,2,4,8,0.2,0.0,0.1,0,dense,runner_up,0.137017,3,OPTIMAL,True,3.0,3.0,0.0,3,OPTIMAL,True,3.0,3.0,0.0,3,OPTIMAL,True,3.0,3.0,0.0,4,OPTIMAL,True,4.0,4.0,0.0,4,OPTIMAL,True,4.0,4.0,0.0,5,OPTIMAL,True,5.0,5.0,0.0,5,OPTIMAL,True,5.0,5.0,0.0,3,OPTIMAL,True,3.0,3.0,0.0,5,OPTIMAL,True,5.0,5.0,0.0,5,OPTIMAL,True,5.0,5.0,0.0,3,3,3,4,3,3,3,3,3,5,5,5.0,15,32,32,14,29,14,29,3,3,3,6
10,2,4,8,0.2,0.0,0.3,0,dense,runner_up,0.133249,3,OPTIMAL,True,3.0,3.0,0.0,3,OPTIMAL,True,3.0,3.0,0.0,3,OPTIMAL,True,3.0,3.0,0.0,4,OPTIMAL,True,4.0,4.0,0.0,4,OPTIMAL,True,4.0,4.0,0.0,5,OPTIMAL,True,5.0,5.0,0.0,5,OPTIMAL,True,5.0,5.0,0.0,2,OPTIMAL,True,2.0,2.0,0.0,5,OPTIMAL,True,5.0,5.0,0.0,5,OPTIMAL,True,5.0,5.0,0.0,3,3,3,4,1,1,2,1,1,5,5,5.0,15,32,32,10,22,10,22,2,3,2,5
10,2,4,8,0.2,0.2,0.1,0,dense,runner_up,0.134820,3,OPTIMAL,True,3.0,3.0,0.0,3,OPTIMAL,True,3.0,3.0,0.0,3,OPTIMAL,True,3.0,3.0,0.0,4,OPTIMAL,True,4.0,4.0,0.0,4,OPTIMAL,True,4.0,4.0,0.0,5,OPTIMAL,True,5.0,5.0,0.0,4,OPTIMAL,True,4.0,4.0,0.0,3,OPTIMAL,True,3.0,3.0,0.0,4,OPTIMAL,True,4.0,4.0,0.0,5,OPTIMAL,True,5.0,5.0,0.0,3,3,3,4,2,2,2,2,2,4,5,4.5,15,32,32,12,26,12,26,1,2,1,3
10,2,4,8,0.2,0.2,0.3,0,dense,runner_up,0.133415,3,OPTIMAL,True,3.0,3.0,0.0,3,OPTIMAL,True,3.0,3.0,0.0,3,OPTIMAL,True,3.0,3.0,0.0,4,OPTIMAL,True,4.0,4.0,0.0,4,OPTIMAL,True,4.0,4.0,0.0,5,OPTIMAL,True,5.0,5.0,0.0,4,OPTIMAL,True,4.0,4.0,0.0,2,OPTIMAL,True,2.0,2.0,0.0,4,OPTIMAL,True,4.0,4.0,0.0,5,OPTIMAL,True,5.0,5.0,0.0,3,3,3,4,0,0,2,0,0,4,5,4.5,15,32,32,8,19,8,19,1,2,1,3
10,2,5,4,0.0,0.0,0.1,0,dense,runner_up,0.117128,5,OPTIMAL,True,5.0,5.0,0.0,5,OPTIMAL,True,5.0,5.0,0.0,5,OPTIMAL,True,5.0,5.0,0.0,5,OPTIMAL,True,5.0,5.0,0.0,5,OPTIMAL,True,5.0,5.0,0.0,5,OPTIMAL,True,5.0,5.0,0.0,4,OPTIMAL,True,4.0,4.0,0.0,3,OPTIMAL,True,3.0,3.0,0.0,4,OPTIMAL,True,4.0,4.0,0.0,5,OPTIMAL,True,5.0,5.0,0.0,5,5,5,5,3,3,3,3,3,4,5,4.5,25,50,50,19,39,19,39,3,4,3,7
10,2,5,4,0.0,0.0,0.3,0,dense,runner_up,0.118015,5,OPTIMAL,True,5.0,5.0,0.0,5,OPTIMAL,True,5.0,5.0,0.0,5,OPTIMAL,True,5.0,5.0,0.0,5,OPTIMAL,True,5.0,5.0,0.0,5,OPTIMAL,True,5.0,5.0,0.0,5,OPTIMAL,True,5.0,5.0,0.0,3,OPTIMAL,True,3.0,3.0,0.0,2,OPTIMAL,True,2.0,2.0,0.0,3,OPTIMAL,True,3.0,3.0,0.0,4,OPTIMAL,True,4.0,4.0,0.0,5,5,5,5,1,1,2,1,1,3,4,3.5,25,50,50,11,24,11,24,2,2,2,4
10,2,5,4,0.0,0.2,0.1,0,dense,runner_up,0.118458,5,OPTIMAL,True,5.0,5.0,0.0,5,OPTIMAL,True,5.0,5.0,0.0,5,OPTIMAL,True,5.0,5.0,0.0,5,OPTIMAL,True,5.0,5.0,0.0,5,OPTIMAL,True,5.0,5.0,0.0,5,OPTIMAL,True,5.0,5.0,0.0,4,OPTIMAL,True,4.0,4.0,0.0,3,OPTIMAL,True,3.0,3.0,0.0,4,OPTIMAL,True,4.0,4.0,0.0,5,OPTIMAL,True,5.0,5.0,0.0,5,5,5,5,1,1,2,1,1,4,5,4.5,25,50,50,13,29,13,29,1,1,1,2
10,2,5,4,0.0,0.2,0.3,0,dense,runner_up,0.115309,5,OPTIMAL,True,5.0,5.0,0.0,5,OPTIMAL,True,5.0,5.0,0.0,5,OPTIMAL,True,5.0,5.0,0.0,5,OPTIMAL,True,5.0,5.0,0.0,5,OPTIMAL,True,5.0,5.0,0.0,5,OPTIMAL,True,5.0,5.0,0.0,2,OPTIMAL,True,2.0,2.0,0.0,1,OPTIMAL,True,1.0,1.0,0.0,2,OPTIMAL,True,2.0,2.0,0.0,4,OPTIMAL,True,4.0,4.0,0.0,5,5,5,5,0,0,0,0,0,2,4,3.0,25,50,50,6,15,6,15,1,1,1,2
10,2,5,4,0.2,0.0,0.1,0,dense,runner_up,0.134394,3,OPTIMAL,True,3.0,3.0,0.0,3,OPTIMAL,True,3.0,3.0,0.0,3,OPTIMAL,True,3.0,3.0,0.0,4,OPTIMAL,True,4.0,4.0,0.0,4,OPTIMAL,True,4.0,4.0,0.0,5,OPTIMAL,True,5.0,5.0,0.0,5,OPTIMAL,True,5.0,5.0,0.0,4,OPTIMAL,True,4.0,4.0,0.0,5,OPTIMAL,True,5.0,5.0,0.0,5,OPTIMAL,True,5.0,5.0,0.0,3,3,3,4,2,2,3,2,2,5,5,5.0,20,40,40,18,39,18,39,2,4,2,6
10,2,5,4,0.2,0.0,0.3,0,dense,runner_up,0.131991,3,OPTIMAL,True,3.0,3.0,0.0,3,OPTIMAL,True,3.0,3.0,0.0,3,OPTIMAL,True,3.0,3.0,0.0,4,OPTIMAL,True,4.0,4.0,0.0,4,OPTIMAL,True,4.0,4.0,0.0,5,OPTIMAL,True,5.0,5.0,0.0,4,OPTIMAL,True,4.0,4.0,0.0,1,OPTIMAL,True,1.0,1.0,0.0,4,OPTIMAL,True,4.0,4.0,0.0,5,OPTIMAL,True,5.0,5.0,0.0,3,3,3,4,0,0,1,0,0,4,5,4.5,20,40,40,12,26,12,26,2,2,2,4
10,2,5,4,0.2,0.2,0.1,0,dense,runner_up,0.133320,3,OPTIMAL,True,3.0,3.0,0.0,3,OPTIMAL,True,3.0,3.0,0.0,3,OPTIMAL,True,3.0,3.0,0.0,4,OPTIMAL,True,4.0,4.0,0.0,4,OPTIMAL,True,4.0,4.0,0.0,5,OPTIMAL,True,5.0,5.0,0.0,4,OPTIMAL,True,4.0,4.0,0.0,2,OPTIMAL,True,2.0,2.0,0.0,4,OPTIMAL,True,4.0,4.0,0.0,5,OPTIMAL,True,5.0,5.0,0.0,3,3,3,4,1,1,2,1,1,4,5,4.5,20,40,40,11,27,11,27,1,1,1,2
10,2,5,4,0.2,0.2,0.3,0,dense,runner_up,0.133736,3,OPTIMAL,True,3.0,3.0,0.0,3,OPTIMAL,True,3.0,3.0,0.0,3,OPTIMAL,True,3.0,3.0,0.0,4,OPTIMAL,True,4.0,4.0,0.0,4,OPTIMAL,True,4.0,4.0,0.0,5,OPTIMAL,True,5.0,5.0,0.0,4,OPTIMAL,True,4.0,4.0,0.0,1,OPTIMAL,True,1.0,1.0,0.0,4,OPTIMAL,True,4.0,4.0,0.0,4,OPTIMAL,True,4.0,4.0,0.0,3,3,3,4,0,0,1,0,0,4,4,4.0,20,40,40,7,17,7,17,1,1,1,2
10,2,5,6,0.0,0.0,0.1,0,dense,runner_up,0.121527,5,OPTIMAL,True,5.0,5.0,0.0,5,OPTIMAL,True,5.0,5.0,0.0,5,OPTIMAL,True,5.0,5.0,0.0,5,OPTIMAL,True,5.0,5.0,0.0,5,OPTIMAL,True,5.0,5.0,0.0,5,OPTIMAL,True,5.0,5.0,0.0,4,OPTIMAL,True,4.0,4.0,0.0,3,OPTIMAL,True,3.0,3.0,0.0,4,OPTIMAL,True,4.0,4.0,0.0,5,OPTIMAL,True,5.0,5.0,0.0,5,5,5,5,3,3,3,3,3,4,5,4.5,25,50,50,19,39,19,39,3,4,3,7
10,2,5,6,0.0,0.0,0.3,0,dense,runner_up,0.123490,5,OPTIMAL,True,5.0,5.0,0.0,5,OPTIMAL,True,5.0,5.0,0.0,5,OPTIMAL,True,5.0,5.0,0.0,5,OPTIMAL,True,5.0,5.0,0.0,5,OPTIMAL,True,5.0,5.0,0.0,5,OPTIMAL,True,5.0,5.0,0.0,3,OPTIMAL,True,3.0,3.0,0.0,2,OPTIMAL,True,2.0,2.0,0.0,3,OPTIMAL,True,3.0,3.0,0.0,4,OPTIMAL,True,4.0,4.0,0.0,5,5,5,5,1,1,2,1,1,3,4,3.5,25,50,50,11,24,11,24,2,2,2,4
10,2,5,6,0.0,0.2,0.1,0,dense,runner_up,0.124360,5,OPTIMAL,True,5.0,5.0,0.0,5,OPTIMAL,True,5.0,5.0,0.0,5,OPTIMAL,True,5.0,5.0,0.0,5,OPTIMAL,True,5.0,5.0,0.0,5,OPTIMAL,True,5.0,5.0,0.0,5,OPTIMAL,True,5.0,5.0,0.0,4,OPTIMAL,True,4.0,4.0,0.0,3,OPTIMAL,True,3.0,3.0,0.0,4,OPTIMAL,True,4.0,4.0,0.0,5,OPTIMAL,True,5.0,5.0,0.0,5,5,5,5,2,2,2,2,2,4,5,4.5,25,50,50,14,30,14,30,1,1,1,2
10,2,5,6,0.0,0.2,0.3,0,dense,runner_up,0.120347,5,OPTIMAL,True,5.0,5.0,0.0,5,OPTIMAL,True,5.0,5.0,0.0,5,OPTIMAL,True,5.0,5.0,0.0,5,OPTIMAL,True,5.0,5.0,0.0,5,OPTIMAL,True,5.0,5.0,0.0,5,OPTIMAL,True,5.0,5.0,0.0,2,OPTIMAL,True,2.0,2.0,0.0,1,OPTIMAL,True,1.0,1.0,0.0,2,OPTIMAL,True,2.0,2.0,0.0,4,OPTIMAL,True,4.0,4.0,0.0,5,5,5,5,0,0,0,0,0,2,4,3.0,25,50,50,6,16,6,16,1,1,1,2
10,2,5,6,0.2,0.0,0.1,0,dense,runner_up,0.141312,3,OPTIMAL,True,3.0,3.0,0.0,3,OPTIMAL,True,3.0,3.0,0.0,3,OPTIMAL,True,3.0,3.0,0.0,4,OPTIMAL,True,4.0,4.0,0.0,3,OPTIMAL,True,3.0,3.0,0.0,5,OPTIMAL,True,5.0,5.0,0.0,5,OPTIMAL,True,5.0,5.0,0.0,4,OPTIMAL,True,4.0,4.0,0.0,5,OPTIMAL,True,5.0,5.0,0.0,5,OPTIMAL,True,5.0,5.0,0.0,3,3,3,3,2,2,3,2,2,5,5,5.0,19,39,39,18,39,18,39,2,4,2,6
10,2,5,6,0.2,0.0,0.3,0,dense,runner_up,0.136716,3,OPTIMAL,True,3.0,3.0,0.0,3,OPTIMAL,True,3.0,3.0,0.0,3,OPTIMAL,True,3.0,3.0,0.0,4,OPTIMAL,True,4.0,4.0,0.0,3,OPTIMAL,True,3.0,3.0,0.0,5,OPTIMAL,True,5.0,5.0,0.0,4,OPTIMAL,True,4.0,4.0,0.0,1,OPTIMAL,True,1.0,1.0,0.0,4,OPTIMAL,True,4.0,4.0,0.0,5,OPTIMAL,True,5.0,5.0,0.0,3,3,3,3,0,0,1,0,0,4,5,4.5,19,39,39,12,26,12,26,2,2,2,4
10,2,5,6,0.2,0.2,0.1,0,dense,runner_up,0.140625,3,OPTIMAL,True,3.0,3.0,0.0,3,OPTIMAL,True,3.0,3.0,0.0,3,OPTIMAL,True,3.0,3.0,0.0,4,OPTIMAL,True,4.0,4.0,0.0,3,OPTIMAL,True,3.0,3.0,0.0,5,OPTIMAL,True,5.0,5.0,0.0,4,OPTIMAL,True,4.0,4.0,0.0,2,OPTIMAL,True,2.0,2.0,0.0,4,OPTIMAL,True,4.0,4.0,0.0,5,OPTIMAL,True,5.0,5.0,0.0,3,3,3,3,2,2,2,2,2,4,5,4.5,19,39,39,13,30,13,30,1,2,1,3
10,2,5,6,0.2,0.2,0.3,0,dense,runner_up,0.138289,3,OPTIMAL,True,3.0,3.0,0.0,3,OPTIMAL,True,3.0,3.0,0.0,3,OPTIMAL,True,3.0,3.0,0.0,4,OPTIMAL,True,4.0,4.0,0.0,3,OPTIMAL,True,3.0,3.0,0.0,5,OPTIMAL,True,5.0,5.0,0.0,4,OPTIMAL,True,4.0,4.0,0.0,1,OPTIMAL,True,1.0,1.0,0.0,4,OPTIMAL,True,4.0,4.0,0.0,4,OPTIMAL,True,4.0,4.0,0.0,3,3,3,3,0,0,1,0,0,4,4,4.0,19,39,39,8,18,8,18,1,1,1,2
10,2,5,8,0.0,0.0,0.1,0,dense,runner_up,0.127278,5,OPTIMAL,True,5.0,5.0,0.0,5,OPTIMAL,True,5.0,5.0,0.0,5,OPTIMAL,True,5.0,5.0,0.0,5,OPTIMAL,True,5.0,5.0,0.0,5,OPTIMAL,True,5.0,5.0,0.0,5,OPTIMAL,True,5.0,5.0,0.0,4,OPTIMAL,True,4.0,4.0,0.0,3,OPTIMAL,True,3.0,3.0,0.0,4,OPTIMAL,True,4.0,4.0,0.0,5,OPTIMAL,True,5.0,5.0,0.0,5,5,5,5,3,3,3,3,3,4,5,4.5,25,50,50,19,39,19,39,3,4,3,7
10,2,5,8,0.0,0.0,0.3,0,dense,runner_up,0.128361,5,OPTIMAL,True,5.0,5.0,0.0,5,OPTIMAL,True,5.0,5.0,0.0,5,OPTIMAL,True,5.0,5.0,0.0,5,OPTIMAL,True,5.0,5.0,0.0,5,OPTIMAL,True,5.0,5.0,0.0,5,OPTIMAL,True,5.0,5.0,0.0,3,OPTIMAL,True,3.0,3.0,0.0,2,OPTIMAL,True,2.0,2.0,0.0,3,OPTIMAL,True,3.0,3.0,0.0,4,OPTIMAL,True,4.0,4.0,0.0,5,5,5,5,1,1,2,1,1,3,4,3.5,25,50,50,11,24,11,24,2,2,2,4
10,2,5,8,0.0,0.2,0.1,0,dense,runner_up,0.130896,5,OPTIMAL,True,5.0,5.0,0.0,5,OPTIMAL,True,5.0,5.0,0.0,5,OPTIMAL,True,5.0,5.0,0.0,5,OPTIMAL,True,5.0,5.0,0.0,5,OPTIMAL,True,5.0,5.0,0.0,5,OPTIMAL,True,5.0,5.0,0.0,4,OPTIMAL,True,4.0,4.0,0.0,3,OPTIMAL,True,3.0,3.0,0.0,4,OPTIMAL,True,4.0,4.0,0.0,5,OPTIMAL,True,5.0,5.0,0.0,5,5,5,5,2,2,2,2,2,4,5,4.5,25,50,50,16,32,16,32,1,2,1,3
10,2,5,8,0.0,0.2,0.3,0,dense,runner_up,0.128242,5,OPTIMAL,True,5.0,5.0,0.0,5,OPTIMAL,True,5.0,5.0,0.0,5,OPTIMAL,True,5.0,5.0,0.0,5,OPTIMAL,True,5.0,5.0,0.0,5,OPTIMAL,True,5.0,5.0,0.0,5,OPTIMAL,True,5.0,5.0,0.0,3,OPTIMAL,True,3.0,3.0,0.0,2,OPTIMAL,True,2.0,2.0,0.0,3,OPTIMAL,True,3.0,3.0,0.0,4,OPTIMAL,True,4.0,4.0,0.0,5,5,5,5,0,0,0,0,0,3,4,3.5,25,50,50,8,18,8,18,1,1,1,2
10,2,5,8,0.2,0.0,0.1,0,dense,runner_up,0.144483,3,OPTIMAL,True,3.0,3.0,0.0,3,OPTIMAL,True,3.0,3.0,0.0,3,OPTIMAL,True,3.0,3.0,0.0,4,OPTIMAL,True,4.0,4.0,0.0,3,OPTIMAL,True,3.0,3.0,0.0,5,OPTIMAL,True,5.0,5.0,0.0,5,OPTIMAL,True,5.0,5.0,0.0,4,OPTIMAL,True,4.0,4.0,0.0,5,OPTIMAL,True,5.0,5.0,0.0,5,OPTIMAL,True,5.0,5.0,0.0,3,3,3,3,2,2,3,2,2,5,5,5.0,19,39,39,18,39,18,39,2,4,2,6
10,2,5,8,0.2,0.0,0.3,0,dense,runner_up,0.142113,3,OPTIMAL,True,3.0,3.0,0.0,3,OPTIMAL,True,3.0,3.0,0.0,3,OPTIMAL,True,3.0,3.0,0.0,4,OPTIMAL,True,4.0,4.0,0.0,3,OPTIMAL,True,3.0,3.0,0.0,5,OPTIMAL,True,5.0,5.0,0.0,4,OPTIMAL,True,4.0,4.0,0.0,1,OPTIMAL,True,1.0,1.0,0.0,4,OPTIMAL,True,4.0,4.0,0.0,5,OPTIMAL,True,5.0,5.0,0.0,3,3,3,3,0,0,1,0,0,4,5,4.5,19,39,39,12,26,12,26,2,2,2,4
10,2,5,8,0.2,0.2,0.1,0,dense,runner_up,0.145056,3,OPTIMAL,True,3.0,3.0,0.0,3,OPTIMAL,True,3.0,3.0,0.0,3,OPTIMAL,True,3.0,3.0,0.0,4,OPTIMAL,True,4.0,4.0,0.0,3,OPTIMAL,True,3.0,3.0,0.0,5,OPTIMAL,True,5.0,5.0,0.0,4,OPTIMAL,True,4.0,4.0,0.0,2,OPTIMAL,True,2.0,2.0,0.0,4,OPTIMAL,True,4.0,4.0,0.0,5,OPTIMAL,True,5.0,5.0,0.0,3,3,3,3,2,2,2,2,2,4,5,4.5,19,39,39,13,30,13,30,1,1,1,2
10,2,5,8,0.2,0.2,0.3,0,dense,runner_up,0.145053,3,OPTIMAL,True,3.0,3.0,0.0,3,OPTIMAL,True,3.0,3.0,0.0,3,OPTIMAL,True,3.0,3.0,0.0,4,OPTIMAL,True,4.0,4.0,0.0,3,OPTIMAL,True,3.0,3.0,0.0,5,OPTIMAL,True,5.0,5.0,0.0,4,OPTIMAL,True,4.0,4.0,0.0,1,OPTIMAL,True,1.0,1.0,0.0,4,OPTIMAL,True,4.0,4.0,0.0,4,OPTIMAL,True,4.0,4.0,0.0,3,3,3,3,0,0,1,0,0,4,4,4.0,19,39,39,8,19,8,19,1,1,1,2
10,3,2,4,0.0,0.0,0.1,0,dense,runner_up,0.104512,5,OPTIMAL,True,5.0,5.0,0.0,5,OPTIMAL,True,5.0,5.0,0.0,5,OPTIMAL,True,5.0,5.0,0.0,5,OPTIMAL,True,5.0,5.0,0.0,5,OPTIMAL,True,5.0,5.0,0.0,5,OPTIMAL,True,5.0,5.0,0.0,4,OPTIMAL,True,4.0,4.0,0.0,5,OPTIMAL,True,5.0,5.0,0.0,4,OPTIMAL,True,4.0,4.0,0.0,5,OPTIMAL,True,5.0,5.0,0.0,5,5,5,5,4,4,4,4,4,4,5,4.666666666666667,10,30,30,8,26,8,26,4,5,4,14
10,3,2,4,0.0,0.0,0.3,0,dense,runner_up,0.107992,5,OPTIMAL,True,5.0,5.0,0.0,5,OPTIMAL,True,5.0,5.0,0.0,5,OPTIMAL,True,5.0,5.0,0.0,5,OPTIMAL,True,5.0,5.0,0.0,5,OPTIMAL,True,5.0,5.0,0.0,5,OPTIMAL,True,5.0,5.0,0.0,2,OPTIMAL,True,2.0,2.0,0.0,3,OPTIMAL,True,3.0,3.0,0.0,2,OPTIMAL,True,2.0,2.0,0.0,4,OPTIMAL,True,4.0,4.0,0.0,5,5,5,5,0,0,3,0,0,2,4,3.0,10,30,30,2,13,2,13,2,4,2,9
10,3,2,4,0.0,0.2,0.1,0,dense,runner_up,0.110151,5,OPTIMAL,True,5.0,5.0,0.0,5,OPTIMAL,True,5.0,5.0,0.0,5,OPTIMAL,True,5.0,5.0,0.0,5,OPTIMAL,True,5.0,5.0,0.0,5,OPTIMAL,True,5.0,5.0,0.0,5,OPTIMAL,True,5.0,5.0,0.0,4,OPTIMAL,True,4.0,4.0,0.0,4,OPTIMAL,True,4.0,4.0,0.0,4,OPTIMAL,True,4.0,4.0,0.0,5,OPTIMAL,True,5.0,5.0,0.0,5,5,5,5,2,2,4,2,2,4,5,4.333333333333333,10,30,30,7,22,7,22,3,3,3,9
10,3,2,4,0.0,0.2,0.3,0,dense,runner_up,0.107925,5,OPTIMAL,True,5.0,5.0,0.0,5,OPTIMAL,True,5.0,5.0,0.0,5,OPTIMAL,True,5.0,5.0,0.0,5,OPTIMAL,True,5.0,5.0,0.0,5,OPTIMAL,True,5.0,5.0,0.0,5,OPTIMAL,True,5.0,5.0,0.0,1,OPTIMAL,True,1.0,1.0,0.0,2,OPTIMAL,True,2.0,2.0,0.0,1,OPTIMAL,True,1.0,1.0,0.0,4,OPTIMAL,True,4.0,4.0,0.0,5,5,5,5,0,0,1,0,0,1,4,2.3333333333333335,10,30,30,1,9,1,9,1,3,1,6
10,3,2,4,0.2,0.0,0.1,0,dense,runner_up,0.115708,3,OPTIMAL,True,3.0,3.0,0.0,3,OPTIMAL,True,3.0,3.0,0.0,3,OPTIMAL,True,3.0,3.0,0.0,4,OPTIMAL,True,4.0,4.0,0.0,4,OPTIMAL,True,4.0,4.0,0.0,5,OPTIMAL,True,5.0,5.0,0.0,3,OPTIMAL,True,3.0,3.0,0.0,4,OPTIMAL,True,4.0,4.0,0.0,3,OPTIMAL,True,3.0,3.0,0.0,4,OPTIMAL,True,4.0,4.0,0.0,3,3,3,4,2,2,4,2,2,3,4,3.6666666666666665,7,24,24,5,19,5,19,3,4,3,10
10,3,2,4,0.2,0.0,0.3,0,dense,runner_up,0.120402,3,OPTIMAL,True,3.0,3.0,0.0,3,OPTIMAL,True,3.0,3.0,0.0,3,OPTIMAL,True,3.0,3.0,0.0,4,OPTIMAL,True,4.0,4.0,0.0,4,OPTIMAL,True,4.0,4.0,0.0,5,OPTIMAL,True,5.0,5.0,0.0,2,OPTIMAL,True,2.0,2.0,0.0,2,OPTIMAL,True,2.0,2.0,0.0,2,OPTIMAL,True,2.0,2.0,0.0,3,OPTIMAL,True,3.0,3.0,0.0,3,3,3,4,0,0,2,0,0,2,3,2.3333333333333335,7,24,24,2,11,2,11,2,3,2,7
10,3,2,4,0.2,0.2,0.1,0,dense,runner_up,0.122087,3,OPTIMAL,True,3.0,3.0,0.0,3,OPTIMAL,True,3.0,3.0,0.0,3,OPTIMAL,True,3.0,3.0,0.0,4,OPTIMAL,True,4.0,4.0,0.0,4,OPTIMAL,True,4.0,4.0,0.0,5,OPTIMAL,True,5.0,5.0,0.0,3,OPTIMAL,True,3.0,3.0,0.0,3,OPTIMAL,True,3.0,3.0,0.0,3,OPTIMAL,True,3.0,3.0,0.0,4,OPTIMAL,True,4.0,4.0,0.0,3,3,3,4,0,0,3,0,0,3,4,3.3333333333333335,7,24,24,4,14,4,14,2,3,2,7
10,3,2,4,0.2,0.2,0.3,0,dense,runner_up,0.120463,3,OPTIMAL,True,3.0,3.0,0.0,3,OPTIMAL,True,3.0,3.0,0.0,3,OPTIMAL,True,3.0,3.0,0.0,4,OPTIMAL,True,4.0,4.0,0.0,4,OPTIMAL,True,4.0,4.0,0.0,5,OPTIMAL,True,5.0,5.0,0.0,2,OPTIMAL,True,2.0,2.0,0.0,2,OPTIMAL,True,2.0,2.0,0.0,2,OPTIMAL,True,2.0,2.0,0.0,3,OPTIMAL,True,3.0,3.0,0.0,3,3,3,4,0,0,1,0,0,2,2,2.0,7,24,24,2,8,2,8,2,2,2,6
10,3,2,6,0.0,0.0,0.1,0,dense,runner_up,0.108702,5,OPTIMAL,True,5.0,5.0,0.0,5,OPTIMAL,True,5.0,5.0,0.0,5,OPTIMAL,True,5.0,5.0,0.0,5,OPTIMAL,True,5.0,5.0,0.0,5,OPTIMAL,True,5.0,5.0,0.0,5,OPTIMAL,True,5.0,5.0,0.0,4,OPTIMAL,True,4.0,4.0,0.0,5,OPTIMAL,True,5.0,5.0,0.0,4,OPTIMAL,True,4.0,4.0,0.0,5,OPTIMAL,True,5.0,5.0,0.0,5,5,5,5,4,4,4,4,4,4,5,4.666666666666667,10,30,30,8,26,8,26,4,5,4,14
10,3,2,6,0.0,0.0,0.3,0,dense,runner_up,0.111574,5,OPTIMAL,True,5.0,5.0,0.0,5,OPTIMAL,True,5.0,5.0,0.0,5,OPTIMAL,True,5.0,5.0,0.0,5,OPTIMAL,True,5.0,5.0,0.0,5,OPTIMAL,True,5.0,5.0,0.0,5,OPTIMAL,True,5.0,5.0,0.0,2,OPTIMAL,True,2.0,2.0,0.0,3,OPTIMAL,True,3.0,3.0,0.0,2,OPTIMAL,True,2.0,2.0,0.0,4,OPTIMAL,True,4.0,4.0,0.0,5,5,5,5,0,0,3,0,0,2,4,3.0,10,30,30,2,13,2,13,2,4,2,9
10,3,2,6,0.0,0.2,0.1,0,dense,runner_up,0.113769,5,OPTIMAL,True,5.0,5.0,0.0,5,OPTIMAL,True,5.0,5.0,0.0,5,OPTIMAL,True,5.0,5.0,0.0,5,OPTIMAL,True,5.0,5.0,0.0,5,OPTIMAL,True,5.0,5.0,0.0,5,OPTIMAL,True,5.0,5.0,0.0,4,OPTIMAL,True,4.0,4.0,0.0,4,OPTIMAL,True,4.0,4.0,0.0,4,OPTIMAL,True,4.0,4.0,0.0,5,OPTIMAL,True,5.0,5.0,0.0,5,5,5,5,2,2,4,2,2,4,5,4.333333333333333,10,30,30,7,22,7,22,3,3,3,9
10,3,2,6,0.0,0.2,0.3,0,dense,runner_up,0.110824,5,OPTIMAL,True,5.0,5.0,0.0,5,OPTIMAL,True,5.0,5.0,0.0,5,OPTIMAL,True,5.0,5.0,0.0,5,OPTIMAL,True,5.0,5.0,0.0,5,OPTIMAL,True,5.0,5.0,0.0,5,OPTIMAL,True,5.0,5.0,0.0,1,OPTIMAL,True,1.0,1.0,0.0,2,OPTIMAL,True,2.0,2.0,0.0,1,OPTIMAL,True,1.0,1.0,0.0,4,OPTIMAL,True,4.0,4.0,0.0,5,5,5,5,0,0,1,0,0,1,4,2.3333333333333335,10,30,30,1,9,1,9,1,3,1,6
10,3,2,6,0.2,0.0,0.1,0,dense,runner_up,0.119971,3,OPTIMAL,True,3.0,3.0,0.0,3,OPTIMAL,True,3.0,3.0,0.0,3,OPTIMAL,True,3.0,3.0,0.0,4,OPTIMAL,True,4.0,4.0,0.0,4,OPTIMAL,True,4.0,4.0,0.0,5,OPTIMAL,True,5.0,5.0,0.0,3,OPTIMAL,True,3.0,3.0,0.0,4,OPTIMAL,True,4.0,4.0,0.0,3,OPTIMAL,True,3.0,3.0,0.0,4,OPTIMAL,True,4.0,4.0,0.0,3,3,3,4,2,2,4,2,2,3,4,3.6666666666666665,7,24,24,5,19,5,19,3,4,3,10
10,3,2,6,0.2,0.0,0.3,0,dense,runner_up,0.124465,3,OPTIMAL,True,3.0,3.0,0.0,3,OPTIMAL,True,3.0,3.0,0.0,3,OPTIMAL,True,3.0,3.0,0.0,4,OPTIMAL,True,4.0,4.0,0.0,4,OPTIMAL,True,4.0,4.0,0.0,5,OPTIMAL,True,5.0,5.0,0.0,2,OPTIMAL,True,2.0,2.0,0.0,2,OPTIMAL,True,2.0,2.0,0.0,2,OPTIMAL,True,2.0,2.0,0.0,3,OPTIMAL,True,3.0,3.0,0.0,3,3,3,4,0,0,2,0,0,2,3,2.3333333333333335,7,24,24,2,11,2,11,2,3,2,7
10,3,2,6,0.2,0.2,0.1,0,dense,runner_up,0.136423,3,OPTIMAL,True,3.0,3.0,0.0,3,OPTIMAL,True,3.0,3.0,0.0,3,OPTIMAL,True,3.0,3.0,0.0,4,OPTIMAL,True,4.0,4.0,0.0,4,OPTIMAL,True,4.0,4.0,0.0,5,OPTIMAL,True,5.0,5.0,0.0,3,OPTIMAL,True,3.0,3.0,0.0,3,OPTIMAL,True,3.0,3.0,0.0,3,OPTIMAL,True,3.0,3.0,0.0,4,OPTIMAL,True,4.0,4.0,0.0,3,3,3,4,0,0,3,0,0,3,4,3.3333333333333335,7,24,24,4,15,4,15,2,2,2,6
10,3,2,6,0.2,0.2,0.3,0,dense,runner_up,0.127010,3,OPTIMAL,True,3.0,3.0,0.0,3,OPTIMAL,True,3.0,3.0,0.0,3,OPTIMAL,True,3.0,3.0,0.0,4,OPTIMAL,True,4.0,4.0,0.0,4,OPTIMAL,True,4.0,4.0,0.0,5,OPTIMAL,True,5.0,5.0,0.0,2,OPTIMAL,True,2.0,2.0,0.0,2,OPTIMAL,True,2.0,2.0,0.0,2,OPTIMAL,True,2.0,2.0,0.0,3,OPTIMAL,True,3.0,3.0,0.0,3,3,3,4,0,0,2,0,0,2,2,2.0,7,24,24,2,9,2,9,1,2,1,5
10,3,2,8,0.0,0.0,0.1,0,dense,runner_up,0.110514,5,OPTIMAL,True,5.0,5.0,0.0,5,OPTIMAL,True,5.0,5.0,0.0,5,OPTIMAL,True,5.0,5.0,0.0,5,OPTIMAL,True,5.0,5.0,0.0,5,OPTIMAL,True,5.0,5.0,0.0,5,OPTIMAL,True,5.0,5.0,0.0,4,OPTIMAL,True,4.0,4.0,0.0,5,OPTIMAL,True,5.0,5.0,0.0,4,OPTIMAL,True,4.0,4.0,0.0,5,OPTIMAL,True,5.0,5.0,0.0,5,5,5,5,4,4,4,4,4,4,5,4.666666666666667,10,30,30,8,26,8,26,4,5,4,14
10,3,2,8,0.0,0.0,0.3,0,dense,runner_up,0.114788,5,OPTIMAL,True,5.0,5.0,0.0,5,OPTIMAL,True,5.0,5.0,0.0,5,OPTIMAL,True,5.0,5.0,0.0,5,OPTIMAL,True,5.0,5.0,0.0,5,OPTIMAL,True,5.0,5.0,0.0,5,OPTIMAL,True,5.0,5.0,0.0,2,OPTIMAL,True,2.0,2.0,0.0,3,OPTIMAL,True,3.0,3.0,0.0,2,OPTIMAL,True,2.0,2.0,0.0,4,OPTIMAL,True,4.0,4.0,0.0,5,5,5,5,0,0,3,0,0,2,4,3.0,10,30,30,2,13,2,13,2,4,2,9
10,3,2,8,0.0,0.2,0.1,0,dense,runner_up,0.116945,5,OPTIMAL,True,5.0,5.0,0.0,5,OPTIMAL,True,5.0,5.0,0.0,5,OPTIMAL,True,5.0,5.0,0.0,5,OPTIMAL,True,5.0,5.0,0.0,5,OPTIMAL,True,5.0,5.0,0.0,5,OPTIMAL,True,5.0,5.0,0.0,4,OPTIMAL,True,4.0,4.0,0.0,4,OPTIMAL,True,4.0,4.0,0.0,4,OPTIMAL,True,4.0,4.0,0.0,5,OPTIMAL,True,5.0,5.0,0.0,5,5,5,5,2,2,4,2,2,4,5,4.333333333333333,10,30,30,7,22,7,22,3,3,3,9
10,3,2,8,0.0,0.2,0.3,0,dense,runner_up,0.114967,5,OPTIMAL,True,5.0,5.0,0.0,5,OPTIMAL,True,5.0,5.0,0.0,5,OPTIMAL,True,5.0,5.0,0.0,5,OPTIMAL,True,5.0,5.0,0.0,5,OPTIMAL,True,5.0,5.0,0.0,5,OPTIMAL,True,5.0,5.0,0.0,1,OPTIMAL,True,1.0,1.0,0.0,2,OPTIMAL,True,2.0,2.0,0.0,1,OPTIMAL,True,1.0,1.0,0.0,4,OPTIMAL,True,4.0,4.0,0.0,5,5,5,5,0,0,1,0,0,1,4,2.3333333333333335,10,30,30,1,9,1,9,1,3,1,6
10,3,2,8,0.2,0.0,0.1,0,dense,runner_up,0.120488,3,OPTIMAL,True,3.0,3.0,0.0,3,OPTIMAL,True,3.0,3.0,0.0,3,OPTIMAL,True,3.0,3.0,0.0,4,OPTIMAL,True,4.0,4.0,0.0,4,OPTIMAL,True,4.0,4.0,0.0,5,OPTIMAL,True,5.0,5.0,0.0,3,OPTIMAL,True,3.0,3.0,0.0,4,OPTIMAL,True,4.0,4.0,0.0,3,OPTIMAL,True,3.0,3.0,0.0,4,OPTIMAL,True,4.0,4.0,0.0,3,3,3,4,2,2,4,2,2,3,4,3.6666666666666665,7,23,23,5,19,5,19,3,4,3,10
10,3,2,8,0.2,0.0,0.3,0,dense,runner_up,0.125726,3,OPTIMAL,True,3.0,3.0,0.0,3,OPTIMAL,True,3.0,3.0,0.0,3,OPTIMAL,True,3.0,3.0,0.0,4,OPTIMAL,True,4.0,4.0,0.0,4,OPTIMAL,True,4.0,4.0,0.0,5,OPTIMAL,True,5.0,5.0,0.0,2,OPTIMAL,True,2.0,2.0,0.0,2,OPTIMAL,True,2.0,2.0,0.0,2,OPTIMAL,True,2.0,2.0,0.0,3,OPTIMAL,True,3.0,3.0,0.0,3,3,3,4,0,0,2,0,0,2,3,2.3333333333333335,7,23,23,2,11,2,11,2,3,2,7
10,3,2,8,0.2,0.2,0.1,0,dense,runner_up,0.126775,3,OPTIMAL,True,3.0,3.0,0.0,3,OPTIMAL,True,3.0,3.0,0.0,3,OPTIMAL,True,3.0,3.0,0.0,4,OPTIMAL,True,4.0,4.0,0.0,4,OPTIMAL,True,4.0,4.0,0.0,5,OPTIMAL,True,5.0,5.0,0.0,3,OPTIMAL,True,3.0,3.0,0.0,3,OPTIMAL,True,3.0,3.0,0.0,3,OPTIMAL,True,3.0,3.0,0.0,4,OPTIMAL,True,4.0,4.0,0.0,3,3,3,4,0,0,3,0,0,3,4,3.3333333333333335,7,23,23,4,15,4,15,2,2,2,6
10,3,2,8,0.2,0.2,0.3,0,dense,runner_up,0.129037,3,OPTIMAL,True,3.0,3.0,0.0,3,OPTIMAL,True,3.0,3.0,0.0,3,OPTIMAL,True,3.0,3.0,0.0,4,OPTIMAL,True,4.0,4.0,0.0,4,OPTIMAL,True,4.0,4.0,0.0,5,OPTIMAL,True,5.0,5.0,0.0,2,OPTIMAL,True,2.0,2.0,0.0,2,OPTIMAL,True,2.0,2.0,0.0,2,OPTIMAL,True,2.0,2.0,0.0,3,OPTIMAL,True,3.0,3.0,0.0,3,3,3,4,0,0,2,0,0,2,2,2.0,7,23,23,2,9,2,9,1,2,1,5
10,3,3,4,0.0,0.0,0.1,0,dense,runner_up,0.114676,5,OPTIMAL,True,5.0,5.0,0.0,5,OPTIMAL,True,5.0,5.0,0.0,5,OPTIMAL,True,5.0,5.0,0.0,5,OPTIMAL,True,5.0,5.0,0.0,5,OPTIMAL,True,5.0,5.0,0.0,5,OPTIMAL,True,5.0,5.0,0.0,4,OPTIMAL,True,4.0,4.0,0.0,5,OPTIMAL,True,5.0,5.0,0.0,4,OPTIMAL,True,4.0,4.0,0.0,5,OPTIMAL,True,5.0,5.0,0.0,5,5,5,5,1,1,4,1,1,4,5,4.666666666666667,15,45,45,9,35,9,35,3,5,3,12
10,3,3,4,0.0,0.0,0.3,0,dense,runner_up,0.116334,5,OPTIMAL,True,5.0,5.0,0.0,5,OPTIMAL,True,5.0,5.0,0.0,5,OPTIMAL,True,5.0,5.0,0.0,5,OPTIMAL,True,5.0,5.0,0.0,5,OPTIMAL,True,5.0,5.0,0.0,5,OPTIMAL,True,5.0,5.0,0.0,3,OPTIMAL,True,3.0,3.0,0.0,3,OPTIMAL,True,3.0,3.0,0.0,3,OPTIMAL,True,3.0,3.0,0.0,4,OPTIMAL,True,4.0,4.0,0.0,5,5,5,5,0,0,3,0,0,3,4,3.6666666666666665,15,45,45,5,21,5,21,2,4,2,8
10,3,3,4,0.0,0.2,0.1,0,dense,runner_up,0.119825,5,OPTIMAL,True,5.0,5.0,0.0,5,OPTIMAL,True,5.0,5.0,0.0,5,OPTIMAL,True,5.0,5.0,0.0,5,OPTIMAL,True,5.0,5.0,0.0,5,OPTIMAL,True,5.0,5.0,0.0,5,OPTIMAL,True,5.0,5.0,0.0,3,OPTIMAL,True,3.0,3.0,0.0,2,OPTIMAL,True,2.0,2.0,0.0,3,OPTIMAL,True,3.0,3.0,0.0,4,OPTIMAL,True,4.0,4.0,0.0,5,5,5,5,1,1,2,1,1,3,4,3.3333333333333335,15,45,45,8,24,8,24,2,2,2,6
10,3,3,4,0.0,0.2,0.3,0,dense,runner_up,0.115167,5,OPTIMAL,True,5.0,5.0,0.0,5,OPTIMAL,True,5.0,5.0,0.0,5,OPTIMAL,True,5.0,5.0,0.0,5,OPTIMAL,True,5.0,5.0,0.0,5,OPTIMAL,True,5.0,5.0,0.0,5,OPTIMAL,True,5.0,5.0,0.0,2,OPTIMAL,True,2.0,2.0,0.0,1,OPTIMAL,True,1.0,1.0,0.0,2,OPTIMAL,True,2.0,2.0,0.0,3,OPTIMAL,True,3.0,3.0,0.0,5,5,5,5,0,0,1,0,0,2,3,2.6666666666666665,15,45,45,3,13,3,13,1,2,1,5
10,3,3,4,0.2,0.0,0.1,0,dense,runner_up,0.132434,2,OPTIMAL,True,2.0,2.0,0.0,2,OPTIMAL,True,2.0,2.0,0.0,2,OPTIMAL,True,2.0,2.0,0.0,4,OPTIMAL,True,4.0,4.0,0.0,3,OPTIMAL,True,3.0,3.0,0.0,5,OPTIMAL,True,5.0,5.0,0.0,4,OPTIMAL,True,4.0,4.0,0.0,4,OPTIMAL,True,4.0,4.0,0.0,4,OPTIMAL,True,4.0,4.0,0.0,5,OPTIMAL,True,5.0,5.0,0.0,2,2,2,3,2,2,4,2,2,4,5,4.333333333333333,10,32,32,9,35,9,35,3,5,3,12
10,3,3,4,0.2,0.0,0.3,0,dense,runner_up,0.131943,2,OPTIMAL,True,2.0,2.0,0.0,2,OPTIMAL,True,2.0,2.0,0.0,2,OPTIMAL,True,2.0,2.0,0.0,4,OPTIMAL,True,4.0,4.0,0.0,3,OPTIMAL,True,3.0,3.0,0.0,5,OPTIMAL,True,5.0,5.0,0.0,2,OPTIMAL,True,2.0,2.0,0.0,3,OPTIMAL,True,3.0,3.0,0.0,2,OPTIMAL,True,2.0,2.0,0.0,5,OPTIMAL,True,5.0,5.0,0.0,2,2,2,3,1,1,3,1,1,2,5,3.6666666666666665,10,32,32,4,27,4,27,2,4,2,9
10,3,3,4,0.2,0.2,0.1,0,dense,runner_up,0.133759,2,OPTIMAL,True,2.0,2.0,0.0,2,OPTIMAL,True,2.0,2.0,0.0,2,OPTIMAL,True,2.0,2.0,0.0,4,OPTIMAL,True,4.0,4.0,0.0,3,OPTIMAL,True,3.0,3.0,0.0,5,OPTIMAL,True,5.0,5.0,0.0,3,OPTIMAL,True,3.0,3.0,0.0,3,OPTIMAL,True,3.0,3.0,0.0,3,OPTIMAL,True,3.0,3.0,0.0,4,OPTIMAL,True,4.0,4.0,0.0,2,2,2,3,1,1,3,1,1,3,4,3.3333333333333335,10,32,32,7,26,7,26,2,3,2,7
10,3,3,4,0.2,0.2,0.3,0,dense,runner_up,0.134084,2,OPTIMAL,True,2.0,2.0,0.0,2,OPTIMAL,True,2.0,2.0,0.0,2,OPTIMAL,True,2.0,2.0,0.0,4,OPTIMAL,True,4.0,4.0,0.0,3,OPTIMAL,True,3.0,3.0,0.0,5,OPTIMAL,True,5.0,5.0,0.0,1,OPTIMAL,True,1.0,1.0,0.0,3,OPTIMAL,True,3.0,3.0,0.0,1,OPTIMAL,True,1.0,1.0,0.0,4,OPTIMAL,True,4.0,4.0,0.0,2,2,2,3,0,0,3,0,0,1,4,2.6666666666666665,10,32,32,2,18,2,18,2,2,2,6
10,3,3,6,0.0,0.0,0.1,0,dense,runner_up,0.119441,5,OPTIMAL,True,5.0,5.0,0.0,5,OPTIMAL,True,5.0,5.0,0.0,5,OPTIMAL,True,5.0,5.0,0.0,5,OPTIMAL,True,5.0,5.0,0.0,5,OPTIMAL,True,5.0,5.0,0.0,5,OPTIMAL,True,5.0,5.0,0.0,4,OPTIMAL,True,4.0,4.0,0.0,5,OPTIMAL,True,5.0,5.0,0.0,4,OPTIMAL,True,4.0,4.0,0.0,5,OPTIMAL,True,5.0,5.0,0.0,5,5,5,5,1,1,4,1,1,4,5,4.666666666666667,15,45,45,9,35,9,35,3,5,3,12
10,3,3,6,0.0,0.0,0.3,0,dense,runner_up,0.121475,5,OPTIMAL,True,5.0,5.0,0.0,5,OPTIMAL,True,5.0,5.0,0.0,5,OPTIMAL,True,5.0,5.0,0.0,5,OPTIMAL,True,5.0,5.0,0.0,5,OPTIMAL,True,5.0,5.0,0.0,5,OPTIMAL,True,5.0,5.0,0.0,3,OPTIMAL,True,3.0,3.0,0.0,3,OPTIMAL,True,3.0,3.0,0.0,3,OPTIMAL,True,3.0,3.0,0.0,4,OPTIMAL,True,4.0,4.0,0.0,5,5,5,5,0,0,3,0,0,3,4,3.6666666666666665,15,45,45,5,21,5,21,2,4,2,8
10,3,3,6,0.0,0.2,0.1,0,dense,runner_up,0.124008,5,OPTIMAL,True,5.0,5.0,0.0,5,OPTIMAL,True,5.0,5.0,0.0,5,OPTIMAL,True,5.0,5.0,0.0,5,OPTIMAL,True,5.0,5.0,0.0,5,OPTIMAL,True,5.0,5.0,0.0,5,OPTIMAL,True,5.0,5.0,0.0,4,OPTIMAL,True,4.0,4.0,0.0,3,OPTIMAL,True,3.0,3.0,0.0,4,OPTIMAL,True,4.0,4.0,0.0,4,OPTIMAL,True,4.0,4.0,0.0,5,5,5,5,1,1,3,1,1,4,4,4.0,15,45,45,8,27,8,27,2,2,2,6
10,3,3,6,0.0,0.2,0.3,0,dense,runner_up,0.120262,5,OPTIMAL,True,5.0,5.0,0.0,5,OPTIMAL,True,5.0,5.0,0.0,5,OPTIMAL,True,5.0,5.0,0.0,5,OPTIMAL,True,5.0,5.0,0.0,5,OPTIMAL,True,5.0,5.0,0.0,5,OPTIMAL,True,5.0,5.0,0.0,3,OPTIMAL,True,3.0,3.0,0.0,2,OPTIMAL,True,2.0,2.0,0.0,3,OPTIMAL,True,3.0,3.0,0.0,3,OPTIMAL,True,3.0,3.0,0.0,5,5,5,5,0,0,2,0,0,3,3,3.0,15,45,45,4,15,4,15,1,2,1,5
10,3,3,6,0.2,0.0,0.1,0,dense,runner_up,0.136726,2,OPTIMAL,True,2.0,2.0,0.0,2,OPTIMAL,True,2.0,2.0,0.0,2,OPTIMAL,True,2.0,2.0,0.0,4,OPTIMAL,True,4.0,4.0,0.0,4,OPTIMAL,True,4.0,4.0,0.0,5,OPTIMAL,True,5.0,5.0,0.0,4,OPTIMAL,True,4.0,4.0,0.0,4,OPTIMAL,True,4.0,4.0,0.0,4,OPTIMAL,True,4.0,4.0,0.0,5,OPTIMAL,True,5.0,5.0,0.0,2,2,2,4,2,2,4,2,2,4,5,4.333333333333333,9,32,32,9,35,9,35,3,5,3,12
10,3,3,6,0.2,0.0,0.3,0,dense,runner_up,0.137989,2,OPTIMAL,True,2.0,2.0,0.0,2,OPTIMAL,True,2.0,2.0,0.0,2,OPTIMAL,True,2.0,2.0,0.0,4,OPTIMAL,True,4.0,4.0,0.0,4,OPTIMAL,True,4.0,4.0,0.0,5,OPTIMAL,True,5.0,5.0,0.0,2,OPTIMAL,True,2.0,2.0,0.0,3,OPTIMAL,True,3.0,3.0,0.0,2,OPTIMAL,True,2.0,2.0,0.0,5,OPTIMAL,True,5.0,5.0,0.0,2,2,2,4,1,1,3,1,1,2,5,3.6666666666666665,9,32,32,4,27,4,27,2,4,2,9
10,3,3,6,0.2,0.2,0.1,0,dense,runner_up,0.141184,2,OPTIMAL,True,2.0,2.0,0.0,2,OPTIMAL,True,2.0,2.0,0.0,2,OPTIMAL,True,2.0,2.0,0.0,4,OPTIMAL,True,4.0,4.0,0.0,4,OPTIMAL,True,4.0,4.0,0.0,5,OPTIMAL,True,5.0,5.0,0.0,3,OPTIMAL,True,3.0,3.0,0.0,4,OPTIMAL,True,4.0,4.0,0.0,3,OPTIMAL,True,3.0,3.0,0.0,4,OPTIMAL,True,4.0,4.0,0.0,2,2,2,4,1,1,4,1,1,3,4,3.3333333333333335,9,32,32,7,27,7,27,2,3,2,7
10,3,3,6,0.2,0.2,0.3,0,dense,runner_up,0.135130,2,OPTIMAL,True,2.0,2.0,0.0,2,OPTIMAL,True,2.0,2.0,0.0,2,OPTIMAL,True,2.0,2.0,0.0,4,OPTIMAL,True,4.0,4.0,0.0,4,OPTIMAL,True,4.0,4.0,0.0,5,OPTIMAL,True,5.0,5.0,0.0,1,OPTIMAL,True,1.0,1.0,0.0,3,OPTIMAL,True,3.0,3.0,0.0,1,OPTIMAL,True,1.0,1.0,0.0,4,OPTIMAL,True,4.0,4.0,0.0,2,2,2,4,0,0,3,0,0,1,4,2.6666666666666665,9,32,32,2,19,2,19,2,2,2,6
10,3,3,8,0.0,0.0,0.1,0,dense,runner_up,0.123989,5,OPTIMAL,True,5.0,5.0,0.0,5,OPTIMAL,True,5.0,5.0,0.0,5,OPTIMAL,True,5.0,5.0,0.0,5,OPTIMAL,True,5.0,5.0,0.0,5,OPTIMAL,True,5.0,5.0,0.0,5,OPTIMAL,True,5.0,5.0,0.0,4,OPTIMAL,True,4.0,4.0,0.0,5,OPTIMAL,True,5.0,5.0,0.0,4,OPTIMAL,True,4.0,4.0,0.0,5,OPTIMAL,True,5.0,5.0,0.0,5,5,5,5,1,1,4,1,1,4,5,4.666666666666667,15,45,45,9,35,9,35,3,5,3,12
10,3,3,8,0.0,0.0,0.3,0,dense,runner_up,0.124985,5,OPTIMAL,True,5.0,5.0,0.0,5,OPTIMAL,True,5.0,5.0,0.0,5,OPTIMAL,True,5.0,5.0,0.0,5,OPTIMAL,True,5.0,5.0,0.0,5,OPTIMAL,True,5.0,5.0,0.0,5,OPTIMAL,True,5.0,5.0,0.0,3,OPTIMAL,True,3.0,3.0,0.0,3,OPTIMAL,True,3.0,3.0,0.0,3,OPTIMAL,True,3.0,3.0,0.0,4,OPTIMAL,True,4.0,4.0,0.0,5,5,5,5,0,0,3,0,0,3,4,3.6666666666666665,15,45,45,5,21,5,21,2,4,2,8
10,3,3,8,0.0,0.2,0.1,0,dense,runner_up,0.129016,5,OPTIMAL,True,5.0,5.0,0.0,5,OPTIMAL,True,5.0,5.0,0.0,5,OPTIMAL,True,5.0,5.0,0.0,5,OPTIMAL,True,5.0,5.0,0.0,5,OPTIMAL,True,5.0,5.0,0.0,5,OPTIMAL,True,5.0,5.0,0.0,4,OPTIMAL,True,4.0,4.0,0.0,3,OPTIMAL,True,3.0,3.0,0.0,4,OPTIMAL,True,4.0,4.0,0.0,4,OPTIMAL,True,4.0,4.0,0.0,5,5,5,5,1,1,3,1,1,4,4,4.0,15,45,45,8,27,8,27,2,2,2,6
10,3,3,8,0.0,0.2,0.3,0,dense,runner_up,0.125559,5,OPTIMAL,True,5.0,5.0,0.0,5,OPTIMAL,True,5.0,5.0,0.0,5,OPTIMAL,True,5.0,5.0,0.0,5,OPTIMAL,True,5.0,5.0,0.0,5,OPTIMAL,True,5.0,5.0,0.0,5,OPTIMAL,True,5.0,5.0,0.0,3,OPTIMAL,True,3.0,3.0,0.0,2,OPTIMAL,True,2.0,2.0,0.0,3,OPTIMAL,True,3.0,3.0,0.0,3,OPTIMAL,True,3.0,3.0,0.0,5,5,5,5,0,0,2,0,0,3,3,3.0,15,45,45,4,15,4,15,1,2,1,4
10,3,3,8,0.2,0.0,0.1,0,dense,runner_up,0.141120,2,OPTIMAL,True,2.0,2.0,0.0,2,OPTIMAL,True,2.0,2.0,0.0,2,OPTIMAL,True,2.0,2.0,0.0,4,OPTIMAL,True,4.0,4.0,0.0,4,OPTIMAL,True,4.0,4.0,0.0,5,OPTIMAL,True,5.0,5.0,0.0,4,OPTIMAL,True,4.0,4.0,0.0,4,OPTIMAL,True,4.0,4.0,0.0,4,OPTIMAL,True,4.0,4.0,0.0,5,OPTIMAL,True,5.0,5.0,0.0,2,2,2,4,2,2,4,2,2,4,5,4.333333333333333,10,33,33,9,35,9,35,3,5,3,12
10,3,3,8,0.2,0.0,0.3,0,dense,runner_up,0.138706,2,OPTIMAL,True,2.0,2.0,0.0,2,OPTIMAL,True,2.0,2.0,0.0,2,OPTIMAL,True,2.0,2.0,0.0,4,OPTIMAL,True,4.0,4.0,0.0,4,OPTIMAL,True,4.0,4.0,0.0,5,OPTIMAL,True,5.0,5.0,0.0,2,OPTIMAL,True,2.0,2.0,0.0,3,OPTIMAL,True,3.0,3.0,0.0,2,OPTIMAL,True,2.0,2.0,0.0,5,OPTIMAL,True,5.0,5.0,0.0,2,2,2,4,1,1,3,1,1,2,5,3.6666666666666665,10,33,33,4,27,4,27,2,4,2,9
10,3,3,8,0.2,0.2,0.1,0,dense,runner_up,0.143648,2,OPTIMAL,True,2.0,2.0,0.0,2,OPTIMAL,True,2.0,2.0,0.0,2,OPTIMAL,True,2.0,2.0,0.0,4,OPTIMAL,True,4.0,4.0,0.0,4,OPTIMAL,True,4.0,4.0,0.0,5,OPTIMAL,True,5.0,5.0,0.0,3,OPTIMAL,True,3.0,3.0,0.0,4,OPTIMAL,True,4.0,4.0,0.0,3,OPTIMAL,True,3.0,3.0,0.0,4,OPTIMAL,True,4.0,4.0,0.0,2,2,2,4,0,0,4,0,0,3,4,3.3333333333333335,10,33,33,6,26,6,26,2,3,2,7
10,3,3,8,0.2,0.2,0.3,0,dense,runner_up,0.139040,2,OPTIMAL,True,2.0,2.0,0.0,2,OPTIMAL,True,2.0,2.0,0.0,2,OPTIMAL,True,2.0,2.0,0.0,4,OPTIMAL,True,4.0,4.0,0.0,4,OPTIMAL,True,4.0,4.0,0.0,5,OPTIMAL,True,5.0,5.0,0.0,1,OPTIMAL,True,1.0,1.0,0.0,3,OPTIMAL,True,3.0,3.0,0.0,1,OPTIMAL,True,1.0,1.0,0.0,4,OPTIMAL,True,4.0,4.0,0.0,2,2,2,4,0,0,3,0,0,1,4,2.6666666666666665,10,33,33,2,19,2,19,2,2,2,6
10,3,4,4,0.0,0.0,0.1,0,dense,runner_up,0.122455,5,OPTIMAL,True,5.0,5.0,0.0,5,OPTIMAL,True,5.0,5.0,0.0,5,OPTIMAL,True,5.0,5.0,0.0,5,OPTIMAL,True,5.0,5.0,0.0,5,OPTIMAL,True,5.0,5.0,0.0,5,OPTIMAL,True,5.0,5.0,0.0,5,OPTIMAL,True,5.0,5.0,0.0,4,OPTIMAL,True,4.0,4.0,0.0,5,OPTIMAL,True,5.0,5.0,0.0,5,OPTIMAL,True,5.0,5.0,0.0,5,5,5,5,2,2,4,2,2,5,5,5.0,20,60,60,14,47,14,47,3,4,3,10
10,3,4,4,0.0,0.0,0.3,0,dense,runner_up,0.123587,5,OPTIMAL,True,5.0,5.0,0.0,5,OPTIMAL,True,5.0,5.0,0.0,5,OPTIMAL,True,5.0,5.0,0.0,5,OPTIMAL,True,5.0,5.0,0.0,5,OPTIMAL,True,5.0,5.0,0.0,5,OPTIMAL,True,5.0,5.0,0.0,4,OPTIMAL,True,4.0,4.0,0.0,2,OPTIMAL,True,2.0,2.0,0.0,4,OPTIMAL,True,4.0,4.0,0.0,5,OPTIMAL,True,5.0,5.0,0.0,5,5,5,5,0,0,2,0,0,4,5,4.333333333333333,20,60,60,9,30,9,30,2,2,2,6
10,3,4,4,0.0,0.2,0.1,0,dense,runner_up,0.125263,5,OPTIMAL,True,5.0,5.0,0.0,5,OPTIMAL,True,5.0,5.0,0.0,5,OPTIMAL,True,5.0,5.0,0.0,5,OPTIMAL,True,5.0,5.0,0.0,5,OPTIMAL,True,5.0,5.0,0.0,5,OPTIMAL,True,5.0,5.0,0.0,3,OPTIMAL,True,3.0,3.0,0.0,3,OPTIMAL,True,3.0,3.0,0.0,3,OPTIMAL,True,3.0,3.0,0.0,4,OPTIMAL,True,4.0,4.0,0.0,5,5,5,5,1,1,3,1,1,3,4,3.6666666666666665,20,60,60,10,35,10,35,1,2,1,5
10,3,4,4,0.0,0.2,0.3,0,dense,runner_up,0.123814,5,OPTIMAL,True,5.0,5.0,0.0,5,OPTIMAL,True,5.0,5.0,0.0,5,OPTIMAL,True,5.0,5.0,0.0,5,OPTIMAL,True,5.0,5.0,0.0,5,OPTIMAL,True,5.0,5.0,0.0,5,OPTIMAL,True,5.0,5.0,0.0,3,OPTIMAL,True,3.0,3.0,0.0,1,OPTIMAL,True,1.0,1.0,0.0,3,OPTIMAL,True,3.0,3.0,0.0,4,OPTIMAL,True,4.0,4.0,0.0,5,5,5,5,0,0,1,0,0,3,4,3.6666666666666665,20,60,60,5,21,5,21,1,2,1,4
10,3,4,4,0.2,0.0,0.1,0,dense,runner_up,0.142457,2,OPTIMAL,True,2.0,2.0,0.0,2,OPTIMAL,True,2.0,2.0,0.0,2,OPTIMAL,True,2.0,2.0,0.0,4,OPTIMAL,True,4.0,4.0,0.0,3,OPTIMAL,True,3.0,3.0,0.0,5,OPTIMAL,True,5.0,5.0,0.0,5,OPTIMAL,True,5.0,5.0,0.0,4,OPTIMAL,True,4.0,4.0,0.0,5,OPTIMAL,True,5.0,5.0,0.0,5,OPTIMAL,True,5.0,5.0,0.0,2,2,2,3,2,2,3,2,2,5,5,5.0,14,44,44,14,46,14,46,3,3,3,9
10,3,4,4,0.2,0.0,0.3,0,dense,runner_up,0.139300,2,OPTIMAL,True,2.0,2.0,0.0,2,OPTIMAL,True,2.0,2.0,0.0,2,OPTIMAL,True,2.0,2.0,0.0,4,OPTIMAL,True,4.0,4.0,0.0,3,OPTIMAL,True,3.0,3.0,0.0,5,OPTIMAL,True,5.0,5.0,0.0,4,OPTIMAL,True,4.0,4.0,0.0,2,OPTIMAL,True,2.0,2.0,0.0,4,OPTIMAL,True,4.0,4.0,0.0,5,OPTIMAL,True,5.0,5.0,0.0,2,2,2,3,0,0,1,0,0,4,5,4.666666666666667,14,44,44,6,25,6,25,2,2,2,6
10,3,4,4,0.2,0.2,0.1,0,dense,runner_up,0.144763,2,OPTIMAL,True,2.0,2.0,0.0,2,OPTIMAL,True,2.0,2.0,0.0,2,OPTIMAL,True,2.0,2.0,0.0,4,OPTIMAL,True,4.0,4.0,0.0,3,OPTIMAL,True,3.0,3.0,0.0,5,OPTIMAL,True,5.0,5.0,0.0,4,OPTIMAL,True,4.0,4.0,0.0,3,OPTIMAL,True,3.0,3.0,0.0,4,OPTIMAL,True,4.0,4.0,0.0,4,OPTIMAL,True,4.0,4.0,0.0,2,2,2,3,2,2,3,2,2,4,4,4.0,14,44,44,11,37,11,37,1,2,1,5
10,3,4,4,0.2,0.2,0.3,0,dense,runner_up,0.141253,2,OPTIMAL,True,2.0,2.0,0.0,2,OPTIMAL,True,2.0,2.0,0.0,2,OPTIMAL,True,2.0,2.0,0.0,4,OPTIMAL,True,4.0,4.0,0.0,3,OPTIMAL,True,3.0,3.0,0.0,5,OPTIMAL,True,5.0,5.0,0.0,4,OPTIMAL,True,4.0,4.0,0.0,1,OPTIMAL,True,1.0,1.0,0.0,4,OPTIMAL,True,4.0,4.0,0.0,4,OPTIMAL,True,4.0,4.0,0.0,2,2,2,3,0,0,1,0,0,4,4,4.0,14,44,44,5,19,5,19,1,1,1,3
10,3,4,6,0.0,0.0,0.1,0,dense,runner_up,0.128542,5,OPTIMAL,True,5.0,5.0,0.0,5,OPTIMAL,True,5.0,5.0,0.0,5,OPTIMAL,True,5.0,5.0,0.0,5,OPTIMAL,True,5.0,5.0,0.0,5,OPTIMAL,True,5.0,5.0,0.0,5,OPTIMAL,True,5.0,5.0,0.0,5,OPTIMAL,True,5.0,5.0,0.0,4,OPTIMAL,True,4.0,4.0,0.0,5,OPTIMAL,True,5.0,5.0,0.0,5,OPTIMAL,True,5.0,5.0,0.0,5,5,5,5,2,2,4,2,2,5,5,5.0,20,60,60,14,47,14,47,3,4,3,10
10,3,4,6,0.0,0.0,0.3,0,dense,runner_up,0.129647,5,OPTIMAL,True,5.0,5.0,0.0,5,OPTIMAL,True,5.0,5.0,0.0,5,OPTIMAL,True,5.0,5.0,0.0,5,OPTIMAL,True,5.0,5.0,0.0,5,OPTIMAL,True,5.0,5.0,0.0,5,OPTIMAL,True,5.0,5.0,0.0,4,OPTIMAL,True,4.0,4.0,0.0,2,OPTIMAL,True,2.0,2.0,0.0,4,OPTIMAL,True,4.0,4.0,0.0,5,OPTIMAL,True,5.0,5.0,0.0,5,5,5,5,0,0,2,0,0,4,5,4.333333333333333,20,60,60,9,30,9,30,2,2,2,6
10,3,4,6,0.0,0.2,0.1,0,dense,runner_up,0.133735,5,OPTIMAL,True,5.0,5.0,0.0,5,OPTIMAL,True,5.0,5.0,0.0,5,OPTIMAL,True,5.0,5.0,0.0,5,OPTIMAL,True,5.0,5.0,0.0,5,OPTIMAL,True,5.0,5.0,0.0,5,OPTIMAL,True,5.0,5.0,0.0,3,OPTIMAL,True,3.0,3.0,0.0,3,OPTIMAL,True,3.0,3.0,0.0,3,OPTIMAL,True,3.0,3.0,0.0,4,OPTIMAL,True,4.0,4.0,0.0,5,5,5,5,1,1,3,1,1,3,4,3.6666666666666665,20,60,60,10,36,10,36,1,2,1,4
10,3,4,6,0.0,0.2,0.3,0,dense,runner_up,0.133004,5,OPTIMAL,True,5.0,5.0,0.0,5,OPTIMAL,True,5.0,5.0,0.0,5,OPTIMAL,True,5.0,5.0,0.0,5,OPTIMAL,True,5.0,5.0,0.0,5,OPTIMAL,True,5.0,5.0,0.0,5,OPTIMAL,True,5.0,5.0,0.0,3,OPTIMAL,True,3.0,3.0,0.0,2,OPTIMAL,True,2.0,2.0,0.0,3,OPTIMAL,True,3.0,3.0,0.0,4,OPTIMAL,True,4.0,4.0,0.0,5,5,5,5,0,0,2,0,0,3,4,3.6666666666666665,20,60,60,5,22,5,22,1,2,1,4
10,3,4,6,0.2,0.0,0.1,0,dense,runner_up,0.147001,2,OPTIMAL,True,2.0,2.0,0.0,2,OPTIMAL,True,2.0,2.0,0.0,2,OPTIMAL,True,2.0,2.0,0.0,4,OPTIMAL,True,4.0,4.0,0.0,3,OPTIMAL,True,3.0,3.0,0.0,5,OPTIMAL,True,5.0,5.0,0.0,5,OPTIMAL,True,5.0,5.0,0.0,4,OPTIMAL,True,4.0,4.0,0.0,5,OPTIMAL,True,5.0,5.0,0.0,5,OPTIMAL,True,5.0,5.0,0.0,2,2,2,3,2,2,3,2,2,5,5,5.0,15,45,45,14,46,14,46,3,3,3,9
10,3,4,6,0.2,0.0,0.3,0,dense,runner_up,0.144665,2,OPTIMAL,True,2.0,2.0,0.0,2,OPTIMAL,True,2.0,2.0,0.0,2,OPTIMAL,True,2.0,2.0,0.0,4,OPTIMAL,True,4.0,4.0,0.0,3,OPTIMAL,True,3.0,3.0,0.0,5,OPTIMAL,True,5.0,5.0,0.0,4,OPTIMAL,True,4.0,4.0,0.0,2,OPTIMAL,True,2.0,2.0,0.0,4,OPTIMAL,True,4.0,4.0,0.0,5,OPTIMAL,True,5.0,5.0,0.0,2,2,2,3,0,0,1,0,0,4,5,4.666666666666667,15,45,45,6,25,6,25,2,2,2,6
10,3,4,6,0.2,0.2,0.1,0,dense,runner_up,0.149628,2,OPTIMAL,True,2.0,2.0,0.0,2,OPTIMAL,True,2.0,2.0,0.0,2,OPTIMAL,True,2.0,2.0,0.0,4,OPTIMAL,True,4.0,4.0,0.0,3,OPTIMAL,True,3.0,3.0,0.0,5,OPTIMAL,True,5.0,5.0,0.0,4,OPTIMAL,True,4.0,4.0,0.0,3,OPTIMAL,True,3.0,3.0,0.0,4,OPTIMAL,True,4.0,4.0,0.0,4,OPTIMAL,True,4.0,4.0,0.0,2,2,2,3,2,2,3,2,2,4,4,4.0,15,45,45,11,37,11,37,1,2,1,4
10,3,4,6,0.2,0.2,0.3,0,dense,runner_up,0.147019,2,OPTIMAL,True,2.0,2.0,0.0,2,OPTIMAL,True,2.0,2.0,0.0,2,OPTIMAL,True,2.0,2.0,0.0,4,OPTIMAL,True,4.0,4.0,0.0,3,OPTIMAL,True,3.0,3.0,0.0,5,OPTIMAL,True,5.0,5.0,0.0,4,OPTIMAL,True,4.0,4.0,0.0,1,OPTIMAL,True,1.0,1.0,0.0,4,OPTIMAL,True,4.0,4.0,0.0,4,OPTIMAL,True,4.0,4.0,0.0,2,2,2,3,0,0,1,0,0,4,4,4.0,15,45,45,5,19,5,19,1,1,1,3
10,3,4,8,0.0,0.0,0.1,0,dense,runner_up,0.134306,5,OPTIMAL,True,5.0,5.0,0.0,5,OPTIMAL,True,5.0,5.0,0.0,5,OPTIMAL,True,5.0,5.0,0.0,5,OPTIMAL,True,5.0,5.0,0.0,5,OPTIMAL,True,5.0,5.0,0.0,5,OPTIMAL,True,5.0,5.0,0.0,5,OPTIMAL,True,5.0,5.0,0.0,4,OPTIMAL,True,4.0,4.0,0.0,5,OPTIMAL,True,5.0,5.0,0.0,5,OPTIMAL,True,5.0,5.0,0.0,5,5,5,5,2,2,4,2,2,5,5,5.0,20,60,60,14,47,14,47,3,4,3,10
10,3,4,8,0.0,0.0,0.3,0,dense,runner_up,0.136116,5,OPTIMAL,True,5.0,5.0,0.0,5,OPTIMAL,True,5.0,5.0,0.0,5,OPTIMAL,True,5.0,5.0,0.0,5,OPTIMAL,True,5.0,5.0,0.0,5,OPTIMAL,True,5.0,5.0,0.0,5,OPTIMAL,True,5.0,5.0,0.0,4,OPTIMAL,True,4.0,4.0,0.0,2,OPTIMAL,True,2.0,2.0,0.0,4,OPTIMAL,True,4.0,4.0,0.0,5,OPTIMAL,True,5.0,5.0,0.0,5,5,5,5,0,0,2,0,0,4,5,4.333333333333333,20,60,60,9,30,9,30,2,2,2,6
10,3,4,8,0.0,0.2,0.1,0,dense,runner_up,0.139119,5,OPTIMAL,True,5.0,5.0,0.0,5,OPTIMAL,True,5.0,5.0,0.0,5,OPTIMAL,True,5.0,5.0,0.0,5,OPTIMAL,True,5.0,5.0,0.0,5,OPTIMAL,True,5.0,5.0,0.0,5,OPTIMAL,True,5.0,5.0,0.0,3,OPTIMAL,True,3.0,3.0,0.0,3,OPTIMAL,True,3.0,3.0,0.0,3,OPTIMAL,True,3.0,3.0,0.0,4,OPTIMAL,True,4.0,4.0,0.0,5,5,5,5,1,1,3,1,1,3,4,3.6666666666666665,20,60,60,10,36,10,36,1,2,1,4
10,3,4,8,0.0,0.2,0.3,0,dense,runner_up,0.143184,5,OPTIMAL,True,5.0,5.0,0.0,5,OPTIMAL,True,5.0,5.0,0.0,5,OPTIMAL,True,5.0,5.0,0.0,5,OPTIMAL,True,5.0,5.0,0.0,5,OPTIMAL,True,5.0,5.0,0.0,5,OPTIMAL,True,5.0,5.0,0.0,3,OPTIMAL,True,3.0,3.0,0.0,2,OPTIMAL,True,2.0,2.0,0.0,3,OPTIMAL,True,3.0,3.0,0.0,4,OPTIMAL,True,4.0,4.0,0.0,5,5,5,5,0,0,2,0,0,3,4,3.6666666666666665,20,60,60,5,22,5,22,1,2,1,4
10,3,4,8,0.2,0.0,0.1,0,dense,runner_up,0.152518,2,OPTIMAL,True,2.0,2.0,0.0,2,OPTIMAL,True,2.0,2.0,0.0,2,OPTIMAL,True,2.0,2.0,0.0,4,OPTIMAL,True,4.0,4.0,0.0,3,OPTIMAL,True,3.0,3.0,0.0,5,OPTIMAL,True,5.0,5.0,0.0,5,OPTIMAL,True,5.0,5.0,0.0,4,OPTIMAL,True,4.0,4.0,0.0,5,OPTIMAL,True,5.0,5.0,0.0,5,OPTIMAL,True,5.0,5.0,0.0,2,2,2,3,2,2,3,2,2,5,5,5.0,15,45,45,14,46,14,46,3,3,3,9
10,3,4,8,0.2,0.0,0.3,0,dense,runner_up,0.151356,2,OPTIMAL,True,2.0,2.0,0.0,2,OPTIMAL,True,2.0,2.0,0.0,2,OPTIMAL,True,2.0,2.0,0.0,4,OPTIMAL,True,4.0,4.0,0.0,3,OPTIMAL,True,3.0,3.0,0.0,5,OPTIMAL,True,5.0,5.0,0.0,4,OPTIMAL,True,4.0,4.0,0.0,2,OPTIMAL,True,2.0,2.0,0.0,4,OPTIMAL,True,4.0,4.0,0.0,5,OPTIMAL,True,5.0,5.0,0.0,2,2,2,3,0,0,1,0,0,4,5,4.666666666666667,15,45,45,6,25,6,25,2,2,2,6
10,3,4,8,0.2,0.2,0.1,0,dense,runner_up,0.182050,2,OPTIMAL,True,2.0,2.0,0.0,2,OPTIMAL,True,2.0,2.0,0.0,2,OPTIMAL,True,2.0,2.0,0.0,4,OPTIMAL,True,4.0,4.0,0.0,3,OPTIMAL,True,3.0,3.0,0.0,5,OPTIMAL,True,5.0,5.0,0.0,4,OPTIMAL,True,4.0,4.0,0.0,3,OPTIMAL,True,3.0,3.0,0.0,4,OPTIMAL,True,4.0,4.0,0.0,4,OPTIMAL,True,4.0,4.0,0.0,2,2,2,3,2,2,3,2,2,4,4,4.0,15,45,45,11,37,11,37,1,2,1,4
10,3,4,8,0.2,0.2,0.3,0,dense,runner_up,0.152622,2,OPTIMAL,True,2.0,2.0,0.0,2,OPTIMAL,True,2.0,2.0,0.0,2,OPTIMAL,True,2.0,2.0,0.0,4,OPTIMAL,True,4.0,4.0,0.0,3,OPTIMAL,True,3.0,3.0,0.0,5,OPTIMAL,True,5.0,5.0,0.0,4,OPTIMAL,True,4.0,4.0,0.0,1,OPTIMAL,True,1.0,1.0,0.0,4,OPTIMAL,True,4.0,4.0,0.0,4,OPTIMAL,True,4.0,4.0,0.0,2,2,2,3,0,0,1,0,0,4,4,4.0,15,45,45,5,19,5,19,1,1,1,3
10,3,5,4,0.0,0.0,0.1,0,dense,runner_up,0.128157,5,OPTIMAL,True,5.0,5.0,0.0,5,OPTIMAL,True,5.0,5.0,0.0,5,OPTIMAL,True,5.0,5.0,0.0,5,OPTIMAL,True,5.0,5.0,0.0,5,OPTIMAL,True,5.0,5.0,0.0,5,OPTIMAL,True,5.0,5.0,0.0,5,OPTIMAL,True,5.0,5.0,0.0,4,OPTIMAL,True,4.0,4.0,0.0,5,OPTIMAL,True,5.0,5.0,0.0,5,OPTIMAL,True,5.0,5.0,0.0,5,5,5,5,2,2,4,2,2,5,5,5.0,25,75,75,18,60,18,60,3,4,3,10
10,3,5,4,0.0,0.0,0.3,0,dense,runner_up,0.167192,5,OPTIMAL,True,5.0,5.0,0.0,5,OPTIMAL,True,5.0,5.0,0.0,5,OPTIMAL,True,5.0,5.0,0.0,5,OPTIMAL,True,5.0,5.0,0.0,5,OPTIMAL,True,5.0,5.0,0.0,5,OPTIMAL,True,5.0,5.0,0.0,3,OPTIMAL,True,3.0,3.0,0.0,3,OPTIMAL,True,3.0,3.0,0.0,3,OPTIMAL,True,3.0,3.0,0.0,4,OPTIMAL,True,4.0,4.0,0.0,5,5,5,5,0,0,0,0,0,3,4,3.3333333333333335,25,75,75,9,31,9,31,2,2,2,6
10,3,5,4,0.0,0.2,0.1,0,dense,runner_up,0.135002,5,OPTIMAL,True,5.0,5.0,0.0,5,OPTIMAL,True,5.0,5.0,0.0,5,OPTIMAL,True,5.0,5.0,0.0,5,OPTIMAL,True,5.0,5.0,0.0,5,OPTIMAL,True,5.0,5.0,0.0,5,OPTIMAL,True,5.0,5.0,0.0,4,OPTIMAL,True,4.0,4.0,0.0,3,OPTIMAL,True,3.0,3.0,0.0,4,OPTIMAL,True,4.0,4.0,0.0,5,OPTIMAL,True,5.0,5.0,0.0,5,5,5,5,2,2,2,2,2,4,5,4.333333333333333,25,75,75,13,45,13,45,2,2,2,6
10,3,5,4,0.0,0.2,0.3,0,dense,runner_up,0.126755,5,OPTIMAL,True,5.0,5.0,0.0,5,OPTIMAL,True,5.0,5.0,0.0,5,OPTIMAL,True,5.0,5.0,0.0,5,OPTIMAL,True,5.0,5.0,0.0,5,OPTIMAL,True,5.0,5.0,0.0,5,OPTIMAL,True,5.0,5.0,0.0,2,OPTIMAL,True,2.0,2.0,0.0,1,OPTIMAL,True,1.0,1.0,0.0,2,OPTIMAL,True,2.0,2.0,0.0,3,OPTIMAL,True,3.0,3.0,0.0,5,5,5,5,0,0,0,0,0,2,3,2.3333333333333335,25,75,75,4,18,4,18,1,1,1,3
10,3,5,4,0.2,0.0,0.1,0,dense,runner_up,0.170621,1,OPTIMAL,True,1.0,1.0,0.0,1,OPTIMAL,True,1.0,1.0,0.0,1,OPTIMAL,True,1.0,1.0,0.0,4,OPTIMAL,True,4.0,4.0,0.0,2,OPTIMAL,True,2.0,2.0,0.0,5,OPTIMAL,True,5.0,5.0,0.0,5,OPTIMAL,True,5.0,5.0,0.0,4,OPTIMAL,True,4.0,4.0,0.0,5,OPTIMAL,True,5.0,5.0,0.0,5,OPTIMAL,True,5.0,5.0,0.0,1,1,1,2,3,3,4,3,3,5,5,5.0,16,50,50,18,61,18,61,3,4,3,10
10,3,5,4,0.2,0.0,0.3,0,dense,runner_up,0.142181,1,OPTIMAL,True,1.0,1.0,0.0,1,OPTIMAL,True,1.0,1.0,0.0,1,OPTIMAL,True,1.0,1.0,0.0,4,OPTIMAL,True,4.0,4.0,0.0,2,OPTIMAL,True,2.0,2.0,0.0,5,OPTIMAL,True,5.0,5.0,0.0,3,OPTIMAL,True,3.0,3.0,0.0,2,OPTIMAL,True,2.0,2.0,0.0,3,OPTIMAL,True,3.0,3.0,0.0,4,OPTIMAL,True,4.0,4.0,0.0,1,1,1,2,0,0,1,0,0,3,4,3.6666666666666665,16,50,50,8,32,8,32,1,2,1,5
10,3,5,4,0.2,0.2,0.1,0,dense,runner_up,0.145756,1,OPTIMAL,True,1.0,1.0,0.0,1,OPTIMAL,True,1.0,1.0,0.0,1,OPTIMAL,True,1.0,1.0,0.0,4,OPTIMAL,True,4.0,4.0,0.0,2,OPTIMAL,True,2.0,2.0,0.0,5,OPTIMAL,True,5.0,5.0,0.0,4,OPTIMAL,True,4.0,4.0,0.0,3,OPTIMAL,True,3.0,3.0,0.0,4,OPTIMAL,True,4.0,4.0,0.0,5,OPTIMAL,True,5.0,5.0,0.0,1,1,1,2,2,2,2,2,2,4,5,4.666666666666667,16,50,50,13,48,13,48,1,2,1,5
10,3,5,4,0.2,0.2,0.3,0,dense,runner_up,0.185279,1,OPTIMAL,True,1.0,1.0,0.0,1,OPTIMAL,True,1.0,1.0,0.0,1,OPTIMAL,True,1.0,1.0,0.0,4,OPTIMAL,True,4.0,4.0,0.0,2,OPTIMAL,True,2.0,2.0,0.0,5,OPTIMAL,True,5.0,5.0,0.0,2,OPTIMAL,True,2.0,2.0,0.0,2,OPTIMAL,True,2.0,2.0,0.0,2,OPTIMAL,True,2.0,2.0,0.0,3,OPTIMAL,True,3.0,3.0,0.0,1,1,1,2,0,0,1,0,0,2,3,2.6666666666666665,16,50,50,5,22,5,22,1,1,1,3
10,3,5,6,0.0,0.0,0.1,0,dense,runner_up,0.136372,5,OPTIMAL,True,5.0,5.0,0.0,5,OPTIMAL,True,5.0,5.0,0.0,5,OPTIMAL,True,5.0,5.0,0.0,5,OPTIMAL,True,5.0,5.0,0.0,5,OPTIMAL,True,5.0,5.0,0.0,5,OPTIMAL,True,5.0,5.0,0.0,5,OPTIMAL,True,5.0,5.0,0.0,4,OPTIMAL,True,4.0,4.0,0.0,5,OPTIMAL,True,5.0,5.0,0.0,5,OPTIMAL,True,5.0,5.0,0.0,5,5,5,5,2,2,4,2,2,5,5,5.0,25,75,75,18,60,18,60,3,4,3,10
10,3,5,6,0.0,0.0,0.3,0,dense,runner_up,0.143767,5,OPTIMAL,True,5.0,5.0,0.0,5,OPTIMAL,True,5.0,5.0,0.0,5,OPTIMAL,True,5.0,5.0,0.0,5,OPTIMAL,True,5.0,5.0,0.0,5,OPTIMAL,True,5.0,5.0,0.0,5,OPTIMAL,True,5.0,5.0,0.0,3,OPTIMAL,True,3.0,3.0,0.0,3,OPTIMAL,True,3.0,3.0,0.0,3,OPTIMAL,True,3.0,3.0,0.0,4,OPTIMAL,True,4.0,4.0,0.0,5,5,5,5,0,0,0,0,0,3,4,3.3333333333333335,25,75,75,9,31,9,31,2,2,2,6
10,3,5,6,0.0,0.2,0.1,0,dense,runner_up,0.142489,5,OPTIMAL,True,5.0,5.0,0.0,5,OPTIMAL,True,5.0,5.0,0.0,5,OPTIMAL,True,5.0,5.0,0.0,5,OPTIMAL,True,5.0,5.0,0.0,5,OPTIMAL,True,5.0,5.0,0.0,5,OPTIMAL,True,5.0,5.0,0.0,4,OPTIMAL,True,4.0,4.0,0.0,3,OPTIMAL,True,3.0,3.0,0.0,4,OPTIMAL,True,4.0,4.0,0.0,5,OPTIMAL,True,5.0,5.0,0.0,5,5,5,5,2,2,3,2,2,4,5,4.666666666666667,25,75,75,16,51,16,51,1,2,1,5
10,3,5,6,0.0,0.2,0.3,0,dense,runner_up,0.136291,5,OPTIMAL,True,5.0,5.0,0.0,5,OPTIMAL,True,5.0,5.0,0.0,5,OPTIMAL,True,5.0,5.0,0.0,5,OPTIMAL,True,5.0,5.0,0.0,5,OPTIMAL,True,5.0,5.0,0.0,5,OPTIMAL,True,5.0,5.0,0.0,2,OPTIMAL,True,2.0,2.0,0.0,2,OPTIMAL,True,2.0,2.0,0.0,2,OPTIMAL,True,2.0,2.0,0.0,3,OPTIMAL,True,3.0,3.0,0.0,5,5,5,5,0,0,0,0,0,2,3,2.6666666666666665,25,75,75,7,23,7,23,1,1,1,3
10,3,5,6,0.2,0.0,0.1,0,dense,runner_up,0.151111,1,OPTIMAL,True,1.0,1.0,0.0,1,OPTIMAL,True,1.0,1.0,0.0,1,OPTIMAL,True,1.0,1.0,0.0,4,OPTIMAL,True,4.0,4.0,0.0,2,OPTIMAL,True,2.0,2.0,0.0,5,OPTIMAL,True,5.0,5.0,0.0,5,OPTIMAL,True,5.0,5.0,0.0,4,OPTIMAL,True,4.0,4.0,0.0,5,OPTIMAL,True,5.0,5.0,0.0,5,OPTIMAL,True,5.0,5.0,0.0,1,1,1,2,3,3,4,3,3,5,5,5.0,17,52,52,18,61,18,61,3,4,3,10
10,3,5,6,0.2,0.0,0.3,0,dense,runner_up,0.153091,1,OPTIMAL,True,1.0,1.0,0.0,1,OPTIMAL,True,1.0,1.0,0.0,1,OPTIMAL,True,1.0,1.0,0.0,4,OPTIMAL,True,4.0,4.0,0.0,2,OPTIMAL,True,2.0,2.0,0.0,5,OPTIMAL,True,5.0,5.0,0.0,3,OPTIMAL,True,3.0,3.0,0.0,2,OPTIMAL,True,2.0,2.0,0.0,3,OPTIMAL,True,3.0,3.0,0.0,4,OPTIMAL,True,4.0,4.0,0.0,1,1,1,2,0,0,1,0,0,3,4,3.6666666666666665,17,52,52,8,32,8,32,1,2,1,5
10,3,5,6,0.2,0.2,0.1,0,dense,runner_up,0.156288,1,OPTIMAL,True,1.0,1.0,0.0,1,OPTIMAL,True,1.0,1.0,0.0,1,OPTIMAL,True,1.0,1.0,0.0,4,OPTIMAL,True,4.0,4.0,0.0,2,OPTIMAL,True,2.0,2.0,0.0,5,OPTIMAL,True,5.0,5.0,0.0,4,OPTIMAL,True,4.0,4.0,0.0,3,OPTIMAL,True,3.0,3.0,0.0,4,OPTIMAL,True,4.0,4.0,0.0,5,OPTIMAL,True,5.0,5.0,0.0,1,1,1,2,2,2,2,2,2,4,5,4.666666666666667,17,52,52,14,49,14,49,2,2,2,6
10,3,5,6,0.2,0.2,0.3,0,dense,runner_up,0.151330,1,OPTIMAL,True,1.0,1.0,0.0,1,OPTIMAL,True,1.0,1.0,0.0,1,OPTIMAL,True,1.0,1.0,0.0,4,OPTIMAL,True,4.0,4.0,0.0,2,OPTIMAL,True,2.0,2.0,0.0,5,OPTIMAL,True,5.0,5.0,0.0,2,OPTIMAL,True,2.0,2.0,0.0,2,OPTIMAL,True,2.0,2.0,0.0,2,OPTIMAL,True,2.0,2.0,0.0,3,OPTIMAL,True,3.0,3.0,0.0,1,1,1,2,0,0,1,0,0,2,3,2.6666666666666665,17,52,52,5,22,5,22,1,1,1,3
10,3,5,8,0.0,0.0,0.1,0,dense,runner_up,0.153182,5,OPTIMAL,True,5.0,5.0,0.0,5,OPTIMAL,True,5.0,5.0,0.0,5,OPTIMAL,True,5.0,5.0,0.0,5,OPTIMAL,True,5.0,5.0,0.0,5,OPTIMAL,True,5.0,5.0,0.0,5,OPTIMAL,True,5.0,5.0,0.0,5,OPTIMAL,True,5.0,5.0,0.0,4,OPTIMAL,True,4.0,4.0,0.0,5,OPTIMAL,True,5.0,5.0,0.0,5,OPTIMAL,True,5.0,5.0,0.0,5,5,5,5,2,2,4,2,2,5,5,5.0,25,75,75,18,60,18,60,3,4,3,10
10,3,5,8,0.0,0.0,0.3,0,dense,runner_up,0.145963,5,OPTIMAL,True,5.0,5.0,0.0,5,OPTIMAL,True,5.0,5.0,0.0,5,OPTIMAL,True,5.0,5.0,0.0,5,OPTIMAL,True,5.0,5.0,0.0,5,OPTIMAL,True,5.0,5.0,0.0,5,OPTIMAL,True,5.0,5.0,0.0,3,OPTIMAL,True,3.0,3.0,0.0,3,OPTIMAL,True,3.0,3.0,0.0,3,OPTIMAL,True,3.0,3.0,0.0,4,OPTIMAL,True,4.0,4.0,0.0,5,5,5,5,0,0,0,0,0,3,4,3.3333333333333335,25,75,75,9,31,9,31,2,2,2,6
10,3,5,8,0.0,0.2,0.1,0,dense,runner_up,0.148381,5,OPTIMAL,True,5.0,5.0,0.0,5,OPTIMAL,True,5.0,5.0,0.0,5,OPTIMAL,True,5.0,5.0,0.0,5,OPTIMAL,True,5.0,5.0,0.0,5,OPTIMAL,True,5.0,5.0,0.0,5,OPTIMAL,True,5.0,5.0,0.0,4,OPTIMAL,True,4.0,4.0,0.0,4,OPTIMAL,True,4.0,4.0,0.0,4,OPTIMAL,True,4.0,4.0,0.0,5,OPTIMAL,True,5.0,5.0,0.0,5,5,5,5,2,2,3,2,2,4,5,4.666666666666667,25,75,75,16,52,16,52,2,2,2,6
10,3,5,8,0.0,0.2,0.3,0,dense,runner_up,0.148537,5,OPTIMAL,True,5.0,5.0,0.0,5,OPTIMAL,True,5.0,5.0,0.0,5,OPTIMAL,True,5.0,5.0,0.0,5,OPTIMAL,True,5.0,5.0,0.0,5,OPTIMAL,True,5.0,5.0,0.0,5,OPTIMAL,True,5.0,5.0,0.0,3,OPTIMAL,True,3.0,3.0,0.0,2,OPTIMAL,True,2.0,2.0,0.0,3,OPTIMAL,True,3.0,3.0,0.0,3,OPTIMAL,True,3.0,3.0,0.0,5,5,5,5,0,0,0,0,0,3,3,3.0,25,75,75,7,25,7,25,1,1,1,3
10,3,5,8,0.2,0.0,0.1,0,dense,runner_up,0.156779,1,OPTIMAL,True,1.0,1.0,0.0,1,OPTIMAL,True,1.0,1.0,0.0,1,OPTIMAL,True,1.0,1.0,0.0,4,OPTIMAL,True,4.0,4.0,0.0,2,OPTIMAL,True,2.0,2.0,0.0,5,OPTIMAL,True,5.0,5.0,0.0,5,OPTIMAL,True,5.0,5.0,0.0,4,OPTIMAL,True,4.0,4.0,0.0,5,OPTIMAL,True,5.0,5.0,0.0,5,OPTIMAL,True,5.0,5.0,0.0,1,1,1,2,3,3,4,3,3,5,5,5.0,16,51,51,18,61,18,61,3,4,3,10
10,3,5,8,0.2,0.0,0.3,0,dense,runner_up,0.158216,1,OPTIMAL,True,1.0,1.0,0.0,1,OPTIMAL,True,1.0,1.0,0.0,1,OPTIMAL,True,1.0,1.0,0.0,4,OPTIMAL,True,4.0,4.0,0.0,2,OPTIMAL,True,2.0,2.0,0.0,5,OPTIMAL,True,5.0,5.0,0.0,3,OPTIMAL,True,3.0,3.0,0.0,2,OPTIMAL,True,2.0,2.0,0.0,3,OPTIMAL,True,3.0,3.0,0.0,4,OPTIMAL,True,4.0,4.0,0.0,1,1,1,2,0,0,1,0,0,3,4,3.6666666666666665,16,51,51,8,32,8,32,1,2,1,5
10,3,5,8,0.2,0.2,0.1,0,dense,runner_up,0.161350,1,OPTIMAL,True,1.0,1.0,0.0,1,OPTIMAL,True,1.0,1.0,0.0,1,OPTIMAL,True,1.0,1.0,0.0,4,OPTIMAL,True,4.0,4.0,0.0,2,OPTIMAL,True,2.0,2.0,0.0,5,OPTIMAL,True,5.0,5.0,0.0,4,OPTIMAL,True,4.0,4.0,0.0,4,OPTIMAL,True,4.0,4.0,0.0,4,OPTIMAL,True,4.0,4.0,0.0,5,OPTIMAL,True,5.0,5.0,0.0,1,1,1,2,2,2,3,2,2,4,5,4.666666666666667,16,51,51,14,51,14,51,1,2,1,5
10,3,5,8,0.2,0.2,0.3,0,dense,runner_up,0.158977,1,OPTIMAL,True,1.0,1.0,0.0,1,OPTIMAL,True,1.0,1.0,0.0,1,OPTIMAL,True,1.0,1.0,0.0,4,OPTIMAL,True,4.0,4.0,0.0,2,OPTIMAL,True,2.0,2.0,0.0,5,OPTIMAL,True,5.0,5.0,0.0,2,OPTIMAL,True,2.0,2.0,0.0,2,OPTIMAL,True,2.0,2.0,0.0,2,OPTIMAL,True,2.0,2.0,0.0,3,OPTIMAL,True,3.0,3.0,0.0,1,1,1,2,0,0,1,0,0,2,3,2.6666666666666665,16,51,51,5,24,5,24,1,1,1,3
10,4,2,4,0.0,0.0,0.1,0,dense,runner_up,0.141578,5,OPTIMAL,True,5.0,5.0,0.0,5,OPTIMAL,True,5.0,5.0,0.0,5,OPTIMAL,True,5.0,5.0,0.0,5,OPTIMAL,True,5.0,5.0,0.0,5,OPTIMAL,True,5.0,5.0,0.0,5,OPTIMAL,True,5.0,5.0,0.0,3,OPTIMAL,True,3.0,3.0,0.0,4,OPTIMAL,True,4.0,4.0,0.0,3,OPTIMAL,True,3.0,3.0,0.0,5,OPTIMAL,True,5.0,5.0,0.0,5,5,5,5,2,2,4,2,2,3,5,4.0,10,40,40,5,28,5,28,3,4,3,15
10,4,2,4,0.0,0.0,0.3,0,dense,runner_up,0.111837,5,OPTIMAL,True,5.0,5.0,0.0,5,OPTIMAL,True,5.0,5.0,0.0,5,OPTIMAL,True,5.0,5.0,0.0,5,OPTIMAL,True,5.0,5.0,0.0,5,OPTIMAL,True,5.0,5.0,0.0,5,OPTIMAL,True,5.0,5.0,0.0,2,OPTIMAL,True,2.0,2.0,0.0,2,OPTIMAL,True,2.0,2.0,0.0,2,OPTIMAL,True,2.0,2.0,0.0,5,OPTIMAL,True,5.0,5.0,0.0,5,5,5,5,1,1,2,1,1,2,5,3.5,10,40,40,3,19,3,19,2,4,2,12
10,4,2,4,0.0,0.2,0.1,0,dense,runner_up,0.115507,5,OPTIMAL,True,5.0,5.0,0.0,5,OPTIMAL,True,5.0,5.0,0.0,5,OPTIMAL,True,5.0,5.0,0.0,5,OPTIMAL,True,5.0,5.0,0.0,5,OPTIMAL,True,5.0,5.0,0.0,5,OPTIMAL,True,5.0,5.0,0.0,2,OPTIMAL,True,2.0,2.0,0.0,4,OPTIMAL,True,4.0,4.0,0.0,2,OPTIMAL,True,2.0,2.0,0.0,4,OPTIMAL,True,4.0,4.0,0.0,5,5,5,5,2,2,4,2,2,2,4,2.75,10,40,40,4,21,4,21,1,4,1,10
10,4,2,4,0.0,0.2,0.3,0,dense,runner_up,0.111723,5,OPTIMAL,True,5.0,5.0,0.0,5,OPTIMAL,True,5.0,5.0,0.0,5,OPTIMAL,True,5.0,5.0,0.0,5,OPTIMAL,True,5.0,5.0,0.0,5,OPTIMAL,True,5.0,5.0,0.0,5,OPTIMAL,True,5.0,5.0,0.0,1,OPTIMAL,True,1.0,1.0,0.0,2,OPTIMAL,True,2.0,2.0,0.0,1,OPTIMAL,True,1.0,1.0,0.0,4,OPTIMAL,True,4.0,4.0,0.0,5,5,5,5,0,0,2,0,0,1,4,2.25,10,40,40,1,12,1,12,0,3,0,7
10,4,2,4,0.2,0.0,0.1,0,dense,runner_up,0.125770,3,OPTIMAL,True,3.0,3.0,0.0,3,OPTIMAL,True,3.0,3.0,0.0,3,OPTIMAL,True,3.0,3.0,0.0,4,OPTIMAL,True,4.0,4.0,0.0,4,OPTIMAL,True,4.0,4.0,0.0,5,OPTIMAL,True,5.0,5.0,0.0,3,OPTIMAL,True,3.0,3.0,0.0,5,OPTIMAL,True,5.0,5.0,0.0,3,OPTIMAL,True,3.0,3.0,0.0,5,OPTIMAL,True,5.0,5.0,0.0,3,3,3,4,3,3,3,3,3,3,5,4.25,7,31,31,6,29,6,29,3,4,3,15
10,4,2,4,0.2,0.0,0.3,0,dense,runner_up,0.131750,3,OPTIMAL,True,3.0,3.0,0.0,3,OPTIMAL,True,3.0,3.0,0.0,3,OPTIMAL,True,3.0,3.0,0.0,4,OPTIMAL,True,4.0,4.0,0.0,4,OPTIMAL,True,4.0,4.0,0.0,5,OPTIMAL,True,5.0,5.0,0.0,2,OPTIMAL,True,2.0,2.0,0.0,5,OPTIMAL,True,5.0,5.0,0.0,2,OPTIMAL,True,2.0,2.0,0.0,5,OPTIMAL,True,5.0,5.0,0.0,3,3,3,4,1,1,3,1,1,2,5,3.5,7,31,31,4,22,4,22,3,4,3,14
10,4,2,4,0.2,0.2,0.1,0,dense,runner_up,0.134173,3,OPTIMAL,True,3.0,3.0,0.0,3,OPTIMAL,True,3.0,3.0,0.0,3,OPTIMAL,True,3.0,3.0,0.0,4,OPTIMAL,True,4.0,4.0,0.0,4,OPTIMAL,True,4.0,4.0,0.0,5,OPTIMAL,True,5.0,5.0,0.0,3,OPTIMAL,True,3.0,3.0,0.0,3,OPTIMAL,True,3.0,3.0,0.0,3,OPTIMAL,True,3.0,3.0,0.0,5,OPTIMAL,True,5.0,5.0,0.0,3,3,3,4,1,1,3,1,1,3,5,3.75,7,31,31,5,24,5,24,2,3,2,11
10,4,2,4,0.2,0.2,0.3,0,dense,runner_up,0.127930,3,OPTIMAL,True,3.0,3.0,0.0,3,OPTIMAL,True,3.0,3.0,0.0,3,OPTIMAL,True,3.0,3.0,0.0,4,OPTIMAL,True,4.0,4.0,0.0,4,OPTIMAL,True,4.0,4.0,0.0,5,OPTIMAL,True,5.0,5.0,0.0,2,OPTIMAL,True,2.0,2.0,0.0,3,OPTIMAL,True,3.0,3.0,0.0,2,OPTIMAL,True,2.0,2.0,0.0,5,OPTIMAL,True,5.0,5.0,0.0,3,3,3,4,0,0,2,0,0,2,5,3.0,7,31,31,3,17,3,17,2,3,2,10
10,4,2,6,0.0,0.0,0.1,0,dense,runner_up,0.119367,5,OPTIMAL,True,5.0,5.0,0.0,5,OPTIMAL,True,5.0,5.0,0.0,5,OPTIMAL,True,5.0,5.0,0.0,5,OPTIMAL,True,5.0,5.0,0.0,5,OPTIMAL,True,5.0,5.0,0.0,5,OPTIMAL,True,5.0,5.0,0.0,3,OPTIMAL,True,3.0,3.0,0.0,4,OPTIMAL,True,4.0,4.0,0.0,3,OPTIMAL,True,3.0,3.0,0.0,5,OPTIMAL,True,5.0,5.0,0.0,5,5,5,5,2,2,4,2,2,3,5,4.0,10,40,40,5,28,5,28,3,4,3,15
10,4,2,6,0.0,0.0,0.3,0,dense,runner_up,0.126192,5,OPTIMAL,True,5.0,5.0,0.0,5,OPTIMAL,True,5.0,5.0,0.0,5,OPTIMAL,True,5.0,5.0,0.0,5,OPTIMAL,True,5.0,5.0,0.0,5,OPTIMAL,True,5.0,5.0,0.0,5,OPTIMAL,True,5.0,5.0,0.0,2,OPTIMAL,True,2.0,2.0,0.0,2,OPTIMAL,True,2.0,2.0,0.0,2,OPTIMAL,True,2.0,2.0,0.0,5,OPTIMAL,True,5.0,5.0,0.0,5,5,5,5,1,1,2,1,1,2,5,3.5,10,40,40,3,19,3,19,2,4,2,12
10,4,2,6,0.0,0.2,0.1,0,dense,runner_up,0.122364,5,OPTIMAL,True,5.0,5.0,0.0,5,OPTIMAL,True,5.0,5.0,0.0,5,OPTIMAL,True,5.0,5.0,0.0,5,OPTIMAL,True,5.0,5.0,0.0,5,OPTIMAL,True,5.0,5.0,0.0,5,OPTIMAL,True,5.0,5.0,0.0,3,OPTIMAL,True,3.0,3.0,0.0,4,OPTIMAL,True,4.0,4.0,0.0,3,OPTIMAL,True,3.0,3.0,0.0,4,OPTIMAL,True,4.0,4.0,0.0,5,5,5,5,2,2,4,2,2,3,4,3.25,10,40,40,5,23,5,23,2,4,2,11
10,4,2,6,0.0,0.2,0.3,0,dense,runner_up,0.116207,5,OPTIMAL,True,5.0,5.0,0.0,5,OPTIMAL,True,5.0,5.0,0.0,5,OPTIMAL,True,5.0,5.0,0.0,5,OPTIMAL,True,5.0,5.0,0.0,5,OPTIMAL,True,5.0,5.0,0.0,5,OPTIMAL,True,5.0,5.0,0.0,2,OPTIMAL,True,2.0,2.0,0.0,2,OPTIMAL,True,2.0,2.0,0.0,2,OPTIMAL,True,2.0,2.0,0.0,4,OPTIMAL,True,4.0,4.0,0.0,5,5,5,5,0,0,2,0,0,2,4,2.75,10,40,40,2,14,2,14,1,3,1,8
10,4,2,6,0.2,0.0,0.1,0,dense,runner_up,0.136046,3,OPTIMAL,True,3.0,3.0,0.0,3,OPTIMAL,True,3.0,3.0,0.0,3,OPTIMAL,True,3.0,3.0,0.0,4,OPTIMAL,True,4.0,4.0,0.0,4,OPTIMAL,True,4.0,4.0,0.0,5,OPTIMAL,True,5.0,5.0,0.0,3,OPTIMAL,True,3.0,3.0,0.0,5,OPTIMAL,True,5.0,5.0,0.0,3,OPTIMAL,True,3.0,3.0,0.0,5,OPTIMAL,True,5.0,5.0,0.0,3,3,3,4,3,3,3,3,3,3,5,4.25,7,31,31,6,29,6,29,3,4,3,15
10,4,2,6,0.2,0.0,0.3,0,dense,runner_up,0.130203,3,OPTIMAL,True,3.0,3.0,0.0,3,OPTIMAL,True,3.0,3.0,0.0,3,OPTIMAL,True,3.0,3.0,0.0,4,OPTIMAL,True,4.0,4.0,0.0,4,OPTIMAL,True,4.0,4.0,0.0,5,OPTIMAL,True,5.0,5.0,0.0,2,OPTIMAL,True,2.0,2.0,0.0,5,OPTIMAL,True,5.0,5.0,0.0,2,OPTIMAL,True,2.0,2.0,0.0,5,OPTIMAL,True,5.0,5.0,0.0,3,3,3,4,1,1,3,1,1,2,5,3.5,7,31,31,4,22,4,22,3,4,3,14
10,4,2,6,0.2,0.2,0.1,0,dense,runner_up,0.133746,3,OPTIMAL,True,3.0,3.0,0.0,3,OPTIMAL,True,3.0,3.0,0.0,3,OPTIMAL,True,3.0,3.0,0.0,4,OPTIMAL,True,4.0,4.0,0.0,4,OPTIMAL,True,4.0,4.0,0.0,5,OPTIMAL,True,5.0,5.0,0.0,3,OPTIMAL,True,3.0,3.0,0.0,3,OPTIMAL,True,3.0,3.0,0.0,3,OPTIMAL,True,3.0,3.0,0.0,5,OPTIMAL,True,5.0,5.0,0.0,3,3,3,4,1,1,3,1,1,3,5,3.75,7,31,31,5,24,5,24,2,3,2,11
10,4,2,6,0.2,0.2,0.3,0,dense,runner_up,0.129560,3,OPTIMAL,True,3.0,3.0,0.0,3,OPTIMAL,True,3.0,3.0,0.0,3,OPTIMAL,True,3.0,3.0,0.0,4,OPTIMAL,True,4.0,4.0,0.0,4,OPTIMAL,True,4.0,4.0,0.0,5,OPTIMAL,True,5.0,5.0,0.0,2,OPTIMAL,True,2.0,2.0,0.0,3,OPTIMAL,True,3.0,3.0,0.0,2,OPTIMAL,True,2.0,2.0,0.0,5,OPTIMAL,True,5.0,5.0,0.0,3,3,3,4,0,0,2,0,0,2,5,3.0,7,31,31,3,17,3,17,1,3,1,9
10,4,2,8,0.0,0.0,0.1,0,dense,runner_up,0.122420,5,OPTIMAL,True,5.0,5.0,0.0,5,OPTIMAL,True,5.0,5.0,0.0,5,OPTIMAL,True,5.0,5.0,0.0,5,OPTIMAL,True,5.0,5.0,0.0,5,OPTIMAL,True,5.0,5.0,0.0,5,OPTIMAL,True,5.0,5.0,0.0,3,OPTIMAL,True,3.0,3.0,0.0,4,OPTIMAL,True,4.0,4.0,0.0,3,OPTIMAL,True,3.0,3.0,0.0,5,OPTIMAL,True,5.0,5.0,0.0,5,5,5,5,2,2,4,2,2,3,5,4.0,10,40,40,5,28,5,28,3,4,3,15
10,4,2,8,0.0,0.0,0.3,0,dense,runner_up,0.120562,5,OPTIMAL,True,5.0,5.0,0.0,5,OPTIMAL,True,5.0,5.0,0.0,5,OPTIMAL,True,5.0,5.0,0.0,5,OPTIMAL,True,5.0,5.0,0.0,5,OPTIMAL,True,5.0,5.0,0.0,5,OPTIMAL,True,5.0,5.0,0.0,2,OPTIMAL,True,2.0,2.0,0.0,2,OPTIMAL,True,2.0,2.0,0.0,2,OPTIMAL,True,2.0,2.0,0.0,5,OPTIMAL,True,5.0,5.0,0.0,5,5,5,5,1,1,2,1,1,2,5,3.5,10,40,40,3,19,3,19,2,4,2,12
10,4,2,8,0.0,0.2,0.1,0,dense,runner_up,0.123544,5,OPTIMAL,True,5.0,5.0,0.0,5,OPTIMAL,True,5.0,5.0,0.0,5,OPTIMAL,True,5.0,5.0,0.0,5,OPTIMAL,True,5.0,5.0,0.0,5,OPTIMAL,True,5.0,5.0,0.0,5,OPTIMAL,True,5.0,5.0,0.0,2,OPTIMAL,True,2.0,2.0,0.0,4,OPTIMAL,True,4.0,4.0,0.0,2,OPTIMAL,True,2.0,2.0,0.0,4,OPTIMAL,True,4.0,4.0,0.0,5,5,5,5,2,2,4,2,2,2,4,3.25,10,40,40,4,23,4,23,1,4,1,10
10,4,2,8,0.0,0.2,0.3,0,dense,runner_up,0.120945,5,OPTIMAL,True,5.0,5.0,0.0,5,OPTIMAL,True,5.0,5.0,0.0,5,OPTIMAL,True,5.0,5.0,0.0,5,OPTIMAL,True,5.0,5.0,0.0,5,OPTIMAL,True,5.0,5.0,0.0,5,OPTIMAL,True,5.0,5.0,0.0,1,OPTIMAL,True,1.0,1.0,0.0,2,OPTIMAL,True,2.0,2.0,0.0,1,OPTIMAL,True,1.0,1.0,0.0,4,OPTIMAL,True,4.0,4.0,0.0,5,5,5,5,0,0,2,0,0,1,4,2.75,10,40,40,1,14,1,14,0,3,0,8
10,4,2,8,0.2,0.0,0.1,0,dense,runner_up,0.135504,3,OPTIMAL,True,3.0,3.0,0.0,3,OPTIMAL,True,3.0,3.0,0.0,3,OPTIMAL,True,3.0,3.0,0.0,4,OPTIMAL,True,4.0,4.0,0.0,4,OPTIMAL,True,4.0,4.0,0.0,5,OPTIMAL,True,5.0,5.0,0.0,3,OPTIMAL,True,3.0,3.0,0.0,5,OPTIMAL,True,5.0,5.0,0.0,3,OPTIMAL,True,3.0,3.0,0.0,5,OPTIMAL,True,5.0,5.0,0.0,3,3,3,4,3,3,3,3,3,3,5,4.25,7,32,32,6,29,6,29,3,4,3,15
10,4,2,8,0.2,0.0,0.3,0,dense,runner_up,0.138576,3,OPTIMAL,True,3.0,3.0,0.0,3,OPTIMAL,True,3.0,3.0,0.0,3,OPTIMAL,True,3.0,3.0,0.0,4,OPTIMAL,True,4.0,4.0,0.0,4,OPTIMAL,True,4.0,4.0,0.0,5,OPTIMAL,True,5.0,5.0,0.0,2,OPTIMAL,True,2.0,2.0,0.0,5,OPTIMAL,True,5.0,5.0,0.0,2,OPTIMAL,True,2.0,2.0,0.0,5,OPTIMAL,True,5.0,5.0,0.0,3,3,3,4,1,1,3,1,1,2,5,3.5,7,32,32,4,22,4,22,3,4,3,14
10,4,2,8,0.2,0.2,0.1,0,dense,runner_up,0.146000,3,OPTIMAL,True,3.0,3.0,0.0,3,OPTIMAL,True,3.0,3.0,0.0,3,OPTIMAL,True,3.0,3.0,0.0,4,OPTIMAL,True,4.0,4.0,0.0,4,OPTIMAL,True,4.0,4.0,0.0,5,OPTIMAL,True,5.0,5.0,0.0,3,OPTIMAL,True,3.0,3.0,0.0,4,OPTIMAL,True,4.0,4.0,0.0,3,OPTIMAL,True,3.0,3.0,0.0,5,OPTIMAL,True,5.0,5.0,0.0,3,3,3,4,2,2,3,2,2,3,5,4.0,7,32,32,6,26,6,26,2,3,2,10
10,4,2,8,0.2,0.2,0.3,0,dense,runner_up,0.135677,3,OPTIMAL,True,3.0,3.0,0.0,3,OPTIMAL,True,3.0,3.0,0.0,3,OPTIMAL,True,3.0,3.0,0.0,4,OPTIMAL,True,4.0,4.0,0.0,4,OPTIMAL,True,4.0,4.0,0.0,5,OPTIMAL,True,5.0,5.0,0.0,2,OPTIMAL,True,2.0,2.0,0.0,4,OPTIMAL,True,4.0,4.0,0.0,2,OPTIMAL,True,2.0,2.0,0.0,5,OPTIMAL,True,5.0,5.0,0.0,3,3,3,4,0,0,2,0,0,2,5,3.25,7,32,32,4,19,4,19,2,3,2,9
10,4,3,4,0.0,0.0,0.1,0,dense,runner_up,0.124000,5,OPTIMAL,True,5.0,5.0,0.0,5,OPTIMAL,True,5.0,5.0,0.0,5,OPTIMAL,True,5.0,5.0,0.0,5,OPTIMAL,True,5.0,5.0,0.0,5,OPTIMAL,True,5.0,5.0,0.0,5,OPTIMAL,True,5.0,5.0,0.0,4,OPTIMAL,True,4.0,4.0,0.0,5,OPTIMAL,True,5.0,5.0,0.0,4,OPTIMAL,True,4.0,4.0,0.0,5,OPTIMAL,True,5.0,5.0,0.0,5,5,5,5,2,2,4,2,2,4,5,4.75,15,60,60,10,47,10,47,3,4,3,15
10,4,3,4,0.0,0.0,0.3,0,dense,runner_up,0.127693,5,OPTIMAL,True,5.0,5.0,0.0,5,OPTIMAL,True,5.0,5.0,0.0,5,OPTIMAL,True,5.0,5.0,0.0,5,OPTIMAL,True,5.0,5.0,0.0,5,OPTIMAL,True,5.0,5.0,0.0,5,OPTIMAL,True,5.0,5.0,0.0,3,OPTIMAL,True,3.0,3.0,0.0,3,OPTIMAL,True,3.0,3.0,0.0,3,OPTIMAL,True,3.0,3.0,0.0,5,OPTIMAL,True,5.0,5.0,0.0,5,5,5,5,0,0,3,0,0,3,5,4.0,15,60,60,5,30,5,30,2,3,2,11
10,4,3,4,0.0,0.2,0.1,0,dense,runner_up,0.127070,5,OPTIMAL,True,5.0,5.0,0.0,5,OPTIMAL,True,5.0,5.0,0.0,5,OPTIMAL,True,5.0,5.0,0.0,5,OPTIMAL,True,5.0,5.0,0.0,5,OPTIMAL,True,5.0,5.0,0.0,5,OPTIMAL,True,5.0,5.0,0.0,3,OPTIMAL,True,3.0,3.0,0.0,4,OPTIMAL,True,4.0,4.0,0.0,3,OPTIMAL,True,3.0,3.0,0.0,4,OPTIMAL,True,4.0,4.0,0.0,5,5,5,5,1,1,3,1,1,3,4,3.75,15,60,60,7,35,7,35,2,3,2,9
10,4,3,4,0.0,0.2,0.3,0,dense,runner_up,0.121226,5,OPTIMAL,True,5.0,5.0,0.0,5,OPTIMAL,True,5.0,5.0,0.0,5,OPTIMAL,True,5.0,5.0,0.0,5,OPTIMAL,True,5.0,5.0,0.0,5,OPTIMAL,True,5.0,5.0,0.0,5,OPTIMAL,True,5.0,5.0,0.0,2,OPTIMAL,True,2.0,2.0,0.0,2,OPTIMAL,True,2.0,2.0,0.0,2,OPTIMAL,True,2.0,2.0,0.0,4,OPTIMAL,True,4.0,4.0,0.0,5,5,5,5,0,0,1,0,0,2,4,3.25,15,60,60,4,21,4,21,1,2,1,7
10,4,3,4,0.2,0.0,0.1,0,dense,runner_up,0.150473,2,OPTIMAL,True,2.0,2.0,0.0,2,OPTIMAL,True,2.0,2.0,0.0,2,OPTIMAL,True,2.0,2.0,0.0,4,OPTIMAL,True,4.0,4.0,0.0,3,OPTIMAL,True,3.0,3.0,0.0,5,OPTIMAL,True,5.0,5.0,0.0,4,OPTIMAL,True,4.0,4.0,0.0,5,OPTIMAL,True,5.0,5.0,0.0,4,OPTIMAL,True,4.0,4.0,0.0,5,OPTIMAL,True,5.0,5.0,0.0,2,2,2,3,2,2,4,2,2,4,5,4.75,11,44,44,10,46,10,46,3,4,3,15
10,4,3,4,0.2,0.0,0.3,0,dense,runner_up,0.142372,2,OPTIMAL,True,2.0,2.0,0.0,2,OPTIMAL,True,2.0,2.0,0.0,2,OPTIMAL,True,2.0,2.0,0.0,4,OPTIMAL,True,4.0,4.0,0.0,3,OPTIMAL,True,3.0,3.0,0.0,5,OPTIMAL,True,5.0,5.0,0.0,3,OPTIMAL,True,3.0,3.0,0.0,3,OPTIMAL,True,3.0,3.0,0.0,3,OPTIMAL,True,3.0,3.0,0.0,5,OPTIMAL,True,5.0,5.0,0.0,2,2,2,3,0,0,2,0,0,3,5,4.25,11,44,44,3,25,3,25,2,3,2,11
10,4,3,4,0.2,0.2,0.1,0,dense,runner_up,0.149672,2,OPTIMAL,True,2.0,2.0,0.0,2,OPTIMAL,True,2.0,2.0,0.0,2,OPTIMAL,True,2.0,2.0,0.0,4,OPTIMAL,True,4.0,4.0,0.0,3,OPTIMAL,True,3.0,3.0,0.0,5,OPTIMAL,True,5.0,5.0,0.0,4,OPTIMAL,True,4.0,4.0,0.0,4,OPTIMAL,True,4.0,4.0,0.0,4,OPTIMAL,True,4.0,4.0,0.0,4,OPTIMAL,True,4.0,4.0,0.0,2,2,2,3,2,2,3,2,2,4,4,4.0,11,44,44,8,37,8,37,2,3,2,9
10,4,3,4,0.2,0.2,0.3,0,dense,runner_up,0.140457,2,OPTIMAL,True,2.0,2.0,0.0,2,OPTIMAL,True,2.0,2.0,0.0,2,OPTIMAL,True,2.0,2.0,0.0,4,OPTIMAL,True,4.0,4.0,0.0,3,OPTIMAL,True,3.0,3.0,0.0,5,OPTIMAL,True,5.0,5.0,0.0,2,OPTIMAL,True,2.0,2.0,0.0,2,OPTIMAL,True,2.0,2.0,0.0,2,OPTIMAL,True,2.0,2.0,0.0,4,OPTIMAL,True,4.0,4.0,0.0,2,2,2,3,0,0,1,0,0,2,4,3.5,11,44,44,2,19,2,19,2,2,2,8
10,4,3,6,0.0,0.0,0.1,0,dense,runner_up,0.130315,5,OPTIMAL,True,5.0,5.0,0.0,5,OPTIMAL,True,5.0,5.0,0.0,5,OPTIMAL,True,5.0,5.0,0.0,5,OPTIMAL,True,5.0,5.0,0.0,5,OPTIMAL,True,5.0,5.0,0.0,5,OPTIMAL,True,5.0,5.0,0.0,4,OPTIMAL,True,4.0,4.0,0.0,5,OPTIMAL,True,5.0,5.0,0.0,4,OPTIMAL,True,4.0,4.0,0.0,5,OPTIMAL,True,5.0,5.0,0.0,5,5,5,5,2,2,4,2,2,4,5,4.75,15,60,60,10,47,10,47,3,4,3,15
10,4,3,6,0.0,0.0,0.3,0,dense,runner_up,0.128874,5,OPTIMAL,True,5.0,5.0,0.0,5,OPTIMAL,True,5.0,5.0,0.0,5,OPTIMAL,True,5.0,5.0,0.0,5,OPTIMAL,True,5.0,5.0,0.0,5,OPTIMAL,True,5.0,5.0,0.0,5,OPTIMAL,True,5.0,5.0,0.0,3,OPTIMAL,True,3.0,3.0,0.0,3,OPTIMAL,True,3.0,3.0,0.0,3,OPTIMAL,True,3.0,3.0,0.0,5,OPTIMAL,True,5.0,5.0,0.0,5,5,5,5,0,0,3,0,0,3,5,4.0,15,60,60,5,30,5,30,2,3,2,11
10,4,3,6,0.0,0.2,0.1,0,dense,runner_up,0.137247,5,OPTIMAL,True,5.0,5.0,0.0,5,OPTIMAL,True,5.0,5.0,0.0,5,OPTIMAL,True,5.0,5.0,0.0,5,OPTIMAL,True,5.0,5.0,0.0,5,OPTIMAL,True,5.0,5.0,0.0,5,OPTIMAL,True,5.0,5.0,0.0,3,OPTIMAL,True,3.0,3.0,0.0,4,OPTIMAL,True,4.0,4.0,0.0,3,OPTIMAL,True,3.0,3.0,0.0,4,OPTIMAL,True,4.0,4.0,0.0,5,5,5,5,1,1,3,1,1,3,4,3.75,15,60,60,8,36,8,36,2,3,2,9
10,4,3,6,0.0,0.2,0.3,0,dense,runner_up,0.142164,5,OPTIMAL,True,5.0,5.0,0.0,5,OPTIMAL,True,5.0,5.0,0.0,5,OPTIMAL,True,5.0,5.0,0.0,5,OPTIMAL,True,5.0,5.0,0.0,5,OPTIMAL,True,5.0,5.0,0.0,5,OPTIMAL,True,5.0,5.0,0.0,2,OPTIMAL,True,2.0,2.0,0.0,2,OPTIMAL,True,2.0,2.0,0.0,2,OPTIMAL,True,2.0,2.0,0.0,4,OPTIMAL,True,4.0,4.0,0.0,5,5,5,5,0,0,2,0,0,2,4,3.25,15,60,60,4,22,4,22,1,2,1,6
10,4,3,6,0.2,0.0,0.1,0,dense,runner_up,0.148194,2,OPTIMAL,True,2.0,2.0,0.0,2,OPTIMAL,True,2.0,2.0,0.0,2,OPTIMAL,True,2.0,2.0,0.0,4,OPTIMAL,True,4.0,4.0,0.0,4,OPTIMAL,True,4.0,4.0,0.0,5,OPTIMAL,True,5.0,5.0,0.0,4,OPTIMAL,True,4.0,4.0,0.0,5,OPTIMAL,True,5.0,5.0,0.0,4,OPTIMAL,True,4.0,4.0,0.0,5,OPTIMAL,True,5.0,5.0,0.0,2,2,2,4,2,2,4,2,2,4,5,4.75,11,45,45,10,46,10,46,3,4,3,15
10,4,3,6,0.2,0.0,0.3,0,dense,runner_up,0.158803,2,OPTIMAL,True,2.0,2.0,0.0,2,OPTIMAL,True,2.0,2.0,0.0,2,OPTIMAL,True,2.0,2.0,0.0,4,OPTIMAL,True,4.0,4.0,0.0,4,OPTIMAL,True,4.0,4.0,0.0,5,OPTIMAL,True,5.0,5.0,0.0,3,OPTIMAL,True,3.0,3.0,0.0,3,OPTIMAL,True,3.0,3.0,0.0,3,OPTIMAL,True,3.0,3.0,0.0,5,OPTIMAL,True,5.0,5.0,0.0,2,2,2,4,0,0,2,0,0,3,5,4.25,11,45,45,3,25,3,25,2,3,2,11
10,4,3,6,0.2,0.2,0.1,0,dense,runner_up,0.151215,2,OPTIMAL,True,2.0,2.0,0.0,2,OPTIMAL,True,2.0,2.0,0.0,2,OPTIMAL,True,2.0,2.0,0.0,4,OPTIMAL,True,4.0,4.0,0.0,4,OPTIMAL,True,4.0,4.0,0.0,5,OPTIMAL,True,5.0,5.0,0.0,4,OPTIMAL,True,4.0,4.0,0.0,4,OPTIMAL,True,4.0,4.0,0.0,4,OPTIMAL,True,4.0,4.0,0.0,4,OPTIMAL,True,4.0,4.0,0.0,2,2,2,4,2,2,3,2,2,4,4,4.0,11,45,45,8,37,8,37,2,3,2,9
10,4,3,6,0.2,0.2,0.3,0,dense,runner_up,0.145360,2,OPTIMAL,True,2.0,2.0,0.0,2,OPTIMAL,True,2.0,2.0,0.0,2,OPTIMAL,True,2.0,2.0,0.0,4,OPTIMAL,True,4.0,4.0,0.0,4,OPTIMAL,True,4.0,4.0,0.0,5,OPTIMAL,True,5.0,5.0,0.0,2,OPTIMAL,True,2.0,2.0,0.0,2,OPTIMAL,True,2.0,2.0,0.0,2,OPTIMAL,True,2.0,2.0,0.0,4,OPTIMAL,True,4.0,4.0,0.0,2,2,2,4,0,0,1,0,0,2,4,3.5,11,45,45,2,19,2,19,2,2,2,8
10,4,3,8,0.0,0.0,0.1,0,dense,runner_up,0.135779,5,OPTIMAL,True,5.0,5.0,0.0,5,OPTIMAL,True,5.0,5.0,0.0,5,OPTIMAL,True,5.0,5.0,0.0,5,OPTIMAL,True,5.0,5.0,0.0,5,OPTIMAL,True,5.0,5.0,0.0,5,OPTIMAL,True,5.0,5.0,0.0,4,OPTIMAL,True,4.0,4.0,0.0,5,OPTIMAL,True,5.0,5.0,0.0,4,OPTIMAL,True,4.0,4.0,0.0,5,OPTIMAL,True,5.0,5.0,0.0,5,5,5,5,2,2,4,2,2,4,5,4.75,15,60,60,10,47,10,47,3,4,3,15
10,4,3,8,0.0,0.0,0.3,0,dense,runner_up,0.134992,5,OPTIMAL,True,5.0,5.0,0.0,5,OPTIMAL,True,5.0,5.0,0.0,5,OPTIMAL,True,5.0,5.0,0.0,5,OPTIMAL,True,5.0,5.0,0.0,5,OPTIMAL,True,5.0,5.0,0.0,5,OPTIMAL,True,5.0,5.0,0.0,3,OPTIMAL,True,3.0,3.0,0.0,3,OPTIMAL,True,3.0,3.0,0.0,3,OPTIMAL,True,3.0,3.0,0.0,5,OPTIMAL,True,5.0,5.0,0.0,5,5,5,5,0,0,3,0,0,3,5,4.0,15,60,60,5,30,5,30,2,3,2,11
10,4,3,8,0.0,0.2,0.1,0,dense,runner_up,0.138854,5,OPTIMAL,True,5.0,5.0,0.0,5,OPTIMAL,True,5.0,5.0,0.0,5,OPTIMAL,True,5.0,5.0,0.0,5,OPTIMAL,True,5.0,5.0,0.0,5,OPTIMAL,True,5.0,5.0,0.0,5,OPTIMAL,True,5.0,5.0,0.0,3,OPTIMAL,True,3.0,3.0,0.0,4,OPTIMAL,True,4.0,4.0,0.0,3,OPTIMAL,True,3.0,3.0,0.0,4,OPTIMAL,True,4.0,4.0,0.0,5,5,5,5,1,1,3,1,1,3,4,3.75,15,60,60,8,36,8,36,2,3,2,9
10,4,3,8,0.0,0.2,0.3,0,dense,runner_up,0.133826,5,OPTIMAL,True,5.0,5.0,0.0,5,OPTIMAL,True,5.0,5.0,0.0,5,OPTIMAL,True,5.0,5.0,0.0,5,OPTIMAL,True,5.0,5.0,0.0,5,OPTIMAL,True,5.0,5.0,0.0,5,OPTIMAL,True,5.0,5.0,0.0,2,OPTIMAL,True,2.0,2.0,0.0,2,OPTIMAL,True,2.0,2.0,0.0,2,OPTIMAL,True,2.0,2.0,0.0,4,OPTIMAL,True,4.0,4.0,0.0,5,5,5,5,0,0,2,0,0,2,4,3.25,15,60,60,4,22,4,22,1,2,1,6
10,4,3,8,0.2,0.0,0.1,0,dense,runner_up,0.154440,2,OPTIMAL,True,2.0,2.0,0.0,2,OPTIMAL,True,2.0,2.0,0.0,2,OPTIMAL,True,2.0,2.0,0.0,4,OPTIMAL,True,4.0,4.0,0.0,4,OPTIMAL,True,4.0,4.0,0.0,5,OPTIMAL,True,5.0,5.0,0.0,4,OPTIMAL,True,4.0,4.0,0.0,5,OPTIMAL,True,5.0,5.0,0.0,4,OPTIMAL,True,4.0,4.0,0.0,5,OPTIMAL,True,5.0,5.0,0.0,2,2,2,4,2,2,4,2,2,4,5,4.75,11,45,45,10,46,10,46,3,4,3,15
10,4,3,8,0.2,0.0,0.3,0,dense,runner_up,0.154291,2,OPTIMAL,True,2.0,2.0,0.0,2,OPTIMAL,True,2.0,2.0,0.0,2,OPTIMAL,True,2.0,2.0,0.0,4,OPTIMAL,True,4.0,4.0,0.0,4,OPTIMAL,True,4.0,4.0,0.0,5,OPTIMAL,True,5.0,5.0,0.0,3,OPTIMAL,True,3.0,3.0,0.0,3,OPTIMAL,True,3.0,3.0,0.0,3,OPTIMAL,True,3.0,3.0,0.0,5,OPTIMAL,True,5.0,5.0,0.0,2,2,2,4,0,0,2,0,0,3,5,4.25,11,45,45,3,25,3,25,2,3,2,11
10,4,3,8,0.2,0.2,0.1,0,dense,runner_up,0.156072,2,OPTIMAL,True,2.0,2.0,0.0,2,OPTIMAL,True,2.0,2.0,0.0,2,OPTIMAL,True,2.0,2.0,0.0,4,OPTIMAL,True,4.0,4.0,0.0,4,OPTIMAL,True,4.0,4.0,0.0,5,OPTIMAL,True,5.0,5.0,0.0,4,OPTIMAL,True,4.0,4.0,0.0,4,OPTIMAL,True,4.0,4.0,0.0,4,OPTIMAL,True,4.0,4.0,0.0,4,OPTIMAL,True,4.0,4.0,0.0,2,2,2,4,2,2,3,2,2,4,4,4.0,11,45,45,8,37,8,37,2,3,2,9
10,4,3,8,0.2,0.2,0.3,0,dense,runner_up,0.154429,2,OPTIMAL,True,2.0,2.0,0.0,2,OPTIMAL,True,2.0,2.0,0.0,2,OPTIMAL,True,2.0,2.0,0.0,4,OPTIMAL,True,4.0,4.0,0.0,4,OPTIMAL,True,4.0,4.0,0.0,5,OPTIMAL,True,5.0,5.0,0.0,2,OPTIMAL,True,2.0,2.0,0.0,2,OPTIMAL,True,2.0,2.0,0.0,2,OPTIMAL,True,2.0,2.0,0.0,4,OPTIMAL,True,4.0,4.0,0.0,2,2,2,4,0,0,1,0,0,2,4,3.5,11,45,45,2,19,2,19,2,2,2,8
10,4,4,4,0.0,0.0,0.1,0,dense,runner_up,0.135200,5,OPTIMAL,True,5.0,5.0,0.0,5,OPTIMAL,True,5.0,5.0,0.0,5,OPTIMAL,True,5.0,5.0,0.0,5,OPTIMAL,True,5.0,5.0,0.0,5,OPTIMAL,True,5.0,5.0,0.0,5,OPTIMAL,True,5.0,5.0,0.0,4,OPTIMAL,True,4.0,4.0,0.0,4,OPTIMAL,True,4.0,4.0,0.0,4,OPTIMAL,True,4.0,4.0,0.0,5,OPTIMAL,True,5.0,5.0,0.0,5,5,5,5,2,2,4,2,2,4,5,4.75,20,80,80,13,67,13,67,3,4,3,15
10,4,4,4,0.0,0.0,0.3,0,dense,runner_up,0.130979,5,OPTIMAL,True,5.0,5.0,0.0,5,OPTIMAL,True,5.0,5.0,0.0,5,OPTIMAL,True,5.0,5.0,0.0,5,OPTIMAL,True,5.0,5.0,0.0,5,OPTIMAL,True,5.0,5.0,0.0,5,OPTIMAL,True,5.0,5.0,0.0,2,OPTIMAL,True,2.0,2.0,0.0,2,OPTIMAL,True,2.0,2.0,0.0,2,OPTIMAL,True,2.0,2.0,0.0,5,OPTIMAL,True,5.0,5.0,0.0,5,5,5,5,0,0,2,0,0,2,5,3.75,20,80,80,3,39,3,39,1,3,1,8
10,4,4,4,0.0,0.2,0.1,0,dense,runner_up,0.135172,5,OPTIMAL,True,5.0,5.0,0.0,5,OPTIMAL,True,5.0,5.0,0.0,5,OPTIMAL,True,5.0,5.0,0.0,5,OPTIMAL,True,5.0,5.0,0.0,5,OPTIMAL,True,5.0,5.0,0.0,5,OPTIMAL,True,5.0,5.0,0.0,4,OPTIMAL,True,4.0,4.0,0.0,4,OPTIMAL,True,4.0,4.0,0.0,4,OPTIMAL,True,4.0,4.0,0.0,5,OPTIMAL,True,5.0,5.0,0.0,5,5,5,5,0,0,2,0,0,4,5,4.25,20,80,80,10,49,10,49,1,2,1,7
10,4,4,4,0.0,0.2,0.3,0,dense,runner_up,0.131319,5,OPTIMAL,True,5.0,5.0,0.0,5,OPTIMAL,True,5.0,5.0,0.0,5,OPTIMAL,True,5.0,5.0,0.0,5,OPTIMAL,True,5.0,5.0,0.0,5,OPTIMAL,True,5.0,5.0,0.0,5,OPTIMAL,True,5.0,5.0,0.0,1,OPTIMAL,True,1.0,1.0,0.0,2,OPTIMAL,True,2.0,2.0,0.0,1,OPTIMAL,True,1.0,1.0,0.0,4,OPTIMAL,True,4.0,4.0,0.0,5,5,5,5,0,0,2,0,0,1,4,3.0,20,80,80,1,28,1,28,0,2,0,5
10,4,4,4,0.2,0.0,0.1,0,dense,runner_up,0.151156,2,OPTIMAL,True,2.0,2.0,0.0,2,OPTIMAL,True,2.0,2.0,0.0,2,OPTIMAL,True,2.0,2.0,0.0,4,OPTIMAL,True,4.0,4.0,0.0,3,OPTIMAL,True,3.0,3.0,0.0,5,OPTIMAL,True,5.0,5.0,0.0,5,OPTIMAL,True,5.0,5.0,0.0,4,OPTIMAL,True,4.0,4.0,0.0,5,OPTIMAL,True,5.0,5.0,0.0,5,OPTIMAL,True,5.0,5.0,0.0,2,2,2,3,2,2,4,2,2,5,5,5.0,12,53,53,14,67,14,67,3,4,3,15
10,4,4,4,0.2,0.0,0.3,0,dense,runner_up,0.150121,2,OPTIMAL,True,2.0,2.0,0.0,2,OPTIMAL,True,2.0,2.0,0.0,2,OPTIMAL,True,2.0,2.0,0.0,4,OPTIMAL,True,4.0,4.0,0.0,3,OPTIMAL,True,3.0,3.0,0.0,5,OPTIMAL,True,5.0,5.0,0.0,2,OPTIMAL,True,2.0,2.0,0.0,2,OPTIMAL,True,2.0,2.0,0.0,2,OPTIMAL,True,2.0,2.0,0.0,5,OPTIMAL,True,5.0,5.0,0.0,2,2,2,3,1,1,2,1,1,2,5,3.75,12,53,53,6,39,6,39,2,2,2,8
10,4,4,4,0.2,0.2,0.1,0,dense,runner_up,0.161256,2,OPTIMAL,True,2.0,2.0,0.0,2,OPTIMAL,True,2.0,2.0,0.0,2,OPTIMAL,True,2.0,2.0,0.0,4,OPTIMAL,True,4.0,4.0,0.0,3,OPTIMAL,True,3.0,3.0,0.0,5,OPTIMAL,True,5.0,5.0,0.0,4,OPTIMAL,True,4.0,4.0,0.0,3,OPTIMAL,True,3.0,3.0,0.0,4,OPTIMAL,True,4.0,4.0,0.0,5,OPTIMAL,True,5.0,5.0,0.0,2,2,2,3,2,2,3,2,2,4,4,4.0,12,53,53,13,53,13,53,2,2,2,8
10,4,4,4,0.2,0.2,0.3,0,dense,runner_up,0.157393,2,OPTIMAL,True,2.0,2.0,0.0,2,OPTIMAL,True,2.0,2.0,0.0,2,OPTIMAL,True,2.0,2.0,0.0,4,OPTIMAL,True,4.0,4.0,0.0,3,OPTIMAL,True,3.0,3.0,0.0,5,OPTIMAL,True,5.0,5.0,0.0,2,OPTIMAL,True,2.0,2.0,0.0,2,OPTIMAL,True,2.0,2.0,0.0,2,OPTIMAL,True,2.0,2.0,0.0,4,OPTIMAL,True,4.0,4.0,0.0,2,2,2,3,0,0,2,0,0,2,4,3.0,12,53,53,6,31,6,31,1,2,1,6
10,4,4,6,0.0,0.0,0.1,0,dense,runner_up,0.151267,5,OPTIMAL,True,5.0,5.0,0.0,5,OPTIMAL,True,5.0,5.0,0.0,5,OPTIMAL,True,5.0,5.0,0.0,5,OPTIMAL,True,5.0,5.0,0.0,5,OPTIMAL,True,5.0,5.0,0.0,5,OPTIMAL,True,5.0,5.0,0.0,4,OPTIMAL,True,4.0,4.0,0.0,4,OPTIMAL,True,4.0,4.0,0.0,4,OPTIMAL,True,4.0,4.0,0.0,5,OPTIMAL,True,5.0,5.0,0.0,5,5,5,5,2,2,4,2,2,4,5,4.75,20,80,80,13,67,13,67,3,4,3,15
10,4,4,6,0.0,0.0,0.3,0,dense,runner_up,0.137201,5,OPTIMAL,True,5.0,5.0,0.0,5,OPTIMAL,True,5.0,5.0,0.0,5,OPTIMAL,True,5.0,5.0,0.0,5,OPTIMAL,True,5.0,5.0,0.0,5,OPTIMAL,True,5.0,5.0,0.0,5,OPTIMAL,True,5.0,5.0,0.0,2,OPTIMAL,True,2.0,2.0,0.0,2,OPTIMAL,True,2.0,2.0,0.0,2,OPTIMAL,True,2.0,2.0,0.0,5,OPTIMAL,True,5.0,5.0,0.0,5,5,5,5,0,0,2,0,0,2,5,3.75,20,80,80,3,39,3,39,1,3,1,8
10,4,4,6,0.0,0.2,0.1,0,dense,runner_up,0.145869,5,OPTIMAL,True,5.0,5.0,0.0,5,OPTIMAL,True,5.0,5.0,0.0,5,OPTIMAL,True,5.0,5.0,0.0,5,OPTIMAL,True,5.0,5.0,0.0,5,OPTIMAL,True,5.0,5.0,0.0,5,OPTIMAL,True,5.0,5.0,0.0,4,OPTIMAL,True,4.0,4.0,0.0,4,OPTIMAL,True,4.0,4.0,0.0,4,OPTIMAL,True,4.0,4.0,0.0,5,OPTIMAL,True,5.0,5.0,0.0,5,5,5,5,1,1,3,1,1,4,5,4.25,20,80,80,12,54,12,54,1,2,1,7
10,4,4,6,0.0,0.2,0.3,0,dense,runner_up,0.137878,5,OPTIMAL,True,5.0,5.0,0.0,5,OPTIMAL,True,5.0,5.0,0.0,5,OPTIMAL,True,5.0,5.0,0.0,5,OPTIMAL,True,5.0,5.0,0.0,5,OPTIMAL,True,5.0,5.0,0.0,5,OPTIMAL,True,5.0,5.0,0.0,1,OPTIMAL,True,1.0,1.0,0.0,2,OPTIMAL,True,2.0,2.0,0.0,1,OPTIMAL,True,1.0,1.0,0.0,4,OPTIMAL,True,4.0,4.0,0.0,5,5,5,5,0,0,2,0,0,1,4,3.0,20,80,80,2,30,2,30,0,2,0,5
10,4,4,6,0.2,0.0,0.1,0,dense,runner_up,0.157671,2,OPTIMAL,True,2.0,2.0,0.0,2,OPTIMAL,True,2.0,2.0,0.0,2,OPTIMAL,True,2.0,2.0,0.0,4,OPTIMAL,True,4.0,4.0,0.0,3,OPTIMAL,True,3.0,3.0,0.0,5,OPTIMAL,True,5.0,5.0,0.0,5,OPTIMAL,True,5.0,5.0,0.0,4,OPTIMAL,True,4.0,4.0,0.0,5,OPTIMAL,True,5.0,5.0,0.0,5,OPTIMAL,True,5.0,5.0,0.0,2,2,2,3,2,2,4,2,2,5,5,5.0,12,54,54,14,67,14,67,3,4,3,15
10,4,4,6,0.2,0.0,0.3,0,dense,runner_up,0.180381,2,OPTIMAL,True,2.0,2.0,0.0,2,OPTIMAL,True,2.0,2.0,0.0,2,OPTIMAL,True,2.0,2.0,0.0,4,OPTIMAL,True,4.0,4.0,0.0,3,OPTIMAL,True,3.0,3.0,0.0,5,OPTIMAL,True,5.0,5.0,0.0,2,OPTIMAL,True,2.0,2.0,0.0,2,OPTIMAL,True,2.0,2.0,0.0,2,OPTIMAL,True,2.0,2.0,0.0,5,OPTIMAL,True,5.0,5.0,0.0,2,2,2,3,1,1,2,1,1,2,5,3.75,12,54,54,6,39,6,39,2,2,2,8
10,4,4,6,0.2,0.2,0.1,0,dense,runner_up,0.163026,2,OPTIMAL,True,2.0,2.0,0.0,2,OPTIMAL,True,2.0,2.0,0.0,2,OPTIMAL,True,2.0,2.0,0.0,4,OPTIMAL,True,4.0,4.0,0.0,3,OPTIMAL,True,3.0,3.0,0.0,5,OPTIMAL,True,5.0,5.0,0.0,4,OPTIMAL,True,4.0,4.0,0.0,3,OPTIMAL,True,3.0,3.0,0.0,4,OPTIMAL,True,4.0,4.0,0.0,5,OPTIMAL,True,5.0,5.0,0.0,2,2,2,3,2,2,3,2,2,4,5,4.25,12,54,54,13,55,13,55,2,2,2,8
10,4,4,6,0.2,0.2,0.3,0,dense,runner_up,0.159666,2,OPTIMAL,True,2.0,2.0,0.0,2,OPTIMAL,True,2.0,2.0,0.0,2,OPTIMAL,True,2.0,2.0,0.0,4,OPTIMAL,True,4.0,4.0,0.0,3,OPTIMAL,True,3.0,3.0,0.0,5,OPTIMAL,True,5.0,5.0,0.0,2,OPTIMAL,True,2.0,2.0,0.0,2,OPTIMAL,True,2.0,2.0,0.0,2,OPTIMAL,True,2.0,2.0,0.0,4,OPTIMAL,True,4.0,4.0,0.0,2,2,2,3,0,0,2,0,0,2,4,3.0,12,54,54,6,31,6,31,1,2,1,6
10,4,4,8,0.0,0.0,0.1,0,dense,runner_up,0.148087,5,OPTIMAL,True,5.0,5.0,0.0,5,OPTIMAL,True,5.0,5.0,0.0,5,OPTIMAL,True,5.0,5.0,0.0,5,OPTIMAL,True,5.0,5.0,0.0,5,OPTIMAL,True,5.0,5.0,0.0,5,OPTIMAL,True,5.0,5.0,0.0,4,OPTIMAL,True,4.0,4.0,0.0,4,OPTIMAL,True,4.0,4.0,0.0,4,OPTIMAL,True,4.0,4.0,0.0,5,OPTIMAL,True,5.0,5.0,0.0,5,5,5,5,2,2,4,2,2,4,5,4.75,20,80,80,13,67,13,67,3,4,3,15
10,4,4,8,0.0,0.0,0.3,0,dense,runner_up,0.145622,5,OPTIMAL,True,5.0,5.0,0.0,5,OPTIMAL,True,5.0,5.0,0.0,5,OPTIMAL,True,5.0,5.0,0.0,5,OPTIMAL,True,5.0,5.0,0.0,5,OPTIMAL,True,5.0,5.0,0.0,5,OPTIMAL,True,5.0,5.0,0.0,2,OPTIMAL,True,2.0,2.0,0.0,2,OPTIMAL,True,2.0,2.0,0.0,2,OPTIMAL,True,2.0,2.0,0.0,5,OPTIMAL,True,5.0,5.0,0.0,5,5,5,5,0,0,2,0,0,2,5,3.75,20,80,80,3,39,3,39,1,3,1,8
10,4,4,8,0.0,0.2,0.1,0,dense,runner_up,0.179627,5,OPTIMAL,True,5.0,5.0,0.0,5,OPTIMAL,True,5.0,5.0,0.0,5,OPTIMAL,True,5.0,5.0,0.0,5,OPTIMAL,True,5.0,5.0,0.0,5,OPTIMAL,True,5.0,5.0,0.0,5,OPTIMAL,True,5.0,5.0,0.0,4,OPTIMAL,True,4.0,4.0,0.0,4,OPTIMAL,True,4.0,4.0,0.0,4,OPTIMAL,True,4.0,4.0,0.0,5,OPTIMAL,True,5.0,5.0,0.0,5,5,5,5,1,1,3,1,1,4,5,4.25,20,80,80,12,54,12,54,1,2,1,7
10,4,4,8,0.0,0.2,0.3,0,dense,runner_up,0.144781,5,OPTIMAL,True,5.0,5.0,0.0,5,OPTIMAL,True,5.0,5.0,0.0,5,OPTIMAL,True,5.0,5.0,0.0,5,OPTIMAL,True,5.0,5.0,0.0,5,OPTIMAL,True,5.0,5.0,0.0,5,OPTIMAL,True,5.0,5.0,0.0,1,OPTIMAL,True,1.0,1.0,0.0,2,OPTIMAL,True,2.0,2.0,0.0,1,OPTIMAL,True,1.0,1.0,0.0,4,OPTIMAL,True,4.0,4.0,0.0,5,5,5,5,0,0,2,0,0,1,4,3.0,20,80,80,2,31,2,31,0,2,0,5
10,4,4,8,0.2,0.0,0.1,0,dense,runner_up,0.166922,2,OPTIMAL,True,2.0,2.0,0.0,2,OPTIMAL,True,2.0,2.0,0.0,2,OPTIMAL,True,2.0,2.0,0.0,4,OPTIMAL,True,4.0,4.0,0.0,3,OPTIMAL,True,3.0,3.0,0.0,5,OPTIMAL,True,5.0,5.0,0.0,5,OPTIMAL,True,5.0,5.0,0.0,4,OPTIMAL,True,4.0,4.0,0.0,5,OPTIMAL,True,5.0,5.0,0.0,5,OPTIMAL,True,5.0,5.0,0.0,2,2,2,3,2,2,4,2,2,5,5,5.0,12,55,55,14,67,14,67,3,4,3,15
10,4,4,8,0.2,0.0,0.3,0,dense,runner_up,0.167009,2,OPTIMAL,True,2.0,2.0,0.0,2,OPTIMAL,True,2.0,2.0,0.0,2,OPTIMAL,True,2.0,2.0,0.0,4,OPTIMAL,True,4.0,4.0,0.0,3,OPTIMAL,True,3.0,3.0,0.0,5,OPTIMAL,True,5.0,5.0,0.0,2,OPTIMAL,True,2.0,2.0,0.0,2,OPTIMAL,True,2.0,2.0,0.0,2,OPTIMAL,True,2.0,2.0,0.0,5,OPTIMAL,True,5.0,5.0,0.0,2,2,2,3,1,1,2,1,1,2,5,3.75,12,55,55,6,39,6,39,2,2,2,8
10,4,4,8,0.2,0.2,0.1,0,dense,runner_up,0.170811,2,OPTIMAL,True,2.0,2.0,0.0,2,OPTIMAL,True,2.0,2.0,0.0,2,OPTIMAL,True,2.0,2.0,0.0,4,OPTIMAL,True,4.0,4.0,0.0,3,OPTIMAL,True,3.0,3.0,0.0,5,OPTIMAL,True,5.0,5.0,0.0,4,OPTIMAL,True,4.0,4.0,0.0,3,OPTIMAL,True,3.0,3.0,0.0,4,OPTIMAL,True,4.0,4.0,0.0,5,OPTIMAL,True,5.0,5.0,0.0,2,2,2,3,2,2,3,2,2,4,5,4.25,12,55,55,13,55,13,55,2,2,2,8
10,4,4,8,0.2,0.2,0.3,0,dense,runner_up,0.168179,2,OPTIMAL,True,2.0,2.0,0.0,2,OPTIMAL,True,2.0,2.0,0.0,2,OPTIMAL,True,2.0,2.0,0.0,4,OPTIMAL,True,4.0,4.0,0.0,3,OPTIMAL,True,3.0,3.0,0.0,5,OPTIMAL,True,5.0,5.0,0.0,2,OPTIMAL,True,2.0,2.0,0.0,2,OPTIMAL,True,2.0,2.0,0.0,2,OPTIMAL,True,2.0,2.0,0.0,4,OPTIMAL,True,4.0,4.0,0.0,2,2,2,3,0,0,2,0,0,2,4,3.0,12,55,55,6,31,6,31,1,2,1,6
10,4,5,4,0.0,0.0,0.1,0,dense,runner_up,0.136829,5,OPTIMAL,True,5.0,5.0,0.0,5,OPTIMAL,True,5.0,5.0,0.0,5,OPTIMAL,True,5.0,5.0,0.0,5,OPTIMAL,True,5.0,5.0,0.0,5,OPTIMAL,True,5.0,5.0,0.0,5,OPTIMAL,True,5.0,5.0,0.0,5,OPTIMAL,True,5.0,5.0,0.0,5,OPTIMAL,True,5.0,5.0,0.0,5,OPTIMAL,True,5.0,5.0,0.0,5,OPTIMAL,True,5.0,5.0,0.0,5,5,5,5,1,1,4,1,1,5,5,5.0,25,100,100,17,82,17,82,3,4,3,14
10,4,5,4,0.0,0.0,0.3,0,dense,runner_up,0.148864,5,OPTIMAL,True,5.0,5.0,0.0,5,OPTIMAL,True,5.0,5.0,0.0,5,OPTIMAL,True,5.0,5.0,0.0,5,OPTIMAL,True,5.0,5.0,0.0,5,OPTIMAL,True,5.0,5.0,0.0,5,OPTIMAL,True,5.0,5.0,0.0,3,OPTIMAL,True,3.0,3.0,0.0,3,OPTIMAL,True,3.0,3.0,0.0,3,OPTIMAL,True,3.0,3.0,0.0,4,OPTIMAL,True,4.0,4.0,0.0,5,5,5,5,0,0,2,0,0,3,4,3.5,25,100,100,7,44,7,44,2,2,2,8
10,4,5,4,0.0,0.2,0.1,0,dense,runner_up,0.146835,5,OPTIMAL,True,5.0,5.0,0.0,5,OPTIMAL,True,5.0,5.0,0.0,5,OPTIMAL,True,5.0,5.0,0.0,5,OPTIMAL,True,5.0,5.0,0.0,5,OPTIMAL,True,5.0,5.0,0.0,5,OPTIMAL,True,5.0,5.0,0.0,4,OPTIMAL,True,4.0,4.0,0.0,4,OPTIMAL,True,4.0,4.0,0.0,4,OPTIMAL,True,4.0,4.0,0.0,5,OPTIMAL,True,5.0,5.0,0.0,5,5,5,5,1,1,2,1,1,4,5,4.25,25,100,100,14,63,14,63,1,2,1,6
10,4,5,4,0.0,0.2,0.3,0,dense,runner_up,0.141570,5,OPTIMAL,True,5.0,5.0,0.0,5,OPTIMAL,True,5.0,5.0,0.0,5,OPTIMAL,True,5.0,5.0,0.0,5,OPTIMAL,True,5.0,5.0,0.0,5,OPTIMAL,True,5.0,5.0,0.0,5,OPTIMAL,True,5.0,5.0,0.0,2,OPTIMAL,True,2.0,2.0,0.0,2,OPTIMAL,True,2.0,2.0,0.0,2,OPTIMAL,True,2.0,2.0,0.0,4,OPTIMAL,True,4.0,4.0,0.0,5,5,5,5,0,0,0,0,0,2,4,3.0,25,100,100,4,30,4,30,1,1,1,4
10,4,5,4,0.2,0.0,0.1,0,dense,runner_up,0.148622,1,OPTIMAL,True,1.0,1.0,0.0,1,OPTIMAL,True,1.0,1.0,0.0,1,OPTIMAL,True,1.0,1.0,0.0,4,OPTIMAL,True,4.0,4.0,0.0,3,OPTIMAL,True,3.0,3.0,0.0,5,OPTIMAL,True,5.0,5.0,0.0,5,OPTIMAL,True,5.0,5.0,0.0,5,OPTIMAL,True,5.0,5.0,0.0,5,OPTIMAL,True,5.0,5.0,0.0,5,OPTIMAL,True,5.0,5.0,0.0,1,1,1,3,2,2,4,2,2,5,5,5.0,16,72,72,19,84,19,84,3,4,3,14
10,4,5,4,0.2,0.0,0.3,0,dense,runner_up,0.152094,1,OPTIMAL,True,1.0,1.0,0.0,1,OPTIMAL,True,1.0,1.0,0.0,1,OPTIMAL,True,1.0,1.0,0.0,4,OPTIMAL,True,4.0,4.0,0.0,3,OPTIMAL,True,3.0,3.0,0.0,5,OPTIMAL,True,5.0,5.0,0.0,3,OPTIMAL,True,3.0,3.0,0.0,2,OPTIMAL,True,2.0,2.0,0.0,3,OPTIMAL,True,3.0,3.0,0.0,5,OPTIMAL,True,5.0,5.0,0.0,1,1,1,3,0,0,1,0,0,3,5,3.5,16,72,72,5,38,5,38,1,2,1,7
10,4,5,4,0.2,0.2,0.1,0,dense,runner_up,0.150599,1,OPTIMAL,True,1.0,1.0,0.0,1,OPTIMAL,True,1.0,1.0,0.0,1,OPTIMAL,True,1.0,1.0,0.0,4,OPTIMAL,True,4.0,4.0,0.0,3,OPTIMAL,True,3.0,3.0,0.0,5,OPTIMAL,True,5.0,5.0,0.0,3,OPTIMAL,True,3.0,3.0,0.0,4,OPTIMAL,True,4.0,4.0,0.0,3,OPTIMAL,True,3.0,3.0,0.0,5,OPTIMAL,True,5.0,5.0,0.0,1,1,1,3,2,2,2,2,2,3,5,4.5,16,72,72,14,66,14,66,1,2,1,6
10,4,5,4,0.2,0.2,0.3,0,dense,runner_up,0.146603,1,OPTIMAL,True,1.0,1.0,0.0,1,OPTIMAL,True,1.0,1.0,0.0,1,OPTIMAL,True,1.0,1.0,0.0,4,OPTIMAL,True,4.0,4.0,0.0,3,OPTIMAL,True,3.0,3.0,0.0,5,OPTIMAL,True,5.0,5.0,0.0,2,OPTIMAL,True,2.0,2.0,0.0,2,OPTIMAL,True,2.0,2.0,0.0,2,OPTIMAL,True,2.0,2.0,0.0,4,OPTIMAL,True,4.0,4.0,0.0,1,1,1,3,0,0,0,0,0,2,4,3.0,16,72,72,4,30,4,30,1,2,1,5
10,4,5,6,0.0,0.0,0.1,0,dense,runner_up,0.148287,5,OPTIMAL,True,5.0,5.0,0.0,5,OPTIMAL,True,5.0,5.0,0.0,5,OPTIMAL,True,5.0,5.0,0.0,5,OPTIMAL,True,5.0,5.0,0.0,5,OPTIMAL,True,5.0,5.0,0.0,5,OPTIMAL,True,5.0,5.0,0.0,5,OPTIMAL,True,5.0,5.0,0.0,5,OPTIMAL,True,5.0,5.0,0.0,5,OPTIMAL,True,5.0,5.0,0.0,5,OPTIMAL,True,5.0,5.0,0.0,5,5,5,5,1,1,4,1,1,5,5,5.0,25,100,100,17,82,17,82,3,4,3,14
10,4,5,6,0.0,0.0,0.3,0,dense,runner_up,0.159485,5,OPTIMAL,True,5.0,5.0,0.0,5,OPTIMAL,True,5.0,5.0,0.0,5,OPTIMAL,True,5.0,5.0,0.0,5,OPTIMAL,True,5.0,5.0,0.0,5,OPTIMAL,True,5.0,5.0,0.0,5,OPTIMAL,True,5.0,5.0,0.0,3,OPTIMAL,True,3.0,3.0,0.0,3,OPTIMAL,True,3.0,3.0,0.0,3,OPTIMAL,True,3.0,3.0,0.0,4,OPTIMAL,True,4.0,4.0,0.0,5,5,5,5,0,0,2,0,0,3,4,3.5,25,100,100,7,44,7,44,2,2,2,8
10,4,5,6,0.0,0.2,0.1,0,dense,runner_up,0.152427,5,OPTIMAL,True,5.0,5.0,0.0,5,OPTIMAL,True,5.0,5.0,0.0,5,OPTIMAL,True,5.0,5.0,0.0,5,OPTIMAL,True,5.0,5.0,0.0,5,OPTIMAL,True,5.0,5.0,0.0,5,OPTIMAL,True,5.0,5.0,0.0,4,OPTIMAL,True,4.0,4.0,0.0,4,OPTIMAL,True,4.0,4.0,0.0,4,OPTIMAL,True,4.0,4.0,0.0,5,OPTIMAL,True,5.0,5.0,0.0,5,5,5,5,1,1,2,1,1,4,5,4.25,25,100,100,14,64,14,64,1,2,1,6
10,4,5,6,0.0,0.2,0.3,0,dense,runner_up,0.152173,5,OPTIMAL,True,5.0,5.0,0.0,5,OPTIMAL,True,5.0,5.0,0.0,5,OPTIMAL,True,5.0,5.0,0.0,5,OPTIMAL,True,5.0,5.0,0.0,5,OPTIMAL,True,5.0,5.0,0.0,5,OPTIMAL,True,5.0,5.0,0.0,2,OPTIMAL,True,2.0,2.0,0.0,2,OPTIMAL,True,2.0,2.0,0.0,2,OPTIMAL,True,2.0,2.0,0.0,4,OPTIMAL,True,4.0,4.0,0.0,5,5,5,5,0,0,0,0,0,2,4,3.0,25,100,100,5,32,5,32,1,1,1,4
10,4,5,6,0.2,0.0,0.1,0,dense,runner_up,0.158543,1,OPTIMAL,True,1.0,1.0,0.0,1,OPTIMAL,True,1.0,1.0,0.0,1,OPTIMAL,True,1.0,1.0,0.0,4,OPTIMAL,True,4.0,4.0,0.0,4,OPTIMAL,True,4.0,4.0,0.0,5,OPTIMAL,True,5.0,5.0,0.0,5,OPTIMAL,True,5.0,5.0,0.0,5,OPTIMAL,True,5.0,5.0,0.0,5,OPTIMAL,True,5.0,5.0,0.0,5,OPTIMAL,True,5.0,5.0,0.0,1,1,1,4,2,2,4,2,2,5,5,5.0,16,73,73,19,84,19,84,3,4,3,14
10,4,5,6,0.2,0.0,0.3,0,dense,runner_up,0.160917,1,OPTIMAL,True,1.0,1.0,0.0,1,OPTIMAL,True,1.0,1.0,0.0,1,OPTIMAL,True,1.0,1.0,0.0,4,OPTIMAL,True,4.0,4.0,0.0,4,OPTIMAL,True,4.0,4.0,0.0,5,OPTIMAL,True,5.0,5.0,0.0,3,OPTIMAL,True,3.0,3.0,0.0,2,OPTIMAL,True,2.0,2.0,0.0,3,OPTIMAL,True,3.0,3.0,0.0,5,OPTIMAL,True,5.0,5.0,0.0,1,1,1,4,0,0,1,0,0,3,5,3.5,16,73,73,5,38,5,38,1,2,1,7
10,4,5,6,0.2,0.2,0.1,0,dense,runner_up,0.167477,1,OPTIMAL,True,1.0,1.0,0.0,1,OPTIMAL,True,1.0,1.0,0.0,1,OPTIMAL,True,1.0,1.0,0.0,4,OPTIMAL,True,4.0,4.0,0.0,4,OPTIMAL,True,4.0,4.0,0.0,5,OPTIMAL,True,5.0,5.0,0.0,4,OPTIMAL,True,4.0,4.0,0.0,4,OPTIMAL,True,4.0,4.0,0.0,4,OPTIMAL,True,4.0,4.0,0.0,5,OPTIMAL,True,5.0,5.0,0.0,1,1,1,4,2,2,2,2,2,3,5,4.5,16,73,73,14,68,14,68,1,2,1,6
10,4,5,6,0.2,0.2,0.3,0,dense,runner_up,0.160998,1,OPTIMAL,True,1.0,1.0,0.0,1,OPTIMAL,True,1.0,1.0,0.0,1,OPTIMAL,True,1.0,1.0,0.0,4,OPTIMAL,True,4.0,4.0,0.0,4,OPTIMAL,True,4.0,4.0,0.0,5,OPTIMAL,True,5.0,5.0,0.0,2,OPTIMAL,True,2.0,2.0,0.0,2,OPTIMAL,True,2.0,2.0,0.0,2,OPTIMAL,True,2.0,2.0,0.0,4,OPTIMAL,True,4.0,4.0,0.0,1,1,1,4,0,0,0,0,0,2,4,3.0,16,73,73,4,31,4,31,1,2,1,5
10,4,5,8,0.0,0.0,0.1,0,dense,runner_up,0.159331,5,OPTIMAL,True,5.0,5.0,0.0,5,OPTIMAL,True,5.0,5.0,0.0,5,OPTIMAL,True,5.0,5.0,0.0,5,OPTIMAL,True,5.0,5.0,0.0,5,OPTIMAL,True,5.0,5.0,0.0,5,OPTIMAL,True,5.0,5.0,0.0,5,OPTIMAL,True,5.0,5.0,0.0,5,OPTIMAL,True,5.0,5.0,0.0,5,OPTIMAL,True,5.0,5.0,0.0,5,OPTIMAL,True,5.0,5.0,0.0,5,5,5,5,1,1,4,1,1,5,5,5.0,25,100,100,17,82,17,82,3,4,3,14
10,4,5,8,0.0,0.0,0.3,0,dense,runner_up,0.171794,5,OPTIMAL,True,5.0,5.0,0.0,5,OPTIMAL,True,5.0,5.0,0.0,5,OPTIMAL,True,5.0,5.0,0.0,5,OPTIMAL,True,5.0,5.0,0.0,5,OPTIMAL,True,5.0,5.0,0.0,5,OPTIMAL,True,5.0,5.0,0.0,3,OPTIMAL,True,3.0,3.0,0.0,3,OPTIMAL,True,3.0,3.0,0.0,3,OPTIMAL,True,3.0,3.0,0.0,4,OPTIMAL,True,4.0,4.0,0.0,5,5,5,5,0,0,2,0,0,3,4,3.5,25,100,100,7,44,7,44,2,2,2,8
10,4,5,8,0.0,0.2,0.1,0,dense,runner_up,0.163976,5,OPTIMAL,True,5.0,5.0,0.0,5,OPTIMAL,True,5.0,5.0,0.0,5,OPTIMAL,True,5.0,5.0,0.0,5,OPTIMAL,True,5.0,5.0,0.0,5,OPTIMAL,True,5.0,5.0,0.0,5,OPTIMAL,True,5.0,5.0,0.0,4,OPTIMAL,True,4.0,4.0,0.0,4,OPTIMAL,True,4.0,4.0,0.0,4,OPTIMAL,True,4.0,4.0,0.0,5,OPTIMAL,True,5.0,5.0,0.0,5,5,5,5,1,1,3,1,1,4,5,4.25,25,100,100,14,66,14,66,1,2,1,5
10,4,5,8,0.0,0.2,0.3,0,dense,runner_up,0.164232,5,OPTIMAL,True,5.0,5.0,0.0,5,OPTIMAL,True,5.0,5.0,0.0,5,OPTIMAL,True,5.0,5.0,0.0,5,OPTIMAL,True,5.0,5.0,0.0,5,OPTIMAL,True,5.0,5.0,0.0,5,OPTIMAL,True,5.0,5.0,0.0,2,OPTIMAL,True,2.0,2.0,0.0,2,OPTIMAL,True,2.0,2.0,0.0,2,OPTIMAL,True,2.0,2.0,0.0,4,OPTIMAL,True,4.0,4.0,0.0,5,5,5,5,0,0,0,0,0,2,4,3.0,25,100,100,5,33,5,33,1,1,1,4
10,4,5,8,0.2,0.0,0.1,0,dense,runner_up,0.173711,1,OPTIMAL,True,1.0,1.0,0.0,1,OPTIMAL,True,1.0,1.0,0.0,1,OPTIMAL,True,1.0,1.0,0.0,4,OPTIMAL,True,4.0,4.0,0.0,4,OPTIMAL,True,4.0,4.0,0.0,5,OPTIMAL,True,5.0,5.0,0.0,5,OPTIMAL,True,5.0,5.0,0.0,5,OPTIMAL,True,5.0,5.0,0.0,5,OPTIMAL,True,5.0,5.0,0.0,5,OPTIMAL,True,5.0,5.0,0.0,1,1,1,4,2,2,4,2,2,5,5,5.0,16,73,73,19,84,19,84,3,4,3,14
10,4,5,8,0.2,0.0,0.3,0,dense,runner_up,0.170852,1,OPTIMAL,True,1.0,1.0,0.0,1,OPTIMAL,True,1.0,1.0,0.0,1,OPTIMAL,True,1.0,1.0,0.0,4,OPTIMAL,True,4.0,4.0,0.0,4,OPTIMAL,True,4.0,4.0,0.0,5,OPTIMAL,True,5.0,5.0,0.0,3,OPTIMAL,True,3.0,3.0,0.0,2,OPTIMAL,True,2.0,2.0,0.0,3,OPTIMAL,True,3.0,3.0,0.0,5,OPTIMAL,True,5.0,5.0,0.0,1,1,1,4,0,0,1,0,0,3,5,3.5,16,73,73,5,38,5,38,1,2,1,7
10,4,5,8,0.2,0.2,0.1,0,dense,runner_up,0.173362,1,OPTIMAL,True,1.0,1.0,0.0,1,OPTIMAL,True,1.0,1.0,0.0,1,OPTIMAL,True,1.0,1.0,0.0,4,OPTIMAL,True,4.0,4.0,0.0,4,OPTIMAL,True,4.0,4.0,0.0,5,OPTIMAL,True,5.0,5.0,0.0,3,OPTIMAL,True,3.0,3.0,0.0,4,OPTIMAL,True,4.0,4.0,0.0,3,OPTIMAL,True,3.0,3.0,0.0,5,OPTIMAL,True,5.0,5.0,0.0,1,1,1,4,2,2,3,2,2,3,5,4.5,16,73,73,14,70,14,70,1,2,1,6
10,4,5,8,0.2,0.2,0.3,0,dense,runner_up,0.179108,1,OPTIMAL,True,1.0,1.0,0.0,1,OPTIMAL,True,1.0,1.0,0.0,1,OPTIMAL,True,1.0,1.0,0.0,4,OPTIMAL,True,4.0,4.0,0.0,4,OPTIMAL,True,4.0,4.0,0.0,5,OPTIMAL,True,5.0,5.0,0.0,2,OPTIMAL,True,2.0,2.0,0.0,2,OPTIMAL,True,2.0,2.0,0.0,2,OPTIMAL,True,2.0,2.0,0.0,4,OPTIMAL,True,4.0,4.0,0.0,1,1,1,4,0,0,0,0,0,2,4,3.0,16,73,73,4,30,4,30,1,2,1,5
