K,N,L,T,delta_stab,delta_val,target_bias,influence_mode,coupled_generation,K_requested,K_actual,K_master,N_master,L_master,T_master,budget,method,objective,curve_type,seed_count,seed_values,certified_fraction,certified_fraction_min,certified_fraction_max,certified_fraction_minus,certified_fraction_plus,attacked_fraction,attacked_fraction_min,attacked_fraction_max,attacked_fraction_minus,attacked_fraction_plus,mean_radius,mean_radius_min,mean_radius_max,mean_radius_minus,mean_radius_plus,median_radius,median_radius_min,median_radius_max,median_radius_minus,median_radius_plus,min_radius,min_radius_min,min_radius_max,min_radius_minus,min_radius_plus,max_radius,max_radius_min,max_radius_max,max_radius_minus,max_radius_plus,num_certified,num_certified_min,num_certified_max,num_certified_minus,num_certified_plus,num_known,num_known_min,num_known_max,num_known_minus,num_known_plus,num_unknown,num_unknown_min,num_unknown_max,num_unknown_minus,num_unknown_plus,num_total,num_total_min,num_total_max,num_total_minus,num_total_plus
20,4,4,5,0.2,0.2,0.3,dense,True,20,20,20,4,20,5,0,DPA token margin,full_response_stable_against_any_token_change,radius_derived,5,"0,10,20,30,40",1.0,1.0,1.0,0.0,0.0,0.0,0.0,0.0,0.0,0.0,5.85,5.25,6.5,0.5999999999999996,0.6500000000000004,5.8,5.5,6.5,0.2999999999999998,0.7000000000000002,5.0,4.0,6.0,1.0,1.0,6.8,6.0,7.0,0.7999999999999998,0.20000000000000018,4.0,4.0,4.0,0.0,0.0,4.0,4.0,4.0,0.0,0.0,0.0,0.0,0.0,0.0,0.0,4.0,4.0,4.0,0.0,0.0
20,4,4,5,0.2,0.2,0.3,dense,True,20,20,20,4,20,5,1,DPA token margin,full_response_stable_against_any_token_change,radius_derived,5,"0,10,20,30,40",1.0,1.0,1.0,0.0,0.0,0.0,0.0,0.0,0.0,0.0,5.85,5.25,6.5,0.5999999999999996,0.6500000000000004,5.8,5.5,6.5,0.2999999999999998,0.7000000000000002,5.0,4.0,6.0,1.0,1.0,6.8,6.0,7.0,0.7999999999999998,0.20000000000000018,4.0,4.0,4.0,0.0,0.0,4.0,4.0,4.0,0.0,0.0,0.0,0.0,0.0,0.0,0.0,4.0,4.0,4.0,0.0,0.0
20,4,4,5,0.2,0.2,0.3,dense,True,20,20,20,4,20,5,2,DPA token margin,full_response_stable_against_any_token_change,radius_derived,5,"0,10,20,30,40",1.0,1.0,1.0,0.0,0.0,0.0,0.0,0.0,0.0,0.0,5.85,5.25,6.5,0.5999999999999996,0.6500000000000004,5.8,5.5,6.5,0.2999999999999998,0.7000000000000002,5.0,4.0,6.0,1.0,1.0,6.8,6.0,7.0,0.7999999999999998,0.20000000000000018,4.0,4.0,4.0,0.0,0.0,4.0,4.0,4.0,0.0,0.0,0.0,0.0,0.0,0.0,0.0,4.0,4.0,4.0,0.0,0.0
20,4,4,5,0.2,0.2,0.3,dense,True,20,20,20,4,20,5,3,DPA token margin,full_response_stable_against_any_token_change,radius_derived,5,"0,10,20,30,40",1.0,1.0,1.0,0.0,0.0,0.0,0.0,0.0,0.0,0.0,5.85,5.25,6.5,0.5999999999999996,0.6500000000000004,5.8,5.5,6.5,0.2999999999999998,0.7000000000000002,5.0,4.0,6.0,1.0,1.0,6.8,6.0,7.0,0.7999999999999998,0.20000000000000018,4.0,4.0,4.0,0.0,0.0,4.0,4.0,4.0,0.0,0.0,0.0,0.0,0.0,0.0,0.0,4.0,4.0,4.0,0.0,0.0
20,4,4,5,0.2,0.2,0.3,dense,True,20,20,20,4,20,5,4,DPA token margin,full_response_stable_against_any_token_change,radius_derived,5,"0,10,20,30,40",0.95,0.75,1.0,0.19999999999999996,0.050000000000000044,0.05,0.0,0.25,0.05,0.2,5.85,5.25,6.5,0.5999999999999996,0.6500000000000004,5.8,5.5,6.5,0.2999999999999998,0.7000000000000002,5.0,4.0,6.0,1.0,1.0,6.8,6.0,7.0,0.7999999999999998,0.20000000000000018,3.8,3.0,4.0,0.7999999999999998,0.20000000000000018,4.0,4.0,4.0,0.0,0.0,0.0,0.0,0.0,0.0,0.0,4.0,4.0,4.0,0.0,0.0
20,4,4,5,0.2,0.2,0.3,dense,True,20,20,20,4,20,5,5,DPA token margin,full_response_stable_against_any_token_change,radius_derived,5,"0,10,20,30,40",0.65,0.5,1.0,0.15000000000000002,0.35,0.35,0.0,0.5,0.35,0.15000000000000002,5.85,5.25,6.5,0.5999999999999996,0.6500000000000004,5.8,5.5,6.5,0.2999999999999998,0.7000000000000002,5.0,4.0,6.0,1.0,1.0,6.8,6.0,7.0,0.7999999999999998,0.20000000000000018,2.6,2.0,4.0,0.6000000000000001,1.4,4.0,4.0,4.0,0.0,0.0,0.0,0.0,0.0,0.0,0.0,4.0,4.0,4.0,0.0,0.0
20,4,4,5,0.2,0.2,0.3,dense,True,20,20,20,4,20,5,6,DPA token margin,full_response_stable_against_any_token_change,radius_derived,5,"0,10,20,30,40",0.25,0.0,0.5,0.25,0.25,0.75,0.5,1.0,0.25,0.25,5.85,5.25,6.5,0.5999999999999996,0.6500000000000004,5.8,5.5,6.5,0.2999999999999998,0.7000000000000002,5.0,4.0,6.0,1.0,1.0,6.8,6.0,7.0,0.7999999999999998,0.20000000000000018,1.0,0.0,2.0,1.0,1.0,4.0,4.0,4.0,0.0,0.0,0.0,0.0,0.0,0.0,0.0,4.0,4.0,4.0,0.0,0.0
20,4,4,5,0.2,0.2,0.3,dense,True,20,20,20,4,20,5,7,DPA token margin,full_response_stable_against_any_token_change,radius_derived,5,"0,10,20,30,40",0.0,0.0,0.0,0.0,0.0,1.0,1.0,1.0,0.0,0.0,5.85,5.25,6.5,0.5999999999999996,0.6500000000000004,5.8,5.5,6.5,0.2999999999999998,0.7000000000000002,5.0,4.0,6.0,1.0,1.0,6.8,6.0,7.0,0.7999999999999998,0.20000000000000018,0.0,0.0,0.0,0.0,0.0,4.0,4.0,4.0,0.0,0.0,0.0,0.0,0.0,0.0,0.0,4.0,4.0,4.0,0.0,0.0
20,4,4,5,0.2,0.2,0.3,dense,True,20,20,20,4,20,5,8,DPA token margin,full_response_stable_against_any_token_change,radius_derived,5,"0,10,20,30,40",0.0,0.0,0.0,0.0,0.0,1.0,1.0,1.0,0.0,0.0,5.85,5.25,6.5,0.5999999999999996,0.6500000000000004,5.8,5.5,6.5,0.2999999999999998,0.7000000000000002,5.0,4.0,6.0,1.0,1.0,6.8,6.0,7.0,0.7999999999999998,0.20000000000000018,0.0,0.0,0.0,0.0,0.0,4.0,4.0,4.0,0.0,0.0,0.0,0.0,0.0,0.0,0.0,4.0,4.0,4.0,0.0,0.0
20,4,4,5,0.2,0.2,0.3,dense,True,20,20,20,4,20,5,9,DPA token margin,full_response_stable_against_any_token_change,radius_derived,5,"0,10,20,30,40",0.0,0.0,0.0,0.0,0.0,1.0,1.0,1.0,0.0,0.0,5.85,5.25,6.5,0.5999999999999996,0.6500000000000004,5.8,5.5,6.5,0.2999999999999998,0.7000000000000002,5.0,4.0,6.0,1.0,1.0,6.8,6.0,7.0,0.7999999999999998,0.20000000000000018,0.0,0.0,0.0,0.0,0.0,4.0,4.0,4.0,0.0,0.0,0.0,0.0,0.0,0.0,0.0,4.0,4.0,4.0,0.0,0.0
20,4,4,5,0.2,0.2,0.3,dense,True,20,20,20,4,20,5,10,DPA token margin,full_response_stable_against_any_token_change,radius_derived,5,"0,10,20,30,40",0.0,0.0,0.0,0.0,0.0,1.0,1.0,1.0,0.0,0.0,5.85,5.25,6.5,0.5999999999999996,0.6500000000000004,5.8,5.5,6.5,0.2999999999999998,0.7000000000000002,5.0,4.0,6.0,1.0,1.0,6.8,6.0,7.0,0.7999999999999998,0.20000000000000018,0.0,0.0,0.0,0.0,0.0,4.0,4.0,4.0,0.0,0.0,0.0,0.0,0.0,0.0,0.0,4.0,4.0,4.0,0.0,0.0
20,4,4,5,0.2,0.2,0.3,dense,True,20,20,20,4,20,5,11,DPA token margin,full_response_stable_against_any_token_change,radius_derived,5,"0,10,20,30,40",0.0,0.0,0.0,0.0,0.0,1.0,1.0,1.0,0.0,0.0,5.85,5.25,6.5,0.5999999999999996,0.6500000000000004,5.8,5.5,6.5,0.2999999999999998,0.7000000000000002,5.0,4.0,6.0,1.0,1.0,6.8,6.0,7.0,0.7999999999999998,0.20000000000000018,0.0,0.0,0.0,0.0,0.0,4.0,4.0,4.0,0.0,0.0,0.0,0.0,0.0,0.0,0.0,4.0,4.0,4.0,0.0,0.0
20,4,4,5,0.2,0.2,0.3,dense,True,20,20,20,4,20,5,12,DPA token margin,full_response_stable_against_any_token_change,radius_derived,5,"0,10,20,30,40",0.0,0.0,0.0,0.0,0.0,1.0,1.0,1.0,0.0,0.0,5.85,5.25,6.5,0.5999999999999996,0.6500000000000004,5.8,5.5,6.5,0.2999999999999998,0.7000000000000002,5.0,4.0,6.0,1.0,1.0,6.8,6.0,7.0,0.7999999999999998,0.20000000000000018,0.0,0.0,0.0,0.0,0.0,4.0,4.0,4.0,0.0,0.0,0.0,0.0,0.0,0.0,0.0,4.0,4.0,4.0,0.0,0.0
20,4,4,5,0.2,0.2,0.3,dense,True,20,20,20,4,20,5,13,DPA token margin,full_response_stable_against_any_token_change,radius_derived,5,"0,10,20,30,40",0.0,0.0,0.0,0.0,0.0,1.0,1.0,1.0,0.0,0.0,5.85,5.25,6.5,0.5999999999999996,0.6500000000000004,5.8,5.5,6.5,0.2999999999999998,0.7000000000000002,5.0,4.0,6.0,1.0,1.0,6.8,6.0,7.0,0.7999999999999998,0.20000000000000018,0.0,0.0,0.0,0.0,0.0,4.0,4.0,4.0,0.0,0.0,0.0,0.0,0.0,0.0,0.0,4.0,4.0,4.0,0.0,0.0
20,4,4,5,0.2,0.2,0.3,dense,True,20,20,20,4,20,5,14,DPA token margin,full_response_stable_against_any_token_change,radius_derived,5,"0,10,20,30,40",0.0,0.0,0.0,0.0,0.0,1.0,1.0,1.0,0.0,0.0,5.85,5.25,6.5,0.5999999999999996,0.6500000000000004,5.8,5.5,6.5,0.2999999999999998,0.7000000000000002,5.0,4.0,6.0,1.0,1.0,6.8,6.0,7.0,0.7999999999999998,0.20000000000000018,0.0,0.0,0.0,0.0,0.0,4.0,4.0,4.0,0.0,0.0,0.0,0.0,0.0,0.0,0.0,4.0,4.0,4.0,0.0,0.0
20,4,4,5,0.2,0.2,0.3,dense,True,20,20,20,4,20,5,15,DPA token margin,full_response_stable_against_any_token_change,radius_derived,5,"0,10,20,30,40",0.0,0.0,0.0,0.0,0.0,1.0,1.0,1.0,0.0,0.0,5.85,5.25,6.5,0.5999999999999996,0.6500000000000004,5.8,5.5,6.5,0.2999999999999998,0.7000000000000002,5.0,4.0,6.0,1.0,1.0,6.8,6.0,7.0,0.7999999999999998,0.20000000000000018,0.0,0.0,0.0,0.0,0.0,4.0,4.0,4.0,0.0,0.0,0.0,0.0,0.0,0.0,0.0,4.0,4.0,4.0,0.0,0.0
20,4,4,5,0.2,0.2,0.3,dense,True,20,20,20,4,20,5,16,DPA token margin,full_response_stable_against_any_token_change,radius_derived,5,"0,10,20,30,40",0.0,0.0,0.0,0.0,0.0,1.0,1.0,1.0,0.0,0.0,5.85,5.25,6.5,0.5999999999999996,0.6500000000000004,5.8,5.5,6.5,0.2999999999999998,0.7000000000000002,5.0,4.0,6.0,1.0,1.0,6.8,6.0,7.0,0.7999999999999998,0.20000000000000018,0.0,0.0,0.0,0.0,0.0,4.0,4.0,4.0,0.0,0.0,0.0,0.0,0.0,0.0,0.0,4.0,4.0,4.0,0.0,0.0
20,4,4,5,0.2,0.2,0.3,dense,True,20,20,20,4,20,5,17,DPA token margin,full_response_stable_against_any_token_change,radius_derived,5,"0,10,20,30,40",0.0,0.0,0.0,0.0,0.0,1.0,1.0,1.0,0.0,0.0,5.85,5.25,6.5,0.5999999999999996,0.6500000000000004,5.8,5.5,6.5,0.2999999999999998,0.7000000000000002,5.0,4.0,6.0,1.0,1.0,6.8,6.0,7.0,0.7999999999999998,0.20000000000000018,0.0,0.0,0.0,0.0,0.0,4.0,4.0,4.0,0.0,0.0,0.0,0.0,0.0,0.0,0.0,4.0,4.0,4.0,0.0,0.0
20,4,4,5,0.2,0.2,0.3,dense,True,20,20,20,4,20,5,18,DPA token margin,full_response_stable_against_any_token_change,radius_derived,5,"0,10,20,30,40",0.0,0.0,0.0,0.0,0.0,1.0,1.0,1.0,0.0,0.0,5.85,5.25,6.5,0.5999999999999996,0.6500000000000004,5.8,5.5,6.5,0.2999999999999998,0.7000000000000002,5.0,4.0,6.0,1.0,1.0,6.8,6.0,7.0,0.7999999999999998,0.20000000000000018,0.0,0.0,0.0,0.0,0.0,4.0,4.0,4.0,0.0,0.0,0.0,0.0,0.0,0.0,0.0,4.0,4.0,4.0,0.0,0.0
20,4,4,5,0.2,0.2,0.3,dense,True,20,20,20,4,20,5,19,DPA token margin,full_response_stable_against_any_token_change,radius_derived,5,"0,10,20,30,40",0.0,0.0,0.0,0.0,0.0,1.0,1.0,1.0,0.0,0.0,5.85,5.25,6.5,0.5999999999999996,0.6500000000000004,5.8,5.5,6.5,0.2999999999999998,0.7000000000000002,5.0,4.0,6.0,1.0,1.0,6.8,6.0,7.0,0.7999999999999998,0.20000000000000018,0.0,0.0,0.0,0.0,0.0,4.0,4.0,4.0,0.0,0.0,0.0,0.0,0.0,0.0,0.0,4.0,4.0,4.0,0.0,0.0
20,4,4,5,0.2,0.2,0.3,dense,True,20,20,20,4,20,5,20,DPA token margin,full_response_stable_against_any_token_change,radius_derived,5,"0,10,20,30,40",0.0,0.0,0.0,0.0,0.0,1.0,1.0,1.0,0.0,0.0,5.85,5.25,6.5,0.5999999999999996,0.6500000000000004,5.8,5.5,6.5,0.2999999999999998,0.7000000000000002,5.0,4.0,6.0,1.0,1.0,6.8,6.0,7.0,0.7999999999999998,0.20000000000000018,0.0,0.0,0.0,0.0,0.0,4.0,4.0,4.0,0.0,0.0,0.0,0.0,0.0,0.0,0.0,4.0,4.0,4.0,0.0,0.0
20,4,4,5,0.2,0.2,0.3,dense,True,20,20,20,4,20,5,0,Shared MILP,stability_one_token_per_prompt,radius_derived,5,"0,10,20,30,40",1.0,1.0,1.0,0.0,0.0,0.0,0.0,0.0,0.0,0.0,5.85,5.25,6.5,0.5999999999999996,0.6500000000000004,5.8,5.5,6.5,0.2999999999999998,0.7000000000000002,5.0,4.0,6.0,1.0,1.0,6.8,6.0,7.0,0.7999999999999998,0.20000000000000018,4.0,4.0,4.0,0.0,0.0,4.0,4.0,4.0,0.0,0.0,0.0,0.0,0.0,0.0,0.0,4.0,4.0,4.0,0.0,0.0
20,4,4,5,0.2,0.2,0.3,dense,True,20,20,20,4,20,5,1,Shared MILP,stability_one_token_per_prompt,radius_derived,5,"0,10,20,30,40",1.0,1.0,1.0,0.0,0.0,0.0,0.0,0.0,0.0,0.0,5.85,5.25,6.5,0.5999999999999996,0.6500000000000004,5.8,5.5,6.5,0.2999999999999998,0.7000000000000002,5.0,4.0,6.0,1.0,1.0,6.8,6.0,7.0,0.7999999999999998,0.20000000000000018,4.0,4.0,4.0,0.0,0.0,4.0,4.0,4.0,0.0,0.0,0.0,0.0,0.0,0.0,0.0,4.0,4.0,4.0,0.0,0.0
20,4,4,5,0.2,0.2,0.3,dense,True,20,20,20,4,20,5,2,Shared MILP,stability_one_token_per_prompt,radius_derived,5,"0,10,20,30,40",1.0,1.0,1.0,0.0,0.0,0.0,0.0,0.0,0.0,0.0,5.85,5.25,6.5,0.5999999999999996,0.6500000000000004,5.8,5.5,6.5,0.2999999999999998,0.7000000000000002,5.0,4.0,6.0,1.0,1.0,6.8,6.0,7.0,0.7999999999999998,0.20000000000000018,4.0,4.0,4.0,0.0,0.0,4.0,4.0,4.0,0.0,0.0,0.0,0.0,0.0,0.0,0.0,4.0,4.0,4.0,0.0,0.0
20,4,4,5,0.2,0.2,0.3,dense,True,20,20,20,4,20,5,3,Shared MILP,stability_one_token_per_prompt,radius_derived,5,"0,10,20,30,40",1.0,1.0,1.0,0.0,0.0,0.0,0.0,0.0,0.0,0.0,5.85,5.25,6.5,0.5999999999999996,0.6500000000000004,5.8,5.5,6.5,0.2999999999999998,0.7000000000000002,5.0,4.0,6.0,1.0,1.0,6.8,6.0,7.0,0.7999999999999998,0.20000000000000018,4.0,4.0,4.0,0.0,0.0,4.0,4.0,4.0,0.0,0.0,0.0,0.0,0.0,0.0,0.0,4.0,4.0,4.0,0.0,0.0
20,4,4,5,0.2,0.2,0.3,dense,True,20,20,20,4,20,5,4,Shared MILP,stability_one_token_per_prompt,radius_derived,5,"0,10,20,30,40",0.95,0.75,1.0,0.19999999999999996,0.050000000000000044,0.05,0.0,0.25,0.05,0.2,5.85,5.25,6.5,0.5999999999999996,0.6500000000000004,5.8,5.5,6.5,0.2999999999999998,0.7000000000000002,5.0,4.0,6.0,1.0,1.0,6.8,6.0,7.0,0.7999999999999998,0.20000000000000018,3.8,3.0,4.0,0.7999999999999998,0.20000000000000018,4.0,4.0,4.0,0.0,0.0,0.0,0.0,0.0,0.0,0.0,4.0,4.0,4.0,0.0,0.0
20,4,4,5,0.2,0.2,0.3,dense,True,20,20,20,4,20,5,5,Shared MILP,stability_one_token_per_prompt,radius_derived,5,"0,10,20,30,40",0.65,0.5,1.0,0.15000000000000002,0.35,0.35,0.0,0.5,0.35,0.15000000000000002,5.85,5.25,6.5,0.5999999999999996,0.6500000000000004,5.8,5.5,6.5,0.2999999999999998,0.7000000000000002,5.0,4.0,6.0,1.0,1.0,6.8,6.0,7.0,0.7999999999999998,0.20000000000000018,2.6,2.0,4.0,0.6000000000000001,1.4,4.0,4.0,4.0,0.0,0.0,0.0,0.0,0.0,0.0,0.0,4.0,4.0,4.0,0.0,0.0
20,4,4,5,0.2,0.2,0.3,dense,True,20,20,20,4,20,5,6,Shared MILP,stability_one_token_per_prompt,radius_derived,5,"0,10,20,30,40",0.25,0.0,0.5,0.25,0.25,0.75,0.5,1.0,0.25,0.25,5.85,5.25,6.5,0.5999999999999996,0.6500000000000004,5.8,5.5,6.5,0.2999999999999998,0.7000000000000002,5.0,4.0,6.0,1.0,1.0,6.8,6.0,7.0,0.7999999999999998,0.20000000000000018,1.0,0.0,2.0,1.0,1.0,4.0,4.0,4.0,0.0,0.0,0.0,0.0,0.0,0.0,0.0,4.0,4.0,4.0,0.0,0.0
20,4,4,5,0.2,0.2,0.3,dense,True,20,20,20,4,20,5,7,Shared MILP,stability_one_token_per_prompt,radius_derived,5,"0,10,20,30,40",0.0,0.0,0.0,0.0,0.0,1.0,1.0,1.0,0.0,0.0,5.85,5.25,6.5,0.5999999999999996,0.6500000000000004,5.8,5.5,6.5,0.2999999999999998,0.7000000000000002,5.0,4.0,6.0,1.0,1.0,6.8,6.0,7.0,0.7999999999999998,0.20000000000000018,0.0,0.0,0.0,0.0,0.0,4.0,4.0,4.0,0.0,0.0,0.0,0.0,0.0,0.0,0.0,4.0,4.0,4.0,0.0,0.0
20,4,4,5,0.2,0.2,0.3,dense,True,20,20,20,4,20,5,8,Shared MILP,stability_one_token_per_prompt,radius_derived,5,"0,10,20,30,40",0.0,0.0,0.0,0.0,0.0,1.0,1.0,1.0,0.0,0.0,5.85,5.25,6.5,0.5999999999999996,0.6500000000000004,5.8,5.5,6.5,0.2999999999999998,0.7000000000000002,5.0,4.0,6.0,1.0,1.0,6.8,6.0,7.0,0.7999999999999998,0.20000000000000018,0.0,0.0,0.0,0.0,0.0,4.0,4.0,4.0,0.0,0.0,0.0,0.0,0.0,0.0,0.0,4.0,4.0,4.0,0.0,0.0
20,4,4,5,0.2,0.2,0.3,dense,True,20,20,20,4,20,5,9,Shared MILP,stability_one_token_per_prompt,radius_derived,5,"0,10,20,30,40",0.0,0.0,0.0,0.0,0.0,1.0,1.0,1.0,0.0,0.0,5.85,5.25,6.5,0.5999999999999996,0.6500000000000004,5.8,5.5,6.5,0.2999999999999998,0.7000000000000002,5.0,4.0,6.0,1.0,1.0,6.8,6.0,7.0,0.7999999999999998,0.20000000000000018,0.0,0.0,0.0,0.0,0.0,4.0,4.0,4.0,0.0,0.0,0.0,0.0,0.0,0.0,0.0,4.0,4.0,4.0,0.0,0.0
20,4,4,5,0.2,0.2,0.3,dense,True,20,20,20,4,20,5,10,Shared MILP,stability_one_token_per_prompt,radius_derived,5,"0,10,20,30,40",0.0,0.0,0.0,0.0,0.0,1.0,1.0,1.0,0.0,0.0,5.85,5.25,6.5,0.5999999999999996,0.6500000000000004,5.8,5.5,6.5,0.2999999999999998,0.7000000000000002,5.0,4.0,6.0,1.0,1.0,6.8,6.0,7.0,0.7999999999999998,0.20000000000000018,0.0,0.0,0.0,0.0,0.0,4.0,4.0,4.0,0.0,0.0,0.0,0.0,0.0,0.0,0.0,4.0,4.0,4.0,0.0,0.0
20,4,4,5,0.2,0.2,0.3,dense,True,20,20,20,4,20,5,11,Shared MILP,stability_one_token_per_prompt,radius_derived,5,"0,10,20,30,40",0.0,0.0,0.0,0.0,0.0,1.0,1.0,1.0,0.0,0.0,5.85,5.25,6.5,0.5999999999999996,0.6500000000000004,5.8,5.5,6.5,0.2999999999999998,0.7000000000000002,5.0,4.0,6.0,1.0,1.0,6.8,6.0,7.0,0.7999999999999998,0.20000000000000018,0.0,0.0,0.0,0.0,0.0,4.0,4.0,4.0,0.0,0.0,0.0,0.0,0.0,0.0,0.0,4.0,4.0,4.0,0.0,0.0
20,4,4,5,0.2,0.2,0.3,dense,True,20,20,20,4,20,5,12,Shared MILP,stability_one_token_per_prompt,radius_derived,5,"0,10,20,30,40",0.0,0.0,0.0,0.0,0.0,1.0,1.0,1.0,0.0,0.0,5.85,5.25,6.5,0.5999999999999996,0.6500000000000004,5.8,5.5,6.5,0.2999999999999998,0.7000000000000002,5.0,4.0,6.0,1.0,1.0,6.8,6.0,7.0,0.7999999999999998,0.20000000000000018,0.0,0.0,0.0,0.0,0.0,4.0,4.0,4.0,0.0,0.0,0.0,0.0,0.0,0.0,0.0,4.0,4.0,4.0,0.0,0.0
20,4,4,5,0.2,0.2,0.3,dense,True,20,20,20,4,20,5,13,Shared MILP,stability_one_token_per_prompt,radius_derived,5,"0,10,20,30,40",0.0,0.0,0.0,0.0,0.0,1.0,1.0,1.0,0.0,0.0,5.85,5.25,6.5,0.5999999999999996,0.6500000000000004,5.8,5.5,6.5,0.2999999999999998,0.7000000000000002,5.0,4.0,6.0,1.0,1.0,6.8,6.0,7.0,0.7999999999999998,0.20000000000000018,0.0,0.0,0.0,0.0,0.0,4.0,4.0,4.0,0.0,0.0,0.0,0.0,0.0,0.0,0.0,4.0,4.0,4.0,0.0,0.0
20,4,4,5,0.2,0.2,0.3,dense,True,20,20,20,4,20,5,14,Shared MILP,stability_one_token_per_prompt,radius_derived,5,"0,10,20,30,40",0.0,0.0,0.0,0.0,0.0,1.0,1.0,1.0,0.0,0.0,5.85,5.25,6.5,0.5999999999999996,0.6500000000000004,5.8,5.5,6.5,0.2999999999999998,0.7000000000000002,5.0,4.0,6.0,1.0,1.0,6.8,6.0,7.0,0.7999999999999998,0.20000000000000018,0.0,0.0,0.0,0.0,0.0,4.0,4.0,4.0,0.0,0.0,0.0,0.0,0.0,0.0,0.0,4.0,4.0,4.0,0.0,0.0
20,4,4,5,0.2,0.2,0.3,dense,True,20,20,20,4,20,5,15,Shared MILP,stability_one_token_per_prompt,radius_derived,5,"0,10,20,30,40",0.0,0.0,0.0,0.0,0.0,1.0,1.0,1.0,0.0,0.0,5.85,5.25,6.5,0.5999999999999996,0.6500000000000004,5.8,5.5,6.5,0.2999999999999998,0.7000000000000002,5.0,4.0,6.0,1.0,1.0,6.8,6.0,7.0,0.7999999999999998,0.20000000000000018,0.0,0.0,0.0,0.0,0.0,4.0,4.0,4.0,0.0,0.0,0.0,0.0,0.0,0.0,0.0,4.0,4.0,4.0,0.0,0.0
20,4,4,5,0.2,0.2,0.3,dense,True,20,20,20,4,20,5,16,Shared MILP,stability_one_token_per_prompt,radius_derived,5,"0,10,20,30,40",0.0,0.0,0.0,0.0,0.0,1.0,1.0,1.0,0.0,0.0,5.85,5.25,6.5,0.5999999999999996,0.6500000000000004,5.8,5.5,6.5,0.2999999999999998,0.7000000000000002,5.0,4.0,6.0,1.0,1.0,6.8,6.0,7.0,0.7999999999999998,0.20000000000000018,0.0,0.0,0.0,0.0,0.0,4.0,4.0,4.0,0.0,0.0,0.0,0.0,0.0,0.0,0.0,4.0,4.0,4.0,0.0,0.0
20,4,4,5,0.2,0.2,0.3,dense,True,20,20,20,4,20,5,17,Shared MILP,stability_one_token_per_prompt,radius_derived,5,"0,10,20,30,40",0.0,0.0,0.0,0.0,0.0,1.0,1.0,1.0,0.0,0.0,5.85,5.25,6.5,0.5999999999999996,0.6500000000000004,5.8,5.5,6.5,0.2999999999999998,0.7000000000000002,5.0,4.0,6.0,1.0,1.0,6.8,6.0,7.0,0.7999999999999998,0.20000000000000018,0.0,0.0,0.0,0.0,0.0,4.0,4.0,4.0,0.0,0.0,0.0,0.0,0.0,0.0,0.0,4.0,4.0,4.0,0.0,0.0
20,4,4,5,0.2,0.2,0.3,dense,True,20,20,20,4,20,5,18,Shared MILP,stability_one_token_per_prompt,radius_derived,5,"0,10,20,30,40",0.0,0.0,0.0,0.0,0.0,1.0,1.0,1.0,0.0,0.0,5.85,5.25,6.5,0.5999999999999996,0.6500000000000004,5.8,5.5,6.5,0.2999999999999998,0.7000000000000002,5.0,4.0,6.0,1.0,1.0,6.8,6.0,7.0,0.7999999999999998,0.20000000000000018,0.0,0.0,0.0,0.0,0.0,4.0,4.0,4.0,0.0,0.0,0.0,0.0,0.0,0.0,0.0,4.0,4.0,4.0,0.0,0.0
20,4,4,5,0.2,0.2,0.3,dense,True,20,20,20,4,20,5,19,Shared MILP,stability_one_token_per_prompt,radius_derived,5,"0,10,20,30,40",0.0,0.0,0.0,0.0,0.0,1.0,1.0,1.0,0.0,0.0,5.85,5.25,6.5,0.5999999999999996,0.6500000000000004,5.8,5.5,6.5,0.2999999999999998,0.7000000000000002,5.0,4.0,6.0,1.0,1.0,6.8,6.0,7.0,0.7999999999999998,0.20000000000000018,0.0,0.0,0.0,0.0,0.0,4.0,4.0,4.0,0.0,0.0,0.0,0.0,0.0,0.0,0.0,4.0,4.0,4.0,0.0,0.0
20,4,4,5,0.2,0.2,0.3,dense,True,20,20,20,4,20,5,20,Shared MILP,stability_one_token_per_prompt,radius_derived,5,"0,10,20,30,40",0.0,0.0,0.0,0.0,0.0,1.0,1.0,1.0,0.0,0.0,5.85,5.25,6.5,0.5999999999999996,0.6500000000000004,5.8,5.5,6.5,0.2999999999999998,0.7000000000000002,5.0,4.0,6.0,1.0,1.0,6.8,6.0,7.0,0.7999999999999998,0.20000000000000018,0.0,0.0,0.0,0.0,0.0,4.0,4.0,4.0,0.0,0.0,0.0,0.0,0.0,0.0,0.0,4.0,4.0,4.0,0.0,0.0
20,4,4,5,0.2,0.2,0.3,dense,True,20,20,20,4,20,5,0,Shared MILP,stability_full_sequence_per_prompt,radius_derived,5,"0,10,20,30,40",1.0,1.0,1.0,0.0,0.0,0.0,0.0,0.0,0.0,0.0,8.25,8.0,8.5,0.25,0.25,8.3,8.0,8.5,0.3000000000000007,0.1999999999999993,7.4,7.0,8.0,0.40000000000000036,0.5999999999999996,9.0,9.0,9.0,0.0,0.0,4.0,4.0,4.0,0.0,0.0,4.0,4.0,4.0,0.0,0.0,0.0,0.0,0.0,0.0,0.0,4.0,4.0,4.0,0.0,0.0
20,4,4,5,0.2,0.2,0.3,dense,True,20,20,20,4,20,5,1,Shared MILP,stability_full_sequence_per_prompt,radius_derived,5,"0,10,20,30,40",1.0,1.0,1.0,0.0,0.0,0.0,0.0,0.0,0.0,0.0,8.25,8.0,8.5,0.25,0.25,8.3,8.0,8.5,0.3000000000000007,0.1999999999999993,7.4,7.0,8.0,0.40000000000000036,0.5999999999999996,9.0,9.0,9.0,0.0,0.0,4.0,4.0,4.0,0.0,0.0,4.0,4.0,4.0,0.0,0.0,0.0,0.0,0.0,0.0,0.0,4.0,4.0,4.0,0.0,0.0
20,4,4,5,0.2,0.2,0.3,dense,True,20,20,20,4,20,5,2,Shared MILP,stability_full_sequence_per_prompt,radius_derived,5,"0,10,20,30,40",1.0,1.0,1.0,0.0,0.0,0.0,0.0,0.0,0.0,0.0,8.25,8.0,8.5,0.25,0.25,8.3,8.0,8.5,0.3000000000000007,0.1999999999999993,7.4,7.0,8.0,0.40000000000000036,0.5999999999999996,9.0,9.0,9.0,0.0,0.0,4.0,4.0,4.0,0.0,0.0,4.0,4.0,4.0,0.0,0.0,0.0,0.0,0.0,0.0,0.0,4.0,4.0,4.0,0.0,0.0
20,4,4,5,0.2,0.2,0.3,dense,True,20,20,20,4,20,5,3,Shared MILP,stability_full_sequence_per_prompt,radius_derived,5,"0,10,20,30,40",1.0,1.0,1.0,0.0,0.0,0.0,0.0,0.0,0.0,0.0,8.25,8.0,8.5,0.25,0.25,8.3,8.0,8.5,0.3000000000000007,0.1999999999999993,7.4,7.0,8.0,0.40000000000000036,0.5999999999999996,9.0,9.0,9.0,0.0,0.0,4.0,4.0,4.0,0.0,0.0,4.0,4.0,4.0,0.0,0.0,0.0,0.0,0.0,0.0,0.0,4.0,4.0,4.0,0.0,0.0
20,4,4,5,0.2,0.2,0.3,dense,True,20,20,20,4,20,5,4,Shared MILP,stability_full_sequence_per_prompt,radius_derived,5,"0,10,20,30,40",1.0,1.0,1.0,0.0,0.0,0.0,0.0,0.0,0.0,0.0,8.25,8.0,8.5,0.25,0.25,8.3,8.0,8.5,0.3000000000000007,0.1999999999999993,7.4,7.0,8.0,0.40000000000000036,0.5999999999999996,9.0,9.0,9.0,0.0,0.0,4.0,4.0,4.0,0.0,0.0,4.0,4.0,4.0,0.0,0.0,0.0,0.0,0.0,0.0,0.0,4.0,4.0,4.0,0.0,0.0
20,4,4,5,0.2,0.2,0.3,dense,True,20,20,20,4,20,5,5,Shared MILP,stability_full_sequence_per_prompt,radius_derived,5,"0,10,20,30,40",1.0,1.0,1.0,0.0,0.0,0.0,0.0,0.0,0.0,0.0,8.25,8.0,8.5,0.25,0.25,8.3,8.0,8.5,0.3000000000000007,0.1999999999999993,7.4,7.0,8.0,0.40000000000000036,0.5999999999999996,9.0,9.0,9.0,0.0,0.0,4.0,4.0,4.0,0.0,0.0,4.0,4.0,4.0,0.0,0.0,0.0,0.0,0.0,0.0,0.0,4.0,4.0,4.0,0.0,0.0
20,4,4,5,0.2,0.2,0.3,dense,True,20,20,20,4,20,5,6,Shared MILP,stability_full_sequence_per_prompt,radius_derived,5,"0,10,20,30,40",1.0,1.0,1.0,0.0,0.0,0.0,0.0,0.0,0.0,0.0,8.25,8.0,8.5,0.25,0.25,8.3,8.0,8.5,0.3000000000000007,0.1999999999999993,7.4,7.0,8.0,0.40000000000000036,0.5999999999999996,9.0,9.0,9.0,0.0,0.0,4.0,4.0,4.0,0.0,0.0,4.0,4.0,4.0,0.0,0.0,0.0,0.0,0.0,0.0,0.0,4.0,4.0,4.0,0.0,0.0
20,4,4,5,0.2,0.2,0.3,dense,True,20,20,20,4,20,5,7,Shared MILP,stability_full_sequence_per_prompt,radius_derived,5,"0,10,20,30,40",0.8,0.5,1.0,0.30000000000000004,0.19999999999999996,0.2,0.0,0.5,0.2,0.3,8.25,8.0,8.5,0.25,0.25,8.3,8.0,8.5,0.3000000000000007,0.1999999999999993,7.4,7.0,8.0,0.40000000000000036,0.5999999999999996,9.0,9.0,9.0,0.0,0.0,3.2,2.0,4.0,1.2000000000000002,0.7999999999999998,4.0,4.0,4.0,0.0,0.0,0.0,0.0,0.0,0.0,0.0,4.0,4.0,4.0,0.0,0.0
20,4,4,5,0.2,0.2,0.3,dense,True,20,20,20,4,20,5,8,Shared MILP,stability_full_sequence_per_prompt,radius_derived,5,"0,10,20,30,40",0.45,0.25,0.5,0.2,0.04999999999999999,0.55,0.5,0.75,0.050000000000000044,0.19999999999999996,8.25,8.0,8.5,0.25,0.25,8.3,8.0,8.5,0.3000000000000007,0.1999999999999993,7.4,7.0,8.0,0.40000000000000036,0.5999999999999996,9.0,9.0,9.0,0.0,0.0,1.8,1.0,2.0,0.8,0.19999999999999996,4.0,4.0,4.0,0.0,0.0,0.0,0.0,0.0,0.0,0.0,4.0,4.0,4.0,0.0,0.0
20,4,4,5,0.2,0.2,0.3,dense,True,20,20,20,4,20,5,9,Shared MILP,stability_full_sequence_per_prompt,radius_derived,5,"0,10,20,30,40",0.0,0.0,0.0,0.0,0.0,1.0,1.0,1.0,0.0,0.0,8.25,8.0,8.5,0.25,0.25,8.3,8.0,8.5,0.3000000000000007,0.1999999999999993,7.4,7.0,8.0,0.40000000000000036,0.5999999999999996,9.0,9.0,9.0,0.0,0.0,0.0,0.0,0.0,0.0,0.0,4.0,4.0,4.0,0.0,0.0,0.0,0.0,0.0,0.0,0.0,4.0,4.0,4.0,0.0,0.0
20,4,4,5,0.2,0.2,0.3,dense,True,20,20,20,4,20,5,10,Shared MILP,stability_full_sequence_per_prompt,radius_derived,5,"0,10,20,30,40",0.0,0.0,0.0,0.0,0.0,1.0,1.0,1.0,0.0,0.0,8.25,8.0,8.5,0.25,0.25,8.3,8.0,8.5,0.3000000000000007,0.1999999999999993,7.4,7.0,8.0,0.40000000000000036,0.5999999999999996,9.0,9.0,9.0,0.0,0.0,0.0,0.0,0.0,0.0,0.0,4.0,4.0,4.0,0.0,0.0,0.0,0.0,0.0,0.0,0.0,4.0,4.0,4.0,0.0,0.0
20,4,4,5,0.2,0.2,0.3,dense,True,20,20,20,4,20,5,11,Shared MILP,stability_full_sequence_per_prompt,radius_derived,5,"0,10,20,30,40",0.0,0.0,0.0,0.0,0.0,1.0,1.0,1.0,0.0,0.0,8.25,8.0,8.5,0.25,0.25,8.3,8.0,8.5,0.3000000000000007,0.1999999999999993,7.4,7.0,8.0,0.40000000000000036,0.5999999999999996,9.0,9.0,9.0,0.0,0.0,0.0,0.0,0.0,0.0,0.0,4.0,4.0,4.0,0.0,0.0,0.0,0.0,0.0,0.0,0.0,4.0,4.0,4.0,0.0,0.0
20,4,4,5,0.2,0.2,0.3,dense,True,20,20,20,4,20,5,12,Shared MILP,stability_full_sequence_per_prompt,radius_derived,5,"0,10,20,30,40",0.0,0.0,0.0,0.0,0.0,1.0,1.0,1.0,0.0,0.0,8.25,8.0,8.5,0.25,0.25,8.3,8.0,8.5,0.3000000000000007,0.1999999999999993,7.4,7.0,8.0,0.40000000000000036,0.5999999999999996,9.0,9.0,9.0,0.0,0.0,0.0,0.0,0.0,0.0,0.0,4.0,4.0,4.0,0.0,0.0,0.0,0.0,0.0,0.0,0.0,4.0,4.0,4.0,0.0,0.0
20,4,4,5,0.2,0.2,0.3,dense,True,20,20,20,4,20,5,13,Shared MILP,stability_full_sequence_per_prompt,radius_derived,5,"0,10,20,30,40",0.0,0.0,0.0,0.0,0.0,1.0,1.0,1.0,0.0,0.0,8.25,8.0,8.5,0.25,0.25,8.3,8.0,8.5,0.3000000000000007,0.1999999999999993,7.4,7.0,8.0,0.40000000000000036,0.5999999999999996,9.0,9.0,9.0,0.0,0.0,0.0,0.0,0.0,0.0,0.0,4.0,4.0,4.0,0.0,0.0,0.0,0.0,0.0,0.0,0.0,4.0,4.0,4.0,0.0,0.0
20,4,4,5,0.2,0.2,0.3,dense,True,20,20,20,4,20,5,14,Shared MILP,stability_full_sequence_per_prompt,radius_derived,5,"0,10,20,30,40",0.0,0.0,0.0,0.0,0.0,1.0,1.0,1.0,0.0,0.0,8.25,8.0,8.5,0.25,0.25,8.3,8.0,8.5,0.3000000000000007,0.1999999999999993,7.4,7.0,8.0,0.40000000000000036,0.5999999999999996,9.0,9.0,9.0,0.0,0.0,0.0,0.0,0.0,0.0,0.0,4.0,4.0,4.0,0.0,0.0,0.0,0.0,0.0,0.0,0.0,4.0,4.0,4.0,0.0,0.0
20,4,4,5,0.2,0.2,0.3,dense,True,20,20,20,4,20,5,15,Shared MILP,stability_full_sequence_per_prompt,radius_derived,5,"0,10,20,30,40",0.0,0.0,0.0,0.0,0.0,1.0,1.0,1.0,0.0,0.0,8.25,8.0,8.5,0.25,0.25,8.3,8.0,8.5,0.3000000000000007,0.1999999999999993,7.4,7.0,8.0,0.40000000000000036,0.5999999999999996,9.0,9.0,9.0,0.0,0.0,0.0,0.0,0.0,0.0,0.0,4.0,4.0,4.0,0.0,0.0,0.0,0.0,0.0,0.0,0.0,4.0,4.0,4.0,0.0,0.0
20,4,4,5,0.2,0.2,0.3,dense,True,20,20,20,4,20,5,16,Shared MILP,stability_full_sequence_per_prompt,radius_derived,5,"0,10,20,30,40",0.0,0.0,0.0,0.0,0.0,1.0,1.0,1.0,0.0,0.0,8.25,8.0,8.5,0.25,0.25,8.3,8.0,8.5,0.3000000000000007,0.1999999999999993,7.4,7.0,8.0,0.40000000000000036,0.5999999999999996,9.0,9.0,9.0,0.0,0.0,0.0,0.0,0.0,0.0,0.0,4.0,4.0,4.0,0.0,0.0,0.0,0.0,0.0,0.0,0.0,4.0,4.0,4.0,0.0,0.0
20,4,4,5,0.2,0.2,0.3,dense,True,20,20,20,4,20,5,17,Shared MILP,stability_full_sequence_per_prompt,radius_derived,5,"0,10,20,30,40",0.0,0.0,0.0,0.0,0.0,1.0,1.0,1.0,0.0,0.0,8.25,8.0,8.5,0.25,0.25,8.3,8.0,8.5,0.3000000000000007,0.1999999999999993,7.4,7.0,8.0,0.40000000000000036,0.5999999999999996,9.0,9.0,9.0,0.0,0.0,0.0,0.0,0.0,0.0,0.0,4.0,4.0,4.0,0.0,0.0,0.0,0.0,0.0,0.0,0.0,4.0,4.0,4.0,0.0,0.0
20,4,4,5,0.2,0.2,0.3,dense,True,20,20,20,4,20,5,18,Shared MILP,stability_full_sequence_per_prompt,radius_derived,5,"0,10,20,30,40",0.0,0.0,0.0,0.0,0.0,1.0,1.0,1.0,0.0,0.0,8.25,8.0,8.5,0.25,0.25,8.3,8.0,8.5,0.3000000000000007,0.1999999999999993,7.4,7.0,8.0,0.40000000000000036,0.5999999999999996,9.0,9.0,9.0,0.0,0.0,0.0,0.0,0.0,0.0,0.0,4.0,4.0,4.0,0.0,0.0,0.0,0.0,0.0,0.0,0.0,4.0,4.0,4.0,0.0,0.0
20,4,4,5,0.2,0.2,0.3,dense,True,20,20,20,4,20,5,19,Shared MILP,stability_full_sequence_per_prompt,radius_derived,5,"0,10,20,30,40",0.0,0.0,0.0,0.0,0.0,1.0,1.0,1.0,0.0,0.0,8.25,8.0,8.5,0.25,0.25,8.3,8.0,8.5,0.3000000000000007,0.1999999999999993,7.4,7.0,8.0,0.40000000000000036,0.5999999999999996,9.0,9.0,9.0,0.0,0.0,0.0,0.0,0.0,0.0,0.0,4.0,4.0,4.0,0.0,0.0,0.0,0.0,0.0,0.0,0.0,4.0,4.0,4.0,0.0,0.0
20,4,4,5,0.2,0.2,0.3,dense,True,20,20,20,4,20,5,20,Shared MILP,stability_full_sequence_per_prompt,radius_derived,5,"0,10,20,30,40",0.0,0.0,0.0,0.0,0.0,1.0,1.0,1.0,0.0,0.0,8.25,8.0,8.5,0.25,0.25,8.3,8.0,8.5,0.3000000000000007,0.1999999999999993,7.4,7.0,8.0,0.40000000000000036,0.5999999999999996,9.0,9.0,9.0,0.0,0.0,0.0,0.0,0.0,0.0,0.0,4.0,4.0,4.0,0.0,0.0,0.0,0.0,0.0,0.0,0.0,4.0,4.0,4.0,0.0,0.0
20,4,4,5,0.2,0.2,0.3,dense,True,20,20,20,4,20,5,0,Plain DPA max token,validity_full_harmful_sequence_per_prompt,radius_derived,5,"0,10,20,30,40",1.0,1.0,1.0,0.0,0.0,0.0,0.0,0.0,0.0,0.0,5.0,4.0,5.75,1.0,0.75,5.1,4.0,6.0,1.0999999999999996,0.9000000000000004,3.6,3.0,4.0,0.6000000000000001,0.3999999999999999,6.2,5.0,7.0,1.2000000000000002,0.7999999999999998,4.0,4.0,4.0,0.0,0.0,4.0,4.0,4.0,0.0,0.0,0.0,0.0,0.0,0.0,0.0,4.0,4.0,4.0,0.0,0.0
20,4,4,5,0.2,0.2,0.3,dense,True,20,20,20,4,20,5,1,Plain DPA max token,validity_full_harmful_sequence_per_prompt,radius_derived,5,"0,10,20,30,40",1.0,1.0,1.0,0.0,0.0,0.0,0.0,0.0,0.0,0.0,5.0,4.0,5.75,1.0,0.75,5.1,4.0,6.0,1.0999999999999996,0.9000000000000004,3.6,3.0,4.0,0.6000000000000001,0.3999999999999999,6.2,5.0,7.0,1.2000000000000002,0.7999999999999998,4.0,4.0,4.0,0.0,0.0,4.0,4.0,4.0,0.0,0.0,0.0,0.0,0.0,0.0,0.0,4.0,4.0,4.0,0.0,0.0
20,4,4,5,0.2,0.2,0.3,dense,True,20,20,20,4,20,5,2,Plain DPA max token,validity_full_harmful_sequence_per_prompt,radius_derived,5,"0,10,20,30,40",1.0,1.0,1.0,0.0,0.0,0.0,0.0,0.0,0.0,0.0,5.0,4.0,5.75,1.0,0.75,5.1,4.0,6.0,1.0999999999999996,0.9000000000000004,3.6,3.0,4.0,0.6000000000000001,0.3999999999999999,6.2,5.0,7.0,1.2000000000000002,0.7999999999999998,4.0,4.0,4.0,0.0,0.0,4.0,4.0,4.0,0.0,0.0,0.0,0.0,0.0,0.0,0.0,4.0,4.0,4.0,0.0,0.0
20,4,4,5,0.2,0.2,0.3,dense,True,20,20,20,4,20,5,3,Plain DPA max token,validity_full_harmful_sequence_per_prompt,radius_derived,5,"0,10,20,30,40",0.9,0.75,1.0,0.15000000000000002,0.09999999999999998,0.1,0.0,0.25,0.1,0.15,5.0,4.0,5.75,1.0,0.75,5.1,4.0,6.0,1.0999999999999996,0.9000000000000004,3.6,3.0,4.0,0.6000000000000001,0.3999999999999999,6.2,5.0,7.0,1.2000000000000002,0.7999999999999998,3.6,3.0,4.0,0.6000000000000001,0.3999999999999999,4.0,4.0,4.0,0.0,0.0,0.0,0.0,0.0,0.0,0.0,4.0,4.0,4.0,0.0,0.0
20,4,4,5,0.2,0.2,0.3,dense,True,20,20,20,4,20,5,4,Plain DPA max token,validity_full_harmful_sequence_per_prompt,radius_derived,5,"0,10,20,30,40",0.6,0.25,0.75,0.35,0.15000000000000002,0.4,0.25,0.75,0.15000000000000002,0.35,5.0,4.0,5.75,1.0,0.75,5.1,4.0,6.0,1.0999999999999996,0.9000000000000004,3.6,3.0,4.0,0.6000000000000001,0.3999999999999999,6.2,5.0,7.0,1.2000000000000002,0.7999999999999998,2.4,1.0,3.0,1.4,0.6000000000000001,4.0,4.0,4.0,0.0,0.0,0.0,0.0,0.0,0.0,0.0,4.0,4.0,4.0,0.0,0.0
20,4,4,5,0.2,0.2,0.3,dense,True,20,20,20,4,20,5,5,Plain DPA max token,validity_full_harmful_sequence_per_prompt,radius_derived,5,"0,10,20,30,40",0.3,0.0,0.5,0.3,0.2,0.7,0.5,1.0,0.19999999999999996,0.30000000000000004,5.0,4.0,5.75,1.0,0.75,5.1,4.0,6.0,1.0999999999999996,0.9000000000000004,3.6,3.0,4.0,0.6000000000000001,0.3999999999999999,6.2,5.0,7.0,1.2000000000000002,0.7999999999999998,1.2,0.0,2.0,1.2,0.8,4.0,4.0,4.0,0.0,0.0,0.0,0.0,0.0,0.0,0.0,4.0,4.0,4.0,0.0,0.0
20,4,4,5,0.2,0.2,0.3,dense,True,20,20,20,4,20,5,6,Plain DPA max token,validity_full_harmful_sequence_per_prompt,radius_derived,5,"0,10,20,30,40",0.2,0.0,0.5,0.2,0.3,0.8,0.5,1.0,0.30000000000000004,0.19999999999999996,5.0,4.0,5.75,1.0,0.75,5.1,4.0,6.0,1.0999999999999996,0.9000000000000004,3.6,3.0,4.0,0.6000000000000001,0.3999999999999999,6.2,5.0,7.0,1.2000000000000002,0.7999999999999998,0.8,0.0,2.0,0.8,1.2,4.0,4.0,4.0,0.0,0.0,0.0,0.0,0.0,0.0,0.0,4.0,4.0,4.0,0.0,0.0
20,4,4,5,0.2,0.2,0.3,dense,True,20,20,20,4,20,5,7,Plain DPA max token,validity_full_harmful_sequence_per_prompt,radius_derived,5,"0,10,20,30,40",0.0,0.0,0.0,0.0,0.0,1.0,1.0,1.0,0.0,0.0,5.0,4.0,5.75,1.0,0.75,5.1,4.0,6.0,1.0999999999999996,0.9000000000000004,3.6,3.0,4.0,0.6000000000000001,0.3999999999999999,6.2,5.0,7.0,1.2000000000000002,0.7999999999999998,0.0,0.0,0.0,0.0,0.0,4.0,4.0,4.0,0.0,0.0,0.0,0.0,0.0,0.0,0.0,4.0,4.0,4.0,0.0,0.0
20,4,4,5,0.2,0.2,0.3,dense,True,20,20,20,4,20,5,8,Plain DPA max token,validity_full_harmful_sequence_per_prompt,radius_derived,5,"0,10,20,30,40",0.0,0.0,0.0,0.0,0.0,1.0,1.0,1.0,0.0,0.0,5.0,4.0,5.75,1.0,0.75,5.1,4.0,6.0,1.0999999999999996,0.9000000000000004,3.6,3.0,4.0,0.6000000000000001,0.3999999999999999,6.2,5.0,7.0,1.2000000000000002,0.7999999999999998,0.0,0.0,0.0,0.0,0.0,4.0,4.0,4.0,0.0,0.0,0.0,0.0,0.0,0.0,0.0,4.0,4.0,4.0,0.0,0.0
20,4,4,5,0.2,0.2,0.3,dense,True,20,20,20,4,20,5,9,Plain DPA max token,validity_full_harmful_sequence_per_prompt,radius_derived,5,"0,10,20,30,40",0.0,0.0,0.0,0.0,0.0,1.0,1.0,1.0,0.0,0.0,5.0,4.0,5.75,1.0,0.75,5.1,4.0,6.0,1.0999999999999996,0.9000000000000004,3.6,3.0,4.0,0.6000000000000001,0.3999999999999999,6.2,5.0,7.0,1.2000000000000002,0.7999999999999998,0.0,0.0,0.0,0.0,0.0,4.0,4.0,4.0,0.0,0.0,0.0,0.0,0.0,0.0,0.0,4.0,4.0,4.0,0.0,0.0
20,4,4,5,0.2,0.2,0.3,dense,True,20,20,20,4,20,5,10,Plain DPA max token,validity_full_harmful_sequence_per_prompt,radius_derived,5,"0,10,20,30,40",0.0,0.0,0.0,0.0,0.0,1.0,1.0,1.0,0.0,0.0,5.0,4.0,5.75,1.0,0.75,5.1,4.0,6.0,1.0999999999999996,0.9000000000000004,3.6,3.0,4.0,0.6000000000000001,0.3999999999999999,6.2,5.0,7.0,1.2000000000000002,0.7999999999999998,0.0,0.0,0.0,0.0,0.0,4.0,4.0,4.0,0.0,0.0,0.0,0.0,0.0,0.0,0.0,4.0,4.0,4.0,0.0,0.0
20,4,4,5,0.2,0.2,0.3,dense,True,20,20,20,4,20,5,11,Plain DPA max token,validity_full_harmful_sequence_per_prompt,radius_derived,5,"0,10,20,30,40",0.0,0.0,0.0,0.0,0.0,1.0,1.0,1.0,0.0,0.0,5.0,4.0,5.75,1.0,0.75,5.1,4.0,6.0,1.0999999999999996,0.9000000000000004,3.6,3.0,4.0,0.6000000000000001,0.3999999999999999,6.2,5.0,7.0,1.2000000000000002,0.7999999999999998,0.0,0.0,0.0,0.0,0.0,4.0,4.0,4.0,0.0,0.0,0.0,0.0,0.0,0.0,0.0,4.0,4.0,4.0,0.0,0.0
20,4,4,5,0.2,0.2,0.3,dense,True,20,20,20,4,20,5,12,Plain DPA max token,validity_full_harmful_sequence_per_prompt,radius_derived,5,"0,10,20,30,40",0.0,0.0,0.0,0.0,0.0,1.0,1.0,1.0,0.0,0.0,5.0,4.0,5.75,1.0,0.75,5.1,4.0,6.0,1.0999999999999996,0.9000000000000004,3.6,3.0,4.0,0.6000000000000001,0.3999999999999999,6.2,5.0,7.0,1.2000000000000002,0.7999999999999998,0.0,0.0,0.0,0.0,0.0,4.0,4.0,4.0,0.0,0.0,0.0,0.0,0.0,0.0,0.0,4.0,4.0,4.0,0.0,0.0
20,4,4,5,0.2,0.2,0.3,dense,True,20,20,20,4,20,5,13,Plain DPA max token,validity_full_harmful_sequence_per_prompt,radius_derived,5,"0,10,20,30,40",0.0,0.0,0.0,0.0,0.0,1.0,1.0,1.0,0.0,0.0,5.0,4.0,5.75,1.0,0.75,5.1,4.0,6.0,1.0999999999999996,0.9000000000000004,3.6,3.0,4.0,0.6000000000000001,0.3999999999999999,6.2,5.0,7.0,1.2000000000000002,0.7999999999999998,0.0,0.0,0.0,0.0,0.0,4.0,4.0,4.0,0.0,0.0,0.0,0.0,0.0,0.0,0.0,4.0,4.0,4.0,0.0,0.0
20,4,4,5,0.2,0.2,0.3,dense,True,20,20,20,4,20,5,14,Plain DPA max token,validity_full_harmful_sequence_per_prompt,radius_derived,5,"0,10,20,30,40",0.0,0.0,0.0,0.0,0.0,1.0,1.0,1.0,0.0,0.0,5.0,4.0,5.75,1.0,0.75,5.1,4.0,6.0,1.0999999999999996,0.9000000000000004,3.6,3.0,4.0,0.6000000000000001,0.3999999999999999,6.2,5.0,7.0,1.2000000000000002,0.7999999999999998,0.0,0.0,0.0,0.0,0.0,4.0,4.0,4.0,0.0,0.0,0.0,0.0,0.0,0.0,0.0,4.0,4.0,4.0,0.0,0.0
20,4,4,5,0.2,0.2,0.3,dense,True,20,20,20,4,20,5,15,Plain DPA max token,validity_full_harmful_sequence_per_prompt,radius_derived,5,"0,10,20,30,40",0.0,0.0,0.0,0.0,0.0,1.0,1.0,1.0,0.0,0.0,5.0,4.0,5.75,1.0,0.75,5.1,4.0,6.0,1.0999999999999996,0.9000000000000004,3.6,3.0,4.0,0.6000000000000001,0.3999999999999999,6.2,5.0,7.0,1.2000000000000002,0.7999999999999998,0.0,0.0,0.0,0.0,0.0,4.0,4.0,4.0,0.0,0.0,0.0,0.0,0.0,0.0,0.0,4.0,4.0,4.0,0.0,0.0
20,4,4,5,0.2,0.2,0.3,dense,True,20,20,20,4,20,5,16,Plain DPA max token,validity_full_harmful_sequence_per_prompt,radius_derived,5,"0,10,20,30,40",0.0,0.0,0.0,0.0,0.0,1.0,1.0,1.0,0.0,0.0,5.0,4.0,5.75,1.0,0.75,5.1,4.0,6.0,1.0999999999999996,0.9000000000000004,3.6,3.0,4.0,0.6000000000000001,0.3999999999999999,6.2,5.0,7.0,1.2000000000000002,0.7999999999999998,0.0,0.0,0.0,0.0,0.0,4.0,4.0,4.0,0.0,0.0,0.0,0.0,0.0,0.0,0.0,4.0,4.0,4.0,0.0,0.0
20,4,4,5,0.2,0.2,0.3,dense,True,20,20,20,4,20,5,17,Plain DPA max token,validity_full_harmful_sequence_per_prompt,radius_derived,5,"0,10,20,30,40",0.0,0.0,0.0,0.0,0.0,1.0,1.0,1.0,0.0,0.0,5.0,4.0,5.75,1.0,0.75,5.1,4.0,6.0,1.0999999999999996,0.9000000000000004,3.6,3.0,4.0,0.6000000000000001,0.3999999999999999,6.2,5.0,7.0,1.2000000000000002,0.7999999999999998,0.0,0.0,0.0,0.0,0.0,4.0,4.0,4.0,0.0,0.0,0.0,0.0,0.0,0.0,0.0,4.0,4.0,4.0,0.0,0.0
20,4,4,5,0.2,0.2,0.3,dense,True,20,20,20,4,20,5,18,Plain DPA max token,validity_full_harmful_sequence_per_prompt,radius_derived,5,"0,10,20,30,40",0.0,0.0,0.0,0.0,0.0,1.0,1.0,1.0,0.0,0.0,5.0,4.0,5.75,1.0,0.75,5.1,4.0,6.0,1.0999999999999996,0.9000000000000004,3.6,3.0,4.0,0.6000000000000001,0.3999999999999999,6.2,5.0,7.0,1.2000000000000002,0.7999999999999998,0.0,0.0,0.0,0.0,0.0,4.0,4.0,4.0,0.0,0.0,0.0,0.0,0.0,0.0,0.0,4.0,4.0,4.0,0.0,0.0
20,4,4,5,0.2,0.2,0.3,dense,True,20,20,20,4,20,5,19,Plain DPA max token,validity_full_harmful_sequence_per_prompt,radius_derived,5,"0,10,20,30,40",0.0,0.0,0.0,0.0,0.0,1.0,1.0,1.0,0.0,0.0,5.0,4.0,5.75,1.0,0.75,5.1,4.0,6.0,1.0999999999999996,0.9000000000000004,3.6,3.0,4.0,0.6000000000000001,0.3999999999999999,6.2,5.0,7.0,1.2000000000000002,0.7999999999999998,0.0,0.0,0.0,0.0,0.0,4.0,4.0,4.0,0.0,0.0,0.0,0.0,0.0,0.0,0.0,4.0,4.0,4.0,0.0,0.0
20,4,4,5,0.2,0.2,0.3,dense,True,20,20,20,4,20,5,20,Plain DPA max token,validity_full_harmful_sequence_per_prompt,radius_derived,5,"0,10,20,30,40",0.0,0.0,0.0,0.0,0.0,1.0,1.0,1.0,0.0,0.0,5.0,4.0,5.75,1.0,0.75,5.1,4.0,6.0,1.0999999999999996,0.9000000000000004,3.6,3.0,4.0,0.6000000000000001,0.3999999999999999,6.2,5.0,7.0,1.2000000000000002,0.7999999999999998,0.0,0.0,0.0,0.0,0.0,4.0,4.0,4.0,0.0,0.0,0.0,0.0,0.0,0.0,0.0,4.0,4.0,4.0,0.0,0.0
20,4,4,5,0.2,0.2,0.3,dense,True,20,20,20,4,20,5,0,Shard-aware weakest-token diagnostic,weakest_harmful_token_not_full_sequence_validity,radius_derived,5,"0,10,20,30,40",0.75,0.5,1.0,0.25,0.25,0.25,0.0,0.5,0.25,0.25,1.4,1.0,2.0,0.3999999999999999,0.6000000000000001,1.3,0.5,2.0,0.8,0.7,0.4,0.0,2.0,0.4,1.6,2.6,2.0,4.0,0.6000000000000001,1.4,3.0,2.0,4.0,1.0,1.0,4.0,4.0,4.0,0.0,0.0,0.0,0.0,0.0,0.0,0.0,4.0,4.0,4.0,0.0,0.0
20,4,4,5,0.2,0.2,0.3,dense,True,20,20,20,4,20,5,1,Shard-aware weakest-token diagnostic,weakest_harmful_token_not_full_sequence_validity,radius_derived,5,"0,10,20,30,40",0.45,0.25,1.0,0.2,0.55,0.55,0.0,0.75,0.55,0.19999999999999996,1.4,1.0,2.0,0.3999999999999999,0.6000000000000001,1.3,0.5,2.0,0.8,0.7,0.4,0.0,2.0,0.4,1.6,2.6,2.0,4.0,0.6000000000000001,1.4,1.8,1.0,4.0,0.8,2.2,4.0,4.0,4.0,0.0,0.0,0.0,0.0,0.0,0.0,0.0,4.0,4.0,4.0,0.0,0.0
20,4,4,5,0.2,0.2,0.3,dense,True,20,20,20,4,20,5,2,Shard-aware weakest-token diagnostic,weakest_harmful_token_not_full_sequence_validity,radius_derived,5,"0,10,20,30,40",0.15,0.0,0.5,0.15,0.35,0.85,0.5,1.0,0.35,0.15000000000000002,1.4,1.0,2.0,0.3999999999999999,0.6000000000000001,1.3,0.5,2.0,0.8,0.7,0.4,0.0,2.0,0.4,1.6,2.6,2.0,4.0,0.6000000000000001,1.4,0.6,0.0,2.0,0.6,1.4,4.0,4.0,4.0,0.0,0.0,0.0,0.0,0.0,0.0,0.0,4.0,4.0,4.0,0.0,0.0
20,4,4,5,0.2,0.2,0.3,dense,True,20,20,20,4,20,5,3,Shard-aware weakest-token diagnostic,weakest_harmful_token_not_full_sequence_validity,radius_derived,5,"0,10,20,30,40",0.05,0.0,0.25,0.05,0.2,0.95,0.75,1.0,0.19999999999999996,0.050000000000000044,1.4,1.0,2.0,0.3999999999999999,0.6000000000000001,1.3,0.5,2.0,0.8,0.7,0.4,0.0,2.0,0.4,1.6,2.6,2.0,4.0,0.6000000000000001,1.4,0.2,0.0,1.0,0.2,0.8,4.0,4.0,4.0,0.0,0.0,0.0,0.0,0.0,0.0,0.0,4.0,4.0,4.0,0.0,0.0
20,4,4,5,0.2,0.2,0.3,dense,True,20,20,20,4,20,5,4,Shard-aware weakest-token diagnostic,weakest_harmful_token_not_full_sequence_validity,radius_derived,5,"0,10,20,30,40",0.0,0.0,0.0,0.0,0.0,1.0,1.0,1.0,0.0,0.0,1.4,1.0,2.0,0.3999999999999999,0.6000000000000001,1.3,0.5,2.0,0.8,0.7,0.4,0.0,2.0,0.4,1.6,2.6,2.0,4.0,0.6000000000000001,1.4,0.0,0.0,0.0,0.0,0.0,4.0,4.0,4.0,0.0,0.0,0.0,0.0,0.0,0.0,0.0,4.0,4.0,4.0,0.0,0.0
20,4,4,5,0.2,0.2,0.3,dense,True,20,20,20,4,20,5,5,Shard-aware weakest-token diagnostic,weakest_harmful_token_not_full_sequence_validity,radius_derived,5,"0,10,20,30,40",0.0,0.0,0.0,0.0,0.0,1.0,1.0,1.0,0.0,0.0,1.4,1.0,2.0,0.3999999999999999,0.6000000000000001,1.3,0.5,2.0,0.8,0.7,0.4,0.0,2.0,0.4,1.6,2.6,2.0,4.0,0.6000000000000001,1.4,0.0,0.0,0.0,0.0,0.0,4.0,4.0,4.0,0.0,0.0,0.0,0.0,0.0,0.0,0.0,4.0,4.0,4.0,0.0,0.0
20,4,4,5,0.2,0.2,0.3,dense,True,20,20,20,4,20,5,6,Shard-aware weakest-token diagnostic,weakest_harmful_token_not_full_sequence_validity,radius_derived,5,"0,10,20,30,40",0.0,0.0,0.0,0.0,0.0,1.0,1.0,1.0,0.0,0.0,1.4,1.0,2.0,0.3999999999999999,0.6000000000000001,1.3,0.5,2.0,0.8,0.7,0.4,0.0,2.0,0.4,1.6,2.6,2.0,4.0,0.6000000000000001,1.4,0.0,0.0,0.0,0.0,0.0,4.0,4.0,4.0,0.0,0.0,0.0,0.0,0.0,0.0,0.0,4.0,4.0,4.0,0.0,0.0
20,4,4,5,0.2,0.2,0.3,dense,True,20,20,20,4,20,5,7,Shard-aware weakest-token diagnostic,weakest_harmful_token_not_full_sequence_validity,radius_derived,5,"0,10,20,30,40",0.0,0.0,0.0,0.0,0.0,1.0,1.0,1.0,0.0,0.0,1.4,1.0,2.0,0.3999999999999999,0.6000000000000001,1.3,0.5,2.0,0.8,0.7,0.4,0.0,2.0,0.4,1.6,2.6,2.0,4.0,0.6000000000000001,1.4,0.0,0.0,0.0,0.0,0.0,4.0,4.0,4.0,0.0,0.0,0.0,0.0,0.0,0.0,0.0,4.0,4.0,4.0,0.0,0.0
20,4,4,5,0.2,0.2,0.3,dense,True,20,20,20,4,20,5,8,Shard-aware weakest-token diagnostic,weakest_harmful_token_not_full_sequence_validity,radius_derived,5,"0,10,20,30,40",0.0,0.0,0.0,0.0,0.0,1.0,1.0,1.0,0.0,0.0,1.4,1.0,2.0,0.3999999999999999,0.6000000000000001,1.3,0.5,2.0,0.8,0.7,0.4,0.0,2.0,0.4,1.6,2.6,2.0,4.0,0.6000000000000001,1.4,0.0,0.0,0.0,0.0,0.0,4.0,4.0,4.0,0.0,0.0,0.0,0.0,0.0,0.0,0.0,4.0,4.0,4.0,0.0,0.0
20,4,4,5,0.2,0.2,0.3,dense,True,20,20,20,4,20,5,9,Shard-aware weakest-token diagnostic,weakest_harmful_token_not_full_sequence_validity,radius_derived,5,"0,10,20,30,40",0.0,0.0,0.0,0.0,0.0,1.0,1.0,1.0,0.0,0.0,1.4,1.0,2.0,0.3999999999999999,0.6000000000000001,1.3,0.5,2.0,0.8,0.7,0.4,0.0,2.0,0.4,1.6,2.6,2.0,4.0,0.6000000000000001,1.4,0.0,0.0,0.0,0.0,0.0,4.0,4.0,4.0,0.0,0.0,0.0,0.0,0.0,0.0,0.0,4.0,4.0,4.0,0.0,0.0
20,4,4,5,0.2,0.2,0.3,dense,True,20,20,20,4,20,5,10,Shard-aware weakest-token diagnostic,weakest_harmful_token_not_full_sequence_validity,radius_derived,5,"0,10,20,30,40",0.0,0.0,0.0,0.0,0.0,1.0,1.0,1.0,0.0,0.0,1.4,1.0,2.0,0.3999999999999999,0.6000000000000001,1.3,0.5,2.0,0.8,0.7,0.4,0.0,2.0,0.4,1.6,2.6,2.0,4.0,0.6000000000000001,1.4,0.0,0.0,0.0,0.0,0.0,4.0,4.0,4.0,0.0,0.0,0.0,0.0,0.0,0.0,0.0,4.0,4.0,4.0,0.0,0.0
20,4,4,5,0.2,0.2,0.3,dense,True,20,20,20,4,20,5,11,Shard-aware weakest-token diagnostic,weakest_harmful_token_not_full_sequence_validity,radius_derived,5,"0,10,20,30,40",0.0,0.0,0.0,0.0,0.0,1.0,1.0,1.0,0.0,0.0,1.4,1.0,2.0,0.3999999999999999,0.6000000000000001,1.3,0.5,2.0,0.8,0.7,0.4,0.0,2.0,0.4,1.6,2.6,2.0,4.0,0.6000000000000001,1.4,0.0,0.0,0.0,0.0,0.0,4.0,4.0,4.0,0.0,0.0,0.0,0.0,0.0,0.0,0.0,4.0,4.0,4.0,0.0,0.0
20,4,4,5,0.2,0.2,0.3,dense,True,20,20,20,4,20,5,12,Shard-aware weakest-token diagnostic,weakest_harmful_token_not_full_sequence_validity,radius_derived,5,"0,10,20,30,40",0.0,0.0,0.0,0.0,0.0,1.0,1.0,1.0,0.0,0.0,1.4,1.0,2.0,0.3999999999999999,0.6000000000000001,1.3,0.5,2.0,0.8,0.7,0.4,0.0,2.0,0.4,1.6,2.6,2.0,4.0,0.6000000000000001,1.4,0.0,0.0,0.0,0.0,0.0,4.0,4.0,4.0,0.0,0.0,0.0,0.0,0.0,0.0,0.0,4.0,4.0,4.0,0.0,0.0
20,4,4,5,0.2,0.2,0.3,dense,True,20,20,20,4,20,5,13,Shard-aware weakest-token diagnostic,weakest_harmful_token_not_full_sequence_validity,radius_derived,5,"0,10,20,30,40",0.0,0.0,0.0,0.0,0.0,1.0,1.0,1.0,0.0,0.0,1.4,1.0,2.0,0.3999999999999999,0.6000000000000001,1.3,0.5,2.0,0.8,0.7,0.4,0.0,2.0,0.4,1.6,2.6,2.0,4.0,0.6000000000000001,1.4,0.0,0.0,0.0,0.0,0.0,4.0,4.0,4.0,0.0,0.0,0.0,0.0,0.0,0.0,0.0,4.0,4.0,4.0,0.0,0.0
20,4,4,5,0.2,0.2,0.3,dense,True,20,20,20,4,20,5,14,Shard-aware weakest-token diagnostic,weakest_harmful_token_not_full_sequence_validity,radius_derived,5,"0,10,20,30,40",0.0,0.0,0.0,0.0,0.0,1.0,1.0,1.0,0.0,0.0,1.4,1.0,2.0,0.3999999999999999,0.6000000000000001,1.3,0.5,2.0,0.8,0.7,0.4,0.0,2.0,0.4,1.6,2.6,2.0,4.0,0.6000000000000001,1.4,0.0,0.0,0.0,0.0,0.0,4.0,4.0,4.0,0.0,0.0,0.0,0.0,0.0,0.0,0.0,4.0,4.0,4.0,0.0,0.0
20,4,4,5,0.2,0.2,0.3,dense,True,20,20,20,4,20,5,15,Shard-aware weakest-token diagnostic,weakest_harmful_token_not_full_sequence_validity,radius_derived,5,"0,10,20,30,40",0.0,0.0,0.0,0.0,0.0,1.0,1.0,1.0,0.0,0.0,1.4,1.0,2.0,0.3999999999999999,0.6000000000000001,1.3,0.5,2.0,0.8,0.7,0.4,0.0,2.0,0.4,1.6,2.6,2.0,4.0,0.6000000000000001,1.4,0.0,0.0,0.0,0.0,0.0,4.0,4.0,4.0,0.0,0.0,0.0,0.0,0.0,0.0,0.0,4.0,4.0,4.0,0.0,0.0
20,4,4,5,0.2,0.2,0.3,dense,True,20,20,20,4,20,5,16,Shard-aware weakest-token diagnostic,weakest_harmful_token_not_full_sequence_validity,radius_derived,5,"0,10,20,30,40",0.0,0.0,0.0,0.0,0.0,1.0,1.0,1.0,0.0,0.0,1.4,1.0,2.0,0.3999999999999999,0.6000000000000001,1.3,0.5,2.0,0.8,0.7,0.4,0.0,2.0,0.4,1.6,2.6,2.0,4.0,0.6000000000000001,1.4,0.0,0.0,0.0,0.0,0.0,4.0,4.0,4.0,0.0,0.0,0.0,0.0,0.0,0.0,0.0,4.0,4.0,4.0,0.0,0.0
20,4,4,5,0.2,0.2,0.3,dense,True,20,20,20,4,20,5,17,Shard-aware weakest-token diagnostic,weakest_harmful_token_not_full_sequence_validity,radius_derived,5,"0,10,20,30,40",0.0,0.0,0.0,0.0,0.0,1.0,1.0,1.0,0.0,0.0,1.4,1.0,2.0,0.3999999999999999,0.6000000000000001,1.3,0.5,2.0,0.8,0.7,0.4,0.0,2.0,0.4,1.6,2.6,2.0,4.0,0.6000000000000001,1.4,0.0,0.0,0.0,0.0,0.0,4.0,4.0,4.0,0.0,0.0,0.0,0.0,0.0,0.0,0.0,4.0,4.0,4.0,0.0,0.0
20,4,4,5,0.2,0.2,0.3,dense,True,20,20,20,4,20,5,18,Shard-aware weakest-token diagnostic,weakest_harmful_token_not_full_sequence_validity,radius_derived,5,"0,10,20,30,40",0.0,0.0,0.0,0.0,0.0,1.0,1.0,1.0,0.0,0.0,1.4,1.0,2.0,0.3999999999999999,0.6000000000000001,1.3,0.5,2.0,0.8,0.7,0.4,0.0,2.0,0.4,1.6,2.6,2.0,4.0,0.6000000000000001,1.4,0.0,0.0,0.0,0.0,0.0,4.0,4.0,4.0,0.0,0.0,0.0,0.0,0.0,0.0,0.0,4.0,4.0,4.0,0.0,0.0
20,4,4,5,0.2,0.2,0.3,dense,True,20,20,20,4,20,5,19,Shard-aware weakest-token diagnostic,weakest_harmful_token_not_full_sequence_validity,radius_derived,5,"0,10,20,30,40",0.0,0.0,0.0,0.0,0.0,1.0,1.0,1.0,0.0,0.0,1.4,1.0,2.0,0.3999999999999999,0.6000000000000001,1.3,0.5,2.0,0.8,0.7,0.4,0.0,2.0,0.4,1.6,2.6,2.0,4.0,0.6000000000000001,1.4,0.0,0.0,0.0,0.0,0.0,4.0,4.0,4.0,0.0,0.0,0.0,0.0,0.0,0.0,0.0,4.0,4.0,4.0,0.0,0.0
20,4,4,5,0.2,0.2,0.3,dense,True,20,20,20,4,20,5,20,Shard-aware weakest-token diagnostic,weakest_harmful_token_not_full_sequence_validity,radius_derived,5,"0,10,20,30,40",0.0,0.0,0.0,0.0,0.0,1.0,1.0,1.0,0.0,0.0,1.4,1.0,2.0,0.3999999999999999,0.6000000000000001,1.3,0.5,2.0,0.8,0.7,0.4,0.0,2.0,0.4,1.6,2.6,2.0,4.0,0.6000000000000001,1.4,0.0,0.0,0.0,0.0,0.0,4.0,4.0,4.0,0.0,0.0,0.0,0.0,0.0,0.0,0.0,4.0,4.0,4.0,0.0,0.0
20,4,4,5,0.2,0.2,0.3,dense,True,20,20,20,4,20,5,0,Shard-aware independent max-token diagnostic,most_difficult_harmful_token_not_full_sequence_validity,radius_derived,5,"0,10,20,30,40",1.0,1.0,1.0,0.0,0.0,0.0,0.0,0.0,0.0,0.0,5.0,4.0,5.75,1.0,0.75,5.1,4.0,6.0,1.0999999999999996,0.9000000000000004,3.6,3.0,4.0,0.6000000000000001,0.3999999999999999,6.2,5.0,7.0,1.2000000000000002,0.7999999999999998,4.0,4.0,4.0,0.0,0.0,4.0,4.0,4.0,0.0,0.0,0.0,0.0,0.0,0.0,0.0,4.0,4.0,4.0,0.0,0.0
20,4,4,5,0.2,0.2,0.3,dense,True,20,20,20,4,20,5,1,Shard-aware independent max-token diagnostic,most_difficult_harmful_token_not_full_sequence_validity,radius_derived,5,"0,10,20,30,40",1.0,1.0,1.0,0.0,0.0,0.0,0.0,0.0,0.0,0.0,5.0,4.0,5.75,1.0,0.75,5.1,4.0,6.0,1.0999999999999996,0.9000000000000004,3.6,3.0,4.0,0.6000000000000001,0.3999999999999999,6.2,5.0,7.0,1.2000000000000002,0.7999999999999998,4.0,4.0,4.0,0.0,0.0,4.0,4.0,4.0,0.0,0.0,0.0,0.0,0.0,0.0,0.0,4.0,4.0,4.0,0.0,0.0
20,4,4,5,0.2,0.2,0.3,dense,True,20,20,20,4,20,5,2,Shard-aware independent max-token diagnostic,most_difficult_harmful_token_not_full_sequence_validity,radius_derived,5,"0,10,20,30,40",1.0,1.0,1.0,0.0,0.0,0.0,0.0,0.0,0.0,0.0,5.0,4.0,5.75,1.0,0.75,5.1,4.0,6.0,1.0999999999999996,0.9000000000000004,3.6,3.0,4.0,0.6000000000000001,0.3999999999999999,6.2,5.0,7.0,1.2000000000000002,0.7999999999999998,4.0,4.0,4.0,0.0,0.0,4.0,4.0,4.0,0.0,0.0,0.0,0.0,0.0,0.0,0.0,4.0,4.0,4.0,0.0,0.0
20,4,4,5,0.2,0.2,0.3,dense,True,20,20,20,4,20,5,3,Shard-aware independent max-token diagnostic,most_difficult_harmful_token_not_full_sequence_validity,radius_derived,5,"0,10,20,30,40",0.9,0.75,1.0,0.15000000000000002,0.09999999999999998,0.1,0.0,0.25,0.1,0.15,5.0,4.0,5.75,1.0,0.75,5.1,4.0,6.0,1.0999999999999996,0.9000000000000004,3.6,3.0,4.0,0.6000000000000001,0.3999999999999999,6.2,5.0,7.0,1.2000000000000002,0.7999999999999998,3.6,3.0,4.0,0.6000000000000001,0.3999999999999999,4.0,4.0,4.0,0.0,0.0,0.0,0.0,0.0,0.0,0.0,4.0,4.0,4.0,0.0,0.0
20,4,4,5,0.2,0.2,0.3,dense,True,20,20,20,4,20,5,4,Shard-aware independent max-token diagnostic,most_difficult_harmful_token_not_full_sequence_validity,radius_derived,5,"0,10,20,30,40",0.6,0.25,0.75,0.35,0.15000000000000002,0.4,0.25,0.75,0.15000000000000002,0.35,5.0,4.0,5.75,1.0,0.75,5.1,4.0,6.0,1.0999999999999996,0.9000000000000004,3.6,3.0,4.0,0.6000000000000001,0.3999999999999999,6.2,5.0,7.0,1.2000000000000002,0.7999999999999998,2.4,1.0,3.0,1.4,0.6000000000000001,4.0,4.0,4.0,0.0,0.0,0.0,0.0,0.0,0.0,0.0,4.0,4.0,4.0,0.0,0.0
20,4,4,5,0.2,0.2,0.3,dense,True,20,20,20,4,20,5,5,Shard-aware independent max-token diagnostic,most_difficult_harmful_token_not_full_sequence_validity,radius_derived,5,"0,10,20,30,40",0.3,0.0,0.5,0.3,0.2,0.7,0.5,1.0,0.19999999999999996,0.30000000000000004,5.0,4.0,5.75,1.0,0.75,5.1,4.0,6.0,1.0999999999999996,0.9000000000000004,3.6,3.0,4.0,0.6000000000000001,0.3999999999999999,6.2,5.0,7.0,1.2000000000000002,0.7999999999999998,1.2,0.0,2.0,1.2,0.8,4.0,4.0,4.0,0.0,0.0,0.0,0.0,0.0,0.0,0.0,4.0,4.0,4.0,0.0,0.0
20,4,4,5,0.2,0.2,0.3,dense,True,20,20,20,4,20,5,6,Shard-aware independent max-token diagnostic,most_difficult_harmful_token_not_full_sequence_validity,radius_derived,5,"0,10,20,30,40",0.2,0.0,0.5,0.2,0.3,0.8,0.5,1.0,0.30000000000000004,0.19999999999999996,5.0,4.0,5.75,1.0,0.75,5.1,4.0,6.0,1.0999999999999996,0.9000000000000004,3.6,3.0,4.0,0.6000000000000001,0.3999999999999999,6.2,5.0,7.0,1.2000000000000002,0.7999999999999998,0.8,0.0,2.0,0.8,1.2,4.0,4.0,4.0,0.0,0.0,0.0,0.0,0.0,0.0,0.0,4.0,4.0,4.0,0.0,0.0
20,4,4,5,0.2,0.2,0.3,dense,True,20,20,20,4,20,5,7,Shard-aware independent max-token diagnostic,most_difficult_harmful_token_not_full_sequence_validity,radius_derived,5,"0,10,20,30,40",0.0,0.0,0.0,0.0,0.0,1.0,1.0,1.0,0.0,0.0,5.0,4.0,5.75,1.0,0.75,5.1,4.0,6.0,1.0999999999999996,0.9000000000000004,3.6,3.0,4.0,0.6000000000000001,0.3999999999999999,6.2,5.0,7.0,1.2000000000000002,0.7999999999999998,0.0,0.0,0.0,0.0,0.0,4.0,4.0,4.0,0.0,0.0,0.0,0.0,0.0,0.0,0.0,4.0,4.0,4.0,0.0,0.0
20,4,4,5,0.2,0.2,0.3,dense,True,20,20,20,4,20,5,8,Shard-aware independent max-token diagnostic,most_difficult_harmful_token_not_full_sequence_validity,radius_derived,5,"0,10,20,30,40",0.0,0.0,0.0,0.0,0.0,1.0,1.0,1.0,0.0,0.0,5.0,4.0,5.75,1.0,0.75,5.1,4.0,6.0,1.0999999999999996,0.9000000000000004,3.6,3.0,4.0,0.6000000000000001,0.3999999999999999,6.2,5.0,7.0,1.2000000000000002,0.7999999999999998,0.0,0.0,0.0,0.0,0.0,4.0,4.0,4.0,0.0,0.0,0.0,0.0,0.0,0.0,0.0,4.0,4.0,4.0,0.0,0.0
20,4,4,5,0.2,0.2,0.3,dense,True,20,20,20,4,20,5,9,Shard-aware independent max-token diagnostic,most_difficult_harmful_token_not_full_sequence_validity,radius_derived,5,"0,10,20,30,40",0.0,0.0,0.0,0.0,0.0,1.0,1.0,1.0,0.0,0.0,5.0,4.0,5.75,1.0,0.75,5.1,4.0,6.0,1.0999999999999996,0.9000000000000004,3.6,3.0,4.0,0.6000000000000001,0.3999999999999999,6.2,5.0,7.0,1.2000000000000002,0.7999999999999998,0.0,0.0,0.0,0.0,0.0,4.0,4.0,4.0,0.0,0.0,0.0,0.0,0.0,0.0,0.0,4.0,4.0,4.0,0.0,0.0
20,4,4,5,0.2,0.2,0.3,dense,True,20,20,20,4,20,5,10,Shard-aware independent max-token diagnostic,most_difficult_harmful_token_not_full_sequence_validity,radius_derived,5,"0,10,20,30,40",0.0,0.0,0.0,0.0,0.0,1.0,1.0,1.0,0.0,0.0,5.0,4.0,5.75,1.0,0.75,5.1,4.0,6.0,1.0999999999999996,0.9000000000000004,3.6,3.0,4.0,0.6000000000000001,0.3999999999999999,6.2,5.0,7.0,1.2000000000000002,0.7999999999999998,0.0,0.0,0.0,0.0,0.0,4.0,4.0,4.0,0.0,0.0,0.0,0.0,0.0,0.0,0.0,4.0,4.0,4.0,0.0,0.0
20,4,4,5,0.2,0.2,0.3,dense,True,20,20,20,4,20,5,11,Shard-aware independent max-token diagnostic,most_difficult_harmful_token_not_full_sequence_validity,radius_derived,5,"0,10,20,30,40",0.0,0.0,0.0,0.0,0.0,1.0,1.0,1.0,0.0,0.0,5.0,4.0,5.75,1.0,0.75,5.1,4.0,6.0,1.0999999999999996,0.9000000000000004,3.6,3.0,4.0,0.6000000000000001,0.3999999999999999,6.2,5.0,7.0,1.2000000000000002,0.7999999999999998,0.0,0.0,0.0,0.0,0.0,4.0,4.0,4.0,0.0,0.0,0.0,0.0,0.0,0.0,0.0,4.0,4.0,4.0,0.0,0.0
20,4,4,5,0.2,0.2,0.3,dense,True,20,20,20,4,20,5,12,Shard-aware independent max-token diagnostic,most_difficult_harmful_token_not_full_sequence_validity,radius_derived,5,"0,10,20,30,40",0.0,0.0,0.0,0.0,0.0,1.0,1.0,1.0,0.0,0.0,5.0,4.0,5.75,1.0,0.75,5.1,4.0,6.0,1.0999999999999996,0.9000000000000004,3.6,3.0,4.0,0.6000000000000001,0.3999999999999999,6.2,5.0,7.0,1.2000000000000002,0.7999999999999998,0.0,0.0,0.0,0.0,0.0,4.0,4.0,4.0,0.0,0.0,0.0,0.0,0.0,0.0,0.0,4.0,4.0,4.0,0.0,0.0
20,4,4,5,0.2,0.2,0.3,dense,True,20,20,20,4,20,5,13,Shard-aware independent max-token diagnostic,most_difficult_harmful_token_not_full_sequence_validity,radius_derived,5,"0,10,20,30,40",0.0,0.0,0.0,0.0,0.0,1.0,1.0,1.0,0.0,0.0,5.0,4.0,5.75,1.0,0.75,5.1,4.0,6.0,1.0999999999999996,0.9000000000000004,3.6,3.0,4.0,0.6000000000000001,0.3999999999999999,6.2,5.0,7.0,1.2000000000000002,0.7999999999999998,0.0,0.0,0.0,0.0,0.0,4.0,4.0,4.0,0.0,0.0,0.0,0.0,0.0,0.0,0.0,4.0,4.0,4.0,0.0,0.0
20,4,4,5,0.2,0.2,0.3,dense,True,20,20,20,4,20,5,14,Shard-aware independent max-token diagnostic,most_difficult_harmful_token_not_full_sequence_validity,radius_derived,5,"0,10,20,30,40",0.0,0.0,0.0,0.0,0.0,1.0,1.0,1.0,0.0,0.0,5.0,4.0,5.75,1.0,0.75,5.1,4.0,6.0,1.0999999999999996,0.9000000000000004,3.6,3.0,4.0,0.6000000000000001,0.3999999999999999,6.2,5.0,7.0,1.2000000000000002,0.7999999999999998,0.0,0.0,0.0,0.0,0.0,4.0,4.0,4.0,0.0,0.0,0.0,0.0,0.0,0.0,0.0,4.0,4.0,4.0,0.0,0.0
20,4,4,5,0.2,0.2,0.3,dense,True,20,20,20,4,20,5,15,Shard-aware independent max-token diagnostic,most_difficult_harmful_token_not_full_sequence_validity,radius_derived,5,"0,10,20,30,40",0.0,0.0,0.0,0.0,0.0,1.0,1.0,1.0,0.0,0.0,5.0,4.0,5.75,1.0,0.75,5.1,4.0,6.0,1.0999999999999996,0.9000000000000004,3.6,3.0,4.0,0.6000000000000001,0.3999999999999999,6.2,5.0,7.0,1.2000000000000002,0.7999999999999998,0.0,0.0,0.0,0.0,0.0,4.0,4.0,4.0,0.0,0.0,0.0,0.0,0.0,0.0,0.0,4.0,4.0,4.0,0.0,0.0
20,4,4,5,0.2,0.2,0.3,dense,True,20,20,20,4,20,5,16,Shard-aware independent max-token diagnostic,most_difficult_harmful_token_not_full_sequence_validity,radius_derived,5,"0,10,20,30,40",0.0,0.0,0.0,0.0,0.0,1.0,1.0,1.0,0.0,0.0,5.0,4.0,5.75,1.0,0.75,5.1,4.0,6.0,1.0999999999999996,0.9000000000000004,3.6,3.0,4.0,0.6000000000000001,0.3999999999999999,6.2,5.0,7.0,1.2000000000000002,0.7999999999999998,0.0,0.0,0.0,0.0,0.0,4.0,4.0,4.0,0.0,0.0,0.0,0.0,0.0,0.0,0.0,4.0,4.0,4.0,0.0,0.0
20,4,4,5,0.2,0.2,0.3,dense,True,20,20,20,4,20,5,17,Shard-aware independent max-token diagnostic,most_difficult_harmful_token_not_full_sequence_validity,radius_derived,5,"0,10,20,30,40",0.0,0.0,0.0,0.0,0.0,1.0,1.0,1.0,0.0,0.0,5.0,4.0,5.75,1.0,0.75,5.1,4.0,6.0,1.0999999999999996,0.9000000000000004,3.6,3.0,4.0,0.6000000000000001,0.3999999999999999,6.2,5.0,7.0,1.2000000000000002,0.7999999999999998,0.0,0.0,0.0,0.0,0.0,4.0,4.0,4.0,0.0,0.0,0.0,0.0,0.0,0.0,0.0,4.0,4.0,4.0,0.0,0.0
20,4,4,5,0.2,0.2,0.3,dense,True,20,20,20,4,20,5,18,Shard-aware independent max-token diagnostic,most_difficult_harmful_token_not_full_sequence_validity,radius_derived,5,"0,10,20,30,40",0.0,0.0,0.0,0.0,0.0,1.0,1.0,1.0,0.0,0.0,5.0,4.0,5.75,1.0,0.75,5.1,4.0,6.0,1.0999999999999996,0.9000000000000004,3.6,3.0,4.0,0.6000000000000001,0.3999999999999999,6.2,5.0,7.0,1.2000000000000002,0.7999999999999998,0.0,0.0,0.0,0.0,0.0,4.0,4.0,4.0,0.0,0.0,0.0,0.0,0.0,0.0,0.0,4.0,4.0,4.0,0.0,0.0
20,4,4,5,0.2,0.2,0.3,dense,True,20,20,20,4,20,5,19,Shard-aware independent max-token diagnostic,most_difficult_harmful_token_not_full_sequence_validity,radius_derived,5,"0,10,20,30,40",0.0,0.0,0.0,0.0,0.0,1.0,1.0,1.0,0.0,0.0,5.0,4.0,5.75,1.0,0.75,5.1,4.0,6.0,1.0999999999999996,0.9000000000000004,3.6,3.0,4.0,0.6000000000000001,0.3999999999999999,6.2,5.0,7.0,1.2000000000000002,0.7999999999999998,0.0,0.0,0.0,0.0,0.0,4.0,4.0,4.0,0.0,0.0,0.0,0.0,0.0,0.0,0.0,4.0,4.0,4.0,0.0,0.0
20,4,4,5,0.2,0.2,0.3,dense,True,20,20,20,4,20,5,20,Shard-aware independent max-token diagnostic,most_difficult_harmful_token_not_full_sequence_validity,radius_derived,5,"0,10,20,30,40",0.0,0.0,0.0,0.0,0.0,1.0,1.0,1.0,0.0,0.0,5.0,4.0,5.75,1.0,0.75,5.1,4.0,6.0,1.0999999999999996,0.9000000000000004,3.6,3.0,4.0,0.6000000000000001,0.3999999999999999,6.2,5.0,7.0,1.2000000000000002,0.7999999999999998,0.0,0.0,0.0,0.0,0.0,4.0,4.0,4.0,0.0,0.0,0.0,0.0,0.0,0.0,0.0,4.0,4.0,4.0,0.0,0.0
20,4,4,5,0.2,0.2,0.3,dense,True,20,20,20,4,20,5,0,TPA max-token phrase baseline,validity_full_harmful_sequence_per_prompt,radius_derived,5,"0,10,20,30,40",1.0,1.0,1.0,0.0,0.0,0.0,0.0,0.0,0.0,0.0,5.0,4.0,5.75,1.0,0.75,5.1,4.0,6.0,1.0999999999999996,0.9000000000000004,3.6,3.0,4.0,0.6000000000000001,0.3999999999999999,6.2,5.0,7.0,1.2000000000000002,0.7999999999999998,4.0,4.0,4.0,0.0,0.0,4.0,4.0,4.0,0.0,0.0,0.0,0.0,0.0,0.0,0.0,4.0,4.0,4.0,0.0,0.0
20,4,4,5,0.2,0.2,0.3,dense,True,20,20,20,4,20,5,1,TPA max-token phrase baseline,validity_full_harmful_sequence_per_prompt,radius_derived,5,"0,10,20,30,40",1.0,1.0,1.0,0.0,0.0,0.0,0.0,0.0,0.0,0.0,5.0,4.0,5.75,1.0,0.75,5.1,4.0,6.0,1.0999999999999996,0.9000000000000004,3.6,3.0,4.0,0.6000000000000001,0.3999999999999999,6.2,5.0,7.0,1.2000000000000002,0.7999999999999998,4.0,4.0,4.0,0.0,0.0,4.0,4.0,4.0,0.0,0.0,0.0,0.0,0.0,0.0,0.0,4.0,4.0,4.0,0.0,0.0
20,4,4,5,0.2,0.2,0.3,dense,True,20,20,20,4,20,5,2,TPA max-token phrase baseline,validity_full_harmful_sequence_per_prompt,radius_derived,5,"0,10,20,30,40",1.0,1.0,1.0,0.0,0.0,0.0,0.0,0.0,0.0,0.0,5.0,4.0,5.75,1.0,0.75,5.1,4.0,6.0,1.0999999999999996,0.9000000000000004,3.6,3.0,4.0,0.6000000000000001,0.3999999999999999,6.2,5.0,7.0,1.2000000000000002,0.7999999999999998,4.0,4.0,4.0,0.0,0.0,4.0,4.0,4.0,0.0,0.0,0.0,0.0,0.0,0.0,0.0,4.0,4.0,4.0,0.0,0.0
20,4,4,5,0.2,0.2,0.3,dense,True,20,20,20,4,20,5,3,TPA max-token phrase baseline,validity_full_harmful_sequence_per_prompt,radius_derived,5,"0,10,20,30,40",0.9,0.75,1.0,0.15000000000000002,0.09999999999999998,0.1,0.0,0.25,0.1,0.15,5.0,4.0,5.75,1.0,0.75,5.1,4.0,6.0,1.0999999999999996,0.9000000000000004,3.6,3.0,4.0,0.6000000000000001,0.3999999999999999,6.2,5.0,7.0,1.2000000000000002,0.7999999999999998,3.6,3.0,4.0,0.6000000000000001,0.3999999999999999,4.0,4.0,4.0,0.0,0.0,0.0,0.0,0.0,0.0,0.0,4.0,4.0,4.0,0.0,0.0
20,4,4,5,0.2,0.2,0.3,dense,True,20,20,20,4,20,5,4,TPA max-token phrase baseline,validity_full_harmful_sequence_per_prompt,radius_derived,5,"0,10,20,30,40",0.6,0.25,0.75,0.35,0.15000000000000002,0.4,0.25,0.75,0.15000000000000002,0.35,5.0,4.0,5.75,1.0,0.75,5.1,4.0,6.0,1.0999999999999996,0.9000000000000004,3.6,3.0,4.0,0.6000000000000001,0.3999999999999999,6.2,5.0,7.0,1.2000000000000002,0.7999999999999998,2.4,1.0,3.0,1.4,0.6000000000000001,4.0,4.0,4.0,0.0,0.0,0.0,0.0,0.0,0.0,0.0,4.0,4.0,4.0,0.0,0.0
20,4,4,5,0.2,0.2,0.3,dense,True,20,20,20,4,20,5,5,TPA max-token phrase baseline,validity_full_harmful_sequence_per_prompt,radius_derived,5,"0,10,20,30,40",0.3,0.0,0.5,0.3,0.2,0.7,0.5,1.0,0.19999999999999996,0.30000000000000004,5.0,4.0,5.75,1.0,0.75,5.1,4.0,6.0,1.0999999999999996,0.9000000000000004,3.6,3.0,4.0,0.6000000000000001,0.3999999999999999,6.2,5.0,7.0,1.2000000000000002,0.7999999999999998,1.2,0.0,2.0,1.2,0.8,4.0,4.0,4.0,0.0,0.0,0.0,0.0,0.0,0.0,0.0,4.0,4.0,4.0,0.0,0.0
20,4,4,5,0.2,0.2,0.3,dense,True,20,20,20,4,20,5,6,TPA max-token phrase baseline,validity_full_harmful_sequence_per_prompt,radius_derived,5,"0,10,20,30,40",0.2,0.0,0.5,0.2,0.3,0.8,0.5,1.0,0.30000000000000004,0.19999999999999996,5.0,4.0,5.75,1.0,0.75,5.1,4.0,6.0,1.0999999999999996,0.9000000000000004,3.6,3.0,4.0,0.6000000000000001,0.3999999999999999,6.2,5.0,7.0,1.2000000000000002,0.7999999999999998,0.8,0.0,2.0,0.8,1.2,4.0,4.0,4.0,0.0,0.0,0.0,0.0,0.0,0.0,0.0,4.0,4.0,4.0,0.0,0.0
20,4,4,5,0.2,0.2,0.3,dense,True,20,20,20,4,20,5,7,TPA max-token phrase baseline,validity_full_harmful_sequence_per_prompt,radius_derived,5,"0,10,20,30,40",0.0,0.0,0.0,0.0,0.0,1.0,1.0,1.0,0.0,0.0,5.0,4.0,5.75,1.0,0.75,5.1,4.0,6.0,1.0999999999999996,0.9000000000000004,3.6,3.0,4.0,0.6000000000000001,0.3999999999999999,6.2,5.0,7.0,1.2000000000000002,0.7999999999999998,0.0,0.0,0.0,0.0,0.0,4.0,4.0,4.0,0.0,0.0,0.0,0.0,0.0,0.0,0.0,4.0,4.0,4.0,0.0,0.0
20,4,4,5,0.2,0.2,0.3,dense,True,20,20,20,4,20,5,8,TPA max-token phrase baseline,validity_full_harmful_sequence_per_prompt,radius_derived,5,"0,10,20,30,40",0.0,0.0,0.0,0.0,0.0,1.0,1.0,1.0,0.0,0.0,5.0,4.0,5.75,1.0,0.75,5.1,4.0,6.0,1.0999999999999996,0.9000000000000004,3.6,3.0,4.0,0.6000000000000001,0.3999999999999999,6.2,5.0,7.0,1.2000000000000002,0.7999999999999998,0.0,0.0,0.0,0.0,0.0,4.0,4.0,4.0,0.0,0.0,0.0,0.0,0.0,0.0,0.0,4.0,4.0,4.0,0.0,0.0
20,4,4,5,0.2,0.2,0.3,dense,True,20,20,20,4,20,5,9,TPA max-token phrase baseline,validity_full_harmful_sequence_per_prompt,radius_derived,5,"0,10,20,30,40",0.0,0.0,0.0,0.0,0.0,1.0,1.0,1.0,0.0,0.0,5.0,4.0,5.75,1.0,0.75,5.1,4.0,6.0,1.0999999999999996,0.9000000000000004,3.6,3.0,4.0,0.6000000000000001,0.3999999999999999,6.2,5.0,7.0,1.2000000000000002,0.7999999999999998,0.0,0.0,0.0,0.0,0.0,4.0,4.0,4.0,0.0,0.0,0.0,0.0,0.0,0.0,0.0,4.0,4.0,4.0,0.0,0.0
20,4,4,5,0.2,0.2,0.3,dense,True,20,20,20,4,20,5,10,TPA max-token phrase baseline,validity_full_harmful_sequence_per_prompt,radius_derived,5,"0,10,20,30,40",0.0,0.0,0.0,0.0,0.0,1.0,1.0,1.0,0.0,0.0,5.0,4.0,5.75,1.0,0.75,5.1,4.0,6.0,1.0999999999999996,0.9000000000000004,3.6,3.0,4.0,0.6000000000000001,0.3999999999999999,6.2,5.0,7.0,1.2000000000000002,0.7999999999999998,0.0,0.0,0.0,0.0,0.0,4.0,4.0,4.0,0.0,0.0,0.0,0.0,0.0,0.0,0.0,4.0,4.0,4.0,0.0,0.0
20,4,4,5,0.2,0.2,0.3,dense,True,20,20,20,4,20,5,11,TPA max-token phrase baseline,validity_full_harmful_sequence_per_prompt,radius_derived,5,"0,10,20,30,40",0.0,0.0,0.0,0.0,0.0,1.0,1.0,1.0,0.0,0.0,5.0,4.0,5.75,1.0,0.75,5.1,4.0,6.0,1.0999999999999996,0.9000000000000004,3.6,3.0,4.0,0.6000000000000001,0.3999999999999999,6.2,5.0,7.0,1.2000000000000002,0.7999999999999998,0.0,0.0,0.0,0.0,0.0,4.0,4.0,4.0,0.0,0.0,0.0,0.0,0.0,0.0,0.0,4.0,4.0,4.0,0.0,0.0
20,4,4,5,0.2,0.2,0.3,dense,True,20,20,20,4,20,5,12,TPA max-token phrase baseline,validity_full_harmful_sequence_per_prompt,radius_derived,5,"0,10,20,30,40",0.0,0.0,0.0,0.0,0.0,1.0,1.0,1.0,0.0,0.0,5.0,4.0,5.75,1.0,0.75,5.1,4.0,6.0,1.0999999999999996,0.9000000000000004,3.6,3.0,4.0,0.6000000000000001,0.3999999999999999,6.2,5.0,7.0,1.2000000000000002,0.7999999999999998,0.0,0.0,0.0,0.0,0.0,4.0,4.0,4.0,0.0,0.0,0.0,0.0,0.0,0.0,0.0,4.0,4.0,4.0,0.0,0.0
20,4,4,5,0.2,0.2,0.3,dense,True,20,20,20,4,20,5,13,TPA max-token phrase baseline,validity_full_harmful_sequence_per_prompt,radius_derived,5,"0,10,20,30,40",0.0,0.0,0.0,0.0,0.0,1.0,1.0,1.0,0.0,0.0,5.0,4.0,5.75,1.0,0.75,5.1,4.0,6.0,1.0999999999999996,0.9000000000000004,3.6,3.0,4.0,0.6000000000000001,0.3999999999999999,6.2,5.0,7.0,1.2000000000000002,0.7999999999999998,0.0,0.0,0.0,0.0,0.0,4.0,4.0,4.0,0.0,0.0,0.0,0.0,0.0,0.0,0.0,4.0,4.0,4.0,0.0,0.0
20,4,4,5,0.2,0.2,0.3,dense,True,20,20,20,4,20,5,14,TPA max-token phrase baseline,validity_full_harmful_sequence_per_prompt,radius_derived,5,"0,10,20,30,40",0.0,0.0,0.0,0.0,0.0,1.0,1.0,1.0,0.0,0.0,5.0,4.0,5.75,1.0,0.75,5.1,4.0,6.0,1.0999999999999996,0.9000000000000004,3.6,3.0,4.0,0.6000000000000001,0.3999999999999999,6.2,5.0,7.0,1.2000000000000002,0.7999999999999998,0.0,0.0,0.0,0.0,0.0,4.0,4.0,4.0,0.0,0.0,0.0,0.0,0.0,0.0,0.0,4.0,4.0,4.0,0.0,0.0
20,4,4,5,0.2,0.2,0.3,dense,True,20,20,20,4,20,5,15,TPA max-token phrase baseline,validity_full_harmful_sequence_per_prompt,radius_derived,5,"0,10,20,30,40",0.0,0.0,0.0,0.0,0.0,1.0,1.0,1.0,0.0,0.0,5.0,4.0,5.75,1.0,0.75,5.1,4.0,6.0,1.0999999999999996,0.9000000000000004,3.6,3.0,4.0,0.6000000000000001,0.3999999999999999,6.2,5.0,7.0,1.2000000000000002,0.7999999999999998,0.0,0.0,0.0,0.0,0.0,4.0,4.0,4.0,0.0,0.0,0.0,0.0,0.0,0.0,0.0,4.0,4.0,4.0,0.0,0.0
20,4,4,5,0.2,0.2,0.3,dense,True,20,20,20,4,20,5,16,TPA max-token phrase baseline,validity_full_harmful_sequence_per_prompt,radius_derived,5,"0,10,20,30,40",0.0,0.0,0.0,0.0,0.0,1.0,1.0,1.0,0.0,0.0,5.0,4.0,5.75,1.0,0.75,5.1,4.0,6.0,1.0999999999999996,0.9000000000000004,3.6,3.0,4.0,0.6000000000000001,0.3999999999999999,6.2,5.0,7.0,1.2000000000000002,0.7999999999999998,0.0,0.0,0.0,0.0,0.0,4.0,4.0,4.0,0.0,0.0,0.0,0.0,0.0,0.0,0.0,4.0,4.0,4.0,0.0,0.0
20,4,4,5,0.2,0.2,0.3,dense,True,20,20,20,4,20,5,17,TPA max-token phrase baseline,validity_full_harmful_sequence_per_prompt,radius_derived,5,"0,10,20,30,40",0.0,0.0,0.0,0.0,0.0,1.0,1.0,1.0,0.0,0.0,5.0,4.0,5.75,1.0,0.75,5.1,4.0,6.0,1.0999999999999996,0.9000000000000004,3.6,3.0,4.0,0.6000000000000001,0.3999999999999999,6.2,5.0,7.0,1.2000000000000002,0.7999999999999998,0.0,0.0,0.0,0.0,0.0,4.0,4.0,4.0,0.0,0.0,0.0,0.0,0.0,0.0,0.0,4.0,4.0,4.0,0.0,0.0
20,4,4,5,0.2,0.2,0.3,dense,True,20,20,20,4,20,5,18,TPA max-token phrase baseline,validity_full_harmful_sequence_per_prompt,radius_derived,5,"0,10,20,30,40",0.0,0.0,0.0,0.0,0.0,1.0,1.0,1.0,0.0,0.0,5.0,4.0,5.75,1.0,0.75,5.1,4.0,6.0,1.0999999999999996,0.9000000000000004,3.6,3.0,4.0,0.6000000000000001,0.3999999999999999,6.2,5.0,7.0,1.2000000000000002,0.7999999999999998,0.0,0.0,0.0,0.0,0.0,4.0,4.0,4.0,0.0,0.0,0.0,0.0,0.0,0.0,0.0,4.0,4.0,4.0,0.0,0.0
20,4,4,5,0.2,0.2,0.3,dense,True,20,20,20,4,20,5,19,TPA max-token phrase baseline,validity_full_harmful_sequence_per_prompt,radius_derived,5,"0,10,20,30,40",0.0,0.0,0.0,0.0,0.0,1.0,1.0,1.0,0.0,0.0,5.0,4.0,5.75,1.0,0.75,5.1,4.0,6.0,1.0999999999999996,0.9000000000000004,3.6,3.0,4.0,0.6000000000000001,0.3999999999999999,6.2,5.0,7.0,1.2000000000000002,0.7999999999999998,0.0,0.0,0.0,0.0,0.0,4.0,4.0,4.0,0.0,0.0,0.0,0.0,0.0,0.0,0.0,4.0,4.0,4.0,0.0,0.0
20,4,4,5,0.2,0.2,0.3,dense,True,20,20,20,4,20,5,20,TPA max-token phrase baseline,validity_full_harmful_sequence_per_prompt,radius_derived,5,"0,10,20,30,40",0.0,0.0,0.0,0.0,0.0,1.0,1.0,1.0,0.0,0.0,5.0,4.0,5.75,1.0,0.75,5.1,4.0,6.0,1.0999999999999996,0.9000000000000004,3.6,3.0,4.0,0.6000000000000001,0.3999999999999999,6.2,5.0,7.0,1.2000000000000002,0.7999999999999998,0.0,0.0,0.0,0.0,0.0,4.0,4.0,4.0,0.0,0.0,0.0,0.0,0.0,0.0,0.0,4.0,4.0,4.0,0.0,0.0
20,4,4,5,0.2,0.2,0.3,dense,True,20,20,20,4,20,5,0,Shared MILP,validity_full_harmful_sequence_per_prompt,radius_derived,5,"0,10,20,30,40",1.0,1.0,1.0,0.0,0.0,0.0,0.0,0.0,0.0,0.0,5.0,4.0,5.75,1.0,0.75,5.1,4.0,6.0,1.0999999999999996,0.9000000000000004,3.6,3.0,4.0,0.6000000000000001,0.3999999999999999,6.2,5.0,7.0,1.2000000000000002,0.7999999999999998,4.0,4.0,4.0,0.0,0.0,4.0,4.0,4.0,0.0,0.0,0.0,0.0,0.0,0.0,0.0,4.0,4.0,4.0,0.0,0.0
20,4,4,5,0.2,0.2,0.3,dense,True,20,20,20,4,20,5,1,Shared MILP,validity_full_harmful_sequence_per_prompt,radius_derived,5,"0,10,20,30,40",1.0,1.0,1.0,0.0,0.0,0.0,0.0,0.0,0.0,0.0,5.0,4.0,5.75,1.0,0.75,5.1,4.0,6.0,1.0999999999999996,0.9000000000000004,3.6,3.0,4.0,0.6000000000000001,0.3999999999999999,6.2,5.0,7.0,1.2000000000000002,0.7999999999999998,4.0,4.0,4.0,0.0,0.0,4.0,4.0,4.0,0.0,0.0,0.0,0.0,0.0,0.0,0.0,4.0,4.0,4.0,0.0,0.0
20,4,4,5,0.2,0.2,0.3,dense,True,20,20,20,4,20,5,2,Shared MILP,validity_full_harmful_sequence_per_prompt,radius_derived,5,"0,10,20,30,40",1.0,1.0,1.0,0.0,0.0,0.0,0.0,0.0,0.0,0.0,5.0,4.0,5.75,1.0,0.75,5.1,4.0,6.0,1.0999999999999996,0.9000000000000004,3.6,3.0,4.0,0.6000000000000001,0.3999999999999999,6.2,5.0,7.0,1.2000000000000002,0.7999999999999998,4.0,4.0,4.0,0.0,0.0,4.0,4.0,4.0,0.0,0.0,0.0,0.0,0.0,0.0,0.0,4.0,4.0,4.0,0.0,0.0
20,4,4,5,0.2,0.2,0.3,dense,True,20,20,20,4,20,5,3,Shared MILP,validity_full_harmful_sequence_per_prompt,radius_derived,5,"0,10,20,30,40",0.9,0.75,1.0,0.15000000000000002,0.09999999999999998,0.1,0.0,0.25,0.1,0.15,5.0,4.0,5.75,1.0,0.75,5.1,4.0,6.0,1.0999999999999996,0.9000000000000004,3.6,3.0,4.0,0.6000000000000001,0.3999999999999999,6.2,5.0,7.0,1.2000000000000002,0.7999999999999998,3.6,3.0,4.0,0.6000000000000001,0.3999999999999999,4.0,4.0,4.0,0.0,0.0,0.0,0.0,0.0,0.0,0.0,4.0,4.0,4.0,0.0,0.0
20,4,4,5,0.2,0.2,0.3,dense,True,20,20,20,4,20,5,4,Shared MILP,validity_full_harmful_sequence_per_prompt,radius_derived,5,"0,10,20,30,40",0.6,0.25,0.75,0.35,0.15000000000000002,0.4,0.25,0.75,0.15000000000000002,0.35,5.0,4.0,5.75,1.0,0.75,5.1,4.0,6.0,1.0999999999999996,0.9000000000000004,3.6,3.0,4.0,0.6000000000000001,0.3999999999999999,6.2,5.0,7.0,1.2000000000000002,0.7999999999999998,2.4,1.0,3.0,1.4,0.6000000000000001,4.0,4.0,4.0,0.0,0.0,0.0,0.0,0.0,0.0,0.0,4.0,4.0,4.0,0.0,0.0
20,4,4,5,0.2,0.2,0.3,dense,True,20,20,20,4,20,5,5,Shared MILP,validity_full_harmful_sequence_per_prompt,radius_derived,5,"0,10,20,30,40",0.3,0.0,0.5,0.3,0.2,0.7,0.5,1.0,0.19999999999999996,0.30000000000000004,5.0,4.0,5.75,1.0,0.75,5.1,4.0,6.0,1.0999999999999996,0.9000000000000004,3.6,3.0,4.0,0.6000000000000001,0.3999999999999999,6.2,5.0,7.0,1.2000000000000002,0.7999999999999998,1.2,0.0,2.0,1.2,0.8,4.0,4.0,4.0,0.0,0.0,0.0,0.0,0.0,0.0,0.0,4.0,4.0,4.0,0.0,0.0
20,4,4,5,0.2,0.2,0.3,dense,True,20,20,20,4,20,5,6,Shared MILP,validity_full_harmful_sequence_per_prompt,radius_derived,5,"0,10,20,30,40",0.2,0.0,0.5,0.2,0.3,0.8,0.5,1.0,0.30000000000000004,0.19999999999999996,5.0,4.0,5.75,1.0,0.75,5.1,4.0,6.0,1.0999999999999996,0.9000000000000004,3.6,3.0,4.0,0.6000000000000001,0.3999999999999999,6.2,5.0,7.0,1.2000000000000002,0.7999999999999998,0.8,0.0,2.0,0.8,1.2,4.0,4.0,4.0,0.0,0.0,0.0,0.0,0.0,0.0,0.0,4.0,4.0,4.0,0.0,0.0
20,4,4,5,0.2,0.2,0.3,dense,True,20,20,20,4,20,5,7,Shared MILP,validity_full_harmful_sequence_per_prompt,radius_derived,5,"0,10,20,30,40",0.0,0.0,0.0,0.0,0.0,1.0,1.0,1.0,0.0,0.0,5.0,4.0,5.75,1.0,0.75,5.1,4.0,6.0,1.0999999999999996,0.9000000000000004,3.6,3.0,4.0,0.6000000000000001,0.3999999999999999,6.2,5.0,7.0,1.2000000000000002,0.7999999999999998,0.0,0.0,0.0,0.0,0.0,4.0,4.0,4.0,0.0,0.0,0.0,0.0,0.0,0.0,0.0,4.0,4.0,4.0,0.0,0.0
20,4,4,5,0.2,0.2,0.3,dense,True,20,20,20,4,20,5,8,Shared MILP,validity_full_harmful_sequence_per_prompt,radius_derived,5,"0,10,20,30,40",0.0,0.0,0.0,0.0,0.0,1.0,1.0,1.0,0.0,0.0,5.0,4.0,5.75,1.0,0.75,5.1,4.0,6.0,1.0999999999999996,0.9000000000000004,3.6,3.0,4.0,0.6000000000000001,0.3999999999999999,6.2,5.0,7.0,1.2000000000000002,0.7999999999999998,0.0,0.0,0.0,0.0,0.0,4.0,4.0,4.0,0.0,0.0,0.0,0.0,0.0,0.0,0.0,4.0,4.0,4.0,0.0,0.0
20,4,4,5,0.2,0.2,0.3,dense,True,20,20,20,4,20,5,9,Shared MILP,validity_full_harmful_sequence_per_prompt,radius_derived,5,"0,10,20,30,40",0.0,0.0,0.0,0.0,0.0,1.0,1.0,1.0,0.0,0.0,5.0,4.0,5.75,1.0,0.75,5.1,4.0,6.0,1.0999999999999996,0.9000000000000004,3.6,3.0,4.0,0.6000000000000001,0.3999999999999999,6.2,5.0,7.0,1.2000000000000002,0.7999999999999998,0.0,0.0,0.0,0.0,0.0,4.0,4.0,4.0,0.0,0.0,0.0,0.0,0.0,0.0,0.0,4.0,4.0,4.0,0.0,0.0
20,4,4,5,0.2,0.2,0.3,dense,True,20,20,20,4,20,5,10,Shared MILP,validity_full_harmful_sequence_per_prompt,radius_derived,5,"0,10,20,30,40",0.0,0.0,0.0,0.0,0.0,1.0,1.0,1.0,0.0,0.0,5.0,4.0,5.75,1.0,0.75,5.1,4.0,6.0,1.0999999999999996,0.9000000000000004,3.6,3.0,4.0,0.6000000000000001,0.3999999999999999,6.2,5.0,7.0,1.2000000000000002,0.7999999999999998,0.0,0.0,0.0,0.0,0.0,4.0,4.0,4.0,0.0,0.0,0.0,0.0,0.0,0.0,0.0,4.0,4.0,4.0,0.0,0.0
20,4,4,5,0.2,0.2,0.3,dense,True,20,20,20,4,20,5,11,Shared MILP,validity_full_harmful_sequence_per_prompt,radius_derived,5,"0,10,20,30,40",0.0,0.0,0.0,0.0,0.0,1.0,1.0,1.0,0.0,0.0,5.0,4.0,5.75,1.0,0.75,5.1,4.0,6.0,1.0999999999999996,0.9000000000000004,3.6,3.0,4.0,0.6000000000000001,0.3999999999999999,6.2,5.0,7.0,1.2000000000000002,0.7999999999999998,0.0,0.0,0.0,0.0,0.0,4.0,4.0,4.0,0.0,0.0,0.0,0.0,0.0,0.0,0.0,4.0,4.0,4.0,0.0,0.0
20,4,4,5,0.2,0.2,0.3,dense,True,20,20,20,4,20,5,12,Shared MILP,validity_full_harmful_sequence_per_prompt,radius_derived,5,"0,10,20,30,40",0.0,0.0,0.0,0.0,0.0,1.0,1.0,1.0,0.0,0.0,5.0,4.0,5.75,1.0,0.75,5.1,4.0,6.0,1.0999999999999996,0.9000000000000004,3.6,3.0,4.0,0.6000000000000001,0.3999999999999999,6.2,5.0,7.0,1.2000000000000002,0.7999999999999998,0.0,0.0,0.0,0.0,0.0,4.0,4.0,4.0,0.0,0.0,0.0,0.0,0.0,0.0,0.0,4.0,4.0,4.0,0.0,0.0
20,4,4,5,0.2,0.2,0.3,dense,True,20,20,20,4,20,5,13,Shared MILP,validity_full_harmful_sequence_per_prompt,radius_derived,5,"0,10,20,30,40",0.0,0.0,0.0,0.0,0.0,1.0,1.0,1.0,0.0,0.0,5.0,4.0,5.75,1.0,0.75,5.1,4.0,6.0,1.0999999999999996,0.9000000000000004,3.6,3.0,4.0,0.6000000000000001,0.3999999999999999,6.2,5.0,7.0,1.2000000000000002,0.7999999999999998,0.0,0.0,0.0,0.0,0.0,4.0,4.0,4.0,0.0,0.0,0.0,0.0,0.0,0.0,0.0,4.0,4.0,4.0,0.0,0.0
20,4,4,5,0.2,0.2,0.3,dense,True,20,20,20,4,20,5,14,Shared MILP,validity_full_harmful_sequence_per_prompt,radius_derived,5,"0,10,20,30,40",0.0,0.0,0.0,0.0,0.0,1.0,1.0,1.0,0.0,0.0,5.0,4.0,5.75,1.0,0.75,5.1,4.0,6.0,1.0999999999999996,0.9000000000000004,3.6,3.0,4.0,0.6000000000000001,0.3999999999999999,6.2,5.0,7.0,1.2000000000000002,0.7999999999999998,0.0,0.0,0.0,0.0,0.0,4.0,4.0,4.0,0.0,0.0,0.0,0.0,0.0,0.0,0.0,4.0,4.0,4.0,0.0,0.0
20,4,4,5,0.2,0.2,0.3,dense,True,20,20,20,4,20,5,15,Shared MILP,validity_full_harmful_sequence_per_prompt,radius_derived,5,"0,10,20,30,40",0.0,0.0,0.0,0.0,0.0,1.0,1.0,1.0,0.0,0.0,5.0,4.0,5.75,1.0,0.75,5.1,4.0,6.0,1.0999999999999996,0.9000000000000004,3.6,3.0,4.0,0.6000000000000001,0.3999999999999999,6.2,5.0,7.0,1.2000000000000002,0.7999999999999998,0.0,0.0,0.0,0.0,0.0,4.0,4.0,4.0,0.0,0.0,0.0,0.0,0.0,0.0,0.0,4.0,4.0,4.0,0.0,0.0
20,4,4,5,0.2,0.2,0.3,dense,True,20,20,20,4,20,5,16,Shared MILP,validity_full_harmful_sequence_per_prompt,radius_derived,5,"0,10,20,30,40",0.0,0.0,0.0,0.0,0.0,1.0,1.0,1.0,0.0,0.0,5.0,4.0,5.75,1.0,0.75,5.1,4.0,6.0,1.0999999999999996,0.9000000000000004,3.6,3.0,4.0,0.6000000000000001,0.3999999999999999,6.2,5.0,7.0,1.2000000000000002,0.7999999999999998,0.0,0.0,0.0,0.0,0.0,4.0,4.0,4.0,0.0,0.0,0.0,0.0,0.0,0.0,0.0,4.0,4.0,4.0,0.0,0.0
20,4,4,5,0.2,0.2,0.3,dense,True,20,20,20,4,20,5,17,Shared MILP,validity_full_harmful_sequence_per_prompt,radius_derived,5,"0,10,20,30,40",0.0,0.0,0.0,0.0,0.0,1.0,1.0,1.0,0.0,0.0,5.0,4.0,5.75,1.0,0.75,5.1,4.0,6.0,1.0999999999999996,0.9000000000000004,3.6,3.0,4.0,0.6000000000000001,0.3999999999999999,6.2,5.0,7.0,1.2000000000000002,0.7999999999999998,0.0,0.0,0.0,0.0,0.0,4.0,4.0,4.0,0.0,0.0,0.0,0.0,0.0,0.0,0.0,4.0,4.0,4.0,0.0,0.0
20,4,4,5,0.2,0.2,0.3,dense,True,20,20,20,4,20,5,18,Shared MILP,validity_full_harmful_sequence_per_prompt,radius_derived,5,"0,10,20,30,40",0.0,0.0,0.0,0.0,0.0,1.0,1.0,1.0,0.0,0.0,5.0,4.0,5.75,1.0,0.75,5.1,4.0,6.0,1.0999999999999996,0.9000000000000004,3.6,3.0,4.0,0.6000000000000001,0.3999999999999999,6.2,5.0,7.0,1.2000000000000002,0.7999999999999998,0.0,0.0,0.0,0.0,0.0,4.0,4.0,4.0,0.0,0.0,0.0,0.0,0.0,0.0,0.0,4.0,4.0,4.0,0.0,0.0
20,4,4,5,0.2,0.2,0.3,dense,True,20,20,20,4,20,5,19,Shared MILP,validity_full_harmful_sequence_per_prompt,radius_derived,5,"0,10,20,30,40",0.0,0.0,0.0,0.0,0.0,1.0,1.0,1.0,0.0,0.0,5.0,4.0,5.75,1.0,0.75,5.1,4.0,6.0,1.0999999999999996,0.9000000000000004,3.6,3.0,4.0,0.6000000000000001,0.3999999999999999,6.2,5.0,7.0,1.2000000000000002,0.7999999999999998,0.0,0.0,0.0,0.0,0.0,4.0,4.0,4.0,0.0,0.0,0.0,0.0,0.0,0.0,0.0,4.0,4.0,4.0,0.0,0.0
20,4,4,5,0.2,0.2,0.3,dense,True,20,20,20,4,20,5,20,Shared MILP,validity_full_harmful_sequence_per_prompt,radius_derived,5,"0,10,20,30,40",0.0,0.0,0.0,0.0,0.0,1.0,1.0,1.0,0.0,0.0,5.0,4.0,5.75,1.0,0.75,5.1,4.0,6.0,1.0999999999999996,0.9000000000000004,3.6,3.0,4.0,0.6000000000000001,0.3999999999999999,6.2,5.0,7.0,1.2000000000000002,0.7999999999999998,0.0,0.0,0.0,0.0,0.0,4.0,4.0,4.0,0.0,0.0,0.0,0.0,0.0,0.0,0.0,4.0,4.0,4.0,0.0,0.0
20,4,4,5,0.2,0.2,0.3,dense,True,20,20,20,4,20,5,0,Atomic phrase aggregation,validity_full_harmful_sequence_per_prompt,radius_derived,5,"0,10,20,30,40",1.0,1.0,1.0,0.0,0.0,0.0,0.0,0.0,0.0,0.0,2.25,2.0,2.5,0.25,0.25,2.2,2.0,2.5,0.20000000000000018,0.2999999999999998,1.8,1.0,2.0,0.8,0.19999999999999996,2.8,2.0,3.0,0.7999999999999998,0.20000000000000018,4.0,4.0,4.0,0.0,0.0,4.0,4.0,4.0,0.0,0.0,0.0,0.0,0.0,0.0,0.0,4.0,4.0,4.0,0.0,0.0
20,4,4,5,0.2,0.2,0.3,dense,True,20,20,20,4,20,5,1,Atomic phrase aggregation,validity_full_harmful_sequence_per_prompt,radius_derived,5,"0,10,20,30,40",0.95,0.75,1.0,0.19999999999999996,0.050000000000000044,0.05,0.0,0.25,0.05,0.2,2.25,2.0,2.5,0.25,0.25,2.2,2.0,2.5,0.20000000000000018,0.2999999999999998,1.8,1.0,2.0,0.8,0.19999999999999996,2.8,2.0,3.0,0.7999999999999998,0.20000000000000018,3.8,3.0,4.0,0.7999999999999998,0.20000000000000018,4.0,4.0,4.0,0.0,0.0,0.0,0.0,0.0,0.0,0.0,4.0,4.0,4.0,0.0,0.0
20,4,4,5,0.2,0.2,0.3,dense,True,20,20,20,4,20,5,2,Atomic phrase aggregation,validity_full_harmful_sequence_per_prompt,radius_derived,5,"0,10,20,30,40",0.3,0.0,0.5,0.3,0.2,0.7,0.5,1.0,0.19999999999999996,0.30000000000000004,2.25,2.0,2.5,0.25,0.25,2.2,2.0,2.5,0.20000000000000018,0.2999999999999998,1.8,1.0,2.0,0.8,0.19999999999999996,2.8,2.0,3.0,0.7999999999999998,0.20000000000000018,1.2,0.0,2.0,1.2,0.8,4.0,4.0,4.0,0.0,0.0,0.0,0.0,0.0,0.0,0.0,4.0,4.0,4.0,0.0,0.0
20,4,4,5,0.2,0.2,0.3,dense,True,20,20,20,4,20,5,3,Atomic phrase aggregation,validity_full_harmful_sequence_per_prompt,radius_derived,5,"0,10,20,30,40",0.0,0.0,0.0,0.0,0.0,1.0,1.0,1.0,0.0,0.0,2.25,2.0,2.5,0.25,0.25,2.2,2.0,2.5,0.20000000000000018,0.2999999999999998,1.8,1.0,2.0,0.8,0.19999999999999996,2.8,2.0,3.0,0.7999999999999998,0.20000000000000018,0.0,0.0,0.0,0.0,0.0,4.0,4.0,4.0,0.0,0.0,0.0,0.0,0.0,0.0,0.0,4.0,4.0,4.0,0.0,0.0
20,4,4,5,0.2,0.2,0.3,dense,True,20,20,20,4,20,5,4,Atomic phrase aggregation,validity_full_harmful_sequence_per_prompt,radius_derived,5,"0,10,20,30,40",0.0,0.0,0.0,0.0,0.0,1.0,1.0,1.0,0.0,0.0,2.25,2.0,2.5,0.25,0.25,2.2,2.0,2.5,0.20000000000000018,0.2999999999999998,1.8,1.0,2.0,0.8,0.19999999999999996,2.8,2.0,3.0,0.7999999999999998,0.20000000000000018,0.0,0.0,0.0,0.0,0.0,4.0,4.0,4.0,0.0,0.0,0.0,0.0,0.0,0.0,0.0,4.0,4.0,4.0,0.0,0.0
20,4,4,5,0.2,0.2,0.3,dense,True,20,20,20,4,20,5,5,Atomic phrase aggregation,validity_full_harmful_sequence_per_prompt,radius_derived,5,"0,10,20,30,40",0.0,0.0,0.0,0.0,0.0,1.0,1.0,1.0,0.0,0.0,2.25,2.0,2.5,0.25,0.25,2.2,2.0,2.5,0.20000000000000018,0.2999999999999998,1.8,1.0,2.0,0.8,0.19999999999999996,2.8,2.0,3.0,0.7999999999999998,0.20000000000000018,0.0,0.0,0.0,0.0,0.0,4.0,4.0,4.0,0.0,0.0,0.0,0.0,0.0,0.0,0.0,4.0,4.0,4.0,0.0,0.0
20,4,4,5,0.2,0.2,0.3,dense,True,20,20,20,4,20,5,6,Atomic phrase aggregation,validity_full_harmful_sequence_per_prompt,radius_derived,5,"0,10,20,30,40",0.0,0.0,0.0,0.0,0.0,1.0,1.0,1.0,0.0,0.0,2.25,2.0,2.5,0.25,0.25,2.2,2.0,2.5,0.20000000000000018,0.2999999999999998,1.8,1.0,2.0,0.8,0.19999999999999996,2.8,2.0,3.0,0.7999999999999998,0.20000000000000018,0.0,0.0,0.0,0.0,0.0,4.0,4.0,4.0,0.0,0.0,0.0,0.0,0.0,0.0,0.0,4.0,4.0,4.0,0.0,0.0
20,4,4,5,0.2,0.2,0.3,dense,True,20,20,20,4,20,5,7,Atomic phrase aggregation,validity_full_harmful_sequence_per_prompt,radius_derived,5,"0,10,20,30,40",0.0,0.0,0.0,0.0,0.0,1.0,1.0,1.0,0.0,0.0,2.25,2.0,2.5,0.25,0.25,2.2,2.0,2.5,0.20000000000000018,0.2999999999999998,1.8,1.0,2.0,0.8,0.19999999999999996,2.8,2.0,3.0,0.7999999999999998,0.20000000000000018,0.0,0.0,0.0,0.0,0.0,4.0,4.0,4.0,0.0,0.0,0.0,0.0,0.0,0.0,0.0,4.0,4.0,4.0,0.0,0.0
20,4,4,5,0.2,0.2,0.3,dense,True,20,20,20,4,20,5,8,Atomic phrase aggregation,validity_full_harmful_sequence_per_prompt,radius_derived,5,"0,10,20,30,40",0.0,0.0,0.0,0.0,0.0,1.0,1.0,1.0,0.0,0.0,2.25,2.0,2.5,0.25,0.25,2.2,2.0,2.5,0.20000000000000018,0.2999999999999998,1.8,1.0,2.0,0.8,0.19999999999999996,2.8,2.0,3.0,0.7999999999999998,0.20000000000000018,0.0,0.0,0.0,0.0,0.0,4.0,4.0,4.0,0.0,0.0,0.0,0.0,0.0,0.0,0.0,4.0,4.0,4.0,0.0,0.0
20,4,4,5,0.2,0.2,0.3,dense,True,20,20,20,4,20,5,9,Atomic phrase aggregation,validity_full_harmful_sequence_per_prompt,radius_derived,5,"0,10,20,30,40",0.0,0.0,0.0,0.0,0.0,1.0,1.0,1.0,0.0,0.0,2.25,2.0,2.5,0.25,0.25,2.2,2.0,2.5,0.20000000000000018,0.2999999999999998,1.8,1.0,2.0,0.8,0.19999999999999996,2.8,2.0,3.0,0.7999999999999998,0.20000000000000018,0.0,0.0,0.0,0.0,0.0,4.0,4.0,4.0,0.0,0.0,0.0,0.0,0.0,0.0,0.0,4.0,4.0,4.0,0.0,0.0
20,4,4,5,0.2,0.2,0.3,dense,True,20,20,20,4,20,5,10,Atomic phrase aggregation,validity_full_harmful_sequence_per_prompt,radius_derived,5,"0,10,20,30,40",0.0,0.0,0.0,0.0,0.0,1.0,1.0,1.0,0.0,0.0,2.25,2.0,2.5,0.25,0.25,2.2,2.0,2.5,0.20000000000000018,0.2999999999999998,1.8,1.0,2.0,0.8,0.19999999999999996,2.8,2.0,3.0,0.7999999999999998,0.20000000000000018,0.0,0.0,0.0,0.0,0.0,4.0,4.0,4.0,0.0,0.0,0.0,0.0,0.0,0.0,0.0,4.0,4.0,4.0,0.0,0.0
20,4,4,5,0.2,0.2,0.3,dense,True,20,20,20,4,20,5,11,Atomic phrase aggregation,validity_full_harmful_sequence_per_prompt,radius_derived,5,"0,10,20,30,40",0.0,0.0,0.0,0.0,0.0,1.0,1.0,1.0,0.0,0.0,2.25,2.0,2.5,0.25,0.25,2.2,2.0,2.5,0.20000000000000018,0.2999999999999998,1.8,1.0,2.0,0.8,0.19999999999999996,2.8,2.0,3.0,0.7999999999999998,0.20000000000000018,0.0,0.0,0.0,0.0,0.0,4.0,4.0,4.0,0.0,0.0,0.0,0.0,0.0,0.0,0.0,4.0,4.0,4.0,0.0,0.0
20,4,4,5,0.2,0.2,0.3,dense,True,20,20,20,4,20,5,12,Atomic phrase aggregation,validity_full_harmful_sequence_per_prompt,radius_derived,5,"0,10,20,30,40",0.0,0.0,0.0,0.0,0.0,1.0,1.0,1.0,0.0,0.0,2.25,2.0,2.5,0.25,0.25,2.2,2.0,2.5,0.20000000000000018,0.2999999999999998,1.8,1.0,2.0,0.8,0.19999999999999996,2.8,2.0,3.0,0.7999999999999998,0.20000000000000018,0.0,0.0,0.0,0.0,0.0,4.0,4.0,4.0,0.0,0.0,0.0,0.0,0.0,0.0,0.0,4.0,4.0,4.0,0.0,0.0
20,4,4,5,0.2,0.2,0.3,dense,True,20,20,20,4,20,5,13,Atomic phrase aggregation,validity_full_harmful_sequence_per_prompt,radius_derived,5,"0,10,20,30,40",0.0,0.0,0.0,0.0,0.0,1.0,1.0,1.0,0.0,0.0,2.25,2.0,2.5,0.25,0.25,2.2,2.0,2.5,0.20000000000000018,0.2999999999999998,1.8,1.0,2.0,0.8,0.19999999999999996,2.8,2.0,3.0,0.7999999999999998,0.20000000000000018,0.0,0.0,0.0,0.0,0.0,4.0,4.0,4.0,0.0,0.0,0.0,0.0,0.0,0.0,0.0,4.0,4.0,4.0,0.0,0.0
20,4,4,5,0.2,0.2,0.3,dense,True,20,20,20,4,20,5,14,Atomic phrase aggregation,validity_full_harmful_sequence_per_prompt,radius_derived,5,"0,10,20,30,40",0.0,0.0,0.0,0.0,0.0,1.0,1.0,1.0,0.0,0.0,2.25,2.0,2.5,0.25,0.25,2.2,2.0,2.5,0.20000000000000018,0.2999999999999998,1.8,1.0,2.0,0.8,0.19999999999999996,2.8,2.0,3.0,0.7999999999999998,0.20000000000000018,0.0,0.0,0.0,0.0,0.0,4.0,4.0,4.0,0.0,0.0,0.0,0.0,0.0,0.0,0.0,4.0,4.0,4.0,0.0,0.0
20,4,4,5,0.2,0.2,0.3,dense,True,20,20,20,4,20,5,15,Atomic phrase aggregation,validity_full_harmful_sequence_per_prompt,radius_derived,5,"0,10,20,30,40",0.0,0.0,0.0,0.0,0.0,1.0,1.0,1.0,0.0,0.0,2.25,2.0,2.5,0.25,0.25,2.2,2.0,2.5,0.20000000000000018,0.2999999999999998,1.8,1.0,2.0,0.8,0.19999999999999996,2.8,2.0,3.0,0.7999999999999998,0.20000000000000018,0.0,0.0,0.0,0.0,0.0,4.0,4.0,4.0,0.0,0.0,0.0,0.0,0.0,0.0,0.0,4.0,4.0,4.0,0.0,0.0
20,4,4,5,0.2,0.2,0.3,dense,True,20,20,20,4,20,5,16,Atomic phrase aggregation,validity_full_harmful_sequence_per_prompt,radius_derived,5,"0,10,20,30,40",0.0,0.0,0.0,0.0,0.0,1.0,1.0,1.0,0.0,0.0,2.25,2.0,2.5,0.25,0.25,2.2,2.0,2.5,0.20000000000000018,0.2999999999999998,1.8,1.0,2.0,0.8,0.19999999999999996,2.8,2.0,3.0,0.7999999999999998,0.20000000000000018,0.0,0.0,0.0,0.0,0.0,4.0,4.0,4.0,0.0,0.0,0.0,0.0,0.0,0.0,0.0,4.0,4.0,4.0,0.0,0.0
20,4,4,5,0.2,0.2,0.3,dense,True,20,20,20,4,20,5,17,Atomic phrase aggregation,validity_full_harmful_sequence_per_prompt,radius_derived,5,"0,10,20,30,40",0.0,0.0,0.0,0.0,0.0,1.0,1.0,1.0,0.0,0.0,2.25,2.0,2.5,0.25,0.25,2.2,2.0,2.5,0.20000000000000018,0.2999999999999998,1.8,1.0,2.0,0.8,0.19999999999999996,2.8,2.0,3.0,0.7999999999999998,0.20000000000000018,0.0,0.0,0.0,0.0,0.0,4.0,4.0,4.0,0.0,0.0,0.0,0.0,0.0,0.0,0.0,4.0,4.0,4.0,0.0,0.0
20,4,4,5,0.2,0.2,0.3,dense,True,20,20,20,4,20,5,18,Atomic phrase aggregation,validity_full_harmful_sequence_per_prompt,radius_derived,5,"0,10,20,30,40",0.0,0.0,0.0,0.0,0.0,1.0,1.0,1.0,0.0,0.0,2.25,2.0,2.5,0.25,0.25,2.2,2.0,2.5,0.20000000000000018,0.2999999999999998,1.8,1.0,2.0,0.8,0.19999999999999996,2.8,2.0,3.0,0.7999999999999998,0.20000000000000018,0.0,0.0,0.0,0.0,0.0,4.0,4.0,4.0,0.0,0.0,0.0,0.0,0.0,0.0,0.0,4.0,4.0,4.0,0.0,0.0
20,4,4,5,0.2,0.2,0.3,dense,True,20,20,20,4,20,5,19,Atomic phrase aggregation,validity_full_harmful_sequence_per_prompt,radius_derived,5,"0,10,20,30,40",0.0,0.0,0.0,0.0,0.0,1.0,1.0,1.0,0.0,0.0,2.25,2.0,2.5,0.25,0.25,2.2,2.0,2.5,0.20000000000000018,0.2999999999999998,1.8,1.0,2.0,0.8,0.19999999999999996,2.8,2.0,3.0,0.7999999999999998,0.20000000000000018,0.0,0.0,0.0,0.0,0.0,4.0,4.0,4.0,0.0,0.0,0.0,0.0,0.0,0.0,0.0,4.0,4.0,4.0,0.0,0.0
20,4,4,5,0.2,0.2,0.3,dense,True,20,20,20,4,20,5,20,Atomic phrase aggregation,validity_full_harmful_sequence_per_prompt,radius_derived,5,"0,10,20,30,40",0.0,0.0,0.0,0.0,0.0,1.0,1.0,1.0,0.0,0.0,2.25,2.0,2.5,0.25,0.25,2.2,2.0,2.5,0.20000000000000018,0.2999999999999998,1.8,1.0,2.0,0.8,0.19999999999999996,2.8,2.0,3.0,0.7999999999999998,0.20000000000000018,0.0,0.0,0.0,0.0,0.0,4.0,4.0,4.0,0.0,0.0,0.0,0.0,0.0,0.0,0.0,4.0,4.0,4.0,0.0,0.0
20,4,4,5,0.2,0.2,0.3,dense,True,20,20,20,4,20,5,0,Independent shard-aware composition diagnostic,validity_full_harmful_sequence_per_prompt,radius_derived,5,"0,10,20,30,40",1.0,1.0,1.0,0.0,0.0,0.0,0.0,0.0,0.0,0.0,12.2,10.75,14.5,1.4499999999999993,2.3000000000000007,12.0,10.5,14.5,1.5,2.5,9.0,5.0,11.0,4.0,2.0,15.8,13.0,18.0,2.8000000000000007,2.1999999999999993,4.0,4.0,4.0,0.0,0.0,4.0,4.0,4.0,0.0,0.0,0.0,0.0,0.0,0.0,0.0,4.0,4.0,4.0,0.0,0.0
20,4,4,5,0.2,0.2,0.3,dense,True,20,20,20,4,20,5,1,Independent shard-aware composition diagnostic,validity_full_harmful_sequence_per_prompt,radius_derived,5,"0,10,20,30,40",1.0,1.0,1.0,0.0,0.0,0.0,0.0,0.0,0.0,0.0,12.2,10.75,14.5,1.4499999999999993,2.3000000000000007,12.0,10.5,14.5,1.5,2.5,9.0,5.0,11.0,4.0,2.0,15.8,13.0,18.0,2.8000000000000007,2.1999999999999993,4.0,4.0,4.0,0.0,0.0,4.0,4.0,4.0,0.0,0.0,0.0,0.0,0.0,0.0,0.0,4.0,4.0,4.0,0.0,0.0
20,4,4,5,0.2,0.2,0.3,dense,True,20,20,20,4,20,5,2,Independent shard-aware composition diagnostic,validity_full_harmful_sequence_per_prompt,radius_derived,5,"0,10,20,30,40",1.0,1.0,1.0,0.0,0.0,0.0,0.0,0.0,0.0,0.0,12.2,10.75,14.5,1.4499999999999993,2.3000000000000007,12.0,10.5,14.5,1.5,2.5,9.0,5.0,11.0,4.0,2.0,15.8,13.0,18.0,2.8000000000000007,2.1999999999999993,4.0,4.0,4.0,0.0,0.0,4.0,4.0,4.0,0.0,0.0,0.0,0.0,0.0,0.0,0.0,4.0,4.0,4.0,0.0,0.0
20,4,4,5,0.2,0.2,0.3,dense,True,20,20,20,4,20,5,3,Independent shard-aware composition diagnostic,validity_full_harmful_sequence_per_prompt,radius_derived,5,"0,10,20,30,40",1.0,1.0,1.0,0.0,0.0,0.0,0.0,0.0,0.0,0.0,12.2,10.75,14.5,1.4499999999999993,2.3000000000000007,12.0,10.5,14.5,1.5,2.5,9.0,5.0,11.0,4.0,2.0,15.8,13.0,18.0,2.8000000000000007,2.1999999999999993,4.0,4.0,4.0,0.0,0.0,4.0,4.0,4.0,0.0,0.0,0.0,0.0,0.0,0.0,0.0,4.0,4.0,4.0,0.0,0.0
20,4,4,5,0.2,0.2,0.3,dense,True,20,20,20,4,20,5,4,Independent shard-aware composition diagnostic,validity_full_harmful_sequence_per_prompt,radius_derived,5,"0,10,20,30,40",1.0,1.0,1.0,0.0,0.0,0.0,0.0,0.0,0.0,0.0,12.2,10.75,14.5,1.4499999999999993,2.3000000000000007,12.0,10.5,14.5,1.5,2.5,9.0,5.0,11.0,4.0,2.0,15.8,13.0,18.0,2.8000000000000007,2.1999999999999993,4.0,4.0,4.0,0.0,0.0,4.0,4.0,4.0,0.0,0.0,0.0,0.0,0.0,0.0,0.0,4.0,4.0,4.0,0.0,0.0
20,4,4,5,0.2,0.2,0.3,dense,True,20,20,20,4,20,5,5,Independent shard-aware composition diagnostic,validity_full_harmful_sequence_per_prompt,radius_derived,5,"0,10,20,30,40",0.95,0.75,1.0,0.19999999999999996,0.050000000000000044,0.05,0.0,0.25,0.05,0.2,12.2,10.75,14.5,1.4499999999999993,2.3000000000000007,12.0,10.5,14.5,1.5,2.5,9.0,5.0,11.0,4.0,2.0,15.8,13.0,18.0,2.8000000000000007,2.1999999999999993,3.8,3.0,4.0,0.7999999999999998,0.20000000000000018,4.0,4.0,4.0,0.0,0.0,0.0,0.0,0.0,0.0,0.0,4.0,4.0,4.0,0.0,0.0
20,4,4,5,0.2,0.2,0.3,dense,True,20,20,20,4,20,5,6,Independent shard-aware composition diagnostic,validity_full_harmful_sequence_per_prompt,radius_derived,5,"0,10,20,30,40",0.95,0.75,1.0,0.19999999999999996,0.050000000000000044,0.05,0.0,0.25,0.05,0.2,12.2,10.75,14.5,1.4499999999999993,2.3000000000000007,12.0,10.5,14.5,1.5,2.5,9.0,5.0,11.0,4.0,2.0,15.8,13.0,18.0,2.8000000000000007,2.1999999999999993,3.8,3.0,4.0,0.7999999999999998,0.20000000000000018,4.0,4.0,4.0,0.0,0.0,0.0,0.0,0.0,0.0,0.0,4.0,4.0,4.0,0.0,0.0
20,4,4,5,0.2,0.2,0.3,dense,True,20,20,20,4,20,5,7,Independent shard-aware composition diagnostic,validity_full_harmful_sequence_per_prompt,radius_derived,5,"0,10,20,30,40",0.95,0.75,1.0,0.19999999999999996,0.050000000000000044,0.05,0.0,0.25,0.05,0.2,12.2,10.75,14.5,1.4499999999999993,2.3000000000000007,12.0,10.5,14.5,1.5,2.5,9.0,5.0,11.0,4.0,2.0,15.8,13.0,18.0,2.8000000000000007,2.1999999999999993,3.8,3.0,4.0,0.7999999999999998,0.20000000000000018,4.0,4.0,4.0,0.0,0.0,0.0,0.0,0.0,0.0,0.0,4.0,4.0,4.0,0.0,0.0
20,4,4,5,0.2,0.2,0.3,dense,True,20,20,20,4,20,5,8,Independent shard-aware composition diagnostic,validity_full_harmful_sequence_per_prompt,radius_derived,5,"0,10,20,30,40",0.95,0.75,1.0,0.19999999999999996,0.050000000000000044,0.05,0.0,0.25,0.05,0.2,12.2,10.75,14.5,1.4499999999999993,2.3000000000000007,12.0,10.5,14.5,1.5,2.5,9.0,5.0,11.0,4.0,2.0,15.8,13.0,18.0,2.8000000000000007,2.1999999999999993,3.8,3.0,4.0,0.7999999999999998,0.20000000000000018,4.0,4.0,4.0,0.0,0.0,0.0,0.0,0.0,0.0,0.0,4.0,4.0,4.0,0.0,0.0
20,4,4,5,0.2,0.2,0.3,dense,True,20,20,20,4,20,5,9,Independent shard-aware composition diagnostic,validity_full_harmful_sequence_per_prompt,radius_derived,5,"0,10,20,30,40",0.85,0.5,1.0,0.35,0.15000000000000002,0.15,0.0,0.5,0.15,0.35,12.2,10.75,14.5,1.4499999999999993,2.3000000000000007,12.0,10.5,14.5,1.5,2.5,9.0,5.0,11.0,4.0,2.0,15.8,13.0,18.0,2.8000000000000007,2.1999999999999993,3.4,2.0,4.0,1.4,0.6000000000000001,4.0,4.0,4.0,0.0,0.0,0.0,0.0,0.0,0.0,0.0,4.0,4.0,4.0,0.0,0.0
20,4,4,5,0.2,0.2,0.3,dense,True,20,20,20,4,20,5,10,Independent shard-aware composition diagnostic,validity_full_harmful_sequence_per_prompt,radius_derived,5,"0,10,20,30,40",0.65,0.5,1.0,0.15000000000000002,0.35,0.35,0.0,0.5,0.35,0.15000000000000002,12.2,10.75,14.5,1.4499999999999993,2.3000000000000007,12.0,10.5,14.5,1.5,2.5,9.0,5.0,11.0,4.0,2.0,15.8,13.0,18.0,2.8000000000000007,2.1999999999999993,2.6,2.0,4.0,0.6000000000000001,1.4,4.0,4.0,4.0,0.0,0.0,0.0,0.0,0.0,0.0,0.0,4.0,4.0,4.0,0.0,0.0
20,4,4,5,0.2,0.2,0.3,dense,True,20,20,20,4,20,5,11,Independent shard-aware composition diagnostic,validity_full_harmful_sequence_per_prompt,radius_derived,5,"0,10,20,30,40",0.5,0.5,0.5,0.0,0.0,0.5,0.5,0.5,0.0,0.0,12.2,10.75,14.5,1.4499999999999993,2.3000000000000007,12.0,10.5,14.5,1.5,2.5,9.0,5.0,11.0,4.0,2.0,15.8,13.0,18.0,2.8000000000000007,2.1999999999999993,2.0,2.0,2.0,0.0,0.0,4.0,4.0,4.0,0.0,0.0,0.0,0.0,0.0,0.0,0.0,4.0,4.0,4.0,0.0,0.0
20,4,4,5,0.2,0.2,0.3,dense,True,20,20,20,4,20,5,12,Independent shard-aware composition diagnostic,validity_full_harmful_sequence_per_prompt,radius_derived,5,"0,10,20,30,40",0.45,0.25,0.5,0.2,0.04999999999999999,0.55,0.5,0.75,0.050000000000000044,0.19999999999999996,12.2,10.75,14.5,1.4499999999999993,2.3000000000000007,12.0,10.5,14.5,1.5,2.5,9.0,5.0,11.0,4.0,2.0,15.8,13.0,18.0,2.8000000000000007,2.1999999999999993,1.8,1.0,2.0,0.8,0.19999999999999996,4.0,4.0,4.0,0.0,0.0,0.0,0.0,0.0,0.0,0.0,4.0,4.0,4.0,0.0,0.0
20,4,4,5,0.2,0.2,0.3,dense,True,20,20,20,4,20,5,13,Independent shard-aware composition diagnostic,validity_full_harmful_sequence_per_prompt,radius_derived,5,"0,10,20,30,40",0.25,0.0,0.5,0.25,0.25,0.75,0.5,1.0,0.25,0.25,12.2,10.75,14.5,1.4499999999999993,2.3000000000000007,12.0,10.5,14.5,1.5,2.5,9.0,5.0,11.0,4.0,2.0,15.8,13.0,18.0,2.8000000000000007,2.1999999999999993,1.0,0.0,2.0,1.0,1.0,4.0,4.0,4.0,0.0,0.0,0.0,0.0,0.0,0.0,0.0,4.0,4.0,4.0,0.0,0.0
20,4,4,5,0.2,0.2,0.3,dense,True,20,20,20,4,20,5,14,Independent shard-aware composition diagnostic,validity_full_harmful_sequence_per_prompt,radius_derived,5,"0,10,20,30,40",0.25,0.0,0.5,0.25,0.25,0.75,0.5,1.0,0.25,0.25,12.2,10.75,14.5,1.4499999999999993,2.3000000000000007,12.0,10.5,14.5,1.5,2.5,9.0,5.0,11.0,4.0,2.0,15.8,13.0,18.0,2.8000000000000007,2.1999999999999993,1.0,0.0,2.0,1.0,1.0,4.0,4.0,4.0,0.0,0.0,0.0,0.0,0.0,0.0,0.0,4.0,4.0,4.0,0.0,0.0
20,4,4,5,0.2,0.2,0.3,dense,True,20,20,20,4,20,5,15,Independent shard-aware composition diagnostic,validity_full_harmful_sequence_per_prompt,radius_derived,5,"0,10,20,30,40",0.2,0.0,0.5,0.2,0.3,0.8,0.5,1.0,0.30000000000000004,0.19999999999999996,12.2,10.75,14.5,1.4499999999999993,2.3000000000000007,12.0,10.5,14.5,1.5,2.5,9.0,5.0,11.0,4.0,2.0,15.8,13.0,18.0,2.8000000000000007,2.1999999999999993,0.8,0.0,2.0,0.8,1.2,4.0,4.0,4.0,0.0,0.0,0.0,0.0,0.0,0.0,0.0,4.0,4.0,4.0,0.0,0.0
20,4,4,5,0.2,0.2,0.3,dense,True,20,20,20,4,20,5,16,Independent shard-aware composition diagnostic,validity_full_harmful_sequence_per_prompt,radius_derived,5,"0,10,20,30,40",0.15,0.0,0.5,0.15,0.35,0.85,0.5,1.0,0.35,0.15000000000000002,12.2,10.75,14.5,1.4499999999999993,2.3000000000000007,12.0,10.5,14.5,1.5,2.5,9.0,5.0,11.0,4.0,2.0,15.8,13.0,18.0,2.8000000000000007,2.1999999999999993,0.6,0.0,2.0,0.6,1.4,4.0,4.0,4.0,0.0,0.0,0.0,0.0,0.0,0.0,0.0,4.0,4.0,4.0,0.0,0.0
20,4,4,5,0.2,0.2,0.3,dense,True,20,20,20,4,20,5,17,Independent shard-aware composition diagnostic,validity_full_harmful_sequence_per_prompt,radius_derived,5,"0,10,20,30,40",0.1,0.0,0.5,0.1,0.4,0.9,0.5,1.0,0.4,0.09999999999999998,12.2,10.75,14.5,1.4499999999999993,2.3000000000000007,12.0,10.5,14.5,1.5,2.5,9.0,5.0,11.0,4.0,2.0,15.8,13.0,18.0,2.8000000000000007,2.1999999999999993,0.4,0.0,2.0,0.4,1.6,4.0,4.0,4.0,0.0,0.0,0.0,0.0,0.0,0.0,0.0,4.0,4.0,4.0,0.0,0.0
20,4,4,5,0.2,0.2,0.3,dense,True,20,20,20,4,20,5,18,Independent shard-aware composition diagnostic,validity_full_harmful_sequence_per_prompt,radius_derived,5,"0,10,20,30,40",0.0,0.0,0.0,0.0,0.0,1.0,1.0,1.0,0.0,0.0,12.2,10.75,14.5,1.4499999999999993,2.3000000000000007,12.0,10.5,14.5,1.5,2.5,9.0,5.0,11.0,4.0,2.0,15.8,13.0,18.0,2.8000000000000007,2.1999999999999993,0.0,0.0,0.0,0.0,0.0,4.0,4.0,4.0,0.0,0.0,0.0,0.0,0.0,0.0,0.0,4.0,4.0,4.0,0.0,0.0
20,4,4,5,0.2,0.2,0.3,dense,True,20,20,20,4,20,5,19,Independent shard-aware composition diagnostic,validity_full_harmful_sequence_per_prompt,radius_derived,5,"0,10,20,30,40",0.0,0.0,0.0,0.0,0.0,1.0,1.0,1.0,0.0,0.0,12.2,10.75,14.5,1.4499999999999993,2.3000000000000007,12.0,10.5,14.5,1.5,2.5,9.0,5.0,11.0,4.0,2.0,15.8,13.0,18.0,2.8000000000000007,2.1999999999999993,0.0,0.0,0.0,0.0,0.0,4.0,4.0,4.0,0.0,0.0,0.0,0.0,0.0,0.0,0.0,4.0,4.0,4.0,0.0,0.0
20,4,4,5,0.2,0.2,0.3,dense,True,20,20,20,4,20,5,20,Independent shard-aware composition diagnostic,validity_full_harmful_sequence_per_prompt,radius_derived,5,"0,10,20,30,40",0.0,0.0,0.0,0.0,0.0,1.0,1.0,1.0,0.0,0.0,12.2,10.75,14.5,1.4499999999999993,2.3000000000000007,12.0,10.5,14.5,1.5,2.5,9.0,5.0,11.0,4.0,2.0,15.8,13.0,18.0,2.8000000000000007,2.1999999999999993,0.0,0.0,0.0,0.0,0.0,4.0,4.0,4.0,0.0,0.0,0.0,0.0,0.0,0.0,0.0,4.0,4.0,4.0,0.0,0.0
20,4,6,5,0.2,0.2,0.3,dense,True,20,20,20,4,20,5,0,DPA token margin,full_response_stable_against_any_token_change,radius_derived,5,"0,10,20,30,40",1.0,1.0,1.0,0.0,0.0,0.0,0.0,0.0,0.0,0.0,5.4,5.25,5.5,0.15000000000000036,0.09999999999999964,5.6,5.5,6.0,0.09999999999999964,0.40000000000000036,4.2,3.0,5.0,1.2000000000000002,0.7999999999999998,6.2,6.0,7.0,0.20000000000000018,0.7999999999999998,4.0,4.0,4.0,0.0,0.0,4.0,4.0,4.0,0.0,0.0,0.0,0.0,0.0,0.0,0.0,4.0,4.0,4.0,0.0,0.0
20,4,6,5,0.2,0.2,0.3,dense,True,20,20,20,4,20,5,1,DPA token margin,full_response_stable_against_any_token_change,radius_derived,5,"0,10,20,30,40",1.0,1.0,1.0,0.0,0.0,0.0,0.0,0.0,0.0,0.0,5.4,5.25,5.5,0.15000000000000036,0.09999999999999964,5.6,5.5,6.0,0.09999999999999964,0.40000000000000036,4.2,3.0,5.0,1.2000000000000002,0.7999999999999998,6.2,6.0,7.0,0.20000000000000018,0.7999999999999998,4.0,4.0,4.0,0.0,0.0,4.0,4.0,4.0,0.0,0.0,0.0,0.0,0.0,0.0,0.0,4.0,4.0,4.0,0.0,0.0
20,4,6,5,0.2,0.2,0.3,dense,True,20,20,20,4,20,5,2,DPA token margin,full_response_stable_against_any_token_change,radius_derived,5,"0,10,20,30,40",1.0,1.0,1.0,0.0,0.0,0.0,0.0,0.0,0.0,0.0,5.4,5.25,5.5,0.15000000000000036,0.09999999999999964,5.6,5.5,6.0,0.09999999999999964,0.40000000000000036,4.2,3.0,5.0,1.2000000000000002,0.7999999999999998,6.2,6.0,7.0,0.20000000000000018,0.7999999999999998,4.0,4.0,4.0,0.0,0.0,4.0,4.0,4.0,0.0,0.0,0.0,0.0,0.0,0.0,0.0,4.0,4.0,4.0,0.0,0.0
20,4,6,5,0.2,0.2,0.3,dense,True,20,20,20,4,20,5,3,DPA token margin,full_response_stable_against_any_token_change,radius_derived,5,"0,10,20,30,40",0.95,0.75,1.0,0.19999999999999996,0.050000000000000044,0.05,0.0,0.25,0.05,0.2,5.4,5.25,5.5,0.15000000000000036,0.09999999999999964,5.6,5.5,6.0,0.09999999999999964,0.40000000000000036,4.2,3.0,5.0,1.2000000000000002,0.7999999999999998,6.2,6.0,7.0,0.20000000000000018,0.7999999999999998,3.8,3.0,4.0,0.7999999999999998,0.20000000000000018,4.0,4.0,4.0,0.0,0.0,0.0,0.0,0.0,0.0,0.0,4.0,4.0,4.0,0.0,0.0
20,4,6,5,0.2,0.2,0.3,dense,True,20,20,20,4,20,5,4,DPA token margin,full_response_stable_against_any_token_change,radius_derived,5,"0,10,20,30,40",0.85,0.75,1.0,0.09999999999999998,0.15000000000000002,0.15,0.0,0.25,0.15,0.1,5.4,5.25,5.5,0.15000000000000036,0.09999999999999964,5.6,5.5,6.0,0.09999999999999964,0.40000000000000036,4.2,3.0,5.0,1.2000000000000002,0.7999999999999998,6.2,6.0,7.0,0.20000000000000018,0.7999999999999998,3.4,3.0,4.0,0.3999999999999999,0.6000000000000001,4.0,4.0,4.0,0.0,0.0,0.0,0.0,0.0,0.0,0.0,4.0,4.0,4.0,0.0,0.0
20,4,6,5,0.2,0.2,0.3,dense,True,20,20,20,4,20,5,5,DPA token margin,full_response_stable_against_any_token_change,radius_derived,5,"0,10,20,30,40",0.55,0.5,0.75,0.050000000000000044,0.19999999999999996,0.45,0.25,0.5,0.2,0.04999999999999999,5.4,5.25,5.5,0.15000000000000036,0.09999999999999964,5.6,5.5,6.0,0.09999999999999964,0.40000000000000036,4.2,3.0,5.0,1.2000000000000002,0.7999999999999998,6.2,6.0,7.0,0.20000000000000018,0.7999999999999998,2.2,2.0,3.0,0.20000000000000018,0.7999999999999998,4.0,4.0,4.0,0.0,0.0,0.0,0.0,0.0,0.0,0.0,4.0,4.0,4.0,0.0,0.0
20,4,6,5,0.2,0.2,0.3,dense,True,20,20,20,4,20,5,6,DPA token margin,full_response_stable_against_any_token_change,radius_derived,5,"0,10,20,30,40",0.05,0.0,0.25,0.05,0.2,0.95,0.75,1.0,0.19999999999999996,0.050000000000000044,5.4,5.25,5.5,0.15000000000000036,0.09999999999999964,5.6,5.5,6.0,0.09999999999999964,0.40000000000000036,4.2,3.0,5.0,1.2000000000000002,0.7999999999999998,6.2,6.0,7.0,0.20000000000000018,0.7999999999999998,0.2,0.0,1.0,0.2,0.8,4.0,4.0,4.0,0.0,0.0,0.0,0.0,0.0,0.0,0.0,4.0,4.0,4.0,0.0,0.0
20,4,6,5,0.2,0.2,0.3,dense,True,20,20,20,4,20,5,7,DPA token margin,full_response_stable_against_any_token_change,radius_derived,5,"0,10,20,30,40",0.0,0.0,0.0,0.0,0.0,1.0,1.0,1.0,0.0,0.0,5.4,5.25,5.5,0.15000000000000036,0.09999999999999964,5.6,5.5,6.0,0.09999999999999964,0.40000000000000036,4.2,3.0,5.0,1.2000000000000002,0.7999999999999998,6.2,6.0,7.0,0.20000000000000018,0.7999999999999998,0.0,0.0,0.0,0.0,0.0,4.0,4.0,4.0,0.0,0.0,0.0,0.0,0.0,0.0,0.0,4.0,4.0,4.0,0.0,0.0
20,4,6,5,0.2,0.2,0.3,dense,True,20,20,20,4,20,5,8,DPA token margin,full_response_stable_against_any_token_change,radius_derived,5,"0,10,20,30,40",0.0,0.0,0.0,0.0,0.0,1.0,1.0,1.0,0.0,0.0,5.4,5.25,5.5,0.15000000000000036,0.09999999999999964,5.6,5.5,6.0,0.09999999999999964,0.40000000000000036,4.2,3.0,5.0,1.2000000000000002,0.7999999999999998,6.2,6.0,7.0,0.20000000000000018,0.7999999999999998,0.0,0.0,0.0,0.0,0.0,4.0,4.0,4.0,0.0,0.0,0.0,0.0,0.0,0.0,0.0,4.0,4.0,4.0,0.0,0.0
20,4,6,5,0.2,0.2,0.3,dense,True,20,20,20,4,20,5,9,DPA token margin,full_response_stable_against_any_token_change,radius_derived,5,"0,10,20,30,40",0.0,0.0,0.0,0.0,0.0,1.0,1.0,1.0,0.0,0.0,5.4,5.25,5.5,0.15000000000000036,0.09999999999999964,5.6,5.5,6.0,0.09999999999999964,0.40000000000000036,4.2,3.0,5.0,1.2000000000000002,0.7999999999999998,6.2,6.0,7.0,0.20000000000000018,0.7999999999999998,0.0,0.0,0.0,0.0,0.0,4.0,4.0,4.0,0.0,0.0,0.0,0.0,0.0,0.0,0.0,4.0,4.0,4.0,0.0,0.0
20,4,6,5,0.2,0.2,0.3,dense,True,20,20,20,4,20,5,10,DPA token margin,full_response_stable_against_any_token_change,radius_derived,5,"0,10,20,30,40",0.0,0.0,0.0,0.0,0.0,1.0,1.0,1.0,0.0,0.0,5.4,5.25,5.5,0.15000000000000036,0.09999999999999964,5.6,5.5,6.0,0.09999999999999964,0.40000000000000036,4.2,3.0,5.0,1.2000000000000002,0.7999999999999998,6.2,6.0,7.0,0.20000000000000018,0.7999999999999998,0.0,0.0,0.0,0.0,0.0,4.0,4.0,4.0,0.0,0.0,0.0,0.0,0.0,0.0,0.0,4.0,4.0,4.0,0.0,0.0
20,4,6,5,0.2,0.2,0.3,dense,True,20,20,20,4,20,5,11,DPA token margin,full_response_stable_against_any_token_change,radius_derived,5,"0,10,20,30,40",0.0,0.0,0.0,0.0,0.0,1.0,1.0,1.0,0.0,0.0,5.4,5.25,5.5,0.15000000000000036,0.09999999999999964,5.6,5.5,6.0,0.09999999999999964,0.40000000000000036,4.2,3.0,5.0,1.2000000000000002,0.7999999999999998,6.2,6.0,7.0,0.20000000000000018,0.7999999999999998,0.0,0.0,0.0,0.0,0.0,4.0,4.0,4.0,0.0,0.0,0.0,0.0,0.0,0.0,0.0,4.0,4.0,4.0,0.0,0.0
20,4,6,5,0.2,0.2,0.3,dense,True,20,20,20,4,20,5,12,DPA token margin,full_response_stable_against_any_token_change,radius_derived,5,"0,10,20,30,40",0.0,0.0,0.0,0.0,0.0,1.0,1.0,1.0,0.0,0.0,5.4,5.25,5.5,0.15000000000000036,0.09999999999999964,5.6,5.5,6.0,0.09999999999999964,0.40000000000000036,4.2,3.0,5.0,1.2000000000000002,0.7999999999999998,6.2,6.0,7.0,0.20000000000000018,0.7999999999999998,0.0,0.0,0.0,0.0,0.0,4.0,4.0,4.0,0.0,0.0,0.0,0.0,0.0,0.0,0.0,4.0,4.0,4.0,0.0,0.0
20,4,6,5,0.2,0.2,0.3,dense,True,20,20,20,4,20,5,13,DPA token margin,full_response_stable_against_any_token_change,radius_derived,5,"0,10,20,30,40",0.0,0.0,0.0,0.0,0.0,1.0,1.0,1.0,0.0,0.0,5.4,5.25,5.5,0.15000000000000036,0.09999999999999964,5.6,5.5,6.0,0.09999999999999964,0.40000000000000036,4.2,3.0,5.0,1.2000000000000002,0.7999999999999998,6.2,6.0,7.0,0.20000000000000018,0.7999999999999998,0.0,0.0,0.0,0.0,0.0,4.0,4.0,4.0,0.0,0.0,0.0,0.0,0.0,0.0,0.0,4.0,4.0,4.0,0.0,0.0
20,4,6,5,0.2,0.2,0.3,dense,True,20,20,20,4,20,5,14,DPA token margin,full_response_stable_against_any_token_change,radius_derived,5,"0,10,20,30,40",0.0,0.0,0.0,0.0,0.0,1.0,1.0,1.0,0.0,0.0,5.4,5.25,5.5,0.15000000000000036,0.09999999999999964,5.6,5.5,6.0,0.09999999999999964,0.40000000000000036,4.2,3.0,5.0,1.2000000000000002,0.7999999999999998,6.2,6.0,7.0,0.20000000000000018,0.7999999999999998,0.0,0.0,0.0,0.0,0.0,4.0,4.0,4.0,0.0,0.0,0.0,0.0,0.0,0.0,0.0,4.0,4.0,4.0,0.0,0.0
20,4,6,5,0.2,0.2,0.3,dense,True,20,20,20,4,20,5,15,DPA token margin,full_response_stable_against_any_token_change,radius_derived,5,"0,10,20,30,40",0.0,0.0,0.0,0.0,0.0,1.0,1.0,1.0,0.0,0.0,5.4,5.25,5.5,0.15000000000000036,0.09999999999999964,5.6,5.5,6.0,0.09999999999999964,0.40000000000000036,4.2,3.0,5.0,1.2000000000000002,0.7999999999999998,6.2,6.0,7.0,0.20000000000000018,0.7999999999999998,0.0,0.0,0.0,0.0,0.0,4.0,4.0,4.0,0.0,0.0,0.0,0.0,0.0,0.0,0.0,4.0,4.0,4.0,0.0,0.0
20,4,6,5,0.2,0.2,0.3,dense,True,20,20,20,4,20,5,16,DPA token margin,full_response_stable_against_any_token_change,radius_derived,5,"0,10,20,30,40",0.0,0.0,0.0,0.0,0.0,1.0,1.0,1.0,0.0,0.0,5.4,5.25,5.5,0.15000000000000036,0.09999999999999964,5.6,5.5,6.0,0.09999999999999964,0.40000000000000036,4.2,3.0,5.0,1.2000000000000002,0.7999999999999998,6.2,6.0,7.0,0.20000000000000018,0.7999999999999998,0.0,0.0,0.0,0.0,0.0,4.0,4.0,4.0,0.0,0.0,0.0,0.0,0.0,0.0,0.0,4.0,4.0,4.0,0.0,0.0
20,4,6,5,0.2,0.2,0.3,dense,True,20,20,20,4,20,5,17,DPA token margin,full_response_stable_against_any_token_change,radius_derived,5,"0,10,20,30,40",0.0,0.0,0.0,0.0,0.0,1.0,1.0,1.0,0.0,0.0,5.4,5.25,5.5,0.15000000000000036,0.09999999999999964,5.6,5.5,6.0,0.09999999999999964,0.40000000000000036,4.2,3.0,5.0,1.2000000000000002,0.7999999999999998,6.2,6.0,7.0,0.20000000000000018,0.7999999999999998,0.0,0.0,0.0,0.0,0.0,4.0,4.0,4.0,0.0,0.0,0.0,0.0,0.0,0.0,0.0,4.0,4.0,4.0,0.0,0.0
20,4,6,5,0.2,0.2,0.3,dense,True,20,20,20,4,20,5,18,DPA token margin,full_response_stable_against_any_token_change,radius_derived,5,"0,10,20,30,40",0.0,0.0,0.0,0.0,0.0,1.0,1.0,1.0,0.0,0.0,5.4,5.25,5.5,0.15000000000000036,0.09999999999999964,5.6,5.5,6.0,0.09999999999999964,0.40000000000000036,4.2,3.0,5.0,1.2000000000000002,0.7999999999999998,6.2,6.0,7.0,0.20000000000000018,0.7999999999999998,0.0,0.0,0.0,0.0,0.0,4.0,4.0,4.0,0.0,0.0,0.0,0.0,0.0,0.0,0.0,4.0,4.0,4.0,0.0,0.0
20,4,6,5,0.2,0.2,0.3,dense,True,20,20,20,4,20,5,19,DPA token margin,full_response_stable_against_any_token_change,radius_derived,5,"0,10,20,30,40",0.0,0.0,0.0,0.0,0.0,1.0,1.0,1.0,0.0,0.0,5.4,5.25,5.5,0.15000000000000036,0.09999999999999964,5.6,5.5,6.0,0.09999999999999964,0.40000000000000036,4.2,3.0,5.0,1.2000000000000002,0.7999999999999998,6.2,6.0,7.0,0.20000000000000018,0.7999999999999998,0.0,0.0,0.0,0.0,0.0,4.0,4.0,4.0,0.0,0.0,0.0,0.0,0.0,0.0,0.0,4.0,4.0,4.0,0.0,0.0
20,4,6,5,0.2,0.2,0.3,dense,True,20,20,20,4,20,5,20,DPA token margin,full_response_stable_against_any_token_change,radius_derived,5,"0,10,20,30,40",0.0,0.0,0.0,0.0,0.0,1.0,1.0,1.0,0.0,0.0,5.4,5.25,5.5,0.15000000000000036,0.09999999999999964,5.6,5.5,6.0,0.09999999999999964,0.40000000000000036,4.2,3.0,5.0,1.2000000000000002,0.7999999999999998,6.2,6.0,7.0,0.20000000000000018,0.7999999999999998,0.0,0.0,0.0,0.0,0.0,4.0,4.0,4.0,0.0,0.0,0.0,0.0,0.0,0.0,0.0,4.0,4.0,4.0,0.0,0.0
20,4,6,5,0.2,0.2,0.3,dense,True,20,20,20,4,20,5,0,Shared MILP,stability_one_token_per_prompt,radius_derived,5,"0,10,20,30,40",1.0,1.0,1.0,0.0,0.0,0.0,0.0,0.0,0.0,0.0,5.4,5.25,5.5,0.15000000000000036,0.09999999999999964,5.6,5.5,6.0,0.09999999999999964,0.40000000000000036,4.2,3.0,5.0,1.2000000000000002,0.7999999999999998,6.2,6.0,7.0,0.20000000000000018,0.7999999999999998,4.0,4.0,4.0,0.0,0.0,4.0,4.0,4.0,0.0,0.0,0.0,0.0,0.0,0.0,0.0,4.0,4.0,4.0,0.0,0.0
20,4,6,5,0.2,0.2,0.3,dense,True,20,20,20,4,20,5,1,Shared MILP,stability_one_token_per_prompt,radius_derived,5,"0,10,20,30,40",1.0,1.0,1.0,0.0,0.0,0.0,0.0,0.0,0.0,0.0,5.4,5.25,5.5,0.15000000000000036,0.09999999999999964,5.6,5.5,6.0,0.09999999999999964,0.40000000000000036,4.2,3.0,5.0,1.2000000000000002,0.7999999999999998,6.2,6.0,7.0,0.20000000000000018,0.7999999999999998,4.0,4.0,4.0,0.0,0.0,4.0,4.0,4.0,0.0,0.0,0.0,0.0,0.0,0.0,0.0,4.0,4.0,4.0,0.0,0.0
20,4,6,5,0.2,0.2,0.3,dense,True,20,20,20,4,20,5,2,Shared MILP,stability_one_token_per_prompt,radius_derived,5,"0,10,20,30,40",1.0,1.0,1.0,0.0,0.0,0.0,0.0,0.0,0.0,0.0,5.4,5.25,5.5,0.15000000000000036,0.09999999999999964,5.6,5.5,6.0,0.09999999999999964,0.40000000000000036,4.2,3.0,5.0,1.2000000000000002,0.7999999999999998,6.2,6.0,7.0,0.20000000000000018,0.7999999999999998,4.0,4.0,4.0,0.0,0.0,4.0,4.0,4.0,0.0,0.0,0.0,0.0,0.0,0.0,0.0,4.0,4.0,4.0,0.0,0.0
20,4,6,5,0.2,0.2,0.3,dense,True,20,20,20,4,20,5,3,Shared MILP,stability_one_token_per_prompt,radius_derived,5,"0,10,20,30,40",0.95,0.75,1.0,0.19999999999999996,0.050000000000000044,0.05,0.0,0.25,0.05,0.2,5.4,5.25,5.5,0.15000000000000036,0.09999999999999964,5.6,5.5,6.0,0.09999999999999964,0.40000000000000036,4.2,3.0,5.0,1.2000000000000002,0.7999999999999998,6.2,6.0,7.0,0.20000000000000018,0.7999999999999998,3.8,3.0,4.0,0.7999999999999998,0.20000000000000018,4.0,4.0,4.0,0.0,0.0,0.0,0.0,0.0,0.0,0.0,4.0,4.0,4.0,0.0,0.0
20,4,6,5,0.2,0.2,0.3,dense,True,20,20,20,4,20,5,4,Shared MILP,stability_one_token_per_prompt,radius_derived,5,"0,10,20,30,40",0.85,0.75,1.0,0.09999999999999998,0.15000000000000002,0.15,0.0,0.25,0.15,0.1,5.4,5.25,5.5,0.15000000000000036,0.09999999999999964,5.6,5.5,6.0,0.09999999999999964,0.40000000000000036,4.2,3.0,5.0,1.2000000000000002,0.7999999999999998,6.2,6.0,7.0,0.20000000000000018,0.7999999999999998,3.4,3.0,4.0,0.3999999999999999,0.6000000000000001,4.0,4.0,4.0,0.0,0.0,0.0,0.0,0.0,0.0,0.0,4.0,4.0,4.0,0.0,0.0
20,4,6,5,0.2,0.2,0.3,dense,True,20,20,20,4,20,5,5,Shared MILP,stability_one_token_per_prompt,radius_derived,5,"0,10,20,30,40",0.55,0.5,0.75,0.050000000000000044,0.19999999999999996,0.45,0.25,0.5,0.2,0.04999999999999999,5.4,5.25,5.5,0.15000000000000036,0.09999999999999964,5.6,5.5,6.0,0.09999999999999964,0.40000000000000036,4.2,3.0,5.0,1.2000000000000002,0.7999999999999998,6.2,6.0,7.0,0.20000000000000018,0.7999999999999998,2.2,2.0,3.0,0.20000000000000018,0.7999999999999998,4.0,4.0,4.0,0.0,0.0,0.0,0.0,0.0,0.0,0.0,4.0,4.0,4.0,0.0,0.0
20,4,6,5,0.2,0.2,0.3,dense,True,20,20,20,4,20,5,6,Shared MILP,stability_one_token_per_prompt,radius_derived,5,"0,10,20,30,40",0.05,0.0,0.25,0.05,0.2,0.95,0.75,1.0,0.19999999999999996,0.050000000000000044,5.4,5.25,5.5,0.15000000000000036,0.09999999999999964,5.6,5.5,6.0,0.09999999999999964,0.40000000000000036,4.2,3.0,5.0,1.2000000000000002,0.7999999999999998,6.2,6.0,7.0,0.20000000000000018,0.7999999999999998,0.2,0.0,1.0,0.2,0.8,4.0,4.0,4.0,0.0,0.0,0.0,0.0,0.0,0.0,0.0,4.0,4.0,4.0,0.0,0.0
20,4,6,5,0.2,0.2,0.3,dense,True,20,20,20,4,20,5,7,Shared MILP,stability_one_token_per_prompt,radius_derived,5,"0,10,20,30,40",0.0,0.0,0.0,0.0,0.0,1.0,1.0,1.0,0.0,0.0,5.4,5.25,5.5,0.15000000000000036,0.09999999999999964,5.6,5.5,6.0,0.09999999999999964,0.40000000000000036,4.2,3.0,5.0,1.2000000000000002,0.7999999999999998,6.2,6.0,7.0,0.20000000000000018,0.7999999999999998,0.0,0.0,0.0,0.0,0.0,4.0,4.0,4.0,0.0,0.0,0.0,0.0,0.0,0.0,0.0,4.0,4.0,4.0,0.0,0.0
20,4,6,5,0.2,0.2,0.3,dense,True,20,20,20,4,20,5,8,Shared MILP,stability_one_token_per_prompt,radius_derived,5,"0,10,20,30,40",0.0,0.0,0.0,0.0,0.0,1.0,1.0,1.0,0.0,0.0,5.4,5.25,5.5,0.15000000000000036,0.09999999999999964,5.6,5.5,6.0,0.09999999999999964,0.40000000000000036,4.2,3.0,5.0,1.2000000000000002,0.7999999999999998,6.2,6.0,7.0,0.20000000000000018,0.7999999999999998,0.0,0.0,0.0,0.0,0.0,4.0,4.0,4.0,0.0,0.0,0.0,0.0,0.0,0.0,0.0,4.0,4.0,4.0,0.0,0.0
20,4,6,5,0.2,0.2,0.3,dense,True,20,20,20,4,20,5,9,Shared MILP,stability_one_token_per_prompt,radius_derived,5,"0,10,20,30,40",0.0,0.0,0.0,0.0,0.0,1.0,1.0,1.0,0.0,0.0,5.4,5.25,5.5,0.15000000000000036,0.09999999999999964,5.6,5.5,6.0,0.09999999999999964,0.40000000000000036,4.2,3.0,5.0,1.2000000000000002,0.7999999999999998,6.2,6.0,7.0,0.20000000000000018,0.7999999999999998,0.0,0.0,0.0,0.0,0.0,4.0,4.0,4.0,0.0,0.0,0.0,0.0,0.0,0.0,0.0,4.0,4.0,4.0,0.0,0.0
20,4,6,5,0.2,0.2,0.3,dense,True,20,20,20,4,20,5,10,Shared MILP,stability_one_token_per_prompt,radius_derived,5,"0,10,20,30,40",0.0,0.0,0.0,0.0,0.0,1.0,1.0,1.0,0.0,0.0,5.4,5.25,5.5,0.15000000000000036,0.09999999999999964,5.6,5.5,6.0,0.09999999999999964,0.40000000000000036,4.2,3.0,5.0,1.2000000000000002,0.7999999999999998,6.2,6.0,7.0,0.20000000000000018,0.7999999999999998,0.0,0.0,0.0,0.0,0.0,4.0,4.0,4.0,0.0,0.0,0.0,0.0,0.0,0.0,0.0,4.0,4.0,4.0,0.0,0.0
20,4,6,5,0.2,0.2,0.3,dense,True,20,20,20,4,20,5,11,Shared MILP,stability_one_token_per_prompt,radius_derived,5,"0,10,20,30,40",0.0,0.0,0.0,0.0,0.0,1.0,1.0,1.0,0.0,0.0,5.4,5.25,5.5,0.15000000000000036,0.09999999999999964,5.6,5.5,6.0,0.09999999999999964,0.40000000000000036,4.2,3.0,5.0,1.2000000000000002,0.7999999999999998,6.2,6.0,7.0,0.20000000000000018,0.7999999999999998,0.0,0.0,0.0,0.0,0.0,4.0,4.0,4.0,0.0,0.0,0.0,0.0,0.0,0.0,0.0,4.0,4.0,4.0,0.0,0.0
20,4,6,5,0.2,0.2,0.3,dense,True,20,20,20,4,20,5,12,Shared MILP,stability_one_token_per_prompt,radius_derived,5,"0,10,20,30,40",0.0,0.0,0.0,0.0,0.0,1.0,1.0,1.0,0.0,0.0,5.4,5.25,5.5,0.15000000000000036,0.09999999999999964,5.6,5.5,6.0,0.09999999999999964,0.40000000000000036,4.2,3.0,5.0,1.2000000000000002,0.7999999999999998,6.2,6.0,7.0,0.20000000000000018,0.7999999999999998,0.0,0.0,0.0,0.0,0.0,4.0,4.0,4.0,0.0,0.0,0.0,0.0,0.0,0.0,0.0,4.0,4.0,4.0,0.0,0.0
20,4,6,5,0.2,0.2,0.3,dense,True,20,20,20,4,20,5,13,Shared MILP,stability_one_token_per_prompt,radius_derived,5,"0,10,20,30,40",0.0,0.0,0.0,0.0,0.0,1.0,1.0,1.0,0.0,0.0,5.4,5.25,5.5,0.15000000000000036,0.09999999999999964,5.6,5.5,6.0,0.09999999999999964,0.40000000000000036,4.2,3.0,5.0,1.2000000000000002,0.7999999999999998,6.2,6.0,7.0,0.20000000000000018,0.7999999999999998,0.0,0.0,0.0,0.0,0.0,4.0,4.0,4.0,0.0,0.0,0.0,0.0,0.0,0.0,0.0,4.0,4.0,4.0,0.0,0.0
20,4,6,5,0.2,0.2,0.3,dense,True,20,20,20,4,20,5,14,Shared MILP,stability_one_token_per_prompt,radius_derived,5,"0,10,20,30,40",0.0,0.0,0.0,0.0,0.0,1.0,1.0,1.0,0.0,0.0,5.4,5.25,5.5,0.15000000000000036,0.09999999999999964,5.6,5.5,6.0,0.09999999999999964,0.40000000000000036,4.2,3.0,5.0,1.2000000000000002,0.7999999999999998,6.2,6.0,7.0,0.20000000000000018,0.7999999999999998,0.0,0.0,0.0,0.0,0.0,4.0,4.0,4.0,0.0,0.0,0.0,0.0,0.0,0.0,0.0,4.0,4.0,4.0,0.0,0.0
20,4,6,5,0.2,0.2,0.3,dense,True,20,20,20,4,20,5,15,Shared MILP,stability_one_token_per_prompt,radius_derived,5,"0,10,20,30,40",0.0,0.0,0.0,0.0,0.0,1.0,1.0,1.0,0.0,0.0,5.4,5.25,5.5,0.15000000000000036,0.09999999999999964,5.6,5.5,6.0,0.09999999999999964,0.40000000000000036,4.2,3.0,5.0,1.2000000000000002,0.7999999999999998,6.2,6.0,7.0,0.20000000000000018,0.7999999999999998,0.0,0.0,0.0,0.0,0.0,4.0,4.0,4.0,0.0,0.0,0.0,0.0,0.0,0.0,0.0,4.0,4.0,4.0,0.0,0.0
20,4,6,5,0.2,0.2,0.3,dense,True,20,20,20,4,20,5,16,Shared MILP,stability_one_token_per_prompt,radius_derived,5,"0,10,20,30,40",0.0,0.0,0.0,0.0,0.0,1.0,1.0,1.0,0.0,0.0,5.4,5.25,5.5,0.15000000000000036,0.09999999999999964,5.6,5.5,6.0,0.09999999999999964,0.40000000000000036,4.2,3.0,5.0,1.2000000000000002,0.7999999999999998,6.2,6.0,7.0,0.20000000000000018,0.7999999999999998,0.0,0.0,0.0,0.0,0.0,4.0,4.0,4.0,0.0,0.0,0.0,0.0,0.0,0.0,0.0,4.0,4.0,4.0,0.0,0.0
20,4,6,5,0.2,0.2,0.3,dense,True,20,20,20,4,20,5,17,Shared MILP,stability_one_token_per_prompt,radius_derived,5,"0,10,20,30,40",0.0,0.0,0.0,0.0,0.0,1.0,1.0,1.0,0.0,0.0,5.4,5.25,5.5,0.15000000000000036,0.09999999999999964,5.6,5.5,6.0,0.09999999999999964,0.40000000000000036,4.2,3.0,5.0,1.2000000000000002,0.7999999999999998,6.2,6.0,7.0,0.20000000000000018,0.7999999999999998,0.0,0.0,0.0,0.0,0.0,4.0,4.0,4.0,0.0,0.0,0.0,0.0,0.0,0.0,0.0,4.0,4.0,4.0,0.0,0.0
20,4,6,5,0.2,0.2,0.3,dense,True,20,20,20,4,20,5,18,Shared MILP,stability_one_token_per_prompt,radius_derived,5,"0,10,20,30,40",0.0,0.0,0.0,0.0,0.0,1.0,1.0,1.0,0.0,0.0,5.4,5.25,5.5,0.15000000000000036,0.09999999999999964,5.6,5.5,6.0,0.09999999999999964,0.40000000000000036,4.2,3.0,5.0,1.2000000000000002,0.7999999999999998,6.2,6.0,7.0,0.20000000000000018,0.7999999999999998,0.0,0.0,0.0,0.0,0.0,4.0,4.0,4.0,0.0,0.0,0.0,0.0,0.0,0.0,0.0,4.0,4.0,4.0,0.0,0.0
20,4,6,5,0.2,0.2,0.3,dense,True,20,20,20,4,20,5,19,Shared MILP,stability_one_token_per_prompt,radius_derived,5,"0,10,20,30,40",0.0,0.0,0.0,0.0,0.0,1.0,1.0,1.0,0.0,0.0,5.4,5.25,5.5,0.15000000000000036,0.09999999999999964,5.6,5.5,6.0,0.09999999999999964,0.40000000000000036,4.2,3.0,5.0,1.2000000000000002,0.7999999999999998,6.2,6.0,7.0,0.20000000000000018,0.7999999999999998,0.0,0.0,0.0,0.0,0.0,4.0,4.0,4.0,0.0,0.0,0.0,0.0,0.0,0.0,0.0,4.0,4.0,4.0,0.0,0.0
20,4,6,5,0.2,0.2,0.3,dense,True,20,20,20,4,20,5,20,Shared MILP,stability_one_token_per_prompt,radius_derived,5,"0,10,20,30,40",0.0,0.0,0.0,0.0,0.0,1.0,1.0,1.0,0.0,0.0,5.4,5.25,5.5,0.15000000000000036,0.09999999999999964,5.6,5.5,6.0,0.09999999999999964,0.40000000000000036,4.2,3.0,5.0,1.2000000000000002,0.7999999999999998,6.2,6.0,7.0,0.20000000000000018,0.7999999999999998,0.0,0.0,0.0,0.0,0.0,4.0,4.0,4.0,0.0,0.0,0.0,0.0,0.0,0.0,0.0,4.0,4.0,4.0,0.0,0.0
20,4,6,5,0.2,0.2,0.3,dense,True,20,20,20,4,20,5,0,Shared MILP,stability_full_sequence_per_prompt,radius_derived,5,"0,10,20,30,40",1.0,1.0,1.0,0.0,0.0,0.0,0.0,0.0,0.0,0.0,8.65,8.5,9.0,0.15000000000000036,0.34999999999999964,8.7,8.5,9.0,0.1999999999999993,0.3000000000000007,8.0,8.0,8.0,0.0,0.0,9.2,9.0,10.0,0.1999999999999993,0.8000000000000007,4.0,4.0,4.0,0.0,0.0,4.0,4.0,4.0,0.0,0.0,0.0,0.0,0.0,0.0,0.0,4.0,4.0,4.0,0.0,0.0
20,4,6,5,0.2,0.2,0.3,dense,True,20,20,20,4,20,5,1,Shared MILP,stability_full_sequence_per_prompt,radius_derived,5,"0,10,20,30,40",1.0,1.0,1.0,0.0,0.0,0.0,0.0,0.0,0.0,0.0,8.65,8.5,9.0,0.15000000000000036,0.34999999999999964,8.7,8.5,9.0,0.1999999999999993,0.3000000000000007,8.0,8.0,8.0,0.0,0.0,9.2,9.0,10.0,0.1999999999999993,0.8000000000000007,4.0,4.0,4.0,0.0,0.0,4.0,4.0,4.0,0.0,0.0,0.0,0.0,0.0,0.0,0.0,4.0,4.0,4.0,0.0,0.0
20,4,6,5,0.2,0.2,0.3,dense,True,20,20,20,4,20,5,2,Shared MILP,stability_full_sequence_per_prompt,radius_derived,5,"0,10,20,30,40",1.0,1.0,1.0,0.0,0.0,0.0,0.0,0.0,0.0,0.0,8.65,8.5,9.0,0.15000000000000036,0.34999999999999964,8.7,8.5,9.0,0.1999999999999993,0.3000000000000007,8.0,8.0,8.0,0.0,0.0,9.2,9.0,10.0,0.1999999999999993,0.8000000000000007,4.0,4.0,4.0,0.0,0.0,4.0,4.0,4.0,0.0,0.0,0.0,0.0,0.0,0.0,0.0,4.0,4.0,4.0,0.0,0.0
20,4,6,5,0.2,0.2,0.3,dense,True,20,20,20,4,20,5,3,Shared MILP,stability_full_sequence_per_prompt,radius_derived,5,"0,10,20,30,40",1.0,1.0,1.0,0.0,0.0,0.0,0.0,0.0,0.0,0.0,8.65,8.5,9.0,0.15000000000000036,0.34999999999999964,8.7,8.5,9.0,0.1999999999999993,0.3000000000000007,8.0,8.0,8.0,0.0,0.0,9.2,9.0,10.0,0.1999999999999993,0.8000000000000007,4.0,4.0,4.0,0.0,0.0,4.0,4.0,4.0,0.0,0.0,0.0,0.0,0.0,0.0,0.0,4.0,4.0,4.0,0.0,0.0
20,4,6,5,0.2,0.2,0.3,dense,True,20,20,20,4,20,5,4,Shared MILP,stability_full_sequence_per_prompt,radius_derived,5,"0,10,20,30,40",1.0,1.0,1.0,0.0,0.0,0.0,0.0,0.0,0.0,0.0,8.65,8.5,9.0,0.15000000000000036,0.34999999999999964,8.7,8.5,9.0,0.1999999999999993,0.3000000000000007,8.0,8.0,8.0,0.0,0.0,9.2,9.0,10.0,0.1999999999999993,0.8000000000000007,4.0,4.0,4.0,0.0,0.0,4.0,4.0,4.0,0.0,0.0,0.0,0.0,0.0,0.0,0.0,4.0,4.0,4.0,0.0,0.0
20,4,6,5,0.2,0.2,0.3,dense,True,20,20,20,4,20,5,5,Shared MILP,stability_full_sequence_per_prompt,radius_derived,5,"0,10,20,30,40",1.0,1.0,1.0,0.0,0.0,0.0,0.0,0.0,0.0,0.0,8.65,8.5,9.0,0.15000000000000036,0.34999999999999964,8.7,8.5,9.0,0.1999999999999993,0.3000000000000007,8.0,8.0,8.0,0.0,0.0,9.2,9.0,10.0,0.1999999999999993,0.8000000000000007,4.0,4.0,4.0,0.0,0.0,4.0,4.0,4.0,0.0,0.0,0.0,0.0,0.0,0.0,0.0,4.0,4.0,4.0,0.0,0.0
20,4,6,5,0.2,0.2,0.3,dense,True,20,20,20,4,20,5,6,Shared MILP,stability_full_sequence_per_prompt,radius_derived,5,"0,10,20,30,40",1.0,1.0,1.0,0.0,0.0,0.0,0.0,0.0,0.0,0.0,8.65,8.5,9.0,0.15000000000000036,0.34999999999999964,8.7,8.5,9.0,0.1999999999999993,0.3000000000000007,8.0,8.0,8.0,0.0,0.0,9.2,9.0,10.0,0.1999999999999993,0.8000000000000007,4.0,4.0,4.0,0.0,0.0,4.0,4.0,4.0,0.0,0.0,0.0,0.0,0.0,0.0,0.0,4.0,4.0,4.0,0.0,0.0
20,4,6,5,0.2,0.2,0.3,dense,True,20,20,20,4,20,5,7,Shared MILP,stability_full_sequence_per_prompt,radius_derived,5,"0,10,20,30,40",1.0,1.0,1.0,0.0,0.0,0.0,0.0,0.0,0.0,0.0,8.65,8.5,9.0,0.15000000000000036,0.34999999999999964,8.7,8.5,9.0,0.1999999999999993,0.3000000000000007,8.0,8.0,8.0,0.0,0.0,9.2,9.0,10.0,0.1999999999999993,0.8000000000000007,4.0,4.0,4.0,0.0,0.0,4.0,4.0,4.0,0.0,0.0,0.0,0.0,0.0,0.0,0.0,4.0,4.0,4.0,0.0,0.0
20,4,6,5,0.2,0.2,0.3,dense,True,20,20,20,4,20,5,8,Shared MILP,stability_full_sequence_per_prompt,radius_derived,5,"0,10,20,30,40",0.6,0.5,0.75,0.09999999999999998,0.15000000000000002,0.4,0.25,0.5,0.15000000000000002,0.09999999999999998,8.65,8.5,9.0,0.15000000000000036,0.34999999999999964,8.7,8.5,9.0,0.1999999999999993,0.3000000000000007,8.0,8.0,8.0,0.0,0.0,9.2,9.0,10.0,0.1999999999999993,0.8000000000000007,2.4,2.0,3.0,0.3999999999999999,0.6000000000000001,4.0,4.0,4.0,0.0,0.0,0.0,0.0,0.0,0.0,0.0,4.0,4.0,4.0,0.0,0.0
20,4,6,5,0.2,0.2,0.3,dense,True,20,20,20,4,20,5,9,Shared MILP,stability_full_sequence_per_prompt,radius_derived,5,"0,10,20,30,40",0.05,0.0,0.25,0.05,0.2,0.95,0.75,1.0,0.19999999999999996,0.050000000000000044,8.65,8.5,9.0,0.15000000000000036,0.34999999999999964,8.7,8.5,9.0,0.1999999999999993,0.3000000000000007,8.0,8.0,8.0,0.0,0.0,9.2,9.0,10.0,0.1999999999999993,0.8000000000000007,0.2,0.0,1.0,0.2,0.8,4.0,4.0,4.0,0.0,0.0,0.0,0.0,0.0,0.0,0.0,4.0,4.0,4.0,0.0,0.0
20,4,6,5,0.2,0.2,0.3,dense,True,20,20,20,4,20,5,10,Shared MILP,stability_full_sequence_per_prompt,radius_derived,5,"0,10,20,30,40",0.0,0.0,0.0,0.0,0.0,1.0,1.0,1.0,0.0,0.0,8.65,8.5,9.0,0.15000000000000036,0.34999999999999964,8.7,8.5,9.0,0.1999999999999993,0.3000000000000007,8.0,8.0,8.0,0.0,0.0,9.2,9.0,10.0,0.1999999999999993,0.8000000000000007,0.0,0.0,0.0,0.0,0.0,4.0,4.0,4.0,0.0,0.0,0.0,0.0,0.0,0.0,0.0,4.0,4.0,4.0,0.0,0.0
20,4,6,5,0.2,0.2,0.3,dense,True,20,20,20,4,20,5,11,Shared MILP,stability_full_sequence_per_prompt,radius_derived,5,"0,10,20,30,40",0.0,0.0,0.0,0.0,0.0,1.0,1.0,1.0,0.0,0.0,8.65,8.5,9.0,0.15000000000000036,0.34999999999999964,8.7,8.5,9.0,0.1999999999999993,0.3000000000000007,8.0,8.0,8.0,0.0,0.0,9.2,9.0,10.0,0.1999999999999993,0.8000000000000007,0.0,0.0,0.0,0.0,0.0,4.0,4.0,4.0,0.0,0.0,0.0,0.0,0.0,0.0,0.0,4.0,4.0,4.0,0.0,0.0
20,4,6,5,0.2,0.2,0.3,dense,True,20,20,20,4,20,5,12,Shared MILP,stability_full_sequence_per_prompt,radius_derived,5,"0,10,20,30,40",0.0,0.0,0.0,0.0,0.0,1.0,1.0,1.0,0.0,0.0,8.65,8.5,9.0,0.15000000000000036,0.34999999999999964,8.7,8.5,9.0,0.1999999999999993,0.3000000000000007,8.0,8.0,8.0,0.0,0.0,9.2,9.0,10.0,0.1999999999999993,0.8000000000000007,0.0,0.0,0.0,0.0,0.0,4.0,4.0,4.0,0.0,0.0,0.0,0.0,0.0,0.0,0.0,4.0,4.0,4.0,0.0,0.0
20,4,6,5,0.2,0.2,0.3,dense,True,20,20,20,4,20,5,13,Shared MILP,stability_full_sequence_per_prompt,radius_derived,5,"0,10,20,30,40",0.0,0.0,0.0,0.0,0.0,1.0,1.0,1.0,0.0,0.0,8.65,8.5,9.0,0.15000000000000036,0.34999999999999964,8.7,8.5,9.0,0.1999999999999993,0.3000000000000007,8.0,8.0,8.0,0.0,0.0,9.2,9.0,10.0,0.1999999999999993,0.8000000000000007,0.0,0.0,0.0,0.0,0.0,4.0,4.0,4.0,0.0,0.0,0.0,0.0,0.0,0.0,0.0,4.0,4.0,4.0,0.0,0.0
20,4,6,5,0.2,0.2,0.3,dense,True,20,20,20,4,20,5,14,Shared MILP,stability_full_sequence_per_prompt,radius_derived,5,"0,10,20,30,40",0.0,0.0,0.0,0.0,0.0,1.0,1.0,1.0,0.0,0.0,8.65,8.5,9.0,0.15000000000000036,0.34999999999999964,8.7,8.5,9.0,0.1999999999999993,0.3000000000000007,8.0,8.0,8.0,0.0,0.0,9.2,9.0,10.0,0.1999999999999993,0.8000000000000007,0.0,0.0,0.0,0.0,0.0,4.0,4.0,4.0,0.0,0.0,0.0,0.0,0.0,0.0,0.0,4.0,4.0,4.0,0.0,0.0
20,4,6,5,0.2,0.2,0.3,dense,True,20,20,20,4,20,5,15,Shared MILP,stability_full_sequence_per_prompt,radius_derived,5,"0,10,20,30,40",0.0,0.0,0.0,0.0,0.0,1.0,1.0,1.0,0.0,0.0,8.65,8.5,9.0,0.15000000000000036,0.34999999999999964,8.7,8.5,9.0,0.1999999999999993,0.3000000000000007,8.0,8.0,8.0,0.0,0.0,9.2,9.0,10.0,0.1999999999999993,0.8000000000000007,0.0,0.0,0.0,0.0,0.0,4.0,4.0,4.0,0.0,0.0,0.0,0.0,0.0,0.0,0.0,4.0,4.0,4.0,0.0,0.0
20,4,6,5,0.2,0.2,0.3,dense,True,20,20,20,4,20,5,16,Shared MILP,stability_full_sequence_per_prompt,radius_derived,5,"0,10,20,30,40",0.0,0.0,0.0,0.0,0.0,1.0,1.0,1.0,0.0,0.0,8.65,8.5,9.0,0.15000000000000036,0.34999999999999964,8.7,8.5,9.0,0.1999999999999993,0.3000000000000007,8.0,8.0,8.0,0.0,0.0,9.2,9.0,10.0,0.1999999999999993,0.8000000000000007,0.0,0.0,0.0,0.0,0.0,4.0,4.0,4.0,0.0,0.0,0.0,0.0,0.0,0.0,0.0,4.0,4.0,4.0,0.0,0.0
20,4,6,5,0.2,0.2,0.3,dense,True,20,20,20,4,20,5,17,Shared MILP,stability_full_sequence_per_prompt,radius_derived,5,"0,10,20,30,40",0.0,0.0,0.0,0.0,0.0,1.0,1.0,1.0,0.0,0.0,8.65,8.5,9.0,0.15000000000000036,0.34999999999999964,8.7,8.5,9.0,0.1999999999999993,0.3000000000000007,8.0,8.0,8.0,0.0,0.0,9.2,9.0,10.0,0.1999999999999993,0.8000000000000007,0.0,0.0,0.0,0.0,0.0,4.0,4.0,4.0,0.0,0.0,0.0,0.0,0.0,0.0,0.0,4.0,4.0,4.0,0.0,0.0
20,4,6,5,0.2,0.2,0.3,dense,True,20,20,20,4,20,5,18,Shared MILP,stability_full_sequence_per_prompt,radius_derived,5,"0,10,20,30,40",0.0,0.0,0.0,0.0,0.0,1.0,1.0,1.0,0.0,0.0,8.65,8.5,9.0,0.15000000000000036,0.34999999999999964,8.7,8.5,9.0,0.1999999999999993,0.3000000000000007,8.0,8.0,8.0,0.0,0.0,9.2,9.0,10.0,0.1999999999999993,0.8000000000000007,0.0,0.0,0.0,0.0,0.0,4.0,4.0,4.0,0.0,0.0,0.0,0.0,0.0,0.0,0.0,4.0,4.0,4.0,0.0,0.0
20,4,6,5,0.2,0.2,0.3,dense,True,20,20,20,4,20,5,19,Shared MILP,stability_full_sequence_per_prompt,radius_derived,5,"0,10,20,30,40",0.0,0.0,0.0,0.0,0.0,1.0,1.0,1.0,0.0,0.0,8.65,8.5,9.0,0.15000000000000036,0.34999999999999964,8.7,8.5,9.0,0.1999999999999993,0.3000000000000007,8.0,8.0,8.0,0.0,0.0,9.2,9.0,10.0,0.1999999999999993,0.8000000000000007,0.0,0.0,0.0,0.0,0.0,4.0,4.0,4.0,0.0,0.0,0.0,0.0,0.0,0.0,0.0,4.0,4.0,4.0,0.0,0.0
20,4,6,5,0.2,0.2,0.3,dense,True,20,20,20,4,20,5,20,Shared MILP,stability_full_sequence_per_prompt,radius_derived,5,"0,10,20,30,40",0.0,0.0,0.0,0.0,0.0,1.0,1.0,1.0,0.0,0.0,8.65,8.5,9.0,0.15000000000000036,0.34999999999999964,8.7,8.5,9.0,0.1999999999999993,0.3000000000000007,8.0,8.0,8.0,0.0,0.0,9.2,9.0,10.0,0.1999999999999993,0.8000000000000007,0.0,0.0,0.0,0.0,0.0,4.0,4.0,4.0,0.0,0.0,0.0,0.0,0.0,0.0,0.0,4.0,4.0,4.0,0.0,0.0
20,4,6,5,0.2,0.2,0.3,dense,True,20,20,20,4,20,5,0,Plain DPA max token,validity_full_harmful_sequence_per_prompt,radius_derived,5,"0,10,20,30,40",1.0,1.0,1.0,0.0,0.0,0.0,0.0,0.0,0.0,0.0,5.15,4.5,5.75,0.6500000000000004,0.5999999999999996,5.2,4.5,6.0,0.7000000000000002,0.7999999999999998,4.0,4.0,4.0,0.0,0.0,6.2,5.0,7.0,1.2000000000000002,0.7999999999999998,4.0,4.0,4.0,0.0,0.0,4.0,4.0,4.0,0.0,0.0,0.0,0.0,0.0,0.0,0.0,4.0,4.0,4.0,0.0,0.0
20,4,6,5,0.2,0.2,0.3,dense,True,20,20,20,4,20,5,1,Plain DPA max token,validity_full_harmful_sequence_per_prompt,radius_derived,5,"0,10,20,30,40",1.0,1.0,1.0,0.0,0.0,0.0,0.0,0.0,0.0,0.0,5.15,4.5,5.75,0.6500000000000004,0.5999999999999996,5.2,4.5,6.0,0.7000000000000002,0.7999999999999998,4.0,4.0,4.0,0.0,0.0,6.2,5.0,7.0,1.2000000000000002,0.7999999999999998,4.0,4.0,4.0,0.0,0.0,4.0,4.0,4.0,0.0,0.0,0.0,0.0,0.0,0.0,0.0,4.0,4.0,4.0,0.0,0.0
20,4,6,5,0.2,0.2,0.3,dense,True,20,20,20,4,20,5,2,Plain DPA max token,validity_full_harmful_sequence_per_prompt,radius_derived,5,"0,10,20,30,40",1.0,1.0,1.0,0.0,0.0,0.0,0.0,0.0,0.0,0.0,5.15,4.5,5.75,0.6500000000000004,0.5999999999999996,5.2,4.5,6.0,0.7000000000000002,0.7999999999999998,4.0,4.0,4.0,0.0,0.0,6.2,5.0,7.0,1.2000000000000002,0.7999999999999998,4.0,4.0,4.0,0.0,0.0,4.0,4.0,4.0,0.0,0.0,0.0,0.0,0.0,0.0,0.0,4.0,4.0,4.0,0.0,0.0
20,4,6,5,0.2,0.2,0.3,dense,True,20,20,20,4,20,5,3,Plain DPA max token,validity_full_harmful_sequence_per_prompt,radius_derived,5,"0,10,20,30,40",1.0,1.0,1.0,0.0,0.0,0.0,0.0,0.0,0.0,0.0,5.15,4.5,5.75,0.6500000000000004,0.5999999999999996,5.2,4.5,6.0,0.7000000000000002,0.7999999999999998,4.0,4.0,4.0,0.0,0.0,6.2,5.0,7.0,1.2000000000000002,0.7999999999999998,4.0,4.0,4.0,0.0,0.0,4.0,4.0,4.0,0.0,0.0,0.0,0.0,0.0,0.0,0.0,4.0,4.0,4.0,0.0,0.0
20,4,6,5,0.2,0.2,0.3,dense,True,20,20,20,4,20,5,4,Plain DPA max token,validity_full_harmful_sequence_per_prompt,radius_derived,5,"0,10,20,30,40",0.65,0.5,0.75,0.15000000000000002,0.09999999999999998,0.35,0.25,0.5,0.09999999999999998,0.15000000000000002,5.15,4.5,5.75,0.6500000000000004,0.5999999999999996,5.2,4.5,6.0,0.7000000000000002,0.7999999999999998,4.0,4.0,4.0,0.0,0.0,6.2,5.0,7.0,1.2000000000000002,0.7999999999999998,2.6,2.0,3.0,0.6000000000000001,0.3999999999999999,4.0,4.0,4.0,0.0,0.0,0.0,0.0,0.0,0.0,0.0,4.0,4.0,4.0,0.0,0.0
20,4,6,5,0.2,0.2,0.3,dense,True,20,20,20,4,20,5,5,Plain DPA max token,validity_full_harmful_sequence_per_prompt,radius_derived,5,"0,10,20,30,40",0.3,0.0,0.5,0.3,0.2,0.7,0.5,1.0,0.19999999999999996,0.30000000000000004,5.15,4.5,5.75,0.6500000000000004,0.5999999999999996,5.2,4.5,6.0,0.7000000000000002,0.7999999999999998,4.0,4.0,4.0,0.0,0.0,6.2,5.0,7.0,1.2000000000000002,0.7999999999999998,1.2,0.0,2.0,1.2,0.8,4.0,4.0,4.0,0.0,0.0,0.0,0.0,0.0,0.0,0.0,4.0,4.0,4.0,0.0,0.0
20,4,6,5,0.2,0.2,0.3,dense,True,20,20,20,4,20,5,6,Plain DPA max token,validity_full_harmful_sequence_per_prompt,radius_derived,5,"0,10,20,30,40",0.2,0.0,0.5,0.2,0.3,0.8,0.5,1.0,0.30000000000000004,0.19999999999999996,5.15,4.5,5.75,0.6500000000000004,0.5999999999999996,5.2,4.5,6.0,0.7000000000000002,0.7999999999999998,4.0,4.0,4.0,0.0,0.0,6.2,5.0,7.0,1.2000000000000002,0.7999999999999998,0.8,0.0,2.0,0.8,1.2,4.0,4.0,4.0,0.0,0.0,0.0,0.0,0.0,0.0,0.0,4.0,4.0,4.0,0.0,0.0
20,4,6,5,0.2,0.2,0.3,dense,True,20,20,20,4,20,5,7,Plain DPA max token,validity_full_harmful_sequence_per_prompt,radius_derived,5,"0,10,20,30,40",0.0,0.0,0.0,0.0,0.0,1.0,1.0,1.0,0.0,0.0,5.15,4.5,5.75,0.6500000000000004,0.5999999999999996,5.2,4.5,6.0,0.7000000000000002,0.7999999999999998,4.0,4.0,4.0,0.0,0.0,6.2,5.0,7.0,1.2000000000000002,0.7999999999999998,0.0,0.0,0.0,0.0,0.0,4.0,4.0,4.0,0.0,0.0,0.0,0.0,0.0,0.0,0.0,4.0,4.0,4.0,0.0,0.0
20,4,6,5,0.2,0.2,0.3,dense,True,20,20,20,4,20,5,8,Plain DPA max token,validity_full_harmful_sequence_per_prompt,radius_derived,5,"0,10,20,30,40",0.0,0.0,0.0,0.0,0.0,1.0,1.0,1.0,0.0,0.0,5.15,4.5,5.75,0.6500000000000004,0.5999999999999996,5.2,4.5,6.0,0.7000000000000002,0.7999999999999998,4.0,4.0,4.0,0.0,0.0,6.2,5.0,7.0,1.2000000000000002,0.7999999999999998,0.0,0.0,0.0,0.0,0.0,4.0,4.0,4.0,0.0,0.0,0.0,0.0,0.0,0.0,0.0,4.0,4.0,4.0,0.0,0.0
20,4,6,5,0.2,0.2,0.3,dense,True,20,20,20,4,20,5,9,Plain DPA max token,validity_full_harmful_sequence_per_prompt,radius_derived,5,"0,10,20,30,40",0.0,0.0,0.0,0.0,0.0,1.0,1.0,1.0,0.0,0.0,5.15,4.5,5.75,0.6500000000000004,0.5999999999999996,5.2,4.5,6.0,0.7000000000000002,0.7999999999999998,4.0,4.0,4.0,0.0,0.0,6.2,5.0,7.0,1.2000000000000002,0.7999999999999998,0.0,0.0,0.0,0.0,0.0,4.0,4.0,4.0,0.0,0.0,0.0,0.0,0.0,0.0,0.0,4.0,4.0,4.0,0.0,0.0
20,4,6,5,0.2,0.2,0.3,dense,True,20,20,20,4,20,5,10,Plain DPA max token,validity_full_harmful_sequence_per_prompt,radius_derived,5,"0,10,20,30,40",0.0,0.0,0.0,0.0,0.0,1.0,1.0,1.0,0.0,0.0,5.15,4.5,5.75,0.6500000000000004,0.5999999999999996,5.2,4.5,6.0,0.7000000000000002,0.7999999999999998,4.0,4.0,4.0,0.0,0.0,6.2,5.0,7.0,1.2000000000000002,0.7999999999999998,0.0,0.0,0.0,0.0,0.0,4.0,4.0,4.0,0.0,0.0,0.0,0.0,0.0,0.0,0.0,4.0,4.0,4.0,0.0,0.0
20,4,6,5,0.2,0.2,0.3,dense,True,20,20,20,4,20,5,11,Plain DPA max token,validity_full_harmful_sequence_per_prompt,radius_derived,5,"0,10,20,30,40",0.0,0.0,0.0,0.0,0.0,1.0,1.0,1.0,0.0,0.0,5.15,4.5,5.75,0.6500000000000004,0.5999999999999996,5.2,4.5,6.0,0.7000000000000002,0.7999999999999998,4.0,4.0,4.0,0.0,0.0,6.2,5.0,7.0,1.2000000000000002,0.7999999999999998,0.0,0.0,0.0,0.0,0.0,4.0,4.0,4.0,0.0,0.0,0.0,0.0,0.0,0.0,0.0,4.0,4.0,4.0,0.0,0.0
20,4,6,5,0.2,0.2,0.3,dense,True,20,20,20,4,20,5,12,Plain DPA max token,validity_full_harmful_sequence_per_prompt,radius_derived,5,"0,10,20,30,40",0.0,0.0,0.0,0.0,0.0,1.0,1.0,1.0,0.0,0.0,5.15,4.5,5.75,0.6500000000000004,0.5999999999999996,5.2,4.5,6.0,0.7000000000000002,0.7999999999999998,4.0,4.0,4.0,0.0,0.0,6.2,5.0,7.0,1.2000000000000002,0.7999999999999998,0.0,0.0,0.0,0.0,0.0,4.0,4.0,4.0,0.0,0.0,0.0,0.0,0.0,0.0,0.0,4.0,4.0,4.0,0.0,0.0
20,4,6,5,0.2,0.2,0.3,dense,True,20,20,20,4,20,5,13,Plain DPA max token,validity_full_harmful_sequence_per_prompt,radius_derived,5,"0,10,20,30,40",0.0,0.0,0.0,0.0,0.0,1.0,1.0,1.0,0.0,0.0,5.15,4.5,5.75,0.6500000000000004,0.5999999999999996,5.2,4.5,6.0,0.7000000000000002,0.7999999999999998,4.0,4.0,4.0,0.0,0.0,6.2,5.0,7.0,1.2000000000000002,0.7999999999999998,0.0,0.0,0.0,0.0,0.0,4.0,4.0,4.0,0.0,0.0,0.0,0.0,0.0,0.0,0.0,4.0,4.0,4.0,0.0,0.0
20,4,6,5,0.2,0.2,0.3,dense,True,20,20,20,4,20,5,14,Plain DPA max token,validity_full_harmful_sequence_per_prompt,radius_derived,5,"0,10,20,30,40",0.0,0.0,0.0,0.0,0.0,1.0,1.0,1.0,0.0,0.0,5.15,4.5,5.75,0.6500000000000004,0.5999999999999996,5.2,4.5,6.0,0.7000000000000002,0.7999999999999998,4.0,4.0,4.0,0.0,0.0,6.2,5.0,7.0,1.2000000000000002,0.7999999999999998,0.0,0.0,0.0,0.0,0.0,4.0,4.0,4.0,0.0,0.0,0.0,0.0,0.0,0.0,0.0,4.0,4.0,4.0,0.0,0.0
20,4,6,5,0.2,0.2,0.3,dense,True,20,20,20,4,20,5,15,Plain DPA max token,validity_full_harmful_sequence_per_prompt,radius_derived,5,"0,10,20,30,40",0.0,0.0,0.0,0.0,0.0,1.0,1.0,1.0,0.0,0.0,5.15,4.5,5.75,0.6500000000000004,0.5999999999999996,5.2,4.5,6.0,0.7000000000000002,0.7999999999999998,4.0,4.0,4.0,0.0,0.0,6.2,5.0,7.0,1.2000000000000002,0.7999999999999998,0.0,0.0,0.0,0.0,0.0,4.0,4.0,4.0,0.0,0.0,0.0,0.0,0.0,0.0,0.0,4.0,4.0,4.0,0.0,0.0
20,4,6,5,0.2,0.2,0.3,dense,True,20,20,20,4,20,5,16,Plain DPA max token,validity_full_harmful_sequence_per_prompt,radius_derived,5,"0,10,20,30,40",0.0,0.0,0.0,0.0,0.0,1.0,1.0,1.0,0.0,0.0,5.15,4.5,5.75,0.6500000000000004,0.5999999999999996,5.2,4.5,6.0,0.7000000000000002,0.7999999999999998,4.0,4.0,4.0,0.0,0.0,6.2,5.0,7.0,1.2000000000000002,0.7999999999999998,0.0,0.0,0.0,0.0,0.0,4.0,4.0,4.0,0.0,0.0,0.0,0.0,0.0,0.0,0.0,4.0,4.0,4.0,0.0,0.0
20,4,6,5,0.2,0.2,0.3,dense,True,20,20,20,4,20,5,17,Plain DPA max token,validity_full_harmful_sequence_per_prompt,radius_derived,5,"0,10,20,30,40",0.0,0.0,0.0,0.0,0.0,1.0,1.0,1.0,0.0,0.0,5.15,4.5,5.75,0.6500000000000004,0.5999999999999996,5.2,4.5,6.0,0.7000000000000002,0.7999999999999998,4.0,4.0,4.0,0.0,0.0,6.2,5.0,7.0,1.2000000000000002,0.7999999999999998,0.0,0.0,0.0,0.0,0.0,4.0,4.0,4.0,0.0,0.0,0.0,0.0,0.0,0.0,0.0,4.0,4.0,4.0,0.0,0.0
20,4,6,5,0.2,0.2,0.3,dense,True,20,20,20,4,20,5,18,Plain DPA max token,validity_full_harmful_sequence_per_prompt,radius_derived,5,"0,10,20,30,40",0.0,0.0,0.0,0.0,0.0,1.0,1.0,1.0,0.0,0.0,5.15,4.5,5.75,0.6500000000000004,0.5999999999999996,5.2,4.5,6.0,0.7000000000000002,0.7999999999999998,4.0,4.0,4.0,0.0,0.0,6.2,5.0,7.0,1.2000000000000002,0.7999999999999998,0.0,0.0,0.0,0.0,0.0,4.0,4.0,4.0,0.0,0.0,0.0,0.0,0.0,0.0,0.0,4.0,4.0,4.0,0.0,0.0
20,4,6,5,0.2,0.2,0.3,dense,True,20,20,20,4,20,5,19,Plain DPA max token,validity_full_harmful_sequence_per_prompt,radius_derived,5,"0,10,20,30,40",0.0,0.0,0.0,0.0,0.0,1.0,1.0,1.0,0.0,0.0,5.15,4.5,5.75,0.6500000000000004,0.5999999999999996,5.2,4.5,6.0,0.7000000000000002,0.7999999999999998,4.0,4.0,4.0,0.0,0.0,6.2,5.0,7.0,1.2000000000000002,0.7999999999999998,0.0,0.0,0.0,0.0,0.0,4.0,4.0,4.0,0.0,0.0,0.0,0.0,0.0,0.0,0.0,4.0,4.0,4.0,0.0,0.0
20,4,6,5,0.2,0.2,0.3,dense,True,20,20,20,4,20,5,20,Plain DPA max token,validity_full_harmful_sequence_per_prompt,radius_derived,5,"0,10,20,30,40",0.0,0.0,0.0,0.0,0.0,1.0,1.0,1.0,0.0,0.0,5.15,4.5,5.75,0.6500000000000004,0.5999999999999996,5.2,4.5,6.0,0.7000000000000002,0.7999999999999998,4.0,4.0,4.0,0.0,0.0,6.2,5.0,7.0,1.2000000000000002,0.7999999999999998,0.0,0.0,0.0,0.0,0.0,4.0,4.0,4.0,0.0,0.0,0.0,0.0,0.0,0.0,0.0,4.0,4.0,4.0,0.0,0.0
20,4,6,5,0.2,0.2,0.3,dense,True,20,20,20,4,20,5,0,Shard-aware weakest-token diagnostic,weakest_harmful_token_not_full_sequence_validity,radius_derived,5,"0,10,20,30,40",0.6,0.25,0.75,0.35,0.15000000000000002,0.4,0.25,0.75,0.15000000000000002,0.35,0.75,0.25,1.0,0.5,0.25,0.7,0.0,1.0,0.7,0.30000000000000004,0.0,0.0,0.0,0.0,0.0,1.6,1.0,2.0,0.6000000000000001,0.3999999999999999,2.4,1.0,3.0,1.4,0.6000000000000001,4.0,4.0,4.0,0.0,0.0,0.0,0.0,0.0,0.0,0.0,4.0,4.0,4.0,0.0,0.0
20,4,6,5,0.2,0.2,0.3,dense,True,20,20,20,4,20,5,1,Shard-aware weakest-token diagnostic,weakest_harmful_token_not_full_sequence_validity,radius_derived,5,"0,10,20,30,40",0.15,0.0,0.25,0.15,0.1,0.85,0.75,1.0,0.09999999999999998,0.15000000000000002,0.75,0.25,1.0,0.5,0.25,0.7,0.0,1.0,0.7,0.30000000000000004,0.0,0.0,0.0,0.0,0.0,1.6,1.0,2.0,0.6000000000000001,0.3999999999999999,0.6,0.0,1.0,0.6,0.4,4.0,4.0,4.0,0.0,0.0,0.0,0.0,0.0,0.0,0.0,4.0,4.0,4.0,0.0,0.0
20,4,6,5,0.2,0.2,0.3,dense,True,20,20,20,4,20,5,2,Shard-aware weakest-token diagnostic,weakest_harmful_token_not_full_sequence_validity,radius_derived,5,"0,10,20,30,40",0.0,0.0,0.0,0.0,0.0,1.0,1.0,1.0,0.0,0.0,0.75,0.25,1.0,0.5,0.25,0.7,0.0,1.0,0.7,0.30000000000000004,0.0,0.0,0.0,0.0,0.0,1.6,1.0,2.0,0.6000000000000001,0.3999999999999999,0.0,0.0,0.0,0.0,0.0,4.0,4.0,4.0,0.0,0.0,0.0,0.0,0.0,0.0,0.0,4.0,4.0,4.0,0.0,0.0
20,4,6,5,0.2,0.2,0.3,dense,True,20,20,20,4,20,5,3,Shard-aware weakest-token diagnostic,weakest_harmful_token_not_full_sequence_validity,radius_derived,5,"0,10,20,30,40",0.0,0.0,0.0,0.0,0.0,1.0,1.0,1.0,0.0,0.0,0.75,0.25,1.0,0.5,0.25,0.7,0.0,1.0,0.7,0.30000000000000004,0.0,0.0,0.0,0.0,0.0,1.6,1.0,2.0,0.6000000000000001,0.3999999999999999,0.0,0.0,0.0,0.0,0.0,4.0,4.0,4.0,0.0,0.0,0.0,0.0,0.0,0.0,0.0,4.0,4.0,4.0,0.0,0.0
20,4,6,5,0.2,0.2,0.3,dense,True,20,20,20,4,20,5,4,Shard-aware weakest-token diagnostic,weakest_harmful_token_not_full_sequence_validity,radius_derived,5,"0,10,20,30,40",0.0,0.0,0.0,0.0,0.0,1.0,1.0,1.0,0.0,0.0,0.75,0.25,1.0,0.5,0.25,0.7,0.0,1.0,0.7,0.30000000000000004,0.0,0.0,0.0,0.0,0.0,1.6,1.0,2.0,0.6000000000000001,0.3999999999999999,0.0,0.0,0.0,0.0,0.0,4.0,4.0,4.0,0.0,0.0,0.0,0.0,0.0,0.0,0.0,4.0,4.0,4.0,0.0,0.0
20,4,6,5,0.2,0.2,0.3,dense,True,20,20,20,4,20,5,5,Shard-aware weakest-token diagnostic,weakest_harmful_token_not_full_sequence_validity,radius_derived,5,"0,10,20,30,40",0.0,0.0,0.0,0.0,0.0,1.0,1.0,1.0,0.0,0.0,0.75,0.25,1.0,0.5,0.25,0.7,0.0,1.0,0.7,0.30000000000000004,0.0,0.0,0.0,0.0,0.0,1.6,1.0,2.0,0.6000000000000001,0.3999999999999999,0.0,0.0,0.0,0.0,0.0,4.0,4.0,4.0,0.0,0.0,0.0,0.0,0.0,0.0,0.0,4.0,4.0,4.0,0.0,0.0
20,4,6,5,0.2,0.2,0.3,dense,True,20,20,20,4,20,5,6,Shard-aware weakest-token diagnostic,weakest_harmful_token_not_full_sequence_validity,radius_derived,5,"0,10,20,30,40",0.0,0.0,0.0,0.0,0.0,1.0,1.0,1.0,0.0,0.0,0.75,0.25,1.0,0.5,0.25,0.7,0.0,1.0,0.7,0.30000000000000004,0.0,0.0,0.0,0.0,0.0,1.6,1.0,2.0,0.6000000000000001,0.3999999999999999,0.0,0.0,0.0,0.0,0.0,4.0,4.0,4.0,0.0,0.0,0.0,0.0,0.0,0.0,0.0,4.0,4.0,4.0,0.0,0.0
20,4,6,5,0.2,0.2,0.3,dense,True,20,20,20,4,20,5,7,Shard-aware weakest-token diagnostic,weakest_harmful_token_not_full_sequence_validity,radius_derived,5,"0,10,20,30,40",0.0,0.0,0.0,0.0,0.0,1.0,1.0,1.0,0.0,0.0,0.75,0.25,1.0,0.5,0.25,0.7,0.0,1.0,0.7,0.30000000000000004,0.0,0.0,0.0,0.0,0.0,1.6,1.0,2.0,0.6000000000000001,0.3999999999999999,0.0,0.0,0.0,0.0,0.0,4.0,4.0,4.0,0.0,0.0,0.0,0.0,0.0,0.0,0.0,4.0,4.0,4.0,0.0,0.0
20,4,6,5,0.2,0.2,0.3,dense,True,20,20,20,4,20,5,8,Shard-aware weakest-token diagnostic,weakest_harmful_token_not_full_sequence_validity,radius_derived,5,"0,10,20,30,40",0.0,0.0,0.0,0.0,0.0,1.0,1.0,1.0,0.0,0.0,0.75,0.25,1.0,0.5,0.25,0.7,0.0,1.0,0.7,0.30000000000000004,0.0,0.0,0.0,0.0,0.0,1.6,1.0,2.0,0.6000000000000001,0.3999999999999999,0.0,0.0,0.0,0.0,0.0,4.0,4.0,4.0,0.0,0.0,0.0,0.0,0.0,0.0,0.0,4.0,4.0,4.0,0.0,0.0
20,4,6,5,0.2,0.2,0.3,dense,True,20,20,20,4,20,5,9,Shard-aware weakest-token diagnostic,weakest_harmful_token_not_full_sequence_validity,radius_derived,5,"0,10,20,30,40",0.0,0.0,0.0,0.0,0.0,1.0,1.0,1.0,0.0,0.0,0.75,0.25,1.0,0.5,0.25,0.7,0.0,1.0,0.7,0.30000000000000004,0.0,0.0,0.0,0.0,0.0,1.6,1.0,2.0,0.6000000000000001,0.3999999999999999,0.0,0.0,0.0,0.0,0.0,4.0,4.0,4.0,0.0,0.0,0.0,0.0,0.0,0.0,0.0,4.0,4.0,4.0,0.0,0.0
20,4,6,5,0.2,0.2,0.3,dense,True,20,20,20,4,20,5,10,Shard-aware weakest-token diagnostic,weakest_harmful_token_not_full_sequence_validity,radius_derived,5,"0,10,20,30,40",0.0,0.0,0.0,0.0,0.0,1.0,1.0,1.0,0.0,0.0,0.75,0.25,1.0,0.5,0.25,0.7,0.0,1.0,0.7,0.30000000000000004,0.0,0.0,0.0,0.0,0.0,1.6,1.0,2.0,0.6000000000000001,0.3999999999999999,0.0,0.0,0.0,0.0,0.0,4.0,4.0,4.0,0.0,0.0,0.0,0.0,0.0,0.0,0.0,4.0,4.0,4.0,0.0,0.0
20,4,6,5,0.2,0.2,0.3,dense,True,20,20,20,4,20,5,11,Shard-aware weakest-token diagnostic,weakest_harmful_token_not_full_sequence_validity,radius_derived,5,"0,10,20,30,40",0.0,0.0,0.0,0.0,0.0,1.0,1.0,1.0,0.0,0.0,0.75,0.25,1.0,0.5,0.25,0.7,0.0,1.0,0.7,0.30000000000000004,0.0,0.0,0.0,0.0,0.0,1.6,1.0,2.0,0.6000000000000001,0.3999999999999999,0.0,0.0,0.0,0.0,0.0,4.0,4.0,4.0,0.0,0.0,0.0,0.0,0.0,0.0,0.0,4.0,4.0,4.0,0.0,0.0
20,4,6,5,0.2,0.2,0.3,dense,True,20,20,20,4,20,5,12,Shard-aware weakest-token diagnostic,weakest_harmful_token_not_full_sequence_validity,radius_derived,5,"0,10,20,30,40",0.0,0.0,0.0,0.0,0.0,1.0,1.0,1.0,0.0,0.0,0.75,0.25,1.0,0.5,0.25,0.7,0.0,1.0,0.7,0.30000000000000004,0.0,0.0,0.0,0.0,0.0,1.6,1.0,2.0,0.6000000000000001,0.3999999999999999,0.0,0.0,0.0,0.0,0.0,4.0,4.0,4.0,0.0,0.0,0.0,0.0,0.0,0.0,0.0,4.0,4.0,4.0,0.0,0.0
20,4,6,5,0.2,0.2,0.3,dense,True,20,20,20,4,20,5,13,Shard-aware weakest-token diagnostic,weakest_harmful_token_not_full_sequence_validity,radius_derived,5,"0,10,20,30,40",0.0,0.0,0.0,0.0,0.0,1.0,1.0,1.0,0.0,0.0,0.75,0.25,1.0,0.5,0.25,0.7,0.0,1.0,0.7,0.30000000000000004,0.0,0.0,0.0,0.0,0.0,1.6,1.0,2.0,0.6000000000000001,0.3999999999999999,0.0,0.0,0.0,0.0,0.0,4.0,4.0,4.0,0.0,0.0,0.0,0.0,0.0,0.0,0.0,4.0,4.0,4.0,0.0,0.0
20,4,6,5,0.2,0.2,0.3,dense,True,20,20,20,4,20,5,14,Shard-aware weakest-token diagnostic,weakest_harmful_token_not_full_sequence_validity,radius_derived,5,"0,10,20,30,40",0.0,0.0,0.0,0.0,0.0,1.0,1.0,1.0,0.0,0.0,0.75,0.25,1.0,0.5,0.25,0.7,0.0,1.0,0.7,0.30000000000000004,0.0,0.0,0.0,0.0,0.0,1.6,1.0,2.0,0.6000000000000001,0.3999999999999999,0.0,0.0,0.0,0.0,0.0,4.0,4.0,4.0,0.0,0.0,0.0,0.0,0.0,0.0,0.0,4.0,4.0,4.0,0.0,0.0
20,4,6,5,0.2,0.2,0.3,dense,True,20,20,20,4,20,5,15,Shard-aware weakest-token diagnostic,weakest_harmful_token_not_full_sequence_validity,radius_derived,5,"0,10,20,30,40",0.0,0.0,0.0,0.0,0.0,1.0,1.0,1.0,0.0,0.0,0.75,0.25,1.0,0.5,0.25,0.7,0.0,1.0,0.7,0.30000000000000004,0.0,0.0,0.0,0.0,0.0,1.6,1.0,2.0,0.6000000000000001,0.3999999999999999,0.0,0.0,0.0,0.0,0.0,4.0,4.0,4.0,0.0,0.0,0.0,0.0,0.0,0.0,0.0,4.0,4.0,4.0,0.0,0.0
20,4,6,5,0.2,0.2,0.3,dense,True,20,20,20,4,20,5,16,Shard-aware weakest-token diagnostic,weakest_harmful_token_not_full_sequence_validity,radius_derived,5,"0,10,20,30,40",0.0,0.0,0.0,0.0,0.0,1.0,1.0,1.0,0.0,0.0,0.75,0.25,1.0,0.5,0.25,0.7,0.0,1.0,0.7,0.30000000000000004,0.0,0.0,0.0,0.0,0.0,1.6,1.0,2.0,0.6000000000000001,0.3999999999999999,0.0,0.0,0.0,0.0,0.0,4.0,4.0,4.0,0.0,0.0,0.0,0.0,0.0,0.0,0.0,4.0,4.0,4.0,0.0,0.0
20,4,6,5,0.2,0.2,0.3,dense,True,20,20,20,4,20,5,17,Shard-aware weakest-token diagnostic,weakest_harmful_token_not_full_sequence_validity,radius_derived,5,"0,10,20,30,40",0.0,0.0,0.0,0.0,0.0,1.0,1.0,1.0,0.0,0.0,0.75,0.25,1.0,0.5,0.25,0.7,0.0,1.0,0.7,0.30000000000000004,0.0,0.0,0.0,0.0,0.0,1.6,1.0,2.0,0.6000000000000001,0.3999999999999999,0.0,0.0,0.0,0.0,0.0,4.0,4.0,4.0,0.0,0.0,0.0,0.0,0.0,0.0,0.0,4.0,4.0,4.0,0.0,0.0
20,4,6,5,0.2,0.2,0.3,dense,True,20,20,20,4,20,5,18,Shard-aware weakest-token diagnostic,weakest_harmful_token_not_full_sequence_validity,radius_derived,5,"0,10,20,30,40",0.0,0.0,0.0,0.0,0.0,1.0,1.0,1.0,0.0,0.0,0.75,0.25,1.0,0.5,0.25,0.7,0.0,1.0,0.7,0.30000000000000004,0.0,0.0,0.0,0.0,0.0,1.6,1.0,2.0,0.6000000000000001,0.3999999999999999,0.0,0.0,0.0,0.0,0.0,4.0,4.0,4.0,0.0,0.0,0.0,0.0,0.0,0.0,0.0,4.0,4.0,4.0,0.0,0.0
20,4,6,5,0.2,0.2,0.3,dense,True,20,20,20,4,20,5,19,Shard-aware weakest-token diagnostic,weakest_harmful_token_not_full_sequence_validity,radius_derived,5,"0,10,20,30,40",0.0,0.0,0.0,0.0,0.0,1.0,1.0,1.0,0.0,0.0,0.75,0.25,1.0,0.5,0.25,0.7,0.0,1.0,0.7,0.30000000000000004,0.0,0.0,0.0,0.0,0.0,1.6,1.0,2.0,0.6000000000000001,0.3999999999999999,0.0,0.0,0.0,0.0,0.0,4.0,4.0,4.0,0.0,0.0,0.0,0.0,0.0,0.0,0.0,4.0,4.0,4.0,0.0,0.0
20,4,6,5,0.2,0.2,0.3,dense,True,20,20,20,4,20,5,20,Shard-aware weakest-token diagnostic,weakest_harmful_token_not_full_sequence_validity,radius_derived,5,"0,10,20,30,40",0.0,0.0,0.0,0.0,0.0,1.0,1.0,1.0,0.0,0.0,0.75,0.25,1.0,0.5,0.25,0.7,0.0,1.0,0.7,0.30000000000000004,0.0,0.0,0.0,0.0,0.0,1.6,1.0,2.0,0.6000000000000001,0.3999999999999999,0.0,0.0,0.0,0.0,0.0,4.0,4.0,4.0,0.0,0.0,0.0,0.0,0.0,0.0,0.0,4.0,4.0,4.0,0.0,0.0
20,4,6,5,0.2,0.2,0.3,dense,True,20,20,20,4,20,5,0,Shard-aware independent max-token diagnostic,most_difficult_harmful_token_not_full_sequence_validity,radius_derived,5,"0,10,20,30,40",1.0,1.0,1.0,0.0,0.0,0.0,0.0,0.0,0.0,0.0,5.15,4.5,5.75,0.6500000000000004,0.5999999999999996,5.2,4.5,6.0,0.7000000000000002,0.7999999999999998,4.0,4.0,4.0,0.0,0.0,6.2,5.0,7.0,1.2000000000000002,0.7999999999999998,4.0,4.0,4.0,0.0,0.0,4.0,4.0,4.0,0.0,0.0,0.0,0.0,0.0,0.0,0.0,4.0,4.0,4.0,0.0,0.0
20,4,6,5,0.2,0.2,0.3,dense,True,20,20,20,4,20,5,1,Shard-aware independent max-token diagnostic,most_difficult_harmful_token_not_full_sequence_validity,radius_derived,5,"0,10,20,30,40",1.0,1.0,1.0,0.0,0.0,0.0,0.0,0.0,0.0,0.0,5.15,4.5,5.75,0.6500000000000004,0.5999999999999996,5.2,4.5,6.0,0.7000000000000002,0.7999999999999998,4.0,4.0,4.0,0.0,0.0,6.2,5.0,7.0,1.2000000000000002,0.7999999999999998,4.0,4.0,4.0,0.0,0.0,4.0,4.0,4.0,0.0,0.0,0.0,0.0,0.0,0.0,0.0,4.0,4.0,4.0,0.0,0.0
20,4,6,5,0.2,0.2,0.3,dense,True,20,20,20,4,20,5,2,Shard-aware independent max-token diagnostic,most_difficult_harmful_token_not_full_sequence_validity,radius_derived,5,"0,10,20,30,40",1.0,1.0,1.0,0.0,0.0,0.0,0.0,0.0,0.0,0.0,5.15,4.5,5.75,0.6500000000000004,0.5999999999999996,5.2,4.5,6.0,0.7000000000000002,0.7999999999999998,4.0,4.0,4.0,0.0,0.0,6.2,5.0,7.0,1.2000000000000002,0.7999999999999998,4.0,4.0,4.0,0.0,0.0,4.0,4.0,4.0,0.0,0.0,0.0,0.0,0.0,0.0,0.0,4.0,4.0,4.0,0.0,0.0
20,4,6,5,0.2,0.2,0.3,dense,True,20,20,20,4,20,5,3,Shard-aware independent max-token diagnostic,most_difficult_harmful_token_not_full_sequence_validity,radius_derived,5,"0,10,20,30,40",1.0,1.0,1.0,0.0,0.0,0.0,0.0,0.0,0.0,0.0,5.15,4.5,5.75,0.6500000000000004,0.5999999999999996,5.2,4.5,6.0,0.7000000000000002,0.7999999999999998,4.0,4.0,4.0,0.0,0.0,6.2,5.0,7.0,1.2000000000000002,0.7999999999999998,4.0,4.0,4.0,0.0,0.0,4.0,4.0,4.0,0.0,0.0,0.0,0.0,0.0,0.0,0.0,4.0,4.0,4.0,0.0,0.0
20,4,6,5,0.2,0.2,0.3,dense,True,20,20,20,4,20,5,4,Shard-aware independent max-token diagnostic,most_difficult_harmful_token_not_full_sequence_validity,radius_derived,5,"0,10,20,30,40",0.65,0.5,0.75,0.15000000000000002,0.09999999999999998,0.35,0.25,0.5,0.09999999999999998,0.15000000000000002,5.15,4.5,5.75,0.6500000000000004,0.5999999999999996,5.2,4.5,6.0,0.7000000000000002,0.7999999999999998,4.0,4.0,4.0,0.0,0.0,6.2,5.0,7.0,1.2000000000000002,0.7999999999999998,2.6,2.0,3.0,0.6000000000000001,0.3999999999999999,4.0,4.0,4.0,0.0,0.0,0.0,0.0,0.0,0.0,0.0,4.0,4.0,4.0,0.0,0.0
20,4,6,5,0.2,0.2,0.3,dense,True,20,20,20,4,20,5,5,Shard-aware independent max-token diagnostic,most_difficult_harmful_token_not_full_sequence_validity,radius_derived,5,"0,10,20,30,40",0.3,0.0,0.5,0.3,0.2,0.7,0.5,1.0,0.19999999999999996,0.30000000000000004,5.15,4.5,5.75,0.6500000000000004,0.5999999999999996,5.2,4.5,6.0,0.7000000000000002,0.7999999999999998,4.0,4.0,4.0,0.0,0.0,6.2,5.0,7.0,1.2000000000000002,0.7999999999999998,1.2,0.0,2.0,1.2,0.8,4.0,4.0,4.0,0.0,0.0,0.0,0.0,0.0,0.0,0.0,4.0,4.0,4.0,0.0,0.0
20,4,6,5,0.2,0.2,0.3,dense,True,20,20,20,4,20,5,6,Shard-aware independent max-token diagnostic,most_difficult_harmful_token_not_full_sequence_validity,radius_derived,5,"0,10,20,30,40",0.2,0.0,0.5,0.2,0.3,0.8,0.5,1.0,0.30000000000000004,0.19999999999999996,5.15,4.5,5.75,0.6500000000000004,0.5999999999999996,5.2,4.5,6.0,0.7000000000000002,0.7999999999999998,4.0,4.0,4.0,0.0,0.0,6.2,5.0,7.0,1.2000000000000002,0.7999999999999998,0.8,0.0,2.0,0.8,1.2,4.0,4.0,4.0,0.0,0.0,0.0,0.0,0.0,0.0,0.0,4.0,4.0,4.0,0.0,0.0
20,4,6,5,0.2,0.2,0.3,dense,True,20,20,20,4,20,5,7,Shard-aware independent max-token diagnostic,most_difficult_harmful_token_not_full_sequence_validity,radius_derived,5,"0,10,20,30,40",0.0,0.0,0.0,0.0,0.0,1.0,1.0,1.0,0.0,0.0,5.15,4.5,5.75,0.6500000000000004,0.5999999999999996,5.2,4.5,6.0,0.7000000000000002,0.7999999999999998,4.0,4.0,4.0,0.0,0.0,6.2,5.0,7.0,1.2000000000000002,0.7999999999999998,0.0,0.0,0.0,0.0,0.0,4.0,4.0,4.0,0.0,0.0,0.0,0.0,0.0,0.0,0.0,4.0,4.0,4.0,0.0,0.0
20,4,6,5,0.2,0.2,0.3,dense,True,20,20,20,4,20,5,8,Shard-aware independent max-token diagnostic,most_difficult_harmful_token_not_full_sequence_validity,radius_derived,5,"0,10,20,30,40",0.0,0.0,0.0,0.0,0.0,1.0,1.0,1.0,0.0,0.0,5.15,4.5,5.75,0.6500000000000004,0.5999999999999996,5.2,4.5,6.0,0.7000000000000002,0.7999999999999998,4.0,4.0,4.0,0.0,0.0,6.2,5.0,7.0,1.2000000000000002,0.7999999999999998,0.0,0.0,0.0,0.0,0.0,4.0,4.0,4.0,0.0,0.0,0.0,0.0,0.0,0.0,0.0,4.0,4.0,4.0,0.0,0.0
20,4,6,5,0.2,0.2,0.3,dense,True,20,20,20,4,20,5,9,Shard-aware independent max-token diagnostic,most_difficult_harmful_token_not_full_sequence_validity,radius_derived,5,"0,10,20,30,40",0.0,0.0,0.0,0.0,0.0,1.0,1.0,1.0,0.0,0.0,5.15,4.5,5.75,0.6500000000000004,0.5999999999999996,5.2,4.5,6.0,0.7000000000000002,0.7999999999999998,4.0,4.0,4.0,0.0,0.0,6.2,5.0,7.0,1.2000000000000002,0.7999999999999998,0.0,0.0,0.0,0.0,0.0,4.0,4.0,4.0,0.0,0.0,0.0,0.0,0.0,0.0,0.0,4.0,4.0,4.0,0.0,0.0
20,4,6,5,0.2,0.2,0.3,dense,True,20,20,20,4,20,5,10,Shard-aware independent max-token diagnostic,most_difficult_harmful_token_not_full_sequence_validity,radius_derived,5,"0,10,20,30,40",0.0,0.0,0.0,0.0,0.0,1.0,1.0,1.0,0.0,0.0,5.15,4.5,5.75,0.6500000000000004,0.5999999999999996,5.2,4.5,6.0,0.7000000000000002,0.7999999999999998,4.0,4.0,4.0,0.0,0.0,6.2,5.0,7.0,1.2000000000000002,0.7999999999999998,0.0,0.0,0.0,0.0,0.0,4.0,4.0,4.0,0.0,0.0,0.0,0.0,0.0,0.0,0.0,4.0,4.0,4.0,0.0,0.0
20,4,6,5,0.2,0.2,0.3,dense,True,20,20,20,4,20,5,11,Shard-aware independent max-token diagnostic,most_difficult_harmful_token_not_full_sequence_validity,radius_derived,5,"0,10,20,30,40",0.0,0.0,0.0,0.0,0.0,1.0,1.0,1.0,0.0,0.0,5.15,4.5,5.75,0.6500000000000004,0.5999999999999996,5.2,4.5,6.0,0.7000000000000002,0.7999999999999998,4.0,4.0,4.0,0.0,0.0,6.2,5.0,7.0,1.2000000000000002,0.7999999999999998,0.0,0.0,0.0,0.0,0.0,4.0,4.0,4.0,0.0,0.0,0.0,0.0,0.0,0.0,0.0,4.0,4.0,4.0,0.0,0.0
20,4,6,5,0.2,0.2,0.3,dense,True,20,20,20,4,20,5,12,Shard-aware independent max-token diagnostic,most_difficult_harmful_token_not_full_sequence_validity,radius_derived,5,"0,10,20,30,40",0.0,0.0,0.0,0.0,0.0,1.0,1.0,1.0,0.0,0.0,5.15,4.5,5.75,0.6500000000000004,0.5999999999999996,5.2,4.5,6.0,0.7000000000000002,0.7999999999999998,4.0,4.0,4.0,0.0,0.0,6.2,5.0,7.0,1.2000000000000002,0.7999999999999998,0.0,0.0,0.0,0.0,0.0,4.0,4.0,4.0,0.0,0.0,0.0,0.0,0.0,0.0,0.0,4.0,4.0,4.0,0.0,0.0
20,4,6,5,0.2,0.2,0.3,dense,True,20,20,20,4,20,5,13,Shard-aware independent max-token diagnostic,most_difficult_harmful_token_not_full_sequence_validity,radius_derived,5,"0,10,20,30,40",0.0,0.0,0.0,0.0,0.0,1.0,1.0,1.0,0.0,0.0,5.15,4.5,5.75,0.6500000000000004,0.5999999999999996,5.2,4.5,6.0,0.7000000000000002,0.7999999999999998,4.0,4.0,4.0,0.0,0.0,6.2,5.0,7.0,1.2000000000000002,0.7999999999999998,0.0,0.0,0.0,0.0,0.0,4.0,4.0,4.0,0.0,0.0,0.0,0.0,0.0,0.0,0.0,4.0,4.0,4.0,0.0,0.0
20,4,6,5,0.2,0.2,0.3,dense,True,20,20,20,4,20,5,14,Shard-aware independent max-token diagnostic,most_difficult_harmful_token_not_full_sequence_validity,radius_derived,5,"0,10,20,30,40",0.0,0.0,0.0,0.0,0.0,1.0,1.0,1.0,0.0,0.0,5.15,4.5,5.75,0.6500000000000004,0.5999999999999996,5.2,4.5,6.0,0.7000000000000002,0.7999999999999998,4.0,4.0,4.0,0.0,0.0,6.2,5.0,7.0,1.2000000000000002,0.7999999999999998,0.0,0.0,0.0,0.0,0.0,4.0,4.0,4.0,0.0,0.0,0.0,0.0,0.0,0.0,0.0,4.0,4.0,4.0,0.0,0.0
20,4,6,5,0.2,0.2,0.3,dense,True,20,20,20,4,20,5,15,Shard-aware independent max-token diagnostic,most_difficult_harmful_token_not_full_sequence_validity,radius_derived,5,"0,10,20,30,40",0.0,0.0,0.0,0.0,0.0,1.0,1.0,1.0,0.0,0.0,5.15,4.5,5.75,0.6500000000000004,0.5999999999999996,5.2,4.5,6.0,0.7000000000000002,0.7999999999999998,4.0,4.0,4.0,0.0,0.0,6.2,5.0,7.0,1.2000000000000002,0.7999999999999998,0.0,0.0,0.0,0.0,0.0,4.0,4.0,4.0,0.0,0.0,0.0,0.0,0.0,0.0,0.0,4.0,4.0,4.0,0.0,0.0
20,4,6,5,0.2,0.2,0.3,dense,True,20,20,20,4,20,5,16,Shard-aware independent max-token diagnostic,most_difficult_harmful_token_not_full_sequence_validity,radius_derived,5,"0,10,20,30,40",0.0,0.0,0.0,0.0,0.0,1.0,1.0,1.0,0.0,0.0,5.15,4.5,5.75,0.6500000000000004,0.5999999999999996,5.2,4.5,6.0,0.7000000000000002,0.7999999999999998,4.0,4.0,4.0,0.0,0.0,6.2,5.0,7.0,1.2000000000000002,0.7999999999999998,0.0,0.0,0.0,0.0,0.0,4.0,4.0,4.0,0.0,0.0,0.0,0.0,0.0,0.0,0.0,4.0,4.0,4.0,0.0,0.0
20,4,6,5,0.2,0.2,0.3,dense,True,20,20,20,4,20,5,17,Shard-aware independent max-token diagnostic,most_difficult_harmful_token_not_full_sequence_validity,radius_derived,5,"0,10,20,30,40",0.0,0.0,0.0,0.0,0.0,1.0,1.0,1.0,0.0,0.0,5.15,4.5,5.75,0.6500000000000004,0.5999999999999996,5.2,4.5,6.0,0.7000000000000002,0.7999999999999998,4.0,4.0,4.0,0.0,0.0,6.2,5.0,7.0,1.2000000000000002,0.7999999999999998,0.0,0.0,0.0,0.0,0.0,4.0,4.0,4.0,0.0,0.0,0.0,0.0,0.0,0.0,0.0,4.0,4.0,4.0,0.0,0.0
20,4,6,5,0.2,0.2,0.3,dense,True,20,20,20,4,20,5,18,Shard-aware independent max-token diagnostic,most_difficult_harmful_token_not_full_sequence_validity,radius_derived,5,"0,10,20,30,40",0.0,0.0,0.0,0.0,0.0,1.0,1.0,1.0,0.0,0.0,5.15,4.5,5.75,0.6500000000000004,0.5999999999999996,5.2,4.5,6.0,0.7000000000000002,0.7999999999999998,4.0,4.0,4.0,0.0,0.0,6.2,5.0,7.0,1.2000000000000002,0.7999999999999998,0.0,0.0,0.0,0.0,0.0,4.0,4.0,4.0,0.0,0.0,0.0,0.0,0.0,0.0,0.0,4.0,4.0,4.0,0.0,0.0
20,4,6,5,0.2,0.2,0.3,dense,True,20,20,20,4,20,5,19,Shard-aware independent max-token diagnostic,most_difficult_harmful_token_not_full_sequence_validity,radius_derived,5,"0,10,20,30,40",0.0,0.0,0.0,0.0,0.0,1.0,1.0,1.0,0.0,0.0,5.15,4.5,5.75,0.6500000000000004,0.5999999999999996,5.2,4.5,6.0,0.7000000000000002,0.7999999999999998,4.0,4.0,4.0,0.0,0.0,6.2,5.0,7.0,1.2000000000000002,0.7999999999999998,0.0,0.0,0.0,0.0,0.0,4.0,4.0,4.0,0.0,0.0,0.0,0.0,0.0,0.0,0.0,4.0,4.0,4.0,0.0,0.0
20,4,6,5,0.2,0.2,0.3,dense,True,20,20,20,4,20,5,20,Shard-aware independent max-token diagnostic,most_difficult_harmful_token_not_full_sequence_validity,radius_derived,5,"0,10,20,30,40",0.0,0.0,0.0,0.0,0.0,1.0,1.0,1.0,0.0,0.0,5.15,4.5,5.75,0.6500000000000004,0.5999999999999996,5.2,4.5,6.0,0.7000000000000002,0.7999999999999998,4.0,4.0,4.0,0.0,0.0,6.2,5.0,7.0,1.2000000000000002,0.7999999999999998,0.0,0.0,0.0,0.0,0.0,4.0,4.0,4.0,0.0,0.0,0.0,0.0,0.0,0.0,0.0,4.0,4.0,4.0,0.0,0.0
20,4,6,5,0.2,0.2,0.3,dense,True,20,20,20,4,20,5,0,TPA max-token phrase baseline,validity_full_harmful_sequence_per_prompt,radius_derived,5,"0,10,20,30,40",1.0,1.0,1.0,0.0,0.0,0.0,0.0,0.0,0.0,0.0,5.15,4.5,5.75,0.6500000000000004,0.5999999999999996,5.2,4.5,6.0,0.7000000000000002,0.7999999999999998,4.0,4.0,4.0,0.0,0.0,6.2,5.0,7.0,1.2000000000000002,0.7999999999999998,4.0,4.0,4.0,0.0,0.0,4.0,4.0,4.0,0.0,0.0,0.0,0.0,0.0,0.0,0.0,4.0,4.0,4.0,0.0,0.0
20,4,6,5,0.2,0.2,0.3,dense,True,20,20,20,4,20,5,1,TPA max-token phrase baseline,validity_full_harmful_sequence_per_prompt,radius_derived,5,"0,10,20,30,40",1.0,1.0,1.0,0.0,0.0,0.0,0.0,0.0,0.0,0.0,5.15,4.5,5.75,0.6500000000000004,0.5999999999999996,5.2,4.5,6.0,0.7000000000000002,0.7999999999999998,4.0,4.0,4.0,0.0,0.0,6.2,5.0,7.0,1.2000000000000002,0.7999999999999998,4.0,4.0,4.0,0.0,0.0,4.0,4.0,4.0,0.0,0.0,0.0,0.0,0.0,0.0,0.0,4.0,4.0,4.0,0.0,0.0
20,4,6,5,0.2,0.2,0.3,dense,True,20,20,20,4,20,5,2,TPA max-token phrase baseline,validity_full_harmful_sequence_per_prompt,radius_derived,5,"0,10,20,30,40",1.0,1.0,1.0,0.0,0.0,0.0,0.0,0.0,0.0,0.0,5.15,4.5,5.75,0.6500000000000004,0.5999999999999996,5.2,4.5,6.0,0.7000000000000002,0.7999999999999998,4.0,4.0,4.0,0.0,0.0,6.2,5.0,7.0,1.2000000000000002,0.7999999999999998,4.0,4.0,4.0,0.0,0.0,4.0,4.0,4.0,0.0,0.0,0.0,0.0,0.0,0.0,0.0,4.0,4.0,4.0,0.0,0.0
20,4,6,5,0.2,0.2,0.3,dense,True,20,20,20,4,20,5,3,TPA max-token phrase baseline,validity_full_harmful_sequence_per_prompt,radius_derived,5,"0,10,20,30,40",1.0,1.0,1.0,0.0,0.0,0.0,0.0,0.0,0.0,0.0,5.15,4.5,5.75,0.6500000000000004,0.5999999999999996,5.2,4.5,6.0,0.7000000000000002,0.7999999999999998,4.0,4.0,4.0,0.0,0.0,6.2,5.0,7.0,1.2000000000000002,0.7999999999999998,4.0,4.0,4.0,0.0,0.0,4.0,4.0,4.0,0.0,0.0,0.0,0.0,0.0,0.0,0.0,4.0,4.0,4.0,0.0,0.0
20,4,6,5,0.2,0.2,0.3,dense,True,20,20,20,4,20,5,4,TPA max-token phrase baseline,validity_full_harmful_sequence_per_prompt,radius_derived,5,"0,10,20,30,40",0.65,0.5,0.75,0.15000000000000002,0.09999999999999998,0.35,0.25,0.5,0.09999999999999998,0.15000000000000002,5.15,4.5,5.75,0.6500000000000004,0.5999999999999996,5.2,4.5,6.0,0.7000000000000002,0.7999999999999998,4.0,4.0,4.0,0.0,0.0,6.2,5.0,7.0,1.2000000000000002,0.7999999999999998,2.6,2.0,3.0,0.6000000000000001,0.3999999999999999,4.0,4.0,4.0,0.0,0.0,0.0,0.0,0.0,0.0,0.0,4.0,4.0,4.0,0.0,0.0
20,4,6,5,0.2,0.2,0.3,dense,True,20,20,20,4,20,5,5,TPA max-token phrase baseline,validity_full_harmful_sequence_per_prompt,radius_derived,5,"0,10,20,30,40",0.3,0.0,0.5,0.3,0.2,0.7,0.5,1.0,0.19999999999999996,0.30000000000000004,5.15,4.5,5.75,0.6500000000000004,0.5999999999999996,5.2,4.5,6.0,0.7000000000000002,0.7999999999999998,4.0,4.0,4.0,0.0,0.0,6.2,5.0,7.0,1.2000000000000002,0.7999999999999998,1.2,0.0,2.0,1.2,0.8,4.0,4.0,4.0,0.0,0.0,0.0,0.0,0.0,0.0,0.0,4.0,4.0,4.0,0.0,0.0
20,4,6,5,0.2,0.2,0.3,dense,True,20,20,20,4,20,5,6,TPA max-token phrase baseline,validity_full_harmful_sequence_per_prompt,radius_derived,5,"0,10,20,30,40",0.2,0.0,0.5,0.2,0.3,0.8,0.5,1.0,0.30000000000000004,0.19999999999999996,5.15,4.5,5.75,0.6500000000000004,0.5999999999999996,5.2,4.5,6.0,0.7000000000000002,0.7999999999999998,4.0,4.0,4.0,0.0,0.0,6.2,5.0,7.0,1.2000000000000002,0.7999999999999998,0.8,0.0,2.0,0.8,1.2,4.0,4.0,4.0,0.0,0.0,0.0,0.0,0.0,0.0,0.0,4.0,4.0,4.0,0.0,0.0
20,4,6,5,0.2,0.2,0.3,dense,True,20,20,20,4,20,5,7,TPA max-token phrase baseline,validity_full_harmful_sequence_per_prompt,radius_derived,5,"0,10,20,30,40",0.0,0.0,0.0,0.0,0.0,1.0,1.0,1.0,0.0,0.0,5.15,4.5,5.75,0.6500000000000004,0.5999999999999996,5.2,4.5,6.0,0.7000000000000002,0.7999999999999998,4.0,4.0,4.0,0.0,0.0,6.2,5.0,7.0,1.2000000000000002,0.7999999999999998,0.0,0.0,0.0,0.0,0.0,4.0,4.0,4.0,0.0,0.0,0.0,0.0,0.0,0.0,0.0,4.0,4.0,4.0,0.0,0.0
20,4,6,5,0.2,0.2,0.3,dense,True,20,20,20,4,20,5,8,TPA max-token phrase baseline,validity_full_harmful_sequence_per_prompt,radius_derived,5,"0,10,20,30,40",0.0,0.0,0.0,0.0,0.0,1.0,1.0,1.0,0.0,0.0,5.15,4.5,5.75,0.6500000000000004,0.5999999999999996,5.2,4.5,6.0,0.7000000000000002,0.7999999999999998,4.0,4.0,4.0,0.0,0.0,6.2,5.0,7.0,1.2000000000000002,0.7999999999999998,0.0,0.0,0.0,0.0,0.0,4.0,4.0,4.0,0.0,0.0,0.0,0.0,0.0,0.0,0.0,4.0,4.0,4.0,0.0,0.0
20,4,6,5,0.2,0.2,0.3,dense,True,20,20,20,4,20,5,9,TPA max-token phrase baseline,validity_full_harmful_sequence_per_prompt,radius_derived,5,"0,10,20,30,40",0.0,0.0,0.0,0.0,0.0,1.0,1.0,1.0,0.0,0.0,5.15,4.5,5.75,0.6500000000000004,0.5999999999999996,5.2,4.5,6.0,0.7000000000000002,0.7999999999999998,4.0,4.0,4.0,0.0,0.0,6.2,5.0,7.0,1.2000000000000002,0.7999999999999998,0.0,0.0,0.0,0.0,0.0,4.0,4.0,4.0,0.0,0.0,0.0,0.0,0.0,0.0,0.0,4.0,4.0,4.0,0.0,0.0
20,4,6,5,0.2,0.2,0.3,dense,True,20,20,20,4,20,5,10,TPA max-token phrase baseline,validity_full_harmful_sequence_per_prompt,radius_derived,5,"0,10,20,30,40",0.0,0.0,0.0,0.0,0.0,1.0,1.0,1.0,0.0,0.0,5.15,4.5,5.75,0.6500000000000004,0.5999999999999996,5.2,4.5,6.0,0.7000000000000002,0.7999999999999998,4.0,4.0,4.0,0.0,0.0,6.2,5.0,7.0,1.2000000000000002,0.7999999999999998,0.0,0.0,0.0,0.0,0.0,4.0,4.0,4.0,0.0,0.0,0.0,0.0,0.0,0.0,0.0,4.0,4.0,4.0,0.0,0.0
20,4,6,5,0.2,0.2,0.3,dense,True,20,20,20,4,20,5,11,TPA max-token phrase baseline,validity_full_harmful_sequence_per_prompt,radius_derived,5,"0,10,20,30,40",0.0,0.0,0.0,0.0,0.0,1.0,1.0,1.0,0.0,0.0,5.15,4.5,5.75,0.6500000000000004,0.5999999999999996,5.2,4.5,6.0,0.7000000000000002,0.7999999999999998,4.0,4.0,4.0,0.0,0.0,6.2,5.0,7.0,1.2000000000000002,0.7999999999999998,0.0,0.0,0.0,0.0,0.0,4.0,4.0,4.0,0.0,0.0,0.0,0.0,0.0,0.0,0.0,4.0,4.0,4.0,0.0,0.0
20,4,6,5,0.2,0.2,0.3,dense,True,20,20,20,4,20,5,12,TPA max-token phrase baseline,validity_full_harmful_sequence_per_prompt,radius_derived,5,"0,10,20,30,40",0.0,0.0,0.0,0.0,0.0,1.0,1.0,1.0,0.0,0.0,5.15,4.5,5.75,0.6500000000000004,0.5999999999999996,5.2,4.5,6.0,0.7000000000000002,0.7999999999999998,4.0,4.0,4.0,0.0,0.0,6.2,5.0,7.0,1.2000000000000002,0.7999999999999998,0.0,0.0,0.0,0.0,0.0,4.0,4.0,4.0,0.0,0.0,0.0,0.0,0.0,0.0,0.0,4.0,4.0,4.0,0.0,0.0
20,4,6,5,0.2,0.2,0.3,dense,True,20,20,20,4,20,5,13,TPA max-token phrase baseline,validity_full_harmful_sequence_per_prompt,radius_derived,5,"0,10,20,30,40",0.0,0.0,0.0,0.0,0.0,1.0,1.0,1.0,0.0,0.0,5.15,4.5,5.75,0.6500000000000004,0.5999999999999996,5.2,4.5,6.0,0.7000000000000002,0.7999999999999998,4.0,4.0,4.0,0.0,0.0,6.2,5.0,7.0,1.2000000000000002,0.7999999999999998,0.0,0.0,0.0,0.0,0.0,4.0,4.0,4.0,0.0,0.0,0.0,0.0,0.0,0.0,0.0,4.0,4.0,4.0,0.0,0.0
20,4,6,5,0.2,0.2,0.3,dense,True,20,20,20,4,20,5,14,TPA max-token phrase baseline,validity_full_harmful_sequence_per_prompt,radius_derived,5,"0,10,20,30,40",0.0,0.0,0.0,0.0,0.0,1.0,1.0,1.0,0.0,0.0,5.15,4.5,5.75,0.6500000000000004,0.5999999999999996,5.2,4.5,6.0,0.7000000000000002,0.7999999999999998,4.0,4.0,4.0,0.0,0.0,6.2,5.0,7.0,1.2000000000000002,0.7999999999999998,0.0,0.0,0.0,0.0,0.0,4.0,4.0,4.0,0.0,0.0,0.0,0.0,0.0,0.0,0.0,4.0,4.0,4.0,0.0,0.0
20,4,6,5,0.2,0.2,0.3,dense,True,20,20,20,4,20,5,15,TPA max-token phrase baseline,validity_full_harmful_sequence_per_prompt,radius_derived,5,"0,10,20,30,40",0.0,0.0,0.0,0.0,0.0,1.0,1.0,1.0,0.0,0.0,5.15,4.5,5.75,0.6500000000000004,0.5999999999999996,5.2,4.5,6.0,0.7000000000000002,0.7999999999999998,4.0,4.0,4.0,0.0,0.0,6.2,5.0,7.0,1.2000000000000002,0.7999999999999998,0.0,0.0,0.0,0.0,0.0,4.0,4.0,4.0,0.0,0.0,0.0,0.0,0.0,0.0,0.0,4.0,4.0,4.0,0.0,0.0
20,4,6,5,0.2,0.2,0.3,dense,True,20,20,20,4,20,5,16,TPA max-token phrase baseline,validity_full_harmful_sequence_per_prompt,radius_derived,5,"0,10,20,30,40",0.0,0.0,0.0,0.0,0.0,1.0,1.0,1.0,0.0,0.0,5.15,4.5,5.75,0.6500000000000004,0.5999999999999996,5.2,4.5,6.0,0.7000000000000002,0.7999999999999998,4.0,4.0,4.0,0.0,0.0,6.2,5.0,7.0,1.2000000000000002,0.7999999999999998,0.0,0.0,0.0,0.0,0.0,4.0,4.0,4.0,0.0,0.0,0.0,0.0,0.0,0.0,0.0,4.0,4.0,4.0,0.0,0.0
20,4,6,5,0.2,0.2,0.3,dense,True,20,20,20,4,20,5,17,TPA max-token phrase baseline,validity_full_harmful_sequence_per_prompt,radius_derived,5,"0,10,20,30,40",0.0,0.0,0.0,0.0,0.0,1.0,1.0,1.0,0.0,0.0,5.15,4.5,5.75,0.6500000000000004,0.5999999999999996,5.2,4.5,6.0,0.7000000000000002,0.7999999999999998,4.0,4.0,4.0,0.0,0.0,6.2,5.0,7.0,1.2000000000000002,0.7999999999999998,0.0,0.0,0.0,0.0,0.0,4.0,4.0,4.0,0.0,0.0,0.0,0.0,0.0,0.0,0.0,4.0,4.0,4.0,0.0,0.0
20,4,6,5,0.2,0.2,0.3,dense,True,20,20,20,4,20,5,18,TPA max-token phrase baseline,validity_full_harmful_sequence_per_prompt,radius_derived,5,"0,10,20,30,40",0.0,0.0,0.0,0.0,0.0,1.0,1.0,1.0,0.0,0.0,5.15,4.5,5.75,0.6500000000000004,0.5999999999999996,5.2,4.5,6.0,0.7000000000000002,0.7999999999999998,4.0,4.0,4.0,0.0,0.0,6.2,5.0,7.0,1.2000000000000002,0.7999999999999998,0.0,0.0,0.0,0.0,0.0,4.0,4.0,4.0,0.0,0.0,0.0,0.0,0.0,0.0,0.0,4.0,4.0,4.0,0.0,0.0
20,4,6,5,0.2,0.2,0.3,dense,True,20,20,20,4,20,5,19,TPA max-token phrase baseline,validity_full_harmful_sequence_per_prompt,radius_derived,5,"0,10,20,30,40",0.0,0.0,0.0,0.0,0.0,1.0,1.0,1.0,0.0,0.0,5.15,4.5,5.75,0.6500000000000004,0.5999999999999996,5.2,4.5,6.0,0.7000000000000002,0.7999999999999998,4.0,4.0,4.0,0.0,0.0,6.2,5.0,7.0,1.2000000000000002,0.7999999999999998,0.0,0.0,0.0,0.0,0.0,4.0,4.0,4.0,0.0,0.0,0.0,0.0,0.0,0.0,0.0,4.0,4.0,4.0,0.0,0.0
20,4,6,5,0.2,0.2,0.3,dense,True,20,20,20,4,20,5,20,TPA max-token phrase baseline,validity_full_harmful_sequence_per_prompt,radius_derived,5,"0,10,20,30,40",0.0,0.0,0.0,0.0,0.0,1.0,1.0,1.0,0.0,0.0,5.15,4.5,5.75,0.6500000000000004,0.5999999999999996,5.2,4.5,6.0,0.7000000000000002,0.7999999999999998,4.0,4.0,4.0,0.0,0.0,6.2,5.0,7.0,1.2000000000000002,0.7999999999999998,0.0,0.0,0.0,0.0,0.0,4.0,4.0,4.0,0.0,0.0,0.0,0.0,0.0,0.0,0.0,4.0,4.0,4.0,0.0,0.0
20,4,6,5,0.2,0.2,0.3,dense,True,20,20,20,4,20,5,0,Shared MILP,validity_full_harmful_sequence_per_prompt,radius_derived,5,"0,10,20,30,40",1.0,1.0,1.0,0.0,0.0,0.0,0.0,0.0,0.0,0.0,5.2,4.5,6.0,0.7000000000000002,0.7999999999999998,5.3,4.5,6.5,0.7999999999999998,1.2000000000000002,4.0,4.0,4.0,0.0,0.0,6.2,5.0,7.0,1.2000000000000002,0.7999999999999998,4.0,4.0,4.0,0.0,0.0,4.0,4.0,4.0,0.0,0.0,0.0,0.0,0.0,0.0,0.0,4.0,4.0,4.0,0.0,0.0
20,4,6,5,0.2,0.2,0.3,dense,True,20,20,20,4,20,5,1,Shared MILP,validity_full_harmful_sequence_per_prompt,radius_derived,5,"0,10,20,30,40",1.0,1.0,1.0,0.0,0.0,0.0,0.0,0.0,0.0,0.0,5.2,4.5,6.0,0.7000000000000002,0.7999999999999998,5.3,4.5,6.5,0.7999999999999998,1.2000000000000002,4.0,4.0,4.0,0.0,0.0,6.2,5.0,7.0,1.2000000000000002,0.7999999999999998,4.0,4.0,4.0,0.0,0.0,4.0,4.0,4.0,0.0,0.0,0.0,0.0,0.0,0.0,0.0,4.0,4.0,4.0,0.0,0.0
20,4,6,5,0.2,0.2,0.3,dense,True,20,20,20,4,20,5,2,Shared MILP,validity_full_harmful_sequence_per_prompt,radius_derived,5,"0,10,20,30,40",1.0,1.0,1.0,0.0,0.0,0.0,0.0,0.0,0.0,0.0,5.2,4.5,6.0,0.7000000000000002,0.7999999999999998,5.3,4.5,6.5,0.7999999999999998,1.2000000000000002,4.0,4.0,4.0,0.0,0.0,6.2,5.0,7.0,1.2000000000000002,0.7999999999999998,4.0,4.0,4.0,0.0,0.0,4.0,4.0,4.0,0.0,0.0,0.0,0.0,0.0,0.0,0.0,4.0,4.0,4.0,0.0,0.0
20,4,6,5,0.2,0.2,0.3,dense,True,20,20,20,4,20,5,3,Shared MILP,validity_full_harmful_sequence_per_prompt,radius_derived,5,"0,10,20,30,40",1.0,1.0,1.0,0.0,0.0,0.0,0.0,0.0,0.0,0.0,5.2,4.5,6.0,0.7000000000000002,0.7999999999999998,5.3,4.5,6.5,0.7999999999999998,1.2000000000000002,4.0,4.0,4.0,0.0,0.0,6.2,5.0,7.0,1.2000000000000002,0.7999999999999998,4.0,4.0,4.0,0.0,0.0,4.0,4.0,4.0,0.0,0.0,0.0,0.0,0.0,0.0,0.0,4.0,4.0,4.0,0.0,0.0
20,4,6,5,0.2,0.2,0.3,dense,True,20,20,20,4,20,5,4,Shared MILP,validity_full_harmful_sequence_per_prompt,radius_derived,5,"0,10,20,30,40",0.65,0.5,0.75,0.15000000000000002,0.09999999999999998,0.35,0.25,0.5,0.09999999999999998,0.15000000000000002,5.2,4.5,6.0,0.7000000000000002,0.7999999999999998,5.3,4.5,6.5,0.7999999999999998,1.2000000000000002,4.0,4.0,4.0,0.0,0.0,6.2,5.0,7.0,1.2000000000000002,0.7999999999999998,2.6,2.0,3.0,0.6000000000000001,0.3999999999999999,4.0,4.0,4.0,0.0,0.0,0.0,0.0,0.0,0.0,0.0,4.0,4.0,4.0,0.0,0.0
20,4,6,5,0.2,0.2,0.3,dense,True,20,20,20,4,20,5,5,Shared MILP,validity_full_harmful_sequence_per_prompt,radius_derived,5,"0,10,20,30,40",0.35,0.0,0.75,0.35,0.4,0.65,0.25,1.0,0.4,0.35,5.2,4.5,6.0,0.7000000000000002,0.7999999999999998,5.3,4.5,6.5,0.7999999999999998,1.2000000000000002,4.0,4.0,4.0,0.0,0.0,6.2,5.0,7.0,1.2000000000000002,0.7999999999999998,1.4,0.0,3.0,1.4,1.6,4.0,4.0,4.0,0.0,0.0,0.0,0.0,0.0,0.0,0.0,4.0,4.0,4.0,0.0,0.0
20,4,6,5,0.2,0.2,0.3,dense,True,20,20,20,4,20,5,6,Shared MILP,validity_full_harmful_sequence_per_prompt,radius_derived,5,"0,10,20,30,40",0.2,0.0,0.5,0.2,0.3,0.8,0.5,1.0,0.30000000000000004,0.19999999999999996,5.2,4.5,6.0,0.7000000000000002,0.7999999999999998,5.3,4.5,6.5,0.7999999999999998,1.2000000000000002,4.0,4.0,4.0,0.0,0.0,6.2,5.0,7.0,1.2000000000000002,0.7999999999999998,0.8,0.0,2.0,0.8,1.2,4.0,4.0,4.0,0.0,0.0,0.0,0.0,0.0,0.0,0.0,4.0,4.0,4.0,0.0,0.0
20,4,6,5,0.2,0.2,0.3,dense,True,20,20,20,4,20,5,7,Shared MILP,validity_full_harmful_sequence_per_prompt,radius_derived,5,"0,10,20,30,40",0.0,0.0,0.0,0.0,0.0,1.0,1.0,1.0,0.0,0.0,5.2,4.5,6.0,0.7000000000000002,0.7999999999999998,5.3,4.5,6.5,0.7999999999999998,1.2000000000000002,4.0,4.0,4.0,0.0,0.0,6.2,5.0,7.0,1.2000000000000002,0.7999999999999998,0.0,0.0,0.0,0.0,0.0,4.0,4.0,4.0,0.0,0.0,0.0,0.0,0.0,0.0,0.0,4.0,4.0,4.0,0.0,0.0
20,4,6,5,0.2,0.2,0.3,dense,True,20,20,20,4,20,5,8,Shared MILP,validity_full_harmful_sequence_per_prompt,radius_derived,5,"0,10,20,30,40",0.0,0.0,0.0,0.0,0.0,1.0,1.0,1.0,0.0,0.0,5.2,4.5,6.0,0.7000000000000002,0.7999999999999998,5.3,4.5,6.5,0.7999999999999998,1.2000000000000002,4.0,4.0,4.0,0.0,0.0,6.2,5.0,7.0,1.2000000000000002,0.7999999999999998,0.0,0.0,0.0,0.0,0.0,4.0,4.0,4.0,0.0,0.0,0.0,0.0,0.0,0.0,0.0,4.0,4.0,4.0,0.0,0.0
20,4,6,5,0.2,0.2,0.3,dense,True,20,20,20,4,20,5,9,Shared MILP,validity_full_harmful_sequence_per_prompt,radius_derived,5,"0,10,20,30,40",0.0,0.0,0.0,0.0,0.0,1.0,1.0,1.0,0.0,0.0,5.2,4.5,6.0,0.7000000000000002,0.7999999999999998,5.3,4.5,6.5,0.7999999999999998,1.2000000000000002,4.0,4.0,4.0,0.0,0.0,6.2,5.0,7.0,1.2000000000000002,0.7999999999999998,0.0,0.0,0.0,0.0,0.0,4.0,4.0,4.0,0.0,0.0,0.0,0.0,0.0,0.0,0.0,4.0,4.0,4.0,0.0,0.0
20,4,6,5,0.2,0.2,0.3,dense,True,20,20,20,4,20,5,10,Shared MILP,validity_full_harmful_sequence_per_prompt,radius_derived,5,"0,10,20,30,40",0.0,0.0,0.0,0.0,0.0,1.0,1.0,1.0,0.0,0.0,5.2,4.5,6.0,0.7000000000000002,0.7999999999999998,5.3,4.5,6.5,0.7999999999999998,1.2000000000000002,4.0,4.0,4.0,0.0,0.0,6.2,5.0,7.0,1.2000000000000002,0.7999999999999998,0.0,0.0,0.0,0.0,0.0,4.0,4.0,4.0,0.0,0.0,0.0,0.0,0.0,0.0,0.0,4.0,4.0,4.0,0.0,0.0
20,4,6,5,0.2,0.2,0.3,dense,True,20,20,20,4,20,5,11,Shared MILP,validity_full_harmful_sequence_per_prompt,radius_derived,5,"0,10,20,30,40",0.0,0.0,0.0,0.0,0.0,1.0,1.0,1.0,0.0,0.0,5.2,4.5,6.0,0.7000000000000002,0.7999999999999998,5.3,4.5,6.5,0.7999999999999998,1.2000000000000002,4.0,4.0,4.0,0.0,0.0,6.2,5.0,7.0,1.2000000000000002,0.7999999999999998,0.0,0.0,0.0,0.0,0.0,4.0,4.0,4.0,0.0,0.0,0.0,0.0,0.0,0.0,0.0,4.0,4.0,4.0,0.0,0.0
20,4,6,5,0.2,0.2,0.3,dense,True,20,20,20,4,20,5,12,Shared MILP,validity_full_harmful_sequence_per_prompt,radius_derived,5,"0,10,20,30,40",0.0,0.0,0.0,0.0,0.0,1.0,1.0,1.0,0.0,0.0,5.2,4.5,6.0,0.7000000000000002,0.7999999999999998,5.3,4.5,6.5,0.7999999999999998,1.2000000000000002,4.0,4.0,4.0,0.0,0.0,6.2,5.0,7.0,1.2000000000000002,0.7999999999999998,0.0,0.0,0.0,0.0,0.0,4.0,4.0,4.0,0.0,0.0,0.0,0.0,0.0,0.0,0.0,4.0,4.0,4.0,0.0,0.0
20,4,6,5,0.2,0.2,0.3,dense,True,20,20,20,4,20,5,13,Shared MILP,validity_full_harmful_sequence_per_prompt,radius_derived,5,"0,10,20,30,40",0.0,0.0,0.0,0.0,0.0,1.0,1.0,1.0,0.0,0.0,5.2,4.5,6.0,0.7000000000000002,0.7999999999999998,5.3,4.5,6.5,0.7999999999999998,1.2000000000000002,4.0,4.0,4.0,0.0,0.0,6.2,5.0,7.0,1.2000000000000002,0.7999999999999998,0.0,0.0,0.0,0.0,0.0,4.0,4.0,4.0,0.0,0.0,0.0,0.0,0.0,0.0,0.0,4.0,4.0,4.0,0.0,0.0
20,4,6,5,0.2,0.2,0.3,dense,True,20,20,20,4,20,5,14,Shared MILP,validity_full_harmful_sequence_per_prompt,radius_derived,5,"0,10,20,30,40",0.0,0.0,0.0,0.0,0.0,1.0,1.0,1.0,0.0,0.0,5.2,4.5,6.0,0.7000000000000002,0.7999999999999998,5.3,4.5,6.5,0.7999999999999998,1.2000000000000002,4.0,4.0,4.0,0.0,0.0,6.2,5.0,7.0,1.2000000000000002,0.7999999999999998,0.0,0.0,0.0,0.0,0.0,4.0,4.0,4.0,0.0,0.0,0.0,0.0,0.0,0.0,0.0,4.0,4.0,4.0,0.0,0.0
20,4,6,5,0.2,0.2,0.3,dense,True,20,20,20,4,20,5,15,Shared MILP,validity_full_harmful_sequence_per_prompt,radius_derived,5,"0,10,20,30,40",0.0,0.0,0.0,0.0,0.0,1.0,1.0,1.0,0.0,0.0,5.2,4.5,6.0,0.7000000000000002,0.7999999999999998,5.3,4.5,6.5,0.7999999999999998,1.2000000000000002,4.0,4.0,4.0,0.0,0.0,6.2,5.0,7.0,1.2000000000000002,0.7999999999999998,0.0,0.0,0.0,0.0,0.0,4.0,4.0,4.0,0.0,0.0,0.0,0.0,0.0,0.0,0.0,4.0,4.0,4.0,0.0,0.0
20,4,6,5,0.2,0.2,0.3,dense,True,20,20,20,4,20,5,16,Shared MILP,validity_full_harmful_sequence_per_prompt,radius_derived,5,"0,10,20,30,40",0.0,0.0,0.0,0.0,0.0,1.0,1.0,1.0,0.0,0.0,5.2,4.5,6.0,0.7000000000000002,0.7999999999999998,5.3,4.5,6.5,0.7999999999999998,1.2000000000000002,4.0,4.0,4.0,0.0,0.0,6.2,5.0,7.0,1.2000000000000002,0.7999999999999998,0.0,0.0,0.0,0.0,0.0,4.0,4.0,4.0,0.0,0.0,0.0,0.0,0.0,0.0,0.0,4.0,4.0,4.0,0.0,0.0
20,4,6,5,0.2,0.2,0.3,dense,True,20,20,20,4,20,5,17,Shared MILP,validity_full_harmful_sequence_per_prompt,radius_derived,5,"0,10,20,30,40",0.0,0.0,0.0,0.0,0.0,1.0,1.0,1.0,0.0,0.0,5.2,4.5,6.0,0.7000000000000002,0.7999999999999998,5.3,4.5,6.5,0.7999999999999998,1.2000000000000002,4.0,4.0,4.0,0.0,0.0,6.2,5.0,7.0,1.2000000000000002,0.7999999999999998,0.0,0.0,0.0,0.0,0.0,4.0,4.0,4.0,0.0,0.0,0.0,0.0,0.0,0.0,0.0,4.0,4.0,4.0,0.0,0.0
20,4,6,5,0.2,0.2,0.3,dense,True,20,20,20,4,20,5,18,Shared MILP,validity_full_harmful_sequence_per_prompt,radius_derived,5,"0,10,20,30,40",0.0,0.0,0.0,0.0,0.0,1.0,1.0,1.0,0.0,0.0,5.2,4.5,6.0,0.7000000000000002,0.7999999999999998,5.3,4.5,6.5,0.7999999999999998,1.2000000000000002,4.0,4.0,4.0,0.0,0.0,6.2,5.0,7.0,1.2000000000000002,0.7999999999999998,0.0,0.0,0.0,0.0,0.0,4.0,4.0,4.0,0.0,0.0,0.0,0.0,0.0,0.0,0.0,4.0,4.0,4.0,0.0,0.0
20,4,6,5,0.2,0.2,0.3,dense,True,20,20,20,4,20,5,19,Shared MILP,validity_full_harmful_sequence_per_prompt,radius_derived,5,"0,10,20,30,40",0.0,0.0,0.0,0.0,0.0,1.0,1.0,1.0,0.0,0.0,5.2,4.5,6.0,0.7000000000000002,0.7999999999999998,5.3,4.5,6.5,0.7999999999999998,1.2000000000000002,4.0,4.0,4.0,0.0,0.0,6.2,5.0,7.0,1.2000000000000002,0.7999999999999998,0.0,0.0,0.0,0.0,0.0,4.0,4.0,4.0,0.0,0.0,0.0,0.0,0.0,0.0,0.0,4.0,4.0,4.0,0.0,0.0
20,4,6,5,0.2,0.2,0.3,dense,True,20,20,20,4,20,5,20,Shared MILP,validity_full_harmful_sequence_per_prompt,radius_derived,5,"0,10,20,30,40",0.0,0.0,0.0,0.0,0.0,1.0,1.0,1.0,0.0,0.0,5.2,4.5,6.0,0.7000000000000002,0.7999999999999998,5.3,4.5,6.5,0.7999999999999998,1.2000000000000002,4.0,4.0,4.0,0.0,0.0,6.2,5.0,7.0,1.2000000000000002,0.7999999999999998,0.0,0.0,0.0,0.0,0.0,4.0,4.0,4.0,0.0,0.0,0.0,0.0,0.0,0.0,0.0,4.0,4.0,4.0,0.0,0.0
20,4,6,5,0.2,0.2,0.3,dense,True,20,20,20,4,20,5,0,Atomic phrase aggregation,validity_full_harmful_sequence_per_prompt,radius_derived,5,"0,10,20,30,40",1.0,1.0,1.0,0.0,0.0,0.0,0.0,0.0,0.0,0.0,1.3,1.0,1.75,0.30000000000000004,0.44999999999999996,1.3,1.0,2.0,0.30000000000000004,0.7,1.0,1.0,1.0,0.0,0.0,1.6,1.0,2.0,0.6000000000000001,0.3999999999999999,4.0,4.0,4.0,0.0,0.0,4.0,4.0,4.0,0.0,0.0,0.0,0.0,0.0,0.0,0.0,4.0,4.0,4.0,0.0,0.0
20,4,6,5,0.2,0.2,0.3,dense,True,20,20,20,4,20,5,1,Atomic phrase aggregation,validity_full_harmful_sequence_per_prompt,radius_derived,5,"0,10,20,30,40",0.3,0.0,0.75,0.3,0.45,0.7,0.25,1.0,0.44999999999999996,0.30000000000000004,1.3,1.0,1.75,0.30000000000000004,0.44999999999999996,1.3,1.0,2.0,0.30000000000000004,0.7,1.0,1.0,1.0,0.0,0.0,1.6,1.0,2.0,0.6000000000000001,0.3999999999999999,1.2,0.0,3.0,1.2,1.8,4.0,4.0,4.0,0.0,0.0,0.0,0.0,0.0,0.0,0.0,4.0,4.0,4.0,0.0,0.0
20,4,6,5,0.2,0.2,0.3,dense,True,20,20,20,4,20,5,2,Atomic phrase aggregation,validity_full_harmful_sequence_per_prompt,radius_derived,5,"0,10,20,30,40",0.0,0.0,0.0,0.0,0.0,1.0,1.0,1.0,0.0,0.0,1.3,1.0,1.75,0.30000000000000004,0.44999999999999996,1.3,1.0,2.0,0.30000000000000004,0.7,1.0,1.0,1.0,0.0,0.0,1.6,1.0,2.0,0.6000000000000001,0.3999999999999999,0.0,0.0,0.0,0.0,0.0,4.0,4.0,4.0,0.0,0.0,0.0,0.0,0.0,0.0,0.0,4.0,4.0,4.0,0.0,0.0
20,4,6,5,0.2,0.2,0.3,dense,True,20,20,20,4,20,5,3,Atomic phrase aggregation,validity_full_harmful_sequence_per_prompt,radius_derived,5,"0,10,20,30,40",0.0,0.0,0.0,0.0,0.0,1.0,1.0,1.0,0.0,0.0,1.3,1.0,1.75,0.30000000000000004,0.44999999999999996,1.3,1.0,2.0,0.30000000000000004,0.7,1.0,1.0,1.0,0.0,0.0,1.6,1.0,2.0,0.6000000000000001,0.3999999999999999,0.0,0.0,0.0,0.0,0.0,4.0,4.0,4.0,0.0,0.0,0.0,0.0,0.0,0.0,0.0,4.0,4.0,4.0,0.0,0.0
20,4,6,5,0.2,0.2,0.3,dense,True,20,20,20,4,20,5,4,Atomic phrase aggregation,validity_full_harmful_sequence_per_prompt,radius_derived,5,"0,10,20,30,40",0.0,0.0,0.0,0.0,0.0,1.0,1.0,1.0,0.0,0.0,1.3,1.0,1.75,0.30000000000000004,0.44999999999999996,1.3,1.0,2.0,0.30000000000000004,0.7,1.0,1.0,1.0,0.0,0.0,1.6,1.0,2.0,0.6000000000000001,0.3999999999999999,0.0,0.0,0.0,0.0,0.0,4.0,4.0,4.0,0.0,0.0,0.0,0.0,0.0,0.0,0.0,4.0,4.0,4.0,0.0,0.0
20,4,6,5,0.2,0.2,0.3,dense,True,20,20,20,4,20,5,5,Atomic phrase aggregation,validity_full_harmful_sequence_per_prompt,radius_derived,5,"0,10,20,30,40",0.0,0.0,0.0,0.0,0.0,1.0,1.0,1.0,0.0,0.0,1.3,1.0,1.75,0.30000000000000004,0.44999999999999996,1.3,1.0,2.0,0.30000000000000004,0.7,1.0,1.0,1.0,0.0,0.0,1.6,1.0,2.0,0.6000000000000001,0.3999999999999999,0.0,0.0,0.0,0.0,0.0,4.0,4.0,4.0,0.0,0.0,0.0,0.0,0.0,0.0,0.0,4.0,4.0,4.0,0.0,0.0
20,4,6,5,0.2,0.2,0.3,dense,True,20,20,20,4,20,5,6,Atomic phrase aggregation,validity_full_harmful_sequence_per_prompt,radius_derived,5,"0,10,20,30,40",0.0,0.0,0.0,0.0,0.0,1.0,1.0,1.0,0.0,0.0,1.3,1.0,1.75,0.30000000000000004,0.44999999999999996,1.3,1.0,2.0,0.30000000000000004,0.7,1.0,1.0,1.0,0.0,0.0,1.6,1.0,2.0,0.6000000000000001,0.3999999999999999,0.0,0.0,0.0,0.0,0.0,4.0,4.0,4.0,0.0,0.0,0.0,0.0,0.0,0.0,0.0,4.0,4.0,4.0,0.0,0.0
20,4,6,5,0.2,0.2,0.3,dense,True,20,20,20,4,20,5,7,Atomic phrase aggregation,validity_full_harmful_sequence_per_prompt,radius_derived,5,"0,10,20,30,40",0.0,0.0,0.0,0.0,0.0,1.0,1.0,1.0,0.0,0.0,1.3,1.0,1.75,0.30000000000000004,0.44999999999999996,1.3,1.0,2.0,0.30000000000000004,0.7,1.0,1.0,1.0,0.0,0.0,1.6,1.0,2.0,0.6000000000000001,0.3999999999999999,0.0,0.0,0.0,0.0,0.0,4.0,4.0,4.0,0.0,0.0,0.0,0.0,0.0,0.0,0.0,4.0,4.0,4.0,0.0,0.0
20,4,6,5,0.2,0.2,0.3,dense,True,20,20,20,4,20,5,8,Atomic phrase aggregation,validity_full_harmful_sequence_per_prompt,radius_derived,5,"0,10,20,30,40",0.0,0.0,0.0,0.0,0.0,1.0,1.0,1.0,0.0,0.0,1.3,1.0,1.75,0.30000000000000004,0.44999999999999996,1.3,1.0,2.0,0.30000000000000004,0.7,1.0,1.0,1.0,0.0,0.0,1.6,1.0,2.0,0.6000000000000001,0.3999999999999999,0.0,0.0,0.0,0.0,0.0,4.0,4.0,4.0,0.0,0.0,0.0,0.0,0.0,0.0,0.0,4.0,4.0,4.0,0.0,0.0
20,4,6,5,0.2,0.2,0.3,dense,True,20,20,20,4,20,5,9,Atomic phrase aggregation,validity_full_harmful_sequence_per_prompt,radius_derived,5,"0,10,20,30,40",0.0,0.0,0.0,0.0,0.0,1.0,1.0,1.0,0.0,0.0,1.3,1.0,1.75,0.30000000000000004,0.44999999999999996,1.3,1.0,2.0,0.30000000000000004,0.7,1.0,1.0,1.0,0.0,0.0,1.6,1.0,2.0,0.6000000000000001,0.3999999999999999,0.0,0.0,0.0,0.0,0.0,4.0,4.0,4.0,0.0,0.0,0.0,0.0,0.0,0.0,0.0,4.0,4.0,4.0,0.0,0.0
20,4,6,5,0.2,0.2,0.3,dense,True,20,20,20,4,20,5,10,Atomic phrase aggregation,validity_full_harmful_sequence_per_prompt,radius_derived,5,"0,10,20,30,40",0.0,0.0,0.0,0.0,0.0,1.0,1.0,1.0,0.0,0.0,1.3,1.0,1.75,0.30000000000000004,0.44999999999999996,1.3,1.0,2.0,0.30000000000000004,0.7,1.0,1.0,1.0,0.0,0.0,1.6,1.0,2.0,0.6000000000000001,0.3999999999999999,0.0,0.0,0.0,0.0,0.0,4.0,4.0,4.0,0.0,0.0,0.0,0.0,0.0,0.0,0.0,4.0,4.0,4.0,0.0,0.0
20,4,6,5,0.2,0.2,0.3,dense,True,20,20,20,4,20,5,11,Atomic phrase aggregation,validity_full_harmful_sequence_per_prompt,radius_derived,5,"0,10,20,30,40",0.0,0.0,0.0,0.0,0.0,1.0,1.0,1.0,0.0,0.0,1.3,1.0,1.75,0.30000000000000004,0.44999999999999996,1.3,1.0,2.0,0.30000000000000004,0.7,1.0,1.0,1.0,0.0,0.0,1.6,1.0,2.0,0.6000000000000001,0.3999999999999999,0.0,0.0,0.0,0.0,0.0,4.0,4.0,4.0,0.0,0.0,0.0,0.0,0.0,0.0,0.0,4.0,4.0,4.0,0.0,0.0
20,4,6,5,0.2,0.2,0.3,dense,True,20,20,20,4,20,5,12,Atomic phrase aggregation,validity_full_harmful_sequence_per_prompt,radius_derived,5,"0,10,20,30,40",0.0,0.0,0.0,0.0,0.0,1.0,1.0,1.0,0.0,0.0,1.3,1.0,1.75,0.30000000000000004,0.44999999999999996,1.3,1.0,2.0,0.30000000000000004,0.7,1.0,1.0,1.0,0.0,0.0,1.6,1.0,2.0,0.6000000000000001,0.3999999999999999,0.0,0.0,0.0,0.0,0.0,4.0,4.0,4.0,0.0,0.0,0.0,0.0,0.0,0.0,0.0,4.0,4.0,4.0,0.0,0.0
20,4,6,5,0.2,0.2,0.3,dense,True,20,20,20,4,20,5,13,Atomic phrase aggregation,validity_full_harmful_sequence_per_prompt,radius_derived,5,"0,10,20,30,40",0.0,0.0,0.0,0.0,0.0,1.0,1.0,1.0,0.0,0.0,1.3,1.0,1.75,0.30000000000000004,0.44999999999999996,1.3,1.0,2.0,0.30000000000000004,0.7,1.0,1.0,1.0,0.0,0.0,1.6,1.0,2.0,0.6000000000000001,0.3999999999999999,0.0,0.0,0.0,0.0,0.0,4.0,4.0,4.0,0.0,0.0,0.0,0.0,0.0,0.0,0.0,4.0,4.0,4.0,0.0,0.0
20,4,6,5,0.2,0.2,0.3,dense,True,20,20,20,4,20,5,14,Atomic phrase aggregation,validity_full_harmful_sequence_per_prompt,radius_derived,5,"0,10,20,30,40",0.0,0.0,0.0,0.0,0.0,1.0,1.0,1.0,0.0,0.0,1.3,1.0,1.75,0.30000000000000004,0.44999999999999996,1.3,1.0,2.0,0.30000000000000004,0.7,1.0,1.0,1.0,0.0,0.0,1.6,1.0,2.0,0.6000000000000001,0.3999999999999999,0.0,0.0,0.0,0.0,0.0,4.0,4.0,4.0,0.0,0.0,0.0,0.0,0.0,0.0,0.0,4.0,4.0,4.0,0.0,0.0
20,4,6,5,0.2,0.2,0.3,dense,True,20,20,20,4,20,5,15,Atomic phrase aggregation,validity_full_harmful_sequence_per_prompt,radius_derived,5,"0,10,20,30,40",0.0,0.0,0.0,0.0,0.0,1.0,1.0,1.0,0.0,0.0,1.3,1.0,1.75,0.30000000000000004,0.44999999999999996,1.3,1.0,2.0,0.30000000000000004,0.7,1.0,1.0,1.0,0.0,0.0,1.6,1.0,2.0,0.6000000000000001,0.3999999999999999,0.0,0.0,0.0,0.0,0.0,4.0,4.0,4.0,0.0,0.0,0.0,0.0,0.0,0.0,0.0,4.0,4.0,4.0,0.0,0.0
20,4,6,5,0.2,0.2,0.3,dense,True,20,20,20,4,20,5,16,Atomic phrase aggregation,validity_full_harmful_sequence_per_prompt,radius_derived,5,"0,10,20,30,40",0.0,0.0,0.0,0.0,0.0,1.0,1.0,1.0,0.0,0.0,1.3,1.0,1.75,0.30000000000000004,0.44999999999999996,1.3,1.0,2.0,0.30000000000000004,0.7,1.0,1.0,1.0,0.0,0.0,1.6,1.0,2.0,0.6000000000000001,0.3999999999999999,0.0,0.0,0.0,0.0,0.0,4.0,4.0,4.0,0.0,0.0,0.0,0.0,0.0,0.0,0.0,4.0,4.0,4.0,0.0,0.0
20,4,6,5,0.2,0.2,0.3,dense,True,20,20,20,4,20,5,17,Atomic phrase aggregation,validity_full_harmful_sequence_per_prompt,radius_derived,5,"0,10,20,30,40",0.0,0.0,0.0,0.0,0.0,1.0,1.0,1.0,0.0,0.0,1.3,1.0,1.75,0.30000000000000004,0.44999999999999996,1.3,1.0,2.0,0.30000000000000004,0.7,1.0,1.0,1.0,0.0,0.0,1.6,1.0,2.0,0.6000000000000001,0.3999999999999999,0.0,0.0,0.0,0.0,0.0,4.0,4.0,4.0,0.0,0.0,0.0,0.0,0.0,0.0,0.0,4.0,4.0,4.0,0.0,0.0
20,4,6,5,0.2,0.2,0.3,dense,True,20,20,20,4,20,5,18,Atomic phrase aggregation,validity_full_harmful_sequence_per_prompt,radius_derived,5,"0,10,20,30,40",0.0,0.0,0.0,0.0,0.0,1.0,1.0,1.0,0.0,0.0,1.3,1.0,1.75,0.30000000000000004,0.44999999999999996,1.3,1.0,2.0,0.30000000000000004,0.7,1.0,1.0,1.0,0.0,0.0,1.6,1.0,2.0,0.6000000000000001,0.3999999999999999,0.0,0.0,0.0,0.0,0.0,4.0,4.0,4.0,0.0,0.0,0.0,0.0,0.0,0.0,0.0,4.0,4.0,4.0,0.0,0.0
20,4,6,5,0.2,0.2,0.3,dense,True,20,20,20,4,20,5,19,Atomic phrase aggregation,validity_full_harmful_sequence_per_prompt,radius_derived,5,"0,10,20,30,40",0.0,0.0,0.0,0.0,0.0,1.0,1.0,1.0,0.0,0.0,1.3,1.0,1.75,0.30000000000000004,0.44999999999999996,1.3,1.0,2.0,0.30000000000000004,0.7,1.0,1.0,1.0,0.0,0.0,1.6,1.0,2.0,0.6000000000000001,0.3999999999999999,0.0,0.0,0.0,0.0,0.0,4.0,4.0,4.0,0.0,0.0,0.0,0.0,0.0,0.0,0.0,4.0,4.0,4.0,0.0,0.0
20,4,6,5,0.2,0.2,0.3,dense,True,20,20,20,4,20,5,20,Atomic phrase aggregation,validity_full_harmful_sequence_per_prompt,radius_derived,5,"0,10,20,30,40",0.0,0.0,0.0,0.0,0.0,1.0,1.0,1.0,0.0,0.0,1.3,1.0,1.75,0.30000000000000004,0.44999999999999996,1.3,1.0,2.0,0.30000000000000004,0.7,1.0,1.0,1.0,0.0,0.0,1.6,1.0,2.0,0.6000000000000001,0.3999999999999999,0.0,0.0,0.0,0.0,0.0,4.0,4.0,4.0,0.0,0.0,0.0,0.0,0.0,0.0,0.0,4.0,4.0,4.0,0.0,0.0
20,4,6,5,0.2,0.2,0.3,dense,True,20,20,20,4,20,5,0,Independent shard-aware composition diagnostic,validity_full_harmful_sequence_per_prompt,radius_derived,5,"0,10,20,30,40",1.0,1.0,1.0,0.0,0.0,0.0,0.0,0.0,0.0,0.0,16.8,15.0,19.0,1.8000000000000007,2.1999999999999993,16.7,15.5,18.5,1.1999999999999993,1.8000000000000007,13.4,12.0,15.0,1.4000000000000004,1.5999999999999996,20.4,17.0,24.0,3.3999999999999986,3.6000000000000014,4.0,4.0,4.0,0.0,0.0,4.0,4.0,4.0,0.0,0.0,0.0,0.0,0.0,0.0,0.0,4.0,4.0,4.0,0.0,0.0
20,4,6,5,0.2,0.2,0.3,dense,True,20,20,20,4,20,5,1,Independent shard-aware composition diagnostic,validity_full_harmful_sequence_per_prompt,radius_derived,5,"0,10,20,30,40",1.0,1.0,1.0,0.0,0.0,0.0,0.0,0.0,0.0,0.0,16.8,15.0,19.0,1.8000000000000007,2.1999999999999993,16.7,15.5,18.5,1.1999999999999993,1.8000000000000007,13.4,12.0,15.0,1.4000000000000004,1.5999999999999996,20.4,17.0,24.0,3.3999999999999986,3.6000000000000014,4.0,4.0,4.0,0.0,0.0,4.0,4.0,4.0,0.0,0.0,0.0,0.0,0.0,0.0,0.0,4.0,4.0,4.0,0.0,0.0
20,4,6,5,0.2,0.2,0.3,dense,True,20,20,20,4,20,5,2,Independent shard-aware composition diagnostic,validity_full_harmful_sequence_per_prompt,radius_derived,5,"0,10,20,30,40",1.0,1.0,1.0,0.0,0.0,0.0,0.0,0.0,0.0,0.0,16.8,15.0,19.0,1.8000000000000007,2.1999999999999993,16.7,15.5,18.5,1.1999999999999993,1.8000000000000007,13.4,12.0,15.0,1.4000000000000004,1.5999999999999996,20.4,17.0,24.0,3.3999999999999986,3.6000000000000014,4.0,4.0,4.0,0.0,0.0,4.0,4.0,4.0,0.0,0.0,0.0,0.0,0.0,0.0,0.0,4.0,4.0,4.0,0.0,0.0
20,4,6,5,0.2,0.2,0.3,dense,True,20,20,20,4,20,5,3,Independent shard-aware composition diagnostic,validity_full_harmful_sequence_per_prompt,radius_derived,5,"0,10,20,30,40",1.0,1.0,1.0,0.0,0.0,0.0,0.0,0.0,0.0,0.0,16.8,15.0,19.0,1.8000000000000007,2.1999999999999993,16.7,15.5,18.5,1.1999999999999993,1.8000000000000007,13.4,12.0,15.0,1.4000000000000004,1.5999999999999996,20.4,17.0,24.0,3.3999999999999986,3.6000000000000014,4.0,4.0,4.0,0.0,0.0,4.0,4.0,4.0,0.0,0.0,0.0,0.0,0.0,0.0,0.0,4.0,4.0,4.0,0.0,0.0
20,4,6,5,0.2,0.2,0.3,dense,True,20,20,20,4,20,5,4,Independent shard-aware composition diagnostic,validity_full_harmful_sequence_per_prompt,radius_derived,5,"0,10,20,30,40",1.0,1.0,1.0,0.0,0.0,0.0,0.0,0.0,0.0,0.0,16.8,15.0,19.0,1.8000000000000007,2.1999999999999993,16.7,15.5,18.5,1.1999999999999993,1.8000000000000007,13.4,12.0,15.0,1.4000000000000004,1.5999999999999996,20.4,17.0,24.0,3.3999999999999986,3.6000000000000014,4.0,4.0,4.0,0.0,0.0,4.0,4.0,4.0,0.0,0.0,0.0,0.0,0.0,0.0,0.0,4.0,4.0,4.0,0.0,0.0
20,4,6,5,0.2,0.2,0.3,dense,True,20,20,20,4,20,5,5,Independent shard-aware composition diagnostic,validity_full_harmful_sequence_per_prompt,radius_derived,5,"0,10,20,30,40",1.0,1.0,1.0,0.0,0.0,0.0,0.0,0.0,0.0,0.0,16.8,15.0,19.0,1.8000000000000007,2.1999999999999993,16.7,15.5,18.5,1.1999999999999993,1.8000000000000007,13.4,12.0,15.0,1.4000000000000004,1.5999999999999996,20.4,17.0,24.0,3.3999999999999986,3.6000000000000014,4.0,4.0,4.0,0.0,0.0,4.0,4.0,4.0,0.0,0.0,0.0,0.0,0.0,0.0,0.0,4.0,4.0,4.0,0.0,0.0
20,4,6,5,0.2,0.2,0.3,dense,True,20,20,20,4,20,5,6,Independent shard-aware composition diagnostic,validity_full_harmful_sequence_per_prompt,radius_derived,5,"0,10,20,30,40",1.0,1.0,1.0,0.0,0.0,0.0,0.0,0.0,0.0,0.0,16.8,15.0,19.0,1.8000000000000007,2.1999999999999993,16.7,15.5,18.5,1.1999999999999993,1.8000000000000007,13.4,12.0,15.0,1.4000000000000004,1.5999999999999996,20.4,17.0,24.0,3.3999999999999986,3.6000000000000014,4.0,4.0,4.0,0.0,0.0,4.0,4.0,4.0,0.0,0.0,0.0,0.0,0.0,0.0,0.0,4.0,4.0,4.0,0.0,0.0
20,4,6,5,0.2,0.2,0.3,dense,True,20,20,20,4,20,5,7,Independent shard-aware composition diagnostic,validity_full_harmful_sequence_per_prompt,radius_derived,5,"0,10,20,30,40",1.0,1.0,1.0,0.0,0.0,0.0,0.0,0.0,0.0,0.0,16.8,15.0,19.0,1.8000000000000007,2.1999999999999993,16.7,15.5,18.5,1.1999999999999993,1.8000000000000007,13.4,12.0,15.0,1.4000000000000004,1.5999999999999996,20.4,17.0,24.0,3.3999999999999986,3.6000000000000014,4.0,4.0,4.0,0.0,0.0,4.0,4.0,4.0,0.0,0.0,0.0,0.0,0.0,0.0,0.0,4.0,4.0,4.0,0.0,0.0
20,4,6,5,0.2,0.2,0.3,dense,True,20,20,20,4,20,5,8,Independent shard-aware composition diagnostic,validity_full_harmful_sequence_per_prompt,radius_derived,5,"0,10,20,30,40",1.0,1.0,1.0,0.0,0.0,0.0,0.0,0.0,0.0,0.0,16.8,15.0,19.0,1.8000000000000007,2.1999999999999993,16.7,15.5,18.5,1.1999999999999993,1.8000000000000007,13.4,12.0,15.0,1.4000000000000004,1.5999999999999996,20.4,17.0,24.0,3.3999999999999986,3.6000000000000014,4.0,4.0,4.0,0.0,0.0,4.0,4.0,4.0,0.0,0.0,0.0,0.0,0.0,0.0,0.0,4.0,4.0,4.0,0.0,0.0
20,4,6,5,0.2,0.2,0.3,dense,True,20,20,20,4,20,5,9,Independent shard-aware composition diagnostic,validity_full_harmful_sequence_per_prompt,radius_derived,5,"0,10,20,30,40",1.0,1.0,1.0,0.0,0.0,0.0,0.0,0.0,0.0,0.0,16.8,15.0,19.0,1.8000000000000007,2.1999999999999993,16.7,15.5,18.5,1.1999999999999993,1.8000000000000007,13.4,12.0,15.0,1.4000000000000004,1.5999999999999996,20.4,17.0,24.0,3.3999999999999986,3.6000000000000014,4.0,4.0,4.0,0.0,0.0,4.0,4.0,4.0,0.0,0.0,0.0,0.0,0.0,0.0,0.0,4.0,4.0,4.0,0.0,0.0
20,4,6,5,0.2,0.2,0.3,dense,True,20,20,20,4,20,5,10,Independent shard-aware composition diagnostic,validity_full_harmful_sequence_per_prompt,radius_derived,5,"0,10,20,30,40",1.0,1.0,1.0,0.0,0.0,0.0,0.0,0.0,0.0,0.0,16.8,15.0,19.0,1.8000000000000007,2.1999999999999993,16.7,15.5,18.5,1.1999999999999993,1.8000000000000007,13.4,12.0,15.0,1.4000000000000004,1.5999999999999996,20.4,17.0,24.0,3.3999999999999986,3.6000000000000014,4.0,4.0,4.0,0.0,0.0,4.0,4.0,4.0,0.0,0.0,0.0,0.0,0.0,0.0,0.0,4.0,4.0,4.0,0.0,0.0
20,4,6,5,0.2,0.2,0.3,dense,True,20,20,20,4,20,5,11,Independent shard-aware composition diagnostic,validity_full_harmful_sequence_per_prompt,radius_derived,5,"0,10,20,30,40",1.0,1.0,1.0,0.0,0.0,0.0,0.0,0.0,0.0,0.0,16.8,15.0,19.0,1.8000000000000007,2.1999999999999993,16.7,15.5,18.5,1.1999999999999993,1.8000000000000007,13.4,12.0,15.0,1.4000000000000004,1.5999999999999996,20.4,17.0,24.0,3.3999999999999986,3.6000000000000014,4.0,4.0,4.0,0.0,0.0,4.0,4.0,4.0,0.0,0.0,0.0,0.0,0.0,0.0,0.0,4.0,4.0,4.0,0.0,0.0
20,4,6,5,0.2,0.2,0.3,dense,True,20,20,20,4,20,5,12,Independent shard-aware composition diagnostic,validity_full_harmful_sequence_per_prompt,radius_derived,5,"0,10,20,30,40",0.9,0.75,1.0,0.15000000000000002,0.09999999999999998,0.1,0.0,0.25,0.1,0.15,16.8,15.0,19.0,1.8000000000000007,2.1999999999999993,16.7,15.5,18.5,1.1999999999999993,1.8000000000000007,13.4,12.0,15.0,1.4000000000000004,1.5999999999999996,20.4,17.0,24.0,3.3999999999999986,3.6000000000000014,3.6,3.0,4.0,0.6000000000000001,0.3999999999999999,4.0,4.0,4.0,0.0,0.0,0.0,0.0,0.0,0.0,0.0,4.0,4.0,4.0,0.0,0.0
20,4,6,5,0.2,0.2,0.3,dense,True,20,20,20,4,20,5,13,Independent shard-aware composition diagnostic,validity_full_harmful_sequence_per_prompt,radius_derived,5,"0,10,20,30,40",0.85,0.75,1.0,0.09999999999999998,0.15000000000000002,0.15,0.0,0.25,0.15,0.1,16.8,15.0,19.0,1.8000000000000007,2.1999999999999993,16.7,15.5,18.5,1.1999999999999993,1.8000000000000007,13.4,12.0,15.0,1.4000000000000004,1.5999999999999996,20.4,17.0,24.0,3.3999999999999986,3.6000000000000014,3.4,3.0,4.0,0.3999999999999999,0.6000000000000001,4.0,4.0,4.0,0.0,0.0,0.0,0.0,0.0,0.0,0.0,4.0,4.0,4.0,0.0,0.0
20,4,6,5,0.2,0.2,0.3,dense,True,20,20,20,4,20,5,14,Independent shard-aware composition diagnostic,validity_full_harmful_sequence_per_prompt,radius_derived,5,"0,10,20,30,40",0.85,0.75,1.0,0.09999999999999998,0.15000000000000002,0.15,0.0,0.25,0.15,0.1,16.8,15.0,19.0,1.8000000000000007,2.1999999999999993,16.7,15.5,18.5,1.1999999999999993,1.8000000000000007,13.4,12.0,15.0,1.4000000000000004,1.5999999999999996,20.4,17.0,24.0,3.3999999999999986,3.6000000000000014,3.4,3.0,4.0,0.3999999999999999,0.6000000000000001,4.0,4.0,4.0,0.0,0.0,0.0,0.0,0.0,0.0,0.0,4.0,4.0,4.0,0.0,0.0
20,4,6,5,0.2,0.2,0.3,dense,True,20,20,20,4,20,5,15,Independent shard-aware composition diagnostic,validity_full_harmful_sequence_per_prompt,radius_derived,5,"0,10,20,30,40",0.65,0.5,0.75,0.15000000000000002,0.09999999999999998,0.35,0.25,0.5,0.09999999999999998,0.15000000000000002,16.8,15.0,19.0,1.8000000000000007,2.1999999999999993,16.7,15.5,18.5,1.1999999999999993,1.8000000000000007,13.4,12.0,15.0,1.4000000000000004,1.5999999999999996,20.4,17.0,24.0,3.3999999999999986,3.6000000000000014,2.6,2.0,3.0,0.6000000000000001,0.3999999999999999,4.0,4.0,4.0,0.0,0.0,0.0,0.0,0.0,0.0,0.0,4.0,4.0,4.0,0.0,0.0
20,4,6,5,0.2,0.2,0.3,dense,True,20,20,20,4,20,5,16,Independent shard-aware composition diagnostic,validity_full_harmful_sequence_per_prompt,radius_derived,5,"0,10,20,30,40",0.45,0.25,0.75,0.2,0.3,0.55,0.25,0.75,0.30000000000000004,0.19999999999999996,16.8,15.0,19.0,1.8000000000000007,2.1999999999999993,16.7,15.5,18.5,1.1999999999999993,1.8000000000000007,13.4,12.0,15.0,1.4000000000000004,1.5999999999999996,20.4,17.0,24.0,3.3999999999999986,3.6000000000000014,1.8,1.0,3.0,0.8,1.2,4.0,4.0,4.0,0.0,0.0,0.0,0.0,0.0,0.0,0.0,4.0,4.0,4.0,0.0,0.0
20,4,6,5,0.2,0.2,0.3,dense,True,20,20,20,4,20,5,17,Independent shard-aware composition diagnostic,validity_full_harmful_sequence_per_prompt,radius_derived,5,"0,10,20,30,40",0.3,0.0,0.5,0.3,0.2,0.7,0.5,1.0,0.19999999999999996,0.30000000000000004,16.8,15.0,19.0,1.8000000000000007,2.1999999999999993,16.7,15.5,18.5,1.1999999999999993,1.8000000000000007,13.4,12.0,15.0,1.4000000000000004,1.5999999999999996,20.4,17.0,24.0,3.3999999999999986,3.6000000000000014,1.2,0.0,2.0,1.2,0.8,4.0,4.0,4.0,0.0,0.0,0.0,0.0,0.0,0.0,0.0,4.0,4.0,4.0,0.0,0.0
20,4,6,5,0.2,0.2,0.3,dense,True,20,20,20,4,20,5,18,Independent shard-aware composition diagnostic,validity_full_harmful_sequence_per_prompt,radius_derived,5,"0,10,20,30,40",0.25,0.0,0.5,0.25,0.25,0.75,0.5,1.0,0.25,0.25,16.8,15.0,19.0,1.8000000000000007,2.1999999999999993,16.7,15.5,18.5,1.1999999999999993,1.8000000000000007,13.4,12.0,15.0,1.4000000000000004,1.5999999999999996,20.4,17.0,24.0,3.3999999999999986,3.6000000000000014,1.0,0.0,2.0,1.0,1.0,4.0,4.0,4.0,0.0,0.0,0.0,0.0,0.0,0.0,0.0,4.0,4.0,4.0,0.0,0.0
20,4,6,5,0.2,0.2,0.3,dense,True,20,20,20,4,20,5,19,Independent shard-aware composition diagnostic,validity_full_harmful_sequence_per_prompt,radius_derived,5,"0,10,20,30,40",0.2,0.0,0.5,0.2,0.3,0.8,0.5,1.0,0.30000000000000004,0.19999999999999996,16.8,15.0,19.0,1.8000000000000007,2.1999999999999993,16.7,15.5,18.5,1.1999999999999993,1.8000000000000007,13.4,12.0,15.0,1.4000000000000004,1.5999999999999996,20.4,17.0,24.0,3.3999999999999986,3.6000000000000014,0.8,0.0,2.0,0.8,1.2,4.0,4.0,4.0,0.0,0.0,0.0,0.0,0.0,0.0,0.0,4.0,4.0,4.0,0.0,0.0
20,4,6,5,0.2,0.2,0.3,dense,True,20,20,20,4,20,5,20,Independent shard-aware composition diagnostic,validity_full_harmful_sequence_per_prompt,radius_derived,5,"0,10,20,30,40",0.15,0.0,0.25,0.15,0.1,0.85,0.75,1.0,0.09999999999999998,0.15000000000000002,16.8,15.0,19.0,1.8000000000000007,2.1999999999999993,16.7,15.5,18.5,1.1999999999999993,1.8000000000000007,13.4,12.0,15.0,1.4000000000000004,1.5999999999999996,20.4,17.0,24.0,3.3999999999999986,3.6000000000000014,0.6,0.0,1.0,0.6,0.4,4.0,4.0,4.0,0.0,0.0,0.0,0.0,0.0,0.0,0.0,4.0,4.0,4.0,0.0,0.0
20,4,8,5,0.2,0.2,0.3,dense,True,20,20,20,4,20,5,0,DPA token margin,full_response_stable_against_any_token_change,radius_derived,5,"0,10,20,30,40",1.0,1.0,1.0,0.0,0.0,0.0,0.0,0.0,0.0,0.0,5.4,5.25,5.5,0.15000000000000036,0.09999999999999964,5.6,5.5,6.0,0.09999999999999964,0.40000000000000036,4.2,3.0,5.0,1.2000000000000002,0.7999999999999998,6.2,6.0,7.0,0.20000000000000018,0.7999999999999998,4.0,4.0,4.0,0.0,0.0,4.0,4.0,4.0,0.0,0.0,0.0,0.0,0.0,0.0,0.0,4.0,4.0,4.0,0.0,0.0
20,4,8,5,0.2,0.2,0.3,dense,True,20,20,20,4,20,5,1,DPA token margin,full_response_stable_against_any_token_change,radius_derived,5,"0,10,20,30,40",1.0,1.0,1.0,0.0,0.0,0.0,0.0,0.0,0.0,0.0,5.4,5.25,5.5,0.15000000000000036,0.09999999999999964,5.6,5.5,6.0,0.09999999999999964,0.40000000000000036,4.2,3.0,5.0,1.2000000000000002,0.7999999999999998,6.2,6.0,7.0,0.20000000000000018,0.7999999999999998,4.0,4.0,4.0,0.0,0.0,4.0,4.0,4.0,0.0,0.0,0.0,0.0,0.0,0.0,0.0,4.0,4.0,4.0,0.0,0.0
20,4,8,5,0.2,0.2,0.3,dense,True,20,20,20,4,20,5,2,DPA token margin,full_response_stable_against_any_token_change,radius_derived,5,"0,10,20,30,40",1.0,1.0,1.0,0.0,0.0,0.0,0.0,0.0,0.0,0.0,5.4,5.25,5.5,0.15000000000000036,0.09999999999999964,5.6,5.5,6.0,0.09999999999999964,0.40000000000000036,4.2,3.0,5.0,1.2000000000000002,0.7999999999999998,6.2,6.0,7.0,0.20000000000000018,0.7999999999999998,4.0,4.0,4.0,0.0,0.0,4.0,4.0,4.0,0.0,0.0,0.0,0.0,0.0,0.0,0.0,4.0,4.0,4.0,0.0,0.0
20,4,8,5,0.2,0.2,0.3,dense,True,20,20,20,4,20,5,3,DPA token margin,full_response_stable_against_any_token_change,radius_derived,5,"0,10,20,30,40",0.95,0.75,1.0,0.19999999999999996,0.050000000000000044,0.05,0.0,0.25,0.05,0.2,5.4,5.25,5.5,0.15000000000000036,0.09999999999999964,5.6,5.5,6.0,0.09999999999999964,0.40000000000000036,4.2,3.0,5.0,1.2000000000000002,0.7999999999999998,6.2,6.0,7.0,0.20000000000000018,0.7999999999999998,3.8,3.0,4.0,0.7999999999999998,0.20000000000000018,4.0,4.0,4.0,0.0,0.0,0.0,0.0,0.0,0.0,0.0,4.0,4.0,4.0,0.0,0.0
20,4,8,5,0.2,0.2,0.3,dense,True,20,20,20,4,20,5,4,DPA token margin,full_response_stable_against_any_token_change,radius_derived,5,"0,10,20,30,40",0.85,0.75,1.0,0.09999999999999998,0.15000000000000002,0.15,0.0,0.25,0.15,0.1,5.4,5.25,5.5,0.15000000000000036,0.09999999999999964,5.6,5.5,6.0,0.09999999999999964,0.40000000000000036,4.2,3.0,5.0,1.2000000000000002,0.7999999999999998,6.2,6.0,7.0,0.20000000000000018,0.7999999999999998,3.4,3.0,4.0,0.3999999999999999,0.6000000000000001,4.0,4.0,4.0,0.0,0.0,0.0,0.0,0.0,0.0,0.0,4.0,4.0,4.0,0.0,0.0
20,4,8,5,0.2,0.2,0.3,dense,True,20,20,20,4,20,5,5,DPA token margin,full_response_stable_against_any_token_change,radius_derived,5,"0,10,20,30,40",0.55,0.5,0.75,0.050000000000000044,0.19999999999999996,0.45,0.25,0.5,0.2,0.04999999999999999,5.4,5.25,5.5,0.15000000000000036,0.09999999999999964,5.6,5.5,6.0,0.09999999999999964,0.40000000000000036,4.2,3.0,5.0,1.2000000000000002,0.7999999999999998,6.2,6.0,7.0,0.20000000000000018,0.7999999999999998,2.2,2.0,3.0,0.20000000000000018,0.7999999999999998,4.0,4.0,4.0,0.0,0.0,0.0,0.0,0.0,0.0,0.0,4.0,4.0,4.0,0.0,0.0
20,4,8,5,0.2,0.2,0.3,dense,True,20,20,20,4,20,5,6,DPA token margin,full_response_stable_against_any_token_change,radius_derived,5,"0,10,20,30,40",0.05,0.0,0.25,0.05,0.2,0.95,0.75,1.0,0.19999999999999996,0.050000000000000044,5.4,5.25,5.5,0.15000000000000036,0.09999999999999964,5.6,5.5,6.0,0.09999999999999964,0.40000000000000036,4.2,3.0,5.0,1.2000000000000002,0.7999999999999998,6.2,6.0,7.0,0.20000000000000018,0.7999999999999998,0.2,0.0,1.0,0.2,0.8,4.0,4.0,4.0,0.0,0.0,0.0,0.0,0.0,0.0,0.0,4.0,4.0,4.0,0.0,0.0
20,4,8,5,0.2,0.2,0.3,dense,True,20,20,20,4,20,5,7,DPA token margin,full_response_stable_against_any_token_change,radius_derived,5,"0,10,20,30,40",0.0,0.0,0.0,0.0,0.0,1.0,1.0,1.0,0.0,0.0,5.4,5.25,5.5,0.15000000000000036,0.09999999999999964,5.6,5.5,6.0,0.09999999999999964,0.40000000000000036,4.2,3.0,5.0,1.2000000000000002,0.7999999999999998,6.2,6.0,7.0,0.20000000000000018,0.7999999999999998,0.0,0.0,0.0,0.0,0.0,4.0,4.0,4.0,0.0,0.0,0.0,0.0,0.0,0.0,0.0,4.0,4.0,4.0,0.0,0.0
20,4,8,5,0.2,0.2,0.3,dense,True,20,20,20,4,20,5,8,DPA token margin,full_response_stable_against_any_token_change,radius_derived,5,"0,10,20,30,40",0.0,0.0,0.0,0.0,0.0,1.0,1.0,1.0,0.0,0.0,5.4,5.25,5.5,0.15000000000000036,0.09999999999999964,5.6,5.5,6.0,0.09999999999999964,0.40000000000000036,4.2,3.0,5.0,1.2000000000000002,0.7999999999999998,6.2,6.0,7.0,0.20000000000000018,0.7999999999999998,0.0,0.0,0.0,0.0,0.0,4.0,4.0,4.0,0.0,0.0,0.0,0.0,0.0,0.0,0.0,4.0,4.0,4.0,0.0,0.0
20,4,8,5,0.2,0.2,0.3,dense,True,20,20,20,4,20,5,9,DPA token margin,full_response_stable_against_any_token_change,radius_derived,5,"0,10,20,30,40",0.0,0.0,0.0,0.0,0.0,1.0,1.0,1.0,0.0,0.0,5.4,5.25,5.5,0.15000000000000036,0.09999999999999964,5.6,5.5,6.0,0.09999999999999964,0.40000000000000036,4.2,3.0,5.0,1.2000000000000002,0.7999999999999998,6.2,6.0,7.0,0.20000000000000018,0.7999999999999998,0.0,0.0,0.0,0.0,0.0,4.0,4.0,4.0,0.0,0.0,0.0,0.0,0.0,0.0,0.0,4.0,4.0,4.0,0.0,0.0
20,4,8,5,0.2,0.2,0.3,dense,True,20,20,20,4,20,5,10,DPA token margin,full_response_stable_against_any_token_change,radius_derived,5,"0,10,20,30,40",0.0,0.0,0.0,0.0,0.0,1.0,1.0,1.0,0.0,0.0,5.4,5.25,5.5,0.15000000000000036,0.09999999999999964,5.6,5.5,6.0,0.09999999999999964,0.40000000000000036,4.2,3.0,5.0,1.2000000000000002,0.7999999999999998,6.2,6.0,7.0,0.20000000000000018,0.7999999999999998,0.0,0.0,0.0,0.0,0.0,4.0,4.0,4.0,0.0,0.0,0.0,0.0,0.0,0.0,0.0,4.0,4.0,4.0,0.0,0.0
20,4,8,5,0.2,0.2,0.3,dense,True,20,20,20,4,20,5,11,DPA token margin,full_response_stable_against_any_token_change,radius_derived,5,"0,10,20,30,40",0.0,0.0,0.0,0.0,0.0,1.0,1.0,1.0,0.0,0.0,5.4,5.25,5.5,0.15000000000000036,0.09999999999999964,5.6,5.5,6.0,0.09999999999999964,0.40000000000000036,4.2,3.0,5.0,1.2000000000000002,0.7999999999999998,6.2,6.0,7.0,0.20000000000000018,0.7999999999999998,0.0,0.0,0.0,0.0,0.0,4.0,4.0,4.0,0.0,0.0,0.0,0.0,0.0,0.0,0.0,4.0,4.0,4.0,0.0,0.0
20,4,8,5,0.2,0.2,0.3,dense,True,20,20,20,4,20,5,12,DPA token margin,full_response_stable_against_any_token_change,radius_derived,5,"0,10,20,30,40",0.0,0.0,0.0,0.0,0.0,1.0,1.0,1.0,0.0,0.0,5.4,5.25,5.5,0.15000000000000036,0.09999999999999964,5.6,5.5,6.0,0.09999999999999964,0.40000000000000036,4.2,3.0,5.0,1.2000000000000002,0.7999999999999998,6.2,6.0,7.0,0.20000000000000018,0.7999999999999998,0.0,0.0,0.0,0.0,0.0,4.0,4.0,4.0,0.0,0.0,0.0,0.0,0.0,0.0,0.0,4.0,4.0,4.0,0.0,0.0
20,4,8,5,0.2,0.2,0.3,dense,True,20,20,20,4,20,5,13,DPA token margin,full_response_stable_against_any_token_change,radius_derived,5,"0,10,20,30,40",0.0,0.0,0.0,0.0,0.0,1.0,1.0,1.0,0.0,0.0,5.4,5.25,5.5,0.15000000000000036,0.09999999999999964,5.6,5.5,6.0,0.09999999999999964,0.40000000000000036,4.2,3.0,5.0,1.2000000000000002,0.7999999999999998,6.2,6.0,7.0,0.20000000000000018,0.7999999999999998,0.0,0.0,0.0,0.0,0.0,4.0,4.0,4.0,0.0,0.0,0.0,0.0,0.0,0.0,0.0,4.0,4.0,4.0,0.0,0.0
20,4,8,5,0.2,0.2,0.3,dense,True,20,20,20,4,20,5,14,DPA token margin,full_response_stable_against_any_token_change,radius_derived,5,"0,10,20,30,40",0.0,0.0,0.0,0.0,0.0,1.0,1.0,1.0,0.0,0.0,5.4,5.25,5.5,0.15000000000000036,0.09999999999999964,5.6,5.5,6.0,0.09999999999999964,0.40000000000000036,4.2,3.0,5.0,1.2000000000000002,0.7999999999999998,6.2,6.0,7.0,0.20000000000000018,0.7999999999999998,0.0,0.0,0.0,0.0,0.0,4.0,4.0,4.0,0.0,0.0,0.0,0.0,0.0,0.0,0.0,4.0,4.0,4.0,0.0,0.0
20,4,8,5,0.2,0.2,0.3,dense,True,20,20,20,4,20,5,15,DPA token margin,full_response_stable_against_any_token_change,radius_derived,5,"0,10,20,30,40",0.0,0.0,0.0,0.0,0.0,1.0,1.0,1.0,0.0,0.0,5.4,5.25,5.5,0.15000000000000036,0.09999999999999964,5.6,5.5,6.0,0.09999999999999964,0.40000000000000036,4.2,3.0,5.0,1.2000000000000002,0.7999999999999998,6.2,6.0,7.0,0.20000000000000018,0.7999999999999998,0.0,0.0,0.0,0.0,0.0,4.0,4.0,4.0,0.0,0.0,0.0,0.0,0.0,0.0,0.0,4.0,4.0,4.0,0.0,0.0
20,4,8,5,0.2,0.2,0.3,dense,True,20,20,20,4,20,5,16,DPA token margin,full_response_stable_against_any_token_change,radius_derived,5,"0,10,20,30,40",0.0,0.0,0.0,0.0,0.0,1.0,1.0,1.0,0.0,0.0,5.4,5.25,5.5,0.15000000000000036,0.09999999999999964,5.6,5.5,6.0,0.09999999999999964,0.40000000000000036,4.2,3.0,5.0,1.2000000000000002,0.7999999999999998,6.2,6.0,7.0,0.20000000000000018,0.7999999999999998,0.0,0.0,0.0,0.0,0.0,4.0,4.0,4.0,0.0,0.0,0.0,0.0,0.0,0.0,0.0,4.0,4.0,4.0,0.0,0.0
20,4,8,5,0.2,0.2,0.3,dense,True,20,20,20,4,20,5,17,DPA token margin,full_response_stable_against_any_token_change,radius_derived,5,"0,10,20,30,40",0.0,0.0,0.0,0.0,0.0,1.0,1.0,1.0,0.0,0.0,5.4,5.25,5.5,0.15000000000000036,0.09999999999999964,5.6,5.5,6.0,0.09999999999999964,0.40000000000000036,4.2,3.0,5.0,1.2000000000000002,0.7999999999999998,6.2,6.0,7.0,0.20000000000000018,0.7999999999999998,0.0,0.0,0.0,0.0,0.0,4.0,4.0,4.0,0.0,0.0,0.0,0.0,0.0,0.0,0.0,4.0,4.0,4.0,0.0,0.0
20,4,8,5,0.2,0.2,0.3,dense,True,20,20,20,4,20,5,18,DPA token margin,full_response_stable_against_any_token_change,radius_derived,5,"0,10,20,30,40",0.0,0.0,0.0,0.0,0.0,1.0,1.0,1.0,0.0,0.0,5.4,5.25,5.5,0.15000000000000036,0.09999999999999964,5.6,5.5,6.0,0.09999999999999964,0.40000000000000036,4.2,3.0,5.0,1.2000000000000002,0.7999999999999998,6.2,6.0,7.0,0.20000000000000018,0.7999999999999998,0.0,0.0,0.0,0.0,0.0,4.0,4.0,4.0,0.0,0.0,0.0,0.0,0.0,0.0,0.0,4.0,4.0,4.0,0.0,0.0
20,4,8,5,0.2,0.2,0.3,dense,True,20,20,20,4,20,5,19,DPA token margin,full_response_stable_against_any_token_change,radius_derived,5,"0,10,20,30,40",0.0,0.0,0.0,0.0,0.0,1.0,1.0,1.0,0.0,0.0,5.4,5.25,5.5,0.15000000000000036,0.09999999999999964,5.6,5.5,6.0,0.09999999999999964,0.40000000000000036,4.2,3.0,5.0,1.2000000000000002,0.7999999999999998,6.2,6.0,7.0,0.20000000000000018,0.7999999999999998,0.0,0.0,0.0,0.0,0.0,4.0,4.0,4.0,0.0,0.0,0.0,0.0,0.0,0.0,0.0,4.0,4.0,4.0,0.0,0.0
20,4,8,5,0.2,0.2,0.3,dense,True,20,20,20,4,20,5,20,DPA token margin,full_response_stable_against_any_token_change,radius_derived,5,"0,10,20,30,40",0.0,0.0,0.0,0.0,0.0,1.0,1.0,1.0,0.0,0.0,5.4,5.25,5.5,0.15000000000000036,0.09999999999999964,5.6,5.5,6.0,0.09999999999999964,0.40000000000000036,4.2,3.0,5.0,1.2000000000000002,0.7999999999999998,6.2,6.0,7.0,0.20000000000000018,0.7999999999999998,0.0,0.0,0.0,0.0,0.0,4.0,4.0,4.0,0.0,0.0,0.0,0.0,0.0,0.0,0.0,4.0,4.0,4.0,0.0,0.0
20,4,8,5,0.2,0.2,0.3,dense,True,20,20,20,4,20,5,0,Shared MILP,stability_one_token_per_prompt,radius_derived,5,"0,10,20,30,40",1.0,1.0,1.0,0.0,0.0,0.0,0.0,0.0,0.0,0.0,5.4,5.25,5.5,0.15000000000000036,0.09999999999999964,5.6,5.5,6.0,0.09999999999999964,0.40000000000000036,4.2,3.0,5.0,1.2000000000000002,0.7999999999999998,6.2,6.0,7.0,0.20000000000000018,0.7999999999999998,4.0,4.0,4.0,0.0,0.0,4.0,4.0,4.0,0.0,0.0,0.0,0.0,0.0,0.0,0.0,4.0,4.0,4.0,0.0,0.0
20,4,8,5,0.2,0.2,0.3,dense,True,20,20,20,4,20,5,1,Shared MILP,stability_one_token_per_prompt,radius_derived,5,"0,10,20,30,40",1.0,1.0,1.0,0.0,0.0,0.0,0.0,0.0,0.0,0.0,5.4,5.25,5.5,0.15000000000000036,0.09999999999999964,5.6,5.5,6.0,0.09999999999999964,0.40000000000000036,4.2,3.0,5.0,1.2000000000000002,0.7999999999999998,6.2,6.0,7.0,0.20000000000000018,0.7999999999999998,4.0,4.0,4.0,0.0,0.0,4.0,4.0,4.0,0.0,0.0,0.0,0.0,0.0,0.0,0.0,4.0,4.0,4.0,0.0,0.0
20,4,8,5,0.2,0.2,0.3,dense,True,20,20,20,4,20,5,2,Shared MILP,stability_one_token_per_prompt,radius_derived,5,"0,10,20,30,40",1.0,1.0,1.0,0.0,0.0,0.0,0.0,0.0,0.0,0.0,5.4,5.25,5.5,0.15000000000000036,0.09999999999999964,5.6,5.5,6.0,0.09999999999999964,0.40000000000000036,4.2,3.0,5.0,1.2000000000000002,0.7999999999999998,6.2,6.0,7.0,0.20000000000000018,0.7999999999999998,4.0,4.0,4.0,0.0,0.0,4.0,4.0,4.0,0.0,0.0,0.0,0.0,0.0,0.0,0.0,4.0,4.0,4.0,0.0,0.0
20,4,8,5,0.2,0.2,0.3,dense,True,20,20,20,4,20,5,3,Shared MILP,stability_one_token_per_prompt,radius_derived,5,"0,10,20,30,40",0.95,0.75,1.0,0.19999999999999996,0.050000000000000044,0.05,0.0,0.25,0.05,0.2,5.4,5.25,5.5,0.15000000000000036,0.09999999999999964,5.6,5.5,6.0,0.09999999999999964,0.40000000000000036,4.2,3.0,5.0,1.2000000000000002,0.7999999999999998,6.2,6.0,7.0,0.20000000000000018,0.7999999999999998,3.8,3.0,4.0,0.7999999999999998,0.20000000000000018,4.0,4.0,4.0,0.0,0.0,0.0,0.0,0.0,0.0,0.0,4.0,4.0,4.0,0.0,0.0
20,4,8,5,0.2,0.2,0.3,dense,True,20,20,20,4,20,5,4,Shared MILP,stability_one_token_per_prompt,radius_derived,5,"0,10,20,30,40",0.85,0.75,1.0,0.09999999999999998,0.15000000000000002,0.15,0.0,0.25,0.15,0.1,5.4,5.25,5.5,0.15000000000000036,0.09999999999999964,5.6,5.5,6.0,0.09999999999999964,0.40000000000000036,4.2,3.0,5.0,1.2000000000000002,0.7999999999999998,6.2,6.0,7.0,0.20000000000000018,0.7999999999999998,3.4,3.0,4.0,0.3999999999999999,0.6000000000000001,4.0,4.0,4.0,0.0,0.0,0.0,0.0,0.0,0.0,0.0,4.0,4.0,4.0,0.0,0.0
20,4,8,5,0.2,0.2,0.3,dense,True,20,20,20,4,20,5,5,Shared MILP,stability_one_token_per_prompt,radius_derived,5,"0,10,20,30,40",0.55,0.5,0.75,0.050000000000000044,0.19999999999999996,0.45,0.25,0.5,0.2,0.04999999999999999,5.4,5.25,5.5,0.15000000000000036,0.09999999999999964,5.6,5.5,6.0,0.09999999999999964,0.40000000000000036,4.2,3.0,5.0,1.2000000000000002,0.7999999999999998,6.2,6.0,7.0,0.20000000000000018,0.7999999999999998,2.2,2.0,3.0,0.20000000000000018,0.7999999999999998,4.0,4.0,4.0,0.0,0.0,0.0,0.0,0.0,0.0,0.0,4.0,4.0,4.0,0.0,0.0
20,4,8,5,0.2,0.2,0.3,dense,True,20,20,20,4,20,5,6,Shared MILP,stability_one_token_per_prompt,radius_derived,5,"0,10,20,30,40",0.05,0.0,0.25,0.05,0.2,0.95,0.75,1.0,0.19999999999999996,0.050000000000000044,5.4,5.25,5.5,0.15000000000000036,0.09999999999999964,5.6,5.5,6.0,0.09999999999999964,0.40000000000000036,4.2,3.0,5.0,1.2000000000000002,0.7999999999999998,6.2,6.0,7.0,0.20000000000000018,0.7999999999999998,0.2,0.0,1.0,0.2,0.8,4.0,4.0,4.0,0.0,0.0,0.0,0.0,0.0,0.0,0.0,4.0,4.0,4.0,0.0,0.0
20,4,8,5,0.2,0.2,0.3,dense,True,20,20,20,4,20,5,7,Shared MILP,stability_one_token_per_prompt,radius_derived,5,"0,10,20,30,40",0.0,0.0,0.0,0.0,0.0,1.0,1.0,1.0,0.0,0.0,5.4,5.25,5.5,0.15000000000000036,0.09999999999999964,5.6,5.5,6.0,0.09999999999999964,0.40000000000000036,4.2,3.0,5.0,1.2000000000000002,0.7999999999999998,6.2,6.0,7.0,0.20000000000000018,0.7999999999999998,0.0,0.0,0.0,0.0,0.0,4.0,4.0,4.0,0.0,0.0,0.0,0.0,0.0,0.0,0.0,4.0,4.0,4.0,0.0,0.0
20,4,8,5,0.2,0.2,0.3,dense,True,20,20,20,4,20,5,8,Shared MILP,stability_one_token_per_prompt,radius_derived,5,"0,10,20,30,40",0.0,0.0,0.0,0.0,0.0,1.0,1.0,1.0,0.0,0.0,5.4,5.25,5.5,0.15000000000000036,0.09999999999999964,5.6,5.5,6.0,0.09999999999999964,0.40000000000000036,4.2,3.0,5.0,1.2000000000000002,0.7999999999999998,6.2,6.0,7.0,0.20000000000000018,0.7999999999999998,0.0,0.0,0.0,0.0,0.0,4.0,4.0,4.0,0.0,0.0,0.0,0.0,0.0,0.0,0.0,4.0,4.0,4.0,0.0,0.0
20,4,8,5,0.2,0.2,0.3,dense,True,20,20,20,4,20,5,9,Shared MILP,stability_one_token_per_prompt,radius_derived,5,"0,10,20,30,40",0.0,0.0,0.0,0.0,0.0,1.0,1.0,1.0,0.0,0.0,5.4,5.25,5.5,0.15000000000000036,0.09999999999999964,5.6,5.5,6.0,0.09999999999999964,0.40000000000000036,4.2,3.0,5.0,1.2000000000000002,0.7999999999999998,6.2,6.0,7.0,0.20000000000000018,0.7999999999999998,0.0,0.0,0.0,0.0,0.0,4.0,4.0,4.0,0.0,0.0,0.0,0.0,0.0,0.0,0.0,4.0,4.0,4.0,0.0,0.0
20,4,8,5,0.2,0.2,0.3,dense,True,20,20,20,4,20,5,10,Shared MILP,stability_one_token_per_prompt,radius_derived,5,"0,10,20,30,40",0.0,0.0,0.0,0.0,0.0,1.0,1.0,1.0,0.0,0.0,5.4,5.25,5.5,0.15000000000000036,0.09999999999999964,5.6,5.5,6.0,0.09999999999999964,0.40000000000000036,4.2,3.0,5.0,1.2000000000000002,0.7999999999999998,6.2,6.0,7.0,0.20000000000000018,0.7999999999999998,0.0,0.0,0.0,0.0,0.0,4.0,4.0,4.0,0.0,0.0,0.0,0.0,0.0,0.0,0.0,4.0,4.0,4.0,0.0,0.0
20,4,8,5,0.2,0.2,0.3,dense,True,20,20,20,4,20,5,11,Shared MILP,stability_one_token_per_prompt,radius_derived,5,"0,10,20,30,40",0.0,0.0,0.0,0.0,0.0,1.0,1.0,1.0,0.0,0.0,5.4,5.25,5.5,0.15000000000000036,0.09999999999999964,5.6,5.5,6.0,0.09999999999999964,0.40000000000000036,4.2,3.0,5.0,1.2000000000000002,0.7999999999999998,6.2,6.0,7.0,0.20000000000000018,0.7999999999999998,0.0,0.0,0.0,0.0,0.0,4.0,4.0,4.0,0.0,0.0,0.0,0.0,0.0,0.0,0.0,4.0,4.0,4.0,0.0,0.0
20,4,8,5,0.2,0.2,0.3,dense,True,20,20,20,4,20,5,12,Shared MILP,stability_one_token_per_prompt,radius_derived,5,"0,10,20,30,40",0.0,0.0,0.0,0.0,0.0,1.0,1.0,1.0,0.0,0.0,5.4,5.25,5.5,0.15000000000000036,0.09999999999999964,5.6,5.5,6.0,0.09999999999999964,0.40000000000000036,4.2,3.0,5.0,1.2000000000000002,0.7999999999999998,6.2,6.0,7.0,0.20000000000000018,0.7999999999999998,0.0,0.0,0.0,0.0,0.0,4.0,4.0,4.0,0.0,0.0,0.0,0.0,0.0,0.0,0.0,4.0,4.0,4.0,0.0,0.0
20,4,8,5,0.2,0.2,0.3,dense,True,20,20,20,4,20,5,13,Shared MILP,stability_one_token_per_prompt,radius_derived,5,"0,10,20,30,40",0.0,0.0,0.0,0.0,0.0,1.0,1.0,1.0,0.0,0.0,5.4,5.25,5.5,0.15000000000000036,0.09999999999999964,5.6,5.5,6.0,0.09999999999999964,0.40000000000000036,4.2,3.0,5.0,1.2000000000000002,0.7999999999999998,6.2,6.0,7.0,0.20000000000000018,0.7999999999999998,0.0,0.0,0.0,0.0,0.0,4.0,4.0,4.0,0.0,0.0,0.0,0.0,0.0,0.0,0.0,4.0,4.0,4.0,0.0,0.0
20,4,8,5,0.2,0.2,0.3,dense,True,20,20,20,4,20,5,14,Shared MILP,stability_one_token_per_prompt,radius_derived,5,"0,10,20,30,40",0.0,0.0,0.0,0.0,0.0,1.0,1.0,1.0,0.0,0.0,5.4,5.25,5.5,0.15000000000000036,0.09999999999999964,5.6,5.5,6.0,0.09999999999999964,0.40000000000000036,4.2,3.0,5.0,1.2000000000000002,0.7999999999999998,6.2,6.0,7.0,0.20000000000000018,0.7999999999999998,0.0,0.0,0.0,0.0,0.0,4.0,4.0,4.0,0.0,0.0,0.0,0.0,0.0,0.0,0.0,4.0,4.0,4.0,0.0,0.0
20,4,8,5,0.2,0.2,0.3,dense,True,20,20,20,4,20,5,15,Shared MILP,stability_one_token_per_prompt,radius_derived,5,"0,10,20,30,40",0.0,0.0,0.0,0.0,0.0,1.0,1.0,1.0,0.0,0.0,5.4,5.25,5.5,0.15000000000000036,0.09999999999999964,5.6,5.5,6.0,0.09999999999999964,0.40000000000000036,4.2,3.0,5.0,1.2000000000000002,0.7999999999999998,6.2,6.0,7.0,0.20000000000000018,0.7999999999999998,0.0,0.0,0.0,0.0,0.0,4.0,4.0,4.0,0.0,0.0,0.0,0.0,0.0,0.0,0.0,4.0,4.0,4.0,0.0,0.0
20,4,8,5,0.2,0.2,0.3,dense,True,20,20,20,4,20,5,16,Shared MILP,stability_one_token_per_prompt,radius_derived,5,"0,10,20,30,40",0.0,0.0,0.0,0.0,0.0,1.0,1.0,1.0,0.0,0.0,5.4,5.25,5.5,0.15000000000000036,0.09999999999999964,5.6,5.5,6.0,0.09999999999999964,0.40000000000000036,4.2,3.0,5.0,1.2000000000000002,0.7999999999999998,6.2,6.0,7.0,0.20000000000000018,0.7999999999999998,0.0,0.0,0.0,0.0,0.0,4.0,4.0,4.0,0.0,0.0,0.0,0.0,0.0,0.0,0.0,4.0,4.0,4.0,0.0,0.0
20,4,8,5,0.2,0.2,0.3,dense,True,20,20,20,4,20,5,17,Shared MILP,stability_one_token_per_prompt,radius_derived,5,"0,10,20,30,40",0.0,0.0,0.0,0.0,0.0,1.0,1.0,1.0,0.0,0.0,5.4,5.25,5.5,0.15000000000000036,0.09999999999999964,5.6,5.5,6.0,0.09999999999999964,0.40000000000000036,4.2,3.0,5.0,1.2000000000000002,0.7999999999999998,6.2,6.0,7.0,0.20000000000000018,0.7999999999999998,0.0,0.0,0.0,0.0,0.0,4.0,4.0,4.0,0.0,0.0,0.0,0.0,0.0,0.0,0.0,4.0,4.0,4.0,0.0,0.0
20,4,8,5,0.2,0.2,0.3,dense,True,20,20,20,4,20,5,18,Shared MILP,stability_one_token_per_prompt,radius_derived,5,"0,10,20,30,40",0.0,0.0,0.0,0.0,0.0,1.0,1.0,1.0,0.0,0.0,5.4,5.25,5.5,0.15000000000000036,0.09999999999999964,5.6,5.5,6.0,0.09999999999999964,0.40000000000000036,4.2,3.0,5.0,1.2000000000000002,0.7999999999999998,6.2,6.0,7.0,0.20000000000000018,0.7999999999999998,0.0,0.0,0.0,0.0,0.0,4.0,4.0,4.0,0.0,0.0,0.0,0.0,0.0,0.0,0.0,4.0,4.0,4.0,0.0,0.0
20,4,8,5,0.2,0.2,0.3,dense,True,20,20,20,4,20,5,19,Shared MILP,stability_one_token_per_prompt,radius_derived,5,"0,10,20,30,40",0.0,0.0,0.0,0.0,0.0,1.0,1.0,1.0,0.0,0.0,5.4,5.25,5.5,0.15000000000000036,0.09999999999999964,5.6,5.5,6.0,0.09999999999999964,0.40000000000000036,4.2,3.0,5.0,1.2000000000000002,0.7999999999999998,6.2,6.0,7.0,0.20000000000000018,0.7999999999999998,0.0,0.0,0.0,0.0,0.0,4.0,4.0,4.0,0.0,0.0,0.0,0.0,0.0,0.0,0.0,4.0,4.0,4.0,0.0,0.0
20,4,8,5,0.2,0.2,0.3,dense,True,20,20,20,4,20,5,20,Shared MILP,stability_one_token_per_prompt,radius_derived,5,"0,10,20,30,40",0.0,0.0,0.0,0.0,0.0,1.0,1.0,1.0,0.0,0.0,5.4,5.25,5.5,0.15000000000000036,0.09999999999999964,5.6,5.5,6.0,0.09999999999999964,0.40000000000000036,4.2,3.0,5.0,1.2000000000000002,0.7999999999999998,6.2,6.0,7.0,0.20000000000000018,0.7999999999999998,0.0,0.0,0.0,0.0,0.0,4.0,4.0,4.0,0.0,0.0,0.0,0.0,0.0,0.0,0.0,4.0,4.0,4.0,0.0,0.0
20,4,8,5,0.2,0.2,0.3,dense,True,20,20,20,4,20,5,0,Shared MILP,stability_full_sequence_per_prompt,radius_derived,5,"0,10,20,30,40",1.0,1.0,1.0,0.0,0.0,0.0,0.0,0.0,0.0,0.0,8.75,8.5,9.0,0.25,0.25,8.8,8.5,9.0,0.3000000000000007,0.1999999999999993,8.2,8.0,9.0,0.1999999999999993,0.8000000000000007,9.2,9.0,10.0,0.1999999999999993,0.8000000000000007,4.0,4.0,4.0,0.0,0.0,4.0,4.0,4.0,0.0,0.0,0.0,0.0,0.0,0.0,0.0,4.0,4.0,4.0,0.0,0.0
20,4,8,5,0.2,0.2,0.3,dense,True,20,20,20,4,20,5,1,Shared MILP,stability_full_sequence_per_prompt,radius_derived,5,"0,10,20,30,40",1.0,1.0,1.0,0.0,0.0,0.0,0.0,0.0,0.0,0.0,8.75,8.5,9.0,0.25,0.25,8.8,8.5,9.0,0.3000000000000007,0.1999999999999993,8.2,8.0,9.0,0.1999999999999993,0.8000000000000007,9.2,9.0,10.0,0.1999999999999993,0.8000000000000007,4.0,4.0,4.0,0.0,0.0,4.0,4.0,4.0,0.0,0.0,0.0,0.0,0.0,0.0,0.0,4.0,4.0,4.0,0.0,0.0
20,4,8,5,0.2,0.2,0.3,dense,True,20,20,20,4,20,5,2,Shared MILP,stability_full_sequence_per_prompt,radius_derived,5,"0,10,20,30,40",1.0,1.0,1.0,0.0,0.0,0.0,0.0,0.0,0.0,0.0,8.75,8.5,9.0,0.25,0.25,8.8,8.5,9.0,0.3000000000000007,0.1999999999999993,8.2,8.0,9.0,0.1999999999999993,0.8000000000000007,9.2,9.0,10.0,0.1999999999999993,0.8000000000000007,4.0,4.0,4.0,0.0,0.0,4.0,4.0,4.0,0.0,0.0,0.0,0.0,0.0,0.0,0.0,4.0,4.0,4.0,0.0,0.0
20,4,8,5,0.2,0.2,0.3,dense,True,20,20,20,4,20,5,3,Shared MILP,stability_full_sequence_per_prompt,radius_derived,5,"0,10,20,30,40",1.0,1.0,1.0,0.0,0.0,0.0,0.0,0.0,0.0,0.0,8.75,8.5,9.0,0.25,0.25,8.8,8.5,9.0,0.3000000000000007,0.1999999999999993,8.2,8.0,9.0,0.1999999999999993,0.8000000000000007,9.2,9.0,10.0,0.1999999999999993,0.8000000000000007,4.0,4.0,4.0,0.0,0.0,4.0,4.0,4.0,0.0,0.0,0.0,0.0,0.0,0.0,0.0,4.0,4.0,4.0,0.0,0.0
20,4,8,5,0.2,0.2,0.3,dense,True,20,20,20,4,20,5,4,Shared MILP,stability_full_sequence_per_prompt,radius_derived,5,"0,10,20,30,40",1.0,1.0,1.0,0.0,0.0,0.0,0.0,0.0,0.0,0.0,8.75,8.5,9.0,0.25,0.25,8.8,8.5,9.0,0.3000000000000007,0.1999999999999993,8.2,8.0,9.0,0.1999999999999993,0.8000000000000007,9.2,9.0,10.0,0.1999999999999993,0.8000000000000007,4.0,4.0,4.0,0.0,0.0,4.0,4.0,4.0,0.0,0.0,0.0,0.0,0.0,0.0,0.0,4.0,4.0,4.0,0.0,0.0
20,4,8,5,0.2,0.2,0.3,dense,True,20,20,20,4,20,5,5,Shared MILP,stability_full_sequence_per_prompt,radius_derived,5,"0,10,20,30,40",1.0,1.0,1.0,0.0,0.0,0.0,0.0,0.0,0.0,0.0,8.75,8.5,9.0,0.25,0.25,8.8,8.5,9.0,0.3000000000000007,0.1999999999999993,8.2,8.0,9.0,0.1999999999999993,0.8000000000000007,9.2,9.0,10.0,0.1999999999999993,0.8000000000000007,4.0,4.0,4.0,0.0,0.0,4.0,4.0,4.0,0.0,0.0,0.0,0.0,0.0,0.0,0.0,4.0,4.0,4.0,0.0,0.0
20,4,8,5,0.2,0.2,0.3,dense,True,20,20,20,4,20,5,6,Shared MILP,stability_full_sequence_per_prompt,radius_derived,5,"0,10,20,30,40",1.0,1.0,1.0,0.0,0.0,0.0,0.0,0.0,0.0,0.0,8.75,8.5,9.0,0.25,0.25,8.8,8.5,9.0,0.3000000000000007,0.1999999999999993,8.2,8.0,9.0,0.1999999999999993,0.8000000000000007,9.2,9.0,10.0,0.1999999999999993,0.8000000000000007,4.0,4.0,4.0,0.0,0.0,4.0,4.0,4.0,0.0,0.0,0.0,0.0,0.0,0.0,0.0,4.0,4.0,4.0,0.0,0.0
20,4,8,5,0.2,0.2,0.3,dense,True,20,20,20,4,20,5,7,Shared MILP,stability_full_sequence_per_prompt,radius_derived,5,"0,10,20,30,40",1.0,1.0,1.0,0.0,0.0,0.0,0.0,0.0,0.0,0.0,8.75,8.5,9.0,0.25,0.25,8.8,8.5,9.0,0.3000000000000007,0.1999999999999993,8.2,8.0,9.0,0.1999999999999993,0.8000000000000007,9.2,9.0,10.0,0.1999999999999993,0.8000000000000007,4.0,4.0,4.0,0.0,0.0,4.0,4.0,4.0,0.0,0.0,0.0,0.0,0.0,0.0,0.0,4.0,4.0,4.0,0.0,0.0
20,4,8,5,0.2,0.2,0.3,dense,True,20,20,20,4,20,5,8,Shared MILP,stability_full_sequence_per_prompt,radius_derived,5,"0,10,20,30,40",0.7,0.5,1.0,0.19999999999999996,0.30000000000000004,0.3,0.0,0.5,0.3,0.2,8.75,8.5,9.0,0.25,0.25,8.8,8.5,9.0,0.3000000000000007,0.1999999999999993,8.2,8.0,9.0,0.1999999999999993,0.8000000000000007,9.2,9.0,10.0,0.1999999999999993,0.8000000000000007,2.8,2.0,4.0,0.7999999999999998,1.2000000000000002,4.0,4.0,4.0,0.0,0.0,0.0,0.0,0.0,0.0,0.0,4.0,4.0,4.0,0.0,0.0
20,4,8,5,0.2,0.2,0.3,dense,True,20,20,20,4,20,5,9,Shared MILP,stability_full_sequence_per_prompt,radius_derived,5,"0,10,20,30,40",0.05,0.0,0.25,0.05,0.2,0.95,0.75,1.0,0.19999999999999996,0.050000000000000044,8.75,8.5,9.0,0.25,0.25,8.8,8.5,9.0,0.3000000000000007,0.1999999999999993,8.2,8.0,9.0,0.1999999999999993,0.8000000000000007,9.2,9.0,10.0,0.1999999999999993,0.8000000000000007,0.2,0.0,1.0,0.2,0.8,4.0,4.0,4.0,0.0,0.0,0.0,0.0,0.0,0.0,0.0,4.0,4.0,4.0,0.0,0.0
20,4,8,5,0.2,0.2,0.3,dense,True,20,20,20,4,20,5,10,Shared MILP,stability_full_sequence_per_prompt,radius_derived,5,"0,10,20,30,40",0.0,0.0,0.0,0.0,0.0,1.0,1.0,1.0,0.0,0.0,8.75,8.5,9.0,0.25,0.25,8.8,8.5,9.0,0.3000000000000007,0.1999999999999993,8.2,8.0,9.0,0.1999999999999993,0.8000000000000007,9.2,9.0,10.0,0.1999999999999993,0.8000000000000007,0.0,0.0,0.0,0.0,0.0,4.0,4.0,4.0,0.0,0.0,0.0,0.0,0.0,0.0,0.0,4.0,4.0,4.0,0.0,0.0
20,4,8,5,0.2,0.2,0.3,dense,True,20,20,20,4,20,5,11,Shared MILP,stability_full_sequence_per_prompt,radius_derived,5,"0,10,20,30,40",0.0,0.0,0.0,0.0,0.0,1.0,1.0,1.0,0.0,0.0,8.75,8.5,9.0,0.25,0.25,8.8,8.5,9.0,0.3000000000000007,0.1999999999999993,8.2,8.0,9.0,0.1999999999999993,0.8000000000000007,9.2,9.0,10.0,0.1999999999999993,0.8000000000000007,0.0,0.0,0.0,0.0,0.0,4.0,4.0,4.0,0.0,0.0,0.0,0.0,0.0,0.0,0.0,4.0,4.0,4.0,0.0,0.0
20,4,8,5,0.2,0.2,0.3,dense,True,20,20,20,4,20,5,12,Shared MILP,stability_full_sequence_per_prompt,radius_derived,5,"0,10,20,30,40",0.0,0.0,0.0,0.0,0.0,1.0,1.0,1.0,0.0,0.0,8.75,8.5,9.0,0.25,0.25,8.8,8.5,9.0,0.3000000000000007,0.1999999999999993,8.2,8.0,9.0,0.1999999999999993,0.8000000000000007,9.2,9.0,10.0,0.1999999999999993,0.8000000000000007,0.0,0.0,0.0,0.0,0.0,4.0,4.0,4.0,0.0,0.0,0.0,0.0,0.0,0.0,0.0,4.0,4.0,4.0,0.0,0.0
20,4,8,5,0.2,0.2,0.3,dense,True,20,20,20,4,20,5,13,Shared MILP,stability_full_sequence_per_prompt,radius_derived,5,"0,10,20,30,40",0.0,0.0,0.0,0.0,0.0,1.0,1.0,1.0,0.0,0.0,8.75,8.5,9.0,0.25,0.25,8.8,8.5,9.0,0.3000000000000007,0.1999999999999993,8.2,8.0,9.0,0.1999999999999993,0.8000000000000007,9.2,9.0,10.0,0.1999999999999993,0.8000000000000007,0.0,0.0,0.0,0.0,0.0,4.0,4.0,4.0,0.0,0.0,0.0,0.0,0.0,0.0,0.0,4.0,4.0,4.0,0.0,0.0
20,4,8,5,0.2,0.2,0.3,dense,True,20,20,20,4,20,5,14,Shared MILP,stability_full_sequence_per_prompt,radius_derived,5,"0,10,20,30,40",0.0,0.0,0.0,0.0,0.0,1.0,1.0,1.0,0.0,0.0,8.75,8.5,9.0,0.25,0.25,8.8,8.5,9.0,0.3000000000000007,0.1999999999999993,8.2,8.0,9.0,0.1999999999999993,0.8000000000000007,9.2,9.0,10.0,0.1999999999999993,0.8000000000000007,0.0,0.0,0.0,0.0,0.0,4.0,4.0,4.0,0.0,0.0,0.0,0.0,0.0,0.0,0.0,4.0,4.0,4.0,0.0,0.0
20,4,8,5,0.2,0.2,0.3,dense,True,20,20,20,4,20,5,15,Shared MILP,stability_full_sequence_per_prompt,radius_derived,5,"0,10,20,30,40",0.0,0.0,0.0,0.0,0.0,1.0,1.0,1.0,0.0,0.0,8.75,8.5,9.0,0.25,0.25,8.8,8.5,9.0,0.3000000000000007,0.1999999999999993,8.2,8.0,9.0,0.1999999999999993,0.8000000000000007,9.2,9.0,10.0,0.1999999999999993,0.8000000000000007,0.0,0.0,0.0,0.0,0.0,4.0,4.0,4.0,0.0,0.0,0.0,0.0,0.0,0.0,0.0,4.0,4.0,4.0,0.0,0.0
20,4,8,5,0.2,0.2,0.3,dense,True,20,20,20,4,20,5,16,Shared MILP,stability_full_sequence_per_prompt,radius_derived,5,"0,10,20,30,40",0.0,0.0,0.0,0.0,0.0,1.0,1.0,1.0,0.0,0.0,8.75,8.5,9.0,0.25,0.25,8.8,8.5,9.0,0.3000000000000007,0.1999999999999993,8.2,8.0,9.0,0.1999999999999993,0.8000000000000007,9.2,9.0,10.0,0.1999999999999993,0.8000000000000007,0.0,0.0,0.0,0.0,0.0,4.0,4.0,4.0,0.0,0.0,0.0,0.0,0.0,0.0,0.0,4.0,4.0,4.0,0.0,0.0
20,4,8,5,0.2,0.2,0.3,dense,True,20,20,20,4,20,5,17,Shared MILP,stability_full_sequence_per_prompt,radius_derived,5,"0,10,20,30,40",0.0,0.0,0.0,0.0,0.0,1.0,1.0,1.0,0.0,0.0,8.75,8.5,9.0,0.25,0.25,8.8,8.5,9.0,0.3000000000000007,0.1999999999999993,8.2,8.0,9.0,0.1999999999999993,0.8000000000000007,9.2,9.0,10.0,0.1999999999999993,0.8000000000000007,0.0,0.0,0.0,0.0,0.0,4.0,4.0,4.0,0.0,0.0,0.0,0.0,0.0,0.0,0.0,4.0,4.0,4.0,0.0,0.0
20,4,8,5,0.2,0.2,0.3,dense,True,20,20,20,4,20,5,18,Shared MILP,stability_full_sequence_per_prompt,radius_derived,5,"0,10,20,30,40",0.0,0.0,0.0,0.0,0.0,1.0,1.0,1.0,0.0,0.0,8.75,8.5,9.0,0.25,0.25,8.8,8.5,9.0,0.3000000000000007,0.1999999999999993,8.2,8.0,9.0,0.1999999999999993,0.8000000000000007,9.2,9.0,10.0,0.1999999999999993,0.8000000000000007,0.0,0.0,0.0,0.0,0.0,4.0,4.0,4.0,0.0,0.0,0.0,0.0,0.0,0.0,0.0,4.0,4.0,4.0,0.0,0.0
20,4,8,5,0.2,0.2,0.3,dense,True,20,20,20,4,20,5,19,Shared MILP,stability_full_sequence_per_prompt,radius_derived,5,"0,10,20,30,40",0.0,0.0,0.0,0.0,0.0,1.0,1.0,1.0,0.0,0.0,8.75,8.5,9.0,0.25,0.25,8.8,8.5,9.0,0.3000000000000007,0.1999999999999993,8.2,8.0,9.0,0.1999999999999993,0.8000000000000007,9.2,9.0,10.0,0.1999999999999993,0.8000000000000007,0.0,0.0,0.0,0.0,0.0,4.0,4.0,4.0,0.0,0.0,0.0,0.0,0.0,0.0,0.0,4.0,4.0,4.0,0.0,0.0
20,4,8,5,0.2,0.2,0.3,dense,True,20,20,20,4,20,5,20,Shared MILP,stability_full_sequence_per_prompt,radius_derived,5,"0,10,20,30,40",0.0,0.0,0.0,0.0,0.0,1.0,1.0,1.0,0.0,0.0,8.75,8.5,9.0,0.25,0.25,8.8,8.5,9.0,0.3000000000000007,0.1999999999999993,8.2,8.0,9.0,0.1999999999999993,0.8000000000000007,9.2,9.0,10.0,0.1999999999999993,0.8000000000000007,0.0,0.0,0.0,0.0,0.0,4.0,4.0,4.0,0.0,0.0,0.0,0.0,0.0,0.0,0.0,4.0,4.0,4.0,0.0,0.0
20,4,8,5,0.2,0.2,0.3,dense,True,20,20,20,4,20,5,0,Plain DPA max token,validity_full_harmful_sequence_per_prompt,radius_derived,5,"0,10,20,30,40",1.0,1.0,1.0,0.0,0.0,0.0,0.0,0.0,0.0,0.0,5.35,4.5,6.0,0.8499999999999996,0.6500000000000004,5.5,4.5,6.5,1.0,1.0,4.0,4.0,4.0,0.0,0.0,6.4,5.0,7.0,1.4000000000000004,0.5999999999999996,4.0,4.0,4.0,0.0,0.0,4.0,4.0,4.0,0.0,0.0,0.0,0.0,0.0,0.0,0.0,4.0,4.0,4.0,0.0,0.0
20,4,8,5,0.2,0.2,0.3,dense,True,20,20,20,4,20,5,1,Plain DPA max token,validity_full_harmful_sequence_per_prompt,radius_derived,5,"0,10,20,30,40",1.0,1.0,1.0,0.0,0.0,0.0,0.0,0.0,0.0,0.0,5.35,4.5,6.0,0.8499999999999996,0.6500000000000004,5.5,4.5,6.5,1.0,1.0,4.0,4.0,4.0,0.0,0.0,6.4,5.0,7.0,1.4000000000000004,0.5999999999999996,4.0,4.0,4.0,0.0,0.0,4.0,4.0,4.0,0.0,0.0,0.0,0.0,0.0,0.0,0.0,4.0,4.0,4.0,0.0,0.0
20,4,8,5,0.2,0.2,0.3,dense,True,20,20,20,4,20,5,2,Plain DPA max token,validity_full_harmful_sequence_per_prompt,radius_derived,5,"0,10,20,30,40",1.0,1.0,1.0,0.0,0.0,0.0,0.0,0.0,0.0,0.0,5.35,4.5,6.0,0.8499999999999996,0.6500000000000004,5.5,4.5,6.5,1.0,1.0,4.0,4.0,4.0,0.0,0.0,6.4,5.0,7.0,1.4000000000000004,0.5999999999999996,4.0,4.0,4.0,0.0,0.0,4.0,4.0,4.0,0.0,0.0,0.0,0.0,0.0,0.0,0.0,4.0,4.0,4.0,0.0,0.0
20,4,8,5,0.2,0.2,0.3,dense,True,20,20,20,4,20,5,3,Plain DPA max token,validity_full_harmful_sequence_per_prompt,radius_derived,5,"0,10,20,30,40",1.0,1.0,1.0,0.0,0.0,0.0,0.0,0.0,0.0,0.0,5.35,4.5,6.0,0.8499999999999996,0.6500000000000004,5.5,4.5,6.5,1.0,1.0,4.0,4.0,4.0,0.0,0.0,6.4,5.0,7.0,1.4000000000000004,0.5999999999999996,4.0,4.0,4.0,0.0,0.0,4.0,4.0,4.0,0.0,0.0,0.0,0.0,0.0,0.0,0.0,4.0,4.0,4.0,0.0,0.0
20,4,8,5,0.2,0.2,0.3,dense,True,20,20,20,4,20,5,4,Plain DPA max token,validity_full_harmful_sequence_per_prompt,radius_derived,5,"0,10,20,30,40",0.7,0.5,0.75,0.19999999999999996,0.050000000000000044,0.3,0.25,0.5,0.04999999999999999,0.2,5.35,4.5,6.0,0.8499999999999996,0.6500000000000004,5.5,4.5,6.5,1.0,1.0,4.0,4.0,4.0,0.0,0.0,6.4,5.0,7.0,1.4000000000000004,0.5999999999999996,2.8,2.0,3.0,0.7999999999999998,0.20000000000000018,4.0,4.0,4.0,0.0,0.0,0.0,0.0,0.0,0.0,0.0,4.0,4.0,4.0,0.0,0.0
20,4,8,5,0.2,0.2,0.3,dense,True,20,20,20,4,20,5,5,Plain DPA max token,validity_full_harmful_sequence_per_prompt,radius_derived,5,"0,10,20,30,40",0.4,0.0,0.75,0.4,0.35,0.6,0.25,1.0,0.35,0.4,5.35,4.5,6.0,0.8499999999999996,0.6500000000000004,5.5,4.5,6.5,1.0,1.0,4.0,4.0,4.0,0.0,0.0,6.4,5.0,7.0,1.4000000000000004,0.5999999999999996,1.6,0.0,3.0,1.6,1.4,4.0,4.0,4.0,0.0,0.0,0.0,0.0,0.0,0.0,0.0,4.0,4.0,4.0,0.0,0.0
20,4,8,5,0.2,0.2,0.3,dense,True,20,20,20,4,20,5,6,Plain DPA max token,validity_full_harmful_sequence_per_prompt,radius_derived,5,"0,10,20,30,40",0.25,0.0,0.5,0.25,0.25,0.75,0.5,1.0,0.25,0.25,5.35,4.5,6.0,0.8499999999999996,0.6500000000000004,5.5,4.5,6.5,1.0,1.0,4.0,4.0,4.0,0.0,0.0,6.4,5.0,7.0,1.4000000000000004,0.5999999999999996,1.0,0.0,2.0,1.0,1.0,4.0,4.0,4.0,0.0,0.0,0.0,0.0,0.0,0.0,0.0,4.0,4.0,4.0,0.0,0.0
20,4,8,5,0.2,0.2,0.3,dense,True,20,20,20,4,20,5,7,Plain DPA max token,validity_full_harmful_sequence_per_prompt,radius_derived,5,"0,10,20,30,40",0.0,0.0,0.0,0.0,0.0,1.0,1.0,1.0,0.0,0.0,5.35,4.5,6.0,0.8499999999999996,0.6500000000000004,5.5,4.5,6.5,1.0,1.0,4.0,4.0,4.0,0.0,0.0,6.4,5.0,7.0,1.4000000000000004,0.5999999999999996,0.0,0.0,0.0,0.0,0.0,4.0,4.0,4.0,0.0,0.0,0.0,0.0,0.0,0.0,0.0,4.0,4.0,4.0,0.0,0.0
20,4,8,5,0.2,0.2,0.3,dense,True,20,20,20,4,20,5,8,Plain DPA max token,validity_full_harmful_sequence_per_prompt,radius_derived,5,"0,10,20,30,40",0.0,0.0,0.0,0.0,0.0,1.0,1.0,1.0,0.0,0.0,5.35,4.5,6.0,0.8499999999999996,0.6500000000000004,5.5,4.5,6.5,1.0,1.0,4.0,4.0,4.0,0.0,0.0,6.4,5.0,7.0,1.4000000000000004,0.5999999999999996,0.0,0.0,0.0,0.0,0.0,4.0,4.0,4.0,0.0,0.0,0.0,0.0,0.0,0.0,0.0,4.0,4.0,4.0,0.0,0.0
20,4,8,5,0.2,0.2,0.3,dense,True,20,20,20,4,20,5,9,Plain DPA max token,validity_full_harmful_sequence_per_prompt,radius_derived,5,"0,10,20,30,40",0.0,0.0,0.0,0.0,0.0,1.0,1.0,1.0,0.0,0.0,5.35,4.5,6.0,0.8499999999999996,0.6500000000000004,5.5,4.5,6.5,1.0,1.0,4.0,4.0,4.0,0.0,0.0,6.4,5.0,7.0,1.4000000000000004,0.5999999999999996,0.0,0.0,0.0,0.0,0.0,4.0,4.0,4.0,0.0,0.0,0.0,0.0,0.0,0.0,0.0,4.0,4.0,4.0,0.0,0.0
20,4,8,5,0.2,0.2,0.3,dense,True,20,20,20,4,20,5,10,Plain DPA max token,validity_full_harmful_sequence_per_prompt,radius_derived,5,"0,10,20,30,40",0.0,0.0,0.0,0.0,0.0,1.0,1.0,1.0,0.0,0.0,5.35,4.5,6.0,0.8499999999999996,0.6500000000000004,5.5,4.5,6.5,1.0,1.0,4.0,4.0,4.0,0.0,0.0,6.4,5.0,7.0,1.4000000000000004,0.5999999999999996,0.0,0.0,0.0,0.0,0.0,4.0,4.0,4.0,0.0,0.0,0.0,0.0,0.0,0.0,0.0,4.0,4.0,4.0,0.0,0.0
20,4,8,5,0.2,0.2,0.3,dense,True,20,20,20,4,20,5,11,Plain DPA max token,validity_full_harmful_sequence_per_prompt,radius_derived,5,"0,10,20,30,40",0.0,0.0,0.0,0.0,0.0,1.0,1.0,1.0,0.0,0.0,5.35,4.5,6.0,0.8499999999999996,0.6500000000000004,5.5,4.5,6.5,1.0,1.0,4.0,4.0,4.0,0.0,0.0,6.4,5.0,7.0,1.4000000000000004,0.5999999999999996,0.0,0.0,0.0,0.0,0.0,4.0,4.0,4.0,0.0,0.0,0.0,0.0,0.0,0.0,0.0,4.0,4.0,4.0,0.0,0.0
20,4,8,5,0.2,0.2,0.3,dense,True,20,20,20,4,20,5,12,Plain DPA max token,validity_full_harmful_sequence_per_prompt,radius_derived,5,"0,10,20,30,40",0.0,0.0,0.0,0.0,0.0,1.0,1.0,1.0,0.0,0.0,5.35,4.5,6.0,0.8499999999999996,0.6500000000000004,5.5,4.5,6.5,1.0,1.0,4.0,4.0,4.0,0.0,0.0,6.4,5.0,7.0,1.4000000000000004,0.5999999999999996,0.0,0.0,0.0,0.0,0.0,4.0,4.0,4.0,0.0,0.0,0.0,0.0,0.0,0.0,0.0,4.0,4.0,4.0,0.0,0.0
20,4,8,5,0.2,0.2,0.3,dense,True,20,20,20,4,20,5,13,Plain DPA max token,validity_full_harmful_sequence_per_prompt,radius_derived,5,"0,10,20,30,40",0.0,0.0,0.0,0.0,0.0,1.0,1.0,1.0,0.0,0.0,5.35,4.5,6.0,0.8499999999999996,0.6500000000000004,5.5,4.5,6.5,1.0,1.0,4.0,4.0,4.0,0.0,0.0,6.4,5.0,7.0,1.4000000000000004,0.5999999999999996,0.0,0.0,0.0,0.0,0.0,4.0,4.0,4.0,0.0,0.0,0.0,0.0,0.0,0.0,0.0,4.0,4.0,4.0,0.0,0.0
20,4,8,5,0.2,0.2,0.3,dense,True,20,20,20,4,20,5,14,Plain DPA max token,validity_full_harmful_sequence_per_prompt,radius_derived,5,"0,10,20,30,40",0.0,0.0,0.0,0.0,0.0,1.0,1.0,1.0,0.0,0.0,5.35,4.5,6.0,0.8499999999999996,0.6500000000000004,5.5,4.5,6.5,1.0,1.0,4.0,4.0,4.0,0.0,0.0,6.4,5.0,7.0,1.4000000000000004,0.5999999999999996,0.0,0.0,0.0,0.0,0.0,4.0,4.0,4.0,0.0,0.0,0.0,0.0,0.0,0.0,0.0,4.0,4.0,4.0,0.0,0.0
20,4,8,5,0.2,0.2,0.3,dense,True,20,20,20,4,20,5,15,Plain DPA max token,validity_full_harmful_sequence_per_prompt,radius_derived,5,"0,10,20,30,40",0.0,0.0,0.0,0.0,0.0,1.0,1.0,1.0,0.0,0.0,5.35,4.5,6.0,0.8499999999999996,0.6500000000000004,5.5,4.5,6.5,1.0,1.0,4.0,4.0,4.0,0.0,0.0,6.4,5.0,7.0,1.4000000000000004,0.5999999999999996,0.0,0.0,0.0,0.0,0.0,4.0,4.0,4.0,0.0,0.0,0.0,0.0,0.0,0.0,0.0,4.0,4.0,4.0,0.0,0.0
20,4,8,5,0.2,0.2,0.3,dense,True,20,20,20,4,20,5,16,Plain DPA max token,validity_full_harmful_sequence_per_prompt,radius_derived,5,"0,10,20,30,40",0.0,0.0,0.0,0.0,0.0,1.0,1.0,1.0,0.0,0.0,5.35,4.5,6.0,0.8499999999999996,0.6500000000000004,5.5,4.5,6.5,1.0,1.0,4.0,4.0,4.0,0.0,0.0,6.4,5.0,7.0,1.4000000000000004,0.5999999999999996,0.0,0.0,0.0,0.0,0.0,4.0,4.0,4.0,0.0,0.0,0.0,0.0,0.0,0.0,0.0,4.0,4.0,4.0,0.0,0.0
20,4,8,5,0.2,0.2,0.3,dense,True,20,20,20,4,20,5,17,Plain DPA max token,validity_full_harmful_sequence_per_prompt,radius_derived,5,"0,10,20,30,40",0.0,0.0,0.0,0.0,0.0,1.0,1.0,1.0,0.0,0.0,5.35,4.5,6.0,0.8499999999999996,0.6500000000000004,5.5,4.5,6.5,1.0,1.0,4.0,4.0,4.0,0.0,0.0,6.4,5.0,7.0,1.4000000000000004,0.5999999999999996,0.0,0.0,0.0,0.0,0.0,4.0,4.0,4.0,0.0,0.0,0.0,0.0,0.0,0.0,0.0,4.0,4.0,4.0,0.0,0.0
20,4,8,5,0.2,0.2,0.3,dense,True,20,20,20,4,20,5,18,Plain DPA max token,validity_full_harmful_sequence_per_prompt,radius_derived,5,"0,10,20,30,40",0.0,0.0,0.0,0.0,0.0,1.0,1.0,1.0,0.0,0.0,5.35,4.5,6.0,0.8499999999999996,0.6500000000000004,5.5,4.5,6.5,1.0,1.0,4.0,4.0,4.0,0.0,0.0,6.4,5.0,7.0,1.4000000000000004,0.5999999999999996,0.0,0.0,0.0,0.0,0.0,4.0,4.0,4.0,0.0,0.0,0.0,0.0,0.0,0.0,0.0,4.0,4.0,4.0,0.0,0.0
20,4,8,5,0.2,0.2,0.3,dense,True,20,20,20,4,20,5,19,Plain DPA max token,validity_full_harmful_sequence_per_prompt,radius_derived,5,"0,10,20,30,40",0.0,0.0,0.0,0.0,0.0,1.0,1.0,1.0,0.0,0.0,5.35,4.5,6.0,0.8499999999999996,0.6500000000000004,5.5,4.5,6.5,1.0,1.0,4.0,4.0,4.0,0.0,0.0,6.4,5.0,7.0,1.4000000000000004,0.5999999999999996,0.0,0.0,0.0,0.0,0.0,4.0,4.0,4.0,0.0,0.0,0.0,0.0,0.0,0.0,0.0,4.0,4.0,4.0,0.0,0.0
20,4,8,5,0.2,0.2,0.3,dense,True,20,20,20,4,20,5,20,Plain DPA max token,validity_full_harmful_sequence_per_prompt,radius_derived,5,"0,10,20,30,40",0.0,0.0,0.0,0.0,0.0,1.0,1.0,1.0,0.0,0.0,5.35,4.5,6.0,0.8499999999999996,0.6500000000000004,5.5,4.5,6.5,1.0,1.0,4.0,4.0,4.0,0.0,0.0,6.4,5.0,7.0,1.4000000000000004,0.5999999999999996,0.0,0.0,0.0,0.0,0.0,4.0,4.0,4.0,0.0,0.0,0.0,0.0,0.0,0.0,0.0,4.0,4.0,4.0,0.0,0.0
20,4,8,5,0.2,0.2,0.3,dense,True,20,20,20,4,20,5,0,Shard-aware weakest-token diagnostic,weakest_harmful_token_not_full_sequence_validity,radius_derived,5,"0,10,20,30,40",0.3,0.0,0.5,0.3,0.2,0.7,0.5,1.0,0.19999999999999996,0.30000000000000004,0.3,0.0,0.5,0.3,0.2,0.2,0.0,0.5,0.2,0.3,0.0,0.0,0.0,0.0,0.0,0.8,0.0,1.0,0.8,0.19999999999999996,1.2,0.0,2.0,1.2,0.8,4.0,4.0,4.0,0.0,0.0,0.0,0.0,0.0,0.0,0.0,4.0,4.0,4.0,0.0,0.0
20,4,8,5,0.2,0.2,0.3,dense,True,20,20,20,4,20,5,1,Shard-aware weakest-token diagnostic,weakest_harmful_token_not_full_sequence_validity,radius_derived,5,"0,10,20,30,40",0.0,0.0,0.0,0.0,0.0,1.0,1.0,1.0,0.0,0.0,0.3,0.0,0.5,0.3,0.2,0.2,0.0,0.5,0.2,0.3,0.0,0.0,0.0,0.0,0.0,0.8,0.0,1.0,0.8,0.19999999999999996,0.0,0.0,0.0,0.0,0.0,4.0,4.0,4.0,0.0,0.0,0.0,0.0,0.0,0.0,0.0,4.0,4.0,4.0,0.0,0.0
20,4,8,5,0.2,0.2,0.3,dense,True,20,20,20,4,20,5,2,Shard-aware weakest-token diagnostic,weakest_harmful_token_not_full_sequence_validity,radius_derived,5,"0,10,20,30,40",0.0,0.0,0.0,0.0,0.0,1.0,1.0,1.0,0.0,0.0,0.3,0.0,0.5,0.3,0.2,0.2,0.0,0.5,0.2,0.3,0.0,0.0,0.0,0.0,0.0,0.8,0.0,1.0,0.8,0.19999999999999996,0.0,0.0,0.0,0.0,0.0,4.0,4.0,4.0,0.0,0.0,0.0,0.0,0.0,0.0,0.0,4.0,4.0,4.0,0.0,0.0
20,4,8,5,0.2,0.2,0.3,dense,True,20,20,20,4,20,5,3,Shard-aware weakest-token diagnostic,weakest_harmful_token_not_full_sequence_validity,radius_derived,5,"0,10,20,30,40",0.0,0.0,0.0,0.0,0.0,1.0,1.0,1.0,0.0,0.0,0.3,0.0,0.5,0.3,0.2,0.2,0.0,0.5,0.2,0.3,0.0,0.0,0.0,0.0,0.0,0.8,0.0,1.0,0.8,0.19999999999999996,0.0,0.0,0.0,0.0,0.0,4.0,4.0,4.0,0.0,0.0,0.0,0.0,0.0,0.0,0.0,4.0,4.0,4.0,0.0,0.0
20,4,8,5,0.2,0.2,0.3,dense,True,20,20,20,4,20,5,4,Shard-aware weakest-token diagnostic,weakest_harmful_token_not_full_sequence_validity,radius_derived,5,"0,10,20,30,40",0.0,0.0,0.0,0.0,0.0,1.0,1.0,1.0,0.0,0.0,0.3,0.0,0.5,0.3,0.2,0.2,0.0,0.5,0.2,0.3,0.0,0.0,0.0,0.0,0.0,0.8,0.0,1.0,0.8,0.19999999999999996,0.0,0.0,0.0,0.0,0.0,4.0,4.0,4.0,0.0,0.0,0.0,0.0,0.0,0.0,0.0,4.0,4.0,4.0,0.0,0.0
20,4,8,5,0.2,0.2,0.3,dense,True,20,20,20,4,20,5,5,Shard-aware weakest-token diagnostic,weakest_harmful_token_not_full_sequence_validity,radius_derived,5,"0,10,20,30,40",0.0,0.0,0.0,0.0,0.0,1.0,1.0,1.0,0.0,0.0,0.3,0.0,0.5,0.3,0.2,0.2,0.0,0.5,0.2,0.3,0.0,0.0,0.0,0.0,0.0,0.8,0.0,1.0,0.8,0.19999999999999996,0.0,0.0,0.0,0.0,0.0,4.0,4.0,4.0,0.0,0.0,0.0,0.0,0.0,0.0,0.0,4.0,4.0,4.0,0.0,0.0
20,4,8,5,0.2,0.2,0.3,dense,True,20,20,20,4,20,5,6,Shard-aware weakest-token diagnostic,weakest_harmful_token_not_full_sequence_validity,radius_derived,5,"0,10,20,30,40",0.0,0.0,0.0,0.0,0.0,1.0,1.0,1.0,0.0,0.0,0.3,0.0,0.5,0.3,0.2,0.2,0.0,0.5,0.2,0.3,0.0,0.0,0.0,0.0,0.0,0.8,0.0,1.0,0.8,0.19999999999999996,0.0,0.0,0.0,0.0,0.0,4.0,4.0,4.0,0.0,0.0,0.0,0.0,0.0,0.0,0.0,4.0,4.0,4.0,0.0,0.0
20,4,8,5,0.2,0.2,0.3,dense,True,20,20,20,4,20,5,7,Shard-aware weakest-token diagnostic,weakest_harmful_token_not_full_sequence_validity,radius_derived,5,"0,10,20,30,40",0.0,0.0,0.0,0.0,0.0,1.0,1.0,1.0,0.0,0.0,0.3,0.0,0.5,0.3,0.2,0.2,0.0,0.5,0.2,0.3,0.0,0.0,0.0,0.0,0.0,0.8,0.0,1.0,0.8,0.19999999999999996,0.0,0.0,0.0,0.0,0.0,4.0,4.0,4.0,0.0,0.0,0.0,0.0,0.0,0.0,0.0,4.0,4.0,4.0,0.0,0.0
20,4,8,5,0.2,0.2,0.3,dense,True,20,20,20,4,20,5,8,Shard-aware weakest-token diagnostic,weakest_harmful_token_not_full_sequence_validity,radius_derived,5,"0,10,20,30,40",0.0,0.0,0.0,0.0,0.0,1.0,1.0,1.0,0.0,0.0,0.3,0.0,0.5,0.3,0.2,0.2,0.0,0.5,0.2,0.3,0.0,0.0,0.0,0.0,0.0,0.8,0.0,1.0,0.8,0.19999999999999996,0.0,0.0,0.0,0.0,0.0,4.0,4.0,4.0,0.0,0.0,0.0,0.0,0.0,0.0,0.0,4.0,4.0,4.0,0.0,0.0
20,4,8,5,0.2,0.2,0.3,dense,True,20,20,20,4,20,5,9,Shard-aware weakest-token diagnostic,weakest_harmful_token_not_full_sequence_validity,radius_derived,5,"0,10,20,30,40",0.0,0.0,0.0,0.0,0.0,1.0,1.0,1.0,0.0,0.0,0.3,0.0,0.5,0.3,0.2,0.2,0.0,0.5,0.2,0.3,0.0,0.0,0.0,0.0,0.0,0.8,0.0,1.0,0.8,0.19999999999999996,0.0,0.0,0.0,0.0,0.0,4.0,4.0,4.0,0.0,0.0,0.0,0.0,0.0,0.0,0.0,4.0,4.0,4.0,0.0,0.0
20,4,8,5,0.2,0.2,0.3,dense,True,20,20,20,4,20,5,10,Shard-aware weakest-token diagnostic,weakest_harmful_token_not_full_sequence_validity,radius_derived,5,"0,10,20,30,40",0.0,0.0,0.0,0.0,0.0,1.0,1.0,1.0,0.0,0.0,0.3,0.0,0.5,0.3,0.2,0.2,0.0,0.5,0.2,0.3,0.0,0.0,0.0,0.0,0.0,0.8,0.0,1.0,0.8,0.19999999999999996,0.0,0.0,0.0,0.0,0.0,4.0,4.0,4.0,0.0,0.0,0.0,0.0,0.0,0.0,0.0,4.0,4.0,4.0,0.0,0.0
20,4,8,5,0.2,0.2,0.3,dense,True,20,20,20,4,20,5,11,Shard-aware weakest-token diagnostic,weakest_harmful_token_not_full_sequence_validity,radius_derived,5,"0,10,20,30,40",0.0,0.0,0.0,0.0,0.0,1.0,1.0,1.0,0.0,0.0,0.3,0.0,0.5,0.3,0.2,0.2,0.0,0.5,0.2,0.3,0.0,0.0,0.0,0.0,0.0,0.8,0.0,1.0,0.8,0.19999999999999996,0.0,0.0,0.0,0.0,0.0,4.0,4.0,4.0,0.0,0.0,0.0,0.0,0.0,0.0,0.0,4.0,4.0,4.0,0.0,0.0
20,4,8,5,0.2,0.2,0.3,dense,True,20,20,20,4,20,5,12,Shard-aware weakest-token diagnostic,weakest_harmful_token_not_full_sequence_validity,radius_derived,5,"0,10,20,30,40",0.0,0.0,0.0,0.0,0.0,1.0,1.0,1.0,0.0,0.0,0.3,0.0,0.5,0.3,0.2,0.2,0.0,0.5,0.2,0.3,0.0,0.0,0.0,0.0,0.0,0.8,0.0,1.0,0.8,0.19999999999999996,0.0,0.0,0.0,0.0,0.0,4.0,4.0,4.0,0.0,0.0,0.0,0.0,0.0,0.0,0.0,4.0,4.0,4.0,0.0,0.0
20,4,8,5,0.2,0.2,0.3,dense,True,20,20,20,4,20,5,13,Shard-aware weakest-token diagnostic,weakest_harmful_token_not_full_sequence_validity,radius_derived,5,"0,10,20,30,40",0.0,0.0,0.0,0.0,0.0,1.0,1.0,1.0,0.0,0.0,0.3,0.0,0.5,0.3,0.2,0.2,0.0,0.5,0.2,0.3,0.0,0.0,0.0,0.0,0.0,0.8,0.0,1.0,0.8,0.19999999999999996,0.0,0.0,0.0,0.0,0.0,4.0,4.0,4.0,0.0,0.0,0.0,0.0,0.0,0.0,0.0,4.0,4.0,4.0,0.0,0.0
20,4,8,5,0.2,0.2,0.3,dense,True,20,20,20,4,20,5,14,Shard-aware weakest-token diagnostic,weakest_harmful_token_not_full_sequence_validity,radius_derived,5,"0,10,20,30,40",0.0,0.0,0.0,0.0,0.0,1.0,1.0,1.0,0.0,0.0,0.3,0.0,0.5,0.3,0.2,0.2,0.0,0.5,0.2,0.3,0.0,0.0,0.0,0.0,0.0,0.8,0.0,1.0,0.8,0.19999999999999996,0.0,0.0,0.0,0.0,0.0,4.0,4.0,4.0,0.0,0.0,0.0,0.0,0.0,0.0,0.0,4.0,4.0,4.0,0.0,0.0
20,4,8,5,0.2,0.2,0.3,dense,True,20,20,20,4,20,5,15,Shard-aware weakest-token diagnostic,weakest_harmful_token_not_full_sequence_validity,radius_derived,5,"0,10,20,30,40",0.0,0.0,0.0,0.0,0.0,1.0,1.0,1.0,0.0,0.0,0.3,0.0,0.5,0.3,0.2,0.2,0.0,0.5,0.2,0.3,0.0,0.0,0.0,0.0,0.0,0.8,0.0,1.0,0.8,0.19999999999999996,0.0,0.0,0.0,0.0,0.0,4.0,4.0,4.0,0.0,0.0,0.0,0.0,0.0,0.0,0.0,4.0,4.0,4.0,0.0,0.0
20,4,8,5,0.2,0.2,0.3,dense,True,20,20,20,4,20,5,16,Shard-aware weakest-token diagnostic,weakest_harmful_token_not_full_sequence_validity,radius_derived,5,"0,10,20,30,40",0.0,0.0,0.0,0.0,0.0,1.0,1.0,1.0,0.0,0.0,0.3,0.0,0.5,0.3,0.2,0.2,0.0,0.5,0.2,0.3,0.0,0.0,0.0,0.0,0.0,0.8,0.0,1.0,0.8,0.19999999999999996,0.0,0.0,0.0,0.0,0.0,4.0,4.0,4.0,0.0,0.0,0.0,0.0,0.0,0.0,0.0,4.0,4.0,4.0,0.0,0.0
20,4,8,5,0.2,0.2,0.3,dense,True,20,20,20,4,20,5,17,Shard-aware weakest-token diagnostic,weakest_harmful_token_not_full_sequence_validity,radius_derived,5,"0,10,20,30,40",0.0,0.0,0.0,0.0,0.0,1.0,1.0,1.0,0.0,0.0,0.3,0.0,0.5,0.3,0.2,0.2,0.0,0.5,0.2,0.3,0.0,0.0,0.0,0.0,0.0,0.8,0.0,1.0,0.8,0.19999999999999996,0.0,0.0,0.0,0.0,0.0,4.0,4.0,4.0,0.0,0.0,0.0,0.0,0.0,0.0,0.0,4.0,4.0,4.0,0.0,0.0
20,4,8,5,0.2,0.2,0.3,dense,True,20,20,20,4,20,5,18,Shard-aware weakest-token diagnostic,weakest_harmful_token_not_full_sequence_validity,radius_derived,5,"0,10,20,30,40",0.0,0.0,0.0,0.0,0.0,1.0,1.0,1.0,0.0,0.0,0.3,0.0,0.5,0.3,0.2,0.2,0.0,0.5,0.2,0.3,0.0,0.0,0.0,0.0,0.0,0.8,0.0,1.0,0.8,0.19999999999999996,0.0,0.0,0.0,0.0,0.0,4.0,4.0,4.0,0.0,0.0,0.0,0.0,0.0,0.0,0.0,4.0,4.0,4.0,0.0,0.0
20,4,8,5,0.2,0.2,0.3,dense,True,20,20,20,4,20,5,19,Shard-aware weakest-token diagnostic,weakest_harmful_token_not_full_sequence_validity,radius_derived,5,"0,10,20,30,40",0.0,0.0,0.0,0.0,0.0,1.0,1.0,1.0,0.0,0.0,0.3,0.0,0.5,0.3,0.2,0.2,0.0,0.5,0.2,0.3,0.0,0.0,0.0,0.0,0.0,0.8,0.0,1.0,0.8,0.19999999999999996,0.0,0.0,0.0,0.0,0.0,4.0,4.0,4.0,0.0,0.0,0.0,0.0,0.0,0.0,0.0,4.0,4.0,4.0,0.0,0.0
20,4,8,5,0.2,0.2,0.3,dense,True,20,20,20,4,20,5,20,Shard-aware weakest-token diagnostic,weakest_harmful_token_not_full_sequence_validity,radius_derived,5,"0,10,20,30,40",0.0,0.0,0.0,0.0,0.0,1.0,1.0,1.0,0.0,0.0,0.3,0.0,0.5,0.3,0.2,0.2,0.0,0.5,0.2,0.3,0.0,0.0,0.0,0.0,0.0,0.8,0.0,1.0,0.8,0.19999999999999996,0.0,0.0,0.0,0.0,0.0,4.0,4.0,4.0,0.0,0.0,0.0,0.0,0.0,0.0,0.0,4.0,4.0,4.0,0.0,0.0
20,4,8,5,0.2,0.2,0.3,dense,True,20,20,20,4,20,5,0,Shard-aware independent max-token diagnostic,most_difficult_harmful_token_not_full_sequence_validity,radius_derived,5,"0,10,20,30,40",1.0,1.0,1.0,0.0,0.0,0.0,0.0,0.0,0.0,0.0,5.35,4.5,6.0,0.8499999999999996,0.6500000000000004,5.5,4.5,6.5,1.0,1.0,4.0,4.0,4.0,0.0,0.0,6.4,5.0,7.0,1.4000000000000004,0.5999999999999996,4.0,4.0,4.0,0.0,0.0,4.0,4.0,4.0,0.0,0.0,0.0,0.0,0.0,0.0,0.0,4.0,4.0,4.0,0.0,0.0
20,4,8,5,0.2,0.2,0.3,dense,True,20,20,20,4,20,5,1,Shard-aware independent max-token diagnostic,most_difficult_harmful_token_not_full_sequence_validity,radius_derived,5,"0,10,20,30,40",1.0,1.0,1.0,0.0,0.0,0.0,0.0,0.0,0.0,0.0,5.35,4.5,6.0,0.8499999999999996,0.6500000000000004,5.5,4.5,6.5,1.0,1.0,4.0,4.0,4.0,0.0,0.0,6.4,5.0,7.0,1.4000000000000004,0.5999999999999996,4.0,4.0,4.0,0.0,0.0,4.0,4.0,4.0,0.0,0.0,0.0,0.0,0.0,0.0,0.0,4.0,4.0,4.0,0.0,0.0
20,4,8,5,0.2,0.2,0.3,dense,True,20,20,20,4,20,5,2,Shard-aware independent max-token diagnostic,most_difficult_harmful_token_not_full_sequence_validity,radius_derived,5,"0,10,20,30,40",1.0,1.0,1.0,0.0,0.0,0.0,0.0,0.0,0.0,0.0,5.35,4.5,6.0,0.8499999999999996,0.6500000000000004,5.5,4.5,6.5,1.0,1.0,4.0,4.0,4.0,0.0,0.0,6.4,5.0,7.0,1.4000000000000004,0.5999999999999996,4.0,4.0,4.0,0.0,0.0,4.0,4.0,4.0,0.0,0.0,0.0,0.0,0.0,0.0,0.0,4.0,4.0,4.0,0.0,0.0
20,4,8,5,0.2,0.2,0.3,dense,True,20,20,20,4,20,5,3,Shard-aware independent max-token diagnostic,most_difficult_harmful_token_not_full_sequence_validity,radius_derived,5,"0,10,20,30,40",1.0,1.0,1.0,0.0,0.0,0.0,0.0,0.0,0.0,0.0,5.35,4.5,6.0,0.8499999999999996,0.6500000000000004,5.5,4.5,6.5,1.0,1.0,4.0,4.0,4.0,0.0,0.0,6.4,5.0,7.0,1.4000000000000004,0.5999999999999996,4.0,4.0,4.0,0.0,0.0,4.0,4.0,4.0,0.0,0.0,0.0,0.0,0.0,0.0,0.0,4.0,4.0,4.0,0.0,0.0
20,4,8,5,0.2,0.2,0.3,dense,True,20,20,20,4,20,5,4,Shard-aware independent max-token diagnostic,most_difficult_harmful_token_not_full_sequence_validity,radius_derived,5,"0,10,20,30,40",0.7,0.5,0.75,0.19999999999999996,0.050000000000000044,0.3,0.25,0.5,0.04999999999999999,0.2,5.35,4.5,6.0,0.8499999999999996,0.6500000000000004,5.5,4.5,6.5,1.0,1.0,4.0,4.0,4.0,0.0,0.0,6.4,5.0,7.0,1.4000000000000004,0.5999999999999996,2.8,2.0,3.0,0.7999999999999998,0.20000000000000018,4.0,4.0,4.0,0.0,0.0,0.0,0.0,0.0,0.0,0.0,4.0,4.0,4.0,0.0,0.0
20,4,8,5,0.2,0.2,0.3,dense,True,20,20,20,4,20,5,5,Shard-aware independent max-token diagnostic,most_difficult_harmful_token_not_full_sequence_validity,radius_derived,5,"0,10,20,30,40",0.4,0.0,0.75,0.4,0.35,0.6,0.25,1.0,0.35,0.4,5.35,4.5,6.0,0.8499999999999996,0.6500000000000004,5.5,4.5,6.5,1.0,1.0,4.0,4.0,4.0,0.0,0.0,6.4,5.0,7.0,1.4000000000000004,0.5999999999999996,1.6,0.0,3.0,1.6,1.4,4.0,4.0,4.0,0.0,0.0,0.0,0.0,0.0,0.0,0.0,4.0,4.0,4.0,0.0,0.0
20,4,8,5,0.2,0.2,0.3,dense,True,20,20,20,4,20,5,6,Shard-aware independent max-token diagnostic,most_difficult_harmful_token_not_full_sequence_validity,radius_derived,5,"0,10,20,30,40",0.25,0.0,0.5,0.25,0.25,0.75,0.5,1.0,0.25,0.25,5.35,4.5,6.0,0.8499999999999996,0.6500000000000004,5.5,4.5,6.5,1.0,1.0,4.0,4.0,4.0,0.0,0.0,6.4,5.0,7.0,1.4000000000000004,0.5999999999999996,1.0,0.0,2.0,1.0,1.0,4.0,4.0,4.0,0.0,0.0,0.0,0.0,0.0,0.0,0.0,4.0,4.0,4.0,0.0,0.0
20,4,8,5,0.2,0.2,0.3,dense,True,20,20,20,4,20,5,7,Shard-aware independent max-token diagnostic,most_difficult_harmful_token_not_full_sequence_validity,radius_derived,5,"0,10,20,30,40",0.0,0.0,0.0,0.0,0.0,1.0,1.0,1.0,0.0,0.0,5.35,4.5,6.0,0.8499999999999996,0.6500000000000004,5.5,4.5,6.5,1.0,1.0,4.0,4.0,4.0,0.0,0.0,6.4,5.0,7.0,1.4000000000000004,0.5999999999999996,0.0,0.0,0.0,0.0,0.0,4.0,4.0,4.0,0.0,0.0,0.0,0.0,0.0,0.0,0.0,4.0,4.0,4.0,0.0,0.0
20,4,8,5,0.2,0.2,0.3,dense,True,20,20,20,4,20,5,8,Shard-aware independent max-token diagnostic,most_difficult_harmful_token_not_full_sequence_validity,radius_derived,5,"0,10,20,30,40",0.0,0.0,0.0,0.0,0.0,1.0,1.0,1.0,0.0,0.0,5.35,4.5,6.0,0.8499999999999996,0.6500000000000004,5.5,4.5,6.5,1.0,1.0,4.0,4.0,4.0,0.0,0.0,6.4,5.0,7.0,1.4000000000000004,0.5999999999999996,0.0,0.0,0.0,0.0,0.0,4.0,4.0,4.0,0.0,0.0,0.0,0.0,0.0,0.0,0.0,4.0,4.0,4.0,0.0,0.0
20,4,8,5,0.2,0.2,0.3,dense,True,20,20,20,4,20,5,9,Shard-aware independent max-token diagnostic,most_difficult_harmful_token_not_full_sequence_validity,radius_derived,5,"0,10,20,30,40",0.0,0.0,0.0,0.0,0.0,1.0,1.0,1.0,0.0,0.0,5.35,4.5,6.0,0.8499999999999996,0.6500000000000004,5.5,4.5,6.5,1.0,1.0,4.0,4.0,4.0,0.0,0.0,6.4,5.0,7.0,1.4000000000000004,0.5999999999999996,0.0,0.0,0.0,0.0,0.0,4.0,4.0,4.0,0.0,0.0,0.0,0.0,0.0,0.0,0.0,4.0,4.0,4.0,0.0,0.0
20,4,8,5,0.2,0.2,0.3,dense,True,20,20,20,4,20,5,10,Shard-aware independent max-token diagnostic,most_difficult_harmful_token_not_full_sequence_validity,radius_derived,5,"0,10,20,30,40",0.0,0.0,0.0,0.0,0.0,1.0,1.0,1.0,0.0,0.0,5.35,4.5,6.0,0.8499999999999996,0.6500000000000004,5.5,4.5,6.5,1.0,1.0,4.0,4.0,4.0,0.0,0.0,6.4,5.0,7.0,1.4000000000000004,0.5999999999999996,0.0,0.0,0.0,0.0,0.0,4.0,4.0,4.0,0.0,0.0,0.0,0.0,0.0,0.0,0.0,4.0,4.0,4.0,0.0,0.0
20,4,8,5,0.2,0.2,0.3,dense,True,20,20,20,4,20,5,11,Shard-aware independent max-token diagnostic,most_difficult_harmful_token_not_full_sequence_validity,radius_derived,5,"0,10,20,30,40",0.0,0.0,0.0,0.0,0.0,1.0,1.0,1.0,0.0,0.0,5.35,4.5,6.0,0.8499999999999996,0.6500000000000004,5.5,4.5,6.5,1.0,1.0,4.0,4.0,4.0,0.0,0.0,6.4,5.0,7.0,1.4000000000000004,0.5999999999999996,0.0,0.0,0.0,0.0,0.0,4.0,4.0,4.0,0.0,0.0,0.0,0.0,0.0,0.0,0.0,4.0,4.0,4.0,0.0,0.0
20,4,8,5,0.2,0.2,0.3,dense,True,20,20,20,4,20,5,12,Shard-aware independent max-token diagnostic,most_difficult_harmful_token_not_full_sequence_validity,radius_derived,5,"0,10,20,30,40",0.0,0.0,0.0,0.0,0.0,1.0,1.0,1.0,0.0,0.0,5.35,4.5,6.0,0.8499999999999996,0.6500000000000004,5.5,4.5,6.5,1.0,1.0,4.0,4.0,4.0,0.0,0.0,6.4,5.0,7.0,1.4000000000000004,0.5999999999999996,0.0,0.0,0.0,0.0,0.0,4.0,4.0,4.0,0.0,0.0,0.0,0.0,0.0,0.0,0.0,4.0,4.0,4.0,0.0,0.0
20,4,8,5,0.2,0.2,0.3,dense,True,20,20,20,4,20,5,13,Shard-aware independent max-token diagnostic,most_difficult_harmful_token_not_full_sequence_validity,radius_derived,5,"0,10,20,30,40",0.0,0.0,0.0,0.0,0.0,1.0,1.0,1.0,0.0,0.0,5.35,4.5,6.0,0.8499999999999996,0.6500000000000004,5.5,4.5,6.5,1.0,1.0,4.0,4.0,4.0,0.0,0.0,6.4,5.0,7.0,1.4000000000000004,0.5999999999999996,0.0,0.0,0.0,0.0,0.0,4.0,4.0,4.0,0.0,0.0,0.0,0.0,0.0,0.0,0.0,4.0,4.0,4.0,0.0,0.0
20,4,8,5,0.2,0.2,0.3,dense,True,20,20,20,4,20,5,14,Shard-aware independent max-token diagnostic,most_difficult_harmful_token_not_full_sequence_validity,radius_derived,5,"0,10,20,30,40",0.0,0.0,0.0,0.0,0.0,1.0,1.0,1.0,0.0,0.0,5.35,4.5,6.0,0.8499999999999996,0.6500000000000004,5.5,4.5,6.5,1.0,1.0,4.0,4.0,4.0,0.0,0.0,6.4,5.0,7.0,1.4000000000000004,0.5999999999999996,0.0,0.0,0.0,0.0,0.0,4.0,4.0,4.0,0.0,0.0,0.0,0.0,0.0,0.0,0.0,4.0,4.0,4.0,0.0,0.0
20,4,8,5,0.2,0.2,0.3,dense,True,20,20,20,4,20,5,15,Shard-aware independent max-token diagnostic,most_difficult_harmful_token_not_full_sequence_validity,radius_derived,5,"0,10,20,30,40",0.0,0.0,0.0,0.0,0.0,1.0,1.0,1.0,0.0,0.0,5.35,4.5,6.0,0.8499999999999996,0.6500000000000004,5.5,4.5,6.5,1.0,1.0,4.0,4.0,4.0,0.0,0.0,6.4,5.0,7.0,1.4000000000000004,0.5999999999999996,0.0,0.0,0.0,0.0,0.0,4.0,4.0,4.0,0.0,0.0,0.0,0.0,0.0,0.0,0.0,4.0,4.0,4.0,0.0,0.0
20,4,8,5,0.2,0.2,0.3,dense,True,20,20,20,4,20,5,16,Shard-aware independent max-token diagnostic,most_difficult_harmful_token_not_full_sequence_validity,radius_derived,5,"0,10,20,30,40",0.0,0.0,0.0,0.0,0.0,1.0,1.0,1.0,0.0,0.0,5.35,4.5,6.0,0.8499999999999996,0.6500000000000004,5.5,4.5,6.5,1.0,1.0,4.0,4.0,4.0,0.0,0.0,6.4,5.0,7.0,1.4000000000000004,0.5999999999999996,0.0,0.0,0.0,0.0,0.0,4.0,4.0,4.0,0.0,0.0,0.0,0.0,0.0,0.0,0.0,4.0,4.0,4.0,0.0,0.0
20,4,8,5,0.2,0.2,0.3,dense,True,20,20,20,4,20,5,17,Shard-aware independent max-token diagnostic,most_difficult_harmful_token_not_full_sequence_validity,radius_derived,5,"0,10,20,30,40",0.0,0.0,0.0,0.0,0.0,1.0,1.0,1.0,0.0,0.0,5.35,4.5,6.0,0.8499999999999996,0.6500000000000004,5.5,4.5,6.5,1.0,1.0,4.0,4.0,4.0,0.0,0.0,6.4,5.0,7.0,1.4000000000000004,0.5999999999999996,0.0,0.0,0.0,0.0,0.0,4.0,4.0,4.0,0.0,0.0,0.0,0.0,0.0,0.0,0.0,4.0,4.0,4.0,0.0,0.0
20,4,8,5,0.2,0.2,0.3,dense,True,20,20,20,4,20,5,18,Shard-aware independent max-token diagnostic,most_difficult_harmful_token_not_full_sequence_validity,radius_derived,5,"0,10,20,30,40",0.0,0.0,0.0,0.0,0.0,1.0,1.0,1.0,0.0,0.0,5.35,4.5,6.0,0.8499999999999996,0.6500000000000004,5.5,4.5,6.5,1.0,1.0,4.0,4.0,4.0,0.0,0.0,6.4,5.0,7.0,1.4000000000000004,0.5999999999999996,0.0,0.0,0.0,0.0,0.0,4.0,4.0,4.0,0.0,0.0,0.0,0.0,0.0,0.0,0.0,4.0,4.0,4.0,0.0,0.0
20,4,8,5,0.2,0.2,0.3,dense,True,20,20,20,4,20,5,19,Shard-aware independent max-token diagnostic,most_difficult_harmful_token_not_full_sequence_validity,radius_derived,5,"0,10,20,30,40",0.0,0.0,0.0,0.0,0.0,1.0,1.0,1.0,0.0,0.0,5.35,4.5,6.0,0.8499999999999996,0.6500000000000004,5.5,4.5,6.5,1.0,1.0,4.0,4.0,4.0,0.0,0.0,6.4,5.0,7.0,1.4000000000000004,0.5999999999999996,0.0,0.0,0.0,0.0,0.0,4.0,4.0,4.0,0.0,0.0,0.0,0.0,0.0,0.0,0.0,4.0,4.0,4.0,0.0,0.0
20,4,8,5,0.2,0.2,0.3,dense,True,20,20,20,4,20,5,20,Shard-aware independent max-token diagnostic,most_difficult_harmful_token_not_full_sequence_validity,radius_derived,5,"0,10,20,30,40",0.0,0.0,0.0,0.0,0.0,1.0,1.0,1.0,0.0,0.0,5.35,4.5,6.0,0.8499999999999996,0.6500000000000004,5.5,4.5,6.5,1.0,1.0,4.0,4.0,4.0,0.0,0.0,6.4,5.0,7.0,1.4000000000000004,0.5999999999999996,0.0,0.0,0.0,0.0,0.0,4.0,4.0,4.0,0.0,0.0,0.0,0.0,0.0,0.0,0.0,4.0,4.0,4.0,0.0,0.0
20,4,8,5,0.2,0.2,0.3,dense,True,20,20,20,4,20,5,0,TPA max-token phrase baseline,validity_full_harmful_sequence_per_prompt,radius_derived,5,"0,10,20,30,40",1.0,1.0,1.0,0.0,0.0,0.0,0.0,0.0,0.0,0.0,5.35,4.5,6.0,0.8499999999999996,0.6500000000000004,5.5,4.5,6.5,1.0,1.0,4.0,4.0,4.0,0.0,0.0,6.4,5.0,7.0,1.4000000000000004,0.5999999999999996,4.0,4.0,4.0,0.0,0.0,4.0,4.0,4.0,0.0,0.0,0.0,0.0,0.0,0.0,0.0,4.0,4.0,4.0,0.0,0.0
20,4,8,5,0.2,0.2,0.3,dense,True,20,20,20,4,20,5,1,TPA max-token phrase baseline,validity_full_harmful_sequence_per_prompt,radius_derived,5,"0,10,20,30,40",1.0,1.0,1.0,0.0,0.0,0.0,0.0,0.0,0.0,0.0,5.35,4.5,6.0,0.8499999999999996,0.6500000000000004,5.5,4.5,6.5,1.0,1.0,4.0,4.0,4.0,0.0,0.0,6.4,5.0,7.0,1.4000000000000004,0.5999999999999996,4.0,4.0,4.0,0.0,0.0,4.0,4.0,4.0,0.0,0.0,0.0,0.0,0.0,0.0,0.0,4.0,4.0,4.0,0.0,0.0
20,4,8,5,0.2,0.2,0.3,dense,True,20,20,20,4,20,5,2,TPA max-token phrase baseline,validity_full_harmful_sequence_per_prompt,radius_derived,5,"0,10,20,30,40",1.0,1.0,1.0,0.0,0.0,0.0,0.0,0.0,0.0,0.0,5.35,4.5,6.0,0.8499999999999996,0.6500000000000004,5.5,4.5,6.5,1.0,1.0,4.0,4.0,4.0,0.0,0.0,6.4,5.0,7.0,1.4000000000000004,0.5999999999999996,4.0,4.0,4.0,0.0,0.0,4.0,4.0,4.0,0.0,0.0,0.0,0.0,0.0,0.0,0.0,4.0,4.0,4.0,0.0,0.0
20,4,8,5,0.2,0.2,0.3,dense,True,20,20,20,4,20,5,3,TPA max-token phrase baseline,validity_full_harmful_sequence_per_prompt,radius_derived,5,"0,10,20,30,40",1.0,1.0,1.0,0.0,0.0,0.0,0.0,0.0,0.0,0.0,5.35,4.5,6.0,0.8499999999999996,0.6500000000000004,5.5,4.5,6.5,1.0,1.0,4.0,4.0,4.0,0.0,0.0,6.4,5.0,7.0,1.4000000000000004,0.5999999999999996,4.0,4.0,4.0,0.0,0.0,4.0,4.0,4.0,0.0,0.0,0.0,0.0,0.0,0.0,0.0,4.0,4.0,4.0,0.0,0.0
20,4,8,5,0.2,0.2,0.3,dense,True,20,20,20,4,20,5,4,TPA max-token phrase baseline,validity_full_harmful_sequence_per_prompt,radius_derived,5,"0,10,20,30,40",0.7,0.5,0.75,0.19999999999999996,0.050000000000000044,0.3,0.25,0.5,0.04999999999999999,0.2,5.35,4.5,6.0,0.8499999999999996,0.6500000000000004,5.5,4.5,6.5,1.0,1.0,4.0,4.0,4.0,0.0,0.0,6.4,5.0,7.0,1.4000000000000004,0.5999999999999996,2.8,2.0,3.0,0.7999999999999998,0.20000000000000018,4.0,4.0,4.0,0.0,0.0,0.0,0.0,0.0,0.0,0.0,4.0,4.0,4.0,0.0,0.0
20,4,8,5,0.2,0.2,0.3,dense,True,20,20,20,4,20,5,5,TPA max-token phrase baseline,validity_full_harmful_sequence_per_prompt,radius_derived,5,"0,10,20,30,40",0.4,0.0,0.75,0.4,0.35,0.6,0.25,1.0,0.35,0.4,5.35,4.5,6.0,0.8499999999999996,0.6500000000000004,5.5,4.5,6.5,1.0,1.0,4.0,4.0,4.0,0.0,0.0,6.4,5.0,7.0,1.4000000000000004,0.5999999999999996,1.6,0.0,3.0,1.6,1.4,4.0,4.0,4.0,0.0,0.0,0.0,0.0,0.0,0.0,0.0,4.0,4.0,4.0,0.0,0.0
20,4,8,5,0.2,0.2,0.3,dense,True,20,20,20,4,20,5,6,TPA max-token phrase baseline,validity_full_harmful_sequence_per_prompt,radius_derived,5,"0,10,20,30,40",0.25,0.0,0.5,0.25,0.25,0.75,0.5,1.0,0.25,0.25,5.35,4.5,6.0,0.8499999999999996,0.6500000000000004,5.5,4.5,6.5,1.0,1.0,4.0,4.0,4.0,0.0,0.0,6.4,5.0,7.0,1.4000000000000004,0.5999999999999996,1.0,0.0,2.0,1.0,1.0,4.0,4.0,4.0,0.0,0.0,0.0,0.0,0.0,0.0,0.0,4.0,4.0,4.0,0.0,0.0
20,4,8,5,0.2,0.2,0.3,dense,True,20,20,20,4,20,5,7,TPA max-token phrase baseline,validity_full_harmful_sequence_per_prompt,radius_derived,5,"0,10,20,30,40",0.0,0.0,0.0,0.0,0.0,1.0,1.0,1.0,0.0,0.0,5.35,4.5,6.0,0.8499999999999996,0.6500000000000004,5.5,4.5,6.5,1.0,1.0,4.0,4.0,4.0,0.0,0.0,6.4,5.0,7.0,1.4000000000000004,0.5999999999999996,0.0,0.0,0.0,0.0,0.0,4.0,4.0,4.0,0.0,0.0,0.0,0.0,0.0,0.0,0.0,4.0,4.0,4.0,0.0,0.0
20,4,8,5,0.2,0.2,0.3,dense,True,20,20,20,4,20,5,8,TPA max-token phrase baseline,validity_full_harmful_sequence_per_prompt,radius_derived,5,"0,10,20,30,40",0.0,0.0,0.0,0.0,0.0,1.0,1.0,1.0,0.0,0.0,5.35,4.5,6.0,0.8499999999999996,0.6500000000000004,5.5,4.5,6.5,1.0,1.0,4.0,4.0,4.0,0.0,0.0,6.4,5.0,7.0,1.4000000000000004,0.5999999999999996,0.0,0.0,0.0,0.0,0.0,4.0,4.0,4.0,0.0,0.0,0.0,0.0,0.0,0.0,0.0,4.0,4.0,4.0,0.0,0.0
20,4,8,5,0.2,0.2,0.3,dense,True,20,20,20,4,20,5,9,TPA max-token phrase baseline,validity_full_harmful_sequence_per_prompt,radius_derived,5,"0,10,20,30,40",0.0,0.0,0.0,0.0,0.0,1.0,1.0,1.0,0.0,0.0,5.35,4.5,6.0,0.8499999999999996,0.6500000000000004,5.5,4.5,6.5,1.0,1.0,4.0,4.0,4.0,0.0,0.0,6.4,5.0,7.0,1.4000000000000004,0.5999999999999996,0.0,0.0,0.0,0.0,0.0,4.0,4.0,4.0,0.0,0.0,0.0,0.0,0.0,0.0,0.0,4.0,4.0,4.0,0.0,0.0
20,4,8,5,0.2,0.2,0.3,dense,True,20,20,20,4,20,5,10,TPA max-token phrase baseline,validity_full_harmful_sequence_per_prompt,radius_derived,5,"0,10,20,30,40",0.0,0.0,0.0,0.0,0.0,1.0,1.0,1.0,0.0,0.0,5.35,4.5,6.0,0.8499999999999996,0.6500000000000004,5.5,4.5,6.5,1.0,1.0,4.0,4.0,4.0,0.0,0.0,6.4,5.0,7.0,1.4000000000000004,0.5999999999999996,0.0,0.0,0.0,0.0,0.0,4.0,4.0,4.0,0.0,0.0,0.0,0.0,0.0,0.0,0.0,4.0,4.0,4.0,0.0,0.0
20,4,8,5,0.2,0.2,0.3,dense,True,20,20,20,4,20,5,11,TPA max-token phrase baseline,validity_full_harmful_sequence_per_prompt,radius_derived,5,"0,10,20,30,40",0.0,0.0,0.0,0.0,0.0,1.0,1.0,1.0,0.0,0.0,5.35,4.5,6.0,0.8499999999999996,0.6500000000000004,5.5,4.5,6.5,1.0,1.0,4.0,4.0,4.0,0.0,0.0,6.4,5.0,7.0,1.4000000000000004,0.5999999999999996,0.0,0.0,0.0,0.0,0.0,4.0,4.0,4.0,0.0,0.0,0.0,0.0,0.0,0.0,0.0,4.0,4.0,4.0,0.0,0.0
20,4,8,5,0.2,0.2,0.3,dense,True,20,20,20,4,20,5,12,TPA max-token phrase baseline,validity_full_harmful_sequence_per_prompt,radius_derived,5,"0,10,20,30,40",0.0,0.0,0.0,0.0,0.0,1.0,1.0,1.0,0.0,0.0,5.35,4.5,6.0,0.8499999999999996,0.6500000000000004,5.5,4.5,6.5,1.0,1.0,4.0,4.0,4.0,0.0,0.0,6.4,5.0,7.0,1.4000000000000004,0.5999999999999996,0.0,0.0,0.0,0.0,0.0,4.0,4.0,4.0,0.0,0.0,0.0,0.0,0.0,0.0,0.0,4.0,4.0,4.0,0.0,0.0
20,4,8,5,0.2,0.2,0.3,dense,True,20,20,20,4,20,5,13,TPA max-token phrase baseline,validity_full_harmful_sequence_per_prompt,radius_derived,5,"0,10,20,30,40",0.0,0.0,0.0,0.0,0.0,1.0,1.0,1.0,0.0,0.0,5.35,4.5,6.0,0.8499999999999996,0.6500000000000004,5.5,4.5,6.5,1.0,1.0,4.0,4.0,4.0,0.0,0.0,6.4,5.0,7.0,1.4000000000000004,0.5999999999999996,0.0,0.0,0.0,0.0,0.0,4.0,4.0,4.0,0.0,0.0,0.0,0.0,0.0,0.0,0.0,4.0,4.0,4.0,0.0,0.0
20,4,8,5,0.2,0.2,0.3,dense,True,20,20,20,4,20,5,14,TPA max-token phrase baseline,validity_full_harmful_sequence_per_prompt,radius_derived,5,"0,10,20,30,40",0.0,0.0,0.0,0.0,0.0,1.0,1.0,1.0,0.0,0.0,5.35,4.5,6.0,0.8499999999999996,0.6500000000000004,5.5,4.5,6.5,1.0,1.0,4.0,4.0,4.0,0.0,0.0,6.4,5.0,7.0,1.4000000000000004,0.5999999999999996,0.0,0.0,0.0,0.0,0.0,4.0,4.0,4.0,0.0,0.0,0.0,0.0,0.0,0.0,0.0,4.0,4.0,4.0,0.0,0.0
20,4,8,5,0.2,0.2,0.3,dense,True,20,20,20,4,20,5,15,TPA max-token phrase baseline,validity_full_harmful_sequence_per_prompt,radius_derived,5,"0,10,20,30,40",0.0,0.0,0.0,0.0,0.0,1.0,1.0,1.0,0.0,0.0,5.35,4.5,6.0,0.8499999999999996,0.6500000000000004,5.5,4.5,6.5,1.0,1.0,4.0,4.0,4.0,0.0,0.0,6.4,5.0,7.0,1.4000000000000004,0.5999999999999996,0.0,0.0,0.0,0.0,0.0,4.0,4.0,4.0,0.0,0.0,0.0,0.0,0.0,0.0,0.0,4.0,4.0,4.0,0.0,0.0
20,4,8,5,0.2,0.2,0.3,dense,True,20,20,20,4,20,5,16,TPA max-token phrase baseline,validity_full_harmful_sequence_per_prompt,radius_derived,5,"0,10,20,30,40",0.0,0.0,0.0,0.0,0.0,1.0,1.0,1.0,0.0,0.0,5.35,4.5,6.0,0.8499999999999996,0.6500000000000004,5.5,4.5,6.5,1.0,1.0,4.0,4.0,4.0,0.0,0.0,6.4,5.0,7.0,1.4000000000000004,0.5999999999999996,0.0,0.0,0.0,0.0,0.0,4.0,4.0,4.0,0.0,0.0,0.0,0.0,0.0,0.0,0.0,4.0,4.0,4.0,0.0,0.0
20,4,8,5,0.2,0.2,0.3,dense,True,20,20,20,4,20,5,17,TPA max-token phrase baseline,validity_full_harmful_sequence_per_prompt,radius_derived,5,"0,10,20,30,40",0.0,0.0,0.0,0.0,0.0,1.0,1.0,1.0,0.0,0.0,5.35,4.5,6.0,0.8499999999999996,0.6500000000000004,5.5,4.5,6.5,1.0,1.0,4.0,4.0,4.0,0.0,0.0,6.4,5.0,7.0,1.4000000000000004,0.5999999999999996,0.0,0.0,0.0,0.0,0.0,4.0,4.0,4.0,0.0,0.0,0.0,0.0,0.0,0.0,0.0,4.0,4.0,4.0,0.0,0.0
20,4,8,5,0.2,0.2,0.3,dense,True,20,20,20,4,20,5,18,TPA max-token phrase baseline,validity_full_harmful_sequence_per_prompt,radius_derived,5,"0,10,20,30,40",0.0,0.0,0.0,0.0,0.0,1.0,1.0,1.0,0.0,0.0,5.35,4.5,6.0,0.8499999999999996,0.6500000000000004,5.5,4.5,6.5,1.0,1.0,4.0,4.0,4.0,0.0,0.0,6.4,5.0,7.0,1.4000000000000004,0.5999999999999996,0.0,0.0,0.0,0.0,0.0,4.0,4.0,4.0,0.0,0.0,0.0,0.0,0.0,0.0,0.0,4.0,4.0,4.0,0.0,0.0
20,4,8,5,0.2,0.2,0.3,dense,True,20,20,20,4,20,5,19,TPA max-token phrase baseline,validity_full_harmful_sequence_per_prompt,radius_derived,5,"0,10,20,30,40",0.0,0.0,0.0,0.0,0.0,1.0,1.0,1.0,0.0,0.0,5.35,4.5,6.0,0.8499999999999996,0.6500000000000004,5.5,4.5,6.5,1.0,1.0,4.0,4.0,4.0,0.0,0.0,6.4,5.0,7.0,1.4000000000000004,0.5999999999999996,0.0,0.0,0.0,0.0,0.0,4.0,4.0,4.0,0.0,0.0,0.0,0.0,0.0,0.0,0.0,4.0,4.0,4.0,0.0,0.0
20,4,8,5,0.2,0.2,0.3,dense,True,20,20,20,4,20,5,20,TPA max-token phrase baseline,validity_full_harmful_sequence_per_prompt,radius_derived,5,"0,10,20,30,40",0.0,0.0,0.0,0.0,0.0,1.0,1.0,1.0,0.0,0.0,5.35,4.5,6.0,0.8499999999999996,0.6500000000000004,5.5,4.5,6.5,1.0,1.0,4.0,4.0,4.0,0.0,0.0,6.4,5.0,7.0,1.4000000000000004,0.5999999999999996,0.0,0.0,0.0,0.0,0.0,4.0,4.0,4.0,0.0,0.0,0.0,0.0,0.0,0.0,0.0,4.0,4.0,4.0,0.0,0.0
20,4,8,5,0.2,0.2,0.3,dense,True,20,20,20,4,20,5,0,Shared MILP,validity_full_harmful_sequence_per_prompt,radius_derived,5,"0,10,20,30,40",1.0,1.0,1.0,0.0,0.0,0.0,0.0,0.0,0.0,0.0,5.45,4.5,6.25,0.9500000000000002,0.7999999999999998,5.6,4.5,6.5,1.0999999999999996,0.9000000000000004,4.2,4.0,5.0,0.20000000000000018,0.7999999999999998,6.4,5.0,7.0,1.4000000000000004,0.5999999999999996,4.0,4.0,4.0,0.0,0.0,4.0,4.0,4.0,0.0,0.0,0.0,0.0,0.0,0.0,0.0,4.0,4.0,4.0,0.0,0.0
20,4,8,5,0.2,0.2,0.3,dense,True,20,20,20,4,20,5,1,Shared MILP,validity_full_harmful_sequence_per_prompt,radius_derived,5,"0,10,20,30,40",1.0,1.0,1.0,0.0,0.0,0.0,0.0,0.0,0.0,0.0,5.45,4.5,6.25,0.9500000000000002,0.7999999999999998,5.6,4.5,6.5,1.0999999999999996,0.9000000000000004,4.2,4.0,5.0,0.20000000000000018,0.7999999999999998,6.4,5.0,7.0,1.4000000000000004,0.5999999999999996,4.0,4.0,4.0,0.0,0.0,4.0,4.0,4.0,0.0,0.0,0.0,0.0,0.0,0.0,0.0,4.0,4.0,4.0,0.0,0.0
20,4,8,5,0.2,0.2,0.3,dense,True,20,20,20,4,20,5,2,Shared MILP,validity_full_harmful_sequence_per_prompt,radius_derived,5,"0,10,20,30,40",1.0,1.0,1.0,0.0,0.0,0.0,0.0,0.0,0.0,0.0,5.45,4.5,6.25,0.9500000000000002,0.7999999999999998,5.6,4.5,6.5,1.0999999999999996,0.9000000000000004,4.2,4.0,5.0,0.20000000000000018,0.7999999999999998,6.4,5.0,7.0,1.4000000000000004,0.5999999999999996,4.0,4.0,4.0,0.0,0.0,4.0,4.0,4.0,0.0,0.0,0.0,0.0,0.0,0.0,0.0,4.0,4.0,4.0,0.0,0.0
20,4,8,5,0.2,0.2,0.3,dense,True,20,20,20,4,20,5,3,Shared MILP,validity_full_harmful_sequence_per_prompt,radius_derived,5,"0,10,20,30,40",1.0,1.0,1.0,0.0,0.0,0.0,0.0,0.0,0.0,0.0,5.45,4.5,6.25,0.9500000000000002,0.7999999999999998,5.6,4.5,6.5,1.0999999999999996,0.9000000000000004,4.2,4.0,5.0,0.20000000000000018,0.7999999999999998,6.4,5.0,7.0,1.4000000000000004,0.5999999999999996,4.0,4.0,4.0,0.0,0.0,4.0,4.0,4.0,0.0,0.0,0.0,0.0,0.0,0.0,0.0,4.0,4.0,4.0,0.0,0.0
20,4,8,5,0.2,0.2,0.3,dense,True,20,20,20,4,20,5,4,Shared MILP,validity_full_harmful_sequence_per_prompt,radius_derived,5,"0,10,20,30,40",0.75,0.5,1.0,0.25,0.25,0.25,0.0,0.5,0.25,0.25,5.45,4.5,6.25,0.9500000000000002,0.7999999999999998,5.6,4.5,6.5,1.0999999999999996,0.9000000000000004,4.2,4.0,5.0,0.20000000000000018,0.7999999999999998,6.4,5.0,7.0,1.4000000000000004,0.5999999999999996,3.0,2.0,4.0,1.0,1.0,4.0,4.0,4.0,0.0,0.0,0.0,0.0,0.0,0.0,0.0,4.0,4.0,4.0,0.0,0.0
20,4,8,5,0.2,0.2,0.3,dense,True,20,20,20,4,20,5,5,Shared MILP,validity_full_harmful_sequence_per_prompt,radius_derived,5,"0,10,20,30,40",0.45,0.0,0.75,0.45,0.3,0.55,0.25,1.0,0.30000000000000004,0.44999999999999996,5.45,4.5,6.25,0.9500000000000002,0.7999999999999998,5.6,4.5,6.5,1.0999999999999996,0.9000000000000004,4.2,4.0,5.0,0.20000000000000018,0.7999999999999998,6.4,5.0,7.0,1.4000000000000004,0.5999999999999996,1.8,0.0,3.0,1.8,1.2,4.0,4.0,4.0,0.0,0.0,0.0,0.0,0.0,0.0,0.0,4.0,4.0,4.0,0.0,0.0
20,4,8,5,0.2,0.2,0.3,dense,True,20,20,20,4,20,5,6,Shared MILP,validity_full_harmful_sequence_per_prompt,radius_derived,5,"0,10,20,30,40",0.25,0.0,0.5,0.25,0.25,0.75,0.5,1.0,0.25,0.25,5.45,4.5,6.25,0.9500000000000002,0.7999999999999998,5.6,4.5,6.5,1.0999999999999996,0.9000000000000004,4.2,4.0,5.0,0.20000000000000018,0.7999999999999998,6.4,5.0,7.0,1.4000000000000004,0.5999999999999996,1.0,0.0,2.0,1.0,1.0,4.0,4.0,4.0,0.0,0.0,0.0,0.0,0.0,0.0,0.0,4.0,4.0,4.0,0.0,0.0
20,4,8,5,0.2,0.2,0.3,dense,True,20,20,20,4,20,5,7,Shared MILP,validity_full_harmful_sequence_per_prompt,radius_derived,5,"0,10,20,30,40",0.0,0.0,0.0,0.0,0.0,1.0,1.0,1.0,0.0,0.0,5.45,4.5,6.25,0.9500000000000002,0.7999999999999998,5.6,4.5,6.5,1.0999999999999996,0.9000000000000004,4.2,4.0,5.0,0.20000000000000018,0.7999999999999998,6.4,5.0,7.0,1.4000000000000004,0.5999999999999996,0.0,0.0,0.0,0.0,0.0,4.0,4.0,4.0,0.0,0.0,0.0,0.0,0.0,0.0,0.0,4.0,4.0,4.0,0.0,0.0
20,4,8,5,0.2,0.2,0.3,dense,True,20,20,20,4,20,5,8,Shared MILP,validity_full_harmful_sequence_per_prompt,radius_derived,5,"0,10,20,30,40",0.0,0.0,0.0,0.0,0.0,1.0,1.0,1.0,0.0,0.0,5.45,4.5,6.25,0.9500000000000002,0.7999999999999998,5.6,4.5,6.5,1.0999999999999996,0.9000000000000004,4.2,4.0,5.0,0.20000000000000018,0.7999999999999998,6.4,5.0,7.0,1.4000000000000004,0.5999999999999996,0.0,0.0,0.0,0.0,0.0,4.0,4.0,4.0,0.0,0.0,0.0,0.0,0.0,0.0,0.0,4.0,4.0,4.0,0.0,0.0
20,4,8,5,0.2,0.2,0.3,dense,True,20,20,20,4,20,5,9,Shared MILP,validity_full_harmful_sequence_per_prompt,radius_derived,5,"0,10,20,30,40",0.0,0.0,0.0,0.0,0.0,1.0,1.0,1.0,0.0,0.0,5.45,4.5,6.25,0.9500000000000002,0.7999999999999998,5.6,4.5,6.5,1.0999999999999996,0.9000000000000004,4.2,4.0,5.0,0.20000000000000018,0.7999999999999998,6.4,5.0,7.0,1.4000000000000004,0.5999999999999996,0.0,0.0,0.0,0.0,0.0,4.0,4.0,4.0,0.0,0.0,0.0,0.0,0.0,0.0,0.0,4.0,4.0,4.0,0.0,0.0
20,4,8,5,0.2,0.2,0.3,dense,True,20,20,20,4,20,5,10,Shared MILP,validity_full_harmful_sequence_per_prompt,radius_derived,5,"0,10,20,30,40",0.0,0.0,0.0,0.0,0.0,1.0,1.0,1.0,0.0,0.0,5.45,4.5,6.25,0.9500000000000002,0.7999999999999998,5.6,4.5,6.5,1.0999999999999996,0.9000000000000004,4.2,4.0,5.0,0.20000000000000018,0.7999999999999998,6.4,5.0,7.0,1.4000000000000004,0.5999999999999996,0.0,0.0,0.0,0.0,0.0,4.0,4.0,4.0,0.0,0.0,0.0,0.0,0.0,0.0,0.0,4.0,4.0,4.0,0.0,0.0
20,4,8,5,0.2,0.2,0.3,dense,True,20,20,20,4,20,5,11,Shared MILP,validity_full_harmful_sequence_per_prompt,radius_derived,5,"0,10,20,30,40",0.0,0.0,0.0,0.0,0.0,1.0,1.0,1.0,0.0,0.0,5.45,4.5,6.25,0.9500000000000002,0.7999999999999998,5.6,4.5,6.5,1.0999999999999996,0.9000000000000004,4.2,4.0,5.0,0.20000000000000018,0.7999999999999998,6.4,5.0,7.0,1.4000000000000004,0.5999999999999996,0.0,0.0,0.0,0.0,0.0,4.0,4.0,4.0,0.0,0.0,0.0,0.0,0.0,0.0,0.0,4.0,4.0,4.0,0.0,0.0
20,4,8,5,0.2,0.2,0.3,dense,True,20,20,20,4,20,5,12,Shared MILP,validity_full_harmful_sequence_per_prompt,radius_derived,5,"0,10,20,30,40",0.0,0.0,0.0,0.0,0.0,1.0,1.0,1.0,0.0,0.0,5.45,4.5,6.25,0.9500000000000002,0.7999999999999998,5.6,4.5,6.5,1.0999999999999996,0.9000000000000004,4.2,4.0,5.0,0.20000000000000018,0.7999999999999998,6.4,5.0,7.0,1.4000000000000004,0.5999999999999996,0.0,0.0,0.0,0.0,0.0,4.0,4.0,4.0,0.0,0.0,0.0,0.0,0.0,0.0,0.0,4.0,4.0,4.0,0.0,0.0
20,4,8,5,0.2,0.2,0.3,dense,True,20,20,20,4,20,5,13,Shared MILP,validity_full_harmful_sequence_per_prompt,radius_derived,5,"0,10,20,30,40",0.0,0.0,0.0,0.0,0.0,1.0,1.0,1.0,0.0,0.0,5.45,4.5,6.25,0.9500000000000002,0.7999999999999998,5.6,4.5,6.5,1.0999999999999996,0.9000000000000004,4.2,4.0,5.0,0.20000000000000018,0.7999999999999998,6.4,5.0,7.0,1.4000000000000004,0.5999999999999996,0.0,0.0,0.0,0.0,0.0,4.0,4.0,4.0,0.0,0.0,0.0,0.0,0.0,0.0,0.0,4.0,4.0,4.0,0.0,0.0
20,4,8,5,0.2,0.2,0.3,dense,True,20,20,20,4,20,5,14,Shared MILP,validity_full_harmful_sequence_per_prompt,radius_derived,5,"0,10,20,30,40",0.0,0.0,0.0,0.0,0.0,1.0,1.0,1.0,0.0,0.0,5.45,4.5,6.25,0.9500000000000002,0.7999999999999998,5.6,4.5,6.5,1.0999999999999996,0.9000000000000004,4.2,4.0,5.0,0.20000000000000018,0.7999999999999998,6.4,5.0,7.0,1.4000000000000004,0.5999999999999996,0.0,0.0,0.0,0.0,0.0,4.0,4.0,4.0,0.0,0.0,0.0,0.0,0.0,0.0,0.0,4.0,4.0,4.0,0.0,0.0
20,4,8,5,0.2,0.2,0.3,dense,True,20,20,20,4,20,5,15,Shared MILP,validity_full_harmful_sequence_per_prompt,radius_derived,5,"0,10,20,30,40",0.0,0.0,0.0,0.0,0.0,1.0,1.0,1.0,0.0,0.0,5.45,4.5,6.25,0.9500000000000002,0.7999999999999998,5.6,4.5,6.5,1.0999999999999996,0.9000000000000004,4.2,4.0,5.0,0.20000000000000018,0.7999999999999998,6.4,5.0,7.0,1.4000000000000004,0.5999999999999996,0.0,0.0,0.0,0.0,0.0,4.0,4.0,4.0,0.0,0.0,0.0,0.0,0.0,0.0,0.0,4.0,4.0,4.0,0.0,0.0
20,4,8,5,0.2,0.2,0.3,dense,True,20,20,20,4,20,5,16,Shared MILP,validity_full_harmful_sequence_per_prompt,radius_derived,5,"0,10,20,30,40",0.0,0.0,0.0,0.0,0.0,1.0,1.0,1.0,0.0,0.0,5.45,4.5,6.25,0.9500000000000002,0.7999999999999998,5.6,4.5,6.5,1.0999999999999996,0.9000000000000004,4.2,4.0,5.0,0.20000000000000018,0.7999999999999998,6.4,5.0,7.0,1.4000000000000004,0.5999999999999996,0.0,0.0,0.0,0.0,0.0,4.0,4.0,4.0,0.0,0.0,0.0,0.0,0.0,0.0,0.0,4.0,4.0,4.0,0.0,0.0
20,4,8,5,0.2,0.2,0.3,dense,True,20,20,20,4,20,5,17,Shared MILP,validity_full_harmful_sequence_per_prompt,radius_derived,5,"0,10,20,30,40",0.0,0.0,0.0,0.0,0.0,1.0,1.0,1.0,0.0,0.0,5.45,4.5,6.25,0.9500000000000002,0.7999999999999998,5.6,4.5,6.5,1.0999999999999996,0.9000000000000004,4.2,4.0,5.0,0.20000000000000018,0.7999999999999998,6.4,5.0,7.0,1.4000000000000004,0.5999999999999996,0.0,0.0,0.0,0.0,0.0,4.0,4.0,4.0,0.0,0.0,0.0,0.0,0.0,0.0,0.0,4.0,4.0,4.0,0.0,0.0
20,4,8,5,0.2,0.2,0.3,dense,True,20,20,20,4,20,5,18,Shared MILP,validity_full_harmful_sequence_per_prompt,radius_derived,5,"0,10,20,30,40",0.0,0.0,0.0,0.0,0.0,1.0,1.0,1.0,0.0,0.0,5.45,4.5,6.25,0.9500000000000002,0.7999999999999998,5.6,4.5,6.5,1.0999999999999996,0.9000000000000004,4.2,4.0,5.0,0.20000000000000018,0.7999999999999998,6.4,5.0,7.0,1.4000000000000004,0.5999999999999996,0.0,0.0,0.0,0.0,0.0,4.0,4.0,4.0,0.0,0.0,0.0,0.0,0.0,0.0,0.0,4.0,4.0,4.0,0.0,0.0
20,4,8,5,0.2,0.2,0.3,dense,True,20,20,20,4,20,5,19,Shared MILP,validity_full_harmful_sequence_per_prompt,radius_derived,5,"0,10,20,30,40",0.0,0.0,0.0,0.0,0.0,1.0,1.0,1.0,0.0,0.0,5.45,4.5,6.25,0.9500000000000002,0.7999999999999998,5.6,4.5,6.5,1.0999999999999996,0.9000000000000004,4.2,4.0,5.0,0.20000000000000018,0.7999999999999998,6.4,5.0,7.0,1.4000000000000004,0.5999999999999996,0.0,0.0,0.0,0.0,0.0,4.0,4.0,4.0,0.0,0.0,0.0,0.0,0.0,0.0,0.0,4.0,4.0,4.0,0.0,0.0
20,4,8,5,0.2,0.2,0.3,dense,True,20,20,20,4,20,5,20,Shared MILP,validity_full_harmful_sequence_per_prompt,radius_derived,5,"0,10,20,30,40",0.0,0.0,0.0,0.0,0.0,1.0,1.0,1.0,0.0,0.0,5.45,4.5,6.25,0.9500000000000002,0.7999999999999998,5.6,4.5,6.5,1.0999999999999996,0.9000000000000004,4.2,4.0,5.0,0.20000000000000018,0.7999999999999998,6.4,5.0,7.0,1.4000000000000004,0.5999999999999996,0.0,0.0,0.0,0.0,0.0,4.0,4.0,4.0,0.0,0.0,0.0,0.0,0.0,0.0,0.0,4.0,4.0,4.0,0.0,0.0
20,4,8,5,0.2,0.2,0.3,dense,True,20,20,20,4,20,5,0,Atomic phrase aggregation,validity_full_harmful_sequence_per_prompt,radius_derived,5,"0,10,20,30,40",1.0,1.0,1.0,0.0,0.0,0.0,0.0,0.0,0.0,0.0,1.0,1.0,1.0,0.0,0.0,1.0,1.0,1.0,0.0,0.0,1.0,1.0,1.0,0.0,0.0,1.0,1.0,1.0,0.0,0.0,4.0,4.0,4.0,0.0,0.0,4.0,4.0,4.0,0.0,0.0,0.0,0.0,0.0,0.0,0.0,4.0,4.0,4.0,0.0,0.0
20,4,8,5,0.2,0.2,0.3,dense,True,20,20,20,4,20,5,1,Atomic phrase aggregation,validity_full_harmful_sequence_per_prompt,radius_derived,5,"0,10,20,30,40",0.0,0.0,0.0,0.0,0.0,1.0,1.0,1.0,0.0,0.0,1.0,1.0,1.0,0.0,0.0,1.0,1.0,1.0,0.0,0.0,1.0,1.0,1.0,0.0,0.0,1.0,1.0,1.0,0.0,0.0,0.0,0.0,0.0,0.0,0.0,4.0,4.0,4.0,0.0,0.0,0.0,0.0,0.0,0.0,0.0,4.0,4.0,4.0,0.0,0.0
20,4,8,5,0.2,0.2,0.3,dense,True,20,20,20,4,20,5,2,Atomic phrase aggregation,validity_full_harmful_sequence_per_prompt,radius_derived,5,"0,10,20,30,40",0.0,0.0,0.0,0.0,0.0,1.0,1.0,1.0,0.0,0.0,1.0,1.0,1.0,0.0,0.0,1.0,1.0,1.0,0.0,0.0,1.0,1.0,1.0,0.0,0.0,1.0,1.0,1.0,0.0,0.0,0.0,0.0,0.0,0.0,0.0,4.0,4.0,4.0,0.0,0.0,0.0,0.0,0.0,0.0,0.0,4.0,4.0,4.0,0.0,0.0
20,4,8,5,0.2,0.2,0.3,dense,True,20,20,20,4,20,5,3,Atomic phrase aggregation,validity_full_harmful_sequence_per_prompt,radius_derived,5,"0,10,20,30,40",0.0,0.0,0.0,0.0,0.0,1.0,1.0,1.0,0.0,0.0,1.0,1.0,1.0,0.0,0.0,1.0,1.0,1.0,0.0,0.0,1.0,1.0,1.0,0.0,0.0,1.0,1.0,1.0,0.0,0.0,0.0,0.0,0.0,0.0,0.0,4.0,4.0,4.0,0.0,0.0,0.0,0.0,0.0,0.0,0.0,4.0,4.0,4.0,0.0,0.0
20,4,8,5,0.2,0.2,0.3,dense,True,20,20,20,4,20,5,4,Atomic phrase aggregation,validity_full_harmful_sequence_per_prompt,radius_derived,5,"0,10,20,30,40",0.0,0.0,0.0,0.0,0.0,1.0,1.0,1.0,0.0,0.0,1.0,1.0,1.0,0.0,0.0,1.0,1.0,1.0,0.0,0.0,1.0,1.0,1.0,0.0,0.0,1.0,1.0,1.0,0.0,0.0,0.0,0.0,0.0,0.0,0.0,4.0,4.0,4.0,0.0,0.0,0.0,0.0,0.0,0.0,0.0,4.0,4.0,4.0,0.0,0.0
20,4,8,5,0.2,0.2,0.3,dense,True,20,20,20,4,20,5,5,Atomic phrase aggregation,validity_full_harmful_sequence_per_prompt,radius_derived,5,"0,10,20,30,40",0.0,0.0,0.0,0.0,0.0,1.0,1.0,1.0,0.0,0.0,1.0,1.0,1.0,0.0,0.0,1.0,1.0,1.0,0.0,0.0,1.0,1.0,1.0,0.0,0.0,1.0,1.0,1.0,0.0,0.0,0.0,0.0,0.0,0.0,0.0,4.0,4.0,4.0,0.0,0.0,0.0,0.0,0.0,0.0,0.0,4.0,4.0,4.0,0.0,0.0
20,4,8,5,0.2,0.2,0.3,dense,True,20,20,20,4,20,5,6,Atomic phrase aggregation,validity_full_harmful_sequence_per_prompt,radius_derived,5,"0,10,20,30,40",0.0,0.0,0.0,0.0,0.0,1.0,1.0,1.0,0.0,0.0,1.0,1.0,1.0,0.0,0.0,1.0,1.0,1.0,0.0,0.0,1.0,1.0,1.0,0.0,0.0,1.0,1.0,1.0,0.0,0.0,0.0,0.0,0.0,0.0,0.0,4.0,4.0,4.0,0.0,0.0,0.0,0.0,0.0,0.0,0.0,4.0,4.0,4.0,0.0,0.0
20,4,8,5,0.2,0.2,0.3,dense,True,20,20,20,4,20,5,7,Atomic phrase aggregation,validity_full_harmful_sequence_per_prompt,radius_derived,5,"0,10,20,30,40",0.0,0.0,0.0,0.0,0.0,1.0,1.0,1.0,0.0,0.0,1.0,1.0,1.0,0.0,0.0,1.0,1.0,1.0,0.0,0.0,1.0,1.0,1.0,0.0,0.0,1.0,1.0,1.0,0.0,0.0,0.0,0.0,0.0,0.0,0.0,4.0,4.0,4.0,0.0,0.0,0.0,0.0,0.0,0.0,0.0,4.0,4.0,4.0,0.0,0.0
20,4,8,5,0.2,0.2,0.3,dense,True,20,20,20,4,20,5,8,Atomic phrase aggregation,validity_full_harmful_sequence_per_prompt,radius_derived,5,"0,10,20,30,40",0.0,0.0,0.0,0.0,0.0,1.0,1.0,1.0,0.0,0.0,1.0,1.0,1.0,0.0,0.0,1.0,1.0,1.0,0.0,0.0,1.0,1.0,1.0,0.0,0.0,1.0,1.0,1.0,0.0,0.0,0.0,0.0,0.0,0.0,0.0,4.0,4.0,4.0,0.0,0.0,0.0,0.0,0.0,0.0,0.0,4.0,4.0,4.0,0.0,0.0
20,4,8,5,0.2,0.2,0.3,dense,True,20,20,20,4,20,5,9,Atomic phrase aggregation,validity_full_harmful_sequence_per_prompt,radius_derived,5,"0,10,20,30,40",0.0,0.0,0.0,0.0,0.0,1.0,1.0,1.0,0.0,0.0,1.0,1.0,1.0,0.0,0.0,1.0,1.0,1.0,0.0,0.0,1.0,1.0,1.0,0.0,0.0,1.0,1.0,1.0,0.0,0.0,0.0,0.0,0.0,0.0,0.0,4.0,4.0,4.0,0.0,0.0,0.0,0.0,0.0,0.0,0.0,4.0,4.0,4.0,0.0,0.0
20,4,8,5,0.2,0.2,0.3,dense,True,20,20,20,4,20,5,10,Atomic phrase aggregation,validity_full_harmful_sequence_per_prompt,radius_derived,5,"0,10,20,30,40",0.0,0.0,0.0,0.0,0.0,1.0,1.0,1.0,0.0,0.0,1.0,1.0,1.0,0.0,0.0,1.0,1.0,1.0,0.0,0.0,1.0,1.0,1.0,0.0,0.0,1.0,1.0,1.0,0.0,0.0,0.0,0.0,0.0,0.0,0.0,4.0,4.0,4.0,0.0,0.0,0.0,0.0,0.0,0.0,0.0,4.0,4.0,4.0,0.0,0.0
20,4,8,5,0.2,0.2,0.3,dense,True,20,20,20,4,20,5,11,Atomic phrase aggregation,validity_full_harmful_sequence_per_prompt,radius_derived,5,"0,10,20,30,40",0.0,0.0,0.0,0.0,0.0,1.0,1.0,1.0,0.0,0.0,1.0,1.0,1.0,0.0,0.0,1.0,1.0,1.0,0.0,0.0,1.0,1.0,1.0,0.0,0.0,1.0,1.0,1.0,0.0,0.0,0.0,0.0,0.0,0.0,0.0,4.0,4.0,4.0,0.0,0.0,0.0,0.0,0.0,0.0,0.0,4.0,4.0,4.0,0.0,0.0
20,4,8,5,0.2,0.2,0.3,dense,True,20,20,20,4,20,5,12,Atomic phrase aggregation,validity_full_harmful_sequence_per_prompt,radius_derived,5,"0,10,20,30,40",0.0,0.0,0.0,0.0,0.0,1.0,1.0,1.0,0.0,0.0,1.0,1.0,1.0,0.0,0.0,1.0,1.0,1.0,0.0,0.0,1.0,1.0,1.0,0.0,0.0,1.0,1.0,1.0,0.0,0.0,0.0,0.0,0.0,0.0,0.0,4.0,4.0,4.0,0.0,0.0,0.0,0.0,0.0,0.0,0.0,4.0,4.0,4.0,0.0,0.0
20,4,8,5,0.2,0.2,0.3,dense,True,20,20,20,4,20,5,13,Atomic phrase aggregation,validity_full_harmful_sequence_per_prompt,radius_derived,5,"0,10,20,30,40",0.0,0.0,0.0,0.0,0.0,1.0,1.0,1.0,0.0,0.0,1.0,1.0,1.0,0.0,0.0,1.0,1.0,1.0,0.0,0.0,1.0,1.0,1.0,0.0,0.0,1.0,1.0,1.0,0.0,0.0,0.0,0.0,0.0,0.0,0.0,4.0,4.0,4.0,0.0,0.0,0.0,0.0,0.0,0.0,0.0,4.0,4.0,4.0,0.0,0.0
20,4,8,5,0.2,0.2,0.3,dense,True,20,20,20,4,20,5,14,Atomic phrase aggregation,validity_full_harmful_sequence_per_prompt,radius_derived,5,"0,10,20,30,40",0.0,0.0,0.0,0.0,0.0,1.0,1.0,1.0,0.0,0.0,1.0,1.0,1.0,0.0,0.0,1.0,1.0,1.0,0.0,0.0,1.0,1.0,1.0,0.0,0.0,1.0,1.0,1.0,0.0,0.0,0.0,0.0,0.0,0.0,0.0,4.0,4.0,4.0,0.0,0.0,0.0,0.0,0.0,0.0,0.0,4.0,4.0,4.0,0.0,0.0
20,4,8,5,0.2,0.2,0.3,dense,True,20,20,20,4,20,5,15,Atomic phrase aggregation,validity_full_harmful_sequence_per_prompt,radius_derived,5,"0,10,20,30,40",0.0,0.0,0.0,0.0,0.0,1.0,1.0,1.0,0.0,0.0,1.0,1.0,1.0,0.0,0.0,1.0,1.0,1.0,0.0,0.0,1.0,1.0,1.0,0.0,0.0,1.0,1.0,1.0,0.0,0.0,0.0,0.0,0.0,0.0,0.0,4.0,4.0,4.0,0.0,0.0,0.0,0.0,0.0,0.0,0.0,4.0,4.0,4.0,0.0,0.0
20,4,8,5,0.2,0.2,0.3,dense,True,20,20,20,4,20,5,16,Atomic phrase aggregation,validity_full_harmful_sequence_per_prompt,radius_derived,5,"0,10,20,30,40",0.0,0.0,0.0,0.0,0.0,1.0,1.0,1.0,0.0,0.0,1.0,1.0,1.0,0.0,0.0,1.0,1.0,1.0,0.0,0.0,1.0,1.0,1.0,0.0,0.0,1.0,1.0,1.0,0.0,0.0,0.0,0.0,0.0,0.0,0.0,4.0,4.0,4.0,0.0,0.0,0.0,0.0,0.0,0.0,0.0,4.0,4.0,4.0,0.0,0.0
20,4,8,5,0.2,0.2,0.3,dense,True,20,20,20,4,20,5,17,Atomic phrase aggregation,validity_full_harmful_sequence_per_prompt,radius_derived,5,"0,10,20,30,40",0.0,0.0,0.0,0.0,0.0,1.0,1.0,1.0,0.0,0.0,1.0,1.0,1.0,0.0,0.0,1.0,1.0,1.0,0.0,0.0,1.0,1.0,1.0,0.0,0.0,1.0,1.0,1.0,0.0,0.0,0.0,0.0,0.0,0.0,0.0,4.0,4.0,4.0,0.0,0.0,0.0,0.0,0.0,0.0,0.0,4.0,4.0,4.0,0.0,0.0
20,4,8,5,0.2,0.2,0.3,dense,True,20,20,20,4,20,5,18,Atomic phrase aggregation,validity_full_harmful_sequence_per_prompt,radius_derived,5,"0,10,20,30,40",0.0,0.0,0.0,0.0,0.0,1.0,1.0,1.0,0.0,0.0,1.0,1.0,1.0,0.0,0.0,1.0,1.0,1.0,0.0,0.0,1.0,1.0,1.0,0.0,0.0,1.0,1.0,1.0,0.0,0.0,0.0,0.0,0.0,0.0,0.0,4.0,4.0,4.0,0.0,0.0,0.0,0.0,0.0,0.0,0.0,4.0,4.0,4.0,0.0,0.0
20,4,8,5,0.2,0.2,0.3,dense,True,20,20,20,4,20,5,19,Atomic phrase aggregation,validity_full_harmful_sequence_per_prompt,radius_derived,5,"0,10,20,30,40",0.0,0.0,0.0,0.0,0.0,1.0,1.0,1.0,0.0,0.0,1.0,1.0,1.0,0.0,0.0,1.0,1.0,1.0,0.0,0.0,1.0,1.0,1.0,0.0,0.0,1.0,1.0,1.0,0.0,0.0,0.0,0.0,0.0,0.0,0.0,4.0,4.0,4.0,0.0,0.0,0.0,0.0,0.0,0.0,0.0,4.0,4.0,4.0,0.0,0.0
20,4,8,5,0.2,0.2,0.3,dense,True,20,20,20,4,20,5,20,Atomic phrase aggregation,validity_full_harmful_sequence_per_prompt,radius_derived,5,"0,10,20,30,40",0.0,0.0,0.0,0.0,0.0,1.0,1.0,1.0,0.0,0.0,1.0,1.0,1.0,0.0,0.0,1.0,1.0,1.0,0.0,0.0,1.0,1.0,1.0,0.0,0.0,1.0,1.0,1.0,0.0,0.0,0.0,0.0,0.0,0.0,0.0,4.0,4.0,4.0,0.0,0.0,0.0,0.0,0.0,0.0,0.0,4.0,4.0,4.0,0.0,0.0
20,4,8,5,0.2,0.2,0.3,dense,True,20,20,20,4,20,5,0,Independent shard-aware composition diagnostic,validity_full_harmful_sequence_per_prompt,radius_derived,5,"0,10,20,30,40",1.0,1.0,1.0,0.0,0.0,0.0,0.0,0.0,0.0,0.0,20.85,19.75,22.25,1.1000000000000014,1.3999999999999986,20.9,20.0,22.0,0.8999999999999986,1.1000000000000014,16.4,12.0,20.0,4.399999999999999,3.6000000000000014,25.2,20.0,28.0,5.199999999999999,2.8000000000000007,4.0,4.0,4.0,0.0,0.0,4.0,4.0,4.0,0.0,0.0,0.0,0.0,0.0,0.0,0.0,4.0,4.0,4.0,0.0,0.0
20,4,8,5,0.2,0.2,0.3,dense,True,20,20,20,4,20,5,1,Independent shard-aware composition diagnostic,validity_full_harmful_sequence_per_prompt,radius_derived,5,"0,10,20,30,40",1.0,1.0,1.0,0.0,0.0,0.0,0.0,0.0,0.0,0.0,20.85,19.75,22.25,1.1000000000000014,1.3999999999999986,20.9,20.0,22.0,0.8999999999999986,1.1000000000000014,16.4,12.0,20.0,4.399999999999999,3.6000000000000014,25.2,20.0,28.0,5.199999999999999,2.8000000000000007,4.0,4.0,4.0,0.0,0.0,4.0,4.0,4.0,0.0,0.0,0.0,0.0,0.0,0.0,0.0,4.0,4.0,4.0,0.0,0.0
20,4,8,5,0.2,0.2,0.3,dense,True,20,20,20,4,20,5,2,Independent shard-aware composition diagnostic,validity_full_harmful_sequence_per_prompt,radius_derived,5,"0,10,20,30,40",1.0,1.0,1.0,0.0,0.0,0.0,0.0,0.0,0.0,0.0,20.85,19.75,22.25,1.1000000000000014,1.3999999999999986,20.9,20.0,22.0,0.8999999999999986,1.1000000000000014,16.4,12.0,20.0,4.399999999999999,3.6000000000000014,25.2,20.0,28.0,5.199999999999999,2.8000000000000007,4.0,4.0,4.0,0.0,0.0,4.0,4.0,4.0,0.0,0.0,0.0,0.0,0.0,0.0,0.0,4.0,4.0,4.0,0.0,0.0
20,4,8,5,0.2,0.2,0.3,dense,True,20,20,20,4,20,5,3,Independent shard-aware composition diagnostic,validity_full_harmful_sequence_per_prompt,radius_derived,5,"0,10,20,30,40",1.0,1.0,1.0,0.0,0.0,0.0,0.0,0.0,0.0,0.0,20.85,19.75,22.25,1.1000000000000014,1.3999999999999986,20.9,20.0,22.0,0.8999999999999986,1.1000000000000014,16.4,12.0,20.0,4.399999999999999,3.6000000000000014,25.2,20.0,28.0,5.199999999999999,2.8000000000000007,4.0,4.0,4.0,0.0,0.0,4.0,4.0,4.0,0.0,0.0,0.0,0.0,0.0,0.0,0.0,4.0,4.0,4.0,0.0,0.0
20,4,8,5,0.2,0.2,0.3,dense,True,20,20,20,4,20,5,4,Independent shard-aware composition diagnostic,validity_full_harmful_sequence_per_prompt,radius_derived,5,"0,10,20,30,40",1.0,1.0,1.0,0.0,0.0,0.0,0.0,0.0,0.0,0.0,20.85,19.75,22.25,1.1000000000000014,1.3999999999999986,20.9,20.0,22.0,0.8999999999999986,1.1000000000000014,16.4,12.0,20.0,4.399999999999999,3.6000000000000014,25.2,20.0,28.0,5.199999999999999,2.8000000000000007,4.0,4.0,4.0,0.0,0.0,4.0,4.0,4.0,0.0,0.0,0.0,0.0,0.0,0.0,0.0,4.0,4.0,4.0,0.0,0.0
20,4,8,5,0.2,0.2,0.3,dense,True,20,20,20,4,20,5,5,Independent shard-aware composition diagnostic,validity_full_harmful_sequence_per_prompt,radius_derived,5,"0,10,20,30,40",1.0,1.0,1.0,0.0,0.0,0.0,0.0,0.0,0.0,0.0,20.85,19.75,22.25,1.1000000000000014,1.3999999999999986,20.9,20.0,22.0,0.8999999999999986,1.1000000000000014,16.4,12.0,20.0,4.399999999999999,3.6000000000000014,25.2,20.0,28.0,5.199999999999999,2.8000000000000007,4.0,4.0,4.0,0.0,0.0,4.0,4.0,4.0,0.0,0.0,0.0,0.0,0.0,0.0,0.0,4.0,4.0,4.0,0.0,0.0
20,4,8,5,0.2,0.2,0.3,dense,True,20,20,20,4,20,5,6,Independent shard-aware composition diagnostic,validity_full_harmful_sequence_per_prompt,radius_derived,5,"0,10,20,30,40",1.0,1.0,1.0,0.0,0.0,0.0,0.0,0.0,0.0,0.0,20.85,19.75,22.25,1.1000000000000014,1.3999999999999986,20.9,20.0,22.0,0.8999999999999986,1.1000000000000014,16.4,12.0,20.0,4.399999999999999,3.6000000000000014,25.2,20.0,28.0,5.199999999999999,2.8000000000000007,4.0,4.0,4.0,0.0,0.0,4.0,4.0,4.0,0.0,0.0,0.0,0.0,0.0,0.0,0.0,4.0,4.0,4.0,0.0,0.0
20,4,8,5,0.2,0.2,0.3,dense,True,20,20,20,4,20,5,7,Independent shard-aware composition diagnostic,validity_full_harmful_sequence_per_prompt,radius_derived,5,"0,10,20,30,40",1.0,1.0,1.0,0.0,0.0,0.0,0.0,0.0,0.0,0.0,20.85,19.75,22.25,1.1000000000000014,1.3999999999999986,20.9,20.0,22.0,0.8999999999999986,1.1000000000000014,16.4,12.0,20.0,4.399999999999999,3.6000000000000014,25.2,20.0,28.0,5.199999999999999,2.8000000000000007,4.0,4.0,4.0,0.0,0.0,4.0,4.0,4.0,0.0,0.0,0.0,0.0,0.0,0.0,0.0,4.0,4.0,4.0,0.0,0.0
20,4,8,5,0.2,0.2,0.3,dense,True,20,20,20,4,20,5,8,Independent shard-aware composition diagnostic,validity_full_harmful_sequence_per_prompt,radius_derived,5,"0,10,20,30,40",1.0,1.0,1.0,0.0,0.0,0.0,0.0,0.0,0.0,0.0,20.85,19.75,22.25,1.1000000000000014,1.3999999999999986,20.9,20.0,22.0,0.8999999999999986,1.1000000000000014,16.4,12.0,20.0,4.399999999999999,3.6000000000000014,25.2,20.0,28.0,5.199999999999999,2.8000000000000007,4.0,4.0,4.0,0.0,0.0,4.0,4.0,4.0,0.0,0.0,0.0,0.0,0.0,0.0,0.0,4.0,4.0,4.0,0.0,0.0
20,4,8,5,0.2,0.2,0.3,dense,True,20,20,20,4,20,5,9,Independent shard-aware composition diagnostic,validity_full_harmful_sequence_per_prompt,radius_derived,5,"0,10,20,30,40",1.0,1.0,1.0,0.0,0.0,0.0,0.0,0.0,0.0,0.0,20.85,19.75,22.25,1.1000000000000014,1.3999999999999986,20.9,20.0,22.0,0.8999999999999986,1.1000000000000014,16.4,12.0,20.0,4.399999999999999,3.6000000000000014,25.2,20.0,28.0,5.199999999999999,2.8000000000000007,4.0,4.0,4.0,0.0,0.0,4.0,4.0,4.0,0.0,0.0,0.0,0.0,0.0,0.0,0.0,4.0,4.0,4.0,0.0,0.0
20,4,8,5,0.2,0.2,0.3,dense,True,20,20,20,4,20,5,10,Independent shard-aware composition diagnostic,validity_full_harmful_sequence_per_prompt,radius_derived,5,"0,10,20,30,40",1.0,1.0,1.0,0.0,0.0,0.0,0.0,0.0,0.0,0.0,20.85,19.75,22.25,1.1000000000000014,1.3999999999999986,20.9,20.0,22.0,0.8999999999999986,1.1000000000000014,16.4,12.0,20.0,4.399999999999999,3.6000000000000014,25.2,20.0,28.0,5.199999999999999,2.8000000000000007,4.0,4.0,4.0,0.0,0.0,4.0,4.0,4.0,0.0,0.0,0.0,0.0,0.0,0.0,0.0,4.0,4.0,4.0,0.0,0.0
20,4,8,5,0.2,0.2,0.3,dense,True,20,20,20,4,20,5,11,Independent shard-aware composition diagnostic,validity_full_harmful_sequence_per_prompt,radius_derived,5,"0,10,20,30,40",1.0,1.0,1.0,0.0,0.0,0.0,0.0,0.0,0.0,0.0,20.85,19.75,22.25,1.1000000000000014,1.3999999999999986,20.9,20.0,22.0,0.8999999999999986,1.1000000000000014,16.4,12.0,20.0,4.399999999999999,3.6000000000000014,25.2,20.0,28.0,5.199999999999999,2.8000000000000007,4.0,4.0,4.0,0.0,0.0,4.0,4.0,4.0,0.0,0.0,0.0,0.0,0.0,0.0,0.0,4.0,4.0,4.0,0.0,0.0
20,4,8,5,0.2,0.2,0.3,dense,True,20,20,20,4,20,5,12,Independent shard-aware composition diagnostic,validity_full_harmful_sequence_per_prompt,radius_derived,5,"0,10,20,30,40",0.95,0.75,1.0,0.19999999999999996,0.050000000000000044,0.05,0.0,0.25,0.05,0.2,20.85,19.75,22.25,1.1000000000000014,1.3999999999999986,20.9,20.0,22.0,0.8999999999999986,1.1000000000000014,16.4,12.0,20.0,4.399999999999999,3.6000000000000014,25.2,20.0,28.0,5.199999999999999,2.8000000000000007,3.8,3.0,4.0,0.7999999999999998,0.20000000000000018,4.0,4.0,4.0,0.0,0.0,0.0,0.0,0.0,0.0,0.0,4.0,4.0,4.0,0.0,0.0
20,4,8,5,0.2,0.2,0.3,dense,True,20,20,20,4,20,5,13,Independent shard-aware composition diagnostic,validity_full_harmful_sequence_per_prompt,radius_derived,5,"0,10,20,30,40",0.9,0.75,1.0,0.15000000000000002,0.09999999999999998,0.1,0.0,0.25,0.1,0.15,20.85,19.75,22.25,1.1000000000000014,1.3999999999999986,20.9,20.0,22.0,0.8999999999999986,1.1000000000000014,16.4,12.0,20.0,4.399999999999999,3.6000000000000014,25.2,20.0,28.0,5.199999999999999,2.8000000000000007,3.6,3.0,4.0,0.6000000000000001,0.3999999999999999,4.0,4.0,4.0,0.0,0.0,0.0,0.0,0.0,0.0,0.0,4.0,4.0,4.0,0.0,0.0
20,4,8,5,0.2,0.2,0.3,dense,True,20,20,20,4,20,5,14,Independent shard-aware composition diagnostic,validity_full_harmful_sequence_per_prompt,radius_derived,5,"0,10,20,30,40",0.9,0.75,1.0,0.15000000000000002,0.09999999999999998,0.1,0.0,0.25,0.1,0.15,20.85,19.75,22.25,1.1000000000000014,1.3999999999999986,20.9,20.0,22.0,0.8999999999999986,1.1000000000000014,16.4,12.0,20.0,4.399999999999999,3.6000000000000014,25.2,20.0,28.0,5.199999999999999,2.8000000000000007,3.6,3.0,4.0,0.6000000000000001,0.3999999999999999,4.0,4.0,4.0,0.0,0.0,0.0,0.0,0.0,0.0,0.0,4.0,4.0,4.0,0.0,0.0
20,4,8,5,0.2,0.2,0.3,dense,True,20,20,20,4,20,5,15,Independent shard-aware composition diagnostic,validity_full_harmful_sequence_per_prompt,radius_derived,5,"0,10,20,30,40",0.9,0.75,1.0,0.15000000000000002,0.09999999999999998,0.1,0.0,0.25,0.1,0.15,20.85,19.75,22.25,1.1000000000000014,1.3999999999999986,20.9,20.0,22.0,0.8999999999999986,1.1000000000000014,16.4,12.0,20.0,4.399999999999999,3.6000000000000014,25.2,20.0,28.0,5.199999999999999,2.8000000000000007,3.6,3.0,4.0,0.6000000000000001,0.3999999999999999,4.0,4.0,4.0,0.0,0.0,0.0,0.0,0.0,0.0,0.0,4.0,4.0,4.0,0.0,0.0
20,4,8,5,0.2,0.2,0.3,dense,True,20,20,20,4,20,5,16,Independent shard-aware composition diagnostic,validity_full_harmful_sequence_per_prompt,radius_derived,5,"0,10,20,30,40",0.9,0.75,1.0,0.15000000000000002,0.09999999999999998,0.1,0.0,0.25,0.1,0.15,20.85,19.75,22.25,1.1000000000000014,1.3999999999999986,20.9,20.0,22.0,0.8999999999999986,1.1000000000000014,16.4,12.0,20.0,4.399999999999999,3.6000000000000014,25.2,20.0,28.0,5.199999999999999,2.8000000000000007,3.6,3.0,4.0,0.6000000000000001,0.3999999999999999,4.0,4.0,4.0,0.0,0.0,0.0,0.0,0.0,0.0,0.0,4.0,4.0,4.0,0.0,0.0
20,4,8,5,0.2,0.2,0.3,dense,True,20,20,20,4,20,5,17,Independent shard-aware composition diagnostic,validity_full_harmful_sequence_per_prompt,radius_derived,5,"0,10,20,30,40",0.9,0.75,1.0,0.15000000000000002,0.09999999999999998,0.1,0.0,0.25,0.1,0.15,20.85,19.75,22.25,1.1000000000000014,1.3999999999999986,20.9,20.0,22.0,0.8999999999999986,1.1000000000000014,16.4,12.0,20.0,4.399999999999999,3.6000000000000014,25.2,20.0,28.0,5.199999999999999,2.8000000000000007,3.6,3.0,4.0,0.6000000000000001,0.3999999999999999,4.0,4.0,4.0,0.0,0.0,0.0,0.0,0.0,0.0,0.0,4.0,4.0,4.0,0.0,0.0
20,4,8,5,0.2,0.2,0.3,dense,True,20,20,20,4,20,5,18,Independent shard-aware composition diagnostic,validity_full_harmful_sequence_per_prompt,radius_derived,5,"0,10,20,30,40",0.85,0.75,1.0,0.09999999999999998,0.15000000000000002,0.15,0.0,0.25,0.15,0.1,20.85,19.75,22.25,1.1000000000000014,1.3999999999999986,20.9,20.0,22.0,0.8999999999999986,1.1000000000000014,16.4,12.0,20.0,4.399999999999999,3.6000000000000014,25.2,20.0,28.0,5.199999999999999,2.8000000000000007,3.4,3.0,4.0,0.3999999999999999,0.6000000000000001,4.0,4.0,4.0,0.0,0.0,0.0,0.0,0.0,0.0,0.0,4.0,4.0,4.0,0.0,0.0
20,4,8,5,0.2,0.2,0.3,dense,True,20,20,20,4,20,5,19,Independent shard-aware composition diagnostic,validity_full_harmful_sequence_per_prompt,radius_derived,5,"0,10,20,30,40",0.65,0.5,1.0,0.15000000000000002,0.35,0.35,0.0,0.5,0.35,0.15000000000000002,20.85,19.75,22.25,1.1000000000000014,1.3999999999999986,20.9,20.0,22.0,0.8999999999999986,1.1000000000000014,16.4,12.0,20.0,4.399999999999999,3.6000000000000014,25.2,20.0,28.0,5.199999999999999,2.8000000000000007,2.6,2.0,4.0,0.6000000000000001,1.4,4.0,4.0,4.0,0.0,0.0,0.0,0.0,0.0,0.0,0.0,4.0,4.0,4.0,0.0,0.0
20,4,8,5,0.2,0.2,0.3,dense,True,20,20,20,4,20,5,20,Independent shard-aware composition diagnostic,validity_full_harmful_sequence_per_prompt,radius_derived,5,"0,10,20,30,40",0.4,0.0,0.5,0.4,0.09999999999999998,0.6,0.5,1.0,0.09999999999999998,0.4,20.85,19.75,22.25,1.1000000000000014,1.3999999999999986,20.9,20.0,22.0,0.8999999999999986,1.1000000000000014,16.4,12.0,20.0,4.399999999999999,3.6000000000000014,25.2,20.0,28.0,5.199999999999999,2.8000000000000007,1.6,0.0,2.0,1.6,0.3999999999999999,4.0,4.0,4.0,0.0,0.0,0.0,0.0,0.0,0.0,0.0,4.0,4.0,4.0,0.0,0.0
20,4,10,5,0.2,0.2,0.3,dense,True,20,20,20,4,20,5,0,DPA token margin,full_response_stable_against_any_token_change,radius_derived,5,"0,10,20,30,40",1.0,1.0,1.0,0.0,0.0,0.0,0.0,0.0,0.0,0.0,5.1,4.5,5.5,0.5999999999999996,0.40000000000000036,5.1,4.5,5.5,0.5999999999999996,0.40000000000000036,4.2,3.0,5.0,1.2000000000000002,0.7999999999999998,6.0,6.0,6.0,0.0,0.0,4.0,4.0,4.0,0.0,0.0,4.0,4.0,4.0,0.0,0.0,0.0,0.0,0.0,0.0,0.0,4.0,4.0,4.0,0.0,0.0
20,4,10,5,0.2,0.2,0.3,dense,True,20,20,20,4,20,5,1,DPA token margin,full_response_stable_against_any_token_change,radius_derived,5,"0,10,20,30,40",1.0,1.0,1.0,0.0,0.0,0.0,0.0,0.0,0.0,0.0,5.1,4.5,5.5,0.5999999999999996,0.40000000000000036,5.1,4.5,5.5,0.5999999999999996,0.40000000000000036,4.2,3.0,5.0,1.2000000000000002,0.7999999999999998,6.0,6.0,6.0,0.0,0.0,4.0,4.0,4.0,0.0,0.0,4.0,4.0,4.0,0.0,0.0,0.0,0.0,0.0,0.0,0.0,4.0,4.0,4.0,0.0,0.0
20,4,10,5,0.2,0.2,0.3,dense,True,20,20,20,4,20,5,2,DPA token margin,full_response_stable_against_any_token_change,radius_derived,5,"0,10,20,30,40",1.0,1.0,1.0,0.0,0.0,0.0,0.0,0.0,0.0,0.0,5.1,4.5,5.5,0.5999999999999996,0.40000000000000036,5.1,4.5,5.5,0.5999999999999996,0.40000000000000036,4.2,3.0,5.0,1.2000000000000002,0.7999999999999998,6.0,6.0,6.0,0.0,0.0,4.0,4.0,4.0,0.0,0.0,4.0,4.0,4.0,0.0,0.0,0.0,0.0,0.0,0.0,0.0,4.0,4.0,4.0,0.0,0.0
20,4,10,5,0.2,0.2,0.3,dense,True,20,20,20,4,20,5,3,DPA token margin,full_response_stable_against_any_token_change,radius_derived,5,"0,10,20,30,40",0.95,0.75,1.0,0.19999999999999996,0.050000000000000044,0.05,0.0,0.25,0.05,0.2,5.1,4.5,5.5,0.5999999999999996,0.40000000000000036,5.1,4.5,5.5,0.5999999999999996,0.40000000000000036,4.2,3.0,5.0,1.2000000000000002,0.7999999999999998,6.0,6.0,6.0,0.0,0.0,3.8,3.0,4.0,0.7999999999999998,0.20000000000000018,4.0,4.0,4.0,0.0,0.0,0.0,0.0,0.0,0.0,0.0,4.0,4.0,4.0,0.0,0.0
20,4,10,5,0.2,0.2,0.3,dense,True,20,20,20,4,20,5,4,DPA token margin,full_response_stable_against_any_token_change,radius_derived,5,"0,10,20,30,40",0.75,0.5,1.0,0.25,0.25,0.25,0.0,0.5,0.25,0.25,5.1,4.5,5.5,0.5999999999999996,0.40000000000000036,5.1,4.5,5.5,0.5999999999999996,0.40000000000000036,4.2,3.0,5.0,1.2000000000000002,0.7999999999999998,6.0,6.0,6.0,0.0,0.0,3.0,2.0,4.0,1.0,1.0,4.0,4.0,4.0,0.0,0.0,0.0,0.0,0.0,0.0,0.0,4.0,4.0,4.0,0.0,0.0
20,4,10,5,0.2,0.2,0.3,dense,True,20,20,20,4,20,5,5,DPA token margin,full_response_stable_against_any_token_change,radius_derived,5,"0,10,20,30,40",0.4,0.25,0.5,0.15000000000000002,0.09999999999999998,0.6,0.5,0.75,0.09999999999999998,0.15000000000000002,5.1,4.5,5.5,0.5999999999999996,0.40000000000000036,5.1,4.5,5.5,0.5999999999999996,0.40000000000000036,4.2,3.0,5.0,1.2000000000000002,0.7999999999999998,6.0,6.0,6.0,0.0,0.0,1.6,1.0,2.0,0.6000000000000001,0.3999999999999999,4.0,4.0,4.0,0.0,0.0,0.0,0.0,0.0,0.0,0.0,4.0,4.0,4.0,0.0,0.0
20,4,10,5,0.2,0.2,0.3,dense,True,20,20,20,4,20,5,6,DPA token margin,full_response_stable_against_any_token_change,radius_derived,5,"0,10,20,30,40",0.0,0.0,0.0,0.0,0.0,1.0,1.0,1.0,0.0,0.0,5.1,4.5,5.5,0.5999999999999996,0.40000000000000036,5.1,4.5,5.5,0.5999999999999996,0.40000000000000036,4.2,3.0,5.0,1.2000000000000002,0.7999999999999998,6.0,6.0,6.0,0.0,0.0,0.0,0.0,0.0,0.0,0.0,4.0,4.0,4.0,0.0,0.0,0.0,0.0,0.0,0.0,0.0,4.0,4.0,4.0,0.0,0.0
20,4,10,5,0.2,0.2,0.3,dense,True,20,20,20,4,20,5,7,DPA token margin,full_response_stable_against_any_token_change,radius_derived,5,"0,10,20,30,40",0.0,0.0,0.0,0.0,0.0,1.0,1.0,1.0,0.0,0.0,5.1,4.5,5.5,0.5999999999999996,0.40000000000000036,5.1,4.5,5.5,0.5999999999999996,0.40000000000000036,4.2,3.0,5.0,1.2000000000000002,0.7999999999999998,6.0,6.0,6.0,0.0,0.0,0.0,0.0,0.0,0.0,0.0,4.0,4.0,4.0,0.0,0.0,0.0,0.0,0.0,0.0,0.0,4.0,4.0,4.0,0.0,0.0
20,4,10,5,0.2,0.2,0.3,dense,True,20,20,20,4,20,5,8,DPA token margin,full_response_stable_against_any_token_change,radius_derived,5,"0,10,20,30,40",0.0,0.0,0.0,0.0,0.0,1.0,1.0,1.0,0.0,0.0,5.1,4.5,5.5,0.5999999999999996,0.40000000000000036,5.1,4.5,5.5,0.5999999999999996,0.40000000000000036,4.2,3.0,5.0,1.2000000000000002,0.7999999999999998,6.0,6.0,6.0,0.0,0.0,0.0,0.0,0.0,0.0,0.0,4.0,4.0,4.0,0.0,0.0,0.0,0.0,0.0,0.0,0.0,4.0,4.0,4.0,0.0,0.0
20,4,10,5,0.2,0.2,0.3,dense,True,20,20,20,4,20,5,9,DPA token margin,full_response_stable_against_any_token_change,radius_derived,5,"0,10,20,30,40",0.0,0.0,0.0,0.0,0.0,1.0,1.0,1.0,0.0,0.0,5.1,4.5,5.5,0.5999999999999996,0.40000000000000036,5.1,4.5,5.5,0.5999999999999996,0.40000000000000036,4.2,3.0,5.0,1.2000000000000002,0.7999999999999998,6.0,6.0,6.0,0.0,0.0,0.0,0.0,0.0,0.0,0.0,4.0,4.0,4.0,0.0,0.0,0.0,0.0,0.0,0.0,0.0,4.0,4.0,4.0,0.0,0.0
20,4,10,5,0.2,0.2,0.3,dense,True,20,20,20,4,20,5,10,DPA token margin,full_response_stable_against_any_token_change,radius_derived,5,"0,10,20,30,40",0.0,0.0,0.0,0.0,0.0,1.0,1.0,1.0,0.0,0.0,5.1,4.5,5.5,0.5999999999999996,0.40000000000000036,5.1,4.5,5.5,0.5999999999999996,0.40000000000000036,4.2,3.0,5.0,1.2000000000000002,0.7999999999999998,6.0,6.0,6.0,0.0,0.0,0.0,0.0,0.0,0.0,0.0,4.0,4.0,4.0,0.0,0.0,0.0,0.0,0.0,0.0,0.0,4.0,4.0,4.0,0.0,0.0
20,4,10,5,0.2,0.2,0.3,dense,True,20,20,20,4,20,5,11,DPA token margin,full_response_stable_against_any_token_change,radius_derived,5,"0,10,20,30,40",0.0,0.0,0.0,0.0,0.0,1.0,1.0,1.0,0.0,0.0,5.1,4.5,5.5,0.5999999999999996,0.40000000000000036,5.1,4.5,5.5,0.5999999999999996,0.40000000000000036,4.2,3.0,5.0,1.2000000000000002,0.7999999999999998,6.0,6.0,6.0,0.0,0.0,0.0,0.0,0.0,0.0,0.0,4.0,4.0,4.0,0.0,0.0,0.0,0.0,0.0,0.0,0.0,4.0,4.0,4.0,0.0,0.0
20,4,10,5,0.2,0.2,0.3,dense,True,20,20,20,4,20,5,12,DPA token margin,full_response_stable_against_any_token_change,radius_derived,5,"0,10,20,30,40",0.0,0.0,0.0,0.0,0.0,1.0,1.0,1.0,0.0,0.0,5.1,4.5,5.5,0.5999999999999996,0.40000000000000036,5.1,4.5,5.5,0.5999999999999996,0.40000000000000036,4.2,3.0,5.0,1.2000000000000002,0.7999999999999998,6.0,6.0,6.0,0.0,0.0,0.0,0.0,0.0,0.0,0.0,4.0,4.0,4.0,0.0,0.0,0.0,0.0,0.0,0.0,0.0,4.0,4.0,4.0,0.0,0.0
20,4,10,5,0.2,0.2,0.3,dense,True,20,20,20,4,20,5,13,DPA token margin,full_response_stable_against_any_token_change,radius_derived,5,"0,10,20,30,40",0.0,0.0,0.0,0.0,0.0,1.0,1.0,1.0,0.0,0.0,5.1,4.5,5.5,0.5999999999999996,0.40000000000000036,5.1,4.5,5.5,0.5999999999999996,0.40000000000000036,4.2,3.0,5.0,1.2000000000000002,0.7999999999999998,6.0,6.0,6.0,0.0,0.0,0.0,0.0,0.0,0.0,0.0,4.0,4.0,4.0,0.0,0.0,0.0,0.0,0.0,0.0,0.0,4.0,4.0,4.0,0.0,0.0
20,4,10,5,0.2,0.2,0.3,dense,True,20,20,20,4,20,5,14,DPA token margin,full_response_stable_against_any_token_change,radius_derived,5,"0,10,20,30,40",0.0,0.0,0.0,0.0,0.0,1.0,1.0,1.0,0.0,0.0,5.1,4.5,5.5,0.5999999999999996,0.40000000000000036,5.1,4.5,5.5,0.5999999999999996,0.40000000000000036,4.2,3.0,5.0,1.2000000000000002,0.7999999999999998,6.0,6.0,6.0,0.0,0.0,0.0,0.0,0.0,0.0,0.0,4.0,4.0,4.0,0.0,0.0,0.0,0.0,0.0,0.0,0.0,4.0,4.0,4.0,0.0,0.0
20,4,10,5,0.2,0.2,0.3,dense,True,20,20,20,4,20,5,15,DPA token margin,full_response_stable_against_any_token_change,radius_derived,5,"0,10,20,30,40",0.0,0.0,0.0,0.0,0.0,1.0,1.0,1.0,0.0,0.0,5.1,4.5,5.5,0.5999999999999996,0.40000000000000036,5.1,4.5,5.5,0.5999999999999996,0.40000000000000036,4.2,3.0,5.0,1.2000000000000002,0.7999999999999998,6.0,6.0,6.0,0.0,0.0,0.0,0.0,0.0,0.0,0.0,4.0,4.0,4.0,0.0,0.0,0.0,0.0,0.0,0.0,0.0,4.0,4.0,4.0,0.0,0.0
20,4,10,5,0.2,0.2,0.3,dense,True,20,20,20,4,20,5,16,DPA token margin,full_response_stable_against_any_token_change,radius_derived,5,"0,10,20,30,40",0.0,0.0,0.0,0.0,0.0,1.0,1.0,1.0,0.0,0.0,5.1,4.5,5.5,0.5999999999999996,0.40000000000000036,5.1,4.5,5.5,0.5999999999999996,0.40000000000000036,4.2,3.0,5.0,1.2000000000000002,0.7999999999999998,6.0,6.0,6.0,0.0,0.0,0.0,0.0,0.0,0.0,0.0,4.0,4.0,4.0,0.0,0.0,0.0,0.0,0.0,0.0,0.0,4.0,4.0,4.0,0.0,0.0
20,4,10,5,0.2,0.2,0.3,dense,True,20,20,20,4,20,5,17,DPA token margin,full_response_stable_against_any_token_change,radius_derived,5,"0,10,20,30,40",0.0,0.0,0.0,0.0,0.0,1.0,1.0,1.0,0.0,0.0,5.1,4.5,5.5,0.5999999999999996,0.40000000000000036,5.1,4.5,5.5,0.5999999999999996,0.40000000000000036,4.2,3.0,5.0,1.2000000000000002,0.7999999999999998,6.0,6.0,6.0,0.0,0.0,0.0,0.0,0.0,0.0,0.0,4.0,4.0,4.0,0.0,0.0,0.0,0.0,0.0,0.0,0.0,4.0,4.0,4.0,0.0,0.0
20,4,10,5,0.2,0.2,0.3,dense,True,20,20,20,4,20,5,18,DPA token margin,full_response_stable_against_any_token_change,radius_derived,5,"0,10,20,30,40",0.0,0.0,0.0,0.0,0.0,1.0,1.0,1.0,0.0,0.0,5.1,4.5,5.5,0.5999999999999996,0.40000000000000036,5.1,4.5,5.5,0.5999999999999996,0.40000000000000036,4.2,3.0,5.0,1.2000000000000002,0.7999999999999998,6.0,6.0,6.0,0.0,0.0,0.0,0.0,0.0,0.0,0.0,4.0,4.0,4.0,0.0,0.0,0.0,0.0,0.0,0.0,0.0,4.0,4.0,4.0,0.0,0.0
20,4,10,5,0.2,0.2,0.3,dense,True,20,20,20,4,20,5,19,DPA token margin,full_response_stable_against_any_token_change,radius_derived,5,"0,10,20,30,40",0.0,0.0,0.0,0.0,0.0,1.0,1.0,1.0,0.0,0.0,5.1,4.5,5.5,0.5999999999999996,0.40000000000000036,5.1,4.5,5.5,0.5999999999999996,0.40000000000000036,4.2,3.0,5.0,1.2000000000000002,0.7999999999999998,6.0,6.0,6.0,0.0,0.0,0.0,0.0,0.0,0.0,0.0,4.0,4.0,4.0,0.0,0.0,0.0,0.0,0.0,0.0,0.0,4.0,4.0,4.0,0.0,0.0
20,4,10,5,0.2,0.2,0.3,dense,True,20,20,20,4,20,5,20,DPA token margin,full_response_stable_against_any_token_change,radius_derived,5,"0,10,20,30,40",0.0,0.0,0.0,0.0,0.0,1.0,1.0,1.0,0.0,0.0,5.1,4.5,5.5,0.5999999999999996,0.40000000000000036,5.1,4.5,5.5,0.5999999999999996,0.40000000000000036,4.2,3.0,5.0,1.2000000000000002,0.7999999999999998,6.0,6.0,6.0,0.0,0.0,0.0,0.0,0.0,0.0,0.0,4.0,4.0,4.0,0.0,0.0,0.0,0.0,0.0,0.0,0.0,4.0,4.0,4.0,0.0,0.0
20,4,10,5,0.2,0.2,0.3,dense,True,20,20,20,4,20,5,0,Shared MILP,stability_one_token_per_prompt,radius_derived,5,"0,10,20,30,40",1.0,1.0,1.0,0.0,0.0,0.0,0.0,0.0,0.0,0.0,5.1,4.5,5.5,0.5999999999999996,0.40000000000000036,5.1,4.5,5.5,0.5999999999999996,0.40000000000000036,4.2,3.0,5.0,1.2000000000000002,0.7999999999999998,6.0,6.0,6.0,0.0,0.0,4.0,4.0,4.0,0.0,0.0,4.0,4.0,4.0,0.0,0.0,0.0,0.0,0.0,0.0,0.0,4.0,4.0,4.0,0.0,0.0
20,4,10,5,0.2,0.2,0.3,dense,True,20,20,20,4,20,5,1,Shared MILP,stability_one_token_per_prompt,radius_derived,5,"0,10,20,30,40",1.0,1.0,1.0,0.0,0.0,0.0,0.0,0.0,0.0,0.0,5.1,4.5,5.5,0.5999999999999996,0.40000000000000036,5.1,4.5,5.5,0.5999999999999996,0.40000000000000036,4.2,3.0,5.0,1.2000000000000002,0.7999999999999998,6.0,6.0,6.0,0.0,0.0,4.0,4.0,4.0,0.0,0.0,4.0,4.0,4.0,0.0,0.0,0.0,0.0,0.0,0.0,0.0,4.0,4.0,4.0,0.0,0.0
20,4,10,5,0.2,0.2,0.3,dense,True,20,20,20,4,20,5,2,Shared MILP,stability_one_token_per_prompt,radius_derived,5,"0,10,20,30,40",1.0,1.0,1.0,0.0,0.0,0.0,0.0,0.0,0.0,0.0,5.1,4.5,5.5,0.5999999999999996,0.40000000000000036,5.1,4.5,5.5,0.5999999999999996,0.40000000000000036,4.2,3.0,5.0,1.2000000000000002,0.7999999999999998,6.0,6.0,6.0,0.0,0.0,4.0,4.0,4.0,0.0,0.0,4.0,4.0,4.0,0.0,0.0,0.0,0.0,0.0,0.0,0.0,4.0,4.0,4.0,0.0,0.0
20,4,10,5,0.2,0.2,0.3,dense,True,20,20,20,4,20,5,3,Shared MILP,stability_one_token_per_prompt,radius_derived,5,"0,10,20,30,40",0.95,0.75,1.0,0.19999999999999996,0.050000000000000044,0.05,0.0,0.25,0.05,0.2,5.1,4.5,5.5,0.5999999999999996,0.40000000000000036,5.1,4.5,5.5,0.5999999999999996,0.40000000000000036,4.2,3.0,5.0,1.2000000000000002,0.7999999999999998,6.0,6.0,6.0,0.0,0.0,3.8,3.0,4.0,0.7999999999999998,0.20000000000000018,4.0,4.0,4.0,0.0,0.0,0.0,0.0,0.0,0.0,0.0,4.0,4.0,4.0,0.0,0.0
20,4,10,5,0.2,0.2,0.3,dense,True,20,20,20,4,20,5,4,Shared MILP,stability_one_token_per_prompt,radius_derived,5,"0,10,20,30,40",0.75,0.5,1.0,0.25,0.25,0.25,0.0,0.5,0.25,0.25,5.1,4.5,5.5,0.5999999999999996,0.40000000000000036,5.1,4.5,5.5,0.5999999999999996,0.40000000000000036,4.2,3.0,5.0,1.2000000000000002,0.7999999999999998,6.0,6.0,6.0,0.0,0.0,3.0,2.0,4.0,1.0,1.0,4.0,4.0,4.0,0.0,0.0,0.0,0.0,0.0,0.0,0.0,4.0,4.0,4.0,0.0,0.0
20,4,10,5,0.2,0.2,0.3,dense,True,20,20,20,4,20,5,5,Shared MILP,stability_one_token_per_prompt,radius_derived,5,"0,10,20,30,40",0.4,0.25,0.5,0.15000000000000002,0.09999999999999998,0.6,0.5,0.75,0.09999999999999998,0.15000000000000002,5.1,4.5,5.5,0.5999999999999996,0.40000000000000036,5.1,4.5,5.5,0.5999999999999996,0.40000000000000036,4.2,3.0,5.0,1.2000000000000002,0.7999999999999998,6.0,6.0,6.0,0.0,0.0,1.6,1.0,2.0,0.6000000000000001,0.3999999999999999,4.0,4.0,4.0,0.0,0.0,0.0,0.0,0.0,0.0,0.0,4.0,4.0,4.0,0.0,0.0
20,4,10,5,0.2,0.2,0.3,dense,True,20,20,20,4,20,5,6,Shared MILP,stability_one_token_per_prompt,radius_derived,5,"0,10,20,30,40",0.0,0.0,0.0,0.0,0.0,1.0,1.0,1.0,0.0,0.0,5.1,4.5,5.5,0.5999999999999996,0.40000000000000036,5.1,4.5,5.5,0.5999999999999996,0.40000000000000036,4.2,3.0,5.0,1.2000000000000002,0.7999999999999998,6.0,6.0,6.0,0.0,0.0,0.0,0.0,0.0,0.0,0.0,4.0,4.0,4.0,0.0,0.0,0.0,0.0,0.0,0.0,0.0,4.0,4.0,4.0,0.0,0.0
20,4,10,5,0.2,0.2,0.3,dense,True,20,20,20,4,20,5,7,Shared MILP,stability_one_token_per_prompt,radius_derived,5,"0,10,20,30,40",0.0,0.0,0.0,0.0,0.0,1.0,1.0,1.0,0.0,0.0,5.1,4.5,5.5,0.5999999999999996,0.40000000000000036,5.1,4.5,5.5,0.5999999999999996,0.40000000000000036,4.2,3.0,5.0,1.2000000000000002,0.7999999999999998,6.0,6.0,6.0,0.0,0.0,0.0,0.0,0.0,0.0,0.0,4.0,4.0,4.0,0.0,0.0,0.0,0.0,0.0,0.0,0.0,4.0,4.0,4.0,0.0,0.0
20,4,10,5,0.2,0.2,0.3,dense,True,20,20,20,4,20,5,8,Shared MILP,stability_one_token_per_prompt,radius_derived,5,"0,10,20,30,40",0.0,0.0,0.0,0.0,0.0,1.0,1.0,1.0,0.0,0.0,5.1,4.5,5.5,0.5999999999999996,0.40000000000000036,5.1,4.5,5.5,0.5999999999999996,0.40000000000000036,4.2,3.0,5.0,1.2000000000000002,0.7999999999999998,6.0,6.0,6.0,0.0,0.0,0.0,0.0,0.0,0.0,0.0,4.0,4.0,4.0,0.0,0.0,0.0,0.0,0.0,0.0,0.0,4.0,4.0,4.0,0.0,0.0
20,4,10,5,0.2,0.2,0.3,dense,True,20,20,20,4,20,5,9,Shared MILP,stability_one_token_per_prompt,radius_derived,5,"0,10,20,30,40",0.0,0.0,0.0,0.0,0.0,1.0,1.0,1.0,0.0,0.0,5.1,4.5,5.5,0.5999999999999996,0.40000000000000036,5.1,4.5,5.5,0.5999999999999996,0.40000000000000036,4.2,3.0,5.0,1.2000000000000002,0.7999999999999998,6.0,6.0,6.0,0.0,0.0,0.0,0.0,0.0,0.0,0.0,4.0,4.0,4.0,0.0,0.0,0.0,0.0,0.0,0.0,0.0,4.0,4.0,4.0,0.0,0.0
20,4,10,5,0.2,0.2,0.3,dense,True,20,20,20,4,20,5,10,Shared MILP,stability_one_token_per_prompt,radius_derived,5,"0,10,20,30,40",0.0,0.0,0.0,0.0,0.0,1.0,1.0,1.0,0.0,0.0,5.1,4.5,5.5,0.5999999999999996,0.40000000000000036,5.1,4.5,5.5,0.5999999999999996,0.40000000000000036,4.2,3.0,5.0,1.2000000000000002,0.7999999999999998,6.0,6.0,6.0,0.0,0.0,0.0,0.0,0.0,0.0,0.0,4.0,4.0,4.0,0.0,0.0,0.0,0.0,0.0,0.0,0.0,4.0,4.0,4.0,0.0,0.0
20,4,10,5,0.2,0.2,0.3,dense,True,20,20,20,4,20,5,11,Shared MILP,stability_one_token_per_prompt,radius_derived,5,"0,10,20,30,40",0.0,0.0,0.0,0.0,0.0,1.0,1.0,1.0,0.0,0.0,5.1,4.5,5.5,0.5999999999999996,0.40000000000000036,5.1,4.5,5.5,0.5999999999999996,0.40000000000000036,4.2,3.0,5.0,1.2000000000000002,0.7999999999999998,6.0,6.0,6.0,0.0,0.0,0.0,0.0,0.0,0.0,0.0,4.0,4.0,4.0,0.0,0.0,0.0,0.0,0.0,0.0,0.0,4.0,4.0,4.0,0.0,0.0
20,4,10,5,0.2,0.2,0.3,dense,True,20,20,20,4,20,5,12,Shared MILP,stability_one_token_per_prompt,radius_derived,5,"0,10,20,30,40",0.0,0.0,0.0,0.0,0.0,1.0,1.0,1.0,0.0,0.0,5.1,4.5,5.5,0.5999999999999996,0.40000000000000036,5.1,4.5,5.5,0.5999999999999996,0.40000000000000036,4.2,3.0,5.0,1.2000000000000002,0.7999999999999998,6.0,6.0,6.0,0.0,0.0,0.0,0.0,0.0,0.0,0.0,4.0,4.0,4.0,0.0,0.0,0.0,0.0,0.0,0.0,0.0,4.0,4.0,4.0,0.0,0.0
20,4,10,5,0.2,0.2,0.3,dense,True,20,20,20,4,20,5,13,Shared MILP,stability_one_token_per_prompt,radius_derived,5,"0,10,20,30,40",0.0,0.0,0.0,0.0,0.0,1.0,1.0,1.0,0.0,0.0,5.1,4.5,5.5,0.5999999999999996,0.40000000000000036,5.1,4.5,5.5,0.5999999999999996,0.40000000000000036,4.2,3.0,5.0,1.2000000000000002,0.7999999999999998,6.0,6.0,6.0,0.0,0.0,0.0,0.0,0.0,0.0,0.0,4.0,4.0,4.0,0.0,0.0,0.0,0.0,0.0,0.0,0.0,4.0,4.0,4.0,0.0,0.0
20,4,10,5,0.2,0.2,0.3,dense,True,20,20,20,4,20,5,14,Shared MILP,stability_one_token_per_prompt,radius_derived,5,"0,10,20,30,40",0.0,0.0,0.0,0.0,0.0,1.0,1.0,1.0,0.0,0.0,5.1,4.5,5.5,0.5999999999999996,0.40000000000000036,5.1,4.5,5.5,0.5999999999999996,0.40000000000000036,4.2,3.0,5.0,1.2000000000000002,0.7999999999999998,6.0,6.0,6.0,0.0,0.0,0.0,0.0,0.0,0.0,0.0,4.0,4.0,4.0,0.0,0.0,0.0,0.0,0.0,0.0,0.0,4.0,4.0,4.0,0.0,0.0
20,4,10,5,0.2,0.2,0.3,dense,True,20,20,20,4,20,5,15,Shared MILP,stability_one_token_per_prompt,radius_derived,5,"0,10,20,30,40",0.0,0.0,0.0,0.0,0.0,1.0,1.0,1.0,0.0,0.0,5.1,4.5,5.5,0.5999999999999996,0.40000000000000036,5.1,4.5,5.5,0.5999999999999996,0.40000000000000036,4.2,3.0,5.0,1.2000000000000002,0.7999999999999998,6.0,6.0,6.0,0.0,0.0,0.0,0.0,0.0,0.0,0.0,4.0,4.0,4.0,0.0,0.0,0.0,0.0,0.0,0.0,0.0,4.0,4.0,4.0,0.0,0.0
20,4,10,5,0.2,0.2,0.3,dense,True,20,20,20,4,20,5,16,Shared MILP,stability_one_token_per_prompt,radius_derived,5,"0,10,20,30,40",0.0,0.0,0.0,0.0,0.0,1.0,1.0,1.0,0.0,0.0,5.1,4.5,5.5,0.5999999999999996,0.40000000000000036,5.1,4.5,5.5,0.5999999999999996,0.40000000000000036,4.2,3.0,5.0,1.2000000000000002,0.7999999999999998,6.0,6.0,6.0,0.0,0.0,0.0,0.0,0.0,0.0,0.0,4.0,4.0,4.0,0.0,0.0,0.0,0.0,0.0,0.0,0.0,4.0,4.0,4.0,0.0,0.0
20,4,10,5,0.2,0.2,0.3,dense,True,20,20,20,4,20,5,17,Shared MILP,stability_one_token_per_prompt,radius_derived,5,"0,10,20,30,40",0.0,0.0,0.0,0.0,0.0,1.0,1.0,1.0,0.0,0.0,5.1,4.5,5.5,0.5999999999999996,0.40000000000000036,5.1,4.5,5.5,0.5999999999999996,0.40000000000000036,4.2,3.0,5.0,1.2000000000000002,0.7999999999999998,6.0,6.0,6.0,0.0,0.0,0.0,0.0,0.0,0.0,0.0,4.0,4.0,4.0,0.0,0.0,0.0,0.0,0.0,0.0,0.0,4.0,4.0,4.0,0.0,0.0
20,4,10,5,0.2,0.2,0.3,dense,True,20,20,20,4,20,5,18,Shared MILP,stability_one_token_per_prompt,radius_derived,5,"0,10,20,30,40",0.0,0.0,0.0,0.0,0.0,1.0,1.0,1.0,0.0,0.0,5.1,4.5,5.5,0.5999999999999996,0.40000000000000036,5.1,4.5,5.5,0.5999999999999996,0.40000000000000036,4.2,3.0,5.0,1.2000000000000002,0.7999999999999998,6.0,6.0,6.0,0.0,0.0,0.0,0.0,0.0,0.0,0.0,4.0,4.0,4.0,0.0,0.0,0.0,0.0,0.0,0.0,0.0,4.0,4.0,4.0,0.0,0.0
20,4,10,5,0.2,0.2,0.3,dense,True,20,20,20,4,20,5,19,Shared MILP,stability_one_token_per_prompt,radius_derived,5,"0,10,20,30,40",0.0,0.0,0.0,0.0,0.0,1.0,1.0,1.0,0.0,0.0,5.1,4.5,5.5,0.5999999999999996,0.40000000000000036,5.1,4.5,5.5,0.5999999999999996,0.40000000000000036,4.2,3.0,5.0,1.2000000000000002,0.7999999999999998,6.0,6.0,6.0,0.0,0.0,0.0,0.0,0.0,0.0,0.0,4.0,4.0,4.0,0.0,0.0,0.0,0.0,0.0,0.0,0.0,4.0,4.0,4.0,0.0,0.0
20,4,10,5,0.2,0.2,0.3,dense,True,20,20,20,4,20,5,20,Shared MILP,stability_one_token_per_prompt,radius_derived,5,"0,10,20,30,40",0.0,0.0,0.0,0.0,0.0,1.0,1.0,1.0,0.0,0.0,5.1,4.5,5.5,0.5999999999999996,0.40000000000000036,5.1,4.5,5.5,0.5999999999999996,0.40000000000000036,4.2,3.0,5.0,1.2000000000000002,0.7999999999999998,6.0,6.0,6.0,0.0,0.0,0.0,0.0,0.0,0.0,0.0,4.0,4.0,4.0,0.0,0.0,0.0,0.0,0.0,0.0,0.0,4.0,4.0,4.0,0.0,0.0
20,4,10,5,0.2,0.2,0.3,dense,True,20,20,20,4,20,5,0,Shared MILP,stability_full_sequence_per_prompt,radius_derived,5,"0,10,20,30,40",1.0,1.0,1.0,0.0,0.0,0.0,0.0,0.0,0.0,0.0,8.9,8.75,9.25,0.15000000000000036,0.34999999999999964,9.0,9.0,9.0,0.0,0.0,8.4,8.0,9.0,0.40000000000000036,0.5999999999999996,9.2,9.0,10.0,0.1999999999999993,0.8000000000000007,4.0,4.0,4.0,0.0,0.0,4.0,4.0,4.0,0.0,0.0,0.0,0.0,0.0,0.0,0.0,4.0,4.0,4.0,0.0,0.0
20,4,10,5,0.2,0.2,0.3,dense,True,20,20,20,4,20,5,1,Shared MILP,stability_full_sequence_per_prompt,radius_derived,5,"0,10,20,30,40",1.0,1.0,1.0,0.0,0.0,0.0,0.0,0.0,0.0,0.0,8.9,8.75,9.25,0.15000000000000036,0.34999999999999964,9.0,9.0,9.0,0.0,0.0,8.4,8.0,9.0,0.40000000000000036,0.5999999999999996,9.2,9.0,10.0,0.1999999999999993,0.8000000000000007,4.0,4.0,4.0,0.0,0.0,4.0,4.0,4.0,0.0,0.0,0.0,0.0,0.0,0.0,0.0,4.0,4.0,4.0,0.0,0.0
20,4,10,5,0.2,0.2,0.3,dense,True,20,20,20,4,20,5,2,Shared MILP,stability_full_sequence_per_prompt,radius_derived,5,"0,10,20,30,40",1.0,1.0,1.0,0.0,0.0,0.0,0.0,0.0,0.0,0.0,8.9,8.75,9.25,0.15000000000000036,0.34999999999999964,9.0,9.0,9.0,0.0,0.0,8.4,8.0,9.0,0.40000000000000036,0.5999999999999996,9.2,9.0,10.0,0.1999999999999993,0.8000000000000007,4.0,4.0,4.0,0.0,0.0,4.0,4.0,4.0,0.0,0.0,0.0,0.0,0.0,0.0,0.0,4.0,4.0,4.0,0.0,0.0
20,4,10,5,0.2,0.2,0.3,dense,True,20,20,20,4,20,5,3,Shared MILP,stability_full_sequence_per_prompt,radius_derived,5,"0,10,20,30,40",1.0,1.0,1.0,0.0,0.0,0.0,0.0,0.0,0.0,0.0,8.9,8.75,9.25,0.15000000000000036,0.34999999999999964,9.0,9.0,9.0,0.0,0.0,8.4,8.0,9.0,0.40000000000000036,0.5999999999999996,9.2,9.0,10.0,0.1999999999999993,0.8000000000000007,4.0,4.0,4.0,0.0,0.0,4.0,4.0,4.0,0.0,0.0,0.0,0.0,0.0,0.0,0.0,4.0,4.0,4.0,0.0,0.0
20,4,10,5,0.2,0.2,0.3,dense,True,20,20,20,4,20,5,4,Shared MILP,stability_full_sequence_per_prompt,radius_derived,5,"0,10,20,30,40",1.0,1.0,1.0,0.0,0.0,0.0,0.0,0.0,0.0,0.0,8.9,8.75,9.25,0.15000000000000036,0.34999999999999964,9.0,9.0,9.0,0.0,0.0,8.4,8.0,9.0,0.40000000000000036,0.5999999999999996,9.2,9.0,10.0,0.1999999999999993,0.8000000000000007,4.0,4.0,4.0,0.0,0.0,4.0,4.0,4.0,0.0,0.0,0.0,0.0,0.0,0.0,0.0,4.0,4.0,4.0,0.0,0.0
20,4,10,5,0.2,0.2,0.3,dense,True,20,20,20,4,20,5,5,Shared MILP,stability_full_sequence_per_prompt,radius_derived,5,"0,10,20,30,40",1.0,1.0,1.0,0.0,0.0,0.0,0.0,0.0,0.0,0.0,8.9,8.75,9.25,0.15000000000000036,0.34999999999999964,9.0,9.0,9.0,0.0,0.0,8.4,8.0,9.0,0.40000000000000036,0.5999999999999996,9.2,9.0,10.0,0.1999999999999993,0.8000000000000007,4.0,4.0,4.0,0.0,0.0,4.0,4.0,4.0,0.0,0.0,0.0,0.0,0.0,0.0,0.0,4.0,4.0,4.0,0.0,0.0
20,4,10,5,0.2,0.2,0.3,dense,True,20,20,20,4,20,5,6,Shared MILP,stability_full_sequence_per_prompt,radius_derived,5,"0,10,20,30,40",1.0,1.0,1.0,0.0,0.0,0.0,0.0,0.0,0.0,0.0,8.9,8.75,9.25,0.15000000000000036,0.34999999999999964,9.0,9.0,9.0,0.0,0.0,8.4,8.0,9.0,0.40000000000000036,0.5999999999999996,9.2,9.0,10.0,0.1999999999999993,0.8000000000000007,4.0,4.0,4.0,0.0,0.0,4.0,4.0,4.0,0.0,0.0,0.0,0.0,0.0,0.0,0.0,4.0,4.0,4.0,0.0,0.0
20,4,10,5,0.2,0.2,0.3,dense,True,20,20,20,4,20,5,7,Shared MILP,stability_full_sequence_per_prompt,radius_derived,5,"0,10,20,30,40",1.0,1.0,1.0,0.0,0.0,0.0,0.0,0.0,0.0,0.0,8.9,8.75,9.25,0.15000000000000036,0.34999999999999964,9.0,9.0,9.0,0.0,0.0,8.4,8.0,9.0,0.40000000000000036,0.5999999999999996,9.2,9.0,10.0,0.1999999999999993,0.8000000000000007,4.0,4.0,4.0,0.0,0.0,4.0,4.0,4.0,0.0,0.0,0.0,0.0,0.0,0.0,0.0,4.0,4.0,4.0,0.0,0.0
20,4,10,5,0.2,0.2,0.3,dense,True,20,20,20,4,20,5,8,Shared MILP,stability_full_sequence_per_prompt,radius_derived,5,"0,10,20,30,40",0.85,0.75,1.0,0.09999999999999998,0.15000000000000002,0.15,0.0,0.25,0.15,0.1,8.9,8.75,9.25,0.15000000000000036,0.34999999999999964,9.0,9.0,9.0,0.0,0.0,8.4,8.0,9.0,0.40000000000000036,0.5999999999999996,9.2,9.0,10.0,0.1999999999999993,0.8000000000000007,3.4,3.0,4.0,0.3999999999999999,0.6000000000000001,4.0,4.0,4.0,0.0,0.0,0.0,0.0,0.0,0.0,0.0,4.0,4.0,4.0,0.0,0.0
20,4,10,5,0.2,0.2,0.3,dense,True,20,20,20,4,20,5,9,Shared MILP,stability_full_sequence_per_prompt,radius_derived,5,"0,10,20,30,40",0.05,0.0,0.25,0.05,0.2,0.95,0.75,1.0,0.19999999999999996,0.050000000000000044,8.9,8.75,9.25,0.15000000000000036,0.34999999999999964,9.0,9.0,9.0,0.0,0.0,8.4,8.0,9.0,0.40000000000000036,0.5999999999999996,9.2,9.0,10.0,0.1999999999999993,0.8000000000000007,0.2,0.0,1.0,0.2,0.8,4.0,4.0,4.0,0.0,0.0,0.0,0.0,0.0,0.0,0.0,4.0,4.0,4.0,0.0,0.0
20,4,10,5,0.2,0.2,0.3,dense,True,20,20,20,4,20,5,10,Shared MILP,stability_full_sequence_per_prompt,radius_derived,5,"0,10,20,30,40",0.0,0.0,0.0,0.0,0.0,1.0,1.0,1.0,0.0,0.0,8.9,8.75,9.25,0.15000000000000036,0.34999999999999964,9.0,9.0,9.0,0.0,0.0,8.4,8.0,9.0,0.40000000000000036,0.5999999999999996,9.2,9.0,10.0,0.1999999999999993,0.8000000000000007,0.0,0.0,0.0,0.0,0.0,4.0,4.0,4.0,0.0,0.0,0.0,0.0,0.0,0.0,0.0,4.0,4.0,4.0,0.0,0.0
20,4,10,5,0.2,0.2,0.3,dense,True,20,20,20,4,20,5,11,Shared MILP,stability_full_sequence_per_prompt,radius_derived,5,"0,10,20,30,40",0.0,0.0,0.0,0.0,0.0,1.0,1.0,1.0,0.0,0.0,8.9,8.75,9.25,0.15000000000000036,0.34999999999999964,9.0,9.0,9.0,0.0,0.0,8.4,8.0,9.0,0.40000000000000036,0.5999999999999996,9.2,9.0,10.0,0.1999999999999993,0.8000000000000007,0.0,0.0,0.0,0.0,0.0,4.0,4.0,4.0,0.0,0.0,0.0,0.0,0.0,0.0,0.0,4.0,4.0,4.0,0.0,0.0
20,4,10,5,0.2,0.2,0.3,dense,True,20,20,20,4,20,5,12,Shared MILP,stability_full_sequence_per_prompt,radius_derived,5,"0,10,20,30,40",0.0,0.0,0.0,0.0,0.0,1.0,1.0,1.0,0.0,0.0,8.9,8.75,9.25,0.15000000000000036,0.34999999999999964,9.0,9.0,9.0,0.0,0.0,8.4,8.0,9.0,0.40000000000000036,0.5999999999999996,9.2,9.0,10.0,0.1999999999999993,0.8000000000000007,0.0,0.0,0.0,0.0,0.0,4.0,4.0,4.0,0.0,0.0,0.0,0.0,0.0,0.0,0.0,4.0,4.0,4.0,0.0,0.0
20,4,10,5,0.2,0.2,0.3,dense,True,20,20,20,4,20,5,13,Shared MILP,stability_full_sequence_per_prompt,radius_derived,5,"0,10,20,30,40",0.0,0.0,0.0,0.0,0.0,1.0,1.0,1.0,0.0,0.0,8.9,8.75,9.25,0.15000000000000036,0.34999999999999964,9.0,9.0,9.0,0.0,0.0,8.4,8.0,9.0,0.40000000000000036,0.5999999999999996,9.2,9.0,10.0,0.1999999999999993,0.8000000000000007,0.0,0.0,0.0,0.0,0.0,4.0,4.0,4.0,0.0,0.0,0.0,0.0,0.0,0.0,0.0,4.0,4.0,4.0,0.0,0.0
20,4,10,5,0.2,0.2,0.3,dense,True,20,20,20,4,20,5,14,Shared MILP,stability_full_sequence_per_prompt,radius_derived,5,"0,10,20,30,40",0.0,0.0,0.0,0.0,0.0,1.0,1.0,1.0,0.0,0.0,8.9,8.75,9.25,0.15000000000000036,0.34999999999999964,9.0,9.0,9.0,0.0,0.0,8.4,8.0,9.0,0.40000000000000036,0.5999999999999996,9.2,9.0,10.0,0.1999999999999993,0.8000000000000007,0.0,0.0,0.0,0.0,0.0,4.0,4.0,4.0,0.0,0.0,0.0,0.0,0.0,0.0,0.0,4.0,4.0,4.0,0.0,0.0
20,4,10,5,0.2,0.2,0.3,dense,True,20,20,20,4,20,5,15,Shared MILP,stability_full_sequence_per_prompt,radius_derived,5,"0,10,20,30,40",0.0,0.0,0.0,0.0,0.0,1.0,1.0,1.0,0.0,0.0,8.9,8.75,9.25,0.15000000000000036,0.34999999999999964,9.0,9.0,9.0,0.0,0.0,8.4,8.0,9.0,0.40000000000000036,0.5999999999999996,9.2,9.0,10.0,0.1999999999999993,0.8000000000000007,0.0,0.0,0.0,0.0,0.0,4.0,4.0,4.0,0.0,0.0,0.0,0.0,0.0,0.0,0.0,4.0,4.0,4.0,0.0,0.0
20,4,10,5,0.2,0.2,0.3,dense,True,20,20,20,4,20,5,16,Shared MILP,stability_full_sequence_per_prompt,radius_derived,5,"0,10,20,30,40",0.0,0.0,0.0,0.0,0.0,1.0,1.0,1.0,0.0,0.0,8.9,8.75,9.25,0.15000000000000036,0.34999999999999964,9.0,9.0,9.0,0.0,0.0,8.4,8.0,9.0,0.40000000000000036,0.5999999999999996,9.2,9.0,10.0,0.1999999999999993,0.8000000000000007,0.0,0.0,0.0,0.0,0.0,4.0,4.0,4.0,0.0,0.0,0.0,0.0,0.0,0.0,0.0,4.0,4.0,4.0,0.0,0.0
20,4,10,5,0.2,0.2,0.3,dense,True,20,20,20,4,20,5,17,Shared MILP,stability_full_sequence_per_prompt,radius_derived,5,"0,10,20,30,40",0.0,0.0,0.0,0.0,0.0,1.0,1.0,1.0,0.0,0.0,8.9,8.75,9.25,0.15000000000000036,0.34999999999999964,9.0,9.0,9.0,0.0,0.0,8.4,8.0,9.0,0.40000000000000036,0.5999999999999996,9.2,9.0,10.0,0.1999999999999993,0.8000000000000007,0.0,0.0,0.0,0.0,0.0,4.0,4.0,4.0,0.0,0.0,0.0,0.0,0.0,0.0,0.0,4.0,4.0,4.0,0.0,0.0
20,4,10,5,0.2,0.2,0.3,dense,True,20,20,20,4,20,5,18,Shared MILP,stability_full_sequence_per_prompt,radius_derived,5,"0,10,20,30,40",0.0,0.0,0.0,0.0,0.0,1.0,1.0,1.0,0.0,0.0,8.9,8.75,9.25,0.15000000000000036,0.34999999999999964,9.0,9.0,9.0,0.0,0.0,8.4,8.0,9.0,0.40000000000000036,0.5999999999999996,9.2,9.0,10.0,0.1999999999999993,0.8000000000000007,0.0,0.0,0.0,0.0,0.0,4.0,4.0,4.0,0.0,0.0,0.0,0.0,0.0,0.0,0.0,4.0,4.0,4.0,0.0,0.0
20,4,10,5,0.2,0.2,0.3,dense,True,20,20,20,4,20,5,19,Shared MILP,stability_full_sequence_per_prompt,radius_derived,5,"0,10,20,30,40",0.0,0.0,0.0,0.0,0.0,1.0,1.0,1.0,0.0,0.0,8.9,8.75,9.25,0.15000000000000036,0.34999999999999964,9.0,9.0,9.0,0.0,0.0,8.4,8.0,9.0,0.40000000000000036,0.5999999999999996,9.2,9.0,10.0,0.1999999999999993,0.8000000000000007,0.0,0.0,0.0,0.0,0.0,4.0,4.0,4.0,0.0,0.0,0.0,0.0,0.0,0.0,0.0,4.0,4.0,4.0,0.0,0.0
20,4,10,5,0.2,0.2,0.3,dense,True,20,20,20,4,20,5,20,Shared MILP,stability_full_sequence_per_prompt,radius_derived,5,"0,10,20,30,40",0.0,0.0,0.0,0.0,0.0,1.0,1.0,1.0,0.0,0.0,8.9,8.75,9.25,0.15000000000000036,0.34999999999999964,9.0,9.0,9.0,0.0,0.0,8.4,8.0,9.0,0.40000000000000036,0.5999999999999996,9.2,9.0,10.0,0.1999999999999993,0.8000000000000007,0.0,0.0,0.0,0.0,0.0,4.0,4.0,4.0,0.0,0.0,0.0,0.0,0.0,0.0,0.0,4.0,4.0,4.0,0.0,0.0
20,4,10,5,0.2,0.2,0.3,dense,True,20,20,20,4,20,5,0,Plain DPA max token,validity_full_harmful_sequence_per_prompt,radius_derived,5,"0,10,20,30,40",1.0,1.0,1.0,0.0,0.0,0.0,0.0,0.0,0.0,0.0,5.45,4.75,6.25,0.7000000000000002,0.7999999999999998,5.6,5.0,6.5,0.5999999999999996,0.9000000000000004,4.2,4.0,5.0,0.20000000000000018,0.7999999999999998,6.4,5.0,7.0,1.4000000000000004,0.5999999999999996,4.0,4.0,4.0,0.0,0.0,4.0,4.0,4.0,0.0,0.0,0.0,0.0,0.0,0.0,0.0,4.0,4.0,4.0,0.0,0.0
20,4,10,5,0.2,0.2,0.3,dense,True,20,20,20,4,20,5,1,Plain DPA max token,validity_full_harmful_sequence_per_prompt,radius_derived,5,"0,10,20,30,40",1.0,1.0,1.0,0.0,0.0,0.0,0.0,0.0,0.0,0.0,5.45,4.75,6.25,0.7000000000000002,0.7999999999999998,5.6,5.0,6.5,0.5999999999999996,0.9000000000000004,4.2,4.0,5.0,0.20000000000000018,0.7999999999999998,6.4,5.0,7.0,1.4000000000000004,0.5999999999999996,4.0,4.0,4.0,0.0,0.0,4.0,4.0,4.0,0.0,0.0,0.0,0.0,0.0,0.0,0.0,4.0,4.0,4.0,0.0,0.0
20,4,10,5,0.2,0.2,0.3,dense,True,20,20,20,4,20,5,2,Plain DPA max token,validity_full_harmful_sequence_per_prompt,radius_derived,5,"0,10,20,30,40",1.0,1.0,1.0,0.0,0.0,0.0,0.0,0.0,0.0,0.0,5.45,4.75,6.25,0.7000000000000002,0.7999999999999998,5.6,5.0,6.5,0.5999999999999996,0.9000000000000004,4.2,4.0,5.0,0.20000000000000018,0.7999999999999998,6.4,5.0,7.0,1.4000000000000004,0.5999999999999996,4.0,4.0,4.0,0.0,0.0,4.0,4.0,4.0,0.0,0.0,0.0,0.0,0.0,0.0,0.0,4.0,4.0,4.0,0.0,0.0
20,4,10,5,0.2,0.2,0.3,dense,True,20,20,20,4,20,5,3,Plain DPA max token,validity_full_harmful_sequence_per_prompt,radius_derived,5,"0,10,20,30,40",1.0,1.0,1.0,0.0,0.0,0.0,0.0,0.0,0.0,0.0,5.45,4.75,6.25,0.7000000000000002,0.7999999999999998,5.6,5.0,6.5,0.5999999999999996,0.9000000000000004,4.2,4.0,5.0,0.20000000000000018,0.7999999999999998,6.4,5.0,7.0,1.4000000000000004,0.5999999999999996,4.0,4.0,4.0,0.0,0.0,4.0,4.0,4.0,0.0,0.0,0.0,0.0,0.0,0.0,0.0,4.0,4.0,4.0,0.0,0.0
20,4,10,5,0.2,0.2,0.3,dense,True,20,20,20,4,20,5,4,Plain DPA max token,validity_full_harmful_sequence_per_prompt,radius_derived,5,"0,10,20,30,40",0.8,0.75,1.0,0.050000000000000044,0.19999999999999996,0.2,0.0,0.25,0.2,0.04999999999999999,5.45,4.75,6.25,0.7000000000000002,0.7999999999999998,5.6,5.0,6.5,0.5999999999999996,0.9000000000000004,4.2,4.0,5.0,0.20000000000000018,0.7999999999999998,6.4,5.0,7.0,1.4000000000000004,0.5999999999999996,3.2,3.0,4.0,0.20000000000000018,0.7999999999999998,4.0,4.0,4.0,0.0,0.0,0.0,0.0,0.0,0.0,0.0,4.0,4.0,4.0,0.0,0.0
20,4,10,5,0.2,0.2,0.3,dense,True,20,20,20,4,20,5,5,Plain DPA max token,validity_full_harmful_sequence_per_prompt,radius_derived,5,"0,10,20,30,40",0.4,0.0,0.75,0.4,0.35,0.6,0.25,1.0,0.35,0.4,5.45,4.75,6.25,0.7000000000000002,0.7999999999999998,5.6,5.0,6.5,0.5999999999999996,0.9000000000000004,4.2,4.0,5.0,0.20000000000000018,0.7999999999999998,6.4,5.0,7.0,1.4000000000000004,0.5999999999999996,1.6,0.0,3.0,1.6,1.4,4.0,4.0,4.0,0.0,0.0,0.0,0.0,0.0,0.0,0.0,4.0,4.0,4.0,0.0,0.0
20,4,10,5,0.2,0.2,0.3,dense,True,20,20,20,4,20,5,6,Plain DPA max token,validity_full_harmful_sequence_per_prompt,radius_derived,5,"0,10,20,30,40",0.25,0.0,0.5,0.25,0.25,0.75,0.5,1.0,0.25,0.25,5.45,4.75,6.25,0.7000000000000002,0.7999999999999998,5.6,5.0,6.5,0.5999999999999996,0.9000000000000004,4.2,4.0,5.0,0.20000000000000018,0.7999999999999998,6.4,5.0,7.0,1.4000000000000004,0.5999999999999996,1.0,0.0,2.0,1.0,1.0,4.0,4.0,4.0,0.0,0.0,0.0,0.0,0.0,0.0,0.0,4.0,4.0,4.0,0.0,0.0
20,4,10,5,0.2,0.2,0.3,dense,True,20,20,20,4,20,5,7,Plain DPA max token,validity_full_harmful_sequence_per_prompt,radius_derived,5,"0,10,20,30,40",0.0,0.0,0.0,0.0,0.0,1.0,1.0,1.0,0.0,0.0,5.45,4.75,6.25,0.7000000000000002,0.7999999999999998,5.6,5.0,6.5,0.5999999999999996,0.9000000000000004,4.2,4.0,5.0,0.20000000000000018,0.7999999999999998,6.4,5.0,7.0,1.4000000000000004,0.5999999999999996,0.0,0.0,0.0,0.0,0.0,4.0,4.0,4.0,0.0,0.0,0.0,0.0,0.0,0.0,0.0,4.0,4.0,4.0,0.0,0.0
20,4,10,5,0.2,0.2,0.3,dense,True,20,20,20,4,20,5,8,Plain DPA max token,validity_full_harmful_sequence_per_prompt,radius_derived,5,"0,10,20,30,40",0.0,0.0,0.0,0.0,0.0,1.0,1.0,1.0,0.0,0.0,5.45,4.75,6.25,0.7000000000000002,0.7999999999999998,5.6,5.0,6.5,0.5999999999999996,0.9000000000000004,4.2,4.0,5.0,0.20000000000000018,0.7999999999999998,6.4,5.0,7.0,1.4000000000000004,0.5999999999999996,0.0,0.0,0.0,0.0,0.0,4.0,4.0,4.0,0.0,0.0,0.0,0.0,0.0,0.0,0.0,4.0,4.0,4.0,0.0,0.0
20,4,10,5,0.2,0.2,0.3,dense,True,20,20,20,4,20,5,9,Plain DPA max token,validity_full_harmful_sequence_per_prompt,radius_derived,5,"0,10,20,30,40",0.0,0.0,0.0,0.0,0.0,1.0,1.0,1.0,0.0,0.0,5.45,4.75,6.25,0.7000000000000002,0.7999999999999998,5.6,5.0,6.5,0.5999999999999996,0.9000000000000004,4.2,4.0,5.0,0.20000000000000018,0.7999999999999998,6.4,5.0,7.0,1.4000000000000004,0.5999999999999996,0.0,0.0,0.0,0.0,0.0,4.0,4.0,4.0,0.0,0.0,0.0,0.0,0.0,0.0,0.0,4.0,4.0,4.0,0.0,0.0
20,4,10,5,0.2,0.2,0.3,dense,True,20,20,20,4,20,5,10,Plain DPA max token,validity_full_harmful_sequence_per_prompt,radius_derived,5,"0,10,20,30,40",0.0,0.0,0.0,0.0,0.0,1.0,1.0,1.0,0.0,0.0,5.45,4.75,6.25,0.7000000000000002,0.7999999999999998,5.6,5.0,6.5,0.5999999999999996,0.9000000000000004,4.2,4.0,5.0,0.20000000000000018,0.7999999999999998,6.4,5.0,7.0,1.4000000000000004,0.5999999999999996,0.0,0.0,0.0,0.0,0.0,4.0,4.0,4.0,0.0,0.0,0.0,0.0,0.0,0.0,0.0,4.0,4.0,4.0,0.0,0.0
20,4,10,5,0.2,0.2,0.3,dense,True,20,20,20,4,20,5,11,Plain DPA max token,validity_full_harmful_sequence_per_prompt,radius_derived,5,"0,10,20,30,40",0.0,0.0,0.0,0.0,0.0,1.0,1.0,1.0,0.0,0.0,5.45,4.75,6.25,0.7000000000000002,0.7999999999999998,5.6,5.0,6.5,0.5999999999999996,0.9000000000000004,4.2,4.0,5.0,0.20000000000000018,0.7999999999999998,6.4,5.0,7.0,1.4000000000000004,0.5999999999999996,0.0,0.0,0.0,0.0,0.0,4.0,4.0,4.0,0.0,0.0,0.0,0.0,0.0,0.0,0.0,4.0,4.0,4.0,0.0,0.0
20,4,10,5,0.2,0.2,0.3,dense,True,20,20,20,4,20,5,12,Plain DPA max token,validity_full_harmful_sequence_per_prompt,radius_derived,5,"0,10,20,30,40",0.0,0.0,0.0,0.0,0.0,1.0,1.0,1.0,0.0,0.0,5.45,4.75,6.25,0.7000000000000002,0.7999999999999998,5.6,5.0,6.5,0.5999999999999996,0.9000000000000004,4.2,4.0,5.0,0.20000000000000018,0.7999999999999998,6.4,5.0,7.0,1.4000000000000004,0.5999999999999996,0.0,0.0,0.0,0.0,0.0,4.0,4.0,4.0,0.0,0.0,0.0,0.0,0.0,0.0,0.0,4.0,4.0,4.0,0.0,0.0
20,4,10,5,0.2,0.2,0.3,dense,True,20,20,20,4,20,5,13,Plain DPA max token,validity_full_harmful_sequence_per_prompt,radius_derived,5,"0,10,20,30,40",0.0,0.0,0.0,0.0,0.0,1.0,1.0,1.0,0.0,0.0,5.45,4.75,6.25,0.7000000000000002,0.7999999999999998,5.6,5.0,6.5,0.5999999999999996,0.9000000000000004,4.2,4.0,5.0,0.20000000000000018,0.7999999999999998,6.4,5.0,7.0,1.4000000000000004,0.5999999999999996,0.0,0.0,0.0,0.0,0.0,4.0,4.0,4.0,0.0,0.0,0.0,0.0,0.0,0.0,0.0,4.0,4.0,4.0,0.0,0.0
20,4,10,5,0.2,0.2,0.3,dense,True,20,20,20,4,20,5,14,Plain DPA max token,validity_full_harmful_sequence_per_prompt,radius_derived,5,"0,10,20,30,40",0.0,0.0,0.0,0.0,0.0,1.0,1.0,1.0,0.0,0.0,5.45,4.75,6.25,0.7000000000000002,0.7999999999999998,5.6,5.0,6.5,0.5999999999999996,0.9000000000000004,4.2,4.0,5.0,0.20000000000000018,0.7999999999999998,6.4,5.0,7.0,1.4000000000000004,0.5999999999999996,0.0,0.0,0.0,0.0,0.0,4.0,4.0,4.0,0.0,0.0,0.0,0.0,0.0,0.0,0.0,4.0,4.0,4.0,0.0,0.0
20,4,10,5,0.2,0.2,0.3,dense,True,20,20,20,4,20,5,15,Plain DPA max token,validity_full_harmful_sequence_per_prompt,radius_derived,5,"0,10,20,30,40",0.0,0.0,0.0,0.0,0.0,1.0,1.0,1.0,0.0,0.0,5.45,4.75,6.25,0.7000000000000002,0.7999999999999998,5.6,5.0,6.5,0.5999999999999996,0.9000000000000004,4.2,4.0,5.0,0.20000000000000018,0.7999999999999998,6.4,5.0,7.0,1.4000000000000004,0.5999999999999996,0.0,0.0,0.0,0.0,0.0,4.0,4.0,4.0,0.0,0.0,0.0,0.0,0.0,0.0,0.0,4.0,4.0,4.0,0.0,0.0
20,4,10,5,0.2,0.2,0.3,dense,True,20,20,20,4,20,5,16,Plain DPA max token,validity_full_harmful_sequence_per_prompt,radius_derived,5,"0,10,20,30,40",0.0,0.0,0.0,0.0,0.0,1.0,1.0,1.0,0.0,0.0,5.45,4.75,6.25,0.7000000000000002,0.7999999999999998,5.6,5.0,6.5,0.5999999999999996,0.9000000000000004,4.2,4.0,5.0,0.20000000000000018,0.7999999999999998,6.4,5.0,7.0,1.4000000000000004,0.5999999999999996,0.0,0.0,0.0,0.0,0.0,4.0,4.0,4.0,0.0,0.0,0.0,0.0,0.0,0.0,0.0,4.0,4.0,4.0,0.0,0.0
20,4,10,5,0.2,0.2,0.3,dense,True,20,20,20,4,20,5,17,Plain DPA max token,validity_full_harmful_sequence_per_prompt,radius_derived,5,"0,10,20,30,40",0.0,0.0,0.0,0.0,0.0,1.0,1.0,1.0,0.0,0.0,5.45,4.75,6.25,0.7000000000000002,0.7999999999999998,5.6,5.0,6.5,0.5999999999999996,0.9000000000000004,4.2,4.0,5.0,0.20000000000000018,0.7999999999999998,6.4,5.0,7.0,1.4000000000000004,0.5999999999999996,0.0,0.0,0.0,0.0,0.0,4.0,4.0,4.0,0.0,0.0,0.0,0.0,0.0,0.0,0.0,4.0,4.0,4.0,0.0,0.0
20,4,10,5,0.2,0.2,0.3,dense,True,20,20,20,4,20,5,18,Plain DPA max token,validity_full_harmful_sequence_per_prompt,radius_derived,5,"0,10,20,30,40",0.0,0.0,0.0,0.0,0.0,1.0,1.0,1.0,0.0,0.0,5.45,4.75,6.25,0.7000000000000002,0.7999999999999998,5.6,5.0,6.5,0.5999999999999996,0.9000000000000004,4.2,4.0,5.0,0.20000000000000018,0.7999999999999998,6.4,5.0,7.0,1.4000000000000004,0.5999999999999996,0.0,0.0,0.0,0.0,0.0,4.0,4.0,4.0,0.0,0.0,0.0,0.0,0.0,0.0,0.0,4.0,4.0,4.0,0.0,0.0
20,4,10,5,0.2,0.2,0.3,dense,True,20,20,20,4,20,5,19,Plain DPA max token,validity_full_harmful_sequence_per_prompt,radius_derived,5,"0,10,20,30,40",0.0,0.0,0.0,0.0,0.0,1.0,1.0,1.0,0.0,0.0,5.45,4.75,6.25,0.7000000000000002,0.7999999999999998,5.6,5.0,6.5,0.5999999999999996,0.9000000000000004,4.2,4.0,5.0,0.20000000000000018,0.7999999999999998,6.4,5.0,7.0,1.4000000000000004,0.5999999999999996,0.0,0.0,0.0,0.0,0.0,4.0,4.0,4.0,0.0,0.0,0.0,0.0,0.0,0.0,0.0,4.0,4.0,4.0,0.0,0.0
20,4,10,5,0.2,0.2,0.3,dense,True,20,20,20,4,20,5,20,Plain DPA max token,validity_full_harmful_sequence_per_prompt,radius_derived,5,"0,10,20,30,40",0.0,0.0,0.0,0.0,0.0,1.0,1.0,1.0,0.0,0.0,5.45,4.75,6.25,0.7000000000000002,0.7999999999999998,5.6,5.0,6.5,0.5999999999999996,0.9000000000000004,4.2,4.0,5.0,0.20000000000000018,0.7999999999999998,6.4,5.0,7.0,1.4000000000000004,0.5999999999999996,0.0,0.0,0.0,0.0,0.0,4.0,4.0,4.0,0.0,0.0,0.0,0.0,0.0,0.0,0.0,4.0,4.0,4.0,0.0,0.0
20,4,10,5,0.2,0.2,0.3,dense,True,20,20,20,4,20,5,0,Shard-aware weakest-token diagnostic,weakest_harmful_token_not_full_sequence_validity,radius_derived,5,"0,10,20,30,40",0.15,0.0,0.25,0.15,0.1,0.85,0.75,1.0,0.09999999999999998,0.15000000000000002,0.15,0.0,0.25,0.15,0.1,0.0,0.0,0.0,0.0,0.0,0.0,0.0,0.0,0.0,0.0,0.6,0.0,1.0,0.6,0.4,0.6,0.0,1.0,0.6,0.4,4.0,4.0,4.0,0.0,0.0,0.0,0.0,0.0,0.0,0.0,4.0,4.0,4.0,0.0,0.0
20,4,10,5,0.2,0.2,0.3,dense,True,20,20,20,4,20,5,1,Shard-aware weakest-token diagnostic,weakest_harmful_token_not_full_sequence_validity,radius_derived,5,"0,10,20,30,40",0.0,0.0,0.0,0.0,0.0,1.0,1.0,1.0,0.0,0.0,0.15,0.0,0.25,0.15,0.1,0.0,0.0,0.0,0.0,0.0,0.0,0.0,0.0,0.0,0.0,0.6,0.0,1.0,0.6,0.4,0.0,0.0,0.0,0.0,0.0,4.0,4.0,4.0,0.0,0.0,0.0,0.0,0.0,0.0,0.0,4.0,4.0,4.0,0.0,0.0
20,4,10,5,0.2,0.2,0.3,dense,True,20,20,20,4,20,5,2,Shard-aware weakest-token diagnostic,weakest_harmful_token_not_full_sequence_validity,radius_derived,5,"0,10,20,30,40",0.0,0.0,0.0,0.0,0.0,1.0,1.0,1.0,0.0,0.0,0.15,0.0,0.25,0.15,0.1,0.0,0.0,0.0,0.0,0.0,0.0,0.0,0.0,0.0,0.0,0.6,0.0,1.0,0.6,0.4,0.0,0.0,0.0,0.0,0.0,4.0,4.0,4.0,0.0,0.0,0.0,0.0,0.0,0.0,0.0,4.0,4.0,4.0,0.0,0.0
20,4,10,5,0.2,0.2,0.3,dense,True,20,20,20,4,20,5,3,Shard-aware weakest-token diagnostic,weakest_harmful_token_not_full_sequence_validity,radius_derived,5,"0,10,20,30,40",0.0,0.0,0.0,0.0,0.0,1.0,1.0,1.0,0.0,0.0,0.15,0.0,0.25,0.15,0.1,0.0,0.0,0.0,0.0,0.0,0.0,0.0,0.0,0.0,0.0,0.6,0.0,1.0,0.6,0.4,0.0,0.0,0.0,0.0,0.0,4.0,4.0,4.0,0.0,0.0,0.0,0.0,0.0,0.0,0.0,4.0,4.0,4.0,0.0,0.0
20,4,10,5,0.2,0.2,0.3,dense,True,20,20,20,4,20,5,4,Shard-aware weakest-token diagnostic,weakest_harmful_token_not_full_sequence_validity,radius_derived,5,"0,10,20,30,40",0.0,0.0,0.0,0.0,0.0,1.0,1.0,1.0,0.0,0.0,0.15,0.0,0.25,0.15,0.1,0.0,0.0,0.0,0.0,0.0,0.0,0.0,0.0,0.0,0.0,0.6,0.0,1.0,0.6,0.4,0.0,0.0,0.0,0.0,0.0,4.0,4.0,4.0,0.0,0.0,0.0,0.0,0.0,0.0,0.0,4.0,4.0,4.0,0.0,0.0
20,4,10,5,0.2,0.2,0.3,dense,True,20,20,20,4,20,5,5,Shard-aware weakest-token diagnostic,weakest_harmful_token_not_full_sequence_validity,radius_derived,5,"0,10,20,30,40",0.0,0.0,0.0,0.0,0.0,1.0,1.0,1.0,0.0,0.0,0.15,0.0,0.25,0.15,0.1,0.0,0.0,0.0,0.0,0.0,0.0,0.0,0.0,0.0,0.0,0.6,0.0,1.0,0.6,0.4,0.0,0.0,0.0,0.0,0.0,4.0,4.0,4.0,0.0,0.0,0.0,0.0,0.0,0.0,0.0,4.0,4.0,4.0,0.0,0.0
20,4,10,5,0.2,0.2,0.3,dense,True,20,20,20,4,20,5,6,Shard-aware weakest-token diagnostic,weakest_harmful_token_not_full_sequence_validity,radius_derived,5,"0,10,20,30,40",0.0,0.0,0.0,0.0,0.0,1.0,1.0,1.0,0.0,0.0,0.15,0.0,0.25,0.15,0.1,0.0,0.0,0.0,0.0,0.0,0.0,0.0,0.0,0.0,0.0,0.6,0.0,1.0,0.6,0.4,0.0,0.0,0.0,0.0,0.0,4.0,4.0,4.0,0.0,0.0,0.0,0.0,0.0,0.0,0.0,4.0,4.0,4.0,0.0,0.0
20,4,10,5,0.2,0.2,0.3,dense,True,20,20,20,4,20,5,7,Shard-aware weakest-token diagnostic,weakest_harmful_token_not_full_sequence_validity,radius_derived,5,"0,10,20,30,40",0.0,0.0,0.0,0.0,0.0,1.0,1.0,1.0,0.0,0.0,0.15,0.0,0.25,0.15,0.1,0.0,0.0,0.0,0.0,0.0,0.0,0.0,0.0,0.0,0.0,0.6,0.0,1.0,0.6,0.4,0.0,0.0,0.0,0.0,0.0,4.0,4.0,4.0,0.0,0.0,0.0,0.0,0.0,0.0,0.0,4.0,4.0,4.0,0.0,0.0
20,4,10,5,0.2,0.2,0.3,dense,True,20,20,20,4,20,5,8,Shard-aware weakest-token diagnostic,weakest_harmful_token_not_full_sequence_validity,radius_derived,5,"0,10,20,30,40",0.0,0.0,0.0,0.0,0.0,1.0,1.0,1.0,0.0,0.0,0.15,0.0,0.25,0.15,0.1,0.0,0.0,0.0,0.0,0.0,0.0,0.0,0.0,0.0,0.0,0.6,0.0,1.0,0.6,0.4,0.0,0.0,0.0,0.0,0.0,4.0,4.0,4.0,0.0,0.0,0.0,0.0,0.0,0.0,0.0,4.0,4.0,4.0,0.0,0.0
20,4,10,5,0.2,0.2,0.3,dense,True,20,20,20,4,20,5,9,Shard-aware weakest-token diagnostic,weakest_harmful_token_not_full_sequence_validity,radius_derived,5,"0,10,20,30,40",0.0,0.0,0.0,0.0,0.0,1.0,1.0,1.0,0.0,0.0,0.15,0.0,0.25,0.15,0.1,0.0,0.0,0.0,0.0,0.0,0.0,0.0,0.0,0.0,0.0,0.6,0.0,1.0,0.6,0.4,0.0,0.0,0.0,0.0,0.0,4.0,4.0,4.0,0.0,0.0,0.0,0.0,0.0,0.0,0.0,4.0,4.0,4.0,0.0,0.0
20,4,10,5,0.2,0.2,0.3,dense,True,20,20,20,4,20,5,10,Shard-aware weakest-token diagnostic,weakest_harmful_token_not_full_sequence_validity,radius_derived,5,"0,10,20,30,40",0.0,0.0,0.0,0.0,0.0,1.0,1.0,1.0,0.0,0.0,0.15,0.0,0.25,0.15,0.1,0.0,0.0,0.0,0.0,0.0,0.0,0.0,0.0,0.0,0.0,0.6,0.0,1.0,0.6,0.4,0.0,0.0,0.0,0.0,0.0,4.0,4.0,4.0,0.0,0.0,0.0,0.0,0.0,0.0,0.0,4.0,4.0,4.0,0.0,0.0
20,4,10,5,0.2,0.2,0.3,dense,True,20,20,20,4,20,5,11,Shard-aware weakest-token diagnostic,weakest_harmful_token_not_full_sequence_validity,radius_derived,5,"0,10,20,30,40",0.0,0.0,0.0,0.0,0.0,1.0,1.0,1.0,0.0,0.0,0.15,0.0,0.25,0.15,0.1,0.0,0.0,0.0,0.0,0.0,0.0,0.0,0.0,0.0,0.0,0.6,0.0,1.0,0.6,0.4,0.0,0.0,0.0,0.0,0.0,4.0,4.0,4.0,0.0,0.0,0.0,0.0,0.0,0.0,0.0,4.0,4.0,4.0,0.0,0.0
20,4,10,5,0.2,0.2,0.3,dense,True,20,20,20,4,20,5,12,Shard-aware weakest-token diagnostic,weakest_harmful_token_not_full_sequence_validity,radius_derived,5,"0,10,20,30,40",0.0,0.0,0.0,0.0,0.0,1.0,1.0,1.0,0.0,0.0,0.15,0.0,0.25,0.15,0.1,0.0,0.0,0.0,0.0,0.0,0.0,0.0,0.0,0.0,0.0,0.6,0.0,1.0,0.6,0.4,0.0,0.0,0.0,0.0,0.0,4.0,4.0,4.0,0.0,0.0,0.0,0.0,0.0,0.0,0.0,4.0,4.0,4.0,0.0,0.0
20,4,10,5,0.2,0.2,0.3,dense,True,20,20,20,4,20,5,13,Shard-aware weakest-token diagnostic,weakest_harmful_token_not_full_sequence_validity,radius_derived,5,"0,10,20,30,40",0.0,0.0,0.0,0.0,0.0,1.0,1.0,1.0,0.0,0.0,0.15,0.0,0.25,0.15,0.1,0.0,0.0,0.0,0.0,0.0,0.0,0.0,0.0,0.0,0.0,0.6,0.0,1.0,0.6,0.4,0.0,0.0,0.0,0.0,0.0,4.0,4.0,4.0,0.0,0.0,0.0,0.0,0.0,0.0,0.0,4.0,4.0,4.0,0.0,0.0
20,4,10,5,0.2,0.2,0.3,dense,True,20,20,20,4,20,5,14,Shard-aware weakest-token diagnostic,weakest_harmful_token_not_full_sequence_validity,radius_derived,5,"0,10,20,30,40",0.0,0.0,0.0,0.0,0.0,1.0,1.0,1.0,0.0,0.0,0.15,0.0,0.25,0.15,0.1,0.0,0.0,0.0,0.0,0.0,0.0,0.0,0.0,0.0,0.0,0.6,0.0,1.0,0.6,0.4,0.0,0.0,0.0,0.0,0.0,4.0,4.0,4.0,0.0,0.0,0.0,0.0,0.0,0.0,0.0,4.0,4.0,4.0,0.0,0.0
20,4,10,5,0.2,0.2,0.3,dense,True,20,20,20,4,20,5,15,Shard-aware weakest-token diagnostic,weakest_harmful_token_not_full_sequence_validity,radius_derived,5,"0,10,20,30,40",0.0,0.0,0.0,0.0,0.0,1.0,1.0,1.0,0.0,0.0,0.15,0.0,0.25,0.15,0.1,0.0,0.0,0.0,0.0,0.0,0.0,0.0,0.0,0.0,0.0,0.6,0.0,1.0,0.6,0.4,0.0,0.0,0.0,0.0,0.0,4.0,4.0,4.0,0.0,0.0,0.0,0.0,0.0,0.0,0.0,4.0,4.0,4.0,0.0,0.0
20,4,10,5,0.2,0.2,0.3,dense,True,20,20,20,4,20,5,16,Shard-aware weakest-token diagnostic,weakest_harmful_token_not_full_sequence_validity,radius_derived,5,"0,10,20,30,40",0.0,0.0,0.0,0.0,0.0,1.0,1.0,1.0,0.0,0.0,0.15,0.0,0.25,0.15,0.1,0.0,0.0,0.0,0.0,0.0,0.0,0.0,0.0,0.0,0.0,0.6,0.0,1.0,0.6,0.4,0.0,0.0,0.0,0.0,0.0,4.0,4.0,4.0,0.0,0.0,0.0,0.0,0.0,0.0,0.0,4.0,4.0,4.0,0.0,0.0
20,4,10,5,0.2,0.2,0.3,dense,True,20,20,20,4,20,5,17,Shard-aware weakest-token diagnostic,weakest_harmful_token_not_full_sequence_validity,radius_derived,5,"0,10,20,30,40",0.0,0.0,0.0,0.0,0.0,1.0,1.0,1.0,0.0,0.0,0.15,0.0,0.25,0.15,0.1,0.0,0.0,0.0,0.0,0.0,0.0,0.0,0.0,0.0,0.0,0.6,0.0,1.0,0.6,0.4,0.0,0.0,0.0,0.0,0.0,4.0,4.0,4.0,0.0,0.0,0.0,0.0,0.0,0.0,0.0,4.0,4.0,4.0,0.0,0.0
20,4,10,5,0.2,0.2,0.3,dense,True,20,20,20,4,20,5,18,Shard-aware weakest-token diagnostic,weakest_harmful_token_not_full_sequence_validity,radius_derived,5,"0,10,20,30,40",0.0,0.0,0.0,0.0,0.0,1.0,1.0,1.0,0.0,0.0,0.15,0.0,0.25,0.15,0.1,0.0,0.0,0.0,0.0,0.0,0.0,0.0,0.0,0.0,0.0,0.6,0.0,1.0,0.6,0.4,0.0,0.0,0.0,0.0,0.0,4.0,4.0,4.0,0.0,0.0,0.0,0.0,0.0,0.0,0.0,4.0,4.0,4.0,0.0,0.0
20,4,10,5,0.2,0.2,0.3,dense,True,20,20,20,4,20,5,19,Shard-aware weakest-token diagnostic,weakest_harmful_token_not_full_sequence_validity,radius_derived,5,"0,10,20,30,40",0.0,0.0,0.0,0.0,0.0,1.0,1.0,1.0,0.0,0.0,0.15,0.0,0.25,0.15,0.1,0.0,0.0,0.0,0.0,0.0,0.0,0.0,0.0,0.0,0.0,0.6,0.0,1.0,0.6,0.4,0.0,0.0,0.0,0.0,0.0,4.0,4.0,4.0,0.0,0.0,0.0,0.0,0.0,0.0,0.0,4.0,4.0,4.0,0.0,0.0
20,4,10,5,0.2,0.2,0.3,dense,True,20,20,20,4,20,5,20,Shard-aware weakest-token diagnostic,weakest_harmful_token_not_full_sequence_validity,radius_derived,5,"0,10,20,30,40",0.0,0.0,0.0,0.0,0.0,1.0,1.0,1.0,0.0,0.0,0.15,0.0,0.25,0.15,0.1,0.0,0.0,0.0,0.0,0.0,0.0,0.0,0.0,0.0,0.0,0.6,0.0,1.0,0.6,0.4,0.0,0.0,0.0,0.0,0.0,4.0,4.0,4.0,0.0,0.0,0.0,0.0,0.0,0.0,0.0,4.0,4.0,4.0,0.0,0.0
20,4,10,5,0.2,0.2,0.3,dense,True,20,20,20,4,20,5,0,Shard-aware independent max-token diagnostic,most_difficult_harmful_token_not_full_sequence_validity,radius_derived,5,"0,10,20,30,40",1.0,1.0,1.0,0.0,0.0,0.0,0.0,0.0,0.0,0.0,5.45,4.75,6.25,0.7000000000000002,0.7999999999999998,5.6,5.0,6.5,0.5999999999999996,0.9000000000000004,4.2,4.0,5.0,0.20000000000000018,0.7999999999999998,6.4,5.0,7.0,1.4000000000000004,0.5999999999999996,4.0,4.0,4.0,0.0,0.0,4.0,4.0,4.0,0.0,0.0,0.0,0.0,0.0,0.0,0.0,4.0,4.0,4.0,0.0,0.0
20,4,10,5,0.2,0.2,0.3,dense,True,20,20,20,4,20,5,1,Shard-aware independent max-token diagnostic,most_difficult_harmful_token_not_full_sequence_validity,radius_derived,5,"0,10,20,30,40",1.0,1.0,1.0,0.0,0.0,0.0,0.0,0.0,0.0,0.0,5.45,4.75,6.25,0.7000000000000002,0.7999999999999998,5.6,5.0,6.5,0.5999999999999996,0.9000000000000004,4.2,4.0,5.0,0.20000000000000018,0.7999999999999998,6.4,5.0,7.0,1.4000000000000004,0.5999999999999996,4.0,4.0,4.0,0.0,0.0,4.0,4.0,4.0,0.0,0.0,0.0,0.0,0.0,0.0,0.0,4.0,4.0,4.0,0.0,0.0
20,4,10,5,0.2,0.2,0.3,dense,True,20,20,20,4,20,5,2,Shard-aware independent max-token diagnostic,most_difficult_harmful_token_not_full_sequence_validity,radius_derived,5,"0,10,20,30,40",1.0,1.0,1.0,0.0,0.0,0.0,0.0,0.0,0.0,0.0,5.45,4.75,6.25,0.7000000000000002,0.7999999999999998,5.6,5.0,6.5,0.5999999999999996,0.9000000000000004,4.2,4.0,5.0,0.20000000000000018,0.7999999999999998,6.4,5.0,7.0,1.4000000000000004,0.5999999999999996,4.0,4.0,4.0,0.0,0.0,4.0,4.0,4.0,0.0,0.0,0.0,0.0,0.0,0.0,0.0,4.0,4.0,4.0,0.0,0.0
20,4,10,5,0.2,0.2,0.3,dense,True,20,20,20,4,20,5,3,Shard-aware independent max-token diagnostic,most_difficult_harmful_token_not_full_sequence_validity,radius_derived,5,"0,10,20,30,40",1.0,1.0,1.0,0.0,0.0,0.0,0.0,0.0,0.0,0.0,5.45,4.75,6.25,0.7000000000000002,0.7999999999999998,5.6,5.0,6.5,0.5999999999999996,0.9000000000000004,4.2,4.0,5.0,0.20000000000000018,0.7999999999999998,6.4,5.0,7.0,1.4000000000000004,0.5999999999999996,4.0,4.0,4.0,0.0,0.0,4.0,4.0,4.0,0.0,0.0,0.0,0.0,0.0,0.0,0.0,4.0,4.0,4.0,0.0,0.0
20,4,10,5,0.2,0.2,0.3,dense,True,20,20,20,4,20,5,4,Shard-aware independent max-token diagnostic,most_difficult_harmful_token_not_full_sequence_validity,radius_derived,5,"0,10,20,30,40",0.8,0.75,1.0,0.050000000000000044,0.19999999999999996,0.2,0.0,0.25,0.2,0.04999999999999999,5.45,4.75,6.25,0.7000000000000002,0.7999999999999998,5.6,5.0,6.5,0.5999999999999996,0.9000000000000004,4.2,4.0,5.0,0.20000000000000018,0.7999999999999998,6.4,5.0,7.0,1.4000000000000004,0.5999999999999996,3.2,3.0,4.0,0.20000000000000018,0.7999999999999998,4.0,4.0,4.0,0.0,0.0,0.0,0.0,0.0,0.0,0.0,4.0,4.0,4.0,0.0,0.0
20,4,10,5,0.2,0.2,0.3,dense,True,20,20,20,4,20,5,5,Shard-aware independent max-token diagnostic,most_difficult_harmful_token_not_full_sequence_validity,radius_derived,5,"0,10,20,30,40",0.4,0.0,0.75,0.4,0.35,0.6,0.25,1.0,0.35,0.4,5.45,4.75,6.25,0.7000000000000002,0.7999999999999998,5.6,5.0,6.5,0.5999999999999996,0.9000000000000004,4.2,4.0,5.0,0.20000000000000018,0.7999999999999998,6.4,5.0,7.0,1.4000000000000004,0.5999999999999996,1.6,0.0,3.0,1.6,1.4,4.0,4.0,4.0,0.0,0.0,0.0,0.0,0.0,0.0,0.0,4.0,4.0,4.0,0.0,0.0
20,4,10,5,0.2,0.2,0.3,dense,True,20,20,20,4,20,5,6,Shard-aware independent max-token diagnostic,most_difficult_harmful_token_not_full_sequence_validity,radius_derived,5,"0,10,20,30,40",0.25,0.0,0.5,0.25,0.25,0.75,0.5,1.0,0.25,0.25,5.45,4.75,6.25,0.7000000000000002,0.7999999999999998,5.6,5.0,6.5,0.5999999999999996,0.9000000000000004,4.2,4.0,5.0,0.20000000000000018,0.7999999999999998,6.4,5.0,7.0,1.4000000000000004,0.5999999999999996,1.0,0.0,2.0,1.0,1.0,4.0,4.0,4.0,0.0,0.0,0.0,0.0,0.0,0.0,0.0,4.0,4.0,4.0,0.0,0.0
20,4,10,5,0.2,0.2,0.3,dense,True,20,20,20,4,20,5,7,Shard-aware independent max-token diagnostic,most_difficult_harmful_token_not_full_sequence_validity,radius_derived,5,"0,10,20,30,40",0.0,0.0,0.0,0.0,0.0,1.0,1.0,1.0,0.0,0.0,5.45,4.75,6.25,0.7000000000000002,0.7999999999999998,5.6,5.0,6.5,0.5999999999999996,0.9000000000000004,4.2,4.0,5.0,0.20000000000000018,0.7999999999999998,6.4,5.0,7.0,1.4000000000000004,0.5999999999999996,0.0,0.0,0.0,0.0,0.0,4.0,4.0,4.0,0.0,0.0,0.0,0.0,0.0,0.0,0.0,4.0,4.0,4.0,0.0,0.0
20,4,10,5,0.2,0.2,0.3,dense,True,20,20,20,4,20,5,8,Shard-aware independent max-token diagnostic,most_difficult_harmful_token_not_full_sequence_validity,radius_derived,5,"0,10,20,30,40",0.0,0.0,0.0,0.0,0.0,1.0,1.0,1.0,0.0,0.0,5.45,4.75,6.25,0.7000000000000002,0.7999999999999998,5.6,5.0,6.5,0.5999999999999996,0.9000000000000004,4.2,4.0,5.0,0.20000000000000018,0.7999999999999998,6.4,5.0,7.0,1.4000000000000004,0.5999999999999996,0.0,0.0,0.0,0.0,0.0,4.0,4.0,4.0,0.0,0.0,0.0,0.0,0.0,0.0,0.0,4.0,4.0,4.0,0.0,0.0
20,4,10,5,0.2,0.2,0.3,dense,True,20,20,20,4,20,5,9,Shard-aware independent max-token diagnostic,most_difficult_harmful_token_not_full_sequence_validity,radius_derived,5,"0,10,20,30,40",0.0,0.0,0.0,0.0,0.0,1.0,1.0,1.0,0.0,0.0,5.45,4.75,6.25,0.7000000000000002,0.7999999999999998,5.6,5.0,6.5,0.5999999999999996,0.9000000000000004,4.2,4.0,5.0,0.20000000000000018,0.7999999999999998,6.4,5.0,7.0,1.4000000000000004,0.5999999999999996,0.0,0.0,0.0,0.0,0.0,4.0,4.0,4.0,0.0,0.0,0.0,0.0,0.0,0.0,0.0,4.0,4.0,4.0,0.0,0.0
20,4,10,5,0.2,0.2,0.3,dense,True,20,20,20,4,20,5,10,Shard-aware independent max-token diagnostic,most_difficult_harmful_token_not_full_sequence_validity,radius_derived,5,"0,10,20,30,40",0.0,0.0,0.0,0.0,0.0,1.0,1.0,1.0,0.0,0.0,5.45,4.75,6.25,0.7000000000000002,0.7999999999999998,5.6,5.0,6.5,0.5999999999999996,0.9000000000000004,4.2,4.0,5.0,0.20000000000000018,0.7999999999999998,6.4,5.0,7.0,1.4000000000000004,0.5999999999999996,0.0,0.0,0.0,0.0,0.0,4.0,4.0,4.0,0.0,0.0,0.0,0.0,0.0,0.0,0.0,4.0,4.0,4.0,0.0,0.0
20,4,10,5,0.2,0.2,0.3,dense,True,20,20,20,4,20,5,11,Shard-aware independent max-token diagnostic,most_difficult_harmful_token_not_full_sequence_validity,radius_derived,5,"0,10,20,30,40",0.0,0.0,0.0,0.0,0.0,1.0,1.0,1.0,0.0,0.0,5.45,4.75,6.25,0.7000000000000002,0.7999999999999998,5.6,5.0,6.5,0.5999999999999996,0.9000000000000004,4.2,4.0,5.0,0.20000000000000018,0.7999999999999998,6.4,5.0,7.0,1.4000000000000004,0.5999999999999996,0.0,0.0,0.0,0.0,0.0,4.0,4.0,4.0,0.0,0.0,0.0,0.0,0.0,0.0,0.0,4.0,4.0,4.0,0.0,0.0
20,4,10,5,0.2,0.2,0.3,dense,True,20,20,20,4,20,5,12,Shard-aware independent max-token diagnostic,most_difficult_harmful_token_not_full_sequence_validity,radius_derived,5,"0,10,20,30,40",0.0,0.0,0.0,0.0,0.0,1.0,1.0,1.0,0.0,0.0,5.45,4.75,6.25,0.7000000000000002,0.7999999999999998,5.6,5.0,6.5,0.5999999999999996,0.9000000000000004,4.2,4.0,5.0,0.20000000000000018,0.7999999999999998,6.4,5.0,7.0,1.4000000000000004,0.5999999999999996,0.0,0.0,0.0,0.0,0.0,4.0,4.0,4.0,0.0,0.0,0.0,0.0,0.0,0.0,0.0,4.0,4.0,4.0,0.0,0.0
20,4,10,5,0.2,0.2,0.3,dense,True,20,20,20,4,20,5,13,Shard-aware independent max-token diagnostic,most_difficult_harmful_token_not_full_sequence_validity,radius_derived,5,"0,10,20,30,40",0.0,0.0,0.0,0.0,0.0,1.0,1.0,1.0,0.0,0.0,5.45,4.75,6.25,0.7000000000000002,0.7999999999999998,5.6,5.0,6.5,0.5999999999999996,0.9000000000000004,4.2,4.0,5.0,0.20000000000000018,0.7999999999999998,6.4,5.0,7.0,1.4000000000000004,0.5999999999999996,0.0,0.0,0.0,0.0,0.0,4.0,4.0,4.0,0.0,0.0,0.0,0.0,0.0,0.0,0.0,4.0,4.0,4.0,0.0,0.0
20,4,10,5,0.2,0.2,0.3,dense,True,20,20,20,4,20,5,14,Shard-aware independent max-token diagnostic,most_difficult_harmful_token_not_full_sequence_validity,radius_derived,5,"0,10,20,30,40",0.0,0.0,0.0,0.0,0.0,1.0,1.0,1.0,0.0,0.0,5.45,4.75,6.25,0.7000000000000002,0.7999999999999998,5.6,5.0,6.5,0.5999999999999996,0.9000000000000004,4.2,4.0,5.0,0.20000000000000018,0.7999999999999998,6.4,5.0,7.0,1.4000000000000004,0.5999999999999996,0.0,0.0,0.0,0.0,0.0,4.0,4.0,4.0,0.0,0.0,0.0,0.0,0.0,0.0,0.0,4.0,4.0,4.0,0.0,0.0
20,4,10,5,0.2,0.2,0.3,dense,True,20,20,20,4,20,5,15,Shard-aware independent max-token diagnostic,most_difficult_harmful_token_not_full_sequence_validity,radius_derived,5,"0,10,20,30,40",0.0,0.0,0.0,0.0,0.0,1.0,1.0,1.0,0.0,0.0,5.45,4.75,6.25,0.7000000000000002,0.7999999999999998,5.6,5.0,6.5,0.5999999999999996,0.9000000000000004,4.2,4.0,5.0,0.20000000000000018,0.7999999999999998,6.4,5.0,7.0,1.4000000000000004,0.5999999999999996,0.0,0.0,0.0,0.0,0.0,4.0,4.0,4.0,0.0,0.0,0.0,0.0,0.0,0.0,0.0,4.0,4.0,4.0,0.0,0.0
20,4,10,5,0.2,0.2,0.3,dense,True,20,20,20,4,20,5,16,Shard-aware independent max-token diagnostic,most_difficult_harmful_token_not_full_sequence_validity,radius_derived,5,"0,10,20,30,40",0.0,0.0,0.0,0.0,0.0,1.0,1.0,1.0,0.0,0.0,5.45,4.75,6.25,0.7000000000000002,0.7999999999999998,5.6,5.0,6.5,0.5999999999999996,0.9000000000000004,4.2,4.0,5.0,0.20000000000000018,0.7999999999999998,6.4,5.0,7.0,1.4000000000000004,0.5999999999999996,0.0,0.0,0.0,0.0,0.0,4.0,4.0,4.0,0.0,0.0,0.0,0.0,0.0,0.0,0.0,4.0,4.0,4.0,0.0,0.0
20,4,10,5,0.2,0.2,0.3,dense,True,20,20,20,4,20,5,17,Shard-aware independent max-token diagnostic,most_difficult_harmful_token_not_full_sequence_validity,radius_derived,5,"0,10,20,30,40",0.0,0.0,0.0,0.0,0.0,1.0,1.0,1.0,0.0,0.0,5.45,4.75,6.25,0.7000000000000002,0.7999999999999998,5.6,5.0,6.5,0.5999999999999996,0.9000000000000004,4.2,4.0,5.0,0.20000000000000018,0.7999999999999998,6.4,5.0,7.0,1.4000000000000004,0.5999999999999996,0.0,0.0,0.0,0.0,0.0,4.0,4.0,4.0,0.0,0.0,0.0,0.0,0.0,0.0,0.0,4.0,4.0,4.0,0.0,0.0
20,4,10,5,0.2,0.2,0.3,dense,True,20,20,20,4,20,5,18,Shard-aware independent max-token diagnostic,most_difficult_harmful_token_not_full_sequence_validity,radius_derived,5,"0,10,20,30,40",0.0,0.0,0.0,0.0,0.0,1.0,1.0,1.0,0.0,0.0,5.45,4.75,6.25,0.7000000000000002,0.7999999999999998,5.6,5.0,6.5,0.5999999999999996,0.9000000000000004,4.2,4.0,5.0,0.20000000000000018,0.7999999999999998,6.4,5.0,7.0,1.4000000000000004,0.5999999999999996,0.0,0.0,0.0,0.0,0.0,4.0,4.0,4.0,0.0,0.0,0.0,0.0,0.0,0.0,0.0,4.0,4.0,4.0,0.0,0.0
20,4,10,5,0.2,0.2,0.3,dense,True,20,20,20,4,20,5,19,Shard-aware independent max-token diagnostic,most_difficult_harmful_token_not_full_sequence_validity,radius_derived,5,"0,10,20,30,40",0.0,0.0,0.0,0.0,0.0,1.0,1.0,1.0,0.0,0.0,5.45,4.75,6.25,0.7000000000000002,0.7999999999999998,5.6,5.0,6.5,0.5999999999999996,0.9000000000000004,4.2,4.0,5.0,0.20000000000000018,0.7999999999999998,6.4,5.0,7.0,1.4000000000000004,0.5999999999999996,0.0,0.0,0.0,0.0,0.0,4.0,4.0,4.0,0.0,0.0,0.0,0.0,0.0,0.0,0.0,4.0,4.0,4.0,0.0,0.0
20,4,10,5,0.2,0.2,0.3,dense,True,20,20,20,4,20,5,20,Shard-aware independent max-token diagnostic,most_difficult_harmful_token_not_full_sequence_validity,radius_derived,5,"0,10,20,30,40",0.0,0.0,0.0,0.0,0.0,1.0,1.0,1.0,0.0,0.0,5.45,4.75,6.25,0.7000000000000002,0.7999999999999998,5.6,5.0,6.5,0.5999999999999996,0.9000000000000004,4.2,4.0,5.0,0.20000000000000018,0.7999999999999998,6.4,5.0,7.0,1.4000000000000004,0.5999999999999996,0.0,0.0,0.0,0.0,0.0,4.0,4.0,4.0,0.0,0.0,0.0,0.0,0.0,0.0,0.0,4.0,4.0,4.0,0.0,0.0
20,4,10,5,0.2,0.2,0.3,dense,True,20,20,20,4,20,5,0,TPA max-token phrase baseline,validity_full_harmful_sequence_per_prompt,radius_derived,5,"0,10,20,30,40",1.0,1.0,1.0,0.0,0.0,0.0,0.0,0.0,0.0,0.0,5.45,4.75,6.25,0.7000000000000002,0.7999999999999998,5.6,5.0,6.5,0.5999999999999996,0.9000000000000004,4.2,4.0,5.0,0.20000000000000018,0.7999999999999998,6.4,5.0,7.0,1.4000000000000004,0.5999999999999996,4.0,4.0,4.0,0.0,0.0,4.0,4.0,4.0,0.0,0.0,0.0,0.0,0.0,0.0,0.0,4.0,4.0,4.0,0.0,0.0
20,4,10,5,0.2,0.2,0.3,dense,True,20,20,20,4,20,5,1,TPA max-token phrase baseline,validity_full_harmful_sequence_per_prompt,radius_derived,5,"0,10,20,30,40",1.0,1.0,1.0,0.0,0.0,0.0,0.0,0.0,0.0,0.0,5.45,4.75,6.25,0.7000000000000002,0.7999999999999998,5.6,5.0,6.5,0.5999999999999996,0.9000000000000004,4.2,4.0,5.0,0.20000000000000018,0.7999999999999998,6.4,5.0,7.0,1.4000000000000004,0.5999999999999996,4.0,4.0,4.0,0.0,0.0,4.0,4.0,4.0,0.0,0.0,0.0,0.0,0.0,0.0,0.0,4.0,4.0,4.0,0.0,0.0
20,4,10,5,0.2,0.2,0.3,dense,True,20,20,20,4,20,5,2,TPA max-token phrase baseline,validity_full_harmful_sequence_per_prompt,radius_derived,5,"0,10,20,30,40",1.0,1.0,1.0,0.0,0.0,0.0,0.0,0.0,0.0,0.0,5.45,4.75,6.25,0.7000000000000002,0.7999999999999998,5.6,5.0,6.5,0.5999999999999996,0.9000000000000004,4.2,4.0,5.0,0.20000000000000018,0.7999999999999998,6.4,5.0,7.0,1.4000000000000004,0.5999999999999996,4.0,4.0,4.0,0.0,0.0,4.0,4.0,4.0,0.0,0.0,0.0,0.0,0.0,0.0,0.0,4.0,4.0,4.0,0.0,0.0
20,4,10,5,0.2,0.2,0.3,dense,True,20,20,20,4,20,5,3,TPA max-token phrase baseline,validity_full_harmful_sequence_per_prompt,radius_derived,5,"0,10,20,30,40",1.0,1.0,1.0,0.0,0.0,0.0,0.0,0.0,0.0,0.0,5.45,4.75,6.25,0.7000000000000002,0.7999999999999998,5.6,5.0,6.5,0.5999999999999996,0.9000000000000004,4.2,4.0,5.0,0.20000000000000018,0.7999999999999998,6.4,5.0,7.0,1.4000000000000004,0.5999999999999996,4.0,4.0,4.0,0.0,0.0,4.0,4.0,4.0,0.0,0.0,0.0,0.0,0.0,0.0,0.0,4.0,4.0,4.0,0.0,0.0
20,4,10,5,0.2,0.2,0.3,dense,True,20,20,20,4,20,5,4,TPA max-token phrase baseline,validity_full_harmful_sequence_per_prompt,radius_derived,5,"0,10,20,30,40",0.8,0.75,1.0,0.050000000000000044,0.19999999999999996,0.2,0.0,0.25,0.2,0.04999999999999999,5.45,4.75,6.25,0.7000000000000002,0.7999999999999998,5.6,5.0,6.5,0.5999999999999996,0.9000000000000004,4.2,4.0,5.0,0.20000000000000018,0.7999999999999998,6.4,5.0,7.0,1.4000000000000004,0.5999999999999996,3.2,3.0,4.0,0.20000000000000018,0.7999999999999998,4.0,4.0,4.0,0.0,0.0,0.0,0.0,0.0,0.0,0.0,4.0,4.0,4.0,0.0,0.0
20,4,10,5,0.2,0.2,0.3,dense,True,20,20,20,4,20,5,5,TPA max-token phrase baseline,validity_full_harmful_sequence_per_prompt,radius_derived,5,"0,10,20,30,40",0.4,0.0,0.75,0.4,0.35,0.6,0.25,1.0,0.35,0.4,5.45,4.75,6.25,0.7000000000000002,0.7999999999999998,5.6,5.0,6.5,0.5999999999999996,0.9000000000000004,4.2,4.0,5.0,0.20000000000000018,0.7999999999999998,6.4,5.0,7.0,1.4000000000000004,0.5999999999999996,1.6,0.0,3.0,1.6,1.4,4.0,4.0,4.0,0.0,0.0,0.0,0.0,0.0,0.0,0.0,4.0,4.0,4.0,0.0,0.0
20,4,10,5,0.2,0.2,0.3,dense,True,20,20,20,4,20,5,6,TPA max-token phrase baseline,validity_full_harmful_sequence_per_prompt,radius_derived,5,"0,10,20,30,40",0.25,0.0,0.5,0.25,0.25,0.75,0.5,1.0,0.25,0.25,5.45,4.75,6.25,0.7000000000000002,0.7999999999999998,5.6,5.0,6.5,0.5999999999999996,0.9000000000000004,4.2,4.0,5.0,0.20000000000000018,0.7999999999999998,6.4,5.0,7.0,1.4000000000000004,0.5999999999999996,1.0,0.0,2.0,1.0,1.0,4.0,4.0,4.0,0.0,0.0,0.0,0.0,0.0,0.0,0.0,4.0,4.0,4.0,0.0,0.0
20,4,10,5,0.2,0.2,0.3,dense,True,20,20,20,4,20,5,7,TPA max-token phrase baseline,validity_full_harmful_sequence_per_prompt,radius_derived,5,"0,10,20,30,40",0.0,0.0,0.0,0.0,0.0,1.0,1.0,1.0,0.0,0.0,5.45,4.75,6.25,0.7000000000000002,0.7999999999999998,5.6,5.0,6.5,0.5999999999999996,0.9000000000000004,4.2,4.0,5.0,0.20000000000000018,0.7999999999999998,6.4,5.0,7.0,1.4000000000000004,0.5999999999999996,0.0,0.0,0.0,0.0,0.0,4.0,4.0,4.0,0.0,0.0,0.0,0.0,0.0,0.0,0.0,4.0,4.0,4.0,0.0,0.0
20,4,10,5,0.2,0.2,0.3,dense,True,20,20,20,4,20,5,8,TPA max-token phrase baseline,validity_full_harmful_sequence_per_prompt,radius_derived,5,"0,10,20,30,40",0.0,0.0,0.0,0.0,0.0,1.0,1.0,1.0,0.0,0.0,5.45,4.75,6.25,0.7000000000000002,0.7999999999999998,5.6,5.0,6.5,0.5999999999999996,0.9000000000000004,4.2,4.0,5.0,0.20000000000000018,0.7999999999999998,6.4,5.0,7.0,1.4000000000000004,0.5999999999999996,0.0,0.0,0.0,0.0,0.0,4.0,4.0,4.0,0.0,0.0,0.0,0.0,0.0,0.0,0.0,4.0,4.0,4.0,0.0,0.0
20,4,10,5,0.2,0.2,0.3,dense,True,20,20,20,4,20,5,9,TPA max-token phrase baseline,validity_full_harmful_sequence_per_prompt,radius_derived,5,"0,10,20,30,40",0.0,0.0,0.0,0.0,0.0,1.0,1.0,1.0,0.0,0.0,5.45,4.75,6.25,0.7000000000000002,0.7999999999999998,5.6,5.0,6.5,0.5999999999999996,0.9000000000000004,4.2,4.0,5.0,0.20000000000000018,0.7999999999999998,6.4,5.0,7.0,1.4000000000000004,0.5999999999999996,0.0,0.0,0.0,0.0,0.0,4.0,4.0,4.0,0.0,0.0,0.0,0.0,0.0,0.0,0.0,4.0,4.0,4.0,0.0,0.0
20,4,10,5,0.2,0.2,0.3,dense,True,20,20,20,4,20,5,10,TPA max-token phrase baseline,validity_full_harmful_sequence_per_prompt,radius_derived,5,"0,10,20,30,40",0.0,0.0,0.0,0.0,0.0,1.0,1.0,1.0,0.0,0.0,5.45,4.75,6.25,0.7000000000000002,0.7999999999999998,5.6,5.0,6.5,0.5999999999999996,0.9000000000000004,4.2,4.0,5.0,0.20000000000000018,0.7999999999999998,6.4,5.0,7.0,1.4000000000000004,0.5999999999999996,0.0,0.0,0.0,0.0,0.0,4.0,4.0,4.0,0.0,0.0,0.0,0.0,0.0,0.0,0.0,4.0,4.0,4.0,0.0,0.0
20,4,10,5,0.2,0.2,0.3,dense,True,20,20,20,4,20,5,11,TPA max-token phrase baseline,validity_full_harmful_sequence_per_prompt,radius_derived,5,"0,10,20,30,40",0.0,0.0,0.0,0.0,0.0,1.0,1.0,1.0,0.0,0.0,5.45,4.75,6.25,0.7000000000000002,0.7999999999999998,5.6,5.0,6.5,0.5999999999999996,0.9000000000000004,4.2,4.0,5.0,0.20000000000000018,0.7999999999999998,6.4,5.0,7.0,1.4000000000000004,0.5999999999999996,0.0,0.0,0.0,0.0,0.0,4.0,4.0,4.0,0.0,0.0,0.0,0.0,0.0,0.0,0.0,4.0,4.0,4.0,0.0,0.0
20,4,10,5,0.2,0.2,0.3,dense,True,20,20,20,4,20,5,12,TPA max-token phrase baseline,validity_full_harmful_sequence_per_prompt,radius_derived,5,"0,10,20,30,40",0.0,0.0,0.0,0.0,0.0,1.0,1.0,1.0,0.0,0.0,5.45,4.75,6.25,0.7000000000000002,0.7999999999999998,5.6,5.0,6.5,0.5999999999999996,0.9000000000000004,4.2,4.0,5.0,0.20000000000000018,0.7999999999999998,6.4,5.0,7.0,1.4000000000000004,0.5999999999999996,0.0,0.0,0.0,0.0,0.0,4.0,4.0,4.0,0.0,0.0,0.0,0.0,0.0,0.0,0.0,4.0,4.0,4.0,0.0,0.0
20,4,10,5,0.2,0.2,0.3,dense,True,20,20,20,4,20,5,13,TPA max-token phrase baseline,validity_full_harmful_sequence_per_prompt,radius_derived,5,"0,10,20,30,40",0.0,0.0,0.0,0.0,0.0,1.0,1.0,1.0,0.0,0.0,5.45,4.75,6.25,0.7000000000000002,0.7999999999999998,5.6,5.0,6.5,0.5999999999999996,0.9000000000000004,4.2,4.0,5.0,0.20000000000000018,0.7999999999999998,6.4,5.0,7.0,1.4000000000000004,0.5999999999999996,0.0,0.0,0.0,0.0,0.0,4.0,4.0,4.0,0.0,0.0,0.0,0.0,0.0,0.0,0.0,4.0,4.0,4.0,0.0,0.0
20,4,10,5,0.2,0.2,0.3,dense,True,20,20,20,4,20,5,14,TPA max-token phrase baseline,validity_full_harmful_sequence_per_prompt,radius_derived,5,"0,10,20,30,40",0.0,0.0,0.0,0.0,0.0,1.0,1.0,1.0,0.0,0.0,5.45,4.75,6.25,0.7000000000000002,0.7999999999999998,5.6,5.0,6.5,0.5999999999999996,0.9000000000000004,4.2,4.0,5.0,0.20000000000000018,0.7999999999999998,6.4,5.0,7.0,1.4000000000000004,0.5999999999999996,0.0,0.0,0.0,0.0,0.0,4.0,4.0,4.0,0.0,0.0,0.0,0.0,0.0,0.0,0.0,4.0,4.0,4.0,0.0,0.0
20,4,10,5,0.2,0.2,0.3,dense,True,20,20,20,4,20,5,15,TPA max-token phrase baseline,validity_full_harmful_sequence_per_prompt,radius_derived,5,"0,10,20,30,40",0.0,0.0,0.0,0.0,0.0,1.0,1.0,1.0,0.0,0.0,5.45,4.75,6.25,0.7000000000000002,0.7999999999999998,5.6,5.0,6.5,0.5999999999999996,0.9000000000000004,4.2,4.0,5.0,0.20000000000000018,0.7999999999999998,6.4,5.0,7.0,1.4000000000000004,0.5999999999999996,0.0,0.0,0.0,0.0,0.0,4.0,4.0,4.0,0.0,0.0,0.0,0.0,0.0,0.0,0.0,4.0,4.0,4.0,0.0,0.0
20,4,10,5,0.2,0.2,0.3,dense,True,20,20,20,4,20,5,16,TPA max-token phrase baseline,validity_full_harmful_sequence_per_prompt,radius_derived,5,"0,10,20,30,40",0.0,0.0,0.0,0.0,0.0,1.0,1.0,1.0,0.0,0.0,5.45,4.75,6.25,0.7000000000000002,0.7999999999999998,5.6,5.0,6.5,0.5999999999999996,0.9000000000000004,4.2,4.0,5.0,0.20000000000000018,0.7999999999999998,6.4,5.0,7.0,1.4000000000000004,0.5999999999999996,0.0,0.0,0.0,0.0,0.0,4.0,4.0,4.0,0.0,0.0,0.0,0.0,0.0,0.0,0.0,4.0,4.0,4.0,0.0,0.0
20,4,10,5,0.2,0.2,0.3,dense,True,20,20,20,4,20,5,17,TPA max-token phrase baseline,validity_full_harmful_sequence_per_prompt,radius_derived,5,"0,10,20,30,40",0.0,0.0,0.0,0.0,0.0,1.0,1.0,1.0,0.0,0.0,5.45,4.75,6.25,0.7000000000000002,0.7999999999999998,5.6,5.0,6.5,0.5999999999999996,0.9000000000000004,4.2,4.0,5.0,0.20000000000000018,0.7999999999999998,6.4,5.0,7.0,1.4000000000000004,0.5999999999999996,0.0,0.0,0.0,0.0,0.0,4.0,4.0,4.0,0.0,0.0,0.0,0.0,0.0,0.0,0.0,4.0,4.0,4.0,0.0,0.0
20,4,10,5,0.2,0.2,0.3,dense,True,20,20,20,4,20,5,18,TPA max-token phrase baseline,validity_full_harmful_sequence_per_prompt,radius_derived,5,"0,10,20,30,40",0.0,0.0,0.0,0.0,0.0,1.0,1.0,1.0,0.0,0.0,5.45,4.75,6.25,0.7000000000000002,0.7999999999999998,5.6,5.0,6.5,0.5999999999999996,0.9000000000000004,4.2,4.0,5.0,0.20000000000000018,0.7999999999999998,6.4,5.0,7.0,1.4000000000000004,0.5999999999999996,0.0,0.0,0.0,0.0,0.0,4.0,4.0,4.0,0.0,0.0,0.0,0.0,0.0,0.0,0.0,4.0,4.0,4.0,0.0,0.0
20,4,10,5,0.2,0.2,0.3,dense,True,20,20,20,4,20,5,19,TPA max-token phrase baseline,validity_full_harmful_sequence_per_prompt,radius_derived,5,"0,10,20,30,40",0.0,0.0,0.0,0.0,0.0,1.0,1.0,1.0,0.0,0.0,5.45,4.75,6.25,0.7000000000000002,0.7999999999999998,5.6,5.0,6.5,0.5999999999999996,0.9000000000000004,4.2,4.0,5.0,0.20000000000000018,0.7999999999999998,6.4,5.0,7.0,1.4000000000000004,0.5999999999999996,0.0,0.0,0.0,0.0,0.0,4.0,4.0,4.0,0.0,0.0,0.0,0.0,0.0,0.0,0.0,4.0,4.0,4.0,0.0,0.0
20,4,10,5,0.2,0.2,0.3,dense,True,20,20,20,4,20,5,20,TPA max-token phrase baseline,validity_full_harmful_sequence_per_prompt,radius_derived,5,"0,10,20,30,40",0.0,0.0,0.0,0.0,0.0,1.0,1.0,1.0,0.0,0.0,5.45,4.75,6.25,0.7000000000000002,0.7999999999999998,5.6,5.0,6.5,0.5999999999999996,0.9000000000000004,4.2,4.0,5.0,0.20000000000000018,0.7999999999999998,6.4,5.0,7.0,1.4000000000000004,0.5999999999999996,0.0,0.0,0.0,0.0,0.0,4.0,4.0,4.0,0.0,0.0,0.0,0.0,0.0,0.0,0.0,4.0,4.0,4.0,0.0,0.0
20,4,10,5,0.2,0.2,0.3,dense,True,20,20,20,4,20,5,0,Shared MILP,validity_full_harmful_sequence_per_prompt,radius_derived,5,"0,10,20,30,40",1.0,1.0,1.0,0.0,0.0,0.0,0.0,0.0,0.0,0.0,5.5,4.75,6.25,0.75,0.75,5.7,5.0,6.5,0.7000000000000002,0.7999999999999998,4.2,4.0,5.0,0.20000000000000018,0.7999999999999998,6.4,5.0,7.0,1.4000000000000004,0.5999999999999996,4.0,4.0,4.0,0.0,0.0,4.0,4.0,4.0,0.0,0.0,0.0,0.0,0.0,0.0,0.0,4.0,4.0,4.0,0.0,0.0
20,4,10,5,0.2,0.2,0.3,dense,True,20,20,20,4,20,5,1,Shared MILP,validity_full_harmful_sequence_per_prompt,radius_derived,5,"0,10,20,30,40",1.0,1.0,1.0,0.0,0.0,0.0,0.0,0.0,0.0,0.0,5.5,4.75,6.25,0.75,0.75,5.7,5.0,6.5,0.7000000000000002,0.7999999999999998,4.2,4.0,5.0,0.20000000000000018,0.7999999999999998,6.4,5.0,7.0,1.4000000000000004,0.5999999999999996,4.0,4.0,4.0,0.0,0.0,4.0,4.0,4.0,0.0,0.0,0.0,0.0,0.0,0.0,0.0,4.0,4.0,4.0,0.0,0.0
20,4,10,5,0.2,0.2,0.3,dense,True,20,20,20,4,20,5,2,Shared MILP,validity_full_harmful_sequence_per_prompt,radius_derived,5,"0,10,20,30,40",1.0,1.0,1.0,0.0,0.0,0.0,0.0,0.0,0.0,0.0,5.5,4.75,6.25,0.75,0.75,5.7,5.0,6.5,0.7000000000000002,0.7999999999999998,4.2,4.0,5.0,0.20000000000000018,0.7999999999999998,6.4,5.0,7.0,1.4000000000000004,0.5999999999999996,4.0,4.0,4.0,0.0,0.0,4.0,4.0,4.0,0.0,0.0,0.0,0.0,0.0,0.0,0.0,4.0,4.0,4.0,0.0,0.0
20,4,10,5,0.2,0.2,0.3,dense,True,20,20,20,4,20,5,3,Shared MILP,validity_full_harmful_sequence_per_prompt,radius_derived,5,"0,10,20,30,40",1.0,1.0,1.0,0.0,0.0,0.0,0.0,0.0,0.0,0.0,5.5,4.75,6.25,0.75,0.75,5.7,5.0,6.5,0.7000000000000002,0.7999999999999998,4.2,4.0,5.0,0.20000000000000018,0.7999999999999998,6.4,5.0,7.0,1.4000000000000004,0.5999999999999996,4.0,4.0,4.0,0.0,0.0,4.0,4.0,4.0,0.0,0.0,0.0,0.0,0.0,0.0,0.0,4.0,4.0,4.0,0.0,0.0
20,4,10,5,0.2,0.2,0.3,dense,True,20,20,20,4,20,5,4,Shared MILP,validity_full_harmful_sequence_per_prompt,radius_derived,5,"0,10,20,30,40",0.8,0.75,1.0,0.050000000000000044,0.19999999999999996,0.2,0.0,0.25,0.2,0.04999999999999999,5.5,4.75,6.25,0.75,0.75,5.7,5.0,6.5,0.7000000000000002,0.7999999999999998,4.2,4.0,5.0,0.20000000000000018,0.7999999999999998,6.4,5.0,7.0,1.4000000000000004,0.5999999999999996,3.2,3.0,4.0,0.20000000000000018,0.7999999999999998,4.0,4.0,4.0,0.0,0.0,0.0,0.0,0.0,0.0,0.0,4.0,4.0,4.0,0.0,0.0
20,4,10,5,0.2,0.2,0.3,dense,True,20,20,20,4,20,5,5,Shared MILP,validity_full_harmful_sequence_per_prompt,radius_derived,5,"0,10,20,30,40",0.45,0.0,0.75,0.45,0.3,0.55,0.25,1.0,0.30000000000000004,0.44999999999999996,5.5,4.75,6.25,0.75,0.75,5.7,5.0,6.5,0.7000000000000002,0.7999999999999998,4.2,4.0,5.0,0.20000000000000018,0.7999999999999998,6.4,5.0,7.0,1.4000000000000004,0.5999999999999996,1.8,0.0,3.0,1.8,1.2,4.0,4.0,4.0,0.0,0.0,0.0,0.0,0.0,0.0,0.0,4.0,4.0,4.0,0.0,0.0
20,4,10,5,0.2,0.2,0.3,dense,True,20,20,20,4,20,5,6,Shared MILP,validity_full_harmful_sequence_per_prompt,radius_derived,5,"0,10,20,30,40",0.25,0.0,0.5,0.25,0.25,0.75,0.5,1.0,0.25,0.25,5.5,4.75,6.25,0.75,0.75,5.7,5.0,6.5,0.7000000000000002,0.7999999999999998,4.2,4.0,5.0,0.20000000000000018,0.7999999999999998,6.4,5.0,7.0,1.4000000000000004,0.5999999999999996,1.0,0.0,2.0,1.0,1.0,4.0,4.0,4.0,0.0,0.0,0.0,0.0,0.0,0.0,0.0,4.0,4.0,4.0,0.0,0.0
20,4,10,5,0.2,0.2,0.3,dense,True,20,20,20,4,20,5,7,Shared MILP,validity_full_harmful_sequence_per_prompt,radius_derived,5,"0,10,20,30,40",0.0,0.0,0.0,0.0,0.0,1.0,1.0,1.0,0.0,0.0,5.5,4.75,6.25,0.75,0.75,5.7,5.0,6.5,0.7000000000000002,0.7999999999999998,4.2,4.0,5.0,0.20000000000000018,0.7999999999999998,6.4,5.0,7.0,1.4000000000000004,0.5999999999999996,0.0,0.0,0.0,0.0,0.0,4.0,4.0,4.0,0.0,0.0,0.0,0.0,0.0,0.0,0.0,4.0,4.0,4.0,0.0,0.0
20,4,10,5,0.2,0.2,0.3,dense,True,20,20,20,4,20,5,8,Shared MILP,validity_full_harmful_sequence_per_prompt,radius_derived,5,"0,10,20,30,40",0.0,0.0,0.0,0.0,0.0,1.0,1.0,1.0,0.0,0.0,5.5,4.75,6.25,0.75,0.75,5.7,5.0,6.5,0.7000000000000002,0.7999999999999998,4.2,4.0,5.0,0.20000000000000018,0.7999999999999998,6.4,5.0,7.0,1.4000000000000004,0.5999999999999996,0.0,0.0,0.0,0.0,0.0,4.0,4.0,4.0,0.0,0.0,0.0,0.0,0.0,0.0,0.0,4.0,4.0,4.0,0.0,0.0
20,4,10,5,0.2,0.2,0.3,dense,True,20,20,20,4,20,5,9,Shared MILP,validity_full_harmful_sequence_per_prompt,radius_derived,5,"0,10,20,30,40",0.0,0.0,0.0,0.0,0.0,1.0,1.0,1.0,0.0,0.0,5.5,4.75,6.25,0.75,0.75,5.7,5.0,6.5,0.7000000000000002,0.7999999999999998,4.2,4.0,5.0,0.20000000000000018,0.7999999999999998,6.4,5.0,7.0,1.4000000000000004,0.5999999999999996,0.0,0.0,0.0,0.0,0.0,4.0,4.0,4.0,0.0,0.0,0.0,0.0,0.0,0.0,0.0,4.0,4.0,4.0,0.0,0.0
20,4,10,5,0.2,0.2,0.3,dense,True,20,20,20,4,20,5,10,Shared MILP,validity_full_harmful_sequence_per_prompt,radius_derived,5,"0,10,20,30,40",0.0,0.0,0.0,0.0,0.0,1.0,1.0,1.0,0.0,0.0,5.5,4.75,6.25,0.75,0.75,5.7,5.0,6.5,0.7000000000000002,0.7999999999999998,4.2,4.0,5.0,0.20000000000000018,0.7999999999999998,6.4,5.0,7.0,1.4000000000000004,0.5999999999999996,0.0,0.0,0.0,0.0,0.0,4.0,4.0,4.0,0.0,0.0,0.0,0.0,0.0,0.0,0.0,4.0,4.0,4.0,0.0,0.0
20,4,10,5,0.2,0.2,0.3,dense,True,20,20,20,4,20,5,11,Shared MILP,validity_full_harmful_sequence_per_prompt,radius_derived,5,"0,10,20,30,40",0.0,0.0,0.0,0.0,0.0,1.0,1.0,1.0,0.0,0.0,5.5,4.75,6.25,0.75,0.75,5.7,5.0,6.5,0.7000000000000002,0.7999999999999998,4.2,4.0,5.0,0.20000000000000018,0.7999999999999998,6.4,5.0,7.0,1.4000000000000004,0.5999999999999996,0.0,0.0,0.0,0.0,0.0,4.0,4.0,4.0,0.0,0.0,0.0,0.0,0.0,0.0,0.0,4.0,4.0,4.0,0.0,0.0
20,4,10,5,0.2,0.2,0.3,dense,True,20,20,20,4,20,5,12,Shared MILP,validity_full_harmful_sequence_per_prompt,radius_derived,5,"0,10,20,30,40",0.0,0.0,0.0,0.0,0.0,1.0,1.0,1.0,0.0,0.0,5.5,4.75,6.25,0.75,0.75,5.7,5.0,6.5,0.7000000000000002,0.7999999999999998,4.2,4.0,5.0,0.20000000000000018,0.7999999999999998,6.4,5.0,7.0,1.4000000000000004,0.5999999999999996,0.0,0.0,0.0,0.0,0.0,4.0,4.0,4.0,0.0,0.0,0.0,0.0,0.0,0.0,0.0,4.0,4.0,4.0,0.0,0.0
20,4,10,5,0.2,0.2,0.3,dense,True,20,20,20,4,20,5,13,Shared MILP,validity_full_harmful_sequence_per_prompt,radius_derived,5,"0,10,20,30,40",0.0,0.0,0.0,0.0,0.0,1.0,1.0,1.0,0.0,0.0,5.5,4.75,6.25,0.75,0.75,5.7,5.0,6.5,0.7000000000000002,0.7999999999999998,4.2,4.0,5.0,0.20000000000000018,0.7999999999999998,6.4,5.0,7.0,1.4000000000000004,0.5999999999999996,0.0,0.0,0.0,0.0,0.0,4.0,4.0,4.0,0.0,0.0,0.0,0.0,0.0,0.0,0.0,4.0,4.0,4.0,0.0,0.0
20,4,10,5,0.2,0.2,0.3,dense,True,20,20,20,4,20,5,14,Shared MILP,validity_full_harmful_sequence_per_prompt,radius_derived,5,"0,10,20,30,40",0.0,0.0,0.0,0.0,0.0,1.0,1.0,1.0,0.0,0.0,5.5,4.75,6.25,0.75,0.75,5.7,5.0,6.5,0.7000000000000002,0.7999999999999998,4.2,4.0,5.0,0.20000000000000018,0.7999999999999998,6.4,5.0,7.0,1.4000000000000004,0.5999999999999996,0.0,0.0,0.0,0.0,0.0,4.0,4.0,4.0,0.0,0.0,0.0,0.0,0.0,0.0,0.0,4.0,4.0,4.0,0.0,0.0
20,4,10,5,0.2,0.2,0.3,dense,True,20,20,20,4,20,5,15,Shared MILP,validity_full_harmful_sequence_per_prompt,radius_derived,5,"0,10,20,30,40",0.0,0.0,0.0,0.0,0.0,1.0,1.0,1.0,0.0,0.0,5.5,4.75,6.25,0.75,0.75,5.7,5.0,6.5,0.7000000000000002,0.7999999999999998,4.2,4.0,5.0,0.20000000000000018,0.7999999999999998,6.4,5.0,7.0,1.4000000000000004,0.5999999999999996,0.0,0.0,0.0,0.0,0.0,4.0,4.0,4.0,0.0,0.0,0.0,0.0,0.0,0.0,0.0,4.0,4.0,4.0,0.0,0.0
20,4,10,5,0.2,0.2,0.3,dense,True,20,20,20,4,20,5,16,Shared MILP,validity_full_harmful_sequence_per_prompt,radius_derived,5,"0,10,20,30,40",0.0,0.0,0.0,0.0,0.0,1.0,1.0,1.0,0.0,0.0,5.5,4.75,6.25,0.75,0.75,5.7,5.0,6.5,0.7000000000000002,0.7999999999999998,4.2,4.0,5.0,0.20000000000000018,0.7999999999999998,6.4,5.0,7.0,1.4000000000000004,0.5999999999999996,0.0,0.0,0.0,0.0,0.0,4.0,4.0,4.0,0.0,0.0,0.0,0.0,0.0,0.0,0.0,4.0,4.0,4.0,0.0,0.0
20,4,10,5,0.2,0.2,0.3,dense,True,20,20,20,4,20,5,17,Shared MILP,validity_full_harmful_sequence_per_prompt,radius_derived,5,"0,10,20,30,40",0.0,0.0,0.0,0.0,0.0,1.0,1.0,1.0,0.0,0.0,5.5,4.75,6.25,0.75,0.75,5.7,5.0,6.5,0.7000000000000002,0.7999999999999998,4.2,4.0,5.0,0.20000000000000018,0.7999999999999998,6.4,5.0,7.0,1.4000000000000004,0.5999999999999996,0.0,0.0,0.0,0.0,0.0,4.0,4.0,4.0,0.0,0.0,0.0,0.0,0.0,0.0,0.0,4.0,4.0,4.0,0.0,0.0
20,4,10,5,0.2,0.2,0.3,dense,True,20,20,20,4,20,5,18,Shared MILP,validity_full_harmful_sequence_per_prompt,radius_derived,5,"0,10,20,30,40",0.0,0.0,0.0,0.0,0.0,1.0,1.0,1.0,0.0,0.0,5.5,4.75,6.25,0.75,0.75,5.7,5.0,6.5,0.7000000000000002,0.7999999999999998,4.2,4.0,5.0,0.20000000000000018,0.7999999999999998,6.4,5.0,7.0,1.4000000000000004,0.5999999999999996,0.0,0.0,0.0,0.0,0.0,4.0,4.0,4.0,0.0,0.0,0.0,0.0,0.0,0.0,0.0,4.0,4.0,4.0,0.0,0.0
20,4,10,5,0.2,0.2,0.3,dense,True,20,20,20,4,20,5,19,Shared MILP,validity_full_harmful_sequence_per_prompt,radius_derived,5,"0,10,20,30,40",0.0,0.0,0.0,0.0,0.0,1.0,1.0,1.0,0.0,0.0,5.5,4.75,6.25,0.75,0.75,5.7,5.0,6.5,0.7000000000000002,0.7999999999999998,4.2,4.0,5.0,0.20000000000000018,0.7999999999999998,6.4,5.0,7.0,1.4000000000000004,0.5999999999999996,0.0,0.0,0.0,0.0,0.0,4.0,4.0,4.0,0.0,0.0,0.0,0.0,0.0,0.0,0.0,4.0,4.0,4.0,0.0,0.0
20,4,10,5,0.2,0.2,0.3,dense,True,20,20,20,4,20,5,20,Shared MILP,validity_full_harmful_sequence_per_prompt,radius_derived,5,"0,10,20,30,40",0.0,0.0,0.0,0.0,0.0,1.0,1.0,1.0,0.0,0.0,5.5,4.75,6.25,0.75,0.75,5.7,5.0,6.5,0.7000000000000002,0.7999999999999998,4.2,4.0,5.0,0.20000000000000018,0.7999999999999998,6.4,5.0,7.0,1.4000000000000004,0.5999999999999996,0.0,0.0,0.0,0.0,0.0,4.0,4.0,4.0,0.0,0.0,0.0,0.0,0.0,0.0,0.0,4.0,4.0,4.0,0.0,0.0
20,4,10,5,0.2,0.2,0.3,dense,True,20,20,20,4,20,5,0,Atomic phrase aggregation,validity_full_harmful_sequence_per_prompt,radius_derived,5,"0,10,20,30,40",1.0,1.0,1.0,0.0,0.0,0.0,0.0,0.0,0.0,0.0,1.0,1.0,1.0,0.0,0.0,1.0,1.0,1.0,0.0,0.0,1.0,1.0,1.0,0.0,0.0,1.0,1.0,1.0,0.0,0.0,4.0,4.0,4.0,0.0,0.0,4.0,4.0,4.0,0.0,0.0,0.0,0.0,0.0,0.0,0.0,4.0,4.0,4.0,0.0,0.0
20,4,10,5,0.2,0.2,0.3,dense,True,20,20,20,4,20,5,1,Atomic phrase aggregation,validity_full_harmful_sequence_per_prompt,radius_derived,5,"0,10,20,30,40",0.0,0.0,0.0,0.0,0.0,1.0,1.0,1.0,0.0,0.0,1.0,1.0,1.0,0.0,0.0,1.0,1.0,1.0,0.0,0.0,1.0,1.0,1.0,0.0,0.0,1.0,1.0,1.0,0.0,0.0,0.0,0.0,0.0,0.0,0.0,4.0,4.0,4.0,0.0,0.0,0.0,0.0,0.0,0.0,0.0,4.0,4.0,4.0,0.0,0.0
20,4,10,5,0.2,0.2,0.3,dense,True,20,20,20,4,20,5,2,Atomic phrase aggregation,validity_full_harmful_sequence_per_prompt,radius_derived,5,"0,10,20,30,40",0.0,0.0,0.0,0.0,0.0,1.0,1.0,1.0,0.0,0.0,1.0,1.0,1.0,0.0,0.0,1.0,1.0,1.0,0.0,0.0,1.0,1.0,1.0,0.0,0.0,1.0,1.0,1.0,0.0,0.0,0.0,0.0,0.0,0.0,0.0,4.0,4.0,4.0,0.0,0.0,0.0,0.0,0.0,0.0,0.0,4.0,4.0,4.0,0.0,0.0
20,4,10,5,0.2,0.2,0.3,dense,True,20,20,20,4,20,5,3,Atomic phrase aggregation,validity_full_harmful_sequence_per_prompt,radius_derived,5,"0,10,20,30,40",0.0,0.0,0.0,0.0,0.0,1.0,1.0,1.0,0.0,0.0,1.0,1.0,1.0,0.0,0.0,1.0,1.0,1.0,0.0,0.0,1.0,1.0,1.0,0.0,0.0,1.0,1.0,1.0,0.0,0.0,0.0,0.0,0.0,0.0,0.0,4.0,4.0,4.0,0.0,0.0,0.0,0.0,0.0,0.0,0.0,4.0,4.0,4.0,0.0,0.0
20,4,10,5,0.2,0.2,0.3,dense,True,20,20,20,4,20,5,4,Atomic phrase aggregation,validity_full_harmful_sequence_per_prompt,radius_derived,5,"0,10,20,30,40",0.0,0.0,0.0,0.0,0.0,1.0,1.0,1.0,0.0,0.0,1.0,1.0,1.0,0.0,0.0,1.0,1.0,1.0,0.0,0.0,1.0,1.0,1.0,0.0,0.0,1.0,1.0,1.0,0.0,0.0,0.0,0.0,0.0,0.0,0.0,4.0,4.0,4.0,0.0,0.0,0.0,0.0,0.0,0.0,0.0,4.0,4.0,4.0,0.0,0.0
20,4,10,5,0.2,0.2,0.3,dense,True,20,20,20,4,20,5,5,Atomic phrase aggregation,validity_full_harmful_sequence_per_prompt,radius_derived,5,"0,10,20,30,40",0.0,0.0,0.0,0.0,0.0,1.0,1.0,1.0,0.0,0.0,1.0,1.0,1.0,0.0,0.0,1.0,1.0,1.0,0.0,0.0,1.0,1.0,1.0,0.0,0.0,1.0,1.0,1.0,0.0,0.0,0.0,0.0,0.0,0.0,0.0,4.0,4.0,4.0,0.0,0.0,0.0,0.0,0.0,0.0,0.0,4.0,4.0,4.0,0.0,0.0
20,4,10,5,0.2,0.2,0.3,dense,True,20,20,20,4,20,5,6,Atomic phrase aggregation,validity_full_harmful_sequence_per_prompt,radius_derived,5,"0,10,20,30,40",0.0,0.0,0.0,0.0,0.0,1.0,1.0,1.0,0.0,0.0,1.0,1.0,1.0,0.0,0.0,1.0,1.0,1.0,0.0,0.0,1.0,1.0,1.0,0.0,0.0,1.0,1.0,1.0,0.0,0.0,0.0,0.0,0.0,0.0,0.0,4.0,4.0,4.0,0.0,0.0,0.0,0.0,0.0,0.0,0.0,4.0,4.0,4.0,0.0,0.0
20,4,10,5,0.2,0.2,0.3,dense,True,20,20,20,4,20,5,7,Atomic phrase aggregation,validity_full_harmful_sequence_per_prompt,radius_derived,5,"0,10,20,30,40",0.0,0.0,0.0,0.0,0.0,1.0,1.0,1.0,0.0,0.0,1.0,1.0,1.0,0.0,0.0,1.0,1.0,1.0,0.0,0.0,1.0,1.0,1.0,0.0,0.0,1.0,1.0,1.0,0.0,0.0,0.0,0.0,0.0,0.0,0.0,4.0,4.0,4.0,0.0,0.0,0.0,0.0,0.0,0.0,0.0,4.0,4.0,4.0,0.0,0.0
20,4,10,5,0.2,0.2,0.3,dense,True,20,20,20,4,20,5,8,Atomic phrase aggregation,validity_full_harmful_sequence_per_prompt,radius_derived,5,"0,10,20,30,40",0.0,0.0,0.0,0.0,0.0,1.0,1.0,1.0,0.0,0.0,1.0,1.0,1.0,0.0,0.0,1.0,1.0,1.0,0.0,0.0,1.0,1.0,1.0,0.0,0.0,1.0,1.0,1.0,0.0,0.0,0.0,0.0,0.0,0.0,0.0,4.0,4.0,4.0,0.0,0.0,0.0,0.0,0.0,0.0,0.0,4.0,4.0,4.0,0.0,0.0
20,4,10,5,0.2,0.2,0.3,dense,True,20,20,20,4,20,5,9,Atomic phrase aggregation,validity_full_harmful_sequence_per_prompt,radius_derived,5,"0,10,20,30,40",0.0,0.0,0.0,0.0,0.0,1.0,1.0,1.0,0.0,0.0,1.0,1.0,1.0,0.0,0.0,1.0,1.0,1.0,0.0,0.0,1.0,1.0,1.0,0.0,0.0,1.0,1.0,1.0,0.0,0.0,0.0,0.0,0.0,0.0,0.0,4.0,4.0,4.0,0.0,0.0,0.0,0.0,0.0,0.0,0.0,4.0,4.0,4.0,0.0,0.0
20,4,10,5,0.2,0.2,0.3,dense,True,20,20,20,4,20,5,10,Atomic phrase aggregation,validity_full_harmful_sequence_per_prompt,radius_derived,5,"0,10,20,30,40",0.0,0.0,0.0,0.0,0.0,1.0,1.0,1.0,0.0,0.0,1.0,1.0,1.0,0.0,0.0,1.0,1.0,1.0,0.0,0.0,1.0,1.0,1.0,0.0,0.0,1.0,1.0,1.0,0.0,0.0,0.0,0.0,0.0,0.0,0.0,4.0,4.0,4.0,0.0,0.0,0.0,0.0,0.0,0.0,0.0,4.0,4.0,4.0,0.0,0.0
20,4,10,5,0.2,0.2,0.3,dense,True,20,20,20,4,20,5,11,Atomic phrase aggregation,validity_full_harmful_sequence_per_prompt,radius_derived,5,"0,10,20,30,40",0.0,0.0,0.0,0.0,0.0,1.0,1.0,1.0,0.0,0.0,1.0,1.0,1.0,0.0,0.0,1.0,1.0,1.0,0.0,0.0,1.0,1.0,1.0,0.0,0.0,1.0,1.0,1.0,0.0,0.0,0.0,0.0,0.0,0.0,0.0,4.0,4.0,4.0,0.0,0.0,0.0,0.0,0.0,0.0,0.0,4.0,4.0,4.0,0.0,0.0
20,4,10,5,0.2,0.2,0.3,dense,True,20,20,20,4,20,5,12,Atomic phrase aggregation,validity_full_harmful_sequence_per_prompt,radius_derived,5,"0,10,20,30,40",0.0,0.0,0.0,0.0,0.0,1.0,1.0,1.0,0.0,0.0,1.0,1.0,1.0,0.0,0.0,1.0,1.0,1.0,0.0,0.0,1.0,1.0,1.0,0.0,0.0,1.0,1.0,1.0,0.0,0.0,0.0,0.0,0.0,0.0,0.0,4.0,4.0,4.0,0.0,0.0,0.0,0.0,0.0,0.0,0.0,4.0,4.0,4.0,0.0,0.0
20,4,10,5,0.2,0.2,0.3,dense,True,20,20,20,4,20,5,13,Atomic phrase aggregation,validity_full_harmful_sequence_per_prompt,radius_derived,5,"0,10,20,30,40",0.0,0.0,0.0,0.0,0.0,1.0,1.0,1.0,0.0,0.0,1.0,1.0,1.0,0.0,0.0,1.0,1.0,1.0,0.0,0.0,1.0,1.0,1.0,0.0,0.0,1.0,1.0,1.0,0.0,0.0,0.0,0.0,0.0,0.0,0.0,4.0,4.0,4.0,0.0,0.0,0.0,0.0,0.0,0.0,0.0,4.0,4.0,4.0,0.0,0.0
20,4,10,5,0.2,0.2,0.3,dense,True,20,20,20,4,20,5,14,Atomic phrase aggregation,validity_full_harmful_sequence_per_prompt,radius_derived,5,"0,10,20,30,40",0.0,0.0,0.0,0.0,0.0,1.0,1.0,1.0,0.0,0.0,1.0,1.0,1.0,0.0,0.0,1.0,1.0,1.0,0.0,0.0,1.0,1.0,1.0,0.0,0.0,1.0,1.0,1.0,0.0,0.0,0.0,0.0,0.0,0.0,0.0,4.0,4.0,4.0,0.0,0.0,0.0,0.0,0.0,0.0,0.0,4.0,4.0,4.0,0.0,0.0
20,4,10,5,0.2,0.2,0.3,dense,True,20,20,20,4,20,5,15,Atomic phrase aggregation,validity_full_harmful_sequence_per_prompt,radius_derived,5,"0,10,20,30,40",0.0,0.0,0.0,0.0,0.0,1.0,1.0,1.0,0.0,0.0,1.0,1.0,1.0,0.0,0.0,1.0,1.0,1.0,0.0,0.0,1.0,1.0,1.0,0.0,0.0,1.0,1.0,1.0,0.0,0.0,0.0,0.0,0.0,0.0,0.0,4.0,4.0,4.0,0.0,0.0,0.0,0.0,0.0,0.0,0.0,4.0,4.0,4.0,0.0,0.0
20,4,10,5,0.2,0.2,0.3,dense,True,20,20,20,4,20,5,16,Atomic phrase aggregation,validity_full_harmful_sequence_per_prompt,radius_derived,5,"0,10,20,30,40",0.0,0.0,0.0,0.0,0.0,1.0,1.0,1.0,0.0,0.0,1.0,1.0,1.0,0.0,0.0,1.0,1.0,1.0,0.0,0.0,1.0,1.0,1.0,0.0,0.0,1.0,1.0,1.0,0.0,0.0,0.0,0.0,0.0,0.0,0.0,4.0,4.0,4.0,0.0,0.0,0.0,0.0,0.0,0.0,0.0,4.0,4.0,4.0,0.0,0.0
20,4,10,5,0.2,0.2,0.3,dense,True,20,20,20,4,20,5,17,Atomic phrase aggregation,validity_full_harmful_sequence_per_prompt,radius_derived,5,"0,10,20,30,40",0.0,0.0,0.0,0.0,0.0,1.0,1.0,1.0,0.0,0.0,1.0,1.0,1.0,0.0,0.0,1.0,1.0,1.0,0.0,0.0,1.0,1.0,1.0,0.0,0.0,1.0,1.0,1.0,0.0,0.0,0.0,0.0,0.0,0.0,0.0,4.0,4.0,4.0,0.0,0.0,0.0,0.0,0.0,0.0,0.0,4.0,4.0,4.0,0.0,0.0
20,4,10,5,0.2,0.2,0.3,dense,True,20,20,20,4,20,5,18,Atomic phrase aggregation,validity_full_harmful_sequence_per_prompt,radius_derived,5,"0,10,20,30,40",0.0,0.0,0.0,0.0,0.0,1.0,1.0,1.0,0.0,0.0,1.0,1.0,1.0,0.0,0.0,1.0,1.0,1.0,0.0,0.0,1.0,1.0,1.0,0.0,0.0,1.0,1.0,1.0,0.0,0.0,0.0,0.0,0.0,0.0,0.0,4.0,4.0,4.0,0.0,0.0,0.0,0.0,0.0,0.0,0.0,4.0,4.0,4.0,0.0,0.0
20,4,10,5,0.2,0.2,0.3,dense,True,20,20,20,4,20,5,19,Atomic phrase aggregation,validity_full_harmful_sequence_per_prompt,radius_derived,5,"0,10,20,30,40",0.0,0.0,0.0,0.0,0.0,1.0,1.0,1.0,0.0,0.0,1.0,1.0,1.0,0.0,0.0,1.0,1.0,1.0,0.0,0.0,1.0,1.0,1.0,0.0,0.0,1.0,1.0,1.0,0.0,0.0,0.0,0.0,0.0,0.0,0.0,4.0,4.0,4.0,0.0,0.0,0.0,0.0,0.0,0.0,0.0,4.0,4.0,4.0,0.0,0.0
20,4,10,5,0.2,0.2,0.3,dense,True,20,20,20,4,20,5,20,Atomic phrase aggregation,validity_full_harmful_sequence_per_prompt,radius_derived,5,"0,10,20,30,40",0.0,0.0,0.0,0.0,0.0,1.0,1.0,1.0,0.0,0.0,1.0,1.0,1.0,0.0,0.0,1.0,1.0,1.0,0.0,0.0,1.0,1.0,1.0,0.0,0.0,1.0,1.0,1.0,0.0,0.0,0.0,0.0,0.0,0.0,0.0,4.0,4.0,4.0,0.0,0.0,0.0,0.0,0.0,0.0,0.0,4.0,4.0,4.0,0.0,0.0
20,4,10,5,0.2,0.2,0.3,dense,True,20,20,20,4,20,5,0,Independent shard-aware composition diagnostic,validity_full_harmful_sequence_per_prompt,radius_derived,5,"0,10,20,30,40",1.0,1.0,1.0,0.0,0.0,0.0,0.0,0.0,0.0,0.0,25.35,24.5,26.5,0.8500000000000014,1.1499999999999986,25.1,23.5,26.5,1.6000000000000014,1.3999999999999986,21.0,19.0,24.0,2.0,3.0,30.2,27.0,32.0,3.1999999999999993,1.8000000000000007,4.0,4.0,4.0,0.0,0.0,4.0,4.0,4.0,0.0,0.0,0.0,0.0,0.0,0.0,0.0,4.0,4.0,4.0,0.0,0.0
20,4,10,5,0.2,0.2,0.3,dense,True,20,20,20,4,20,5,1,Independent shard-aware composition diagnostic,validity_full_harmful_sequence_per_prompt,radius_derived,5,"0,10,20,30,40",1.0,1.0,1.0,0.0,0.0,0.0,0.0,0.0,0.0,0.0,25.35,24.5,26.5,0.8500000000000014,1.1499999999999986,25.1,23.5,26.5,1.6000000000000014,1.3999999999999986,21.0,19.0,24.0,2.0,3.0,30.2,27.0,32.0,3.1999999999999993,1.8000000000000007,4.0,4.0,4.0,0.0,0.0,4.0,4.0,4.0,0.0,0.0,0.0,0.0,0.0,0.0,0.0,4.0,4.0,4.0,0.0,0.0
20,4,10,5,0.2,0.2,0.3,dense,True,20,20,20,4,20,5,2,Independent shard-aware composition diagnostic,validity_full_harmful_sequence_per_prompt,radius_derived,5,"0,10,20,30,40",1.0,1.0,1.0,0.0,0.0,0.0,0.0,0.0,0.0,0.0,25.35,24.5,26.5,0.8500000000000014,1.1499999999999986,25.1,23.5,26.5,1.6000000000000014,1.3999999999999986,21.0,19.0,24.0,2.0,3.0,30.2,27.0,32.0,3.1999999999999993,1.8000000000000007,4.0,4.0,4.0,0.0,0.0,4.0,4.0,4.0,0.0,0.0,0.0,0.0,0.0,0.0,0.0,4.0,4.0,4.0,0.0,0.0
20,4,10,5,0.2,0.2,0.3,dense,True,20,20,20,4,20,5,3,Independent shard-aware composition diagnostic,validity_full_harmful_sequence_per_prompt,radius_derived,5,"0,10,20,30,40",1.0,1.0,1.0,0.0,0.0,0.0,0.0,0.0,0.0,0.0,25.35,24.5,26.5,0.8500000000000014,1.1499999999999986,25.1,23.5,26.5,1.6000000000000014,1.3999999999999986,21.0,19.0,24.0,2.0,3.0,30.2,27.0,32.0,3.1999999999999993,1.8000000000000007,4.0,4.0,4.0,0.0,0.0,4.0,4.0,4.0,0.0,0.0,0.0,0.0,0.0,0.0,0.0,4.0,4.0,4.0,0.0,0.0
20,4,10,5,0.2,0.2,0.3,dense,True,20,20,20,4,20,5,4,Independent shard-aware composition diagnostic,validity_full_harmful_sequence_per_prompt,radius_derived,5,"0,10,20,30,40",1.0,1.0,1.0,0.0,0.0,0.0,0.0,0.0,0.0,0.0,25.35,24.5,26.5,0.8500000000000014,1.1499999999999986,25.1,23.5,26.5,1.6000000000000014,1.3999999999999986,21.0,19.0,24.0,2.0,3.0,30.2,27.0,32.0,3.1999999999999993,1.8000000000000007,4.0,4.0,4.0,0.0,0.0,4.0,4.0,4.0,0.0,0.0,0.0,0.0,0.0,0.0,0.0,4.0,4.0,4.0,0.0,0.0
20,4,10,5,0.2,0.2,0.3,dense,True,20,20,20,4,20,5,5,Independent shard-aware composition diagnostic,validity_full_harmful_sequence_per_prompt,radius_derived,5,"0,10,20,30,40",1.0,1.0,1.0,0.0,0.0,0.0,0.0,0.0,0.0,0.0,25.35,24.5,26.5,0.8500000000000014,1.1499999999999986,25.1,23.5,26.5,1.6000000000000014,1.3999999999999986,21.0,19.0,24.0,2.0,3.0,30.2,27.0,32.0,3.1999999999999993,1.8000000000000007,4.0,4.0,4.0,0.0,0.0,4.0,4.0,4.0,0.0,0.0,0.0,0.0,0.0,0.0,0.0,4.0,4.0,4.0,0.0,0.0
20,4,10,5,0.2,0.2,0.3,dense,True,20,20,20,4,20,5,6,Independent shard-aware composition diagnostic,validity_full_harmful_sequence_per_prompt,radius_derived,5,"0,10,20,30,40",1.0,1.0,1.0,0.0,0.0,0.0,0.0,0.0,0.0,0.0,25.35,24.5,26.5,0.8500000000000014,1.1499999999999986,25.1,23.5,26.5,1.6000000000000014,1.3999999999999986,21.0,19.0,24.0,2.0,3.0,30.2,27.0,32.0,3.1999999999999993,1.8000000000000007,4.0,4.0,4.0,0.0,0.0,4.0,4.0,4.0,0.0,0.0,0.0,0.0,0.0,0.0,0.0,4.0,4.0,4.0,0.0,0.0
20,4,10,5,0.2,0.2,0.3,dense,True,20,20,20,4,20,5,7,Independent shard-aware composition diagnostic,validity_full_harmful_sequence_per_prompt,radius_derived,5,"0,10,20,30,40",1.0,1.0,1.0,0.0,0.0,0.0,0.0,0.0,0.0,0.0,25.35,24.5,26.5,0.8500000000000014,1.1499999999999986,25.1,23.5,26.5,1.6000000000000014,1.3999999999999986,21.0,19.0,24.0,2.0,3.0,30.2,27.0,32.0,3.1999999999999993,1.8000000000000007,4.0,4.0,4.0,0.0,0.0,4.0,4.0,4.0,0.0,0.0,0.0,0.0,0.0,0.0,0.0,4.0,4.0,4.0,0.0,0.0
20,4,10,5,0.2,0.2,0.3,dense,True,20,20,20,4,20,5,8,Independent shard-aware composition diagnostic,validity_full_harmful_sequence_per_prompt,radius_derived,5,"0,10,20,30,40",1.0,1.0,1.0,0.0,0.0,0.0,0.0,0.0,0.0,0.0,25.35,24.5,26.5,0.8500000000000014,1.1499999999999986,25.1,23.5,26.5,1.6000000000000014,1.3999999999999986,21.0,19.0,24.0,2.0,3.0,30.2,27.0,32.0,3.1999999999999993,1.8000000000000007,4.0,4.0,4.0,0.0,0.0,4.0,4.0,4.0,0.0,0.0,0.0,0.0,0.0,0.0,0.0,4.0,4.0,4.0,0.0,0.0
20,4,10,5,0.2,0.2,0.3,dense,True,20,20,20,4,20,5,9,Independent shard-aware composition diagnostic,validity_full_harmful_sequence_per_prompt,radius_derived,5,"0,10,20,30,40",1.0,1.0,1.0,0.0,0.0,0.0,0.0,0.0,0.0,0.0,25.35,24.5,26.5,0.8500000000000014,1.1499999999999986,25.1,23.5,26.5,1.6000000000000014,1.3999999999999986,21.0,19.0,24.0,2.0,3.0,30.2,27.0,32.0,3.1999999999999993,1.8000000000000007,4.0,4.0,4.0,0.0,0.0,4.0,4.0,4.0,0.0,0.0,0.0,0.0,0.0,0.0,0.0,4.0,4.0,4.0,0.0,0.0
20,4,10,5,0.2,0.2,0.3,dense,True,20,20,20,4,20,5,10,Independent shard-aware composition diagnostic,validity_full_harmful_sequence_per_prompt,radius_derived,5,"0,10,20,30,40",1.0,1.0,1.0,0.0,0.0,0.0,0.0,0.0,0.0,0.0,25.35,24.5,26.5,0.8500000000000014,1.1499999999999986,25.1,23.5,26.5,1.6000000000000014,1.3999999999999986,21.0,19.0,24.0,2.0,3.0,30.2,27.0,32.0,3.1999999999999993,1.8000000000000007,4.0,4.0,4.0,0.0,0.0,4.0,4.0,4.0,0.0,0.0,0.0,0.0,0.0,0.0,0.0,4.0,4.0,4.0,0.0,0.0
20,4,10,5,0.2,0.2,0.3,dense,True,20,20,20,4,20,5,11,Independent shard-aware composition diagnostic,validity_full_harmful_sequence_per_prompt,radius_derived,5,"0,10,20,30,40",1.0,1.0,1.0,0.0,0.0,0.0,0.0,0.0,0.0,0.0,25.35,24.5,26.5,0.8500000000000014,1.1499999999999986,25.1,23.5,26.5,1.6000000000000014,1.3999999999999986,21.0,19.0,24.0,2.0,3.0,30.2,27.0,32.0,3.1999999999999993,1.8000000000000007,4.0,4.0,4.0,0.0,0.0,4.0,4.0,4.0,0.0,0.0,0.0,0.0,0.0,0.0,0.0,4.0,4.0,4.0,0.0,0.0
20,4,10,5,0.2,0.2,0.3,dense,True,20,20,20,4,20,5,12,Independent shard-aware composition diagnostic,validity_full_harmful_sequence_per_prompt,radius_derived,5,"0,10,20,30,40",1.0,1.0,1.0,0.0,0.0,0.0,0.0,0.0,0.0,0.0,25.35,24.5,26.5,0.8500000000000014,1.1499999999999986,25.1,23.5,26.5,1.6000000000000014,1.3999999999999986,21.0,19.0,24.0,2.0,3.0,30.2,27.0,32.0,3.1999999999999993,1.8000000000000007,4.0,4.0,4.0,0.0,0.0,4.0,4.0,4.0,0.0,0.0,0.0,0.0,0.0,0.0,0.0,4.0,4.0,4.0,0.0,0.0
20,4,10,5,0.2,0.2,0.3,dense,True,20,20,20,4,20,5,13,Independent shard-aware composition diagnostic,validity_full_harmful_sequence_per_prompt,radius_derived,5,"0,10,20,30,40",1.0,1.0,1.0,0.0,0.0,0.0,0.0,0.0,0.0,0.0,25.35,24.5,26.5,0.8500000000000014,1.1499999999999986,25.1,23.5,26.5,1.6000000000000014,1.3999999999999986,21.0,19.0,24.0,2.0,3.0,30.2,27.0,32.0,3.1999999999999993,1.8000000000000007,4.0,4.0,4.0,0.0,0.0,4.0,4.0,4.0,0.0,0.0,0.0,0.0,0.0,0.0,0.0,4.0,4.0,4.0,0.0,0.0
20,4,10,5,0.2,0.2,0.3,dense,True,20,20,20,4,20,5,14,Independent shard-aware composition diagnostic,validity_full_harmful_sequence_per_prompt,radius_derived,5,"0,10,20,30,40",1.0,1.0,1.0,0.0,0.0,0.0,0.0,0.0,0.0,0.0,25.35,24.5,26.5,0.8500000000000014,1.1499999999999986,25.1,23.5,26.5,1.6000000000000014,1.3999999999999986,21.0,19.0,24.0,2.0,3.0,30.2,27.0,32.0,3.1999999999999993,1.8000000000000007,4.0,4.0,4.0,0.0,0.0,4.0,4.0,4.0,0.0,0.0,0.0,0.0,0.0,0.0,0.0,4.0,4.0,4.0,0.0,0.0
20,4,10,5,0.2,0.2,0.3,dense,True,20,20,20,4,20,5,15,Independent shard-aware composition diagnostic,validity_full_harmful_sequence_per_prompt,radius_derived,5,"0,10,20,30,40",1.0,1.0,1.0,0.0,0.0,0.0,0.0,0.0,0.0,0.0,25.35,24.5,26.5,0.8500000000000014,1.1499999999999986,25.1,23.5,26.5,1.6000000000000014,1.3999999999999986,21.0,19.0,24.0,2.0,3.0,30.2,27.0,32.0,3.1999999999999993,1.8000000000000007,4.0,4.0,4.0,0.0,0.0,4.0,4.0,4.0,0.0,0.0,0.0,0.0,0.0,0.0,0.0,4.0,4.0,4.0,0.0,0.0
20,4,10,5,0.2,0.2,0.3,dense,True,20,20,20,4,20,5,16,Independent shard-aware composition diagnostic,validity_full_harmful_sequence_per_prompt,radius_derived,5,"0,10,20,30,40",1.0,1.0,1.0,0.0,0.0,0.0,0.0,0.0,0.0,0.0,25.35,24.5,26.5,0.8500000000000014,1.1499999999999986,25.1,23.5,26.5,1.6000000000000014,1.3999999999999986,21.0,19.0,24.0,2.0,3.0,30.2,27.0,32.0,3.1999999999999993,1.8000000000000007,4.0,4.0,4.0,0.0,0.0,4.0,4.0,4.0,0.0,0.0,0.0,0.0,0.0,0.0,0.0,4.0,4.0,4.0,0.0,0.0
20,4,10,5,0.2,0.2,0.3,dense,True,20,20,20,4,20,5,17,Independent shard-aware composition diagnostic,validity_full_harmful_sequence_per_prompt,radius_derived,5,"0,10,20,30,40",1.0,1.0,1.0,0.0,0.0,0.0,0.0,0.0,0.0,0.0,25.35,24.5,26.5,0.8500000000000014,1.1499999999999986,25.1,23.5,26.5,1.6000000000000014,1.3999999999999986,21.0,19.0,24.0,2.0,3.0,30.2,27.0,32.0,3.1999999999999993,1.8000000000000007,4.0,4.0,4.0,0.0,0.0,4.0,4.0,4.0,0.0,0.0,0.0,0.0,0.0,0.0,0.0,4.0,4.0,4.0,0.0,0.0
20,4,10,5,0.2,0.2,0.3,dense,True,20,20,20,4,20,5,18,Independent shard-aware composition diagnostic,validity_full_harmful_sequence_per_prompt,radius_derived,5,"0,10,20,30,40",1.0,1.0,1.0,0.0,0.0,0.0,0.0,0.0,0.0,0.0,25.35,24.5,26.5,0.8500000000000014,1.1499999999999986,25.1,23.5,26.5,1.6000000000000014,1.3999999999999986,21.0,19.0,24.0,2.0,3.0,30.2,27.0,32.0,3.1999999999999993,1.8000000000000007,4.0,4.0,4.0,0.0,0.0,4.0,4.0,4.0,0.0,0.0,0.0,0.0,0.0,0.0,0.0,4.0,4.0,4.0,0.0,0.0
20,4,10,5,0.2,0.2,0.3,dense,True,20,20,20,4,20,5,19,Independent shard-aware composition diagnostic,validity_full_harmful_sequence_per_prompt,radius_derived,5,"0,10,20,30,40",0.9,0.75,1.0,0.15000000000000002,0.09999999999999998,0.1,0.0,0.25,0.1,0.15,25.35,24.5,26.5,0.8500000000000014,1.1499999999999986,25.1,23.5,26.5,1.6000000000000014,1.3999999999999986,21.0,19.0,24.0,2.0,3.0,30.2,27.0,32.0,3.1999999999999993,1.8000000000000007,3.6,3.0,4.0,0.6000000000000001,0.3999999999999999,4.0,4.0,4.0,0.0,0.0,0.0,0.0,0.0,0.0,0.0,4.0,4.0,4.0,0.0,0.0
20,4,10,5,0.2,0.2,0.3,dense,True,20,20,20,4,20,5,20,Independent shard-aware composition diagnostic,validity_full_harmful_sequence_per_prompt,radius_derived,5,"0,10,20,30,40",0.9,0.75,1.0,0.15000000000000002,0.09999999999999998,0.1,0.0,0.25,0.1,0.15,25.35,24.5,26.5,0.8500000000000014,1.1499999999999986,25.1,23.5,26.5,1.6000000000000014,1.3999999999999986,21.0,19.0,24.0,2.0,3.0,30.2,27.0,32.0,3.1999999999999993,1.8000000000000007,3.6,3.0,4.0,0.6000000000000001,0.3999999999999999,4.0,4.0,4.0,0.0,0.0,0.0,0.0,0.0,0.0,0.0,4.0,4.0,4.0,0.0,0.0
20,4,12,5,0.2,0.2,0.3,dense,True,20,20,20,4,20,5,0,DPA token margin,full_response_stable_against_any_token_change,radius_derived,5,"0,10,20,30,40",1.0,1.0,1.0,0.0,0.0,0.0,0.0,0.0,0.0,0.0,4.95,4.5,5.5,0.4500000000000002,0.5499999999999998,4.9,4.5,5.5,0.40000000000000036,0.5999999999999996,4.0,3.0,5.0,1.0,1.0,6.0,6.0,6.0,0.0,0.0,4.0,4.0,4.0,0.0,0.0,4.0,4.0,4.0,0.0,0.0,0.0,0.0,0.0,0.0,0.0,4.0,4.0,4.0,0.0,0.0
20,4,12,5,0.2,0.2,0.3,dense,True,20,20,20,4,20,5,1,DPA token margin,full_response_stable_against_any_token_change,radius_derived,5,"0,10,20,30,40",1.0,1.0,1.0,0.0,0.0,0.0,0.0,0.0,0.0,0.0,4.95,4.5,5.5,0.4500000000000002,0.5499999999999998,4.9,4.5,5.5,0.40000000000000036,0.5999999999999996,4.0,3.0,5.0,1.0,1.0,6.0,6.0,6.0,0.0,0.0,4.0,4.0,4.0,0.0,0.0,4.0,4.0,4.0,0.0,0.0,0.0,0.0,0.0,0.0,0.0,4.0,4.0,4.0,0.0,0.0
20,4,12,5,0.2,0.2,0.3,dense,True,20,20,20,4,20,5,2,DPA token margin,full_response_stable_against_any_token_change,radius_derived,5,"0,10,20,30,40",1.0,1.0,1.0,0.0,0.0,0.0,0.0,0.0,0.0,0.0,4.95,4.5,5.5,0.4500000000000002,0.5499999999999998,4.9,4.5,5.5,0.40000000000000036,0.5999999999999996,4.0,3.0,5.0,1.0,1.0,6.0,6.0,6.0,0.0,0.0,4.0,4.0,4.0,0.0,0.0,4.0,4.0,4.0,0.0,0.0,0.0,0.0,0.0,0.0,0.0,4.0,4.0,4.0,0.0,0.0
20,4,12,5,0.2,0.2,0.3,dense,True,20,20,20,4,20,5,3,DPA token margin,full_response_stable_against_any_token_change,radius_derived,5,"0,10,20,30,40",0.9,0.75,1.0,0.15000000000000002,0.09999999999999998,0.1,0.0,0.25,0.1,0.15,4.95,4.5,5.5,0.4500000000000002,0.5499999999999998,4.9,4.5,5.5,0.40000000000000036,0.5999999999999996,4.0,3.0,5.0,1.0,1.0,6.0,6.0,6.0,0.0,0.0,3.6,3.0,4.0,0.6000000000000001,0.3999999999999999,4.0,4.0,4.0,0.0,0.0,0.0,0.0,0.0,0.0,0.0,4.0,4.0,4.0,0.0,0.0
20,4,12,5,0.2,0.2,0.3,dense,True,20,20,20,4,20,5,4,DPA token margin,full_response_stable_against_any_token_change,radius_derived,5,"0,10,20,30,40",0.7,0.5,1.0,0.19999999999999996,0.30000000000000004,0.3,0.0,0.5,0.3,0.2,4.95,4.5,5.5,0.4500000000000002,0.5499999999999998,4.9,4.5,5.5,0.40000000000000036,0.5999999999999996,4.0,3.0,5.0,1.0,1.0,6.0,6.0,6.0,0.0,0.0,2.8,2.0,4.0,0.7999999999999998,1.2000000000000002,4.0,4.0,4.0,0.0,0.0,0.0,0.0,0.0,0.0,0.0,4.0,4.0,4.0,0.0,0.0
20,4,12,5,0.2,0.2,0.3,dense,True,20,20,20,4,20,5,5,DPA token margin,full_response_stable_against_any_token_change,radius_derived,5,"0,10,20,30,40",0.35,0.25,0.5,0.09999999999999998,0.15000000000000002,0.65,0.5,0.75,0.15000000000000002,0.09999999999999998,4.95,4.5,5.5,0.4500000000000002,0.5499999999999998,4.9,4.5,5.5,0.40000000000000036,0.5999999999999996,4.0,3.0,5.0,1.0,1.0,6.0,6.0,6.0,0.0,0.0,1.4,1.0,2.0,0.3999999999999999,0.6000000000000001,4.0,4.0,4.0,0.0,0.0,0.0,0.0,0.0,0.0,0.0,4.0,4.0,4.0,0.0,0.0
20,4,12,5,0.2,0.2,0.3,dense,True,20,20,20,4,20,5,6,DPA token margin,full_response_stable_against_any_token_change,radius_derived,5,"0,10,20,30,40",0.0,0.0,0.0,0.0,0.0,1.0,1.0,1.0,0.0,0.0,4.95,4.5,5.5,0.4500000000000002,0.5499999999999998,4.9,4.5,5.5,0.40000000000000036,0.5999999999999996,4.0,3.0,5.0,1.0,1.0,6.0,6.0,6.0,0.0,0.0,0.0,0.0,0.0,0.0,0.0,4.0,4.0,4.0,0.0,0.0,0.0,0.0,0.0,0.0,0.0,4.0,4.0,4.0,0.0,0.0
20,4,12,5,0.2,0.2,0.3,dense,True,20,20,20,4,20,5,7,DPA token margin,full_response_stable_against_any_token_change,radius_derived,5,"0,10,20,30,40",0.0,0.0,0.0,0.0,0.0,1.0,1.0,1.0,0.0,0.0,4.95,4.5,5.5,0.4500000000000002,0.5499999999999998,4.9,4.5,5.5,0.40000000000000036,0.5999999999999996,4.0,3.0,5.0,1.0,1.0,6.0,6.0,6.0,0.0,0.0,0.0,0.0,0.0,0.0,0.0,4.0,4.0,4.0,0.0,0.0,0.0,0.0,0.0,0.0,0.0,4.0,4.0,4.0,0.0,0.0
20,4,12,5,0.2,0.2,0.3,dense,True,20,20,20,4,20,5,8,DPA token margin,full_response_stable_against_any_token_change,radius_derived,5,"0,10,20,30,40",0.0,0.0,0.0,0.0,0.0,1.0,1.0,1.0,0.0,0.0,4.95,4.5,5.5,0.4500000000000002,0.5499999999999998,4.9,4.5,5.5,0.40000000000000036,0.5999999999999996,4.0,3.0,5.0,1.0,1.0,6.0,6.0,6.0,0.0,0.0,0.0,0.0,0.0,0.0,0.0,4.0,4.0,4.0,0.0,0.0,0.0,0.0,0.0,0.0,0.0,4.0,4.0,4.0,0.0,0.0
20,4,12,5,0.2,0.2,0.3,dense,True,20,20,20,4,20,5,9,DPA token margin,full_response_stable_against_any_token_change,radius_derived,5,"0,10,20,30,40",0.0,0.0,0.0,0.0,0.0,1.0,1.0,1.0,0.0,0.0,4.95,4.5,5.5,0.4500000000000002,0.5499999999999998,4.9,4.5,5.5,0.40000000000000036,0.5999999999999996,4.0,3.0,5.0,1.0,1.0,6.0,6.0,6.0,0.0,0.0,0.0,0.0,0.0,0.0,0.0,4.0,4.0,4.0,0.0,0.0,0.0,0.0,0.0,0.0,0.0,4.0,4.0,4.0,0.0,0.0
20,4,12,5,0.2,0.2,0.3,dense,True,20,20,20,4,20,5,10,DPA token margin,full_response_stable_against_any_token_change,radius_derived,5,"0,10,20,30,40",0.0,0.0,0.0,0.0,0.0,1.0,1.0,1.0,0.0,0.0,4.95,4.5,5.5,0.4500000000000002,0.5499999999999998,4.9,4.5,5.5,0.40000000000000036,0.5999999999999996,4.0,3.0,5.0,1.0,1.0,6.0,6.0,6.0,0.0,0.0,0.0,0.0,0.0,0.0,0.0,4.0,4.0,4.0,0.0,0.0,0.0,0.0,0.0,0.0,0.0,4.0,4.0,4.0,0.0,0.0
20,4,12,5,0.2,0.2,0.3,dense,True,20,20,20,4,20,5,11,DPA token margin,full_response_stable_against_any_token_change,radius_derived,5,"0,10,20,30,40",0.0,0.0,0.0,0.0,0.0,1.0,1.0,1.0,0.0,0.0,4.95,4.5,5.5,0.4500000000000002,0.5499999999999998,4.9,4.5,5.5,0.40000000000000036,0.5999999999999996,4.0,3.0,5.0,1.0,1.0,6.0,6.0,6.0,0.0,0.0,0.0,0.0,0.0,0.0,0.0,4.0,4.0,4.0,0.0,0.0,0.0,0.0,0.0,0.0,0.0,4.0,4.0,4.0,0.0,0.0
20,4,12,5,0.2,0.2,0.3,dense,True,20,20,20,4,20,5,12,DPA token margin,full_response_stable_against_any_token_change,radius_derived,5,"0,10,20,30,40",0.0,0.0,0.0,0.0,0.0,1.0,1.0,1.0,0.0,0.0,4.95,4.5,5.5,0.4500000000000002,0.5499999999999998,4.9,4.5,5.5,0.40000000000000036,0.5999999999999996,4.0,3.0,5.0,1.0,1.0,6.0,6.0,6.0,0.0,0.0,0.0,0.0,0.0,0.0,0.0,4.0,4.0,4.0,0.0,0.0,0.0,0.0,0.0,0.0,0.0,4.0,4.0,4.0,0.0,0.0
20,4,12,5,0.2,0.2,0.3,dense,True,20,20,20,4,20,5,13,DPA token margin,full_response_stable_against_any_token_change,radius_derived,5,"0,10,20,30,40",0.0,0.0,0.0,0.0,0.0,1.0,1.0,1.0,0.0,0.0,4.95,4.5,5.5,0.4500000000000002,0.5499999999999998,4.9,4.5,5.5,0.40000000000000036,0.5999999999999996,4.0,3.0,5.0,1.0,1.0,6.0,6.0,6.0,0.0,0.0,0.0,0.0,0.0,0.0,0.0,4.0,4.0,4.0,0.0,0.0,0.0,0.0,0.0,0.0,0.0,4.0,4.0,4.0,0.0,0.0
20,4,12,5,0.2,0.2,0.3,dense,True,20,20,20,4,20,5,14,DPA token margin,full_response_stable_against_any_token_change,radius_derived,5,"0,10,20,30,40",0.0,0.0,0.0,0.0,0.0,1.0,1.0,1.0,0.0,0.0,4.95,4.5,5.5,0.4500000000000002,0.5499999999999998,4.9,4.5,5.5,0.40000000000000036,0.5999999999999996,4.0,3.0,5.0,1.0,1.0,6.0,6.0,6.0,0.0,0.0,0.0,0.0,0.0,0.0,0.0,4.0,4.0,4.0,0.0,0.0,0.0,0.0,0.0,0.0,0.0,4.0,4.0,4.0,0.0,0.0
20,4,12,5,0.2,0.2,0.3,dense,True,20,20,20,4,20,5,15,DPA token margin,full_response_stable_against_any_token_change,radius_derived,5,"0,10,20,30,40",0.0,0.0,0.0,0.0,0.0,1.0,1.0,1.0,0.0,0.0,4.95,4.5,5.5,0.4500000000000002,0.5499999999999998,4.9,4.5,5.5,0.40000000000000036,0.5999999999999996,4.0,3.0,5.0,1.0,1.0,6.0,6.0,6.0,0.0,0.0,0.0,0.0,0.0,0.0,0.0,4.0,4.0,4.0,0.0,0.0,0.0,0.0,0.0,0.0,0.0,4.0,4.0,4.0,0.0,0.0
20,4,12,5,0.2,0.2,0.3,dense,True,20,20,20,4,20,5,16,DPA token margin,full_response_stable_against_any_token_change,radius_derived,5,"0,10,20,30,40",0.0,0.0,0.0,0.0,0.0,1.0,1.0,1.0,0.0,0.0,4.95,4.5,5.5,0.4500000000000002,0.5499999999999998,4.9,4.5,5.5,0.40000000000000036,0.5999999999999996,4.0,3.0,5.0,1.0,1.0,6.0,6.0,6.0,0.0,0.0,0.0,0.0,0.0,0.0,0.0,4.0,4.0,4.0,0.0,0.0,0.0,0.0,0.0,0.0,0.0,4.0,4.0,4.0,0.0,0.0
20,4,12,5,0.2,0.2,0.3,dense,True,20,20,20,4,20,5,17,DPA token margin,full_response_stable_against_any_token_change,radius_derived,5,"0,10,20,30,40",0.0,0.0,0.0,0.0,0.0,1.0,1.0,1.0,0.0,0.0,4.95,4.5,5.5,0.4500000000000002,0.5499999999999998,4.9,4.5,5.5,0.40000000000000036,0.5999999999999996,4.0,3.0,5.0,1.0,1.0,6.0,6.0,6.0,0.0,0.0,0.0,0.0,0.0,0.0,0.0,4.0,4.0,4.0,0.0,0.0,0.0,0.0,0.0,0.0,0.0,4.0,4.0,4.0,0.0,0.0
20,4,12,5,0.2,0.2,0.3,dense,True,20,20,20,4,20,5,18,DPA token margin,full_response_stable_against_any_token_change,radius_derived,5,"0,10,20,30,40",0.0,0.0,0.0,0.0,0.0,1.0,1.0,1.0,0.0,0.0,4.95,4.5,5.5,0.4500000000000002,0.5499999999999998,4.9,4.5,5.5,0.40000000000000036,0.5999999999999996,4.0,3.0,5.0,1.0,1.0,6.0,6.0,6.0,0.0,0.0,0.0,0.0,0.0,0.0,0.0,4.0,4.0,4.0,0.0,0.0,0.0,0.0,0.0,0.0,0.0,4.0,4.0,4.0,0.0,0.0
20,4,12,5,0.2,0.2,0.3,dense,True,20,20,20,4,20,5,19,DPA token margin,full_response_stable_against_any_token_change,radius_derived,5,"0,10,20,30,40",0.0,0.0,0.0,0.0,0.0,1.0,1.0,1.0,0.0,0.0,4.95,4.5,5.5,0.4500000000000002,0.5499999999999998,4.9,4.5,5.5,0.40000000000000036,0.5999999999999996,4.0,3.0,5.0,1.0,1.0,6.0,6.0,6.0,0.0,0.0,0.0,0.0,0.0,0.0,0.0,4.0,4.0,4.0,0.0,0.0,0.0,0.0,0.0,0.0,0.0,4.0,4.0,4.0,0.0,0.0
20,4,12,5,0.2,0.2,0.3,dense,True,20,20,20,4,20,5,20,DPA token margin,full_response_stable_against_any_token_change,radius_derived,5,"0,10,20,30,40",0.0,0.0,0.0,0.0,0.0,1.0,1.0,1.0,0.0,0.0,4.95,4.5,5.5,0.4500000000000002,0.5499999999999998,4.9,4.5,5.5,0.40000000000000036,0.5999999999999996,4.0,3.0,5.0,1.0,1.0,6.0,6.0,6.0,0.0,0.0,0.0,0.0,0.0,0.0,0.0,4.0,4.0,4.0,0.0,0.0,0.0,0.0,0.0,0.0,0.0,4.0,4.0,4.0,0.0,0.0
20,4,12,5,0.2,0.2,0.3,dense,True,20,20,20,4,20,5,0,Shared MILP,stability_one_token_per_prompt,radius_derived,5,"0,10,20,30,40",1.0,1.0,1.0,0.0,0.0,0.0,0.0,0.0,0.0,0.0,4.95,4.5,5.5,0.4500000000000002,0.5499999999999998,4.9,4.5,5.5,0.40000000000000036,0.5999999999999996,4.0,3.0,5.0,1.0,1.0,6.0,6.0,6.0,0.0,0.0,4.0,4.0,4.0,0.0,0.0,4.0,4.0,4.0,0.0,0.0,0.0,0.0,0.0,0.0,0.0,4.0,4.0,4.0,0.0,0.0
20,4,12,5,0.2,0.2,0.3,dense,True,20,20,20,4,20,5,1,Shared MILP,stability_one_token_per_prompt,radius_derived,5,"0,10,20,30,40",1.0,1.0,1.0,0.0,0.0,0.0,0.0,0.0,0.0,0.0,4.95,4.5,5.5,0.4500000000000002,0.5499999999999998,4.9,4.5,5.5,0.40000000000000036,0.5999999999999996,4.0,3.0,5.0,1.0,1.0,6.0,6.0,6.0,0.0,0.0,4.0,4.0,4.0,0.0,0.0,4.0,4.0,4.0,0.0,0.0,0.0,0.0,0.0,0.0,0.0,4.0,4.0,4.0,0.0,0.0
20,4,12,5,0.2,0.2,0.3,dense,True,20,20,20,4,20,5,2,Shared MILP,stability_one_token_per_prompt,radius_derived,5,"0,10,20,30,40",1.0,1.0,1.0,0.0,0.0,0.0,0.0,0.0,0.0,0.0,4.95,4.5,5.5,0.4500000000000002,0.5499999999999998,4.9,4.5,5.5,0.40000000000000036,0.5999999999999996,4.0,3.0,5.0,1.0,1.0,6.0,6.0,6.0,0.0,0.0,4.0,4.0,4.0,0.0,0.0,4.0,4.0,4.0,0.0,0.0,0.0,0.0,0.0,0.0,0.0,4.0,4.0,4.0,0.0,0.0
20,4,12,5,0.2,0.2,0.3,dense,True,20,20,20,4,20,5,3,Shared MILP,stability_one_token_per_prompt,radius_derived,5,"0,10,20,30,40",0.9,0.75,1.0,0.15000000000000002,0.09999999999999998,0.1,0.0,0.25,0.1,0.15,4.95,4.5,5.5,0.4500000000000002,0.5499999999999998,4.9,4.5,5.5,0.40000000000000036,0.5999999999999996,4.0,3.0,5.0,1.0,1.0,6.0,6.0,6.0,0.0,0.0,3.6,3.0,4.0,0.6000000000000001,0.3999999999999999,4.0,4.0,4.0,0.0,0.0,0.0,0.0,0.0,0.0,0.0,4.0,4.0,4.0,0.0,0.0
20,4,12,5,0.2,0.2,0.3,dense,True,20,20,20,4,20,5,4,Shared MILP,stability_one_token_per_prompt,radius_derived,5,"0,10,20,30,40",0.7,0.5,1.0,0.19999999999999996,0.30000000000000004,0.3,0.0,0.5,0.3,0.2,4.95,4.5,5.5,0.4500000000000002,0.5499999999999998,4.9,4.5,5.5,0.40000000000000036,0.5999999999999996,4.0,3.0,5.0,1.0,1.0,6.0,6.0,6.0,0.0,0.0,2.8,2.0,4.0,0.7999999999999998,1.2000000000000002,4.0,4.0,4.0,0.0,0.0,0.0,0.0,0.0,0.0,0.0,4.0,4.0,4.0,0.0,0.0
20,4,12,5,0.2,0.2,0.3,dense,True,20,20,20,4,20,5,5,Shared MILP,stability_one_token_per_prompt,radius_derived,5,"0,10,20,30,40",0.35,0.25,0.5,0.09999999999999998,0.15000000000000002,0.65,0.5,0.75,0.15000000000000002,0.09999999999999998,4.95,4.5,5.5,0.4500000000000002,0.5499999999999998,4.9,4.5,5.5,0.40000000000000036,0.5999999999999996,4.0,3.0,5.0,1.0,1.0,6.0,6.0,6.0,0.0,0.0,1.4,1.0,2.0,0.3999999999999999,0.6000000000000001,4.0,4.0,4.0,0.0,0.0,0.0,0.0,0.0,0.0,0.0,4.0,4.0,4.0,0.0,0.0
20,4,12,5,0.2,0.2,0.3,dense,True,20,20,20,4,20,5,6,Shared MILP,stability_one_token_per_prompt,radius_derived,5,"0,10,20,30,40",0.0,0.0,0.0,0.0,0.0,1.0,1.0,1.0,0.0,0.0,4.95,4.5,5.5,0.4500000000000002,0.5499999999999998,4.9,4.5,5.5,0.40000000000000036,0.5999999999999996,4.0,3.0,5.0,1.0,1.0,6.0,6.0,6.0,0.0,0.0,0.0,0.0,0.0,0.0,0.0,4.0,4.0,4.0,0.0,0.0,0.0,0.0,0.0,0.0,0.0,4.0,4.0,4.0,0.0,0.0
20,4,12,5,0.2,0.2,0.3,dense,True,20,20,20,4,20,5,7,Shared MILP,stability_one_token_per_prompt,radius_derived,5,"0,10,20,30,40",0.0,0.0,0.0,0.0,0.0,1.0,1.0,1.0,0.0,0.0,4.95,4.5,5.5,0.4500000000000002,0.5499999999999998,4.9,4.5,5.5,0.40000000000000036,0.5999999999999996,4.0,3.0,5.0,1.0,1.0,6.0,6.0,6.0,0.0,0.0,0.0,0.0,0.0,0.0,0.0,4.0,4.0,4.0,0.0,0.0,0.0,0.0,0.0,0.0,0.0,4.0,4.0,4.0,0.0,0.0
20,4,12,5,0.2,0.2,0.3,dense,True,20,20,20,4,20,5,8,Shared MILP,stability_one_token_per_prompt,radius_derived,5,"0,10,20,30,40",0.0,0.0,0.0,0.0,0.0,1.0,1.0,1.0,0.0,0.0,4.95,4.5,5.5,0.4500000000000002,0.5499999999999998,4.9,4.5,5.5,0.40000000000000036,0.5999999999999996,4.0,3.0,5.0,1.0,1.0,6.0,6.0,6.0,0.0,0.0,0.0,0.0,0.0,0.0,0.0,4.0,4.0,4.0,0.0,0.0,0.0,0.0,0.0,0.0,0.0,4.0,4.0,4.0,0.0,0.0
20,4,12,5,0.2,0.2,0.3,dense,True,20,20,20,4,20,5,9,Shared MILP,stability_one_token_per_prompt,radius_derived,5,"0,10,20,30,40",0.0,0.0,0.0,0.0,0.0,1.0,1.0,1.0,0.0,0.0,4.95,4.5,5.5,0.4500000000000002,0.5499999999999998,4.9,4.5,5.5,0.40000000000000036,0.5999999999999996,4.0,3.0,5.0,1.0,1.0,6.0,6.0,6.0,0.0,0.0,0.0,0.0,0.0,0.0,0.0,4.0,4.0,4.0,0.0,0.0,0.0,0.0,0.0,0.0,0.0,4.0,4.0,4.0,0.0,0.0
20,4,12,5,0.2,0.2,0.3,dense,True,20,20,20,4,20,5,10,Shared MILP,stability_one_token_per_prompt,radius_derived,5,"0,10,20,30,40",0.0,0.0,0.0,0.0,0.0,1.0,1.0,1.0,0.0,0.0,4.95,4.5,5.5,0.4500000000000002,0.5499999999999998,4.9,4.5,5.5,0.40000000000000036,0.5999999999999996,4.0,3.0,5.0,1.0,1.0,6.0,6.0,6.0,0.0,0.0,0.0,0.0,0.0,0.0,0.0,4.0,4.0,4.0,0.0,0.0,0.0,0.0,0.0,0.0,0.0,4.0,4.0,4.0,0.0,0.0
20,4,12,5,0.2,0.2,0.3,dense,True,20,20,20,4,20,5,11,Shared MILP,stability_one_token_per_prompt,radius_derived,5,"0,10,20,30,40",0.0,0.0,0.0,0.0,0.0,1.0,1.0,1.0,0.0,0.0,4.95,4.5,5.5,0.4500000000000002,0.5499999999999998,4.9,4.5,5.5,0.40000000000000036,0.5999999999999996,4.0,3.0,5.0,1.0,1.0,6.0,6.0,6.0,0.0,0.0,0.0,0.0,0.0,0.0,0.0,4.0,4.0,4.0,0.0,0.0,0.0,0.0,0.0,0.0,0.0,4.0,4.0,4.0,0.0,0.0
20,4,12,5,0.2,0.2,0.3,dense,True,20,20,20,4,20,5,12,Shared MILP,stability_one_token_per_prompt,radius_derived,5,"0,10,20,30,40",0.0,0.0,0.0,0.0,0.0,1.0,1.0,1.0,0.0,0.0,4.95,4.5,5.5,0.4500000000000002,0.5499999999999998,4.9,4.5,5.5,0.40000000000000036,0.5999999999999996,4.0,3.0,5.0,1.0,1.0,6.0,6.0,6.0,0.0,0.0,0.0,0.0,0.0,0.0,0.0,4.0,4.0,4.0,0.0,0.0,0.0,0.0,0.0,0.0,0.0,4.0,4.0,4.0,0.0,0.0
20,4,12,5,0.2,0.2,0.3,dense,True,20,20,20,4,20,5,13,Shared MILP,stability_one_token_per_prompt,radius_derived,5,"0,10,20,30,40",0.0,0.0,0.0,0.0,0.0,1.0,1.0,1.0,0.0,0.0,4.95,4.5,5.5,0.4500000000000002,0.5499999999999998,4.9,4.5,5.5,0.40000000000000036,0.5999999999999996,4.0,3.0,5.0,1.0,1.0,6.0,6.0,6.0,0.0,0.0,0.0,0.0,0.0,0.0,0.0,4.0,4.0,4.0,0.0,0.0,0.0,0.0,0.0,0.0,0.0,4.0,4.0,4.0,0.0,0.0
20,4,12,5,0.2,0.2,0.3,dense,True,20,20,20,4,20,5,14,Shared MILP,stability_one_token_per_prompt,radius_derived,5,"0,10,20,30,40",0.0,0.0,0.0,0.0,0.0,1.0,1.0,1.0,0.0,0.0,4.95,4.5,5.5,0.4500000000000002,0.5499999999999998,4.9,4.5,5.5,0.40000000000000036,0.5999999999999996,4.0,3.0,5.0,1.0,1.0,6.0,6.0,6.0,0.0,0.0,0.0,0.0,0.0,0.0,0.0,4.0,4.0,4.0,0.0,0.0,0.0,0.0,0.0,0.0,0.0,4.0,4.0,4.0,0.0,0.0
20,4,12,5,0.2,0.2,0.3,dense,True,20,20,20,4,20,5,15,Shared MILP,stability_one_token_per_prompt,radius_derived,5,"0,10,20,30,40",0.0,0.0,0.0,0.0,0.0,1.0,1.0,1.0,0.0,0.0,4.95,4.5,5.5,0.4500000000000002,0.5499999999999998,4.9,4.5,5.5,0.40000000000000036,0.5999999999999996,4.0,3.0,5.0,1.0,1.0,6.0,6.0,6.0,0.0,0.0,0.0,0.0,0.0,0.0,0.0,4.0,4.0,4.0,0.0,0.0,0.0,0.0,0.0,0.0,0.0,4.0,4.0,4.0,0.0,0.0
20,4,12,5,0.2,0.2,0.3,dense,True,20,20,20,4,20,5,16,Shared MILP,stability_one_token_per_prompt,radius_derived,5,"0,10,20,30,40",0.0,0.0,0.0,0.0,0.0,1.0,1.0,1.0,0.0,0.0,4.95,4.5,5.5,0.4500000000000002,0.5499999999999998,4.9,4.5,5.5,0.40000000000000036,0.5999999999999996,4.0,3.0,5.0,1.0,1.0,6.0,6.0,6.0,0.0,0.0,0.0,0.0,0.0,0.0,0.0,4.0,4.0,4.0,0.0,0.0,0.0,0.0,0.0,0.0,0.0,4.0,4.0,4.0,0.0,0.0
20,4,12,5,0.2,0.2,0.3,dense,True,20,20,20,4,20,5,17,Shared MILP,stability_one_token_per_prompt,radius_derived,5,"0,10,20,30,40",0.0,0.0,0.0,0.0,0.0,1.0,1.0,1.0,0.0,0.0,4.95,4.5,5.5,0.4500000000000002,0.5499999999999998,4.9,4.5,5.5,0.40000000000000036,0.5999999999999996,4.0,3.0,5.0,1.0,1.0,6.0,6.0,6.0,0.0,0.0,0.0,0.0,0.0,0.0,0.0,4.0,4.0,4.0,0.0,0.0,0.0,0.0,0.0,0.0,0.0,4.0,4.0,4.0,0.0,0.0
20,4,12,5,0.2,0.2,0.3,dense,True,20,20,20,4,20,5,18,Shared MILP,stability_one_token_per_prompt,radius_derived,5,"0,10,20,30,40",0.0,0.0,0.0,0.0,0.0,1.0,1.0,1.0,0.0,0.0,4.95,4.5,5.5,0.4500000000000002,0.5499999999999998,4.9,4.5,5.5,0.40000000000000036,0.5999999999999996,4.0,3.0,5.0,1.0,1.0,6.0,6.0,6.0,0.0,0.0,0.0,0.0,0.0,0.0,0.0,4.0,4.0,4.0,0.0,0.0,0.0,0.0,0.0,0.0,0.0,4.0,4.0,4.0,0.0,0.0
20,4,12,5,0.2,0.2,0.3,dense,True,20,20,20,4,20,5,19,Shared MILP,stability_one_token_per_prompt,radius_derived,5,"0,10,20,30,40",0.0,0.0,0.0,0.0,0.0,1.0,1.0,1.0,0.0,0.0,4.95,4.5,5.5,0.4500000000000002,0.5499999999999998,4.9,4.5,5.5,0.40000000000000036,0.5999999999999996,4.0,3.0,5.0,1.0,1.0,6.0,6.0,6.0,0.0,0.0,0.0,0.0,0.0,0.0,0.0,4.0,4.0,4.0,0.0,0.0,0.0,0.0,0.0,0.0,0.0,4.0,4.0,4.0,0.0,0.0
20,4,12,5,0.2,0.2,0.3,dense,True,20,20,20,4,20,5,20,Shared MILP,stability_one_token_per_prompt,radius_derived,5,"0,10,20,30,40",0.0,0.0,0.0,0.0,0.0,1.0,1.0,1.0,0.0,0.0,4.95,4.5,5.5,0.4500000000000002,0.5499999999999998,4.9,4.5,5.5,0.40000000000000036,0.5999999999999996,4.0,3.0,5.0,1.0,1.0,6.0,6.0,6.0,0.0,0.0,0.0,0.0,0.0,0.0,0.0,4.0,4.0,4.0,0.0,0.0,0.0,0.0,0.0,0.0,0.0,4.0,4.0,4.0,0.0,0.0
20,4,12,5,0.2,0.2,0.3,dense,True,20,20,20,4,20,5,0,Shared MILP,stability_full_sequence_per_prompt,radius_derived,5,"0,10,20,30,40",1.0,1.0,1.0,0.0,0.0,0.0,0.0,0.0,0.0,0.0,9.0,8.75,9.25,0.25,0.25,9.0,9.0,9.0,0.0,0.0,8.6,8.0,9.0,0.5999999999999996,0.40000000000000036,9.4,9.0,10.0,0.40000000000000036,0.5999999999999996,4.0,4.0,4.0,0.0,0.0,4.0,4.0,4.0,0.0,0.0,0.0,0.0,0.0,0.0,0.0,4.0,4.0,4.0,0.0,0.0
20,4,12,5,0.2,0.2,0.3,dense,True,20,20,20,4,20,5,1,Shared MILP,stability_full_sequence_per_prompt,radius_derived,5,"0,10,20,30,40",1.0,1.0,1.0,0.0,0.0,0.0,0.0,0.0,0.0,0.0,9.0,8.75,9.25,0.25,0.25,9.0,9.0,9.0,0.0,0.0,8.6,8.0,9.0,0.5999999999999996,0.40000000000000036,9.4,9.0,10.0,0.40000000000000036,0.5999999999999996,4.0,4.0,4.0,0.0,0.0,4.0,4.0,4.0,0.0,0.0,0.0,0.0,0.0,0.0,0.0,4.0,4.0,4.0,0.0,0.0
20,4,12,5,0.2,0.2,0.3,dense,True,20,20,20,4,20,5,2,Shared MILP,stability_full_sequence_per_prompt,radius_derived,5,"0,10,20,30,40",1.0,1.0,1.0,0.0,0.0,0.0,0.0,0.0,0.0,0.0,9.0,8.75,9.25,0.25,0.25,9.0,9.0,9.0,0.0,0.0,8.6,8.0,9.0,0.5999999999999996,0.40000000000000036,9.4,9.0,10.0,0.40000000000000036,0.5999999999999996,4.0,4.0,4.0,0.0,0.0,4.0,4.0,4.0,0.0,0.0,0.0,0.0,0.0,0.0,0.0,4.0,4.0,4.0,0.0,0.0
20,4,12,5,0.2,0.2,0.3,dense,True,20,20,20,4,20,5,3,Shared MILP,stability_full_sequence_per_prompt,radius_derived,5,"0,10,20,30,40",1.0,1.0,1.0,0.0,0.0,0.0,0.0,0.0,0.0,0.0,9.0,8.75,9.25,0.25,0.25,9.0,9.0,9.0,0.0,0.0,8.6,8.0,9.0,0.5999999999999996,0.40000000000000036,9.4,9.0,10.0,0.40000000000000036,0.5999999999999996,4.0,4.0,4.0,0.0,0.0,4.0,4.0,4.0,0.0,0.0,0.0,0.0,0.0,0.0,0.0,4.0,4.0,4.0,0.0,0.0
20,4,12,5,0.2,0.2,0.3,dense,True,20,20,20,4,20,5,4,Shared MILP,stability_full_sequence_per_prompt,radius_derived,5,"0,10,20,30,40",1.0,1.0,1.0,0.0,0.0,0.0,0.0,0.0,0.0,0.0,9.0,8.75,9.25,0.25,0.25,9.0,9.0,9.0,0.0,0.0,8.6,8.0,9.0,0.5999999999999996,0.40000000000000036,9.4,9.0,10.0,0.40000000000000036,0.5999999999999996,4.0,4.0,4.0,0.0,0.0,4.0,4.0,4.0,0.0,0.0,0.0,0.0,0.0,0.0,0.0,4.0,4.0,4.0,0.0,0.0
20,4,12,5,0.2,0.2,0.3,dense,True,20,20,20,4,20,5,5,Shared MILP,stability_full_sequence_per_prompt,radius_derived,5,"0,10,20,30,40",1.0,1.0,1.0,0.0,0.0,0.0,0.0,0.0,0.0,0.0,9.0,8.75,9.25,0.25,0.25,9.0,9.0,9.0,0.0,0.0,8.6,8.0,9.0,0.5999999999999996,0.40000000000000036,9.4,9.0,10.0,0.40000000000000036,0.5999999999999996,4.0,4.0,4.0,0.0,0.0,4.0,4.0,4.0,0.0,0.0,0.0,0.0,0.0,0.0,0.0,4.0,4.0,4.0,0.0,0.0
20,4,12,5,0.2,0.2,0.3,dense,True,20,20,20,4,20,5,6,Shared MILP,stability_full_sequence_per_prompt,radius_derived,5,"0,10,20,30,40",1.0,1.0,1.0,0.0,0.0,0.0,0.0,0.0,0.0,0.0,9.0,8.75,9.25,0.25,0.25,9.0,9.0,9.0,0.0,0.0,8.6,8.0,9.0,0.5999999999999996,0.40000000000000036,9.4,9.0,10.0,0.40000000000000036,0.5999999999999996,4.0,4.0,4.0,0.0,0.0,4.0,4.0,4.0,0.0,0.0,0.0,0.0,0.0,0.0,0.0,4.0,4.0,4.0,0.0,0.0
20,4,12,5,0.2,0.2,0.3,dense,True,20,20,20,4,20,5,7,Shared MILP,stability_full_sequence_per_prompt,radius_derived,5,"0,10,20,30,40",1.0,1.0,1.0,0.0,0.0,0.0,0.0,0.0,0.0,0.0,9.0,8.75,9.25,0.25,0.25,9.0,9.0,9.0,0.0,0.0,8.6,8.0,9.0,0.5999999999999996,0.40000000000000036,9.4,9.0,10.0,0.40000000000000036,0.5999999999999996,4.0,4.0,4.0,0.0,0.0,4.0,4.0,4.0,0.0,0.0,0.0,0.0,0.0,0.0,0.0,4.0,4.0,4.0,0.0,0.0
20,4,12,5,0.2,0.2,0.3,dense,True,20,20,20,4,20,5,8,Shared MILP,stability_full_sequence_per_prompt,radius_derived,5,"0,10,20,30,40",0.9,0.75,1.0,0.15000000000000002,0.09999999999999998,0.1,0.0,0.25,0.1,0.15,9.0,8.75,9.25,0.25,0.25,9.0,9.0,9.0,0.0,0.0,8.6,8.0,9.0,0.5999999999999996,0.40000000000000036,9.4,9.0,10.0,0.40000000000000036,0.5999999999999996,3.6,3.0,4.0,0.6000000000000001,0.3999999999999999,4.0,4.0,4.0,0.0,0.0,0.0,0.0,0.0,0.0,0.0,4.0,4.0,4.0,0.0,0.0
20,4,12,5,0.2,0.2,0.3,dense,True,20,20,20,4,20,5,9,Shared MILP,stability_full_sequence_per_prompt,radius_derived,5,"0,10,20,30,40",0.1,0.0,0.25,0.1,0.15,0.9,0.75,1.0,0.15000000000000002,0.09999999999999998,9.0,8.75,9.25,0.25,0.25,9.0,9.0,9.0,0.0,0.0,8.6,8.0,9.0,0.5999999999999996,0.40000000000000036,9.4,9.0,10.0,0.40000000000000036,0.5999999999999996,0.4,0.0,1.0,0.4,0.6,4.0,4.0,4.0,0.0,0.0,0.0,0.0,0.0,0.0,0.0,4.0,4.0,4.0,0.0,0.0
20,4,12,5,0.2,0.2,0.3,dense,True,20,20,20,4,20,5,10,Shared MILP,stability_full_sequence_per_prompt,radius_derived,5,"0,10,20,30,40",0.0,0.0,0.0,0.0,0.0,1.0,1.0,1.0,0.0,0.0,9.0,8.75,9.25,0.25,0.25,9.0,9.0,9.0,0.0,0.0,8.6,8.0,9.0,0.5999999999999996,0.40000000000000036,9.4,9.0,10.0,0.40000000000000036,0.5999999999999996,0.0,0.0,0.0,0.0,0.0,4.0,4.0,4.0,0.0,0.0,0.0,0.0,0.0,0.0,0.0,4.0,4.0,4.0,0.0,0.0
20,4,12,5,0.2,0.2,0.3,dense,True,20,20,20,4,20,5,11,Shared MILP,stability_full_sequence_per_prompt,radius_derived,5,"0,10,20,30,40",0.0,0.0,0.0,0.0,0.0,1.0,1.0,1.0,0.0,0.0,9.0,8.75,9.25,0.25,0.25,9.0,9.0,9.0,0.0,0.0,8.6,8.0,9.0,0.5999999999999996,0.40000000000000036,9.4,9.0,10.0,0.40000000000000036,0.5999999999999996,0.0,0.0,0.0,0.0,0.0,4.0,4.0,4.0,0.0,0.0,0.0,0.0,0.0,0.0,0.0,4.0,4.0,4.0,0.0,0.0
20,4,12,5,0.2,0.2,0.3,dense,True,20,20,20,4,20,5,12,Shared MILP,stability_full_sequence_per_prompt,radius_derived,5,"0,10,20,30,40",0.0,0.0,0.0,0.0,0.0,1.0,1.0,1.0,0.0,0.0,9.0,8.75,9.25,0.25,0.25,9.0,9.0,9.0,0.0,0.0,8.6,8.0,9.0,0.5999999999999996,0.40000000000000036,9.4,9.0,10.0,0.40000000000000036,0.5999999999999996,0.0,0.0,0.0,0.0,0.0,4.0,4.0,4.0,0.0,0.0,0.0,0.0,0.0,0.0,0.0,4.0,4.0,4.0,0.0,0.0
20,4,12,5,0.2,0.2,0.3,dense,True,20,20,20,4,20,5,13,Shared MILP,stability_full_sequence_per_prompt,radius_derived,5,"0,10,20,30,40",0.0,0.0,0.0,0.0,0.0,1.0,1.0,1.0,0.0,0.0,9.0,8.75,9.25,0.25,0.25,9.0,9.0,9.0,0.0,0.0,8.6,8.0,9.0,0.5999999999999996,0.40000000000000036,9.4,9.0,10.0,0.40000000000000036,0.5999999999999996,0.0,0.0,0.0,0.0,0.0,4.0,4.0,4.0,0.0,0.0,0.0,0.0,0.0,0.0,0.0,4.0,4.0,4.0,0.0,0.0
20,4,12,5,0.2,0.2,0.3,dense,True,20,20,20,4,20,5,14,Shared MILP,stability_full_sequence_per_prompt,radius_derived,5,"0,10,20,30,40",0.0,0.0,0.0,0.0,0.0,1.0,1.0,1.0,0.0,0.0,9.0,8.75,9.25,0.25,0.25,9.0,9.0,9.0,0.0,0.0,8.6,8.0,9.0,0.5999999999999996,0.40000000000000036,9.4,9.0,10.0,0.40000000000000036,0.5999999999999996,0.0,0.0,0.0,0.0,0.0,4.0,4.0,4.0,0.0,0.0,0.0,0.0,0.0,0.0,0.0,4.0,4.0,4.0,0.0,0.0
20,4,12,5,0.2,0.2,0.3,dense,True,20,20,20,4,20,5,15,Shared MILP,stability_full_sequence_per_prompt,radius_derived,5,"0,10,20,30,40",0.0,0.0,0.0,0.0,0.0,1.0,1.0,1.0,0.0,0.0,9.0,8.75,9.25,0.25,0.25,9.0,9.0,9.0,0.0,0.0,8.6,8.0,9.0,0.5999999999999996,0.40000000000000036,9.4,9.0,10.0,0.40000000000000036,0.5999999999999996,0.0,0.0,0.0,0.0,0.0,4.0,4.0,4.0,0.0,0.0,0.0,0.0,0.0,0.0,0.0,4.0,4.0,4.0,0.0,0.0
20,4,12,5,0.2,0.2,0.3,dense,True,20,20,20,4,20,5,16,Shared MILP,stability_full_sequence_per_prompt,radius_derived,5,"0,10,20,30,40",0.0,0.0,0.0,0.0,0.0,1.0,1.0,1.0,0.0,0.0,9.0,8.75,9.25,0.25,0.25,9.0,9.0,9.0,0.0,0.0,8.6,8.0,9.0,0.5999999999999996,0.40000000000000036,9.4,9.0,10.0,0.40000000000000036,0.5999999999999996,0.0,0.0,0.0,0.0,0.0,4.0,4.0,4.0,0.0,0.0,0.0,0.0,0.0,0.0,0.0,4.0,4.0,4.0,0.0,0.0
20,4,12,5,0.2,0.2,0.3,dense,True,20,20,20,4,20,5,17,Shared MILP,stability_full_sequence_per_prompt,radius_derived,5,"0,10,20,30,40",0.0,0.0,0.0,0.0,0.0,1.0,1.0,1.0,0.0,0.0,9.0,8.75,9.25,0.25,0.25,9.0,9.0,9.0,0.0,0.0,8.6,8.0,9.0,0.5999999999999996,0.40000000000000036,9.4,9.0,10.0,0.40000000000000036,0.5999999999999996,0.0,0.0,0.0,0.0,0.0,4.0,4.0,4.0,0.0,0.0,0.0,0.0,0.0,0.0,0.0,4.0,4.0,4.0,0.0,0.0
20,4,12,5,0.2,0.2,0.3,dense,True,20,20,20,4,20,5,18,Shared MILP,stability_full_sequence_per_prompt,radius_derived,5,"0,10,20,30,40",0.0,0.0,0.0,0.0,0.0,1.0,1.0,1.0,0.0,0.0,9.0,8.75,9.25,0.25,0.25,9.0,9.0,9.0,0.0,0.0,8.6,8.0,9.0,0.5999999999999996,0.40000000000000036,9.4,9.0,10.0,0.40000000000000036,0.5999999999999996,0.0,0.0,0.0,0.0,0.0,4.0,4.0,4.0,0.0,0.0,0.0,0.0,0.0,0.0,0.0,4.0,4.0,4.0,0.0,0.0
20,4,12,5,0.2,0.2,0.3,dense,True,20,20,20,4,20,5,19,Shared MILP,stability_full_sequence_per_prompt,radius_derived,5,"0,10,20,30,40",0.0,0.0,0.0,0.0,0.0,1.0,1.0,1.0,0.0,0.0,9.0,8.75,9.25,0.25,0.25,9.0,9.0,9.0,0.0,0.0,8.6,8.0,9.0,0.5999999999999996,0.40000000000000036,9.4,9.0,10.0,0.40000000000000036,0.5999999999999996,0.0,0.0,0.0,0.0,0.0,4.0,4.0,4.0,0.0,0.0,0.0,0.0,0.0,0.0,0.0,4.0,4.0,4.0,0.0,0.0
20,4,12,5,0.2,0.2,0.3,dense,True,20,20,20,4,20,5,20,Shared MILP,stability_full_sequence_per_prompt,radius_derived,5,"0,10,20,30,40",0.0,0.0,0.0,0.0,0.0,1.0,1.0,1.0,0.0,0.0,9.0,8.75,9.25,0.25,0.25,9.0,9.0,9.0,0.0,0.0,8.6,8.0,9.0,0.5999999999999996,0.40000000000000036,9.4,9.0,10.0,0.40000000000000036,0.5999999999999996,0.0,0.0,0.0,0.0,0.0,4.0,4.0,4.0,0.0,0.0,0.0,0.0,0.0,0.0,0.0,4.0,4.0,4.0,0.0,0.0
20,4,12,5,0.2,0.2,0.3,dense,True,20,20,20,4,20,5,0,Plain DPA max token,validity_full_harmful_sequence_per_prompt,radius_derived,5,"0,10,20,30,40",1.0,1.0,1.0,0.0,0.0,0.0,0.0,0.0,0.0,0.0,5.65,5.25,6.25,0.40000000000000036,0.5999999999999996,5.7,5.0,6.5,0.7000000000000002,0.7999999999999998,4.6,4.0,5.0,0.5999999999999996,0.40000000000000036,6.6,6.0,7.0,0.5999999999999996,0.40000000000000036,4.0,4.0,4.0,0.0,0.0,4.0,4.0,4.0,0.0,0.0,0.0,0.0,0.0,0.0,0.0,4.0,4.0,4.0,0.0,0.0
20,4,12,5,0.2,0.2,0.3,dense,True,20,20,20,4,20,5,1,Plain DPA max token,validity_full_harmful_sequence_per_prompt,radius_derived,5,"0,10,20,30,40",1.0,1.0,1.0,0.0,0.0,0.0,0.0,0.0,0.0,0.0,5.65,5.25,6.25,0.40000000000000036,0.5999999999999996,5.7,5.0,6.5,0.7000000000000002,0.7999999999999998,4.6,4.0,5.0,0.5999999999999996,0.40000000000000036,6.6,6.0,7.0,0.5999999999999996,0.40000000000000036,4.0,4.0,4.0,0.0,0.0,4.0,4.0,4.0,0.0,0.0,0.0,0.0,0.0,0.0,0.0,4.0,4.0,4.0,0.0,0.0
20,4,12,5,0.2,0.2,0.3,dense,True,20,20,20,4,20,5,2,Plain DPA max token,validity_full_harmful_sequence_per_prompt,radius_derived,5,"0,10,20,30,40",1.0,1.0,1.0,0.0,0.0,0.0,0.0,0.0,0.0,0.0,5.65,5.25,6.25,0.40000000000000036,0.5999999999999996,5.7,5.0,6.5,0.7000000000000002,0.7999999999999998,4.6,4.0,5.0,0.5999999999999996,0.40000000000000036,6.6,6.0,7.0,0.5999999999999996,0.40000000000000036,4.0,4.0,4.0,0.0,0.0,4.0,4.0,4.0,0.0,0.0,0.0,0.0,0.0,0.0,0.0,4.0,4.0,4.0,0.0,0.0
20,4,12,5,0.2,0.2,0.3,dense,True,20,20,20,4,20,5,3,Plain DPA max token,validity_full_harmful_sequence_per_prompt,radius_derived,5,"0,10,20,30,40",1.0,1.0,1.0,0.0,0.0,0.0,0.0,0.0,0.0,0.0,5.65,5.25,6.25,0.40000000000000036,0.5999999999999996,5.7,5.0,6.5,0.7000000000000002,0.7999999999999998,4.6,4.0,5.0,0.5999999999999996,0.40000000000000036,6.6,6.0,7.0,0.5999999999999996,0.40000000000000036,4.0,4.0,4.0,0.0,0.0,4.0,4.0,4.0,0.0,0.0,0.0,0.0,0.0,0.0,0.0,4.0,4.0,4.0,0.0,0.0
20,4,12,5,0.2,0.2,0.3,dense,True,20,20,20,4,20,5,4,Plain DPA max token,validity_full_harmful_sequence_per_prompt,radius_derived,5,"0,10,20,30,40",0.9,0.75,1.0,0.15000000000000002,0.09999999999999998,0.1,0.0,0.25,0.1,0.15,5.65,5.25,6.25,0.40000000000000036,0.5999999999999996,5.7,5.0,6.5,0.7000000000000002,0.7999999999999998,4.6,4.0,5.0,0.5999999999999996,0.40000000000000036,6.6,6.0,7.0,0.5999999999999996,0.40000000000000036,3.6,3.0,4.0,0.6000000000000001,0.3999999999999999,4.0,4.0,4.0,0.0,0.0,0.0,0.0,0.0,0.0,0.0,4.0,4.0,4.0,0.0,0.0
20,4,12,5,0.2,0.2,0.3,dense,True,20,20,20,4,20,5,5,Plain DPA max token,validity_full_harmful_sequence_per_prompt,radius_derived,5,"0,10,20,30,40",0.5,0.25,0.75,0.25,0.25,0.5,0.25,0.75,0.25,0.25,5.65,5.25,6.25,0.40000000000000036,0.5999999999999996,5.7,5.0,6.5,0.7000000000000002,0.7999999999999998,4.6,4.0,5.0,0.5999999999999996,0.40000000000000036,6.6,6.0,7.0,0.5999999999999996,0.40000000000000036,2.0,1.0,3.0,1.0,1.0,4.0,4.0,4.0,0.0,0.0,0.0,0.0,0.0,0.0,0.0,4.0,4.0,4.0,0.0,0.0
20,4,12,5,0.2,0.2,0.3,dense,True,20,20,20,4,20,5,6,Plain DPA max token,validity_full_harmful_sequence_per_prompt,radius_derived,5,"0,10,20,30,40",0.25,0.0,0.5,0.25,0.25,0.75,0.5,1.0,0.25,0.25,5.65,5.25,6.25,0.40000000000000036,0.5999999999999996,5.7,5.0,6.5,0.7000000000000002,0.7999999999999998,4.6,4.0,5.0,0.5999999999999996,0.40000000000000036,6.6,6.0,7.0,0.5999999999999996,0.40000000000000036,1.0,0.0,2.0,1.0,1.0,4.0,4.0,4.0,0.0,0.0,0.0,0.0,0.0,0.0,0.0,4.0,4.0,4.0,0.0,0.0
20,4,12,5,0.2,0.2,0.3,dense,True,20,20,20,4,20,5,7,Plain DPA max token,validity_full_harmful_sequence_per_prompt,radius_derived,5,"0,10,20,30,40",0.0,0.0,0.0,0.0,0.0,1.0,1.0,1.0,0.0,0.0,5.65,5.25,6.25,0.40000000000000036,0.5999999999999996,5.7,5.0,6.5,0.7000000000000002,0.7999999999999998,4.6,4.0,5.0,0.5999999999999996,0.40000000000000036,6.6,6.0,7.0,0.5999999999999996,0.40000000000000036,0.0,0.0,0.0,0.0,0.0,4.0,4.0,4.0,0.0,0.0,0.0,0.0,0.0,0.0,0.0,4.0,4.0,4.0,0.0,0.0
20,4,12,5,0.2,0.2,0.3,dense,True,20,20,20,4,20,5,8,Plain DPA max token,validity_full_harmful_sequence_per_prompt,radius_derived,5,"0,10,20,30,40",0.0,0.0,0.0,0.0,0.0,1.0,1.0,1.0,0.0,0.0,5.65,5.25,6.25,0.40000000000000036,0.5999999999999996,5.7,5.0,6.5,0.7000000000000002,0.7999999999999998,4.6,4.0,5.0,0.5999999999999996,0.40000000000000036,6.6,6.0,7.0,0.5999999999999996,0.40000000000000036,0.0,0.0,0.0,0.0,0.0,4.0,4.0,4.0,0.0,0.0,0.0,0.0,0.0,0.0,0.0,4.0,4.0,4.0,0.0,0.0
20,4,12,5,0.2,0.2,0.3,dense,True,20,20,20,4,20,5,9,Plain DPA max token,validity_full_harmful_sequence_per_prompt,radius_derived,5,"0,10,20,30,40",0.0,0.0,0.0,0.0,0.0,1.0,1.0,1.0,0.0,0.0,5.65,5.25,6.25,0.40000000000000036,0.5999999999999996,5.7,5.0,6.5,0.7000000000000002,0.7999999999999998,4.6,4.0,5.0,0.5999999999999996,0.40000000000000036,6.6,6.0,7.0,0.5999999999999996,0.40000000000000036,0.0,0.0,0.0,0.0,0.0,4.0,4.0,4.0,0.0,0.0,0.0,0.0,0.0,0.0,0.0,4.0,4.0,4.0,0.0,0.0
20,4,12,5,0.2,0.2,0.3,dense,True,20,20,20,4,20,5,10,Plain DPA max token,validity_full_harmful_sequence_per_prompt,radius_derived,5,"0,10,20,30,40",0.0,0.0,0.0,0.0,0.0,1.0,1.0,1.0,0.0,0.0,5.65,5.25,6.25,0.40000000000000036,0.5999999999999996,5.7,5.0,6.5,0.7000000000000002,0.7999999999999998,4.6,4.0,5.0,0.5999999999999996,0.40000000000000036,6.6,6.0,7.0,0.5999999999999996,0.40000000000000036,0.0,0.0,0.0,0.0,0.0,4.0,4.0,4.0,0.0,0.0,0.0,0.0,0.0,0.0,0.0,4.0,4.0,4.0,0.0,0.0
20,4,12,5,0.2,0.2,0.3,dense,True,20,20,20,4,20,5,11,Plain DPA max token,validity_full_harmful_sequence_per_prompt,radius_derived,5,"0,10,20,30,40",0.0,0.0,0.0,0.0,0.0,1.0,1.0,1.0,0.0,0.0,5.65,5.25,6.25,0.40000000000000036,0.5999999999999996,5.7,5.0,6.5,0.7000000000000002,0.7999999999999998,4.6,4.0,5.0,0.5999999999999996,0.40000000000000036,6.6,6.0,7.0,0.5999999999999996,0.40000000000000036,0.0,0.0,0.0,0.0,0.0,4.0,4.0,4.0,0.0,0.0,0.0,0.0,0.0,0.0,0.0,4.0,4.0,4.0,0.0,0.0
20,4,12,5,0.2,0.2,0.3,dense,True,20,20,20,4,20,5,12,Plain DPA max token,validity_full_harmful_sequence_per_prompt,radius_derived,5,"0,10,20,30,40",0.0,0.0,0.0,0.0,0.0,1.0,1.0,1.0,0.0,0.0,5.65,5.25,6.25,0.40000000000000036,0.5999999999999996,5.7,5.0,6.5,0.7000000000000002,0.7999999999999998,4.6,4.0,5.0,0.5999999999999996,0.40000000000000036,6.6,6.0,7.0,0.5999999999999996,0.40000000000000036,0.0,0.0,0.0,0.0,0.0,4.0,4.0,4.0,0.0,0.0,0.0,0.0,0.0,0.0,0.0,4.0,4.0,4.0,0.0,0.0
20,4,12,5,0.2,0.2,0.3,dense,True,20,20,20,4,20,5,13,Plain DPA max token,validity_full_harmful_sequence_per_prompt,radius_derived,5,"0,10,20,30,40",0.0,0.0,0.0,0.0,0.0,1.0,1.0,1.0,0.0,0.0,5.65,5.25,6.25,0.40000000000000036,0.5999999999999996,5.7,5.0,6.5,0.7000000000000002,0.7999999999999998,4.6,4.0,5.0,0.5999999999999996,0.40000000000000036,6.6,6.0,7.0,0.5999999999999996,0.40000000000000036,0.0,0.0,0.0,0.0,0.0,4.0,4.0,4.0,0.0,0.0,0.0,0.0,0.0,0.0,0.0,4.0,4.0,4.0,0.0,0.0
20,4,12,5,0.2,0.2,0.3,dense,True,20,20,20,4,20,5,14,Plain DPA max token,validity_full_harmful_sequence_per_prompt,radius_derived,5,"0,10,20,30,40",0.0,0.0,0.0,0.0,0.0,1.0,1.0,1.0,0.0,0.0,5.65,5.25,6.25,0.40000000000000036,0.5999999999999996,5.7,5.0,6.5,0.7000000000000002,0.7999999999999998,4.6,4.0,5.0,0.5999999999999996,0.40000000000000036,6.6,6.0,7.0,0.5999999999999996,0.40000000000000036,0.0,0.0,0.0,0.0,0.0,4.0,4.0,4.0,0.0,0.0,0.0,0.0,0.0,0.0,0.0,4.0,4.0,4.0,0.0,0.0
20,4,12,5,0.2,0.2,0.3,dense,True,20,20,20,4,20,5,15,Plain DPA max token,validity_full_harmful_sequence_per_prompt,radius_derived,5,"0,10,20,30,40",0.0,0.0,0.0,0.0,0.0,1.0,1.0,1.0,0.0,0.0,5.65,5.25,6.25,0.40000000000000036,0.5999999999999996,5.7,5.0,6.5,0.7000000000000002,0.7999999999999998,4.6,4.0,5.0,0.5999999999999996,0.40000000000000036,6.6,6.0,7.0,0.5999999999999996,0.40000000000000036,0.0,0.0,0.0,0.0,0.0,4.0,4.0,4.0,0.0,0.0,0.0,0.0,0.0,0.0,0.0,4.0,4.0,4.0,0.0,0.0
20,4,12,5,0.2,0.2,0.3,dense,True,20,20,20,4,20,5,16,Plain DPA max token,validity_full_harmful_sequence_per_prompt,radius_derived,5,"0,10,20,30,40",0.0,0.0,0.0,0.0,0.0,1.0,1.0,1.0,0.0,0.0,5.65,5.25,6.25,0.40000000000000036,0.5999999999999996,5.7,5.0,6.5,0.7000000000000002,0.7999999999999998,4.6,4.0,5.0,0.5999999999999996,0.40000000000000036,6.6,6.0,7.0,0.5999999999999996,0.40000000000000036,0.0,0.0,0.0,0.0,0.0,4.0,4.0,4.0,0.0,0.0,0.0,0.0,0.0,0.0,0.0,4.0,4.0,4.0,0.0,0.0
20,4,12,5,0.2,0.2,0.3,dense,True,20,20,20,4,20,5,17,Plain DPA max token,validity_full_harmful_sequence_per_prompt,radius_derived,5,"0,10,20,30,40",0.0,0.0,0.0,0.0,0.0,1.0,1.0,1.0,0.0,0.0,5.65,5.25,6.25,0.40000000000000036,0.5999999999999996,5.7,5.0,6.5,0.7000000000000002,0.7999999999999998,4.6,4.0,5.0,0.5999999999999996,0.40000000000000036,6.6,6.0,7.0,0.5999999999999996,0.40000000000000036,0.0,0.0,0.0,0.0,0.0,4.0,4.0,4.0,0.0,0.0,0.0,0.0,0.0,0.0,0.0,4.0,4.0,4.0,0.0,0.0
20,4,12,5,0.2,0.2,0.3,dense,True,20,20,20,4,20,5,18,Plain DPA max token,validity_full_harmful_sequence_per_prompt,radius_derived,5,"0,10,20,30,40",0.0,0.0,0.0,0.0,0.0,1.0,1.0,1.0,0.0,0.0,5.65,5.25,6.25,0.40000000000000036,0.5999999999999996,5.7,5.0,6.5,0.7000000000000002,0.7999999999999998,4.6,4.0,5.0,0.5999999999999996,0.40000000000000036,6.6,6.0,7.0,0.5999999999999996,0.40000000000000036,0.0,0.0,0.0,0.0,0.0,4.0,4.0,4.0,0.0,0.0,0.0,0.0,0.0,0.0,0.0,4.0,4.0,4.0,0.0,0.0
20,4,12,5,0.2,0.2,0.3,dense,True,20,20,20,4,20,5,19,Plain DPA max token,validity_full_harmful_sequence_per_prompt,radius_derived,5,"0,10,20,30,40",0.0,0.0,0.0,0.0,0.0,1.0,1.0,1.0,0.0,0.0,5.65,5.25,6.25,0.40000000000000036,0.5999999999999996,5.7,5.0,6.5,0.7000000000000002,0.7999999999999998,4.6,4.0,5.0,0.5999999999999996,0.40000000000000036,6.6,6.0,7.0,0.5999999999999996,0.40000000000000036,0.0,0.0,0.0,0.0,0.0,4.0,4.0,4.0,0.0,0.0,0.0,0.0,0.0,0.0,0.0,4.0,4.0,4.0,0.0,0.0
20,4,12,5,0.2,0.2,0.3,dense,True,20,20,20,4,20,5,20,Plain DPA max token,validity_full_harmful_sequence_per_prompt,radius_derived,5,"0,10,20,30,40",0.0,0.0,0.0,0.0,0.0,1.0,1.0,1.0,0.0,0.0,5.65,5.25,6.25,0.40000000000000036,0.5999999999999996,5.7,5.0,6.5,0.7000000000000002,0.7999999999999998,4.6,4.0,5.0,0.5999999999999996,0.40000000000000036,6.6,6.0,7.0,0.5999999999999996,0.40000000000000036,0.0,0.0,0.0,0.0,0.0,4.0,4.0,4.0,0.0,0.0,0.0,0.0,0.0,0.0,0.0,4.0,4.0,4.0,0.0,0.0
20,4,12,5,0.2,0.2,0.3,dense,True,20,20,20,4,20,5,0,Shard-aware weakest-token diagnostic,weakest_harmful_token_not_full_sequence_validity,radius_derived,5,"0,10,20,30,40",0.0,0.0,0.0,0.0,0.0,1.0,1.0,1.0,0.0,0.0,0.0,0.0,0.0,0.0,0.0,0.0,0.0,0.0,0.0,0.0,0.0,0.0,0.0,0.0,0.0,0.0,0.0,0.0,0.0,0.0,0.0,0.0,0.0,0.0,0.0,4.0,4.0,4.0,0.0,0.0,0.0,0.0,0.0,0.0,0.0,4.0,4.0,4.0,0.0,0.0
20,4,12,5,0.2,0.2,0.3,dense,True,20,20,20,4,20,5,1,Shard-aware weakest-token diagnostic,weakest_harmful_token_not_full_sequence_validity,radius_derived,5,"0,10,20,30,40",0.0,0.0,0.0,0.0,0.0,1.0,1.0,1.0,0.0,0.0,0.0,0.0,0.0,0.0,0.0,0.0,0.0,0.0,0.0,0.0,0.0,0.0,0.0,0.0,0.0,0.0,0.0,0.0,0.0,0.0,0.0,0.0,0.0,0.0,0.0,4.0,4.0,4.0,0.0,0.0,0.0,0.0,0.0,0.0,0.0,4.0,4.0,4.0,0.0,0.0
20,4,12,5,0.2,0.2,0.3,dense,True,20,20,20,4,20,5,2,Shard-aware weakest-token diagnostic,weakest_harmful_token_not_full_sequence_validity,radius_derived,5,"0,10,20,30,40",0.0,0.0,0.0,0.0,0.0,1.0,1.0,1.0,0.0,0.0,0.0,0.0,0.0,0.0,0.0,0.0,0.0,0.0,0.0,0.0,0.0,0.0,0.0,0.0,0.0,0.0,0.0,0.0,0.0,0.0,0.0,0.0,0.0,0.0,0.0,4.0,4.0,4.0,0.0,0.0,0.0,0.0,0.0,0.0,0.0,4.0,4.0,4.0,0.0,0.0
20,4,12,5,0.2,0.2,0.3,dense,True,20,20,20,4,20,5,3,Shard-aware weakest-token diagnostic,weakest_harmful_token_not_full_sequence_validity,radius_derived,5,"0,10,20,30,40",0.0,0.0,0.0,0.0,0.0,1.0,1.0,1.0,0.0,0.0,0.0,0.0,0.0,0.0,0.0,0.0,0.0,0.0,0.0,0.0,0.0,0.0,0.0,0.0,0.0,0.0,0.0,0.0,0.0,0.0,0.0,0.0,0.0,0.0,0.0,4.0,4.0,4.0,0.0,0.0,0.0,0.0,0.0,0.0,0.0,4.0,4.0,4.0,0.0,0.0
20,4,12,5,0.2,0.2,0.3,dense,True,20,20,20,4,20,5,4,Shard-aware weakest-token diagnostic,weakest_harmful_token_not_full_sequence_validity,radius_derived,5,"0,10,20,30,40",0.0,0.0,0.0,0.0,0.0,1.0,1.0,1.0,0.0,0.0,0.0,0.0,0.0,0.0,0.0,0.0,0.0,0.0,0.0,0.0,0.0,0.0,0.0,0.0,0.0,0.0,0.0,0.0,0.0,0.0,0.0,0.0,0.0,0.0,0.0,4.0,4.0,4.0,0.0,0.0,0.0,0.0,0.0,0.0,0.0,4.0,4.0,4.0,0.0,0.0
20,4,12,5,0.2,0.2,0.3,dense,True,20,20,20,4,20,5,5,Shard-aware weakest-token diagnostic,weakest_harmful_token_not_full_sequence_validity,radius_derived,5,"0,10,20,30,40",0.0,0.0,0.0,0.0,0.0,1.0,1.0,1.0,0.0,0.0,0.0,0.0,0.0,0.0,0.0,0.0,0.0,0.0,0.0,0.0,0.0,0.0,0.0,0.0,0.0,0.0,0.0,0.0,0.0,0.0,0.0,0.0,0.0,0.0,0.0,4.0,4.0,4.0,0.0,0.0,0.0,0.0,0.0,0.0,0.0,4.0,4.0,4.0,0.0,0.0
20,4,12,5,0.2,0.2,0.3,dense,True,20,20,20,4,20,5,6,Shard-aware weakest-token diagnostic,weakest_harmful_token_not_full_sequence_validity,radius_derived,5,"0,10,20,30,40",0.0,0.0,0.0,0.0,0.0,1.0,1.0,1.0,0.0,0.0,0.0,0.0,0.0,0.0,0.0,0.0,0.0,0.0,0.0,0.0,0.0,0.0,0.0,0.0,0.0,0.0,0.0,0.0,0.0,0.0,0.0,0.0,0.0,0.0,0.0,4.0,4.0,4.0,0.0,0.0,0.0,0.0,0.0,0.0,0.0,4.0,4.0,4.0,0.0,0.0
20,4,12,5,0.2,0.2,0.3,dense,True,20,20,20,4,20,5,7,Shard-aware weakest-token diagnostic,weakest_harmful_token_not_full_sequence_validity,radius_derived,5,"0,10,20,30,40",0.0,0.0,0.0,0.0,0.0,1.0,1.0,1.0,0.0,0.0,0.0,0.0,0.0,0.0,0.0,0.0,0.0,0.0,0.0,0.0,0.0,0.0,0.0,0.0,0.0,0.0,0.0,0.0,0.0,0.0,0.0,0.0,0.0,0.0,0.0,4.0,4.0,4.0,0.0,0.0,0.0,0.0,0.0,0.0,0.0,4.0,4.0,4.0,0.0,0.0
20,4,12,5,0.2,0.2,0.3,dense,True,20,20,20,4,20,5,8,Shard-aware weakest-token diagnostic,weakest_harmful_token_not_full_sequence_validity,radius_derived,5,"0,10,20,30,40",0.0,0.0,0.0,0.0,0.0,1.0,1.0,1.0,0.0,0.0,0.0,0.0,0.0,0.0,0.0,0.0,0.0,0.0,0.0,0.0,0.0,0.0,0.0,0.0,0.0,0.0,0.0,0.0,0.0,0.0,0.0,0.0,0.0,0.0,0.0,4.0,4.0,4.0,0.0,0.0,0.0,0.0,0.0,0.0,0.0,4.0,4.0,4.0,0.0,0.0
20,4,12,5,0.2,0.2,0.3,dense,True,20,20,20,4,20,5,9,Shard-aware weakest-token diagnostic,weakest_harmful_token_not_full_sequence_validity,radius_derived,5,"0,10,20,30,40",0.0,0.0,0.0,0.0,0.0,1.0,1.0,1.0,0.0,0.0,0.0,0.0,0.0,0.0,0.0,0.0,0.0,0.0,0.0,0.0,0.0,0.0,0.0,0.0,0.0,0.0,0.0,0.0,0.0,0.0,0.0,0.0,0.0,0.0,0.0,4.0,4.0,4.0,0.0,0.0,0.0,0.0,0.0,0.0,0.0,4.0,4.0,4.0,0.0,0.0
20,4,12,5,0.2,0.2,0.3,dense,True,20,20,20,4,20,5,10,Shard-aware weakest-token diagnostic,weakest_harmful_token_not_full_sequence_validity,radius_derived,5,"0,10,20,30,40",0.0,0.0,0.0,0.0,0.0,1.0,1.0,1.0,0.0,0.0,0.0,0.0,0.0,0.0,0.0,0.0,0.0,0.0,0.0,0.0,0.0,0.0,0.0,0.0,0.0,0.0,0.0,0.0,0.0,0.0,0.0,0.0,0.0,0.0,0.0,4.0,4.0,4.0,0.0,0.0,0.0,0.0,0.0,0.0,0.0,4.0,4.0,4.0,0.0,0.0
20,4,12,5,0.2,0.2,0.3,dense,True,20,20,20,4,20,5,11,Shard-aware weakest-token diagnostic,weakest_harmful_token_not_full_sequence_validity,radius_derived,5,"0,10,20,30,40",0.0,0.0,0.0,0.0,0.0,1.0,1.0,1.0,0.0,0.0,0.0,0.0,0.0,0.0,0.0,0.0,0.0,0.0,0.0,0.0,0.0,0.0,0.0,0.0,0.0,0.0,0.0,0.0,0.0,0.0,0.0,0.0,0.0,0.0,0.0,4.0,4.0,4.0,0.0,0.0,0.0,0.0,0.0,0.0,0.0,4.0,4.0,4.0,0.0,0.0
20,4,12,5,0.2,0.2,0.3,dense,True,20,20,20,4,20,5,12,Shard-aware weakest-token diagnostic,weakest_harmful_token_not_full_sequence_validity,radius_derived,5,"0,10,20,30,40",0.0,0.0,0.0,0.0,0.0,1.0,1.0,1.0,0.0,0.0,0.0,0.0,0.0,0.0,0.0,0.0,0.0,0.0,0.0,0.0,0.0,0.0,0.0,0.0,0.0,0.0,0.0,0.0,0.0,0.0,0.0,0.0,0.0,0.0,0.0,4.0,4.0,4.0,0.0,0.0,0.0,0.0,0.0,0.0,0.0,4.0,4.0,4.0,0.0,0.0
20,4,12,5,0.2,0.2,0.3,dense,True,20,20,20,4,20,5,13,Shard-aware weakest-token diagnostic,weakest_harmful_token_not_full_sequence_validity,radius_derived,5,"0,10,20,30,40",0.0,0.0,0.0,0.0,0.0,1.0,1.0,1.0,0.0,0.0,0.0,0.0,0.0,0.0,0.0,0.0,0.0,0.0,0.0,0.0,0.0,0.0,0.0,0.0,0.0,0.0,0.0,0.0,0.0,0.0,0.0,0.0,0.0,0.0,0.0,4.0,4.0,4.0,0.0,0.0,0.0,0.0,0.0,0.0,0.0,4.0,4.0,4.0,0.0,0.0
20,4,12,5,0.2,0.2,0.3,dense,True,20,20,20,4,20,5,14,Shard-aware weakest-token diagnostic,weakest_harmful_token_not_full_sequence_validity,radius_derived,5,"0,10,20,30,40",0.0,0.0,0.0,0.0,0.0,1.0,1.0,1.0,0.0,0.0,0.0,0.0,0.0,0.0,0.0,0.0,0.0,0.0,0.0,0.0,0.0,0.0,0.0,0.0,0.0,0.0,0.0,0.0,0.0,0.0,0.0,0.0,0.0,0.0,0.0,4.0,4.0,4.0,0.0,0.0,0.0,0.0,0.0,0.0,0.0,4.0,4.0,4.0,0.0,0.0
20,4,12,5,0.2,0.2,0.3,dense,True,20,20,20,4,20,5,15,Shard-aware weakest-token diagnostic,weakest_harmful_token_not_full_sequence_validity,radius_derived,5,"0,10,20,30,40",0.0,0.0,0.0,0.0,0.0,1.0,1.0,1.0,0.0,0.0,0.0,0.0,0.0,0.0,0.0,0.0,0.0,0.0,0.0,0.0,0.0,0.0,0.0,0.0,0.0,0.0,0.0,0.0,0.0,0.0,0.0,0.0,0.0,0.0,0.0,4.0,4.0,4.0,0.0,0.0,0.0,0.0,0.0,0.0,0.0,4.0,4.0,4.0,0.0,0.0
20,4,12,5,0.2,0.2,0.3,dense,True,20,20,20,4,20,5,16,Shard-aware weakest-token diagnostic,weakest_harmful_token_not_full_sequence_validity,radius_derived,5,"0,10,20,30,40",0.0,0.0,0.0,0.0,0.0,1.0,1.0,1.0,0.0,0.0,0.0,0.0,0.0,0.0,0.0,0.0,0.0,0.0,0.0,0.0,0.0,0.0,0.0,0.0,0.0,0.0,0.0,0.0,0.0,0.0,0.0,0.0,0.0,0.0,0.0,4.0,4.0,4.0,0.0,0.0,0.0,0.0,0.0,0.0,0.0,4.0,4.0,4.0,0.0,0.0
20,4,12,5,0.2,0.2,0.3,dense,True,20,20,20,4,20,5,17,Shard-aware weakest-token diagnostic,weakest_harmful_token_not_full_sequence_validity,radius_derived,5,"0,10,20,30,40",0.0,0.0,0.0,0.0,0.0,1.0,1.0,1.0,0.0,0.0,0.0,0.0,0.0,0.0,0.0,0.0,0.0,0.0,0.0,0.0,0.0,0.0,0.0,0.0,0.0,0.0,0.0,0.0,0.0,0.0,0.0,0.0,0.0,0.0,0.0,4.0,4.0,4.0,0.0,0.0,0.0,0.0,0.0,0.0,0.0,4.0,4.0,4.0,0.0,0.0
20,4,12,5,0.2,0.2,0.3,dense,True,20,20,20,4,20,5,18,Shard-aware weakest-token diagnostic,weakest_harmful_token_not_full_sequence_validity,radius_derived,5,"0,10,20,30,40",0.0,0.0,0.0,0.0,0.0,1.0,1.0,1.0,0.0,0.0,0.0,0.0,0.0,0.0,0.0,0.0,0.0,0.0,0.0,0.0,0.0,0.0,0.0,0.0,0.0,0.0,0.0,0.0,0.0,0.0,0.0,0.0,0.0,0.0,0.0,4.0,4.0,4.0,0.0,0.0,0.0,0.0,0.0,0.0,0.0,4.0,4.0,4.0,0.0,0.0
20,4,12,5,0.2,0.2,0.3,dense,True,20,20,20,4,20,5,19,Shard-aware weakest-token diagnostic,weakest_harmful_token_not_full_sequence_validity,radius_derived,5,"0,10,20,30,40",0.0,0.0,0.0,0.0,0.0,1.0,1.0,1.0,0.0,0.0,0.0,0.0,0.0,0.0,0.0,0.0,0.0,0.0,0.0,0.0,0.0,0.0,0.0,0.0,0.0,0.0,0.0,0.0,0.0,0.0,0.0,0.0,0.0,0.0,0.0,4.0,4.0,4.0,0.0,0.0,0.0,0.0,0.0,0.0,0.0,4.0,4.0,4.0,0.0,0.0
20,4,12,5,0.2,0.2,0.3,dense,True,20,20,20,4,20,5,20,Shard-aware weakest-token diagnostic,weakest_harmful_token_not_full_sequence_validity,radius_derived,5,"0,10,20,30,40",0.0,0.0,0.0,0.0,0.0,1.0,1.0,1.0,0.0,0.0,0.0,0.0,0.0,0.0,0.0,0.0,0.0,0.0,0.0,0.0,0.0,0.0,0.0,0.0,0.0,0.0,0.0,0.0,0.0,0.0,0.0,0.0,0.0,0.0,0.0,4.0,4.0,4.0,0.0,0.0,0.0,0.0,0.0,0.0,0.0,4.0,4.0,4.0,0.0,0.0
20,4,12,5,0.2,0.2,0.3,dense,True,20,20,20,4,20,5,0,Shard-aware independent max-token diagnostic,most_difficult_harmful_token_not_full_sequence_validity,radius_derived,5,"0,10,20,30,40",1.0,1.0,1.0,0.0,0.0,0.0,0.0,0.0,0.0,0.0,5.65,5.25,6.25,0.40000000000000036,0.5999999999999996,5.7,5.0,6.5,0.7000000000000002,0.7999999999999998,4.6,4.0,5.0,0.5999999999999996,0.40000000000000036,6.6,6.0,7.0,0.5999999999999996,0.40000000000000036,4.0,4.0,4.0,0.0,0.0,4.0,4.0,4.0,0.0,0.0,0.0,0.0,0.0,0.0,0.0,4.0,4.0,4.0,0.0,0.0
20,4,12,5,0.2,0.2,0.3,dense,True,20,20,20,4,20,5,1,Shard-aware independent max-token diagnostic,most_difficult_harmful_token_not_full_sequence_validity,radius_derived,5,"0,10,20,30,40",1.0,1.0,1.0,0.0,0.0,0.0,0.0,0.0,0.0,0.0,5.65,5.25,6.25,0.40000000000000036,0.5999999999999996,5.7,5.0,6.5,0.7000000000000002,0.7999999999999998,4.6,4.0,5.0,0.5999999999999996,0.40000000000000036,6.6,6.0,7.0,0.5999999999999996,0.40000000000000036,4.0,4.0,4.0,0.0,0.0,4.0,4.0,4.0,0.0,0.0,0.0,0.0,0.0,0.0,0.0,4.0,4.0,4.0,0.0,0.0
20,4,12,5,0.2,0.2,0.3,dense,True,20,20,20,4,20,5,2,Shard-aware independent max-token diagnostic,most_difficult_harmful_token_not_full_sequence_validity,radius_derived,5,"0,10,20,30,40",1.0,1.0,1.0,0.0,0.0,0.0,0.0,0.0,0.0,0.0,5.65,5.25,6.25,0.40000000000000036,0.5999999999999996,5.7,5.0,6.5,0.7000000000000002,0.7999999999999998,4.6,4.0,5.0,0.5999999999999996,0.40000000000000036,6.6,6.0,7.0,0.5999999999999996,0.40000000000000036,4.0,4.0,4.0,0.0,0.0,4.0,4.0,4.0,0.0,0.0,0.0,0.0,0.0,0.0,0.0,4.0,4.0,4.0,0.0,0.0
20,4,12,5,0.2,0.2,0.3,dense,True,20,20,20,4,20,5,3,Shard-aware independent max-token diagnostic,most_difficult_harmful_token_not_full_sequence_validity,radius_derived,5,"0,10,20,30,40",1.0,1.0,1.0,0.0,0.0,0.0,0.0,0.0,0.0,0.0,5.65,5.25,6.25,0.40000000000000036,0.5999999999999996,5.7,5.0,6.5,0.7000000000000002,0.7999999999999998,4.6,4.0,5.0,0.5999999999999996,0.40000000000000036,6.6,6.0,7.0,0.5999999999999996,0.40000000000000036,4.0,4.0,4.0,0.0,0.0,4.0,4.0,4.0,0.0,0.0,0.0,0.0,0.0,0.0,0.0,4.0,4.0,4.0,0.0,0.0
20,4,12,5,0.2,0.2,0.3,dense,True,20,20,20,4,20,5,4,Shard-aware independent max-token diagnostic,most_difficult_harmful_token_not_full_sequence_validity,radius_derived,5,"0,10,20,30,40",0.9,0.75,1.0,0.15000000000000002,0.09999999999999998,0.1,0.0,0.25,0.1,0.15,5.65,5.25,6.25,0.40000000000000036,0.5999999999999996,5.7,5.0,6.5,0.7000000000000002,0.7999999999999998,4.6,4.0,5.0,0.5999999999999996,0.40000000000000036,6.6,6.0,7.0,0.5999999999999996,0.40000000000000036,3.6,3.0,4.0,0.6000000000000001,0.3999999999999999,4.0,4.0,4.0,0.0,0.0,0.0,0.0,0.0,0.0,0.0,4.0,4.0,4.0,0.0,0.0
20,4,12,5,0.2,0.2,0.3,dense,True,20,20,20,4,20,5,5,Shard-aware independent max-token diagnostic,most_difficult_harmful_token_not_full_sequence_validity,radius_derived,5,"0,10,20,30,40",0.5,0.25,0.75,0.25,0.25,0.5,0.25,0.75,0.25,0.25,5.65,5.25,6.25,0.40000000000000036,0.5999999999999996,5.7,5.0,6.5,0.7000000000000002,0.7999999999999998,4.6,4.0,5.0,0.5999999999999996,0.40000000000000036,6.6,6.0,7.0,0.5999999999999996,0.40000000000000036,2.0,1.0,3.0,1.0,1.0,4.0,4.0,4.0,0.0,0.0,0.0,0.0,0.0,0.0,0.0,4.0,4.0,4.0,0.0,0.0
20,4,12,5,0.2,0.2,0.3,dense,True,20,20,20,4,20,5,6,Shard-aware independent max-token diagnostic,most_difficult_harmful_token_not_full_sequence_validity,radius_derived,5,"0,10,20,30,40",0.25,0.0,0.5,0.25,0.25,0.75,0.5,1.0,0.25,0.25,5.65,5.25,6.25,0.40000000000000036,0.5999999999999996,5.7,5.0,6.5,0.7000000000000002,0.7999999999999998,4.6,4.0,5.0,0.5999999999999996,0.40000000000000036,6.6,6.0,7.0,0.5999999999999996,0.40000000000000036,1.0,0.0,2.0,1.0,1.0,4.0,4.0,4.0,0.0,0.0,0.0,0.0,0.0,0.0,0.0,4.0,4.0,4.0,0.0,0.0
20,4,12,5,0.2,0.2,0.3,dense,True,20,20,20,4,20,5,7,Shard-aware independent max-token diagnostic,most_difficult_harmful_token_not_full_sequence_validity,radius_derived,5,"0,10,20,30,40",0.0,0.0,0.0,0.0,0.0,1.0,1.0,1.0,0.0,0.0,5.65,5.25,6.25,0.40000000000000036,0.5999999999999996,5.7,5.0,6.5,0.7000000000000002,0.7999999999999998,4.6,4.0,5.0,0.5999999999999996,0.40000000000000036,6.6,6.0,7.0,0.5999999999999996,0.40000000000000036,0.0,0.0,0.0,0.0,0.0,4.0,4.0,4.0,0.0,0.0,0.0,0.0,0.0,0.0,0.0,4.0,4.0,4.0,0.0,0.0
20,4,12,5,0.2,0.2,0.3,dense,True,20,20,20,4,20,5,8,Shard-aware independent max-token diagnostic,most_difficult_harmful_token_not_full_sequence_validity,radius_derived,5,"0,10,20,30,40",0.0,0.0,0.0,0.0,0.0,1.0,1.0,1.0,0.0,0.0,5.65,5.25,6.25,0.40000000000000036,0.5999999999999996,5.7,5.0,6.5,0.7000000000000002,0.7999999999999998,4.6,4.0,5.0,0.5999999999999996,0.40000000000000036,6.6,6.0,7.0,0.5999999999999996,0.40000000000000036,0.0,0.0,0.0,0.0,0.0,4.0,4.0,4.0,0.0,0.0,0.0,0.0,0.0,0.0,0.0,4.0,4.0,4.0,0.0,0.0
20,4,12,5,0.2,0.2,0.3,dense,True,20,20,20,4,20,5,9,Shard-aware independent max-token diagnostic,most_difficult_harmful_token_not_full_sequence_validity,radius_derived,5,"0,10,20,30,40",0.0,0.0,0.0,0.0,0.0,1.0,1.0,1.0,0.0,0.0,5.65,5.25,6.25,0.40000000000000036,0.5999999999999996,5.7,5.0,6.5,0.7000000000000002,0.7999999999999998,4.6,4.0,5.0,0.5999999999999996,0.40000000000000036,6.6,6.0,7.0,0.5999999999999996,0.40000000000000036,0.0,0.0,0.0,0.0,0.0,4.0,4.0,4.0,0.0,0.0,0.0,0.0,0.0,0.0,0.0,4.0,4.0,4.0,0.0,0.0
20,4,12,5,0.2,0.2,0.3,dense,True,20,20,20,4,20,5,10,Shard-aware independent max-token diagnostic,most_difficult_harmful_token_not_full_sequence_validity,radius_derived,5,"0,10,20,30,40",0.0,0.0,0.0,0.0,0.0,1.0,1.0,1.0,0.0,0.0,5.65,5.25,6.25,0.40000000000000036,0.5999999999999996,5.7,5.0,6.5,0.7000000000000002,0.7999999999999998,4.6,4.0,5.0,0.5999999999999996,0.40000000000000036,6.6,6.0,7.0,0.5999999999999996,0.40000000000000036,0.0,0.0,0.0,0.0,0.0,4.0,4.0,4.0,0.0,0.0,0.0,0.0,0.0,0.0,0.0,4.0,4.0,4.0,0.0,0.0
20,4,12,5,0.2,0.2,0.3,dense,True,20,20,20,4,20,5,11,Shard-aware independent max-token diagnostic,most_difficult_harmful_token_not_full_sequence_validity,radius_derived,5,"0,10,20,30,40",0.0,0.0,0.0,0.0,0.0,1.0,1.0,1.0,0.0,0.0,5.65,5.25,6.25,0.40000000000000036,0.5999999999999996,5.7,5.0,6.5,0.7000000000000002,0.7999999999999998,4.6,4.0,5.0,0.5999999999999996,0.40000000000000036,6.6,6.0,7.0,0.5999999999999996,0.40000000000000036,0.0,0.0,0.0,0.0,0.0,4.0,4.0,4.0,0.0,0.0,0.0,0.0,0.0,0.0,0.0,4.0,4.0,4.0,0.0,0.0
20,4,12,5,0.2,0.2,0.3,dense,True,20,20,20,4,20,5,12,Shard-aware independent max-token diagnostic,most_difficult_harmful_token_not_full_sequence_validity,radius_derived,5,"0,10,20,30,40",0.0,0.0,0.0,0.0,0.0,1.0,1.0,1.0,0.0,0.0,5.65,5.25,6.25,0.40000000000000036,0.5999999999999996,5.7,5.0,6.5,0.7000000000000002,0.7999999999999998,4.6,4.0,5.0,0.5999999999999996,0.40000000000000036,6.6,6.0,7.0,0.5999999999999996,0.40000000000000036,0.0,0.0,0.0,0.0,0.0,4.0,4.0,4.0,0.0,0.0,0.0,0.0,0.0,0.0,0.0,4.0,4.0,4.0,0.0,0.0
20,4,12,5,0.2,0.2,0.3,dense,True,20,20,20,4,20,5,13,Shard-aware independent max-token diagnostic,most_difficult_harmful_token_not_full_sequence_validity,radius_derived,5,"0,10,20,30,40",0.0,0.0,0.0,0.0,0.0,1.0,1.0,1.0,0.0,0.0,5.65,5.25,6.25,0.40000000000000036,0.5999999999999996,5.7,5.0,6.5,0.7000000000000002,0.7999999999999998,4.6,4.0,5.0,0.5999999999999996,0.40000000000000036,6.6,6.0,7.0,0.5999999999999996,0.40000000000000036,0.0,0.0,0.0,0.0,0.0,4.0,4.0,4.0,0.0,0.0,0.0,0.0,0.0,0.0,0.0,4.0,4.0,4.0,0.0,0.0
20,4,12,5,0.2,0.2,0.3,dense,True,20,20,20,4,20,5,14,Shard-aware independent max-token diagnostic,most_difficult_harmful_token_not_full_sequence_validity,radius_derived,5,"0,10,20,30,40",0.0,0.0,0.0,0.0,0.0,1.0,1.0,1.0,0.0,0.0,5.65,5.25,6.25,0.40000000000000036,0.5999999999999996,5.7,5.0,6.5,0.7000000000000002,0.7999999999999998,4.6,4.0,5.0,0.5999999999999996,0.40000000000000036,6.6,6.0,7.0,0.5999999999999996,0.40000000000000036,0.0,0.0,0.0,0.0,0.0,4.0,4.0,4.0,0.0,0.0,0.0,0.0,0.0,0.0,0.0,4.0,4.0,4.0,0.0,0.0
20,4,12,5,0.2,0.2,0.3,dense,True,20,20,20,4,20,5,15,Shard-aware independent max-token diagnostic,most_difficult_harmful_token_not_full_sequence_validity,radius_derived,5,"0,10,20,30,40",0.0,0.0,0.0,0.0,0.0,1.0,1.0,1.0,0.0,0.0,5.65,5.25,6.25,0.40000000000000036,0.5999999999999996,5.7,5.0,6.5,0.7000000000000002,0.7999999999999998,4.6,4.0,5.0,0.5999999999999996,0.40000000000000036,6.6,6.0,7.0,0.5999999999999996,0.40000000000000036,0.0,0.0,0.0,0.0,0.0,4.0,4.0,4.0,0.0,0.0,0.0,0.0,0.0,0.0,0.0,4.0,4.0,4.0,0.0,0.0
20,4,12,5,0.2,0.2,0.3,dense,True,20,20,20,4,20,5,16,Shard-aware independent max-token diagnostic,most_difficult_harmful_token_not_full_sequence_validity,radius_derived,5,"0,10,20,30,40",0.0,0.0,0.0,0.0,0.0,1.0,1.0,1.0,0.0,0.0,5.65,5.25,6.25,0.40000000000000036,0.5999999999999996,5.7,5.0,6.5,0.7000000000000002,0.7999999999999998,4.6,4.0,5.0,0.5999999999999996,0.40000000000000036,6.6,6.0,7.0,0.5999999999999996,0.40000000000000036,0.0,0.0,0.0,0.0,0.0,4.0,4.0,4.0,0.0,0.0,0.0,0.0,0.0,0.0,0.0,4.0,4.0,4.0,0.0,0.0
20,4,12,5,0.2,0.2,0.3,dense,True,20,20,20,4,20,5,17,Shard-aware independent max-token diagnostic,most_difficult_harmful_token_not_full_sequence_validity,radius_derived,5,"0,10,20,30,40",0.0,0.0,0.0,0.0,0.0,1.0,1.0,1.0,0.0,0.0,5.65,5.25,6.25,0.40000000000000036,0.5999999999999996,5.7,5.0,6.5,0.7000000000000002,0.7999999999999998,4.6,4.0,5.0,0.5999999999999996,0.40000000000000036,6.6,6.0,7.0,0.5999999999999996,0.40000000000000036,0.0,0.0,0.0,0.0,0.0,4.0,4.0,4.0,0.0,0.0,0.0,0.0,0.0,0.0,0.0,4.0,4.0,4.0,0.0,0.0
20,4,12,5,0.2,0.2,0.3,dense,True,20,20,20,4,20,5,18,Shard-aware independent max-token diagnostic,most_difficult_harmful_token_not_full_sequence_validity,radius_derived,5,"0,10,20,30,40",0.0,0.0,0.0,0.0,0.0,1.0,1.0,1.0,0.0,0.0,5.65,5.25,6.25,0.40000000000000036,0.5999999999999996,5.7,5.0,6.5,0.7000000000000002,0.7999999999999998,4.6,4.0,5.0,0.5999999999999996,0.40000000000000036,6.6,6.0,7.0,0.5999999999999996,0.40000000000000036,0.0,0.0,0.0,0.0,0.0,4.0,4.0,4.0,0.0,0.0,0.0,0.0,0.0,0.0,0.0,4.0,4.0,4.0,0.0,0.0
20,4,12,5,0.2,0.2,0.3,dense,True,20,20,20,4,20,5,19,Shard-aware independent max-token diagnostic,most_difficult_harmful_token_not_full_sequence_validity,radius_derived,5,"0,10,20,30,40",0.0,0.0,0.0,0.0,0.0,1.0,1.0,1.0,0.0,0.0,5.65,5.25,6.25,0.40000000000000036,0.5999999999999996,5.7,5.0,6.5,0.7000000000000002,0.7999999999999998,4.6,4.0,5.0,0.5999999999999996,0.40000000000000036,6.6,6.0,7.0,0.5999999999999996,0.40000000000000036,0.0,0.0,0.0,0.0,0.0,4.0,4.0,4.0,0.0,0.0,0.0,0.0,0.0,0.0,0.0,4.0,4.0,4.0,0.0,0.0
20,4,12,5,0.2,0.2,0.3,dense,True,20,20,20,4,20,5,20,Shard-aware independent max-token diagnostic,most_difficult_harmful_token_not_full_sequence_validity,radius_derived,5,"0,10,20,30,40",0.0,0.0,0.0,0.0,0.0,1.0,1.0,1.0,0.0,0.0,5.65,5.25,6.25,0.40000000000000036,0.5999999999999996,5.7,5.0,6.5,0.7000000000000002,0.7999999999999998,4.6,4.0,5.0,0.5999999999999996,0.40000000000000036,6.6,6.0,7.0,0.5999999999999996,0.40000000000000036,0.0,0.0,0.0,0.0,0.0,4.0,4.0,4.0,0.0,0.0,0.0,0.0,0.0,0.0,0.0,4.0,4.0,4.0,0.0,0.0
20,4,12,5,0.2,0.2,0.3,dense,True,20,20,20,4,20,5,0,TPA max-token phrase baseline,validity_full_harmful_sequence_per_prompt,radius_derived,5,"0,10,20,30,40",1.0,1.0,1.0,0.0,0.0,0.0,0.0,0.0,0.0,0.0,5.65,5.25,6.25,0.40000000000000036,0.5999999999999996,5.7,5.0,6.5,0.7000000000000002,0.7999999999999998,4.6,4.0,5.0,0.5999999999999996,0.40000000000000036,6.6,6.0,7.0,0.5999999999999996,0.40000000000000036,4.0,4.0,4.0,0.0,0.0,4.0,4.0,4.0,0.0,0.0,0.0,0.0,0.0,0.0,0.0,4.0,4.0,4.0,0.0,0.0
20,4,12,5,0.2,0.2,0.3,dense,True,20,20,20,4,20,5,1,TPA max-token phrase baseline,validity_full_harmful_sequence_per_prompt,radius_derived,5,"0,10,20,30,40",1.0,1.0,1.0,0.0,0.0,0.0,0.0,0.0,0.0,0.0,5.65,5.25,6.25,0.40000000000000036,0.5999999999999996,5.7,5.0,6.5,0.7000000000000002,0.7999999999999998,4.6,4.0,5.0,0.5999999999999996,0.40000000000000036,6.6,6.0,7.0,0.5999999999999996,0.40000000000000036,4.0,4.0,4.0,0.0,0.0,4.0,4.0,4.0,0.0,0.0,0.0,0.0,0.0,0.0,0.0,4.0,4.0,4.0,0.0,0.0
20,4,12,5,0.2,0.2,0.3,dense,True,20,20,20,4,20,5,2,TPA max-token phrase baseline,validity_full_harmful_sequence_per_prompt,radius_derived,5,"0,10,20,30,40",1.0,1.0,1.0,0.0,0.0,0.0,0.0,0.0,0.0,0.0,5.65,5.25,6.25,0.40000000000000036,0.5999999999999996,5.7,5.0,6.5,0.7000000000000002,0.7999999999999998,4.6,4.0,5.0,0.5999999999999996,0.40000000000000036,6.6,6.0,7.0,0.5999999999999996,0.40000000000000036,4.0,4.0,4.0,0.0,0.0,4.0,4.0,4.0,0.0,0.0,0.0,0.0,0.0,0.0,0.0,4.0,4.0,4.0,0.0,0.0
20,4,12,5,0.2,0.2,0.3,dense,True,20,20,20,4,20,5,3,TPA max-token phrase baseline,validity_full_harmful_sequence_per_prompt,radius_derived,5,"0,10,20,30,40",1.0,1.0,1.0,0.0,0.0,0.0,0.0,0.0,0.0,0.0,5.65,5.25,6.25,0.40000000000000036,0.5999999999999996,5.7,5.0,6.5,0.7000000000000002,0.7999999999999998,4.6,4.0,5.0,0.5999999999999996,0.40000000000000036,6.6,6.0,7.0,0.5999999999999996,0.40000000000000036,4.0,4.0,4.0,0.0,0.0,4.0,4.0,4.0,0.0,0.0,0.0,0.0,0.0,0.0,0.0,4.0,4.0,4.0,0.0,0.0
20,4,12,5,0.2,0.2,0.3,dense,True,20,20,20,4,20,5,4,TPA max-token phrase baseline,validity_full_harmful_sequence_per_prompt,radius_derived,5,"0,10,20,30,40",0.9,0.75,1.0,0.15000000000000002,0.09999999999999998,0.1,0.0,0.25,0.1,0.15,5.65,5.25,6.25,0.40000000000000036,0.5999999999999996,5.7,5.0,6.5,0.7000000000000002,0.7999999999999998,4.6,4.0,5.0,0.5999999999999996,0.40000000000000036,6.6,6.0,7.0,0.5999999999999996,0.40000000000000036,3.6,3.0,4.0,0.6000000000000001,0.3999999999999999,4.0,4.0,4.0,0.0,0.0,0.0,0.0,0.0,0.0,0.0,4.0,4.0,4.0,0.0,0.0
20,4,12,5,0.2,0.2,0.3,dense,True,20,20,20,4,20,5,5,TPA max-token phrase baseline,validity_full_harmful_sequence_per_prompt,radius_derived,5,"0,10,20,30,40",0.5,0.25,0.75,0.25,0.25,0.5,0.25,0.75,0.25,0.25,5.65,5.25,6.25,0.40000000000000036,0.5999999999999996,5.7,5.0,6.5,0.7000000000000002,0.7999999999999998,4.6,4.0,5.0,0.5999999999999996,0.40000000000000036,6.6,6.0,7.0,0.5999999999999996,0.40000000000000036,2.0,1.0,3.0,1.0,1.0,4.0,4.0,4.0,0.0,0.0,0.0,0.0,0.0,0.0,0.0,4.0,4.0,4.0,0.0,0.0
20,4,12,5,0.2,0.2,0.3,dense,True,20,20,20,4,20,5,6,TPA max-token phrase baseline,validity_full_harmful_sequence_per_prompt,radius_derived,5,"0,10,20,30,40",0.25,0.0,0.5,0.25,0.25,0.75,0.5,1.0,0.25,0.25,5.65,5.25,6.25,0.40000000000000036,0.5999999999999996,5.7,5.0,6.5,0.7000000000000002,0.7999999999999998,4.6,4.0,5.0,0.5999999999999996,0.40000000000000036,6.6,6.0,7.0,0.5999999999999996,0.40000000000000036,1.0,0.0,2.0,1.0,1.0,4.0,4.0,4.0,0.0,0.0,0.0,0.0,0.0,0.0,0.0,4.0,4.0,4.0,0.0,0.0
20,4,12,5,0.2,0.2,0.3,dense,True,20,20,20,4,20,5,7,TPA max-token phrase baseline,validity_full_harmful_sequence_per_prompt,radius_derived,5,"0,10,20,30,40",0.0,0.0,0.0,0.0,0.0,1.0,1.0,1.0,0.0,0.0,5.65,5.25,6.25,0.40000000000000036,0.5999999999999996,5.7,5.0,6.5,0.7000000000000002,0.7999999999999998,4.6,4.0,5.0,0.5999999999999996,0.40000000000000036,6.6,6.0,7.0,0.5999999999999996,0.40000000000000036,0.0,0.0,0.0,0.0,0.0,4.0,4.0,4.0,0.0,0.0,0.0,0.0,0.0,0.0,0.0,4.0,4.0,4.0,0.0,0.0
20,4,12,5,0.2,0.2,0.3,dense,True,20,20,20,4,20,5,8,TPA max-token phrase baseline,validity_full_harmful_sequence_per_prompt,radius_derived,5,"0,10,20,30,40",0.0,0.0,0.0,0.0,0.0,1.0,1.0,1.0,0.0,0.0,5.65,5.25,6.25,0.40000000000000036,0.5999999999999996,5.7,5.0,6.5,0.7000000000000002,0.7999999999999998,4.6,4.0,5.0,0.5999999999999996,0.40000000000000036,6.6,6.0,7.0,0.5999999999999996,0.40000000000000036,0.0,0.0,0.0,0.0,0.0,4.0,4.0,4.0,0.0,0.0,0.0,0.0,0.0,0.0,0.0,4.0,4.0,4.0,0.0,0.0
20,4,12,5,0.2,0.2,0.3,dense,True,20,20,20,4,20,5,9,TPA max-token phrase baseline,validity_full_harmful_sequence_per_prompt,radius_derived,5,"0,10,20,30,40",0.0,0.0,0.0,0.0,0.0,1.0,1.0,1.0,0.0,0.0,5.65,5.25,6.25,0.40000000000000036,0.5999999999999996,5.7,5.0,6.5,0.7000000000000002,0.7999999999999998,4.6,4.0,5.0,0.5999999999999996,0.40000000000000036,6.6,6.0,7.0,0.5999999999999996,0.40000000000000036,0.0,0.0,0.0,0.0,0.0,4.0,4.0,4.0,0.0,0.0,0.0,0.0,0.0,0.0,0.0,4.0,4.0,4.0,0.0,0.0
20,4,12,5,0.2,0.2,0.3,dense,True,20,20,20,4,20,5,10,TPA max-token phrase baseline,validity_full_harmful_sequence_per_prompt,radius_derived,5,"0,10,20,30,40",0.0,0.0,0.0,0.0,0.0,1.0,1.0,1.0,0.0,0.0,5.65,5.25,6.25,0.40000000000000036,0.5999999999999996,5.7,5.0,6.5,0.7000000000000002,0.7999999999999998,4.6,4.0,5.0,0.5999999999999996,0.40000000000000036,6.6,6.0,7.0,0.5999999999999996,0.40000000000000036,0.0,0.0,0.0,0.0,0.0,4.0,4.0,4.0,0.0,0.0,0.0,0.0,0.0,0.0,0.0,4.0,4.0,4.0,0.0,0.0
20,4,12,5,0.2,0.2,0.3,dense,True,20,20,20,4,20,5,11,TPA max-token phrase baseline,validity_full_harmful_sequence_per_prompt,radius_derived,5,"0,10,20,30,40",0.0,0.0,0.0,0.0,0.0,1.0,1.0,1.0,0.0,0.0,5.65,5.25,6.25,0.40000000000000036,0.5999999999999996,5.7,5.0,6.5,0.7000000000000002,0.7999999999999998,4.6,4.0,5.0,0.5999999999999996,0.40000000000000036,6.6,6.0,7.0,0.5999999999999996,0.40000000000000036,0.0,0.0,0.0,0.0,0.0,4.0,4.0,4.0,0.0,0.0,0.0,0.0,0.0,0.0,0.0,4.0,4.0,4.0,0.0,0.0
20,4,12,5,0.2,0.2,0.3,dense,True,20,20,20,4,20,5,12,TPA max-token phrase baseline,validity_full_harmful_sequence_per_prompt,radius_derived,5,"0,10,20,30,40",0.0,0.0,0.0,0.0,0.0,1.0,1.0,1.0,0.0,0.0,5.65,5.25,6.25,0.40000000000000036,0.5999999999999996,5.7,5.0,6.5,0.7000000000000002,0.7999999999999998,4.6,4.0,5.0,0.5999999999999996,0.40000000000000036,6.6,6.0,7.0,0.5999999999999996,0.40000000000000036,0.0,0.0,0.0,0.0,0.0,4.0,4.0,4.0,0.0,0.0,0.0,0.0,0.0,0.0,0.0,4.0,4.0,4.0,0.0,0.0
20,4,12,5,0.2,0.2,0.3,dense,True,20,20,20,4,20,5,13,TPA max-token phrase baseline,validity_full_harmful_sequence_per_prompt,radius_derived,5,"0,10,20,30,40",0.0,0.0,0.0,0.0,0.0,1.0,1.0,1.0,0.0,0.0,5.65,5.25,6.25,0.40000000000000036,0.5999999999999996,5.7,5.0,6.5,0.7000000000000002,0.7999999999999998,4.6,4.0,5.0,0.5999999999999996,0.40000000000000036,6.6,6.0,7.0,0.5999999999999996,0.40000000000000036,0.0,0.0,0.0,0.0,0.0,4.0,4.0,4.0,0.0,0.0,0.0,0.0,0.0,0.0,0.0,4.0,4.0,4.0,0.0,0.0
20,4,12,5,0.2,0.2,0.3,dense,True,20,20,20,4,20,5,14,TPA max-token phrase baseline,validity_full_harmful_sequence_per_prompt,radius_derived,5,"0,10,20,30,40",0.0,0.0,0.0,0.0,0.0,1.0,1.0,1.0,0.0,0.0,5.65,5.25,6.25,0.40000000000000036,0.5999999999999996,5.7,5.0,6.5,0.7000000000000002,0.7999999999999998,4.6,4.0,5.0,0.5999999999999996,0.40000000000000036,6.6,6.0,7.0,0.5999999999999996,0.40000000000000036,0.0,0.0,0.0,0.0,0.0,4.0,4.0,4.0,0.0,0.0,0.0,0.0,0.0,0.0,0.0,4.0,4.0,4.0,0.0,0.0
20,4,12,5,0.2,0.2,0.3,dense,True,20,20,20,4,20,5,15,TPA max-token phrase baseline,validity_full_harmful_sequence_per_prompt,radius_derived,5,"0,10,20,30,40",0.0,0.0,0.0,0.0,0.0,1.0,1.0,1.0,0.0,0.0,5.65,5.25,6.25,0.40000000000000036,0.5999999999999996,5.7,5.0,6.5,0.7000000000000002,0.7999999999999998,4.6,4.0,5.0,0.5999999999999996,0.40000000000000036,6.6,6.0,7.0,0.5999999999999996,0.40000000000000036,0.0,0.0,0.0,0.0,0.0,4.0,4.0,4.0,0.0,0.0,0.0,0.0,0.0,0.0,0.0,4.0,4.0,4.0,0.0,0.0
20,4,12,5,0.2,0.2,0.3,dense,True,20,20,20,4,20,5,16,TPA max-token phrase baseline,validity_full_harmful_sequence_per_prompt,radius_derived,5,"0,10,20,30,40",0.0,0.0,0.0,0.0,0.0,1.0,1.0,1.0,0.0,0.0,5.65,5.25,6.25,0.40000000000000036,0.5999999999999996,5.7,5.0,6.5,0.7000000000000002,0.7999999999999998,4.6,4.0,5.0,0.5999999999999996,0.40000000000000036,6.6,6.0,7.0,0.5999999999999996,0.40000000000000036,0.0,0.0,0.0,0.0,0.0,4.0,4.0,4.0,0.0,0.0,0.0,0.0,0.0,0.0,0.0,4.0,4.0,4.0,0.0,0.0
20,4,12,5,0.2,0.2,0.3,dense,True,20,20,20,4,20,5,17,TPA max-token phrase baseline,validity_full_harmful_sequence_per_prompt,radius_derived,5,"0,10,20,30,40",0.0,0.0,0.0,0.0,0.0,1.0,1.0,1.0,0.0,0.0,5.65,5.25,6.25,0.40000000000000036,0.5999999999999996,5.7,5.0,6.5,0.7000000000000002,0.7999999999999998,4.6,4.0,5.0,0.5999999999999996,0.40000000000000036,6.6,6.0,7.0,0.5999999999999996,0.40000000000000036,0.0,0.0,0.0,0.0,0.0,4.0,4.0,4.0,0.0,0.0,0.0,0.0,0.0,0.0,0.0,4.0,4.0,4.0,0.0,0.0
20,4,12,5,0.2,0.2,0.3,dense,True,20,20,20,4,20,5,18,TPA max-token phrase baseline,validity_full_harmful_sequence_per_prompt,radius_derived,5,"0,10,20,30,40",0.0,0.0,0.0,0.0,0.0,1.0,1.0,1.0,0.0,0.0,5.65,5.25,6.25,0.40000000000000036,0.5999999999999996,5.7,5.0,6.5,0.7000000000000002,0.7999999999999998,4.6,4.0,5.0,0.5999999999999996,0.40000000000000036,6.6,6.0,7.0,0.5999999999999996,0.40000000000000036,0.0,0.0,0.0,0.0,0.0,4.0,4.0,4.0,0.0,0.0,0.0,0.0,0.0,0.0,0.0,4.0,4.0,4.0,0.0,0.0
20,4,12,5,0.2,0.2,0.3,dense,True,20,20,20,4,20,5,19,TPA max-token phrase baseline,validity_full_harmful_sequence_per_prompt,radius_derived,5,"0,10,20,30,40",0.0,0.0,0.0,0.0,0.0,1.0,1.0,1.0,0.0,0.0,5.65,5.25,6.25,0.40000000000000036,0.5999999999999996,5.7,5.0,6.5,0.7000000000000002,0.7999999999999998,4.6,4.0,5.0,0.5999999999999996,0.40000000000000036,6.6,6.0,7.0,0.5999999999999996,0.40000000000000036,0.0,0.0,0.0,0.0,0.0,4.0,4.0,4.0,0.0,0.0,0.0,0.0,0.0,0.0,0.0,4.0,4.0,4.0,0.0,0.0
20,4,12,5,0.2,0.2,0.3,dense,True,20,20,20,4,20,5,20,TPA max-token phrase baseline,validity_full_harmful_sequence_per_prompt,radius_derived,5,"0,10,20,30,40",0.0,0.0,0.0,0.0,0.0,1.0,1.0,1.0,0.0,0.0,5.65,5.25,6.25,0.40000000000000036,0.5999999999999996,5.7,5.0,6.5,0.7000000000000002,0.7999999999999998,4.6,4.0,5.0,0.5999999999999996,0.40000000000000036,6.6,6.0,7.0,0.5999999999999996,0.40000000000000036,0.0,0.0,0.0,0.0,0.0,4.0,4.0,4.0,0.0,0.0,0.0,0.0,0.0,0.0,0.0,4.0,4.0,4.0,0.0,0.0
20,4,12,5,0.2,0.2,0.3,dense,True,20,20,20,4,20,5,0,Shared MILP,validity_full_harmful_sequence_per_prompt,radius_derived,5,"0,10,20,30,40",1.0,1.0,1.0,0.0,0.0,0.0,0.0,0.0,0.0,0.0,5.8,5.25,6.25,0.5499999999999998,0.4500000000000002,5.9,5.0,6.5,0.9000000000000004,0.5999999999999996,4.8,4.0,5.0,0.7999999999999998,0.20000000000000018,6.6,6.0,7.0,0.5999999999999996,0.40000000000000036,4.0,4.0,4.0,0.0,0.0,4.0,4.0,4.0,0.0,0.0,0.0,0.0,0.0,0.0,0.0,4.0,4.0,4.0,0.0,0.0
20,4,12,5,0.2,0.2,0.3,dense,True,20,20,20,4,20,5,1,Shared MILP,validity_full_harmful_sequence_per_prompt,radius_derived,5,"0,10,20,30,40",1.0,1.0,1.0,0.0,0.0,0.0,0.0,0.0,0.0,0.0,5.8,5.25,6.25,0.5499999999999998,0.4500000000000002,5.9,5.0,6.5,0.9000000000000004,0.5999999999999996,4.8,4.0,5.0,0.7999999999999998,0.20000000000000018,6.6,6.0,7.0,0.5999999999999996,0.40000000000000036,4.0,4.0,4.0,0.0,0.0,4.0,4.0,4.0,0.0,0.0,0.0,0.0,0.0,0.0,0.0,4.0,4.0,4.0,0.0,0.0
20,4,12,5,0.2,0.2,0.3,dense,True,20,20,20,4,20,5,2,Shared MILP,validity_full_harmful_sequence_per_prompt,radius_derived,5,"0,10,20,30,40",1.0,1.0,1.0,0.0,0.0,0.0,0.0,0.0,0.0,0.0,5.8,5.25,6.25,0.5499999999999998,0.4500000000000002,5.9,5.0,6.5,0.9000000000000004,0.5999999999999996,4.8,4.0,5.0,0.7999999999999998,0.20000000000000018,6.6,6.0,7.0,0.5999999999999996,0.40000000000000036,4.0,4.0,4.0,0.0,0.0,4.0,4.0,4.0,0.0,0.0,0.0,0.0,0.0,0.0,0.0,4.0,4.0,4.0,0.0,0.0
20,4,12,5,0.2,0.2,0.3,dense,True,20,20,20,4,20,5,3,Shared MILP,validity_full_harmful_sequence_per_prompt,radius_derived,5,"0,10,20,30,40",1.0,1.0,1.0,0.0,0.0,0.0,0.0,0.0,0.0,0.0,5.8,5.25,6.25,0.5499999999999998,0.4500000000000002,5.9,5.0,6.5,0.9000000000000004,0.5999999999999996,4.8,4.0,5.0,0.7999999999999998,0.20000000000000018,6.6,6.0,7.0,0.5999999999999996,0.40000000000000036,4.0,4.0,4.0,0.0,0.0,4.0,4.0,4.0,0.0,0.0,0.0,0.0,0.0,0.0,0.0,4.0,4.0,4.0,0.0,0.0
20,4,12,5,0.2,0.2,0.3,dense,True,20,20,20,4,20,5,4,Shared MILP,validity_full_harmful_sequence_per_prompt,radius_derived,5,"0,10,20,30,40",0.95,0.75,1.0,0.19999999999999996,0.050000000000000044,0.05,0.0,0.25,0.05,0.2,5.8,5.25,6.25,0.5499999999999998,0.4500000000000002,5.9,5.0,6.5,0.9000000000000004,0.5999999999999996,4.8,4.0,5.0,0.7999999999999998,0.20000000000000018,6.6,6.0,7.0,0.5999999999999996,0.40000000000000036,3.8,3.0,4.0,0.7999999999999998,0.20000000000000018,4.0,4.0,4.0,0.0,0.0,0.0,0.0,0.0,0.0,0.0,4.0,4.0,4.0,0.0,0.0
20,4,12,5,0.2,0.2,0.3,dense,True,20,20,20,4,20,5,5,Shared MILP,validity_full_harmful_sequence_per_prompt,radius_derived,5,"0,10,20,30,40",0.6,0.25,0.75,0.35,0.15000000000000002,0.4,0.25,0.75,0.15000000000000002,0.35,5.8,5.25,6.25,0.5499999999999998,0.4500000000000002,5.9,5.0,6.5,0.9000000000000004,0.5999999999999996,4.8,4.0,5.0,0.7999999999999998,0.20000000000000018,6.6,6.0,7.0,0.5999999999999996,0.40000000000000036,2.4,1.0,3.0,1.4,0.6000000000000001,4.0,4.0,4.0,0.0,0.0,0.0,0.0,0.0,0.0,0.0,4.0,4.0,4.0,0.0,0.0
20,4,12,5,0.2,0.2,0.3,dense,True,20,20,20,4,20,5,6,Shared MILP,validity_full_harmful_sequence_per_prompt,radius_derived,5,"0,10,20,30,40",0.25,0.0,0.5,0.25,0.25,0.75,0.5,1.0,0.25,0.25,5.8,5.25,6.25,0.5499999999999998,0.4500000000000002,5.9,5.0,6.5,0.9000000000000004,0.5999999999999996,4.8,4.0,5.0,0.7999999999999998,0.20000000000000018,6.6,6.0,7.0,0.5999999999999996,0.40000000000000036,1.0,0.0,2.0,1.0,1.0,4.0,4.0,4.0,0.0,0.0,0.0,0.0,0.0,0.0,0.0,4.0,4.0,4.0,0.0,0.0
20,4,12,5,0.2,0.2,0.3,dense,True,20,20,20,4,20,5,7,Shared MILP,validity_full_harmful_sequence_per_prompt,radius_derived,5,"0,10,20,30,40",0.0,0.0,0.0,0.0,0.0,1.0,1.0,1.0,0.0,0.0,5.8,5.25,6.25,0.5499999999999998,0.4500000000000002,5.9,5.0,6.5,0.9000000000000004,0.5999999999999996,4.8,4.0,5.0,0.7999999999999998,0.20000000000000018,6.6,6.0,7.0,0.5999999999999996,0.40000000000000036,0.0,0.0,0.0,0.0,0.0,4.0,4.0,4.0,0.0,0.0,0.0,0.0,0.0,0.0,0.0,4.0,4.0,4.0,0.0,0.0
20,4,12,5,0.2,0.2,0.3,dense,True,20,20,20,4,20,5,8,Shared MILP,validity_full_harmful_sequence_per_prompt,radius_derived,5,"0,10,20,30,40",0.0,0.0,0.0,0.0,0.0,1.0,1.0,1.0,0.0,0.0,5.8,5.25,6.25,0.5499999999999998,0.4500000000000002,5.9,5.0,6.5,0.9000000000000004,0.5999999999999996,4.8,4.0,5.0,0.7999999999999998,0.20000000000000018,6.6,6.0,7.0,0.5999999999999996,0.40000000000000036,0.0,0.0,0.0,0.0,0.0,4.0,4.0,4.0,0.0,0.0,0.0,0.0,0.0,0.0,0.0,4.0,4.0,4.0,0.0,0.0
20,4,12,5,0.2,0.2,0.3,dense,True,20,20,20,4,20,5,9,Shared MILP,validity_full_harmful_sequence_per_prompt,radius_derived,5,"0,10,20,30,40",0.0,0.0,0.0,0.0,0.0,1.0,1.0,1.0,0.0,0.0,5.8,5.25,6.25,0.5499999999999998,0.4500000000000002,5.9,5.0,6.5,0.9000000000000004,0.5999999999999996,4.8,4.0,5.0,0.7999999999999998,0.20000000000000018,6.6,6.0,7.0,0.5999999999999996,0.40000000000000036,0.0,0.0,0.0,0.0,0.0,4.0,4.0,4.0,0.0,0.0,0.0,0.0,0.0,0.0,0.0,4.0,4.0,4.0,0.0,0.0
20,4,12,5,0.2,0.2,0.3,dense,True,20,20,20,4,20,5,10,Shared MILP,validity_full_harmful_sequence_per_prompt,radius_derived,5,"0,10,20,30,40",0.0,0.0,0.0,0.0,0.0,1.0,1.0,1.0,0.0,0.0,5.8,5.25,6.25,0.5499999999999998,0.4500000000000002,5.9,5.0,6.5,0.9000000000000004,0.5999999999999996,4.8,4.0,5.0,0.7999999999999998,0.20000000000000018,6.6,6.0,7.0,0.5999999999999996,0.40000000000000036,0.0,0.0,0.0,0.0,0.0,4.0,4.0,4.0,0.0,0.0,0.0,0.0,0.0,0.0,0.0,4.0,4.0,4.0,0.0,0.0
20,4,12,5,0.2,0.2,0.3,dense,True,20,20,20,4,20,5,11,Shared MILP,validity_full_harmful_sequence_per_prompt,radius_derived,5,"0,10,20,30,40",0.0,0.0,0.0,0.0,0.0,1.0,1.0,1.0,0.0,0.0,5.8,5.25,6.25,0.5499999999999998,0.4500000000000002,5.9,5.0,6.5,0.9000000000000004,0.5999999999999996,4.8,4.0,5.0,0.7999999999999998,0.20000000000000018,6.6,6.0,7.0,0.5999999999999996,0.40000000000000036,0.0,0.0,0.0,0.0,0.0,4.0,4.0,4.0,0.0,0.0,0.0,0.0,0.0,0.0,0.0,4.0,4.0,4.0,0.0,0.0
20,4,12,5,0.2,0.2,0.3,dense,True,20,20,20,4,20,5,12,Shared MILP,validity_full_harmful_sequence_per_prompt,radius_derived,5,"0,10,20,30,40",0.0,0.0,0.0,0.0,0.0,1.0,1.0,1.0,0.0,0.0,5.8,5.25,6.25,0.5499999999999998,0.4500000000000002,5.9,5.0,6.5,0.9000000000000004,0.5999999999999996,4.8,4.0,5.0,0.7999999999999998,0.20000000000000018,6.6,6.0,7.0,0.5999999999999996,0.40000000000000036,0.0,0.0,0.0,0.0,0.0,4.0,4.0,4.0,0.0,0.0,0.0,0.0,0.0,0.0,0.0,4.0,4.0,4.0,0.0,0.0
20,4,12,5,0.2,0.2,0.3,dense,True,20,20,20,4,20,5,13,Shared MILP,validity_full_harmful_sequence_per_prompt,radius_derived,5,"0,10,20,30,40",0.0,0.0,0.0,0.0,0.0,1.0,1.0,1.0,0.0,0.0,5.8,5.25,6.25,0.5499999999999998,0.4500000000000002,5.9,5.0,6.5,0.9000000000000004,0.5999999999999996,4.8,4.0,5.0,0.7999999999999998,0.20000000000000018,6.6,6.0,7.0,0.5999999999999996,0.40000000000000036,0.0,0.0,0.0,0.0,0.0,4.0,4.0,4.0,0.0,0.0,0.0,0.0,0.0,0.0,0.0,4.0,4.0,4.0,0.0,0.0
20,4,12,5,0.2,0.2,0.3,dense,True,20,20,20,4,20,5,14,Shared MILP,validity_full_harmful_sequence_per_prompt,radius_derived,5,"0,10,20,30,40",0.0,0.0,0.0,0.0,0.0,1.0,1.0,1.0,0.0,0.0,5.8,5.25,6.25,0.5499999999999998,0.4500000000000002,5.9,5.0,6.5,0.9000000000000004,0.5999999999999996,4.8,4.0,5.0,0.7999999999999998,0.20000000000000018,6.6,6.0,7.0,0.5999999999999996,0.40000000000000036,0.0,0.0,0.0,0.0,0.0,4.0,4.0,4.0,0.0,0.0,0.0,0.0,0.0,0.0,0.0,4.0,4.0,4.0,0.0,0.0
20,4,12,5,0.2,0.2,0.3,dense,True,20,20,20,4,20,5,15,Shared MILP,validity_full_harmful_sequence_per_prompt,radius_derived,5,"0,10,20,30,40",0.0,0.0,0.0,0.0,0.0,1.0,1.0,1.0,0.0,0.0,5.8,5.25,6.25,0.5499999999999998,0.4500000000000002,5.9,5.0,6.5,0.9000000000000004,0.5999999999999996,4.8,4.0,5.0,0.7999999999999998,0.20000000000000018,6.6,6.0,7.0,0.5999999999999996,0.40000000000000036,0.0,0.0,0.0,0.0,0.0,4.0,4.0,4.0,0.0,0.0,0.0,0.0,0.0,0.0,0.0,4.0,4.0,4.0,0.0,0.0
20,4,12,5,0.2,0.2,0.3,dense,True,20,20,20,4,20,5,16,Shared MILP,validity_full_harmful_sequence_per_prompt,radius_derived,5,"0,10,20,30,40",0.0,0.0,0.0,0.0,0.0,1.0,1.0,1.0,0.0,0.0,5.8,5.25,6.25,0.5499999999999998,0.4500000000000002,5.9,5.0,6.5,0.9000000000000004,0.5999999999999996,4.8,4.0,5.0,0.7999999999999998,0.20000000000000018,6.6,6.0,7.0,0.5999999999999996,0.40000000000000036,0.0,0.0,0.0,0.0,0.0,4.0,4.0,4.0,0.0,0.0,0.0,0.0,0.0,0.0,0.0,4.0,4.0,4.0,0.0,0.0
20,4,12,5,0.2,0.2,0.3,dense,True,20,20,20,4,20,5,17,Shared MILP,validity_full_harmful_sequence_per_prompt,radius_derived,5,"0,10,20,30,40",0.0,0.0,0.0,0.0,0.0,1.0,1.0,1.0,0.0,0.0,5.8,5.25,6.25,0.5499999999999998,0.4500000000000002,5.9,5.0,6.5,0.9000000000000004,0.5999999999999996,4.8,4.0,5.0,0.7999999999999998,0.20000000000000018,6.6,6.0,7.0,0.5999999999999996,0.40000000000000036,0.0,0.0,0.0,0.0,0.0,4.0,4.0,4.0,0.0,0.0,0.0,0.0,0.0,0.0,0.0,4.0,4.0,4.0,0.0,0.0
20,4,12,5,0.2,0.2,0.3,dense,True,20,20,20,4,20,5,18,Shared MILP,validity_full_harmful_sequence_per_prompt,radius_derived,5,"0,10,20,30,40",0.0,0.0,0.0,0.0,0.0,1.0,1.0,1.0,0.0,0.0,5.8,5.25,6.25,0.5499999999999998,0.4500000000000002,5.9,5.0,6.5,0.9000000000000004,0.5999999999999996,4.8,4.0,5.0,0.7999999999999998,0.20000000000000018,6.6,6.0,7.0,0.5999999999999996,0.40000000000000036,0.0,0.0,0.0,0.0,0.0,4.0,4.0,4.0,0.0,0.0,0.0,0.0,0.0,0.0,0.0,4.0,4.0,4.0,0.0,0.0
20,4,12,5,0.2,0.2,0.3,dense,True,20,20,20,4,20,5,19,Shared MILP,validity_full_harmful_sequence_per_prompt,radius_derived,5,"0,10,20,30,40",0.0,0.0,0.0,0.0,0.0,1.0,1.0,1.0,0.0,0.0,5.8,5.25,6.25,0.5499999999999998,0.4500000000000002,5.9,5.0,6.5,0.9000000000000004,0.5999999999999996,4.8,4.0,5.0,0.7999999999999998,0.20000000000000018,6.6,6.0,7.0,0.5999999999999996,0.40000000000000036,0.0,0.0,0.0,0.0,0.0,4.0,4.0,4.0,0.0,0.0,0.0,0.0,0.0,0.0,0.0,4.0,4.0,4.0,0.0,0.0
20,4,12,5,0.2,0.2,0.3,dense,True,20,20,20,4,20,5,20,Shared MILP,validity_full_harmful_sequence_per_prompt,radius_derived,5,"0,10,20,30,40",0.0,0.0,0.0,0.0,0.0,1.0,1.0,1.0,0.0,0.0,5.8,5.25,6.25,0.5499999999999998,0.4500000000000002,5.9,5.0,6.5,0.9000000000000004,0.5999999999999996,4.8,4.0,5.0,0.7999999999999998,0.20000000000000018,6.6,6.0,7.0,0.5999999999999996,0.40000000000000036,0.0,0.0,0.0,0.0,0.0,4.0,4.0,4.0,0.0,0.0,0.0,0.0,0.0,0.0,0.0,4.0,4.0,4.0,0.0,0.0
20,4,12,5,0.2,0.2,0.3,dense,True,20,20,20,4,20,5,0,Atomic phrase aggregation,validity_full_harmful_sequence_per_prompt,radius_derived,5,"0,10,20,30,40",1.0,1.0,1.0,0.0,0.0,0.0,0.0,0.0,0.0,0.0,1.0,1.0,1.0,0.0,0.0,1.0,1.0,1.0,0.0,0.0,1.0,1.0,1.0,0.0,0.0,1.0,1.0,1.0,0.0,0.0,4.0,4.0,4.0,0.0,0.0,4.0,4.0,4.0,0.0,0.0,0.0,0.0,0.0,0.0,0.0,4.0,4.0,4.0,0.0,0.0
20,4,12,5,0.2,0.2,0.3,dense,True,20,20,20,4,20,5,1,Atomic phrase aggregation,validity_full_harmful_sequence_per_prompt,radius_derived,5,"0,10,20,30,40",0.0,0.0,0.0,0.0,0.0,1.0,1.0,1.0,0.0,0.0,1.0,1.0,1.0,0.0,0.0,1.0,1.0,1.0,0.0,0.0,1.0,1.0,1.0,0.0,0.0,1.0,1.0,1.0,0.0,0.0,0.0,0.0,0.0,0.0,0.0,4.0,4.0,4.0,0.0,0.0,0.0,0.0,0.0,0.0,0.0,4.0,4.0,4.0,0.0,0.0
20,4,12,5,0.2,0.2,0.3,dense,True,20,20,20,4,20,5,2,Atomic phrase aggregation,validity_full_harmful_sequence_per_prompt,radius_derived,5,"0,10,20,30,40",0.0,0.0,0.0,0.0,0.0,1.0,1.0,1.0,0.0,0.0,1.0,1.0,1.0,0.0,0.0,1.0,1.0,1.0,0.0,0.0,1.0,1.0,1.0,0.0,0.0,1.0,1.0,1.0,0.0,0.0,0.0,0.0,0.0,0.0,0.0,4.0,4.0,4.0,0.0,0.0,0.0,0.0,0.0,0.0,0.0,4.0,4.0,4.0,0.0,0.0
20,4,12,5,0.2,0.2,0.3,dense,True,20,20,20,4,20,5,3,Atomic phrase aggregation,validity_full_harmful_sequence_per_prompt,radius_derived,5,"0,10,20,30,40",0.0,0.0,0.0,0.0,0.0,1.0,1.0,1.0,0.0,0.0,1.0,1.0,1.0,0.0,0.0,1.0,1.0,1.0,0.0,0.0,1.0,1.0,1.0,0.0,0.0,1.0,1.0,1.0,0.0,0.0,0.0,0.0,0.0,0.0,0.0,4.0,4.0,4.0,0.0,0.0,0.0,0.0,0.0,0.0,0.0,4.0,4.0,4.0,0.0,0.0
20,4,12,5,0.2,0.2,0.3,dense,True,20,20,20,4,20,5,4,Atomic phrase aggregation,validity_full_harmful_sequence_per_prompt,radius_derived,5,"0,10,20,30,40",0.0,0.0,0.0,0.0,0.0,1.0,1.0,1.0,0.0,0.0,1.0,1.0,1.0,0.0,0.0,1.0,1.0,1.0,0.0,0.0,1.0,1.0,1.0,0.0,0.0,1.0,1.0,1.0,0.0,0.0,0.0,0.0,0.0,0.0,0.0,4.0,4.0,4.0,0.0,0.0,0.0,0.0,0.0,0.0,0.0,4.0,4.0,4.0,0.0,0.0
20,4,12,5,0.2,0.2,0.3,dense,True,20,20,20,4,20,5,5,Atomic phrase aggregation,validity_full_harmful_sequence_per_prompt,radius_derived,5,"0,10,20,30,40",0.0,0.0,0.0,0.0,0.0,1.0,1.0,1.0,0.0,0.0,1.0,1.0,1.0,0.0,0.0,1.0,1.0,1.0,0.0,0.0,1.0,1.0,1.0,0.0,0.0,1.0,1.0,1.0,0.0,0.0,0.0,0.0,0.0,0.0,0.0,4.0,4.0,4.0,0.0,0.0,0.0,0.0,0.0,0.0,0.0,4.0,4.0,4.0,0.0,0.0
20,4,12,5,0.2,0.2,0.3,dense,True,20,20,20,4,20,5,6,Atomic phrase aggregation,validity_full_harmful_sequence_per_prompt,radius_derived,5,"0,10,20,30,40",0.0,0.0,0.0,0.0,0.0,1.0,1.0,1.0,0.0,0.0,1.0,1.0,1.0,0.0,0.0,1.0,1.0,1.0,0.0,0.0,1.0,1.0,1.0,0.0,0.0,1.0,1.0,1.0,0.0,0.0,0.0,0.0,0.0,0.0,0.0,4.0,4.0,4.0,0.0,0.0,0.0,0.0,0.0,0.0,0.0,4.0,4.0,4.0,0.0,0.0
20,4,12,5,0.2,0.2,0.3,dense,True,20,20,20,4,20,5,7,Atomic phrase aggregation,validity_full_harmful_sequence_per_prompt,radius_derived,5,"0,10,20,30,40",0.0,0.0,0.0,0.0,0.0,1.0,1.0,1.0,0.0,0.0,1.0,1.0,1.0,0.0,0.0,1.0,1.0,1.0,0.0,0.0,1.0,1.0,1.0,0.0,0.0,1.0,1.0,1.0,0.0,0.0,0.0,0.0,0.0,0.0,0.0,4.0,4.0,4.0,0.0,0.0,0.0,0.0,0.0,0.0,0.0,4.0,4.0,4.0,0.0,0.0
20,4,12,5,0.2,0.2,0.3,dense,True,20,20,20,4,20,5,8,Atomic phrase aggregation,validity_full_harmful_sequence_per_prompt,radius_derived,5,"0,10,20,30,40",0.0,0.0,0.0,0.0,0.0,1.0,1.0,1.0,0.0,0.0,1.0,1.0,1.0,0.0,0.0,1.0,1.0,1.0,0.0,0.0,1.0,1.0,1.0,0.0,0.0,1.0,1.0,1.0,0.0,0.0,0.0,0.0,0.0,0.0,0.0,4.0,4.0,4.0,0.0,0.0,0.0,0.0,0.0,0.0,0.0,4.0,4.0,4.0,0.0,0.0
20,4,12,5,0.2,0.2,0.3,dense,True,20,20,20,4,20,5,9,Atomic phrase aggregation,validity_full_harmful_sequence_per_prompt,radius_derived,5,"0,10,20,30,40",0.0,0.0,0.0,0.0,0.0,1.0,1.0,1.0,0.0,0.0,1.0,1.0,1.0,0.0,0.0,1.0,1.0,1.0,0.0,0.0,1.0,1.0,1.0,0.0,0.0,1.0,1.0,1.0,0.0,0.0,0.0,0.0,0.0,0.0,0.0,4.0,4.0,4.0,0.0,0.0,0.0,0.0,0.0,0.0,0.0,4.0,4.0,4.0,0.0,0.0
20,4,12,5,0.2,0.2,0.3,dense,True,20,20,20,4,20,5,10,Atomic phrase aggregation,validity_full_harmful_sequence_per_prompt,radius_derived,5,"0,10,20,30,40",0.0,0.0,0.0,0.0,0.0,1.0,1.0,1.0,0.0,0.0,1.0,1.0,1.0,0.0,0.0,1.0,1.0,1.0,0.0,0.0,1.0,1.0,1.0,0.0,0.0,1.0,1.0,1.0,0.0,0.0,0.0,0.0,0.0,0.0,0.0,4.0,4.0,4.0,0.0,0.0,0.0,0.0,0.0,0.0,0.0,4.0,4.0,4.0,0.0,0.0
20,4,12,5,0.2,0.2,0.3,dense,True,20,20,20,4,20,5,11,Atomic phrase aggregation,validity_full_harmful_sequence_per_prompt,radius_derived,5,"0,10,20,30,40",0.0,0.0,0.0,0.0,0.0,1.0,1.0,1.0,0.0,0.0,1.0,1.0,1.0,0.0,0.0,1.0,1.0,1.0,0.0,0.0,1.0,1.0,1.0,0.0,0.0,1.0,1.0,1.0,0.0,0.0,0.0,0.0,0.0,0.0,0.0,4.0,4.0,4.0,0.0,0.0,0.0,0.0,0.0,0.0,0.0,4.0,4.0,4.0,0.0,0.0
20,4,12,5,0.2,0.2,0.3,dense,True,20,20,20,4,20,5,12,Atomic phrase aggregation,validity_full_harmful_sequence_per_prompt,radius_derived,5,"0,10,20,30,40",0.0,0.0,0.0,0.0,0.0,1.0,1.0,1.0,0.0,0.0,1.0,1.0,1.0,0.0,0.0,1.0,1.0,1.0,0.0,0.0,1.0,1.0,1.0,0.0,0.0,1.0,1.0,1.0,0.0,0.0,0.0,0.0,0.0,0.0,0.0,4.0,4.0,4.0,0.0,0.0,0.0,0.0,0.0,0.0,0.0,4.0,4.0,4.0,0.0,0.0
20,4,12,5,0.2,0.2,0.3,dense,True,20,20,20,4,20,5,13,Atomic phrase aggregation,validity_full_harmful_sequence_per_prompt,radius_derived,5,"0,10,20,30,40",0.0,0.0,0.0,0.0,0.0,1.0,1.0,1.0,0.0,0.0,1.0,1.0,1.0,0.0,0.0,1.0,1.0,1.0,0.0,0.0,1.0,1.0,1.0,0.0,0.0,1.0,1.0,1.0,0.0,0.0,0.0,0.0,0.0,0.0,0.0,4.0,4.0,4.0,0.0,0.0,0.0,0.0,0.0,0.0,0.0,4.0,4.0,4.0,0.0,0.0
20,4,12,5,0.2,0.2,0.3,dense,True,20,20,20,4,20,5,14,Atomic phrase aggregation,validity_full_harmful_sequence_per_prompt,radius_derived,5,"0,10,20,30,40",0.0,0.0,0.0,0.0,0.0,1.0,1.0,1.0,0.0,0.0,1.0,1.0,1.0,0.0,0.0,1.0,1.0,1.0,0.0,0.0,1.0,1.0,1.0,0.0,0.0,1.0,1.0,1.0,0.0,0.0,0.0,0.0,0.0,0.0,0.0,4.0,4.0,4.0,0.0,0.0,0.0,0.0,0.0,0.0,0.0,4.0,4.0,4.0,0.0,0.0
20,4,12,5,0.2,0.2,0.3,dense,True,20,20,20,4,20,5,15,Atomic phrase aggregation,validity_full_harmful_sequence_per_prompt,radius_derived,5,"0,10,20,30,40",0.0,0.0,0.0,0.0,0.0,1.0,1.0,1.0,0.0,0.0,1.0,1.0,1.0,0.0,0.0,1.0,1.0,1.0,0.0,0.0,1.0,1.0,1.0,0.0,0.0,1.0,1.0,1.0,0.0,0.0,0.0,0.0,0.0,0.0,0.0,4.0,4.0,4.0,0.0,0.0,0.0,0.0,0.0,0.0,0.0,4.0,4.0,4.0,0.0,0.0
20,4,12,5,0.2,0.2,0.3,dense,True,20,20,20,4,20,5,16,Atomic phrase aggregation,validity_full_harmful_sequence_per_prompt,radius_derived,5,"0,10,20,30,40",0.0,0.0,0.0,0.0,0.0,1.0,1.0,1.0,0.0,0.0,1.0,1.0,1.0,0.0,0.0,1.0,1.0,1.0,0.0,0.0,1.0,1.0,1.0,0.0,0.0,1.0,1.0,1.0,0.0,0.0,0.0,0.0,0.0,0.0,0.0,4.0,4.0,4.0,0.0,0.0,0.0,0.0,0.0,0.0,0.0,4.0,4.0,4.0,0.0,0.0
20,4,12,5,0.2,0.2,0.3,dense,True,20,20,20,4,20,5,17,Atomic phrase aggregation,validity_full_harmful_sequence_per_prompt,radius_derived,5,"0,10,20,30,40",0.0,0.0,0.0,0.0,0.0,1.0,1.0,1.0,0.0,0.0,1.0,1.0,1.0,0.0,0.0,1.0,1.0,1.0,0.0,0.0,1.0,1.0,1.0,0.0,0.0,1.0,1.0,1.0,0.0,0.0,0.0,0.0,0.0,0.0,0.0,4.0,4.0,4.0,0.0,0.0,0.0,0.0,0.0,0.0,0.0,4.0,4.0,4.0,0.0,0.0
20,4,12,5,0.2,0.2,0.3,dense,True,20,20,20,4,20,5,18,Atomic phrase aggregation,validity_full_harmful_sequence_per_prompt,radius_derived,5,"0,10,20,30,40",0.0,0.0,0.0,0.0,0.0,1.0,1.0,1.0,0.0,0.0,1.0,1.0,1.0,0.0,0.0,1.0,1.0,1.0,0.0,0.0,1.0,1.0,1.0,0.0,0.0,1.0,1.0,1.0,0.0,0.0,0.0,0.0,0.0,0.0,0.0,4.0,4.0,4.0,0.0,0.0,0.0,0.0,0.0,0.0,0.0,4.0,4.0,4.0,0.0,0.0
20,4,12,5,0.2,0.2,0.3,dense,True,20,20,20,4,20,5,19,Atomic phrase aggregation,validity_full_harmful_sequence_per_prompt,radius_derived,5,"0,10,20,30,40",0.0,0.0,0.0,0.0,0.0,1.0,1.0,1.0,0.0,0.0,1.0,1.0,1.0,0.0,0.0,1.0,1.0,1.0,0.0,0.0,1.0,1.0,1.0,0.0,0.0,1.0,1.0,1.0,0.0,0.0,0.0,0.0,0.0,0.0,0.0,4.0,4.0,4.0,0.0,0.0,0.0,0.0,0.0,0.0,0.0,4.0,4.0,4.0,0.0,0.0
20,4,12,5,0.2,0.2,0.3,dense,True,20,20,20,4,20,5,20,Atomic phrase aggregation,validity_full_harmful_sequence_per_prompt,radius_derived,5,"0,10,20,30,40",0.0,0.0,0.0,0.0,0.0,1.0,1.0,1.0,0.0,0.0,1.0,1.0,1.0,0.0,0.0,1.0,1.0,1.0,0.0,0.0,1.0,1.0,1.0,0.0,0.0,1.0,1.0,1.0,0.0,0.0,0.0,0.0,0.0,0.0,0.0,4.0,4.0,4.0,0.0,0.0,0.0,0.0,0.0,0.0,0.0,4.0,4.0,4.0,0.0,0.0
20,4,12,5,0.2,0.2,0.3,dense,True,20,20,20,4,20,5,0,Independent shard-aware composition diagnostic,validity_full_harmful_sequence_per_prompt,radius_derived,5,"0,10,20,30,40",1.0,1.0,1.0,0.0,0.0,0.0,0.0,0.0,0.0,0.0,31.15,29.0,33.0,2.1499999999999986,1.8500000000000014,30.7,28.5,32.5,2.1999999999999993,1.8000000000000007,26.0,23.0,28.0,3.0,2.0,37.2,32.0,40.0,5.200000000000003,2.799999999999997,4.0,4.0,4.0,0.0,0.0,4.0,4.0,4.0,0.0,0.0,0.0,0.0,0.0,0.0,0.0,4.0,4.0,4.0,0.0,0.0
20,4,12,5,0.2,0.2,0.3,dense,True,20,20,20,4,20,5,1,Independent shard-aware composition diagnostic,validity_full_harmful_sequence_per_prompt,radius_derived,5,"0,10,20,30,40",1.0,1.0,1.0,0.0,0.0,0.0,0.0,0.0,0.0,0.0,31.15,29.0,33.0,2.1499999999999986,1.8500000000000014,30.7,28.5,32.5,2.1999999999999993,1.8000000000000007,26.0,23.0,28.0,3.0,2.0,37.2,32.0,40.0,5.200000000000003,2.799999999999997,4.0,4.0,4.0,0.0,0.0,4.0,4.0,4.0,0.0,0.0,0.0,0.0,0.0,0.0,0.0,4.0,4.0,4.0,0.0,0.0
20,4,12,5,0.2,0.2,0.3,dense,True,20,20,20,4,20,5,2,Independent shard-aware composition diagnostic,validity_full_harmful_sequence_per_prompt,radius_derived,5,"0,10,20,30,40",1.0,1.0,1.0,0.0,0.0,0.0,0.0,0.0,0.0,0.0,31.15,29.0,33.0,2.1499999999999986,1.8500000000000014,30.7,28.5,32.5,2.1999999999999993,1.8000000000000007,26.0,23.0,28.0,3.0,2.0,37.2,32.0,40.0,5.200000000000003,2.799999999999997,4.0,4.0,4.0,0.0,0.0,4.0,4.0,4.0,0.0,0.0,0.0,0.0,0.0,0.0,0.0,4.0,4.0,4.0,0.0,0.0
20,4,12,5,0.2,0.2,0.3,dense,True,20,20,20,4,20,5,3,Independent shard-aware composition diagnostic,validity_full_harmful_sequence_per_prompt,radius_derived,5,"0,10,20,30,40",1.0,1.0,1.0,0.0,0.0,0.0,0.0,0.0,0.0,0.0,31.15,29.0,33.0,2.1499999999999986,1.8500000000000014,30.7,28.5,32.5,2.1999999999999993,1.8000000000000007,26.0,23.0,28.0,3.0,2.0,37.2,32.0,40.0,5.200000000000003,2.799999999999997,4.0,4.0,4.0,0.0,0.0,4.0,4.0,4.0,0.0,0.0,0.0,0.0,0.0,0.0,0.0,4.0,4.0,4.0,0.0,0.0
20,4,12,5,0.2,0.2,0.3,dense,True,20,20,20,4,20,5,4,Independent shard-aware composition diagnostic,validity_full_harmful_sequence_per_prompt,radius_derived,5,"0,10,20,30,40",1.0,1.0,1.0,0.0,0.0,0.0,0.0,0.0,0.0,0.0,31.15,29.0,33.0,2.1499999999999986,1.8500000000000014,30.7,28.5,32.5,2.1999999999999993,1.8000000000000007,26.0,23.0,28.0,3.0,2.0,37.2,32.0,40.0,5.200000000000003,2.799999999999997,4.0,4.0,4.0,0.0,0.0,4.0,4.0,4.0,0.0,0.0,0.0,0.0,0.0,0.0,0.0,4.0,4.0,4.0,0.0,0.0
20,4,12,5,0.2,0.2,0.3,dense,True,20,20,20,4,20,5,5,Independent shard-aware composition diagnostic,validity_full_harmful_sequence_per_prompt,radius_derived,5,"0,10,20,30,40",1.0,1.0,1.0,0.0,0.0,0.0,0.0,0.0,0.0,0.0,31.15,29.0,33.0,2.1499999999999986,1.8500000000000014,30.7,28.5,32.5,2.1999999999999993,1.8000000000000007,26.0,23.0,28.0,3.0,2.0,37.2,32.0,40.0,5.200000000000003,2.799999999999997,4.0,4.0,4.0,0.0,0.0,4.0,4.0,4.0,0.0,0.0,0.0,0.0,0.0,0.0,0.0,4.0,4.0,4.0,0.0,0.0
20,4,12,5,0.2,0.2,0.3,dense,True,20,20,20,4,20,5,6,Independent shard-aware composition diagnostic,validity_full_harmful_sequence_per_prompt,radius_derived,5,"0,10,20,30,40",1.0,1.0,1.0,0.0,0.0,0.0,0.0,0.0,0.0,0.0,31.15,29.0,33.0,2.1499999999999986,1.8500000000000014,30.7,28.5,32.5,2.1999999999999993,1.8000000000000007,26.0,23.0,28.0,3.0,2.0,37.2,32.0,40.0,5.200000000000003,2.799999999999997,4.0,4.0,4.0,0.0,0.0,4.0,4.0,4.0,0.0,0.0,0.0,0.0,0.0,0.0,0.0,4.0,4.0,4.0,0.0,0.0
20,4,12,5,0.2,0.2,0.3,dense,True,20,20,20,4,20,5,7,Independent shard-aware composition diagnostic,validity_full_harmful_sequence_per_prompt,radius_derived,5,"0,10,20,30,40",1.0,1.0,1.0,0.0,0.0,0.0,0.0,0.0,0.0,0.0,31.15,29.0,33.0,2.1499999999999986,1.8500000000000014,30.7,28.5,32.5,2.1999999999999993,1.8000000000000007,26.0,23.0,28.0,3.0,2.0,37.2,32.0,40.0,5.200000000000003,2.799999999999997,4.0,4.0,4.0,0.0,0.0,4.0,4.0,4.0,0.0,0.0,0.0,0.0,0.0,0.0,0.0,4.0,4.0,4.0,0.0,0.0
20,4,12,5,0.2,0.2,0.3,dense,True,20,20,20,4,20,5,8,Independent shard-aware composition diagnostic,validity_full_harmful_sequence_per_prompt,radius_derived,5,"0,10,20,30,40",1.0,1.0,1.0,0.0,0.0,0.0,0.0,0.0,0.0,0.0,31.15,29.0,33.0,2.1499999999999986,1.8500000000000014,30.7,28.5,32.5,2.1999999999999993,1.8000000000000007,26.0,23.0,28.0,3.0,2.0,37.2,32.0,40.0,5.200000000000003,2.799999999999997,4.0,4.0,4.0,0.0,0.0,4.0,4.0,4.0,0.0,0.0,0.0,0.0,0.0,0.0,0.0,4.0,4.0,4.0,0.0,0.0
20,4,12,5,0.2,0.2,0.3,dense,True,20,20,20,4,20,5,9,Independent shard-aware composition diagnostic,validity_full_harmful_sequence_per_prompt,radius_derived,5,"0,10,20,30,40",1.0,1.0,1.0,0.0,0.0,0.0,0.0,0.0,0.0,0.0,31.15,29.0,33.0,2.1499999999999986,1.8500000000000014,30.7,28.5,32.5,2.1999999999999993,1.8000000000000007,26.0,23.0,28.0,3.0,2.0,37.2,32.0,40.0,5.200000000000003,2.799999999999997,4.0,4.0,4.0,0.0,0.0,4.0,4.0,4.0,0.0,0.0,0.0,0.0,0.0,0.0,0.0,4.0,4.0,4.0,0.0,0.0
20,4,12,5,0.2,0.2,0.3,dense,True,20,20,20,4,20,5,10,Independent shard-aware composition diagnostic,validity_full_harmful_sequence_per_prompt,radius_derived,5,"0,10,20,30,40",1.0,1.0,1.0,0.0,0.0,0.0,0.0,0.0,0.0,0.0,31.15,29.0,33.0,2.1499999999999986,1.8500000000000014,30.7,28.5,32.5,2.1999999999999993,1.8000000000000007,26.0,23.0,28.0,3.0,2.0,37.2,32.0,40.0,5.200000000000003,2.799999999999997,4.0,4.0,4.0,0.0,0.0,4.0,4.0,4.0,0.0,0.0,0.0,0.0,0.0,0.0,0.0,4.0,4.0,4.0,0.0,0.0
20,4,12,5,0.2,0.2,0.3,dense,True,20,20,20,4,20,5,11,Independent shard-aware composition diagnostic,validity_full_harmful_sequence_per_prompt,radius_derived,5,"0,10,20,30,40",1.0,1.0,1.0,0.0,0.0,0.0,0.0,0.0,0.0,0.0,31.15,29.0,33.0,2.1499999999999986,1.8500000000000014,30.7,28.5,32.5,2.1999999999999993,1.8000000000000007,26.0,23.0,28.0,3.0,2.0,37.2,32.0,40.0,5.200000000000003,2.799999999999997,4.0,4.0,4.0,0.0,0.0,4.0,4.0,4.0,0.0,0.0,0.0,0.0,0.0,0.0,0.0,4.0,4.0,4.0,0.0,0.0
20,4,12,5,0.2,0.2,0.3,dense,True,20,20,20,4,20,5,12,Independent shard-aware composition diagnostic,validity_full_harmful_sequence_per_prompt,radius_derived,5,"0,10,20,30,40",1.0,1.0,1.0,0.0,0.0,0.0,0.0,0.0,0.0,0.0,31.15,29.0,33.0,2.1499999999999986,1.8500000000000014,30.7,28.5,32.5,2.1999999999999993,1.8000000000000007,26.0,23.0,28.0,3.0,2.0,37.2,32.0,40.0,5.200000000000003,2.799999999999997,4.0,4.0,4.0,0.0,0.0,4.0,4.0,4.0,0.0,0.0,0.0,0.0,0.0,0.0,0.0,4.0,4.0,4.0,0.0,0.0
20,4,12,5,0.2,0.2,0.3,dense,True,20,20,20,4,20,5,13,Independent shard-aware composition diagnostic,validity_full_harmful_sequence_per_prompt,radius_derived,5,"0,10,20,30,40",1.0,1.0,1.0,0.0,0.0,0.0,0.0,0.0,0.0,0.0,31.15,29.0,33.0,2.1499999999999986,1.8500000000000014,30.7,28.5,32.5,2.1999999999999993,1.8000000000000007,26.0,23.0,28.0,3.0,2.0,37.2,32.0,40.0,5.200000000000003,2.799999999999997,4.0,4.0,4.0,0.0,0.0,4.0,4.0,4.0,0.0,0.0,0.0,0.0,0.0,0.0,0.0,4.0,4.0,4.0,0.0,0.0
20,4,12,5,0.2,0.2,0.3,dense,True,20,20,20,4,20,5,14,Independent shard-aware composition diagnostic,validity_full_harmful_sequence_per_prompt,radius_derived,5,"0,10,20,30,40",1.0,1.0,1.0,0.0,0.0,0.0,0.0,0.0,0.0,0.0,31.15,29.0,33.0,2.1499999999999986,1.8500000000000014,30.7,28.5,32.5,2.1999999999999993,1.8000000000000007,26.0,23.0,28.0,3.0,2.0,37.2,32.0,40.0,5.200000000000003,2.799999999999997,4.0,4.0,4.0,0.0,0.0,4.0,4.0,4.0,0.0,0.0,0.0,0.0,0.0,0.0,0.0,4.0,4.0,4.0,0.0,0.0
20,4,12,5,0.2,0.2,0.3,dense,True,20,20,20,4,20,5,15,Independent shard-aware composition diagnostic,validity_full_harmful_sequence_per_prompt,radius_derived,5,"0,10,20,30,40",1.0,1.0,1.0,0.0,0.0,0.0,0.0,0.0,0.0,0.0,31.15,29.0,33.0,2.1499999999999986,1.8500000000000014,30.7,28.5,32.5,2.1999999999999993,1.8000000000000007,26.0,23.0,28.0,3.0,2.0,37.2,32.0,40.0,5.200000000000003,2.799999999999997,4.0,4.0,4.0,0.0,0.0,4.0,4.0,4.0,0.0,0.0,0.0,0.0,0.0,0.0,0.0,4.0,4.0,4.0,0.0,0.0
20,4,12,5,0.2,0.2,0.3,dense,True,20,20,20,4,20,5,16,Independent shard-aware composition diagnostic,validity_full_harmful_sequence_per_prompt,radius_derived,5,"0,10,20,30,40",1.0,1.0,1.0,0.0,0.0,0.0,0.0,0.0,0.0,0.0,31.15,29.0,33.0,2.1499999999999986,1.8500000000000014,30.7,28.5,32.5,2.1999999999999993,1.8000000000000007,26.0,23.0,28.0,3.0,2.0,37.2,32.0,40.0,5.200000000000003,2.799999999999997,4.0,4.0,4.0,0.0,0.0,4.0,4.0,4.0,0.0,0.0,0.0,0.0,0.0,0.0,0.0,4.0,4.0,4.0,0.0,0.0
20,4,12,5,0.2,0.2,0.3,dense,True,20,20,20,4,20,5,17,Independent shard-aware composition diagnostic,validity_full_harmful_sequence_per_prompt,radius_derived,5,"0,10,20,30,40",1.0,1.0,1.0,0.0,0.0,0.0,0.0,0.0,0.0,0.0,31.15,29.0,33.0,2.1499999999999986,1.8500000000000014,30.7,28.5,32.5,2.1999999999999993,1.8000000000000007,26.0,23.0,28.0,3.0,2.0,37.2,32.0,40.0,5.200000000000003,2.799999999999997,4.0,4.0,4.0,0.0,0.0,4.0,4.0,4.0,0.0,0.0,0.0,0.0,0.0,0.0,0.0,4.0,4.0,4.0,0.0,0.0
20,4,12,5,0.2,0.2,0.3,dense,True,20,20,20,4,20,5,18,Independent shard-aware composition diagnostic,validity_full_harmful_sequence_per_prompt,radius_derived,5,"0,10,20,30,40",1.0,1.0,1.0,0.0,0.0,0.0,0.0,0.0,0.0,0.0,31.15,29.0,33.0,2.1499999999999986,1.8500000000000014,30.7,28.5,32.5,2.1999999999999993,1.8000000000000007,26.0,23.0,28.0,3.0,2.0,37.2,32.0,40.0,5.200000000000003,2.799999999999997,4.0,4.0,4.0,0.0,0.0,4.0,4.0,4.0,0.0,0.0,0.0,0.0,0.0,0.0,0.0,4.0,4.0,4.0,0.0,0.0
20,4,12,5,0.2,0.2,0.3,dense,True,20,20,20,4,20,5,19,Independent shard-aware composition diagnostic,validity_full_harmful_sequence_per_prompt,radius_derived,5,"0,10,20,30,40",1.0,1.0,1.0,0.0,0.0,0.0,0.0,0.0,0.0,0.0,31.15,29.0,33.0,2.1499999999999986,1.8500000000000014,30.7,28.5,32.5,2.1999999999999993,1.8000000000000007,26.0,23.0,28.0,3.0,2.0,37.2,32.0,40.0,5.200000000000003,2.799999999999997,4.0,4.0,4.0,0.0,0.0,4.0,4.0,4.0,0.0,0.0,0.0,0.0,0.0,0.0,0.0,4.0,4.0,4.0,0.0,0.0
20,4,12,5,0.2,0.2,0.3,dense,True,20,20,20,4,20,5,20,Independent shard-aware composition diagnostic,validity_full_harmful_sequence_per_prompt,radius_derived,5,"0,10,20,30,40",1.0,1.0,1.0,0.0,0.0,0.0,0.0,0.0,0.0,0.0,31.15,29.0,33.0,2.1499999999999986,1.8500000000000014,30.7,28.5,32.5,2.1999999999999993,1.8000000000000007,26.0,23.0,28.0,3.0,2.0,37.2,32.0,40.0,5.200000000000003,2.799999999999997,4.0,4.0,4.0,0.0,0.0,4.0,4.0,4.0,0.0,0.0,0.0,0.0,0.0,0.0,0.0,4.0,4.0,4.0,0.0,0.0
20,4,14,5,0.2,0.2,0.3,dense,True,20,20,20,4,20,5,0,DPA token margin,full_response_stable_against_any_token_change,radius_derived,5,"0,10,20,30,40",1.0,1.0,1.0,0.0,0.0,0.0,0.0,0.0,0.0,0.0,4.9,4.25,5.5,0.6500000000000004,0.5999999999999996,4.8,4.0,5.5,0.7999999999999998,0.7000000000000002,4.0,3.0,5.0,1.0,1.0,6.0,6.0,6.0,0.0,0.0,4.0,4.0,4.0,0.0,0.0,4.0,4.0,4.0,0.0,0.0,0.0,0.0,0.0,0.0,0.0,4.0,4.0,4.0,0.0,0.0
20,4,14,5,0.2,0.2,0.3,dense,True,20,20,20,4,20,5,1,DPA token margin,full_response_stable_against_any_token_change,radius_derived,5,"0,10,20,30,40",1.0,1.0,1.0,0.0,0.0,0.0,0.0,0.0,0.0,0.0,4.9,4.25,5.5,0.6500000000000004,0.5999999999999996,4.8,4.0,5.5,0.7999999999999998,0.7000000000000002,4.0,3.0,5.0,1.0,1.0,6.0,6.0,6.0,0.0,0.0,4.0,4.0,4.0,0.0,0.0,4.0,4.0,4.0,0.0,0.0,0.0,0.0,0.0,0.0,0.0,4.0,4.0,4.0,0.0,0.0
20,4,14,5,0.2,0.2,0.3,dense,True,20,20,20,4,20,5,2,DPA token margin,full_response_stable_against_any_token_change,radius_derived,5,"0,10,20,30,40",1.0,1.0,1.0,0.0,0.0,0.0,0.0,0.0,0.0,0.0,4.9,4.25,5.5,0.6500000000000004,0.5999999999999996,4.8,4.0,5.5,0.7999999999999998,0.7000000000000002,4.0,3.0,5.0,1.0,1.0,6.0,6.0,6.0,0.0,0.0,4.0,4.0,4.0,0.0,0.0,4.0,4.0,4.0,0.0,0.0,0.0,0.0,0.0,0.0,0.0,4.0,4.0,4.0,0.0,0.0
20,4,14,5,0.2,0.2,0.3,dense,True,20,20,20,4,20,5,3,DPA token margin,full_response_stable_against_any_token_change,radius_derived,5,"0,10,20,30,40",0.9,0.75,1.0,0.15000000000000002,0.09999999999999998,0.1,0.0,0.25,0.1,0.15,4.9,4.25,5.5,0.6500000000000004,0.5999999999999996,4.8,4.0,5.5,0.7999999999999998,0.7000000000000002,4.0,3.0,5.0,1.0,1.0,6.0,6.0,6.0,0.0,0.0,3.6,3.0,4.0,0.6000000000000001,0.3999999999999999,4.0,4.0,4.0,0.0,0.0,0.0,0.0,0.0,0.0,0.0,4.0,4.0,4.0,0.0,0.0
20,4,14,5,0.2,0.2,0.3,dense,True,20,20,20,4,20,5,4,DPA token margin,full_response_stable_against_any_token_change,radius_derived,5,"0,10,20,30,40",0.65,0.25,1.0,0.4,0.35,0.35,0.0,0.75,0.35,0.4,4.9,4.25,5.5,0.6500000000000004,0.5999999999999996,4.8,4.0,5.5,0.7999999999999998,0.7000000000000002,4.0,3.0,5.0,1.0,1.0,6.0,6.0,6.0,0.0,0.0,2.6,1.0,4.0,1.6,1.4,4.0,4.0,4.0,0.0,0.0,0.0,0.0,0.0,0.0,0.0,4.0,4.0,4.0,0.0,0.0
20,4,14,5,0.2,0.2,0.3,dense,True,20,20,20,4,20,5,5,DPA token margin,full_response_stable_against_any_token_change,radius_derived,5,"0,10,20,30,40",0.35,0.25,0.5,0.09999999999999998,0.15000000000000002,0.65,0.5,0.75,0.15000000000000002,0.09999999999999998,4.9,4.25,5.5,0.6500000000000004,0.5999999999999996,4.8,4.0,5.5,0.7999999999999998,0.7000000000000002,4.0,3.0,5.0,1.0,1.0,6.0,6.0,6.0,0.0,0.0,1.4,1.0,2.0,0.3999999999999999,0.6000000000000001,4.0,4.0,4.0,0.0,0.0,0.0,0.0,0.0,0.0,0.0,4.0,4.0,4.0,0.0,0.0
20,4,14,5,0.2,0.2,0.3,dense,True,20,20,20,4,20,5,6,DPA token margin,full_response_stable_against_any_token_change,radius_derived,5,"0,10,20,30,40",0.0,0.0,0.0,0.0,0.0,1.0,1.0,1.0,0.0,0.0,4.9,4.25,5.5,0.6500000000000004,0.5999999999999996,4.8,4.0,5.5,0.7999999999999998,0.7000000000000002,4.0,3.0,5.0,1.0,1.0,6.0,6.0,6.0,0.0,0.0,0.0,0.0,0.0,0.0,0.0,4.0,4.0,4.0,0.0,0.0,0.0,0.0,0.0,0.0,0.0,4.0,4.0,4.0,0.0,0.0
20,4,14,5,0.2,0.2,0.3,dense,True,20,20,20,4,20,5,7,DPA token margin,full_response_stable_against_any_token_change,radius_derived,5,"0,10,20,30,40",0.0,0.0,0.0,0.0,0.0,1.0,1.0,1.0,0.0,0.0,4.9,4.25,5.5,0.6500000000000004,0.5999999999999996,4.8,4.0,5.5,0.7999999999999998,0.7000000000000002,4.0,3.0,5.0,1.0,1.0,6.0,6.0,6.0,0.0,0.0,0.0,0.0,0.0,0.0,0.0,4.0,4.0,4.0,0.0,0.0,0.0,0.0,0.0,0.0,0.0,4.0,4.0,4.0,0.0,0.0
20,4,14,5,0.2,0.2,0.3,dense,True,20,20,20,4,20,5,8,DPA token margin,full_response_stable_against_any_token_change,radius_derived,5,"0,10,20,30,40",0.0,0.0,0.0,0.0,0.0,1.0,1.0,1.0,0.0,0.0,4.9,4.25,5.5,0.6500000000000004,0.5999999999999996,4.8,4.0,5.5,0.7999999999999998,0.7000000000000002,4.0,3.0,5.0,1.0,1.0,6.0,6.0,6.0,0.0,0.0,0.0,0.0,0.0,0.0,0.0,4.0,4.0,4.0,0.0,0.0,0.0,0.0,0.0,0.0,0.0,4.0,4.0,4.0,0.0,0.0
20,4,14,5,0.2,0.2,0.3,dense,True,20,20,20,4,20,5,9,DPA token margin,full_response_stable_against_any_token_change,radius_derived,5,"0,10,20,30,40",0.0,0.0,0.0,0.0,0.0,1.0,1.0,1.0,0.0,0.0,4.9,4.25,5.5,0.6500000000000004,0.5999999999999996,4.8,4.0,5.5,0.7999999999999998,0.7000000000000002,4.0,3.0,5.0,1.0,1.0,6.0,6.0,6.0,0.0,0.0,0.0,0.0,0.0,0.0,0.0,4.0,4.0,4.0,0.0,0.0,0.0,0.0,0.0,0.0,0.0,4.0,4.0,4.0,0.0,0.0
20,4,14,5,0.2,0.2,0.3,dense,True,20,20,20,4,20,5,10,DPA token margin,full_response_stable_against_any_token_change,radius_derived,5,"0,10,20,30,40",0.0,0.0,0.0,0.0,0.0,1.0,1.0,1.0,0.0,0.0,4.9,4.25,5.5,0.6500000000000004,0.5999999999999996,4.8,4.0,5.5,0.7999999999999998,0.7000000000000002,4.0,3.0,5.0,1.0,1.0,6.0,6.0,6.0,0.0,0.0,0.0,0.0,0.0,0.0,0.0,4.0,4.0,4.0,0.0,0.0,0.0,0.0,0.0,0.0,0.0,4.0,4.0,4.0,0.0,0.0
20,4,14,5,0.2,0.2,0.3,dense,True,20,20,20,4,20,5,11,DPA token margin,full_response_stable_against_any_token_change,radius_derived,5,"0,10,20,30,40",0.0,0.0,0.0,0.0,0.0,1.0,1.0,1.0,0.0,0.0,4.9,4.25,5.5,0.6500000000000004,0.5999999999999996,4.8,4.0,5.5,0.7999999999999998,0.7000000000000002,4.0,3.0,5.0,1.0,1.0,6.0,6.0,6.0,0.0,0.0,0.0,0.0,0.0,0.0,0.0,4.0,4.0,4.0,0.0,0.0,0.0,0.0,0.0,0.0,0.0,4.0,4.0,4.0,0.0,0.0
20,4,14,5,0.2,0.2,0.3,dense,True,20,20,20,4,20,5,12,DPA token margin,full_response_stable_against_any_token_change,radius_derived,5,"0,10,20,30,40",0.0,0.0,0.0,0.0,0.0,1.0,1.0,1.0,0.0,0.0,4.9,4.25,5.5,0.6500000000000004,0.5999999999999996,4.8,4.0,5.5,0.7999999999999998,0.7000000000000002,4.0,3.0,5.0,1.0,1.0,6.0,6.0,6.0,0.0,0.0,0.0,0.0,0.0,0.0,0.0,4.0,4.0,4.0,0.0,0.0,0.0,0.0,0.0,0.0,0.0,4.0,4.0,4.0,0.0,0.0
20,4,14,5,0.2,0.2,0.3,dense,True,20,20,20,4,20,5,13,DPA token margin,full_response_stable_against_any_token_change,radius_derived,5,"0,10,20,30,40",0.0,0.0,0.0,0.0,0.0,1.0,1.0,1.0,0.0,0.0,4.9,4.25,5.5,0.6500000000000004,0.5999999999999996,4.8,4.0,5.5,0.7999999999999998,0.7000000000000002,4.0,3.0,5.0,1.0,1.0,6.0,6.0,6.0,0.0,0.0,0.0,0.0,0.0,0.0,0.0,4.0,4.0,4.0,0.0,0.0,0.0,0.0,0.0,0.0,0.0,4.0,4.0,4.0,0.0,0.0
20,4,14,5,0.2,0.2,0.3,dense,True,20,20,20,4,20,5,14,DPA token margin,full_response_stable_against_any_token_change,radius_derived,5,"0,10,20,30,40",0.0,0.0,0.0,0.0,0.0,1.0,1.0,1.0,0.0,0.0,4.9,4.25,5.5,0.6500000000000004,0.5999999999999996,4.8,4.0,5.5,0.7999999999999998,0.7000000000000002,4.0,3.0,5.0,1.0,1.0,6.0,6.0,6.0,0.0,0.0,0.0,0.0,0.0,0.0,0.0,4.0,4.0,4.0,0.0,0.0,0.0,0.0,0.0,0.0,0.0,4.0,4.0,4.0,0.0,0.0
20,4,14,5,0.2,0.2,0.3,dense,True,20,20,20,4,20,5,15,DPA token margin,full_response_stable_against_any_token_change,radius_derived,5,"0,10,20,30,40",0.0,0.0,0.0,0.0,0.0,1.0,1.0,1.0,0.0,0.0,4.9,4.25,5.5,0.6500000000000004,0.5999999999999996,4.8,4.0,5.5,0.7999999999999998,0.7000000000000002,4.0,3.0,5.0,1.0,1.0,6.0,6.0,6.0,0.0,0.0,0.0,0.0,0.0,0.0,0.0,4.0,4.0,4.0,0.0,0.0,0.0,0.0,0.0,0.0,0.0,4.0,4.0,4.0,0.0,0.0
20,4,14,5,0.2,0.2,0.3,dense,True,20,20,20,4,20,5,16,DPA token margin,full_response_stable_against_any_token_change,radius_derived,5,"0,10,20,30,40",0.0,0.0,0.0,0.0,0.0,1.0,1.0,1.0,0.0,0.0,4.9,4.25,5.5,0.6500000000000004,0.5999999999999996,4.8,4.0,5.5,0.7999999999999998,0.7000000000000002,4.0,3.0,5.0,1.0,1.0,6.0,6.0,6.0,0.0,0.0,0.0,0.0,0.0,0.0,0.0,4.0,4.0,4.0,0.0,0.0,0.0,0.0,0.0,0.0,0.0,4.0,4.0,4.0,0.0,0.0
20,4,14,5,0.2,0.2,0.3,dense,True,20,20,20,4,20,5,17,DPA token margin,full_response_stable_against_any_token_change,radius_derived,5,"0,10,20,30,40",0.0,0.0,0.0,0.0,0.0,1.0,1.0,1.0,0.0,0.0,4.9,4.25,5.5,0.6500000000000004,0.5999999999999996,4.8,4.0,5.5,0.7999999999999998,0.7000000000000002,4.0,3.0,5.0,1.0,1.0,6.0,6.0,6.0,0.0,0.0,0.0,0.0,0.0,0.0,0.0,4.0,4.0,4.0,0.0,0.0,0.0,0.0,0.0,0.0,0.0,4.0,4.0,4.0,0.0,0.0
20,4,14,5,0.2,0.2,0.3,dense,True,20,20,20,4,20,5,18,DPA token margin,full_response_stable_against_any_token_change,radius_derived,5,"0,10,20,30,40",0.0,0.0,0.0,0.0,0.0,1.0,1.0,1.0,0.0,0.0,4.9,4.25,5.5,0.6500000000000004,0.5999999999999996,4.8,4.0,5.5,0.7999999999999998,0.7000000000000002,4.0,3.0,5.0,1.0,1.0,6.0,6.0,6.0,0.0,0.0,0.0,0.0,0.0,0.0,0.0,4.0,4.0,4.0,0.0,0.0,0.0,0.0,0.0,0.0,0.0,4.0,4.0,4.0,0.0,0.0
20,4,14,5,0.2,0.2,0.3,dense,True,20,20,20,4,20,5,19,DPA token margin,full_response_stable_against_any_token_change,radius_derived,5,"0,10,20,30,40",0.0,0.0,0.0,0.0,0.0,1.0,1.0,1.0,0.0,0.0,4.9,4.25,5.5,0.6500000000000004,0.5999999999999996,4.8,4.0,5.5,0.7999999999999998,0.7000000000000002,4.0,3.0,5.0,1.0,1.0,6.0,6.0,6.0,0.0,0.0,0.0,0.0,0.0,0.0,0.0,4.0,4.0,4.0,0.0,0.0,0.0,0.0,0.0,0.0,0.0,4.0,4.0,4.0,0.0,0.0
20,4,14,5,0.2,0.2,0.3,dense,True,20,20,20,4,20,5,20,DPA token margin,full_response_stable_against_any_token_change,radius_derived,5,"0,10,20,30,40",0.0,0.0,0.0,0.0,0.0,1.0,1.0,1.0,0.0,0.0,4.9,4.25,5.5,0.6500000000000004,0.5999999999999996,4.8,4.0,5.5,0.7999999999999998,0.7000000000000002,4.0,3.0,5.0,1.0,1.0,6.0,6.0,6.0,0.0,0.0,0.0,0.0,0.0,0.0,0.0,4.0,4.0,4.0,0.0,0.0,0.0,0.0,0.0,0.0,0.0,4.0,4.0,4.0,0.0,0.0
20,4,14,5,0.2,0.2,0.3,dense,True,20,20,20,4,20,5,0,Shared MILP,stability_one_token_per_prompt,radius_derived,5,"0,10,20,30,40",1.0,1.0,1.0,0.0,0.0,0.0,0.0,0.0,0.0,0.0,4.9,4.25,5.5,0.6500000000000004,0.5999999999999996,4.8,4.0,5.5,0.7999999999999998,0.7000000000000002,4.0,3.0,5.0,1.0,1.0,6.0,6.0,6.0,0.0,0.0,4.0,4.0,4.0,0.0,0.0,4.0,4.0,4.0,0.0,0.0,0.0,0.0,0.0,0.0,0.0,4.0,4.0,4.0,0.0,0.0
20,4,14,5,0.2,0.2,0.3,dense,True,20,20,20,4,20,5,1,Shared MILP,stability_one_token_per_prompt,radius_derived,5,"0,10,20,30,40",1.0,1.0,1.0,0.0,0.0,0.0,0.0,0.0,0.0,0.0,4.9,4.25,5.5,0.6500000000000004,0.5999999999999996,4.8,4.0,5.5,0.7999999999999998,0.7000000000000002,4.0,3.0,5.0,1.0,1.0,6.0,6.0,6.0,0.0,0.0,4.0,4.0,4.0,0.0,0.0,4.0,4.0,4.0,0.0,0.0,0.0,0.0,0.0,0.0,0.0,4.0,4.0,4.0,0.0,0.0
20,4,14,5,0.2,0.2,0.3,dense,True,20,20,20,4,20,5,2,Shared MILP,stability_one_token_per_prompt,radius_derived,5,"0,10,20,30,40",1.0,1.0,1.0,0.0,0.0,0.0,0.0,0.0,0.0,0.0,4.9,4.25,5.5,0.6500000000000004,0.5999999999999996,4.8,4.0,5.5,0.7999999999999998,0.7000000000000002,4.0,3.0,5.0,1.0,1.0,6.0,6.0,6.0,0.0,0.0,4.0,4.0,4.0,0.0,0.0,4.0,4.0,4.0,0.0,0.0,0.0,0.0,0.0,0.0,0.0,4.0,4.0,4.0,0.0,0.0
20,4,14,5,0.2,0.2,0.3,dense,True,20,20,20,4,20,5,3,Shared MILP,stability_one_token_per_prompt,radius_derived,5,"0,10,20,30,40",0.9,0.75,1.0,0.15000000000000002,0.09999999999999998,0.1,0.0,0.25,0.1,0.15,4.9,4.25,5.5,0.6500000000000004,0.5999999999999996,4.8,4.0,5.5,0.7999999999999998,0.7000000000000002,4.0,3.0,5.0,1.0,1.0,6.0,6.0,6.0,0.0,0.0,3.6,3.0,4.0,0.6000000000000001,0.3999999999999999,4.0,4.0,4.0,0.0,0.0,0.0,0.0,0.0,0.0,0.0,4.0,4.0,4.0,0.0,0.0
20,4,14,5,0.2,0.2,0.3,dense,True,20,20,20,4,20,5,4,Shared MILP,stability_one_token_per_prompt,radius_derived,5,"0,10,20,30,40",0.65,0.25,1.0,0.4,0.35,0.35,0.0,0.75,0.35,0.4,4.9,4.25,5.5,0.6500000000000004,0.5999999999999996,4.8,4.0,5.5,0.7999999999999998,0.7000000000000002,4.0,3.0,5.0,1.0,1.0,6.0,6.0,6.0,0.0,0.0,2.6,1.0,4.0,1.6,1.4,4.0,4.0,4.0,0.0,0.0,0.0,0.0,0.0,0.0,0.0,4.0,4.0,4.0,0.0,0.0
20,4,14,5,0.2,0.2,0.3,dense,True,20,20,20,4,20,5,5,Shared MILP,stability_one_token_per_prompt,radius_derived,5,"0,10,20,30,40",0.35,0.25,0.5,0.09999999999999998,0.15000000000000002,0.65,0.5,0.75,0.15000000000000002,0.09999999999999998,4.9,4.25,5.5,0.6500000000000004,0.5999999999999996,4.8,4.0,5.5,0.7999999999999998,0.7000000000000002,4.0,3.0,5.0,1.0,1.0,6.0,6.0,6.0,0.0,0.0,1.4,1.0,2.0,0.3999999999999999,0.6000000000000001,4.0,4.0,4.0,0.0,0.0,0.0,0.0,0.0,0.0,0.0,4.0,4.0,4.0,0.0,0.0
20,4,14,5,0.2,0.2,0.3,dense,True,20,20,20,4,20,5,6,Shared MILP,stability_one_token_per_prompt,radius_derived,5,"0,10,20,30,40",0.0,0.0,0.0,0.0,0.0,1.0,1.0,1.0,0.0,0.0,4.9,4.25,5.5,0.6500000000000004,0.5999999999999996,4.8,4.0,5.5,0.7999999999999998,0.7000000000000002,4.0,3.0,5.0,1.0,1.0,6.0,6.0,6.0,0.0,0.0,0.0,0.0,0.0,0.0,0.0,4.0,4.0,4.0,0.0,0.0,0.0,0.0,0.0,0.0,0.0,4.0,4.0,4.0,0.0,0.0
20,4,14,5,0.2,0.2,0.3,dense,True,20,20,20,4,20,5,7,Shared MILP,stability_one_token_per_prompt,radius_derived,5,"0,10,20,30,40",0.0,0.0,0.0,0.0,0.0,1.0,1.0,1.0,0.0,0.0,4.9,4.25,5.5,0.6500000000000004,0.5999999999999996,4.8,4.0,5.5,0.7999999999999998,0.7000000000000002,4.0,3.0,5.0,1.0,1.0,6.0,6.0,6.0,0.0,0.0,0.0,0.0,0.0,0.0,0.0,4.0,4.0,4.0,0.0,0.0,0.0,0.0,0.0,0.0,0.0,4.0,4.0,4.0,0.0,0.0
20,4,14,5,0.2,0.2,0.3,dense,True,20,20,20,4,20,5,8,Shared MILP,stability_one_token_per_prompt,radius_derived,5,"0,10,20,30,40",0.0,0.0,0.0,0.0,0.0,1.0,1.0,1.0,0.0,0.0,4.9,4.25,5.5,0.6500000000000004,0.5999999999999996,4.8,4.0,5.5,0.7999999999999998,0.7000000000000002,4.0,3.0,5.0,1.0,1.0,6.0,6.0,6.0,0.0,0.0,0.0,0.0,0.0,0.0,0.0,4.0,4.0,4.0,0.0,0.0,0.0,0.0,0.0,0.0,0.0,4.0,4.0,4.0,0.0,0.0
20,4,14,5,0.2,0.2,0.3,dense,True,20,20,20,4,20,5,9,Shared MILP,stability_one_token_per_prompt,radius_derived,5,"0,10,20,30,40",0.0,0.0,0.0,0.0,0.0,1.0,1.0,1.0,0.0,0.0,4.9,4.25,5.5,0.6500000000000004,0.5999999999999996,4.8,4.0,5.5,0.7999999999999998,0.7000000000000002,4.0,3.0,5.0,1.0,1.0,6.0,6.0,6.0,0.0,0.0,0.0,0.0,0.0,0.0,0.0,4.0,4.0,4.0,0.0,0.0,0.0,0.0,0.0,0.0,0.0,4.0,4.0,4.0,0.0,0.0
20,4,14,5,0.2,0.2,0.3,dense,True,20,20,20,4,20,5,10,Shared MILP,stability_one_token_per_prompt,radius_derived,5,"0,10,20,30,40",0.0,0.0,0.0,0.0,0.0,1.0,1.0,1.0,0.0,0.0,4.9,4.25,5.5,0.6500000000000004,0.5999999999999996,4.8,4.0,5.5,0.7999999999999998,0.7000000000000002,4.0,3.0,5.0,1.0,1.0,6.0,6.0,6.0,0.0,0.0,0.0,0.0,0.0,0.0,0.0,4.0,4.0,4.0,0.0,0.0,0.0,0.0,0.0,0.0,0.0,4.0,4.0,4.0,0.0,0.0
20,4,14,5,0.2,0.2,0.3,dense,True,20,20,20,4,20,5,11,Shared MILP,stability_one_token_per_prompt,radius_derived,5,"0,10,20,30,40",0.0,0.0,0.0,0.0,0.0,1.0,1.0,1.0,0.0,0.0,4.9,4.25,5.5,0.6500000000000004,0.5999999999999996,4.8,4.0,5.5,0.7999999999999998,0.7000000000000002,4.0,3.0,5.0,1.0,1.0,6.0,6.0,6.0,0.0,0.0,0.0,0.0,0.0,0.0,0.0,4.0,4.0,4.0,0.0,0.0,0.0,0.0,0.0,0.0,0.0,4.0,4.0,4.0,0.0,0.0
20,4,14,5,0.2,0.2,0.3,dense,True,20,20,20,4,20,5,12,Shared MILP,stability_one_token_per_prompt,radius_derived,5,"0,10,20,30,40",0.0,0.0,0.0,0.0,0.0,1.0,1.0,1.0,0.0,0.0,4.9,4.25,5.5,0.6500000000000004,0.5999999999999996,4.8,4.0,5.5,0.7999999999999998,0.7000000000000002,4.0,3.0,5.0,1.0,1.0,6.0,6.0,6.0,0.0,0.0,0.0,0.0,0.0,0.0,0.0,4.0,4.0,4.0,0.0,0.0,0.0,0.0,0.0,0.0,0.0,4.0,4.0,4.0,0.0,0.0
20,4,14,5,0.2,0.2,0.3,dense,True,20,20,20,4,20,5,13,Shared MILP,stability_one_token_per_prompt,radius_derived,5,"0,10,20,30,40",0.0,0.0,0.0,0.0,0.0,1.0,1.0,1.0,0.0,0.0,4.9,4.25,5.5,0.6500000000000004,0.5999999999999996,4.8,4.0,5.5,0.7999999999999998,0.7000000000000002,4.0,3.0,5.0,1.0,1.0,6.0,6.0,6.0,0.0,0.0,0.0,0.0,0.0,0.0,0.0,4.0,4.0,4.0,0.0,0.0,0.0,0.0,0.0,0.0,0.0,4.0,4.0,4.0,0.0,0.0
20,4,14,5,0.2,0.2,0.3,dense,True,20,20,20,4,20,5,14,Shared MILP,stability_one_token_per_prompt,radius_derived,5,"0,10,20,30,40",0.0,0.0,0.0,0.0,0.0,1.0,1.0,1.0,0.0,0.0,4.9,4.25,5.5,0.6500000000000004,0.5999999999999996,4.8,4.0,5.5,0.7999999999999998,0.7000000000000002,4.0,3.0,5.0,1.0,1.0,6.0,6.0,6.0,0.0,0.0,0.0,0.0,0.0,0.0,0.0,4.0,4.0,4.0,0.0,0.0,0.0,0.0,0.0,0.0,0.0,4.0,4.0,4.0,0.0,0.0
20,4,14,5,0.2,0.2,0.3,dense,True,20,20,20,4,20,5,15,Shared MILP,stability_one_token_per_prompt,radius_derived,5,"0,10,20,30,40",0.0,0.0,0.0,0.0,0.0,1.0,1.0,1.0,0.0,0.0,4.9,4.25,5.5,0.6500000000000004,0.5999999999999996,4.8,4.0,5.5,0.7999999999999998,0.7000000000000002,4.0,3.0,5.0,1.0,1.0,6.0,6.0,6.0,0.0,0.0,0.0,0.0,0.0,0.0,0.0,4.0,4.0,4.0,0.0,0.0,0.0,0.0,0.0,0.0,0.0,4.0,4.0,4.0,0.0,0.0
20,4,14,5,0.2,0.2,0.3,dense,True,20,20,20,4,20,5,16,Shared MILP,stability_one_token_per_prompt,radius_derived,5,"0,10,20,30,40",0.0,0.0,0.0,0.0,0.0,1.0,1.0,1.0,0.0,0.0,4.9,4.25,5.5,0.6500000000000004,0.5999999999999996,4.8,4.0,5.5,0.7999999999999998,0.7000000000000002,4.0,3.0,5.0,1.0,1.0,6.0,6.0,6.0,0.0,0.0,0.0,0.0,0.0,0.0,0.0,4.0,4.0,4.0,0.0,0.0,0.0,0.0,0.0,0.0,0.0,4.0,4.0,4.0,0.0,0.0
20,4,14,5,0.2,0.2,0.3,dense,True,20,20,20,4,20,5,17,Shared MILP,stability_one_token_per_prompt,radius_derived,5,"0,10,20,30,40",0.0,0.0,0.0,0.0,0.0,1.0,1.0,1.0,0.0,0.0,4.9,4.25,5.5,0.6500000000000004,0.5999999999999996,4.8,4.0,5.5,0.7999999999999998,0.7000000000000002,4.0,3.0,5.0,1.0,1.0,6.0,6.0,6.0,0.0,0.0,0.0,0.0,0.0,0.0,0.0,4.0,4.0,4.0,0.0,0.0,0.0,0.0,0.0,0.0,0.0,4.0,4.0,4.0,0.0,0.0
20,4,14,5,0.2,0.2,0.3,dense,True,20,20,20,4,20,5,18,Shared MILP,stability_one_token_per_prompt,radius_derived,5,"0,10,20,30,40",0.0,0.0,0.0,0.0,0.0,1.0,1.0,1.0,0.0,0.0,4.9,4.25,5.5,0.6500000000000004,0.5999999999999996,4.8,4.0,5.5,0.7999999999999998,0.7000000000000002,4.0,3.0,5.0,1.0,1.0,6.0,6.0,6.0,0.0,0.0,0.0,0.0,0.0,0.0,0.0,4.0,4.0,4.0,0.0,0.0,0.0,0.0,0.0,0.0,0.0,4.0,4.0,4.0,0.0,0.0
20,4,14,5,0.2,0.2,0.3,dense,True,20,20,20,4,20,5,19,Shared MILP,stability_one_token_per_prompt,radius_derived,5,"0,10,20,30,40",0.0,0.0,0.0,0.0,0.0,1.0,1.0,1.0,0.0,0.0,4.9,4.25,5.5,0.6500000000000004,0.5999999999999996,4.8,4.0,5.5,0.7999999999999998,0.7000000000000002,4.0,3.0,5.0,1.0,1.0,6.0,6.0,6.0,0.0,0.0,0.0,0.0,0.0,0.0,0.0,4.0,4.0,4.0,0.0,0.0,0.0,0.0,0.0,0.0,0.0,4.0,4.0,4.0,0.0,0.0
20,4,14,5,0.2,0.2,0.3,dense,True,20,20,20,4,20,5,20,Shared MILP,stability_one_token_per_prompt,radius_derived,5,"0,10,20,30,40",0.0,0.0,0.0,0.0,0.0,1.0,1.0,1.0,0.0,0.0,4.9,4.25,5.5,0.6500000000000004,0.5999999999999996,4.8,4.0,5.5,0.7999999999999998,0.7000000000000002,4.0,3.0,5.0,1.0,1.0,6.0,6.0,6.0,0.0,0.0,0.0,0.0,0.0,0.0,0.0,4.0,4.0,4.0,0.0,0.0,0.0,0.0,0.0,0.0,0.0,4.0,4.0,4.0,0.0,0.0
20,4,14,5,0.2,0.2,0.3,dense,True,20,20,20,4,20,5,0,Shared MILP,stability_full_sequence_per_prompt,radius_derived,5,"0,10,20,30,40",1.0,1.0,1.0,0.0,0.0,0.0,0.0,0.0,0.0,0.0,9.0,8.75,9.25,0.25,0.25,9.0,9.0,9.0,0.0,0.0,8.6,8.0,9.0,0.5999999999999996,0.40000000000000036,9.4,9.0,10.0,0.40000000000000036,0.5999999999999996,4.0,4.0,4.0,0.0,0.0,4.0,4.0,4.0,0.0,0.0,0.0,0.0,0.0,0.0,0.0,4.0,4.0,4.0,0.0,0.0
20,4,14,5,0.2,0.2,0.3,dense,True,20,20,20,4,20,5,1,Shared MILP,stability_full_sequence_per_prompt,radius_derived,5,"0,10,20,30,40",1.0,1.0,1.0,0.0,0.0,0.0,0.0,0.0,0.0,0.0,9.0,8.75,9.25,0.25,0.25,9.0,9.0,9.0,0.0,0.0,8.6,8.0,9.0,0.5999999999999996,0.40000000000000036,9.4,9.0,10.0,0.40000000000000036,0.5999999999999996,4.0,4.0,4.0,0.0,0.0,4.0,4.0,4.0,0.0,0.0,0.0,0.0,0.0,0.0,0.0,4.0,4.0,4.0,0.0,0.0
20,4,14,5,0.2,0.2,0.3,dense,True,20,20,20,4,20,5,2,Shared MILP,stability_full_sequence_per_prompt,radius_derived,5,"0,10,20,30,40",1.0,1.0,1.0,0.0,0.0,0.0,0.0,0.0,0.0,0.0,9.0,8.75,9.25,0.25,0.25,9.0,9.0,9.0,0.0,0.0,8.6,8.0,9.0,0.5999999999999996,0.40000000000000036,9.4,9.0,10.0,0.40000000000000036,0.5999999999999996,4.0,4.0,4.0,0.0,0.0,4.0,4.0,4.0,0.0,0.0,0.0,0.0,0.0,0.0,0.0,4.0,4.0,4.0,0.0,0.0
20,4,14,5,0.2,0.2,0.3,dense,True,20,20,20,4,20,5,3,Shared MILP,stability_full_sequence_per_prompt,radius_derived,5,"0,10,20,30,40",1.0,1.0,1.0,0.0,0.0,0.0,0.0,0.0,0.0,0.0,9.0,8.75,9.25,0.25,0.25,9.0,9.0,9.0,0.0,0.0,8.6,8.0,9.0,0.5999999999999996,0.40000000000000036,9.4,9.0,10.0,0.40000000000000036,0.5999999999999996,4.0,4.0,4.0,0.0,0.0,4.0,4.0,4.0,0.0,0.0,0.0,0.0,0.0,0.0,0.0,4.0,4.0,4.0,0.0,0.0
20,4,14,5,0.2,0.2,0.3,dense,True,20,20,20,4,20,5,4,Shared MILP,stability_full_sequence_per_prompt,radius_derived,5,"0,10,20,30,40",1.0,1.0,1.0,0.0,0.0,0.0,0.0,0.0,0.0,0.0,9.0,8.75,9.25,0.25,0.25,9.0,9.0,9.0,0.0,0.0,8.6,8.0,9.0,0.5999999999999996,0.40000000000000036,9.4,9.0,10.0,0.40000000000000036,0.5999999999999996,4.0,4.0,4.0,0.0,0.0,4.0,4.0,4.0,0.0,0.0,0.0,0.0,0.0,0.0,0.0,4.0,4.0,4.0,0.0,0.0
20,4,14,5,0.2,0.2,0.3,dense,True,20,20,20,4,20,5,5,Shared MILP,stability_full_sequence_per_prompt,radius_derived,5,"0,10,20,30,40",1.0,1.0,1.0,0.0,0.0,0.0,0.0,0.0,0.0,0.0,9.0,8.75,9.25,0.25,0.25,9.0,9.0,9.0,0.0,0.0,8.6,8.0,9.0,0.5999999999999996,0.40000000000000036,9.4,9.0,10.0,0.40000000000000036,0.5999999999999996,4.0,4.0,4.0,0.0,0.0,4.0,4.0,4.0,0.0,0.0,0.0,0.0,0.0,0.0,0.0,4.0,4.0,4.0,0.0,0.0
20,4,14,5,0.2,0.2,0.3,dense,True,20,20,20,4,20,5,6,Shared MILP,stability_full_sequence_per_prompt,radius_derived,5,"0,10,20,30,40",1.0,1.0,1.0,0.0,0.0,0.0,0.0,0.0,0.0,0.0,9.0,8.75,9.25,0.25,0.25,9.0,9.0,9.0,0.0,0.0,8.6,8.0,9.0,0.5999999999999996,0.40000000000000036,9.4,9.0,10.0,0.40000000000000036,0.5999999999999996,4.0,4.0,4.0,0.0,0.0,4.0,4.0,4.0,0.0,0.0,0.0,0.0,0.0,0.0,0.0,4.0,4.0,4.0,0.0,0.0
20,4,14,5,0.2,0.2,0.3,dense,True,20,20,20,4,20,5,7,Shared MILP,stability_full_sequence_per_prompt,radius_derived,5,"0,10,20,30,40",1.0,1.0,1.0,0.0,0.0,0.0,0.0,0.0,0.0,0.0,9.0,8.75,9.25,0.25,0.25,9.0,9.0,9.0,0.0,0.0,8.6,8.0,9.0,0.5999999999999996,0.40000000000000036,9.4,9.0,10.0,0.40000000000000036,0.5999999999999996,4.0,4.0,4.0,0.0,0.0,4.0,4.0,4.0,0.0,0.0,0.0,0.0,0.0,0.0,0.0,4.0,4.0,4.0,0.0,0.0
20,4,14,5,0.2,0.2,0.3,dense,True,20,20,20,4,20,5,8,Shared MILP,stability_full_sequence_per_prompt,radius_derived,5,"0,10,20,30,40",0.9,0.75,1.0,0.15000000000000002,0.09999999999999998,0.1,0.0,0.25,0.1,0.15,9.0,8.75,9.25,0.25,0.25,9.0,9.0,9.0,0.0,0.0,8.6,8.0,9.0,0.5999999999999996,0.40000000000000036,9.4,9.0,10.0,0.40000000000000036,0.5999999999999996,3.6,3.0,4.0,0.6000000000000001,0.3999999999999999,4.0,4.0,4.0,0.0,0.0,0.0,0.0,0.0,0.0,0.0,4.0,4.0,4.0,0.0,0.0
20,4,14,5,0.2,0.2,0.3,dense,True,20,20,20,4,20,5,9,Shared MILP,stability_full_sequence_per_prompt,radius_derived,5,"0,10,20,30,40",0.1,0.0,0.25,0.1,0.15,0.9,0.75,1.0,0.15000000000000002,0.09999999999999998,9.0,8.75,9.25,0.25,0.25,9.0,9.0,9.0,0.0,0.0,8.6,8.0,9.0,0.5999999999999996,0.40000000000000036,9.4,9.0,10.0,0.40000000000000036,0.5999999999999996,0.4,0.0,1.0,0.4,0.6,4.0,4.0,4.0,0.0,0.0,0.0,0.0,0.0,0.0,0.0,4.0,4.0,4.0,0.0,0.0
20,4,14,5,0.2,0.2,0.3,dense,True,20,20,20,4,20,5,10,Shared MILP,stability_full_sequence_per_prompt,radius_derived,5,"0,10,20,30,40",0.0,0.0,0.0,0.0,0.0,1.0,1.0,1.0,0.0,0.0,9.0,8.75,9.25,0.25,0.25,9.0,9.0,9.0,0.0,0.0,8.6,8.0,9.0,0.5999999999999996,0.40000000000000036,9.4,9.0,10.0,0.40000000000000036,0.5999999999999996,0.0,0.0,0.0,0.0,0.0,4.0,4.0,4.0,0.0,0.0,0.0,0.0,0.0,0.0,0.0,4.0,4.0,4.0,0.0,0.0
20,4,14,5,0.2,0.2,0.3,dense,True,20,20,20,4,20,5,11,Shared MILP,stability_full_sequence_per_prompt,radius_derived,5,"0,10,20,30,40",0.0,0.0,0.0,0.0,0.0,1.0,1.0,1.0,0.0,0.0,9.0,8.75,9.25,0.25,0.25,9.0,9.0,9.0,0.0,0.0,8.6,8.0,9.0,0.5999999999999996,0.40000000000000036,9.4,9.0,10.0,0.40000000000000036,0.5999999999999996,0.0,0.0,0.0,0.0,0.0,4.0,4.0,4.0,0.0,0.0,0.0,0.0,0.0,0.0,0.0,4.0,4.0,4.0,0.0,0.0
20,4,14,5,0.2,0.2,0.3,dense,True,20,20,20,4,20,5,12,Shared MILP,stability_full_sequence_per_prompt,radius_derived,5,"0,10,20,30,40",0.0,0.0,0.0,0.0,0.0,1.0,1.0,1.0,0.0,0.0,9.0,8.75,9.25,0.25,0.25,9.0,9.0,9.0,0.0,0.0,8.6,8.0,9.0,0.5999999999999996,0.40000000000000036,9.4,9.0,10.0,0.40000000000000036,0.5999999999999996,0.0,0.0,0.0,0.0,0.0,4.0,4.0,4.0,0.0,0.0,0.0,0.0,0.0,0.0,0.0,4.0,4.0,4.0,0.0,0.0
20,4,14,5,0.2,0.2,0.3,dense,True,20,20,20,4,20,5,13,Shared MILP,stability_full_sequence_per_prompt,radius_derived,5,"0,10,20,30,40",0.0,0.0,0.0,0.0,0.0,1.0,1.0,1.0,0.0,0.0,9.0,8.75,9.25,0.25,0.25,9.0,9.0,9.0,0.0,0.0,8.6,8.0,9.0,0.5999999999999996,0.40000000000000036,9.4,9.0,10.0,0.40000000000000036,0.5999999999999996,0.0,0.0,0.0,0.0,0.0,4.0,4.0,4.0,0.0,0.0,0.0,0.0,0.0,0.0,0.0,4.0,4.0,4.0,0.0,0.0
20,4,14,5,0.2,0.2,0.3,dense,True,20,20,20,4,20,5,14,Shared MILP,stability_full_sequence_per_prompt,radius_derived,5,"0,10,20,30,40",0.0,0.0,0.0,0.0,0.0,1.0,1.0,1.0,0.0,0.0,9.0,8.75,9.25,0.25,0.25,9.0,9.0,9.0,0.0,0.0,8.6,8.0,9.0,0.5999999999999996,0.40000000000000036,9.4,9.0,10.0,0.40000000000000036,0.5999999999999996,0.0,0.0,0.0,0.0,0.0,4.0,4.0,4.0,0.0,0.0,0.0,0.0,0.0,0.0,0.0,4.0,4.0,4.0,0.0,0.0
20,4,14,5,0.2,0.2,0.3,dense,True,20,20,20,4,20,5,15,Shared MILP,stability_full_sequence_per_prompt,radius_derived,5,"0,10,20,30,40",0.0,0.0,0.0,0.0,0.0,1.0,1.0,1.0,0.0,0.0,9.0,8.75,9.25,0.25,0.25,9.0,9.0,9.0,0.0,0.0,8.6,8.0,9.0,0.5999999999999996,0.40000000000000036,9.4,9.0,10.0,0.40000000000000036,0.5999999999999996,0.0,0.0,0.0,0.0,0.0,4.0,4.0,4.0,0.0,0.0,0.0,0.0,0.0,0.0,0.0,4.0,4.0,4.0,0.0,0.0
20,4,14,5,0.2,0.2,0.3,dense,True,20,20,20,4,20,5,16,Shared MILP,stability_full_sequence_per_prompt,radius_derived,5,"0,10,20,30,40",0.0,0.0,0.0,0.0,0.0,1.0,1.0,1.0,0.0,0.0,9.0,8.75,9.25,0.25,0.25,9.0,9.0,9.0,0.0,0.0,8.6,8.0,9.0,0.5999999999999996,0.40000000000000036,9.4,9.0,10.0,0.40000000000000036,0.5999999999999996,0.0,0.0,0.0,0.0,0.0,4.0,4.0,4.0,0.0,0.0,0.0,0.0,0.0,0.0,0.0,4.0,4.0,4.0,0.0,0.0
20,4,14,5,0.2,0.2,0.3,dense,True,20,20,20,4,20,5,17,Shared MILP,stability_full_sequence_per_prompt,radius_derived,5,"0,10,20,30,40",0.0,0.0,0.0,0.0,0.0,1.0,1.0,1.0,0.0,0.0,9.0,8.75,9.25,0.25,0.25,9.0,9.0,9.0,0.0,0.0,8.6,8.0,9.0,0.5999999999999996,0.40000000000000036,9.4,9.0,10.0,0.40000000000000036,0.5999999999999996,0.0,0.0,0.0,0.0,0.0,4.0,4.0,4.0,0.0,0.0,0.0,0.0,0.0,0.0,0.0,4.0,4.0,4.0,0.0,0.0
20,4,14,5,0.2,0.2,0.3,dense,True,20,20,20,4,20,5,18,Shared MILP,stability_full_sequence_per_prompt,radius_derived,5,"0,10,20,30,40",0.0,0.0,0.0,0.0,0.0,1.0,1.0,1.0,0.0,0.0,9.0,8.75,9.25,0.25,0.25,9.0,9.0,9.0,0.0,0.0,8.6,8.0,9.0,0.5999999999999996,0.40000000000000036,9.4,9.0,10.0,0.40000000000000036,0.5999999999999996,0.0,0.0,0.0,0.0,0.0,4.0,4.0,4.0,0.0,0.0,0.0,0.0,0.0,0.0,0.0,4.0,4.0,4.0,0.0,0.0
20,4,14,5,0.2,0.2,0.3,dense,True,20,20,20,4,20,5,19,Shared MILP,stability_full_sequence_per_prompt,radius_derived,5,"0,10,20,30,40",0.0,0.0,0.0,0.0,0.0,1.0,1.0,1.0,0.0,0.0,9.0,8.75,9.25,0.25,0.25,9.0,9.0,9.0,0.0,0.0,8.6,8.0,9.0,0.5999999999999996,0.40000000000000036,9.4,9.0,10.0,0.40000000000000036,0.5999999999999996,0.0,0.0,0.0,0.0,0.0,4.0,4.0,4.0,0.0,0.0,0.0,0.0,0.0,0.0,0.0,4.0,4.0,4.0,0.0,0.0
20,4,14,5,0.2,0.2,0.3,dense,True,20,20,20,4,20,5,20,Shared MILP,stability_full_sequence_per_prompt,radius_derived,5,"0,10,20,30,40",0.0,0.0,0.0,0.0,0.0,1.0,1.0,1.0,0.0,0.0,9.0,8.75,9.25,0.25,0.25,9.0,9.0,9.0,0.0,0.0,8.6,8.0,9.0,0.5999999999999996,0.40000000000000036,9.4,9.0,10.0,0.40000000000000036,0.5999999999999996,0.0,0.0,0.0,0.0,0.0,4.0,4.0,4.0,0.0,0.0,0.0,0.0,0.0,0.0,0.0,4.0,4.0,4.0,0.0,0.0
20,4,14,5,0.2,0.2,0.3,dense,True,20,20,20,4,20,5,0,Plain DPA max token,validity_full_harmful_sequence_per_prompt,radius_derived,5,"0,10,20,30,40",1.0,1.0,1.0,0.0,0.0,0.0,0.0,0.0,0.0,0.0,5.9,5.25,6.5,0.6500000000000004,0.5999999999999996,5.9,5.0,6.5,0.9000000000000004,0.5999999999999996,5.0,4.0,6.0,1.0,1.0,6.8,6.0,7.0,0.7999999999999998,0.20000000000000018,4.0,4.0,4.0,0.0,0.0,4.0,4.0,4.0,0.0,0.0,0.0,0.0,0.0,0.0,0.0,4.0,4.0,4.0,0.0,0.0
20,4,14,5,0.2,0.2,0.3,dense,True,20,20,20,4,20,5,1,Plain DPA max token,validity_full_harmful_sequence_per_prompt,radius_derived,5,"0,10,20,30,40",1.0,1.0,1.0,0.0,0.0,0.0,0.0,0.0,0.0,0.0,5.9,5.25,6.5,0.6500000000000004,0.5999999999999996,5.9,5.0,6.5,0.9000000000000004,0.5999999999999996,5.0,4.0,6.0,1.0,1.0,6.8,6.0,7.0,0.7999999999999998,0.20000000000000018,4.0,4.0,4.0,0.0,0.0,4.0,4.0,4.0,0.0,0.0,0.0,0.0,0.0,0.0,0.0,4.0,4.0,4.0,0.0,0.0
20,4,14,5,0.2,0.2,0.3,dense,True,20,20,20,4,20,5,2,Plain DPA max token,validity_full_harmful_sequence_per_prompt,radius_derived,5,"0,10,20,30,40",1.0,1.0,1.0,0.0,0.0,0.0,0.0,0.0,0.0,0.0,5.9,5.25,6.5,0.6500000000000004,0.5999999999999996,5.9,5.0,6.5,0.9000000000000004,0.5999999999999996,5.0,4.0,6.0,1.0,1.0,6.8,6.0,7.0,0.7999999999999998,0.20000000000000018,4.0,4.0,4.0,0.0,0.0,4.0,4.0,4.0,0.0,0.0,0.0,0.0,0.0,0.0,0.0,4.0,4.0,4.0,0.0,0.0
20,4,14,5,0.2,0.2,0.3,dense,True,20,20,20,4,20,5,3,Plain DPA max token,validity_full_harmful_sequence_per_prompt,radius_derived,5,"0,10,20,30,40",1.0,1.0,1.0,0.0,0.0,0.0,0.0,0.0,0.0,0.0,5.9,5.25,6.5,0.6500000000000004,0.5999999999999996,5.9,5.0,6.5,0.9000000000000004,0.5999999999999996,5.0,4.0,6.0,1.0,1.0,6.8,6.0,7.0,0.7999999999999998,0.20000000000000018,4.0,4.0,4.0,0.0,0.0,4.0,4.0,4.0,0.0,0.0,0.0,0.0,0.0,0.0,0.0,4.0,4.0,4.0,0.0,0.0
20,4,14,5,0.2,0.2,0.3,dense,True,20,20,20,4,20,5,4,Plain DPA max token,validity_full_harmful_sequence_per_prompt,radius_derived,5,"0,10,20,30,40",0.95,0.75,1.0,0.19999999999999996,0.050000000000000044,0.05,0.0,0.25,0.05,0.2,5.9,5.25,6.5,0.6500000000000004,0.5999999999999996,5.9,5.0,6.5,0.9000000000000004,0.5999999999999996,5.0,4.0,6.0,1.0,1.0,6.8,6.0,7.0,0.7999999999999998,0.20000000000000018,3.8,3.0,4.0,0.7999999999999998,0.20000000000000018,4.0,4.0,4.0,0.0,0.0,0.0,0.0,0.0,0.0,0.0,4.0,4.0,4.0,0.0,0.0
20,4,14,5,0.2,0.2,0.3,dense,True,20,20,20,4,20,5,5,Plain DPA max token,validity_full_harmful_sequence_per_prompt,radius_derived,5,"0,10,20,30,40",0.6,0.25,1.0,0.35,0.4,0.4,0.0,0.75,0.4,0.35,5.9,5.25,6.5,0.6500000000000004,0.5999999999999996,5.9,5.0,6.5,0.9000000000000004,0.5999999999999996,5.0,4.0,6.0,1.0,1.0,6.8,6.0,7.0,0.7999999999999998,0.20000000000000018,2.4,1.0,4.0,1.4,1.6,4.0,4.0,4.0,0.0,0.0,0.0,0.0,0.0,0.0,0.0,4.0,4.0,4.0,0.0,0.0
20,4,14,5,0.2,0.2,0.3,dense,True,20,20,20,4,20,5,6,Plain DPA max token,validity_full_harmful_sequence_per_prompt,radius_derived,5,"0,10,20,30,40",0.35,0.0,0.5,0.35,0.15000000000000002,0.65,0.5,1.0,0.15000000000000002,0.35,5.9,5.25,6.5,0.6500000000000004,0.5999999999999996,5.9,5.0,6.5,0.9000000000000004,0.5999999999999996,5.0,4.0,6.0,1.0,1.0,6.8,6.0,7.0,0.7999999999999998,0.20000000000000018,1.4,0.0,2.0,1.4,0.6000000000000001,4.0,4.0,4.0,0.0,0.0,0.0,0.0,0.0,0.0,0.0,4.0,4.0,4.0,0.0,0.0
20,4,14,5,0.2,0.2,0.3,dense,True,20,20,20,4,20,5,7,Plain DPA max token,validity_full_harmful_sequence_per_prompt,radius_derived,5,"0,10,20,30,40",0.0,0.0,0.0,0.0,0.0,1.0,1.0,1.0,0.0,0.0,5.9,5.25,6.5,0.6500000000000004,0.5999999999999996,5.9,5.0,6.5,0.9000000000000004,0.5999999999999996,5.0,4.0,6.0,1.0,1.0,6.8,6.0,7.0,0.7999999999999998,0.20000000000000018,0.0,0.0,0.0,0.0,0.0,4.0,4.0,4.0,0.0,0.0,0.0,0.0,0.0,0.0,0.0,4.0,4.0,4.0,0.0,0.0
20,4,14,5,0.2,0.2,0.3,dense,True,20,20,20,4,20,5,8,Plain DPA max token,validity_full_harmful_sequence_per_prompt,radius_derived,5,"0,10,20,30,40",0.0,0.0,0.0,0.0,0.0,1.0,1.0,1.0,0.0,0.0,5.9,5.25,6.5,0.6500000000000004,0.5999999999999996,5.9,5.0,6.5,0.9000000000000004,0.5999999999999996,5.0,4.0,6.0,1.0,1.0,6.8,6.0,7.0,0.7999999999999998,0.20000000000000018,0.0,0.0,0.0,0.0,0.0,4.0,4.0,4.0,0.0,0.0,0.0,0.0,0.0,0.0,0.0,4.0,4.0,4.0,0.0,0.0
20,4,14,5,0.2,0.2,0.3,dense,True,20,20,20,4,20,5,9,Plain DPA max token,validity_full_harmful_sequence_per_prompt,radius_derived,5,"0,10,20,30,40",0.0,0.0,0.0,0.0,0.0,1.0,1.0,1.0,0.0,0.0,5.9,5.25,6.5,0.6500000000000004,0.5999999999999996,5.9,5.0,6.5,0.9000000000000004,0.5999999999999996,5.0,4.0,6.0,1.0,1.0,6.8,6.0,7.0,0.7999999999999998,0.20000000000000018,0.0,0.0,0.0,0.0,0.0,4.0,4.0,4.0,0.0,0.0,0.0,0.0,0.0,0.0,0.0,4.0,4.0,4.0,0.0,0.0
20,4,14,5,0.2,0.2,0.3,dense,True,20,20,20,4,20,5,10,Plain DPA max token,validity_full_harmful_sequence_per_prompt,radius_derived,5,"0,10,20,30,40",0.0,0.0,0.0,0.0,0.0,1.0,1.0,1.0,0.0,0.0,5.9,5.25,6.5,0.6500000000000004,0.5999999999999996,5.9,5.0,6.5,0.9000000000000004,0.5999999999999996,5.0,4.0,6.0,1.0,1.0,6.8,6.0,7.0,0.7999999999999998,0.20000000000000018,0.0,0.0,0.0,0.0,0.0,4.0,4.0,4.0,0.0,0.0,0.0,0.0,0.0,0.0,0.0,4.0,4.0,4.0,0.0,0.0
20,4,14,5,0.2,0.2,0.3,dense,True,20,20,20,4,20,5,11,Plain DPA max token,validity_full_harmful_sequence_per_prompt,radius_derived,5,"0,10,20,30,40",0.0,0.0,0.0,0.0,0.0,1.0,1.0,1.0,0.0,0.0,5.9,5.25,6.5,0.6500000000000004,0.5999999999999996,5.9,5.0,6.5,0.9000000000000004,0.5999999999999996,5.0,4.0,6.0,1.0,1.0,6.8,6.0,7.0,0.7999999999999998,0.20000000000000018,0.0,0.0,0.0,0.0,0.0,4.0,4.0,4.0,0.0,0.0,0.0,0.0,0.0,0.0,0.0,4.0,4.0,4.0,0.0,0.0
20,4,14,5,0.2,0.2,0.3,dense,True,20,20,20,4,20,5,12,Plain DPA max token,validity_full_harmful_sequence_per_prompt,radius_derived,5,"0,10,20,30,40",0.0,0.0,0.0,0.0,0.0,1.0,1.0,1.0,0.0,0.0,5.9,5.25,6.5,0.6500000000000004,0.5999999999999996,5.9,5.0,6.5,0.9000000000000004,0.5999999999999996,5.0,4.0,6.0,1.0,1.0,6.8,6.0,7.0,0.7999999999999998,0.20000000000000018,0.0,0.0,0.0,0.0,0.0,4.0,4.0,4.0,0.0,0.0,0.0,0.0,0.0,0.0,0.0,4.0,4.0,4.0,0.0,0.0
20,4,14,5,0.2,0.2,0.3,dense,True,20,20,20,4,20,5,13,Plain DPA max token,validity_full_harmful_sequence_per_prompt,radius_derived,5,"0,10,20,30,40",0.0,0.0,0.0,0.0,0.0,1.0,1.0,1.0,0.0,0.0,5.9,5.25,6.5,0.6500000000000004,0.5999999999999996,5.9,5.0,6.5,0.9000000000000004,0.5999999999999996,5.0,4.0,6.0,1.0,1.0,6.8,6.0,7.0,0.7999999999999998,0.20000000000000018,0.0,0.0,0.0,0.0,0.0,4.0,4.0,4.0,0.0,0.0,0.0,0.0,0.0,0.0,0.0,4.0,4.0,4.0,0.0,0.0
20,4,14,5,0.2,0.2,0.3,dense,True,20,20,20,4,20,5,14,Plain DPA max token,validity_full_harmful_sequence_per_prompt,radius_derived,5,"0,10,20,30,40",0.0,0.0,0.0,0.0,0.0,1.0,1.0,1.0,0.0,0.0,5.9,5.25,6.5,0.6500000000000004,0.5999999999999996,5.9,5.0,6.5,0.9000000000000004,0.5999999999999996,5.0,4.0,6.0,1.0,1.0,6.8,6.0,7.0,0.7999999999999998,0.20000000000000018,0.0,0.0,0.0,0.0,0.0,4.0,4.0,4.0,0.0,0.0,0.0,0.0,0.0,0.0,0.0,4.0,4.0,4.0,0.0,0.0
20,4,14,5,0.2,0.2,0.3,dense,True,20,20,20,4,20,5,15,Plain DPA max token,validity_full_harmful_sequence_per_prompt,radius_derived,5,"0,10,20,30,40",0.0,0.0,0.0,0.0,0.0,1.0,1.0,1.0,0.0,0.0,5.9,5.25,6.5,0.6500000000000004,0.5999999999999996,5.9,5.0,6.5,0.9000000000000004,0.5999999999999996,5.0,4.0,6.0,1.0,1.0,6.8,6.0,7.0,0.7999999999999998,0.20000000000000018,0.0,0.0,0.0,0.0,0.0,4.0,4.0,4.0,0.0,0.0,0.0,0.0,0.0,0.0,0.0,4.0,4.0,4.0,0.0,0.0
20,4,14,5,0.2,0.2,0.3,dense,True,20,20,20,4,20,5,16,Plain DPA max token,validity_full_harmful_sequence_per_prompt,radius_derived,5,"0,10,20,30,40",0.0,0.0,0.0,0.0,0.0,1.0,1.0,1.0,0.0,0.0,5.9,5.25,6.5,0.6500000000000004,0.5999999999999996,5.9,5.0,6.5,0.9000000000000004,0.5999999999999996,5.0,4.0,6.0,1.0,1.0,6.8,6.0,7.0,0.7999999999999998,0.20000000000000018,0.0,0.0,0.0,0.0,0.0,4.0,4.0,4.0,0.0,0.0,0.0,0.0,0.0,0.0,0.0,4.0,4.0,4.0,0.0,0.0
20,4,14,5,0.2,0.2,0.3,dense,True,20,20,20,4,20,5,17,Plain DPA max token,validity_full_harmful_sequence_per_prompt,radius_derived,5,"0,10,20,30,40",0.0,0.0,0.0,0.0,0.0,1.0,1.0,1.0,0.0,0.0,5.9,5.25,6.5,0.6500000000000004,0.5999999999999996,5.9,5.0,6.5,0.9000000000000004,0.5999999999999996,5.0,4.0,6.0,1.0,1.0,6.8,6.0,7.0,0.7999999999999998,0.20000000000000018,0.0,0.0,0.0,0.0,0.0,4.0,4.0,4.0,0.0,0.0,0.0,0.0,0.0,0.0,0.0,4.0,4.0,4.0,0.0,0.0
20,4,14,5,0.2,0.2,0.3,dense,True,20,20,20,4,20,5,18,Plain DPA max token,validity_full_harmful_sequence_per_prompt,radius_derived,5,"0,10,20,30,40",0.0,0.0,0.0,0.0,0.0,1.0,1.0,1.0,0.0,0.0,5.9,5.25,6.5,0.6500000000000004,0.5999999999999996,5.9,5.0,6.5,0.9000000000000004,0.5999999999999996,5.0,4.0,6.0,1.0,1.0,6.8,6.0,7.0,0.7999999999999998,0.20000000000000018,0.0,0.0,0.0,0.0,0.0,4.0,4.0,4.0,0.0,0.0,0.0,0.0,0.0,0.0,0.0,4.0,4.0,4.0,0.0,0.0
20,4,14,5,0.2,0.2,0.3,dense,True,20,20,20,4,20,5,19,Plain DPA max token,validity_full_harmful_sequence_per_prompt,radius_derived,5,"0,10,20,30,40",0.0,0.0,0.0,0.0,0.0,1.0,1.0,1.0,0.0,0.0,5.9,5.25,6.5,0.6500000000000004,0.5999999999999996,5.9,5.0,6.5,0.9000000000000004,0.5999999999999996,5.0,4.0,6.0,1.0,1.0,6.8,6.0,7.0,0.7999999999999998,0.20000000000000018,0.0,0.0,0.0,0.0,0.0,4.0,4.0,4.0,0.0,0.0,0.0,0.0,0.0,0.0,0.0,4.0,4.0,4.0,0.0,0.0
20,4,14,5,0.2,0.2,0.3,dense,True,20,20,20,4,20,5,20,Plain DPA max token,validity_full_harmful_sequence_per_prompt,radius_derived,5,"0,10,20,30,40",0.0,0.0,0.0,0.0,0.0,1.0,1.0,1.0,0.0,0.0,5.9,5.25,6.5,0.6500000000000004,0.5999999999999996,5.9,5.0,6.5,0.9000000000000004,0.5999999999999996,5.0,4.0,6.0,1.0,1.0,6.8,6.0,7.0,0.7999999999999998,0.20000000000000018,0.0,0.0,0.0,0.0,0.0,4.0,4.0,4.0,0.0,0.0,0.0,0.0,0.0,0.0,0.0,4.0,4.0,4.0,0.0,0.0
20,4,14,5,0.2,0.2,0.3,dense,True,20,20,20,4,20,5,0,Shard-aware weakest-token diagnostic,weakest_harmful_token_not_full_sequence_validity,radius_derived,5,"0,10,20,30,40",0.0,0.0,0.0,0.0,0.0,1.0,1.0,1.0,0.0,0.0,0.0,0.0,0.0,0.0,0.0,0.0,0.0,0.0,0.0,0.0,0.0,0.0,0.0,0.0,0.0,0.0,0.0,0.0,0.0,0.0,0.0,0.0,0.0,0.0,0.0,4.0,4.0,4.0,0.0,0.0,0.0,0.0,0.0,0.0,0.0,4.0,4.0,4.0,0.0,0.0
20,4,14,5,0.2,0.2,0.3,dense,True,20,20,20,4,20,5,1,Shard-aware weakest-token diagnostic,weakest_harmful_token_not_full_sequence_validity,radius_derived,5,"0,10,20,30,40",0.0,0.0,0.0,0.0,0.0,1.0,1.0,1.0,0.0,0.0,0.0,0.0,0.0,0.0,0.0,0.0,0.0,0.0,0.0,0.0,0.0,0.0,0.0,0.0,0.0,0.0,0.0,0.0,0.0,0.0,0.0,0.0,0.0,0.0,0.0,4.0,4.0,4.0,0.0,0.0,0.0,0.0,0.0,0.0,0.0,4.0,4.0,4.0,0.0,0.0
20,4,14,5,0.2,0.2,0.3,dense,True,20,20,20,4,20,5,2,Shard-aware weakest-token diagnostic,weakest_harmful_token_not_full_sequence_validity,radius_derived,5,"0,10,20,30,40",0.0,0.0,0.0,0.0,0.0,1.0,1.0,1.0,0.0,0.0,0.0,0.0,0.0,0.0,0.0,0.0,0.0,0.0,0.0,0.0,0.0,0.0,0.0,0.0,0.0,0.0,0.0,0.0,0.0,0.0,0.0,0.0,0.0,0.0,0.0,4.0,4.0,4.0,0.0,0.0,0.0,0.0,0.0,0.0,0.0,4.0,4.0,4.0,0.0,0.0
20,4,14,5,0.2,0.2,0.3,dense,True,20,20,20,4,20,5,3,Shard-aware weakest-token diagnostic,weakest_harmful_token_not_full_sequence_validity,radius_derived,5,"0,10,20,30,40",0.0,0.0,0.0,0.0,0.0,1.0,1.0,1.0,0.0,0.0,0.0,0.0,0.0,0.0,0.0,0.0,0.0,0.0,0.0,0.0,0.0,0.0,0.0,0.0,0.0,0.0,0.0,0.0,0.0,0.0,0.0,0.0,0.0,0.0,0.0,4.0,4.0,4.0,0.0,0.0,0.0,0.0,0.0,0.0,0.0,4.0,4.0,4.0,0.0,0.0
20,4,14,5,0.2,0.2,0.3,dense,True,20,20,20,4,20,5,4,Shard-aware weakest-token diagnostic,weakest_harmful_token_not_full_sequence_validity,radius_derived,5,"0,10,20,30,40",0.0,0.0,0.0,0.0,0.0,1.0,1.0,1.0,0.0,0.0,0.0,0.0,0.0,0.0,0.0,0.0,0.0,0.0,0.0,0.0,0.0,0.0,0.0,0.0,0.0,0.0,0.0,0.0,0.0,0.0,0.0,0.0,0.0,0.0,0.0,4.0,4.0,4.0,0.0,0.0,0.0,0.0,0.0,0.0,0.0,4.0,4.0,4.0,0.0,0.0
20,4,14,5,0.2,0.2,0.3,dense,True,20,20,20,4,20,5,5,Shard-aware weakest-token diagnostic,weakest_harmful_token_not_full_sequence_validity,radius_derived,5,"0,10,20,30,40",0.0,0.0,0.0,0.0,0.0,1.0,1.0,1.0,0.0,0.0,0.0,0.0,0.0,0.0,0.0,0.0,0.0,0.0,0.0,0.0,0.0,0.0,0.0,0.0,0.0,0.0,0.0,0.0,0.0,0.0,0.0,0.0,0.0,0.0,0.0,4.0,4.0,4.0,0.0,0.0,0.0,0.0,0.0,0.0,0.0,4.0,4.0,4.0,0.0,0.0
20,4,14,5,0.2,0.2,0.3,dense,True,20,20,20,4,20,5,6,Shard-aware weakest-token diagnostic,weakest_harmful_token_not_full_sequence_validity,radius_derived,5,"0,10,20,30,40",0.0,0.0,0.0,0.0,0.0,1.0,1.0,1.0,0.0,0.0,0.0,0.0,0.0,0.0,0.0,0.0,0.0,0.0,0.0,0.0,0.0,0.0,0.0,0.0,0.0,0.0,0.0,0.0,0.0,0.0,0.0,0.0,0.0,0.0,0.0,4.0,4.0,4.0,0.0,0.0,0.0,0.0,0.0,0.0,0.0,4.0,4.0,4.0,0.0,0.0
20,4,14,5,0.2,0.2,0.3,dense,True,20,20,20,4,20,5,7,Shard-aware weakest-token diagnostic,weakest_harmful_token_not_full_sequence_validity,radius_derived,5,"0,10,20,30,40",0.0,0.0,0.0,0.0,0.0,1.0,1.0,1.0,0.0,0.0,0.0,0.0,0.0,0.0,0.0,0.0,0.0,0.0,0.0,0.0,0.0,0.0,0.0,0.0,0.0,0.0,0.0,0.0,0.0,0.0,0.0,0.0,0.0,0.0,0.0,4.0,4.0,4.0,0.0,0.0,0.0,0.0,0.0,0.0,0.0,4.0,4.0,4.0,0.0,0.0
20,4,14,5,0.2,0.2,0.3,dense,True,20,20,20,4,20,5,8,Shard-aware weakest-token diagnostic,weakest_harmful_token_not_full_sequence_validity,radius_derived,5,"0,10,20,30,40",0.0,0.0,0.0,0.0,0.0,1.0,1.0,1.0,0.0,0.0,0.0,0.0,0.0,0.0,0.0,0.0,0.0,0.0,0.0,0.0,0.0,0.0,0.0,0.0,0.0,0.0,0.0,0.0,0.0,0.0,0.0,0.0,0.0,0.0,0.0,4.0,4.0,4.0,0.0,0.0,0.0,0.0,0.0,0.0,0.0,4.0,4.0,4.0,0.0,0.0
20,4,14,5,0.2,0.2,0.3,dense,True,20,20,20,4,20,5,9,Shard-aware weakest-token diagnostic,weakest_harmful_token_not_full_sequence_validity,radius_derived,5,"0,10,20,30,40",0.0,0.0,0.0,0.0,0.0,1.0,1.0,1.0,0.0,0.0,0.0,0.0,0.0,0.0,0.0,0.0,0.0,0.0,0.0,0.0,0.0,0.0,0.0,0.0,0.0,0.0,0.0,0.0,0.0,0.0,0.0,0.0,0.0,0.0,0.0,4.0,4.0,4.0,0.0,0.0,0.0,0.0,0.0,0.0,0.0,4.0,4.0,4.0,0.0,0.0
20,4,14,5,0.2,0.2,0.3,dense,True,20,20,20,4,20,5,10,Shard-aware weakest-token diagnostic,weakest_harmful_token_not_full_sequence_validity,radius_derived,5,"0,10,20,30,40",0.0,0.0,0.0,0.0,0.0,1.0,1.0,1.0,0.0,0.0,0.0,0.0,0.0,0.0,0.0,0.0,0.0,0.0,0.0,0.0,0.0,0.0,0.0,0.0,0.0,0.0,0.0,0.0,0.0,0.0,0.0,0.0,0.0,0.0,0.0,4.0,4.0,4.0,0.0,0.0,0.0,0.0,0.0,0.0,0.0,4.0,4.0,4.0,0.0,0.0
20,4,14,5,0.2,0.2,0.3,dense,True,20,20,20,4,20,5,11,Shard-aware weakest-token diagnostic,weakest_harmful_token_not_full_sequence_validity,radius_derived,5,"0,10,20,30,40",0.0,0.0,0.0,0.0,0.0,1.0,1.0,1.0,0.0,0.0,0.0,0.0,0.0,0.0,0.0,0.0,0.0,0.0,0.0,0.0,0.0,0.0,0.0,0.0,0.0,0.0,0.0,0.0,0.0,0.0,0.0,0.0,0.0,0.0,0.0,4.0,4.0,4.0,0.0,0.0,0.0,0.0,0.0,0.0,0.0,4.0,4.0,4.0,0.0,0.0
20,4,14,5,0.2,0.2,0.3,dense,True,20,20,20,4,20,5,12,Shard-aware weakest-token diagnostic,weakest_harmful_token_not_full_sequence_validity,radius_derived,5,"0,10,20,30,40",0.0,0.0,0.0,0.0,0.0,1.0,1.0,1.0,0.0,0.0,0.0,0.0,0.0,0.0,0.0,0.0,0.0,0.0,0.0,0.0,0.0,0.0,0.0,0.0,0.0,0.0,0.0,0.0,0.0,0.0,0.0,0.0,0.0,0.0,0.0,4.0,4.0,4.0,0.0,0.0,0.0,0.0,0.0,0.0,0.0,4.0,4.0,4.0,0.0,0.0
20,4,14,5,0.2,0.2,0.3,dense,True,20,20,20,4,20,5,13,Shard-aware weakest-token diagnostic,weakest_harmful_token_not_full_sequence_validity,radius_derived,5,"0,10,20,30,40",0.0,0.0,0.0,0.0,0.0,1.0,1.0,1.0,0.0,0.0,0.0,0.0,0.0,0.0,0.0,0.0,0.0,0.0,0.0,0.0,0.0,0.0,0.0,0.0,0.0,0.0,0.0,0.0,0.0,0.0,0.0,0.0,0.0,0.0,0.0,4.0,4.0,4.0,0.0,0.0,0.0,0.0,0.0,0.0,0.0,4.0,4.0,4.0,0.0,0.0
20,4,14,5,0.2,0.2,0.3,dense,True,20,20,20,4,20,5,14,Shard-aware weakest-token diagnostic,weakest_harmful_token_not_full_sequence_validity,radius_derived,5,"0,10,20,30,40",0.0,0.0,0.0,0.0,0.0,1.0,1.0,1.0,0.0,0.0,0.0,0.0,0.0,0.0,0.0,0.0,0.0,0.0,0.0,0.0,0.0,0.0,0.0,0.0,0.0,0.0,0.0,0.0,0.0,0.0,0.0,0.0,0.0,0.0,0.0,4.0,4.0,4.0,0.0,0.0,0.0,0.0,0.0,0.0,0.0,4.0,4.0,4.0,0.0,0.0
20,4,14,5,0.2,0.2,0.3,dense,True,20,20,20,4,20,5,15,Shard-aware weakest-token diagnostic,weakest_harmful_token_not_full_sequence_validity,radius_derived,5,"0,10,20,30,40",0.0,0.0,0.0,0.0,0.0,1.0,1.0,1.0,0.0,0.0,0.0,0.0,0.0,0.0,0.0,0.0,0.0,0.0,0.0,0.0,0.0,0.0,0.0,0.0,0.0,0.0,0.0,0.0,0.0,0.0,0.0,0.0,0.0,0.0,0.0,4.0,4.0,4.0,0.0,0.0,0.0,0.0,0.0,0.0,0.0,4.0,4.0,4.0,0.0,0.0
20,4,14,5,0.2,0.2,0.3,dense,True,20,20,20,4,20,5,16,Shard-aware weakest-token diagnostic,weakest_harmful_token_not_full_sequence_validity,radius_derived,5,"0,10,20,30,40",0.0,0.0,0.0,0.0,0.0,1.0,1.0,1.0,0.0,0.0,0.0,0.0,0.0,0.0,0.0,0.0,0.0,0.0,0.0,0.0,0.0,0.0,0.0,0.0,0.0,0.0,0.0,0.0,0.0,0.0,0.0,0.0,0.0,0.0,0.0,4.0,4.0,4.0,0.0,0.0,0.0,0.0,0.0,0.0,0.0,4.0,4.0,4.0,0.0,0.0
20,4,14,5,0.2,0.2,0.3,dense,True,20,20,20,4,20,5,17,Shard-aware weakest-token diagnostic,weakest_harmful_token_not_full_sequence_validity,radius_derived,5,"0,10,20,30,40",0.0,0.0,0.0,0.0,0.0,1.0,1.0,1.0,0.0,0.0,0.0,0.0,0.0,0.0,0.0,0.0,0.0,0.0,0.0,0.0,0.0,0.0,0.0,0.0,0.0,0.0,0.0,0.0,0.0,0.0,0.0,0.0,0.0,0.0,0.0,4.0,4.0,4.0,0.0,0.0,0.0,0.0,0.0,0.0,0.0,4.0,4.0,4.0,0.0,0.0
20,4,14,5,0.2,0.2,0.3,dense,True,20,20,20,4,20,5,18,Shard-aware weakest-token diagnostic,weakest_harmful_token_not_full_sequence_validity,radius_derived,5,"0,10,20,30,40",0.0,0.0,0.0,0.0,0.0,1.0,1.0,1.0,0.0,0.0,0.0,0.0,0.0,0.0,0.0,0.0,0.0,0.0,0.0,0.0,0.0,0.0,0.0,0.0,0.0,0.0,0.0,0.0,0.0,0.0,0.0,0.0,0.0,0.0,0.0,4.0,4.0,4.0,0.0,0.0,0.0,0.0,0.0,0.0,0.0,4.0,4.0,4.0,0.0,0.0
20,4,14,5,0.2,0.2,0.3,dense,True,20,20,20,4,20,5,19,Shard-aware weakest-token diagnostic,weakest_harmful_token_not_full_sequence_validity,radius_derived,5,"0,10,20,30,40",0.0,0.0,0.0,0.0,0.0,1.0,1.0,1.0,0.0,0.0,0.0,0.0,0.0,0.0,0.0,0.0,0.0,0.0,0.0,0.0,0.0,0.0,0.0,0.0,0.0,0.0,0.0,0.0,0.0,0.0,0.0,0.0,0.0,0.0,0.0,4.0,4.0,4.0,0.0,0.0,0.0,0.0,0.0,0.0,0.0,4.0,4.0,4.0,0.0,0.0
20,4,14,5,0.2,0.2,0.3,dense,True,20,20,20,4,20,5,20,Shard-aware weakest-token diagnostic,weakest_harmful_token_not_full_sequence_validity,radius_derived,5,"0,10,20,30,40",0.0,0.0,0.0,0.0,0.0,1.0,1.0,1.0,0.0,0.0,0.0,0.0,0.0,0.0,0.0,0.0,0.0,0.0,0.0,0.0,0.0,0.0,0.0,0.0,0.0,0.0,0.0,0.0,0.0,0.0,0.0,0.0,0.0,0.0,0.0,4.0,4.0,4.0,0.0,0.0,0.0,0.0,0.0,0.0,0.0,4.0,4.0,4.0,0.0,0.0
20,4,14,5,0.2,0.2,0.3,dense,True,20,20,20,4,20,5,0,Shard-aware independent max-token diagnostic,most_difficult_harmful_token_not_full_sequence_validity,radius_derived,5,"0,10,20,30,40",1.0,1.0,1.0,0.0,0.0,0.0,0.0,0.0,0.0,0.0,5.9,5.25,6.5,0.6500000000000004,0.5999999999999996,5.9,5.0,6.5,0.9000000000000004,0.5999999999999996,5.0,4.0,6.0,1.0,1.0,6.8,6.0,7.0,0.7999999999999998,0.20000000000000018,4.0,4.0,4.0,0.0,0.0,4.0,4.0,4.0,0.0,0.0,0.0,0.0,0.0,0.0,0.0,4.0,4.0,4.0,0.0,0.0
20,4,14,5,0.2,0.2,0.3,dense,True,20,20,20,4,20,5,1,Shard-aware independent max-token diagnostic,most_difficult_harmful_token_not_full_sequence_validity,radius_derived,5,"0,10,20,30,40",1.0,1.0,1.0,0.0,0.0,0.0,0.0,0.0,0.0,0.0,5.9,5.25,6.5,0.6500000000000004,0.5999999999999996,5.9,5.0,6.5,0.9000000000000004,0.5999999999999996,5.0,4.0,6.0,1.0,1.0,6.8,6.0,7.0,0.7999999999999998,0.20000000000000018,4.0,4.0,4.0,0.0,0.0,4.0,4.0,4.0,0.0,0.0,0.0,0.0,0.0,0.0,0.0,4.0,4.0,4.0,0.0,0.0
20,4,14,5,0.2,0.2,0.3,dense,True,20,20,20,4,20,5,2,Shard-aware independent max-token diagnostic,most_difficult_harmful_token_not_full_sequence_validity,radius_derived,5,"0,10,20,30,40",1.0,1.0,1.0,0.0,0.0,0.0,0.0,0.0,0.0,0.0,5.9,5.25,6.5,0.6500000000000004,0.5999999999999996,5.9,5.0,6.5,0.9000000000000004,0.5999999999999996,5.0,4.0,6.0,1.0,1.0,6.8,6.0,7.0,0.7999999999999998,0.20000000000000018,4.0,4.0,4.0,0.0,0.0,4.0,4.0,4.0,0.0,0.0,0.0,0.0,0.0,0.0,0.0,4.0,4.0,4.0,0.0,0.0
20,4,14,5,0.2,0.2,0.3,dense,True,20,20,20,4,20,5,3,Shard-aware independent max-token diagnostic,most_difficult_harmful_token_not_full_sequence_validity,radius_derived,5,"0,10,20,30,40",1.0,1.0,1.0,0.0,0.0,0.0,0.0,0.0,0.0,0.0,5.9,5.25,6.5,0.6500000000000004,0.5999999999999996,5.9,5.0,6.5,0.9000000000000004,0.5999999999999996,5.0,4.0,6.0,1.0,1.0,6.8,6.0,7.0,0.7999999999999998,0.20000000000000018,4.0,4.0,4.0,0.0,0.0,4.0,4.0,4.0,0.0,0.0,0.0,0.0,0.0,0.0,0.0,4.0,4.0,4.0,0.0,0.0
20,4,14,5,0.2,0.2,0.3,dense,True,20,20,20,4,20,5,4,Shard-aware independent max-token diagnostic,most_difficult_harmful_token_not_full_sequence_validity,radius_derived,5,"0,10,20,30,40",0.95,0.75,1.0,0.19999999999999996,0.050000000000000044,0.05,0.0,0.25,0.05,0.2,5.9,5.25,6.5,0.6500000000000004,0.5999999999999996,5.9,5.0,6.5,0.9000000000000004,0.5999999999999996,5.0,4.0,6.0,1.0,1.0,6.8,6.0,7.0,0.7999999999999998,0.20000000000000018,3.8,3.0,4.0,0.7999999999999998,0.20000000000000018,4.0,4.0,4.0,0.0,0.0,0.0,0.0,0.0,0.0,0.0,4.0,4.0,4.0,0.0,0.0
20,4,14,5,0.2,0.2,0.3,dense,True,20,20,20,4,20,5,5,Shard-aware independent max-token diagnostic,most_difficult_harmful_token_not_full_sequence_validity,radius_derived,5,"0,10,20,30,40",0.6,0.25,1.0,0.35,0.4,0.4,0.0,0.75,0.4,0.35,5.9,5.25,6.5,0.6500000000000004,0.5999999999999996,5.9,5.0,6.5,0.9000000000000004,0.5999999999999996,5.0,4.0,6.0,1.0,1.0,6.8,6.0,7.0,0.7999999999999998,0.20000000000000018,2.4,1.0,4.0,1.4,1.6,4.0,4.0,4.0,0.0,0.0,0.0,0.0,0.0,0.0,0.0,4.0,4.0,4.0,0.0,0.0
20,4,14,5,0.2,0.2,0.3,dense,True,20,20,20,4,20,5,6,Shard-aware independent max-token diagnostic,most_difficult_harmful_token_not_full_sequence_validity,radius_derived,5,"0,10,20,30,40",0.35,0.0,0.5,0.35,0.15000000000000002,0.65,0.5,1.0,0.15000000000000002,0.35,5.9,5.25,6.5,0.6500000000000004,0.5999999999999996,5.9,5.0,6.5,0.9000000000000004,0.5999999999999996,5.0,4.0,6.0,1.0,1.0,6.8,6.0,7.0,0.7999999999999998,0.20000000000000018,1.4,0.0,2.0,1.4,0.6000000000000001,4.0,4.0,4.0,0.0,0.0,0.0,0.0,0.0,0.0,0.0,4.0,4.0,4.0,0.0,0.0
20,4,14,5,0.2,0.2,0.3,dense,True,20,20,20,4,20,5,7,Shard-aware independent max-token diagnostic,most_difficult_harmful_token_not_full_sequence_validity,radius_derived,5,"0,10,20,30,40",0.0,0.0,0.0,0.0,0.0,1.0,1.0,1.0,0.0,0.0,5.9,5.25,6.5,0.6500000000000004,0.5999999999999996,5.9,5.0,6.5,0.9000000000000004,0.5999999999999996,5.0,4.0,6.0,1.0,1.0,6.8,6.0,7.0,0.7999999999999998,0.20000000000000018,0.0,0.0,0.0,0.0,0.0,4.0,4.0,4.0,0.0,0.0,0.0,0.0,0.0,0.0,0.0,4.0,4.0,4.0,0.0,0.0
20,4,14,5,0.2,0.2,0.3,dense,True,20,20,20,4,20,5,8,Shard-aware independent max-token diagnostic,most_difficult_harmful_token_not_full_sequence_validity,radius_derived,5,"0,10,20,30,40",0.0,0.0,0.0,0.0,0.0,1.0,1.0,1.0,0.0,0.0,5.9,5.25,6.5,0.6500000000000004,0.5999999999999996,5.9,5.0,6.5,0.9000000000000004,0.5999999999999996,5.0,4.0,6.0,1.0,1.0,6.8,6.0,7.0,0.7999999999999998,0.20000000000000018,0.0,0.0,0.0,0.0,0.0,4.0,4.0,4.0,0.0,0.0,0.0,0.0,0.0,0.0,0.0,4.0,4.0,4.0,0.0,0.0
20,4,14,5,0.2,0.2,0.3,dense,True,20,20,20,4,20,5,9,Shard-aware independent max-token diagnostic,most_difficult_harmful_token_not_full_sequence_validity,radius_derived,5,"0,10,20,30,40",0.0,0.0,0.0,0.0,0.0,1.0,1.0,1.0,0.0,0.0,5.9,5.25,6.5,0.6500000000000004,0.5999999999999996,5.9,5.0,6.5,0.9000000000000004,0.5999999999999996,5.0,4.0,6.0,1.0,1.0,6.8,6.0,7.0,0.7999999999999998,0.20000000000000018,0.0,0.0,0.0,0.0,0.0,4.0,4.0,4.0,0.0,0.0,0.0,0.0,0.0,0.0,0.0,4.0,4.0,4.0,0.0,0.0
20,4,14,5,0.2,0.2,0.3,dense,True,20,20,20,4,20,5,10,Shard-aware independent max-token diagnostic,most_difficult_harmful_token_not_full_sequence_validity,radius_derived,5,"0,10,20,30,40",0.0,0.0,0.0,0.0,0.0,1.0,1.0,1.0,0.0,0.0,5.9,5.25,6.5,0.6500000000000004,0.5999999999999996,5.9,5.0,6.5,0.9000000000000004,0.5999999999999996,5.0,4.0,6.0,1.0,1.0,6.8,6.0,7.0,0.7999999999999998,0.20000000000000018,0.0,0.0,0.0,0.0,0.0,4.0,4.0,4.0,0.0,0.0,0.0,0.0,0.0,0.0,0.0,4.0,4.0,4.0,0.0,0.0
20,4,14,5,0.2,0.2,0.3,dense,True,20,20,20,4,20,5,11,Shard-aware independent max-token diagnostic,most_difficult_harmful_token_not_full_sequence_validity,radius_derived,5,"0,10,20,30,40",0.0,0.0,0.0,0.0,0.0,1.0,1.0,1.0,0.0,0.0,5.9,5.25,6.5,0.6500000000000004,0.5999999999999996,5.9,5.0,6.5,0.9000000000000004,0.5999999999999996,5.0,4.0,6.0,1.0,1.0,6.8,6.0,7.0,0.7999999999999998,0.20000000000000018,0.0,0.0,0.0,0.0,0.0,4.0,4.0,4.0,0.0,0.0,0.0,0.0,0.0,0.0,0.0,4.0,4.0,4.0,0.0,0.0
20,4,14,5,0.2,0.2,0.3,dense,True,20,20,20,4,20,5,12,Shard-aware independent max-token diagnostic,most_difficult_harmful_token_not_full_sequence_validity,radius_derived,5,"0,10,20,30,40",0.0,0.0,0.0,0.0,0.0,1.0,1.0,1.0,0.0,0.0,5.9,5.25,6.5,0.6500000000000004,0.5999999999999996,5.9,5.0,6.5,0.9000000000000004,0.5999999999999996,5.0,4.0,6.0,1.0,1.0,6.8,6.0,7.0,0.7999999999999998,0.20000000000000018,0.0,0.0,0.0,0.0,0.0,4.0,4.0,4.0,0.0,0.0,0.0,0.0,0.0,0.0,0.0,4.0,4.0,4.0,0.0,0.0
20,4,14,5,0.2,0.2,0.3,dense,True,20,20,20,4,20,5,13,Shard-aware independent max-token diagnostic,most_difficult_harmful_token_not_full_sequence_validity,radius_derived,5,"0,10,20,30,40",0.0,0.0,0.0,0.0,0.0,1.0,1.0,1.0,0.0,0.0,5.9,5.25,6.5,0.6500000000000004,0.5999999999999996,5.9,5.0,6.5,0.9000000000000004,0.5999999999999996,5.0,4.0,6.0,1.0,1.0,6.8,6.0,7.0,0.7999999999999998,0.20000000000000018,0.0,0.0,0.0,0.0,0.0,4.0,4.0,4.0,0.0,0.0,0.0,0.0,0.0,0.0,0.0,4.0,4.0,4.0,0.0,0.0
20,4,14,5,0.2,0.2,0.3,dense,True,20,20,20,4,20,5,14,Shard-aware independent max-token diagnostic,most_difficult_harmful_token_not_full_sequence_validity,radius_derived,5,"0,10,20,30,40",0.0,0.0,0.0,0.0,0.0,1.0,1.0,1.0,0.0,0.0,5.9,5.25,6.5,0.6500000000000004,0.5999999999999996,5.9,5.0,6.5,0.9000000000000004,0.5999999999999996,5.0,4.0,6.0,1.0,1.0,6.8,6.0,7.0,0.7999999999999998,0.20000000000000018,0.0,0.0,0.0,0.0,0.0,4.0,4.0,4.0,0.0,0.0,0.0,0.0,0.0,0.0,0.0,4.0,4.0,4.0,0.0,0.0
20,4,14,5,0.2,0.2,0.3,dense,True,20,20,20,4,20,5,15,Shard-aware independent max-token diagnostic,most_difficult_harmful_token_not_full_sequence_validity,radius_derived,5,"0,10,20,30,40",0.0,0.0,0.0,0.0,0.0,1.0,1.0,1.0,0.0,0.0,5.9,5.25,6.5,0.6500000000000004,0.5999999999999996,5.9,5.0,6.5,0.9000000000000004,0.5999999999999996,5.0,4.0,6.0,1.0,1.0,6.8,6.0,7.0,0.7999999999999998,0.20000000000000018,0.0,0.0,0.0,0.0,0.0,4.0,4.0,4.0,0.0,0.0,0.0,0.0,0.0,0.0,0.0,4.0,4.0,4.0,0.0,0.0
20,4,14,5,0.2,0.2,0.3,dense,True,20,20,20,4,20,5,16,Shard-aware independent max-token diagnostic,most_difficult_harmful_token_not_full_sequence_validity,radius_derived,5,"0,10,20,30,40",0.0,0.0,0.0,0.0,0.0,1.0,1.0,1.0,0.0,0.0,5.9,5.25,6.5,0.6500000000000004,0.5999999999999996,5.9,5.0,6.5,0.9000000000000004,0.5999999999999996,5.0,4.0,6.0,1.0,1.0,6.8,6.0,7.0,0.7999999999999998,0.20000000000000018,0.0,0.0,0.0,0.0,0.0,4.0,4.0,4.0,0.0,0.0,0.0,0.0,0.0,0.0,0.0,4.0,4.0,4.0,0.0,0.0
20,4,14,5,0.2,0.2,0.3,dense,True,20,20,20,4,20,5,17,Shard-aware independent max-token diagnostic,most_difficult_harmful_token_not_full_sequence_validity,radius_derived,5,"0,10,20,30,40",0.0,0.0,0.0,0.0,0.0,1.0,1.0,1.0,0.0,0.0,5.9,5.25,6.5,0.6500000000000004,0.5999999999999996,5.9,5.0,6.5,0.9000000000000004,0.5999999999999996,5.0,4.0,6.0,1.0,1.0,6.8,6.0,7.0,0.7999999999999998,0.20000000000000018,0.0,0.0,0.0,0.0,0.0,4.0,4.0,4.0,0.0,0.0,0.0,0.0,0.0,0.0,0.0,4.0,4.0,4.0,0.0,0.0
20,4,14,5,0.2,0.2,0.3,dense,True,20,20,20,4,20,5,18,Shard-aware independent max-token diagnostic,most_difficult_harmful_token_not_full_sequence_validity,radius_derived,5,"0,10,20,30,40",0.0,0.0,0.0,0.0,0.0,1.0,1.0,1.0,0.0,0.0,5.9,5.25,6.5,0.6500000000000004,0.5999999999999996,5.9,5.0,6.5,0.9000000000000004,0.5999999999999996,5.0,4.0,6.0,1.0,1.0,6.8,6.0,7.0,0.7999999999999998,0.20000000000000018,0.0,0.0,0.0,0.0,0.0,4.0,4.0,4.0,0.0,0.0,0.0,0.0,0.0,0.0,0.0,4.0,4.0,4.0,0.0,0.0
20,4,14,5,0.2,0.2,0.3,dense,True,20,20,20,4,20,5,19,Shard-aware independent max-token diagnostic,most_difficult_harmful_token_not_full_sequence_validity,radius_derived,5,"0,10,20,30,40",0.0,0.0,0.0,0.0,0.0,1.0,1.0,1.0,0.0,0.0,5.9,5.25,6.5,0.6500000000000004,0.5999999999999996,5.9,5.0,6.5,0.9000000000000004,0.5999999999999996,5.0,4.0,6.0,1.0,1.0,6.8,6.0,7.0,0.7999999999999998,0.20000000000000018,0.0,0.0,0.0,0.0,0.0,4.0,4.0,4.0,0.0,0.0,0.0,0.0,0.0,0.0,0.0,4.0,4.0,4.0,0.0,0.0
20,4,14,5,0.2,0.2,0.3,dense,True,20,20,20,4,20,5,20,Shard-aware independent max-token diagnostic,most_difficult_harmful_token_not_full_sequence_validity,radius_derived,5,"0,10,20,30,40",0.0,0.0,0.0,0.0,0.0,1.0,1.0,1.0,0.0,0.0,5.9,5.25,6.5,0.6500000000000004,0.5999999999999996,5.9,5.0,6.5,0.9000000000000004,0.5999999999999996,5.0,4.0,6.0,1.0,1.0,6.8,6.0,7.0,0.7999999999999998,0.20000000000000018,0.0,0.0,0.0,0.0,0.0,4.0,4.0,4.0,0.0,0.0,0.0,0.0,0.0,0.0,0.0,4.0,4.0,4.0,0.0,0.0
20,4,14,5,0.2,0.2,0.3,dense,True,20,20,20,4,20,5,0,TPA max-token phrase baseline,validity_full_harmful_sequence_per_prompt,radius_derived,5,"0,10,20,30,40",1.0,1.0,1.0,0.0,0.0,0.0,0.0,0.0,0.0,0.0,5.9,5.25,6.5,0.6500000000000004,0.5999999999999996,5.9,5.0,6.5,0.9000000000000004,0.5999999999999996,5.0,4.0,6.0,1.0,1.0,6.8,6.0,7.0,0.7999999999999998,0.20000000000000018,4.0,4.0,4.0,0.0,0.0,4.0,4.0,4.0,0.0,0.0,0.0,0.0,0.0,0.0,0.0,4.0,4.0,4.0,0.0,0.0
20,4,14,5,0.2,0.2,0.3,dense,True,20,20,20,4,20,5,1,TPA max-token phrase baseline,validity_full_harmful_sequence_per_prompt,radius_derived,5,"0,10,20,30,40",1.0,1.0,1.0,0.0,0.0,0.0,0.0,0.0,0.0,0.0,5.9,5.25,6.5,0.6500000000000004,0.5999999999999996,5.9,5.0,6.5,0.9000000000000004,0.5999999999999996,5.0,4.0,6.0,1.0,1.0,6.8,6.0,7.0,0.7999999999999998,0.20000000000000018,4.0,4.0,4.0,0.0,0.0,4.0,4.0,4.0,0.0,0.0,0.0,0.0,0.0,0.0,0.0,4.0,4.0,4.0,0.0,0.0
20,4,14,5,0.2,0.2,0.3,dense,True,20,20,20,4,20,5,2,TPA max-token phrase baseline,validity_full_harmful_sequence_per_prompt,radius_derived,5,"0,10,20,30,40",1.0,1.0,1.0,0.0,0.0,0.0,0.0,0.0,0.0,0.0,5.9,5.25,6.5,0.6500000000000004,0.5999999999999996,5.9,5.0,6.5,0.9000000000000004,0.5999999999999996,5.0,4.0,6.0,1.0,1.0,6.8,6.0,7.0,0.7999999999999998,0.20000000000000018,4.0,4.0,4.0,0.0,0.0,4.0,4.0,4.0,0.0,0.0,0.0,0.0,0.0,0.0,0.0,4.0,4.0,4.0,0.0,0.0
20,4,14,5,0.2,0.2,0.3,dense,True,20,20,20,4,20,5,3,TPA max-token phrase baseline,validity_full_harmful_sequence_per_prompt,radius_derived,5,"0,10,20,30,40",1.0,1.0,1.0,0.0,0.0,0.0,0.0,0.0,0.0,0.0,5.9,5.25,6.5,0.6500000000000004,0.5999999999999996,5.9,5.0,6.5,0.9000000000000004,0.5999999999999996,5.0,4.0,6.0,1.0,1.0,6.8,6.0,7.0,0.7999999999999998,0.20000000000000018,4.0,4.0,4.0,0.0,0.0,4.0,4.0,4.0,0.0,0.0,0.0,0.0,0.0,0.0,0.0,4.0,4.0,4.0,0.0,0.0
20,4,14,5,0.2,0.2,0.3,dense,True,20,20,20,4,20,5,4,TPA max-token phrase baseline,validity_full_harmful_sequence_per_prompt,radius_derived,5,"0,10,20,30,40",0.95,0.75,1.0,0.19999999999999996,0.050000000000000044,0.05,0.0,0.25,0.05,0.2,5.9,5.25,6.5,0.6500000000000004,0.5999999999999996,5.9,5.0,6.5,0.9000000000000004,0.5999999999999996,5.0,4.0,6.0,1.0,1.0,6.8,6.0,7.0,0.7999999999999998,0.20000000000000018,3.8,3.0,4.0,0.7999999999999998,0.20000000000000018,4.0,4.0,4.0,0.0,0.0,0.0,0.0,0.0,0.0,0.0,4.0,4.0,4.0,0.0,0.0
20,4,14,5,0.2,0.2,0.3,dense,True,20,20,20,4,20,5,5,TPA max-token phrase baseline,validity_full_harmful_sequence_per_prompt,radius_derived,5,"0,10,20,30,40",0.6,0.25,1.0,0.35,0.4,0.4,0.0,0.75,0.4,0.35,5.9,5.25,6.5,0.6500000000000004,0.5999999999999996,5.9,5.0,6.5,0.9000000000000004,0.5999999999999996,5.0,4.0,6.0,1.0,1.0,6.8,6.0,7.0,0.7999999999999998,0.20000000000000018,2.4,1.0,4.0,1.4,1.6,4.0,4.0,4.0,0.0,0.0,0.0,0.0,0.0,0.0,0.0,4.0,4.0,4.0,0.0,0.0
20,4,14,5,0.2,0.2,0.3,dense,True,20,20,20,4,20,5,6,TPA max-token phrase baseline,validity_full_harmful_sequence_per_prompt,radius_derived,5,"0,10,20,30,40",0.35,0.0,0.5,0.35,0.15000000000000002,0.65,0.5,1.0,0.15000000000000002,0.35,5.9,5.25,6.5,0.6500000000000004,0.5999999999999996,5.9,5.0,6.5,0.9000000000000004,0.5999999999999996,5.0,4.0,6.0,1.0,1.0,6.8,6.0,7.0,0.7999999999999998,0.20000000000000018,1.4,0.0,2.0,1.4,0.6000000000000001,4.0,4.0,4.0,0.0,0.0,0.0,0.0,0.0,0.0,0.0,4.0,4.0,4.0,0.0,0.0
20,4,14,5,0.2,0.2,0.3,dense,True,20,20,20,4,20,5,7,TPA max-token phrase baseline,validity_full_harmful_sequence_per_prompt,radius_derived,5,"0,10,20,30,40",0.0,0.0,0.0,0.0,0.0,1.0,1.0,1.0,0.0,0.0,5.9,5.25,6.5,0.6500000000000004,0.5999999999999996,5.9,5.0,6.5,0.9000000000000004,0.5999999999999996,5.0,4.0,6.0,1.0,1.0,6.8,6.0,7.0,0.7999999999999998,0.20000000000000018,0.0,0.0,0.0,0.0,0.0,4.0,4.0,4.0,0.0,0.0,0.0,0.0,0.0,0.0,0.0,4.0,4.0,4.0,0.0,0.0
20,4,14,5,0.2,0.2,0.3,dense,True,20,20,20,4,20,5,8,TPA max-token phrase baseline,validity_full_harmful_sequence_per_prompt,radius_derived,5,"0,10,20,30,40",0.0,0.0,0.0,0.0,0.0,1.0,1.0,1.0,0.0,0.0,5.9,5.25,6.5,0.6500000000000004,0.5999999999999996,5.9,5.0,6.5,0.9000000000000004,0.5999999999999996,5.0,4.0,6.0,1.0,1.0,6.8,6.0,7.0,0.7999999999999998,0.20000000000000018,0.0,0.0,0.0,0.0,0.0,4.0,4.0,4.0,0.0,0.0,0.0,0.0,0.0,0.0,0.0,4.0,4.0,4.0,0.0,0.0
20,4,14,5,0.2,0.2,0.3,dense,True,20,20,20,4,20,5,9,TPA max-token phrase baseline,validity_full_harmful_sequence_per_prompt,radius_derived,5,"0,10,20,30,40",0.0,0.0,0.0,0.0,0.0,1.0,1.0,1.0,0.0,0.0,5.9,5.25,6.5,0.6500000000000004,0.5999999999999996,5.9,5.0,6.5,0.9000000000000004,0.5999999999999996,5.0,4.0,6.0,1.0,1.0,6.8,6.0,7.0,0.7999999999999998,0.20000000000000018,0.0,0.0,0.0,0.0,0.0,4.0,4.0,4.0,0.0,0.0,0.0,0.0,0.0,0.0,0.0,4.0,4.0,4.0,0.0,0.0
20,4,14,5,0.2,0.2,0.3,dense,True,20,20,20,4,20,5,10,TPA max-token phrase baseline,validity_full_harmful_sequence_per_prompt,radius_derived,5,"0,10,20,30,40",0.0,0.0,0.0,0.0,0.0,1.0,1.0,1.0,0.0,0.0,5.9,5.25,6.5,0.6500000000000004,0.5999999999999996,5.9,5.0,6.5,0.9000000000000004,0.5999999999999996,5.0,4.0,6.0,1.0,1.0,6.8,6.0,7.0,0.7999999999999998,0.20000000000000018,0.0,0.0,0.0,0.0,0.0,4.0,4.0,4.0,0.0,0.0,0.0,0.0,0.0,0.0,0.0,4.0,4.0,4.0,0.0,0.0
20,4,14,5,0.2,0.2,0.3,dense,True,20,20,20,4,20,5,11,TPA max-token phrase baseline,validity_full_harmful_sequence_per_prompt,radius_derived,5,"0,10,20,30,40",0.0,0.0,0.0,0.0,0.0,1.0,1.0,1.0,0.0,0.0,5.9,5.25,6.5,0.6500000000000004,0.5999999999999996,5.9,5.0,6.5,0.9000000000000004,0.5999999999999996,5.0,4.0,6.0,1.0,1.0,6.8,6.0,7.0,0.7999999999999998,0.20000000000000018,0.0,0.0,0.0,0.0,0.0,4.0,4.0,4.0,0.0,0.0,0.0,0.0,0.0,0.0,0.0,4.0,4.0,4.0,0.0,0.0
20,4,14,5,0.2,0.2,0.3,dense,True,20,20,20,4,20,5,12,TPA max-token phrase baseline,validity_full_harmful_sequence_per_prompt,radius_derived,5,"0,10,20,30,40",0.0,0.0,0.0,0.0,0.0,1.0,1.0,1.0,0.0,0.0,5.9,5.25,6.5,0.6500000000000004,0.5999999999999996,5.9,5.0,6.5,0.9000000000000004,0.5999999999999996,5.0,4.0,6.0,1.0,1.0,6.8,6.0,7.0,0.7999999999999998,0.20000000000000018,0.0,0.0,0.0,0.0,0.0,4.0,4.0,4.0,0.0,0.0,0.0,0.0,0.0,0.0,0.0,4.0,4.0,4.0,0.0,0.0
20,4,14,5,0.2,0.2,0.3,dense,True,20,20,20,4,20,5,13,TPA max-token phrase baseline,validity_full_harmful_sequence_per_prompt,radius_derived,5,"0,10,20,30,40",0.0,0.0,0.0,0.0,0.0,1.0,1.0,1.0,0.0,0.0,5.9,5.25,6.5,0.6500000000000004,0.5999999999999996,5.9,5.0,6.5,0.9000000000000004,0.5999999999999996,5.0,4.0,6.0,1.0,1.0,6.8,6.0,7.0,0.7999999999999998,0.20000000000000018,0.0,0.0,0.0,0.0,0.0,4.0,4.0,4.0,0.0,0.0,0.0,0.0,0.0,0.0,0.0,4.0,4.0,4.0,0.0,0.0
20,4,14,5,0.2,0.2,0.3,dense,True,20,20,20,4,20,5,14,TPA max-token phrase baseline,validity_full_harmful_sequence_per_prompt,radius_derived,5,"0,10,20,30,40",0.0,0.0,0.0,0.0,0.0,1.0,1.0,1.0,0.0,0.0,5.9,5.25,6.5,0.6500000000000004,0.5999999999999996,5.9,5.0,6.5,0.9000000000000004,0.5999999999999996,5.0,4.0,6.0,1.0,1.0,6.8,6.0,7.0,0.7999999999999998,0.20000000000000018,0.0,0.0,0.0,0.0,0.0,4.0,4.0,4.0,0.0,0.0,0.0,0.0,0.0,0.0,0.0,4.0,4.0,4.0,0.0,0.0
20,4,14,5,0.2,0.2,0.3,dense,True,20,20,20,4,20,5,15,TPA max-token phrase baseline,validity_full_harmful_sequence_per_prompt,radius_derived,5,"0,10,20,30,40",0.0,0.0,0.0,0.0,0.0,1.0,1.0,1.0,0.0,0.0,5.9,5.25,6.5,0.6500000000000004,0.5999999999999996,5.9,5.0,6.5,0.9000000000000004,0.5999999999999996,5.0,4.0,6.0,1.0,1.0,6.8,6.0,7.0,0.7999999999999998,0.20000000000000018,0.0,0.0,0.0,0.0,0.0,4.0,4.0,4.0,0.0,0.0,0.0,0.0,0.0,0.0,0.0,4.0,4.0,4.0,0.0,0.0
20,4,14,5,0.2,0.2,0.3,dense,True,20,20,20,4,20,5,16,TPA max-token phrase baseline,validity_full_harmful_sequence_per_prompt,radius_derived,5,"0,10,20,30,40",0.0,0.0,0.0,0.0,0.0,1.0,1.0,1.0,0.0,0.0,5.9,5.25,6.5,0.6500000000000004,0.5999999999999996,5.9,5.0,6.5,0.9000000000000004,0.5999999999999996,5.0,4.0,6.0,1.0,1.0,6.8,6.0,7.0,0.7999999999999998,0.20000000000000018,0.0,0.0,0.0,0.0,0.0,4.0,4.0,4.0,0.0,0.0,0.0,0.0,0.0,0.0,0.0,4.0,4.0,4.0,0.0,0.0
20,4,14,5,0.2,0.2,0.3,dense,True,20,20,20,4,20,5,17,TPA max-token phrase baseline,validity_full_harmful_sequence_per_prompt,radius_derived,5,"0,10,20,30,40",0.0,0.0,0.0,0.0,0.0,1.0,1.0,1.0,0.0,0.0,5.9,5.25,6.5,0.6500000000000004,0.5999999999999996,5.9,5.0,6.5,0.9000000000000004,0.5999999999999996,5.0,4.0,6.0,1.0,1.0,6.8,6.0,7.0,0.7999999999999998,0.20000000000000018,0.0,0.0,0.0,0.0,0.0,4.0,4.0,4.0,0.0,0.0,0.0,0.0,0.0,0.0,0.0,4.0,4.0,4.0,0.0,0.0
20,4,14,5,0.2,0.2,0.3,dense,True,20,20,20,4,20,5,18,TPA max-token phrase baseline,validity_full_harmful_sequence_per_prompt,radius_derived,5,"0,10,20,30,40",0.0,0.0,0.0,0.0,0.0,1.0,1.0,1.0,0.0,0.0,5.9,5.25,6.5,0.6500000000000004,0.5999999999999996,5.9,5.0,6.5,0.9000000000000004,0.5999999999999996,5.0,4.0,6.0,1.0,1.0,6.8,6.0,7.0,0.7999999999999998,0.20000000000000018,0.0,0.0,0.0,0.0,0.0,4.0,4.0,4.0,0.0,0.0,0.0,0.0,0.0,0.0,0.0,4.0,4.0,4.0,0.0,0.0
20,4,14,5,0.2,0.2,0.3,dense,True,20,20,20,4,20,5,19,TPA max-token phrase baseline,validity_full_harmful_sequence_per_prompt,radius_derived,5,"0,10,20,30,40",0.0,0.0,0.0,0.0,0.0,1.0,1.0,1.0,0.0,0.0,5.9,5.25,6.5,0.6500000000000004,0.5999999999999996,5.9,5.0,6.5,0.9000000000000004,0.5999999999999996,5.0,4.0,6.0,1.0,1.0,6.8,6.0,7.0,0.7999999999999998,0.20000000000000018,0.0,0.0,0.0,0.0,0.0,4.0,4.0,4.0,0.0,0.0,0.0,0.0,0.0,0.0,0.0,4.0,4.0,4.0,0.0,0.0
20,4,14,5,0.2,0.2,0.3,dense,True,20,20,20,4,20,5,20,TPA max-token phrase baseline,validity_full_harmful_sequence_per_prompt,radius_derived,5,"0,10,20,30,40",0.0,0.0,0.0,0.0,0.0,1.0,1.0,1.0,0.0,0.0,5.9,5.25,6.5,0.6500000000000004,0.5999999999999996,5.9,5.0,6.5,0.9000000000000004,0.5999999999999996,5.0,4.0,6.0,1.0,1.0,6.8,6.0,7.0,0.7999999999999998,0.20000000000000018,0.0,0.0,0.0,0.0,0.0,4.0,4.0,4.0,0.0,0.0,0.0,0.0,0.0,0.0,0.0,4.0,4.0,4.0,0.0,0.0
20,4,14,5,0.2,0.2,0.3,dense,True,20,20,20,4,20,5,0,Shared MILP,validity_full_harmful_sequence_per_prompt,radius_derived,5,"0,10,20,30,40",1.0,1.0,1.0,0.0,0.0,0.0,0.0,0.0,0.0,0.0,6.0,5.25,6.5,0.75,0.5,6.1,5.0,6.5,1.0999999999999996,0.40000000000000036,5.0,4.0,6.0,1.0,1.0,6.8,6.0,7.0,0.7999999999999998,0.20000000000000018,4.0,4.0,4.0,0.0,0.0,4.0,4.0,4.0,0.0,0.0,0.0,0.0,0.0,0.0,0.0,4.0,4.0,4.0,0.0,0.0
20,4,14,5,0.2,0.2,0.3,dense,True,20,20,20,4,20,5,1,Shared MILP,validity_full_harmful_sequence_per_prompt,radius_derived,5,"0,10,20,30,40",1.0,1.0,1.0,0.0,0.0,0.0,0.0,0.0,0.0,0.0,6.0,5.25,6.5,0.75,0.5,6.1,5.0,6.5,1.0999999999999996,0.40000000000000036,5.0,4.0,6.0,1.0,1.0,6.8,6.0,7.0,0.7999999999999998,0.20000000000000018,4.0,4.0,4.0,0.0,0.0,4.0,4.0,4.0,0.0,0.0,0.0,0.0,0.0,0.0,0.0,4.0,4.0,4.0,0.0,0.0
20,4,14,5,0.2,0.2,0.3,dense,True,20,20,20,4,20,5,2,Shared MILP,validity_full_harmful_sequence_per_prompt,radius_derived,5,"0,10,20,30,40",1.0,1.0,1.0,0.0,0.0,0.0,0.0,0.0,0.0,0.0,6.0,5.25,6.5,0.75,0.5,6.1,5.0,6.5,1.0999999999999996,0.40000000000000036,5.0,4.0,6.0,1.0,1.0,6.8,6.0,7.0,0.7999999999999998,0.20000000000000018,4.0,4.0,4.0,0.0,0.0,4.0,4.0,4.0,0.0,0.0,0.0,0.0,0.0,0.0,0.0,4.0,4.0,4.0,0.0,0.0
20,4,14,5,0.2,0.2,0.3,dense,True,20,20,20,4,20,5,3,Shared MILP,validity_full_harmful_sequence_per_prompt,radius_derived,5,"0,10,20,30,40",1.0,1.0,1.0,0.0,0.0,0.0,0.0,0.0,0.0,0.0,6.0,5.25,6.5,0.75,0.5,6.1,5.0,6.5,1.0999999999999996,0.40000000000000036,5.0,4.0,6.0,1.0,1.0,6.8,6.0,7.0,0.7999999999999998,0.20000000000000018,4.0,4.0,4.0,0.0,0.0,4.0,4.0,4.0,0.0,0.0,0.0,0.0,0.0,0.0,0.0,4.0,4.0,4.0,0.0,0.0
20,4,14,5,0.2,0.2,0.3,dense,True,20,20,20,4,20,5,4,Shared MILP,validity_full_harmful_sequence_per_prompt,radius_derived,5,"0,10,20,30,40",0.95,0.75,1.0,0.19999999999999996,0.050000000000000044,0.05,0.0,0.25,0.05,0.2,6.0,5.25,6.5,0.75,0.5,6.1,5.0,6.5,1.0999999999999996,0.40000000000000036,5.0,4.0,6.0,1.0,1.0,6.8,6.0,7.0,0.7999999999999998,0.20000000000000018,3.8,3.0,4.0,0.7999999999999998,0.20000000000000018,4.0,4.0,4.0,0.0,0.0,0.0,0.0,0.0,0.0,0.0,4.0,4.0,4.0,0.0,0.0
20,4,14,5,0.2,0.2,0.3,dense,True,20,20,20,4,20,5,5,Shared MILP,validity_full_harmful_sequence_per_prompt,radius_derived,5,"0,10,20,30,40",0.7,0.25,1.0,0.44999999999999996,0.30000000000000004,0.3,0.0,0.75,0.3,0.45,6.0,5.25,6.5,0.75,0.5,6.1,5.0,6.5,1.0999999999999996,0.40000000000000036,5.0,4.0,6.0,1.0,1.0,6.8,6.0,7.0,0.7999999999999998,0.20000000000000018,2.8,1.0,4.0,1.7999999999999998,1.2000000000000002,4.0,4.0,4.0,0.0,0.0,0.0,0.0,0.0,0.0,0.0,4.0,4.0,4.0,0.0,0.0
20,4,14,5,0.2,0.2,0.3,dense,True,20,20,20,4,20,5,6,Shared MILP,validity_full_harmful_sequence_per_prompt,radius_derived,5,"0,10,20,30,40",0.35,0.0,0.5,0.35,0.15000000000000002,0.65,0.5,1.0,0.15000000000000002,0.35,6.0,5.25,6.5,0.75,0.5,6.1,5.0,6.5,1.0999999999999996,0.40000000000000036,5.0,4.0,6.0,1.0,1.0,6.8,6.0,7.0,0.7999999999999998,0.20000000000000018,1.4,0.0,2.0,1.4,0.6000000000000001,4.0,4.0,4.0,0.0,0.0,0.0,0.0,0.0,0.0,0.0,4.0,4.0,4.0,0.0,0.0
20,4,14,5,0.2,0.2,0.3,dense,True,20,20,20,4,20,5,7,Shared MILP,validity_full_harmful_sequence_per_prompt,radius_derived,5,"0,10,20,30,40",0.0,0.0,0.0,0.0,0.0,1.0,1.0,1.0,0.0,0.0,6.0,5.25,6.5,0.75,0.5,6.1,5.0,6.5,1.0999999999999996,0.40000000000000036,5.0,4.0,6.0,1.0,1.0,6.8,6.0,7.0,0.7999999999999998,0.20000000000000018,0.0,0.0,0.0,0.0,0.0,4.0,4.0,4.0,0.0,0.0,0.0,0.0,0.0,0.0,0.0,4.0,4.0,4.0,0.0,0.0
20,4,14,5,0.2,0.2,0.3,dense,True,20,20,20,4,20,5,8,Shared MILP,validity_full_harmful_sequence_per_prompt,radius_derived,5,"0,10,20,30,40",0.0,0.0,0.0,0.0,0.0,1.0,1.0,1.0,0.0,0.0,6.0,5.25,6.5,0.75,0.5,6.1,5.0,6.5,1.0999999999999996,0.40000000000000036,5.0,4.0,6.0,1.0,1.0,6.8,6.0,7.0,0.7999999999999998,0.20000000000000018,0.0,0.0,0.0,0.0,0.0,4.0,4.0,4.0,0.0,0.0,0.0,0.0,0.0,0.0,0.0,4.0,4.0,4.0,0.0,0.0
20,4,14,5,0.2,0.2,0.3,dense,True,20,20,20,4,20,5,9,Shared MILP,validity_full_harmful_sequence_per_prompt,radius_derived,5,"0,10,20,30,40",0.0,0.0,0.0,0.0,0.0,1.0,1.0,1.0,0.0,0.0,6.0,5.25,6.5,0.75,0.5,6.1,5.0,6.5,1.0999999999999996,0.40000000000000036,5.0,4.0,6.0,1.0,1.0,6.8,6.0,7.0,0.7999999999999998,0.20000000000000018,0.0,0.0,0.0,0.0,0.0,4.0,4.0,4.0,0.0,0.0,0.0,0.0,0.0,0.0,0.0,4.0,4.0,4.0,0.0,0.0
20,4,14,5,0.2,0.2,0.3,dense,True,20,20,20,4,20,5,10,Shared MILP,validity_full_harmful_sequence_per_prompt,radius_derived,5,"0,10,20,30,40",0.0,0.0,0.0,0.0,0.0,1.0,1.0,1.0,0.0,0.0,6.0,5.25,6.5,0.75,0.5,6.1,5.0,6.5,1.0999999999999996,0.40000000000000036,5.0,4.0,6.0,1.0,1.0,6.8,6.0,7.0,0.7999999999999998,0.20000000000000018,0.0,0.0,0.0,0.0,0.0,4.0,4.0,4.0,0.0,0.0,0.0,0.0,0.0,0.0,0.0,4.0,4.0,4.0,0.0,0.0
20,4,14,5,0.2,0.2,0.3,dense,True,20,20,20,4,20,5,11,Shared MILP,validity_full_harmful_sequence_per_prompt,radius_derived,5,"0,10,20,30,40",0.0,0.0,0.0,0.0,0.0,1.0,1.0,1.0,0.0,0.0,6.0,5.25,6.5,0.75,0.5,6.1,5.0,6.5,1.0999999999999996,0.40000000000000036,5.0,4.0,6.0,1.0,1.0,6.8,6.0,7.0,0.7999999999999998,0.20000000000000018,0.0,0.0,0.0,0.0,0.0,4.0,4.0,4.0,0.0,0.0,0.0,0.0,0.0,0.0,0.0,4.0,4.0,4.0,0.0,0.0
20,4,14,5,0.2,0.2,0.3,dense,True,20,20,20,4,20,5,12,Shared MILP,validity_full_harmful_sequence_per_prompt,radius_derived,5,"0,10,20,30,40",0.0,0.0,0.0,0.0,0.0,1.0,1.0,1.0,0.0,0.0,6.0,5.25,6.5,0.75,0.5,6.1,5.0,6.5,1.0999999999999996,0.40000000000000036,5.0,4.0,6.0,1.0,1.0,6.8,6.0,7.0,0.7999999999999998,0.20000000000000018,0.0,0.0,0.0,0.0,0.0,4.0,4.0,4.0,0.0,0.0,0.0,0.0,0.0,0.0,0.0,4.0,4.0,4.0,0.0,0.0
20,4,14,5,0.2,0.2,0.3,dense,True,20,20,20,4,20,5,13,Shared MILP,validity_full_harmful_sequence_per_prompt,radius_derived,5,"0,10,20,30,40",0.0,0.0,0.0,0.0,0.0,1.0,1.0,1.0,0.0,0.0,6.0,5.25,6.5,0.75,0.5,6.1,5.0,6.5,1.0999999999999996,0.40000000000000036,5.0,4.0,6.0,1.0,1.0,6.8,6.0,7.0,0.7999999999999998,0.20000000000000018,0.0,0.0,0.0,0.0,0.0,4.0,4.0,4.0,0.0,0.0,0.0,0.0,0.0,0.0,0.0,4.0,4.0,4.0,0.0,0.0
20,4,14,5,0.2,0.2,0.3,dense,True,20,20,20,4,20,5,14,Shared MILP,validity_full_harmful_sequence_per_prompt,radius_derived,5,"0,10,20,30,40",0.0,0.0,0.0,0.0,0.0,1.0,1.0,1.0,0.0,0.0,6.0,5.25,6.5,0.75,0.5,6.1,5.0,6.5,1.0999999999999996,0.40000000000000036,5.0,4.0,6.0,1.0,1.0,6.8,6.0,7.0,0.7999999999999998,0.20000000000000018,0.0,0.0,0.0,0.0,0.0,4.0,4.0,4.0,0.0,0.0,0.0,0.0,0.0,0.0,0.0,4.0,4.0,4.0,0.0,0.0
20,4,14,5,0.2,0.2,0.3,dense,True,20,20,20,4,20,5,15,Shared MILP,validity_full_harmful_sequence_per_prompt,radius_derived,5,"0,10,20,30,40",0.0,0.0,0.0,0.0,0.0,1.0,1.0,1.0,0.0,0.0,6.0,5.25,6.5,0.75,0.5,6.1,5.0,6.5,1.0999999999999996,0.40000000000000036,5.0,4.0,6.0,1.0,1.0,6.8,6.0,7.0,0.7999999999999998,0.20000000000000018,0.0,0.0,0.0,0.0,0.0,4.0,4.0,4.0,0.0,0.0,0.0,0.0,0.0,0.0,0.0,4.0,4.0,4.0,0.0,0.0
20,4,14,5,0.2,0.2,0.3,dense,True,20,20,20,4,20,5,16,Shared MILP,validity_full_harmful_sequence_per_prompt,radius_derived,5,"0,10,20,30,40",0.0,0.0,0.0,0.0,0.0,1.0,1.0,1.0,0.0,0.0,6.0,5.25,6.5,0.75,0.5,6.1,5.0,6.5,1.0999999999999996,0.40000000000000036,5.0,4.0,6.0,1.0,1.0,6.8,6.0,7.0,0.7999999999999998,0.20000000000000018,0.0,0.0,0.0,0.0,0.0,4.0,4.0,4.0,0.0,0.0,0.0,0.0,0.0,0.0,0.0,4.0,4.0,4.0,0.0,0.0
20,4,14,5,0.2,0.2,0.3,dense,True,20,20,20,4,20,5,17,Shared MILP,validity_full_harmful_sequence_per_prompt,radius_derived,5,"0,10,20,30,40",0.0,0.0,0.0,0.0,0.0,1.0,1.0,1.0,0.0,0.0,6.0,5.25,6.5,0.75,0.5,6.1,5.0,6.5,1.0999999999999996,0.40000000000000036,5.0,4.0,6.0,1.0,1.0,6.8,6.0,7.0,0.7999999999999998,0.20000000000000018,0.0,0.0,0.0,0.0,0.0,4.0,4.0,4.0,0.0,0.0,0.0,0.0,0.0,0.0,0.0,4.0,4.0,4.0,0.0,0.0
20,4,14,5,0.2,0.2,0.3,dense,True,20,20,20,4,20,5,18,Shared MILP,validity_full_harmful_sequence_per_prompt,radius_derived,5,"0,10,20,30,40",0.0,0.0,0.0,0.0,0.0,1.0,1.0,1.0,0.0,0.0,6.0,5.25,6.5,0.75,0.5,6.1,5.0,6.5,1.0999999999999996,0.40000000000000036,5.0,4.0,6.0,1.0,1.0,6.8,6.0,7.0,0.7999999999999998,0.20000000000000018,0.0,0.0,0.0,0.0,0.0,4.0,4.0,4.0,0.0,0.0,0.0,0.0,0.0,0.0,0.0,4.0,4.0,4.0,0.0,0.0
20,4,14,5,0.2,0.2,0.3,dense,True,20,20,20,4,20,5,19,Shared MILP,validity_full_harmful_sequence_per_prompt,radius_derived,5,"0,10,20,30,40",0.0,0.0,0.0,0.0,0.0,1.0,1.0,1.0,0.0,0.0,6.0,5.25,6.5,0.75,0.5,6.1,5.0,6.5,1.0999999999999996,0.40000000000000036,5.0,4.0,6.0,1.0,1.0,6.8,6.0,7.0,0.7999999999999998,0.20000000000000018,0.0,0.0,0.0,0.0,0.0,4.0,4.0,4.0,0.0,0.0,0.0,0.0,0.0,0.0,0.0,4.0,4.0,4.0,0.0,0.0
20,4,14,5,0.2,0.2,0.3,dense,True,20,20,20,4,20,5,20,Shared MILP,validity_full_harmful_sequence_per_prompt,radius_derived,5,"0,10,20,30,40",0.0,0.0,0.0,0.0,0.0,1.0,1.0,1.0,0.0,0.0,6.0,5.25,6.5,0.75,0.5,6.1,5.0,6.5,1.0999999999999996,0.40000000000000036,5.0,4.0,6.0,1.0,1.0,6.8,6.0,7.0,0.7999999999999998,0.20000000000000018,0.0,0.0,0.0,0.0,0.0,4.0,4.0,4.0,0.0,0.0,0.0,0.0,0.0,0.0,0.0,4.0,4.0,4.0,0.0,0.0
20,4,14,5,0.2,0.2,0.3,dense,True,20,20,20,4,20,5,0,Atomic phrase aggregation,validity_full_harmful_sequence_per_prompt,radius_derived,5,"0,10,20,30,40",1.0,1.0,1.0,0.0,0.0,0.0,0.0,0.0,0.0,0.0,1.0,1.0,1.0,0.0,0.0,1.0,1.0,1.0,0.0,0.0,1.0,1.0,1.0,0.0,0.0,1.0,1.0,1.0,0.0,0.0,4.0,4.0,4.0,0.0,0.0,4.0,4.0,4.0,0.0,0.0,0.0,0.0,0.0,0.0,0.0,4.0,4.0,4.0,0.0,0.0
20,4,14,5,0.2,0.2,0.3,dense,True,20,20,20,4,20,5,1,Atomic phrase aggregation,validity_full_harmful_sequence_per_prompt,radius_derived,5,"0,10,20,30,40",0.0,0.0,0.0,0.0,0.0,1.0,1.0,1.0,0.0,0.0,1.0,1.0,1.0,0.0,0.0,1.0,1.0,1.0,0.0,0.0,1.0,1.0,1.0,0.0,0.0,1.0,1.0,1.0,0.0,0.0,0.0,0.0,0.0,0.0,0.0,4.0,4.0,4.0,0.0,0.0,0.0,0.0,0.0,0.0,0.0,4.0,4.0,4.0,0.0,0.0
20,4,14,5,0.2,0.2,0.3,dense,True,20,20,20,4,20,5,2,Atomic phrase aggregation,validity_full_harmful_sequence_per_prompt,radius_derived,5,"0,10,20,30,40",0.0,0.0,0.0,0.0,0.0,1.0,1.0,1.0,0.0,0.0,1.0,1.0,1.0,0.0,0.0,1.0,1.0,1.0,0.0,0.0,1.0,1.0,1.0,0.0,0.0,1.0,1.0,1.0,0.0,0.0,0.0,0.0,0.0,0.0,0.0,4.0,4.0,4.0,0.0,0.0,0.0,0.0,0.0,0.0,0.0,4.0,4.0,4.0,0.0,0.0
20,4,14,5,0.2,0.2,0.3,dense,True,20,20,20,4,20,5,3,Atomic phrase aggregation,validity_full_harmful_sequence_per_prompt,radius_derived,5,"0,10,20,30,40",0.0,0.0,0.0,0.0,0.0,1.0,1.0,1.0,0.0,0.0,1.0,1.0,1.0,0.0,0.0,1.0,1.0,1.0,0.0,0.0,1.0,1.0,1.0,0.0,0.0,1.0,1.0,1.0,0.0,0.0,0.0,0.0,0.0,0.0,0.0,4.0,4.0,4.0,0.0,0.0,0.0,0.0,0.0,0.0,0.0,4.0,4.0,4.0,0.0,0.0
20,4,14,5,0.2,0.2,0.3,dense,True,20,20,20,4,20,5,4,Atomic phrase aggregation,validity_full_harmful_sequence_per_prompt,radius_derived,5,"0,10,20,30,40",0.0,0.0,0.0,0.0,0.0,1.0,1.0,1.0,0.0,0.0,1.0,1.0,1.0,0.0,0.0,1.0,1.0,1.0,0.0,0.0,1.0,1.0,1.0,0.0,0.0,1.0,1.0,1.0,0.0,0.0,0.0,0.0,0.0,0.0,0.0,4.0,4.0,4.0,0.0,0.0,0.0,0.0,0.0,0.0,0.0,4.0,4.0,4.0,0.0,0.0
20,4,14,5,0.2,0.2,0.3,dense,True,20,20,20,4,20,5,5,Atomic phrase aggregation,validity_full_harmful_sequence_per_prompt,radius_derived,5,"0,10,20,30,40",0.0,0.0,0.0,0.0,0.0,1.0,1.0,1.0,0.0,0.0,1.0,1.0,1.0,0.0,0.0,1.0,1.0,1.0,0.0,0.0,1.0,1.0,1.0,0.0,0.0,1.0,1.0,1.0,0.0,0.0,0.0,0.0,0.0,0.0,0.0,4.0,4.0,4.0,0.0,0.0,0.0,0.0,0.0,0.0,0.0,4.0,4.0,4.0,0.0,0.0
20,4,14,5,0.2,0.2,0.3,dense,True,20,20,20,4,20,5,6,Atomic phrase aggregation,validity_full_harmful_sequence_per_prompt,radius_derived,5,"0,10,20,30,40",0.0,0.0,0.0,0.0,0.0,1.0,1.0,1.0,0.0,0.0,1.0,1.0,1.0,0.0,0.0,1.0,1.0,1.0,0.0,0.0,1.0,1.0,1.0,0.0,0.0,1.0,1.0,1.0,0.0,0.0,0.0,0.0,0.0,0.0,0.0,4.0,4.0,4.0,0.0,0.0,0.0,0.0,0.0,0.0,0.0,4.0,4.0,4.0,0.0,0.0
20,4,14,5,0.2,0.2,0.3,dense,True,20,20,20,4,20,5,7,Atomic phrase aggregation,validity_full_harmful_sequence_per_prompt,radius_derived,5,"0,10,20,30,40",0.0,0.0,0.0,0.0,0.0,1.0,1.0,1.0,0.0,0.0,1.0,1.0,1.0,0.0,0.0,1.0,1.0,1.0,0.0,0.0,1.0,1.0,1.0,0.0,0.0,1.0,1.0,1.0,0.0,0.0,0.0,0.0,0.0,0.0,0.0,4.0,4.0,4.0,0.0,0.0,0.0,0.0,0.0,0.0,0.0,4.0,4.0,4.0,0.0,0.0
20,4,14,5,0.2,0.2,0.3,dense,True,20,20,20,4,20,5,8,Atomic phrase aggregation,validity_full_harmful_sequence_per_prompt,radius_derived,5,"0,10,20,30,40",0.0,0.0,0.0,0.0,0.0,1.0,1.0,1.0,0.0,0.0,1.0,1.0,1.0,0.0,0.0,1.0,1.0,1.0,0.0,0.0,1.0,1.0,1.0,0.0,0.0,1.0,1.0,1.0,0.0,0.0,0.0,0.0,0.0,0.0,0.0,4.0,4.0,4.0,0.0,0.0,0.0,0.0,0.0,0.0,0.0,4.0,4.0,4.0,0.0,0.0
20,4,14,5,0.2,0.2,0.3,dense,True,20,20,20,4,20,5,9,Atomic phrase aggregation,validity_full_harmful_sequence_per_prompt,radius_derived,5,"0,10,20,30,40",0.0,0.0,0.0,0.0,0.0,1.0,1.0,1.0,0.0,0.0,1.0,1.0,1.0,0.0,0.0,1.0,1.0,1.0,0.0,0.0,1.0,1.0,1.0,0.0,0.0,1.0,1.0,1.0,0.0,0.0,0.0,0.0,0.0,0.0,0.0,4.0,4.0,4.0,0.0,0.0,0.0,0.0,0.0,0.0,0.0,4.0,4.0,4.0,0.0,0.0
20,4,14,5,0.2,0.2,0.3,dense,True,20,20,20,4,20,5,10,Atomic phrase aggregation,validity_full_harmful_sequence_per_prompt,radius_derived,5,"0,10,20,30,40",0.0,0.0,0.0,0.0,0.0,1.0,1.0,1.0,0.0,0.0,1.0,1.0,1.0,0.0,0.0,1.0,1.0,1.0,0.0,0.0,1.0,1.0,1.0,0.0,0.0,1.0,1.0,1.0,0.0,0.0,0.0,0.0,0.0,0.0,0.0,4.0,4.0,4.0,0.0,0.0,0.0,0.0,0.0,0.0,0.0,4.0,4.0,4.0,0.0,0.0
20,4,14,5,0.2,0.2,0.3,dense,True,20,20,20,4,20,5,11,Atomic phrase aggregation,validity_full_harmful_sequence_per_prompt,radius_derived,5,"0,10,20,30,40",0.0,0.0,0.0,0.0,0.0,1.0,1.0,1.0,0.0,0.0,1.0,1.0,1.0,0.0,0.0,1.0,1.0,1.0,0.0,0.0,1.0,1.0,1.0,0.0,0.0,1.0,1.0,1.0,0.0,0.0,0.0,0.0,0.0,0.0,0.0,4.0,4.0,4.0,0.0,0.0,0.0,0.0,0.0,0.0,0.0,4.0,4.0,4.0,0.0,0.0
20,4,14,5,0.2,0.2,0.3,dense,True,20,20,20,4,20,5,12,Atomic phrase aggregation,validity_full_harmful_sequence_per_prompt,radius_derived,5,"0,10,20,30,40",0.0,0.0,0.0,0.0,0.0,1.0,1.0,1.0,0.0,0.0,1.0,1.0,1.0,0.0,0.0,1.0,1.0,1.0,0.0,0.0,1.0,1.0,1.0,0.0,0.0,1.0,1.0,1.0,0.0,0.0,0.0,0.0,0.0,0.0,0.0,4.0,4.0,4.0,0.0,0.0,0.0,0.0,0.0,0.0,0.0,4.0,4.0,4.0,0.0,0.0
20,4,14,5,0.2,0.2,0.3,dense,True,20,20,20,4,20,5,13,Atomic phrase aggregation,validity_full_harmful_sequence_per_prompt,radius_derived,5,"0,10,20,30,40",0.0,0.0,0.0,0.0,0.0,1.0,1.0,1.0,0.0,0.0,1.0,1.0,1.0,0.0,0.0,1.0,1.0,1.0,0.0,0.0,1.0,1.0,1.0,0.0,0.0,1.0,1.0,1.0,0.0,0.0,0.0,0.0,0.0,0.0,0.0,4.0,4.0,4.0,0.0,0.0,0.0,0.0,0.0,0.0,0.0,4.0,4.0,4.0,0.0,0.0
20,4,14,5,0.2,0.2,0.3,dense,True,20,20,20,4,20,5,14,Atomic phrase aggregation,validity_full_harmful_sequence_per_prompt,radius_derived,5,"0,10,20,30,40",0.0,0.0,0.0,0.0,0.0,1.0,1.0,1.0,0.0,0.0,1.0,1.0,1.0,0.0,0.0,1.0,1.0,1.0,0.0,0.0,1.0,1.0,1.0,0.0,0.0,1.0,1.0,1.0,0.0,0.0,0.0,0.0,0.0,0.0,0.0,4.0,4.0,4.0,0.0,0.0,0.0,0.0,0.0,0.0,0.0,4.0,4.0,4.0,0.0,0.0
20,4,14,5,0.2,0.2,0.3,dense,True,20,20,20,4,20,5,15,Atomic phrase aggregation,validity_full_harmful_sequence_per_prompt,radius_derived,5,"0,10,20,30,40",0.0,0.0,0.0,0.0,0.0,1.0,1.0,1.0,0.0,0.0,1.0,1.0,1.0,0.0,0.0,1.0,1.0,1.0,0.0,0.0,1.0,1.0,1.0,0.0,0.0,1.0,1.0,1.0,0.0,0.0,0.0,0.0,0.0,0.0,0.0,4.0,4.0,4.0,0.0,0.0,0.0,0.0,0.0,0.0,0.0,4.0,4.0,4.0,0.0,0.0
20,4,14,5,0.2,0.2,0.3,dense,True,20,20,20,4,20,5,16,Atomic phrase aggregation,validity_full_harmful_sequence_per_prompt,radius_derived,5,"0,10,20,30,40",0.0,0.0,0.0,0.0,0.0,1.0,1.0,1.0,0.0,0.0,1.0,1.0,1.0,0.0,0.0,1.0,1.0,1.0,0.0,0.0,1.0,1.0,1.0,0.0,0.0,1.0,1.0,1.0,0.0,0.0,0.0,0.0,0.0,0.0,0.0,4.0,4.0,4.0,0.0,0.0,0.0,0.0,0.0,0.0,0.0,4.0,4.0,4.0,0.0,0.0
20,4,14,5,0.2,0.2,0.3,dense,True,20,20,20,4,20,5,17,Atomic phrase aggregation,validity_full_harmful_sequence_per_prompt,radius_derived,5,"0,10,20,30,40",0.0,0.0,0.0,0.0,0.0,1.0,1.0,1.0,0.0,0.0,1.0,1.0,1.0,0.0,0.0,1.0,1.0,1.0,0.0,0.0,1.0,1.0,1.0,0.0,0.0,1.0,1.0,1.0,0.0,0.0,0.0,0.0,0.0,0.0,0.0,4.0,4.0,4.0,0.0,0.0,0.0,0.0,0.0,0.0,0.0,4.0,4.0,4.0,0.0,0.0
20,4,14,5,0.2,0.2,0.3,dense,True,20,20,20,4,20,5,18,Atomic phrase aggregation,validity_full_harmful_sequence_per_prompt,radius_derived,5,"0,10,20,30,40",0.0,0.0,0.0,0.0,0.0,1.0,1.0,1.0,0.0,0.0,1.0,1.0,1.0,0.0,0.0,1.0,1.0,1.0,0.0,0.0,1.0,1.0,1.0,0.0,0.0,1.0,1.0,1.0,0.0,0.0,0.0,0.0,0.0,0.0,0.0,4.0,4.0,4.0,0.0,0.0,0.0,0.0,0.0,0.0,0.0,4.0,4.0,4.0,0.0,0.0
20,4,14,5,0.2,0.2,0.3,dense,True,20,20,20,4,20,5,19,Atomic phrase aggregation,validity_full_harmful_sequence_per_prompt,radius_derived,5,"0,10,20,30,40",0.0,0.0,0.0,0.0,0.0,1.0,1.0,1.0,0.0,0.0,1.0,1.0,1.0,0.0,0.0,1.0,1.0,1.0,0.0,0.0,1.0,1.0,1.0,0.0,0.0,1.0,1.0,1.0,0.0,0.0,0.0,0.0,0.0,0.0,0.0,4.0,4.0,4.0,0.0,0.0,0.0,0.0,0.0,0.0,0.0,4.0,4.0,4.0,0.0,0.0
20,4,14,5,0.2,0.2,0.3,dense,True,20,20,20,4,20,5,20,Atomic phrase aggregation,validity_full_harmful_sequence_per_prompt,radius_derived,5,"0,10,20,30,40",0.0,0.0,0.0,0.0,0.0,1.0,1.0,1.0,0.0,0.0,1.0,1.0,1.0,0.0,0.0,1.0,1.0,1.0,0.0,0.0,1.0,1.0,1.0,0.0,0.0,1.0,1.0,1.0,0.0,0.0,0.0,0.0,0.0,0.0,0.0,4.0,4.0,4.0,0.0,0.0,0.0,0.0,0.0,0.0,0.0,4.0,4.0,4.0,0.0,0.0
20,4,14,5,0.2,0.2,0.3,dense,True,20,20,20,4,20,5,0,Independent shard-aware composition diagnostic,validity_full_harmful_sequence_per_prompt,radius_derived,5,"0,10,20,30,40",1.0,1.0,1.0,0.0,0.0,0.0,0.0,0.0,0.0,0.0,36.55,34.75,38.25,1.7999999999999972,1.7000000000000028,36.4,34.5,38.5,1.8999999999999986,2.1000000000000014,31.6,29.0,34.0,2.6000000000000014,2.3999999999999986,41.8,38.0,46.0,3.799999999999997,4.200000000000003,4.0,4.0,4.0,0.0,0.0,4.0,4.0,4.0,0.0,0.0,0.0,0.0,0.0,0.0,0.0,4.0,4.0,4.0,0.0,0.0
20,4,14,5,0.2,0.2,0.3,dense,True,20,20,20,4,20,5,1,Independent shard-aware composition diagnostic,validity_full_harmful_sequence_per_prompt,radius_derived,5,"0,10,20,30,40",1.0,1.0,1.0,0.0,0.0,0.0,0.0,0.0,0.0,0.0,36.55,34.75,38.25,1.7999999999999972,1.7000000000000028,36.4,34.5,38.5,1.8999999999999986,2.1000000000000014,31.6,29.0,34.0,2.6000000000000014,2.3999999999999986,41.8,38.0,46.0,3.799999999999997,4.200000000000003,4.0,4.0,4.0,0.0,0.0,4.0,4.0,4.0,0.0,0.0,0.0,0.0,0.0,0.0,0.0,4.0,4.0,4.0,0.0,0.0
20,4,14,5,0.2,0.2,0.3,dense,True,20,20,20,4,20,5,2,Independent shard-aware composition diagnostic,validity_full_harmful_sequence_per_prompt,radius_derived,5,"0,10,20,30,40",1.0,1.0,1.0,0.0,0.0,0.0,0.0,0.0,0.0,0.0,36.55,34.75,38.25,1.7999999999999972,1.7000000000000028,36.4,34.5,38.5,1.8999999999999986,2.1000000000000014,31.6,29.0,34.0,2.6000000000000014,2.3999999999999986,41.8,38.0,46.0,3.799999999999997,4.200000000000003,4.0,4.0,4.0,0.0,0.0,4.0,4.0,4.0,0.0,0.0,0.0,0.0,0.0,0.0,0.0,4.0,4.0,4.0,0.0,0.0
20,4,14,5,0.2,0.2,0.3,dense,True,20,20,20,4,20,5,3,Independent shard-aware composition diagnostic,validity_full_harmful_sequence_per_prompt,radius_derived,5,"0,10,20,30,40",1.0,1.0,1.0,0.0,0.0,0.0,0.0,0.0,0.0,0.0,36.55,34.75,38.25,1.7999999999999972,1.7000000000000028,36.4,34.5,38.5,1.8999999999999986,2.1000000000000014,31.6,29.0,34.0,2.6000000000000014,2.3999999999999986,41.8,38.0,46.0,3.799999999999997,4.200000000000003,4.0,4.0,4.0,0.0,0.0,4.0,4.0,4.0,0.0,0.0,0.0,0.0,0.0,0.0,0.0,4.0,4.0,4.0,0.0,0.0
20,4,14,5,0.2,0.2,0.3,dense,True,20,20,20,4,20,5,4,Independent shard-aware composition diagnostic,validity_full_harmful_sequence_per_prompt,radius_derived,5,"0,10,20,30,40",1.0,1.0,1.0,0.0,0.0,0.0,0.0,0.0,0.0,0.0,36.55,34.75,38.25,1.7999999999999972,1.7000000000000028,36.4,34.5,38.5,1.8999999999999986,2.1000000000000014,31.6,29.0,34.0,2.6000000000000014,2.3999999999999986,41.8,38.0,46.0,3.799999999999997,4.200000000000003,4.0,4.0,4.0,0.0,0.0,4.0,4.0,4.0,0.0,0.0,0.0,0.0,0.0,0.0,0.0,4.0,4.0,4.0,0.0,0.0
20,4,14,5,0.2,0.2,0.3,dense,True,20,20,20,4,20,5,5,Independent shard-aware composition diagnostic,validity_full_harmful_sequence_per_prompt,radius_derived,5,"0,10,20,30,40",1.0,1.0,1.0,0.0,0.0,0.0,0.0,0.0,0.0,0.0,36.55,34.75,38.25,1.7999999999999972,1.7000000000000028,36.4,34.5,38.5,1.8999999999999986,2.1000000000000014,31.6,29.0,34.0,2.6000000000000014,2.3999999999999986,41.8,38.0,46.0,3.799999999999997,4.200000000000003,4.0,4.0,4.0,0.0,0.0,4.0,4.0,4.0,0.0,0.0,0.0,0.0,0.0,0.0,0.0,4.0,4.0,4.0,0.0,0.0
20,4,14,5,0.2,0.2,0.3,dense,True,20,20,20,4,20,5,6,Independent shard-aware composition diagnostic,validity_full_harmful_sequence_per_prompt,radius_derived,5,"0,10,20,30,40",1.0,1.0,1.0,0.0,0.0,0.0,0.0,0.0,0.0,0.0,36.55,34.75,38.25,1.7999999999999972,1.7000000000000028,36.4,34.5,38.5,1.8999999999999986,2.1000000000000014,31.6,29.0,34.0,2.6000000000000014,2.3999999999999986,41.8,38.0,46.0,3.799999999999997,4.200000000000003,4.0,4.0,4.0,0.0,0.0,4.0,4.0,4.0,0.0,0.0,0.0,0.0,0.0,0.0,0.0,4.0,4.0,4.0,0.0,0.0
20,4,14,5,0.2,0.2,0.3,dense,True,20,20,20,4,20,5,7,Independent shard-aware composition diagnostic,validity_full_harmful_sequence_per_prompt,radius_derived,5,"0,10,20,30,40",1.0,1.0,1.0,0.0,0.0,0.0,0.0,0.0,0.0,0.0,36.55,34.75,38.25,1.7999999999999972,1.7000000000000028,36.4,34.5,38.5,1.8999999999999986,2.1000000000000014,31.6,29.0,34.0,2.6000000000000014,2.3999999999999986,41.8,38.0,46.0,3.799999999999997,4.200000000000003,4.0,4.0,4.0,0.0,0.0,4.0,4.0,4.0,0.0,0.0,0.0,0.0,0.0,0.0,0.0,4.0,4.0,4.0,0.0,0.0
20,4,14,5,0.2,0.2,0.3,dense,True,20,20,20,4,20,5,8,Independent shard-aware composition diagnostic,validity_full_harmful_sequence_per_prompt,radius_derived,5,"0,10,20,30,40",1.0,1.0,1.0,0.0,0.0,0.0,0.0,0.0,0.0,0.0,36.55,34.75,38.25,1.7999999999999972,1.7000000000000028,36.4,34.5,38.5,1.8999999999999986,2.1000000000000014,31.6,29.0,34.0,2.6000000000000014,2.3999999999999986,41.8,38.0,46.0,3.799999999999997,4.200000000000003,4.0,4.0,4.0,0.0,0.0,4.0,4.0,4.0,0.0,0.0,0.0,0.0,0.0,0.0,0.0,4.0,4.0,4.0,0.0,0.0
20,4,14,5,0.2,0.2,0.3,dense,True,20,20,20,4,20,5,9,Independent shard-aware composition diagnostic,validity_full_harmful_sequence_per_prompt,radius_derived,5,"0,10,20,30,40",1.0,1.0,1.0,0.0,0.0,0.0,0.0,0.0,0.0,0.0,36.55,34.75,38.25,1.7999999999999972,1.7000000000000028,36.4,34.5,38.5,1.8999999999999986,2.1000000000000014,31.6,29.0,34.0,2.6000000000000014,2.3999999999999986,41.8,38.0,46.0,3.799999999999997,4.200000000000003,4.0,4.0,4.0,0.0,0.0,4.0,4.0,4.0,0.0,0.0,0.0,0.0,0.0,0.0,0.0,4.0,4.0,4.0,0.0,0.0
20,4,14,5,0.2,0.2,0.3,dense,True,20,20,20,4,20,5,10,Independent shard-aware composition diagnostic,validity_full_harmful_sequence_per_prompt,radius_derived,5,"0,10,20,30,40",1.0,1.0,1.0,0.0,0.0,0.0,0.0,0.0,0.0,0.0,36.55,34.75,38.25,1.7999999999999972,1.7000000000000028,36.4,34.5,38.5,1.8999999999999986,2.1000000000000014,31.6,29.0,34.0,2.6000000000000014,2.3999999999999986,41.8,38.0,46.0,3.799999999999997,4.200000000000003,4.0,4.0,4.0,0.0,0.0,4.0,4.0,4.0,0.0,0.0,0.0,0.0,0.0,0.0,0.0,4.0,4.0,4.0,0.0,0.0
20,4,14,5,0.2,0.2,0.3,dense,True,20,20,20,4,20,5,11,Independent shard-aware composition diagnostic,validity_full_harmful_sequence_per_prompt,radius_derived,5,"0,10,20,30,40",1.0,1.0,1.0,0.0,0.0,0.0,0.0,0.0,0.0,0.0,36.55,34.75,38.25,1.7999999999999972,1.7000000000000028,36.4,34.5,38.5,1.8999999999999986,2.1000000000000014,31.6,29.0,34.0,2.6000000000000014,2.3999999999999986,41.8,38.0,46.0,3.799999999999997,4.200000000000003,4.0,4.0,4.0,0.0,0.0,4.0,4.0,4.0,0.0,0.0,0.0,0.0,0.0,0.0,0.0,4.0,4.0,4.0,0.0,0.0
20,4,14,5,0.2,0.2,0.3,dense,True,20,20,20,4,20,5,12,Independent shard-aware composition diagnostic,validity_full_harmful_sequence_per_prompt,radius_derived,5,"0,10,20,30,40",1.0,1.0,1.0,0.0,0.0,0.0,0.0,0.0,0.0,0.0,36.55,34.75,38.25,1.7999999999999972,1.7000000000000028,36.4,34.5,38.5,1.8999999999999986,2.1000000000000014,31.6,29.0,34.0,2.6000000000000014,2.3999999999999986,41.8,38.0,46.0,3.799999999999997,4.200000000000003,4.0,4.0,4.0,0.0,0.0,4.0,4.0,4.0,0.0,0.0,0.0,0.0,0.0,0.0,0.0,4.0,4.0,4.0,0.0,0.0
20,4,14,5,0.2,0.2,0.3,dense,True,20,20,20,4,20,5,13,Independent shard-aware composition diagnostic,validity_full_harmful_sequence_per_prompt,radius_derived,5,"0,10,20,30,40",1.0,1.0,1.0,0.0,0.0,0.0,0.0,0.0,0.0,0.0,36.55,34.75,38.25,1.7999999999999972,1.7000000000000028,36.4,34.5,38.5,1.8999999999999986,2.1000000000000014,31.6,29.0,34.0,2.6000000000000014,2.3999999999999986,41.8,38.0,46.0,3.799999999999997,4.200000000000003,4.0,4.0,4.0,0.0,0.0,4.0,4.0,4.0,0.0,0.0,0.0,0.0,0.0,0.0,0.0,4.0,4.0,4.0,0.0,0.0
20,4,14,5,0.2,0.2,0.3,dense,True,20,20,20,4,20,5,14,Independent shard-aware composition diagnostic,validity_full_harmful_sequence_per_prompt,radius_derived,5,"0,10,20,30,40",1.0,1.0,1.0,0.0,0.0,0.0,0.0,0.0,0.0,0.0,36.55,34.75,38.25,1.7999999999999972,1.7000000000000028,36.4,34.5,38.5,1.8999999999999986,2.1000000000000014,31.6,29.0,34.0,2.6000000000000014,2.3999999999999986,41.8,38.0,46.0,3.799999999999997,4.200000000000003,4.0,4.0,4.0,0.0,0.0,4.0,4.0,4.0,0.0,0.0,0.0,0.0,0.0,0.0,0.0,4.0,4.0,4.0,0.0,0.0
20,4,14,5,0.2,0.2,0.3,dense,True,20,20,20,4,20,5,15,Independent shard-aware composition diagnostic,validity_full_harmful_sequence_per_prompt,radius_derived,5,"0,10,20,30,40",1.0,1.0,1.0,0.0,0.0,0.0,0.0,0.0,0.0,0.0,36.55,34.75,38.25,1.7999999999999972,1.7000000000000028,36.4,34.5,38.5,1.8999999999999986,2.1000000000000014,31.6,29.0,34.0,2.6000000000000014,2.3999999999999986,41.8,38.0,46.0,3.799999999999997,4.200000000000003,4.0,4.0,4.0,0.0,0.0,4.0,4.0,4.0,0.0,0.0,0.0,0.0,0.0,0.0,0.0,4.0,4.0,4.0,0.0,0.0
20,4,14,5,0.2,0.2,0.3,dense,True,20,20,20,4,20,5,16,Independent shard-aware composition diagnostic,validity_full_harmful_sequence_per_prompt,radius_derived,5,"0,10,20,30,40",1.0,1.0,1.0,0.0,0.0,0.0,0.0,0.0,0.0,0.0,36.55,34.75,38.25,1.7999999999999972,1.7000000000000028,36.4,34.5,38.5,1.8999999999999986,2.1000000000000014,31.6,29.0,34.0,2.6000000000000014,2.3999999999999986,41.8,38.0,46.0,3.799999999999997,4.200000000000003,4.0,4.0,4.0,0.0,0.0,4.0,4.0,4.0,0.0,0.0,0.0,0.0,0.0,0.0,0.0,4.0,4.0,4.0,0.0,0.0
20,4,14,5,0.2,0.2,0.3,dense,True,20,20,20,4,20,5,17,Independent shard-aware composition diagnostic,validity_full_harmful_sequence_per_prompt,radius_derived,5,"0,10,20,30,40",1.0,1.0,1.0,0.0,0.0,0.0,0.0,0.0,0.0,0.0,36.55,34.75,38.25,1.7999999999999972,1.7000000000000028,36.4,34.5,38.5,1.8999999999999986,2.1000000000000014,31.6,29.0,34.0,2.6000000000000014,2.3999999999999986,41.8,38.0,46.0,3.799999999999997,4.200000000000003,4.0,4.0,4.0,0.0,0.0,4.0,4.0,4.0,0.0,0.0,0.0,0.0,0.0,0.0,0.0,4.0,4.0,4.0,0.0,0.0
20,4,14,5,0.2,0.2,0.3,dense,True,20,20,20,4,20,5,18,Independent shard-aware composition diagnostic,validity_full_harmful_sequence_per_prompt,radius_derived,5,"0,10,20,30,40",1.0,1.0,1.0,0.0,0.0,0.0,0.0,0.0,0.0,0.0,36.55,34.75,38.25,1.7999999999999972,1.7000000000000028,36.4,34.5,38.5,1.8999999999999986,2.1000000000000014,31.6,29.0,34.0,2.6000000000000014,2.3999999999999986,41.8,38.0,46.0,3.799999999999997,4.200000000000003,4.0,4.0,4.0,0.0,0.0,4.0,4.0,4.0,0.0,0.0,0.0,0.0,0.0,0.0,0.0,4.0,4.0,4.0,0.0,0.0
20,4,14,5,0.2,0.2,0.3,dense,True,20,20,20,4,20,5,19,Independent shard-aware composition diagnostic,validity_full_harmful_sequence_per_prompt,radius_derived,5,"0,10,20,30,40",1.0,1.0,1.0,0.0,0.0,0.0,0.0,0.0,0.0,0.0,36.55,34.75,38.25,1.7999999999999972,1.7000000000000028,36.4,34.5,38.5,1.8999999999999986,2.1000000000000014,31.6,29.0,34.0,2.6000000000000014,2.3999999999999986,41.8,38.0,46.0,3.799999999999997,4.200000000000003,4.0,4.0,4.0,0.0,0.0,4.0,4.0,4.0,0.0,0.0,0.0,0.0,0.0,0.0,0.0,4.0,4.0,4.0,0.0,0.0
20,4,14,5,0.2,0.2,0.3,dense,True,20,20,20,4,20,5,20,Independent shard-aware composition diagnostic,validity_full_harmful_sequence_per_prompt,radius_derived,5,"0,10,20,30,40",1.0,1.0,1.0,0.0,0.0,0.0,0.0,0.0,0.0,0.0,36.55,34.75,38.25,1.7999999999999972,1.7000000000000028,36.4,34.5,38.5,1.8999999999999986,2.1000000000000014,31.6,29.0,34.0,2.6000000000000014,2.3999999999999986,41.8,38.0,46.0,3.799999999999997,4.200000000000003,4.0,4.0,4.0,0.0,0.0,4.0,4.0,4.0,0.0,0.0,0.0,0.0,0.0,0.0,0.0,4.0,4.0,4.0,0.0,0.0
20,4,16,5,0.2,0.2,0.3,dense,True,20,20,20,4,20,5,0,DPA token margin,full_response_stable_against_any_token_change,radius_derived,5,"0,10,20,30,40",1.0,1.0,1.0,0.0,0.0,0.0,0.0,0.0,0.0,0.0,4.55,4.0,5.5,0.5499999999999998,0.9500000000000002,4.6,4.0,5.5,0.5999999999999996,0.9000000000000004,3.6,3.0,5.0,0.6000000000000001,1.4,5.4,5.0,6.0,0.40000000000000036,0.5999999999999996,4.0,4.0,4.0,0.0,0.0,4.0,4.0,4.0,0.0,0.0,0.0,0.0,0.0,0.0,0.0,4.0,4.0,4.0,0.0,0.0
20,4,16,5,0.2,0.2,0.3,dense,True,20,20,20,4,20,5,1,DPA token margin,full_response_stable_against_any_token_change,radius_derived,5,"0,10,20,30,40",1.0,1.0,1.0,0.0,0.0,0.0,0.0,0.0,0.0,0.0,4.55,4.0,5.5,0.5499999999999998,0.9500000000000002,4.6,4.0,5.5,0.5999999999999996,0.9000000000000004,3.6,3.0,5.0,0.6000000000000001,1.4,5.4,5.0,6.0,0.40000000000000036,0.5999999999999996,4.0,4.0,4.0,0.0,0.0,4.0,4.0,4.0,0.0,0.0,0.0,0.0,0.0,0.0,0.0,4.0,4.0,4.0,0.0,0.0
20,4,16,5,0.2,0.2,0.3,dense,True,20,20,20,4,20,5,2,DPA token margin,full_response_stable_against_any_token_change,radius_derived,5,"0,10,20,30,40",1.0,1.0,1.0,0.0,0.0,0.0,0.0,0.0,0.0,0.0,4.55,4.0,5.5,0.5499999999999998,0.9500000000000002,4.6,4.0,5.5,0.5999999999999996,0.9000000000000004,3.6,3.0,5.0,0.6000000000000001,1.4,5.4,5.0,6.0,0.40000000000000036,0.5999999999999996,4.0,4.0,4.0,0.0,0.0,4.0,4.0,4.0,0.0,0.0,0.0,0.0,0.0,0.0,0.0,4.0,4.0,4.0,0.0,0.0
20,4,16,5,0.2,0.2,0.3,dense,True,20,20,20,4,20,5,3,DPA token margin,full_response_stable_against_any_token_change,radius_derived,5,"0,10,20,30,40",0.85,0.75,1.0,0.09999999999999998,0.15000000000000002,0.15,0.0,0.25,0.15,0.1,4.55,4.0,5.5,0.5499999999999998,0.9500000000000002,4.6,4.0,5.5,0.5999999999999996,0.9000000000000004,3.6,3.0,5.0,0.6000000000000001,1.4,5.4,5.0,6.0,0.40000000000000036,0.5999999999999996,3.4,3.0,4.0,0.3999999999999999,0.6000000000000001,4.0,4.0,4.0,0.0,0.0,0.0,0.0,0.0,0.0,0.0,4.0,4.0,4.0,0.0,0.0
20,4,16,5,0.2,0.2,0.3,dense,True,20,20,20,4,20,5,4,DPA token margin,full_response_stable_against_any_token_change,radius_derived,5,"0,10,20,30,40",0.55,0.25,1.0,0.30000000000000004,0.44999999999999996,0.45,0.0,0.75,0.45,0.3,4.55,4.0,5.5,0.5499999999999998,0.9500000000000002,4.6,4.0,5.5,0.5999999999999996,0.9000000000000004,3.6,3.0,5.0,0.6000000000000001,1.4,5.4,5.0,6.0,0.40000000000000036,0.5999999999999996,2.2,1.0,4.0,1.2000000000000002,1.7999999999999998,4.0,4.0,4.0,0.0,0.0,0.0,0.0,0.0,0.0,0.0,4.0,4.0,4.0,0.0,0.0
20,4,16,5,0.2,0.2,0.3,dense,True,20,20,20,4,20,5,5,DPA token margin,full_response_stable_against_any_token_change,radius_derived,5,"0,10,20,30,40",0.15,0.0,0.5,0.15,0.35,0.85,0.5,1.0,0.35,0.15000000000000002,4.55,4.0,5.5,0.5499999999999998,0.9500000000000002,4.6,4.0,5.5,0.5999999999999996,0.9000000000000004,3.6,3.0,5.0,0.6000000000000001,1.4,5.4,5.0,6.0,0.40000000000000036,0.5999999999999996,0.6,0.0,2.0,0.6,1.4,4.0,4.0,4.0,0.0,0.0,0.0,0.0,0.0,0.0,0.0,4.0,4.0,4.0,0.0,0.0
20,4,16,5,0.2,0.2,0.3,dense,True,20,20,20,4,20,5,6,DPA token margin,full_response_stable_against_any_token_change,radius_derived,5,"0,10,20,30,40",0.0,0.0,0.0,0.0,0.0,1.0,1.0,1.0,0.0,0.0,4.55,4.0,5.5,0.5499999999999998,0.9500000000000002,4.6,4.0,5.5,0.5999999999999996,0.9000000000000004,3.6,3.0,5.0,0.6000000000000001,1.4,5.4,5.0,6.0,0.40000000000000036,0.5999999999999996,0.0,0.0,0.0,0.0,0.0,4.0,4.0,4.0,0.0,0.0,0.0,0.0,0.0,0.0,0.0,4.0,4.0,4.0,0.0,0.0
20,4,16,5,0.2,0.2,0.3,dense,True,20,20,20,4,20,5,7,DPA token margin,full_response_stable_against_any_token_change,radius_derived,5,"0,10,20,30,40",0.0,0.0,0.0,0.0,0.0,1.0,1.0,1.0,0.0,0.0,4.55,4.0,5.5,0.5499999999999998,0.9500000000000002,4.6,4.0,5.5,0.5999999999999996,0.9000000000000004,3.6,3.0,5.0,0.6000000000000001,1.4,5.4,5.0,6.0,0.40000000000000036,0.5999999999999996,0.0,0.0,0.0,0.0,0.0,4.0,4.0,4.0,0.0,0.0,0.0,0.0,0.0,0.0,0.0,4.0,4.0,4.0,0.0,0.0
20,4,16,5,0.2,0.2,0.3,dense,True,20,20,20,4,20,5,8,DPA token margin,full_response_stable_against_any_token_change,radius_derived,5,"0,10,20,30,40",0.0,0.0,0.0,0.0,0.0,1.0,1.0,1.0,0.0,0.0,4.55,4.0,5.5,0.5499999999999998,0.9500000000000002,4.6,4.0,5.5,0.5999999999999996,0.9000000000000004,3.6,3.0,5.0,0.6000000000000001,1.4,5.4,5.0,6.0,0.40000000000000036,0.5999999999999996,0.0,0.0,0.0,0.0,0.0,4.0,4.0,4.0,0.0,0.0,0.0,0.0,0.0,0.0,0.0,4.0,4.0,4.0,0.0,0.0
20,4,16,5,0.2,0.2,0.3,dense,True,20,20,20,4,20,5,9,DPA token margin,full_response_stable_against_any_token_change,radius_derived,5,"0,10,20,30,40",0.0,0.0,0.0,0.0,0.0,1.0,1.0,1.0,0.0,0.0,4.55,4.0,5.5,0.5499999999999998,0.9500000000000002,4.6,4.0,5.5,0.5999999999999996,0.9000000000000004,3.6,3.0,5.0,0.6000000000000001,1.4,5.4,5.0,6.0,0.40000000000000036,0.5999999999999996,0.0,0.0,0.0,0.0,0.0,4.0,4.0,4.0,0.0,0.0,0.0,0.0,0.0,0.0,0.0,4.0,4.0,4.0,0.0,0.0
20,4,16,5,0.2,0.2,0.3,dense,True,20,20,20,4,20,5,10,DPA token margin,full_response_stable_against_any_token_change,radius_derived,5,"0,10,20,30,40",0.0,0.0,0.0,0.0,0.0,1.0,1.0,1.0,0.0,0.0,4.55,4.0,5.5,0.5499999999999998,0.9500000000000002,4.6,4.0,5.5,0.5999999999999996,0.9000000000000004,3.6,3.0,5.0,0.6000000000000001,1.4,5.4,5.0,6.0,0.40000000000000036,0.5999999999999996,0.0,0.0,0.0,0.0,0.0,4.0,4.0,4.0,0.0,0.0,0.0,0.0,0.0,0.0,0.0,4.0,4.0,4.0,0.0,0.0
20,4,16,5,0.2,0.2,0.3,dense,True,20,20,20,4,20,5,11,DPA token margin,full_response_stable_against_any_token_change,radius_derived,5,"0,10,20,30,40",0.0,0.0,0.0,0.0,0.0,1.0,1.0,1.0,0.0,0.0,4.55,4.0,5.5,0.5499999999999998,0.9500000000000002,4.6,4.0,5.5,0.5999999999999996,0.9000000000000004,3.6,3.0,5.0,0.6000000000000001,1.4,5.4,5.0,6.0,0.40000000000000036,0.5999999999999996,0.0,0.0,0.0,0.0,0.0,4.0,4.0,4.0,0.0,0.0,0.0,0.0,0.0,0.0,0.0,4.0,4.0,4.0,0.0,0.0
20,4,16,5,0.2,0.2,0.3,dense,True,20,20,20,4,20,5,12,DPA token margin,full_response_stable_against_any_token_change,radius_derived,5,"0,10,20,30,40",0.0,0.0,0.0,0.0,0.0,1.0,1.0,1.0,0.0,0.0,4.55,4.0,5.5,0.5499999999999998,0.9500000000000002,4.6,4.0,5.5,0.5999999999999996,0.9000000000000004,3.6,3.0,5.0,0.6000000000000001,1.4,5.4,5.0,6.0,0.40000000000000036,0.5999999999999996,0.0,0.0,0.0,0.0,0.0,4.0,4.0,4.0,0.0,0.0,0.0,0.0,0.0,0.0,0.0,4.0,4.0,4.0,0.0,0.0
20,4,16,5,0.2,0.2,0.3,dense,True,20,20,20,4,20,5,13,DPA token margin,full_response_stable_against_any_token_change,radius_derived,5,"0,10,20,30,40",0.0,0.0,0.0,0.0,0.0,1.0,1.0,1.0,0.0,0.0,4.55,4.0,5.5,0.5499999999999998,0.9500000000000002,4.6,4.0,5.5,0.5999999999999996,0.9000000000000004,3.6,3.0,5.0,0.6000000000000001,1.4,5.4,5.0,6.0,0.40000000000000036,0.5999999999999996,0.0,0.0,0.0,0.0,0.0,4.0,4.0,4.0,0.0,0.0,0.0,0.0,0.0,0.0,0.0,4.0,4.0,4.0,0.0,0.0
20,4,16,5,0.2,0.2,0.3,dense,True,20,20,20,4,20,5,14,DPA token margin,full_response_stable_against_any_token_change,radius_derived,5,"0,10,20,30,40",0.0,0.0,0.0,0.0,0.0,1.0,1.0,1.0,0.0,0.0,4.55,4.0,5.5,0.5499999999999998,0.9500000000000002,4.6,4.0,5.5,0.5999999999999996,0.9000000000000004,3.6,3.0,5.0,0.6000000000000001,1.4,5.4,5.0,6.0,0.40000000000000036,0.5999999999999996,0.0,0.0,0.0,0.0,0.0,4.0,4.0,4.0,0.0,0.0,0.0,0.0,0.0,0.0,0.0,4.0,4.0,4.0,0.0,0.0
20,4,16,5,0.2,0.2,0.3,dense,True,20,20,20,4,20,5,15,DPA token margin,full_response_stable_against_any_token_change,radius_derived,5,"0,10,20,30,40",0.0,0.0,0.0,0.0,0.0,1.0,1.0,1.0,0.0,0.0,4.55,4.0,5.5,0.5499999999999998,0.9500000000000002,4.6,4.0,5.5,0.5999999999999996,0.9000000000000004,3.6,3.0,5.0,0.6000000000000001,1.4,5.4,5.0,6.0,0.40000000000000036,0.5999999999999996,0.0,0.0,0.0,0.0,0.0,4.0,4.0,4.0,0.0,0.0,0.0,0.0,0.0,0.0,0.0,4.0,4.0,4.0,0.0,0.0
20,4,16,5,0.2,0.2,0.3,dense,True,20,20,20,4,20,5,16,DPA token margin,full_response_stable_against_any_token_change,radius_derived,5,"0,10,20,30,40",0.0,0.0,0.0,0.0,0.0,1.0,1.0,1.0,0.0,0.0,4.55,4.0,5.5,0.5499999999999998,0.9500000000000002,4.6,4.0,5.5,0.5999999999999996,0.9000000000000004,3.6,3.0,5.0,0.6000000000000001,1.4,5.4,5.0,6.0,0.40000000000000036,0.5999999999999996,0.0,0.0,0.0,0.0,0.0,4.0,4.0,4.0,0.0,0.0,0.0,0.0,0.0,0.0,0.0,4.0,4.0,4.0,0.0,0.0
20,4,16,5,0.2,0.2,0.3,dense,True,20,20,20,4,20,5,17,DPA token margin,full_response_stable_against_any_token_change,radius_derived,5,"0,10,20,30,40",0.0,0.0,0.0,0.0,0.0,1.0,1.0,1.0,0.0,0.0,4.55,4.0,5.5,0.5499999999999998,0.9500000000000002,4.6,4.0,5.5,0.5999999999999996,0.9000000000000004,3.6,3.0,5.0,0.6000000000000001,1.4,5.4,5.0,6.0,0.40000000000000036,0.5999999999999996,0.0,0.0,0.0,0.0,0.0,4.0,4.0,4.0,0.0,0.0,0.0,0.0,0.0,0.0,0.0,4.0,4.0,4.0,0.0,0.0
20,4,16,5,0.2,0.2,0.3,dense,True,20,20,20,4,20,5,18,DPA token margin,full_response_stable_against_any_token_change,radius_derived,5,"0,10,20,30,40",0.0,0.0,0.0,0.0,0.0,1.0,1.0,1.0,0.0,0.0,4.55,4.0,5.5,0.5499999999999998,0.9500000000000002,4.6,4.0,5.5,0.5999999999999996,0.9000000000000004,3.6,3.0,5.0,0.6000000000000001,1.4,5.4,5.0,6.0,0.40000000000000036,0.5999999999999996,0.0,0.0,0.0,0.0,0.0,4.0,4.0,4.0,0.0,0.0,0.0,0.0,0.0,0.0,0.0,4.0,4.0,4.0,0.0,0.0
20,4,16,5,0.2,0.2,0.3,dense,True,20,20,20,4,20,5,19,DPA token margin,full_response_stable_against_any_token_change,radius_derived,5,"0,10,20,30,40",0.0,0.0,0.0,0.0,0.0,1.0,1.0,1.0,0.0,0.0,4.55,4.0,5.5,0.5499999999999998,0.9500000000000002,4.6,4.0,5.5,0.5999999999999996,0.9000000000000004,3.6,3.0,5.0,0.6000000000000001,1.4,5.4,5.0,6.0,0.40000000000000036,0.5999999999999996,0.0,0.0,0.0,0.0,0.0,4.0,4.0,4.0,0.0,0.0,0.0,0.0,0.0,0.0,0.0,4.0,4.0,4.0,0.0,0.0
20,4,16,5,0.2,0.2,0.3,dense,True,20,20,20,4,20,5,20,DPA token margin,full_response_stable_against_any_token_change,radius_derived,5,"0,10,20,30,40",0.0,0.0,0.0,0.0,0.0,1.0,1.0,1.0,0.0,0.0,4.55,4.0,5.5,0.5499999999999998,0.9500000000000002,4.6,4.0,5.5,0.5999999999999996,0.9000000000000004,3.6,3.0,5.0,0.6000000000000001,1.4,5.4,5.0,6.0,0.40000000000000036,0.5999999999999996,0.0,0.0,0.0,0.0,0.0,4.0,4.0,4.0,0.0,0.0,0.0,0.0,0.0,0.0,0.0,4.0,4.0,4.0,0.0,0.0
20,4,16,5,0.2,0.2,0.3,dense,True,20,20,20,4,20,5,0,Shared MILP,stability_one_token_per_prompt,radius_derived,5,"0,10,20,30,40",1.0,1.0,1.0,0.0,0.0,0.0,0.0,0.0,0.0,0.0,4.55,4.0,5.5,0.5499999999999998,0.9500000000000002,4.6,4.0,5.5,0.5999999999999996,0.9000000000000004,3.6,3.0,5.0,0.6000000000000001,1.4,5.4,5.0,6.0,0.40000000000000036,0.5999999999999996,4.0,4.0,4.0,0.0,0.0,4.0,4.0,4.0,0.0,0.0,0.0,0.0,0.0,0.0,0.0,4.0,4.0,4.0,0.0,0.0
20,4,16,5,0.2,0.2,0.3,dense,True,20,20,20,4,20,5,1,Shared MILP,stability_one_token_per_prompt,radius_derived,5,"0,10,20,30,40",1.0,1.0,1.0,0.0,0.0,0.0,0.0,0.0,0.0,0.0,4.55,4.0,5.5,0.5499999999999998,0.9500000000000002,4.6,4.0,5.5,0.5999999999999996,0.9000000000000004,3.6,3.0,5.0,0.6000000000000001,1.4,5.4,5.0,6.0,0.40000000000000036,0.5999999999999996,4.0,4.0,4.0,0.0,0.0,4.0,4.0,4.0,0.0,0.0,0.0,0.0,0.0,0.0,0.0,4.0,4.0,4.0,0.0,0.0
20,4,16,5,0.2,0.2,0.3,dense,True,20,20,20,4,20,5,2,Shared MILP,stability_one_token_per_prompt,radius_derived,5,"0,10,20,30,40",1.0,1.0,1.0,0.0,0.0,0.0,0.0,0.0,0.0,0.0,4.55,4.0,5.5,0.5499999999999998,0.9500000000000002,4.6,4.0,5.5,0.5999999999999996,0.9000000000000004,3.6,3.0,5.0,0.6000000000000001,1.4,5.4,5.0,6.0,0.40000000000000036,0.5999999999999996,4.0,4.0,4.0,0.0,0.0,4.0,4.0,4.0,0.0,0.0,0.0,0.0,0.0,0.0,0.0,4.0,4.0,4.0,0.0,0.0
20,4,16,5,0.2,0.2,0.3,dense,True,20,20,20,4,20,5,3,Shared MILP,stability_one_token_per_prompt,radius_derived,5,"0,10,20,30,40",0.85,0.75,1.0,0.09999999999999998,0.15000000000000002,0.15,0.0,0.25,0.15,0.1,4.55,4.0,5.5,0.5499999999999998,0.9500000000000002,4.6,4.0,5.5,0.5999999999999996,0.9000000000000004,3.6,3.0,5.0,0.6000000000000001,1.4,5.4,5.0,6.0,0.40000000000000036,0.5999999999999996,3.4,3.0,4.0,0.3999999999999999,0.6000000000000001,4.0,4.0,4.0,0.0,0.0,0.0,0.0,0.0,0.0,0.0,4.0,4.0,4.0,0.0,0.0
20,4,16,5,0.2,0.2,0.3,dense,True,20,20,20,4,20,5,4,Shared MILP,stability_one_token_per_prompt,radius_derived,5,"0,10,20,30,40",0.55,0.25,1.0,0.30000000000000004,0.44999999999999996,0.45,0.0,0.75,0.45,0.3,4.55,4.0,5.5,0.5499999999999998,0.9500000000000002,4.6,4.0,5.5,0.5999999999999996,0.9000000000000004,3.6,3.0,5.0,0.6000000000000001,1.4,5.4,5.0,6.0,0.40000000000000036,0.5999999999999996,2.2,1.0,4.0,1.2000000000000002,1.7999999999999998,4.0,4.0,4.0,0.0,0.0,0.0,0.0,0.0,0.0,0.0,4.0,4.0,4.0,0.0,0.0
20,4,16,5,0.2,0.2,0.3,dense,True,20,20,20,4,20,5,5,Shared MILP,stability_one_token_per_prompt,radius_derived,5,"0,10,20,30,40",0.15,0.0,0.5,0.15,0.35,0.85,0.5,1.0,0.35,0.15000000000000002,4.55,4.0,5.5,0.5499999999999998,0.9500000000000002,4.6,4.0,5.5,0.5999999999999996,0.9000000000000004,3.6,3.0,5.0,0.6000000000000001,1.4,5.4,5.0,6.0,0.40000000000000036,0.5999999999999996,0.6,0.0,2.0,0.6,1.4,4.0,4.0,4.0,0.0,0.0,0.0,0.0,0.0,0.0,0.0,4.0,4.0,4.0,0.0,0.0
20,4,16,5,0.2,0.2,0.3,dense,True,20,20,20,4,20,5,6,Shared MILP,stability_one_token_per_prompt,radius_derived,5,"0,10,20,30,40",0.0,0.0,0.0,0.0,0.0,1.0,1.0,1.0,0.0,0.0,4.55,4.0,5.5,0.5499999999999998,0.9500000000000002,4.6,4.0,5.5,0.5999999999999996,0.9000000000000004,3.6,3.0,5.0,0.6000000000000001,1.4,5.4,5.0,6.0,0.40000000000000036,0.5999999999999996,0.0,0.0,0.0,0.0,0.0,4.0,4.0,4.0,0.0,0.0,0.0,0.0,0.0,0.0,0.0,4.0,4.0,4.0,0.0,0.0
20,4,16,5,0.2,0.2,0.3,dense,True,20,20,20,4,20,5,7,Shared MILP,stability_one_token_per_prompt,radius_derived,5,"0,10,20,30,40",0.0,0.0,0.0,0.0,0.0,1.0,1.0,1.0,0.0,0.0,4.55,4.0,5.5,0.5499999999999998,0.9500000000000002,4.6,4.0,5.5,0.5999999999999996,0.9000000000000004,3.6,3.0,5.0,0.6000000000000001,1.4,5.4,5.0,6.0,0.40000000000000036,0.5999999999999996,0.0,0.0,0.0,0.0,0.0,4.0,4.0,4.0,0.0,0.0,0.0,0.0,0.0,0.0,0.0,4.0,4.0,4.0,0.0,0.0
20,4,16,5,0.2,0.2,0.3,dense,True,20,20,20,4,20,5,8,Shared MILP,stability_one_token_per_prompt,radius_derived,5,"0,10,20,30,40",0.0,0.0,0.0,0.0,0.0,1.0,1.0,1.0,0.0,0.0,4.55,4.0,5.5,0.5499999999999998,0.9500000000000002,4.6,4.0,5.5,0.5999999999999996,0.9000000000000004,3.6,3.0,5.0,0.6000000000000001,1.4,5.4,5.0,6.0,0.40000000000000036,0.5999999999999996,0.0,0.0,0.0,0.0,0.0,4.0,4.0,4.0,0.0,0.0,0.0,0.0,0.0,0.0,0.0,4.0,4.0,4.0,0.0,0.0
20,4,16,5,0.2,0.2,0.3,dense,True,20,20,20,4,20,5,9,Shared MILP,stability_one_token_per_prompt,radius_derived,5,"0,10,20,30,40",0.0,0.0,0.0,0.0,0.0,1.0,1.0,1.0,0.0,0.0,4.55,4.0,5.5,0.5499999999999998,0.9500000000000002,4.6,4.0,5.5,0.5999999999999996,0.9000000000000004,3.6,3.0,5.0,0.6000000000000001,1.4,5.4,5.0,6.0,0.40000000000000036,0.5999999999999996,0.0,0.0,0.0,0.0,0.0,4.0,4.0,4.0,0.0,0.0,0.0,0.0,0.0,0.0,0.0,4.0,4.0,4.0,0.0,0.0
20,4,16,5,0.2,0.2,0.3,dense,True,20,20,20,4,20,5,10,Shared MILP,stability_one_token_per_prompt,radius_derived,5,"0,10,20,30,40",0.0,0.0,0.0,0.0,0.0,1.0,1.0,1.0,0.0,0.0,4.55,4.0,5.5,0.5499999999999998,0.9500000000000002,4.6,4.0,5.5,0.5999999999999996,0.9000000000000004,3.6,3.0,5.0,0.6000000000000001,1.4,5.4,5.0,6.0,0.40000000000000036,0.5999999999999996,0.0,0.0,0.0,0.0,0.0,4.0,4.0,4.0,0.0,0.0,0.0,0.0,0.0,0.0,0.0,4.0,4.0,4.0,0.0,0.0
20,4,16,5,0.2,0.2,0.3,dense,True,20,20,20,4,20,5,11,Shared MILP,stability_one_token_per_prompt,radius_derived,5,"0,10,20,30,40",0.0,0.0,0.0,0.0,0.0,1.0,1.0,1.0,0.0,0.0,4.55,4.0,5.5,0.5499999999999998,0.9500000000000002,4.6,4.0,5.5,0.5999999999999996,0.9000000000000004,3.6,3.0,5.0,0.6000000000000001,1.4,5.4,5.0,6.0,0.40000000000000036,0.5999999999999996,0.0,0.0,0.0,0.0,0.0,4.0,4.0,4.0,0.0,0.0,0.0,0.0,0.0,0.0,0.0,4.0,4.0,4.0,0.0,0.0
20,4,16,5,0.2,0.2,0.3,dense,True,20,20,20,4,20,5,12,Shared MILP,stability_one_token_per_prompt,radius_derived,5,"0,10,20,30,40",0.0,0.0,0.0,0.0,0.0,1.0,1.0,1.0,0.0,0.0,4.55,4.0,5.5,0.5499999999999998,0.9500000000000002,4.6,4.0,5.5,0.5999999999999996,0.9000000000000004,3.6,3.0,5.0,0.6000000000000001,1.4,5.4,5.0,6.0,0.40000000000000036,0.5999999999999996,0.0,0.0,0.0,0.0,0.0,4.0,4.0,4.0,0.0,0.0,0.0,0.0,0.0,0.0,0.0,4.0,4.0,4.0,0.0,0.0
20,4,16,5,0.2,0.2,0.3,dense,True,20,20,20,4,20,5,13,Shared MILP,stability_one_token_per_prompt,radius_derived,5,"0,10,20,30,40",0.0,0.0,0.0,0.0,0.0,1.0,1.0,1.0,0.0,0.0,4.55,4.0,5.5,0.5499999999999998,0.9500000000000002,4.6,4.0,5.5,0.5999999999999996,0.9000000000000004,3.6,3.0,5.0,0.6000000000000001,1.4,5.4,5.0,6.0,0.40000000000000036,0.5999999999999996,0.0,0.0,0.0,0.0,0.0,4.0,4.0,4.0,0.0,0.0,0.0,0.0,0.0,0.0,0.0,4.0,4.0,4.0,0.0,0.0
20,4,16,5,0.2,0.2,0.3,dense,True,20,20,20,4,20,5,14,Shared MILP,stability_one_token_per_prompt,radius_derived,5,"0,10,20,30,40",0.0,0.0,0.0,0.0,0.0,1.0,1.0,1.0,0.0,0.0,4.55,4.0,5.5,0.5499999999999998,0.9500000000000002,4.6,4.0,5.5,0.5999999999999996,0.9000000000000004,3.6,3.0,5.0,0.6000000000000001,1.4,5.4,5.0,6.0,0.40000000000000036,0.5999999999999996,0.0,0.0,0.0,0.0,0.0,4.0,4.0,4.0,0.0,0.0,0.0,0.0,0.0,0.0,0.0,4.0,4.0,4.0,0.0,0.0
20,4,16,5,0.2,0.2,0.3,dense,True,20,20,20,4,20,5,15,Shared MILP,stability_one_token_per_prompt,radius_derived,5,"0,10,20,30,40",0.0,0.0,0.0,0.0,0.0,1.0,1.0,1.0,0.0,0.0,4.55,4.0,5.5,0.5499999999999998,0.9500000000000002,4.6,4.0,5.5,0.5999999999999996,0.9000000000000004,3.6,3.0,5.0,0.6000000000000001,1.4,5.4,5.0,6.0,0.40000000000000036,0.5999999999999996,0.0,0.0,0.0,0.0,0.0,4.0,4.0,4.0,0.0,0.0,0.0,0.0,0.0,0.0,0.0,4.0,4.0,4.0,0.0,0.0
20,4,16,5,0.2,0.2,0.3,dense,True,20,20,20,4,20,5,16,Shared MILP,stability_one_token_per_prompt,radius_derived,5,"0,10,20,30,40",0.0,0.0,0.0,0.0,0.0,1.0,1.0,1.0,0.0,0.0,4.55,4.0,5.5,0.5499999999999998,0.9500000000000002,4.6,4.0,5.5,0.5999999999999996,0.9000000000000004,3.6,3.0,5.0,0.6000000000000001,1.4,5.4,5.0,6.0,0.40000000000000036,0.5999999999999996,0.0,0.0,0.0,0.0,0.0,4.0,4.0,4.0,0.0,0.0,0.0,0.0,0.0,0.0,0.0,4.0,4.0,4.0,0.0,0.0
20,4,16,5,0.2,0.2,0.3,dense,True,20,20,20,4,20,5,17,Shared MILP,stability_one_token_per_prompt,radius_derived,5,"0,10,20,30,40",0.0,0.0,0.0,0.0,0.0,1.0,1.0,1.0,0.0,0.0,4.55,4.0,5.5,0.5499999999999998,0.9500000000000002,4.6,4.0,5.5,0.5999999999999996,0.9000000000000004,3.6,3.0,5.0,0.6000000000000001,1.4,5.4,5.0,6.0,0.40000000000000036,0.5999999999999996,0.0,0.0,0.0,0.0,0.0,4.0,4.0,4.0,0.0,0.0,0.0,0.0,0.0,0.0,0.0,4.0,4.0,4.0,0.0,0.0
20,4,16,5,0.2,0.2,0.3,dense,True,20,20,20,4,20,5,18,Shared MILP,stability_one_token_per_prompt,radius_derived,5,"0,10,20,30,40",0.0,0.0,0.0,0.0,0.0,1.0,1.0,1.0,0.0,0.0,4.55,4.0,5.5,0.5499999999999998,0.9500000000000002,4.6,4.0,5.5,0.5999999999999996,0.9000000000000004,3.6,3.0,5.0,0.6000000000000001,1.4,5.4,5.0,6.0,0.40000000000000036,0.5999999999999996,0.0,0.0,0.0,0.0,0.0,4.0,4.0,4.0,0.0,0.0,0.0,0.0,0.0,0.0,0.0,4.0,4.0,4.0,0.0,0.0
20,4,16,5,0.2,0.2,0.3,dense,True,20,20,20,4,20,5,19,Shared MILP,stability_one_token_per_prompt,radius_derived,5,"0,10,20,30,40",0.0,0.0,0.0,0.0,0.0,1.0,1.0,1.0,0.0,0.0,4.55,4.0,5.5,0.5499999999999998,0.9500000000000002,4.6,4.0,5.5,0.5999999999999996,0.9000000000000004,3.6,3.0,5.0,0.6000000000000001,1.4,5.4,5.0,6.0,0.40000000000000036,0.5999999999999996,0.0,0.0,0.0,0.0,0.0,4.0,4.0,4.0,0.0,0.0,0.0,0.0,0.0,0.0,0.0,4.0,4.0,4.0,0.0,0.0
20,4,16,5,0.2,0.2,0.3,dense,True,20,20,20,4,20,5,20,Shared MILP,stability_one_token_per_prompt,radius_derived,5,"0,10,20,30,40",0.0,0.0,0.0,0.0,0.0,1.0,1.0,1.0,0.0,0.0,4.55,4.0,5.5,0.5499999999999998,0.9500000000000002,4.6,4.0,5.5,0.5999999999999996,0.9000000000000004,3.6,3.0,5.0,0.6000000000000001,1.4,5.4,5.0,6.0,0.40000000000000036,0.5999999999999996,0.0,0.0,0.0,0.0,0.0,4.0,4.0,4.0,0.0,0.0,0.0,0.0,0.0,0.0,0.0,4.0,4.0,4.0,0.0,0.0
20,4,16,5,0.2,0.2,0.3,dense,True,20,20,20,4,20,5,0,Shared MILP,stability_full_sequence_per_prompt,radius_derived,5,"0,10,20,30,40",1.0,1.0,1.0,0.0,0.0,0.0,0.0,0.0,0.0,0.0,9.0,8.75,9.25,0.25,0.25,9.0,9.0,9.0,0.0,0.0,8.6,8.0,9.0,0.5999999999999996,0.40000000000000036,9.4,9.0,10.0,0.40000000000000036,0.5999999999999996,4.0,4.0,4.0,0.0,0.0,4.0,4.0,4.0,0.0,0.0,0.0,0.0,0.0,0.0,0.0,4.0,4.0,4.0,0.0,0.0
20,4,16,5,0.2,0.2,0.3,dense,True,20,20,20,4,20,5,1,Shared MILP,stability_full_sequence_per_prompt,radius_derived,5,"0,10,20,30,40",1.0,1.0,1.0,0.0,0.0,0.0,0.0,0.0,0.0,0.0,9.0,8.75,9.25,0.25,0.25,9.0,9.0,9.0,0.0,0.0,8.6,8.0,9.0,0.5999999999999996,0.40000000000000036,9.4,9.0,10.0,0.40000000000000036,0.5999999999999996,4.0,4.0,4.0,0.0,0.0,4.0,4.0,4.0,0.0,0.0,0.0,0.0,0.0,0.0,0.0,4.0,4.0,4.0,0.0,0.0
20,4,16,5,0.2,0.2,0.3,dense,True,20,20,20,4,20,5,2,Shared MILP,stability_full_sequence_per_prompt,radius_derived,5,"0,10,20,30,40",1.0,1.0,1.0,0.0,0.0,0.0,0.0,0.0,0.0,0.0,9.0,8.75,9.25,0.25,0.25,9.0,9.0,9.0,0.0,0.0,8.6,8.0,9.0,0.5999999999999996,0.40000000000000036,9.4,9.0,10.0,0.40000000000000036,0.5999999999999996,4.0,4.0,4.0,0.0,0.0,4.0,4.0,4.0,0.0,0.0,0.0,0.0,0.0,0.0,0.0,4.0,4.0,4.0,0.0,0.0
20,4,16,5,0.2,0.2,0.3,dense,True,20,20,20,4,20,5,3,Shared MILP,stability_full_sequence_per_prompt,radius_derived,5,"0,10,20,30,40",1.0,1.0,1.0,0.0,0.0,0.0,0.0,0.0,0.0,0.0,9.0,8.75,9.25,0.25,0.25,9.0,9.0,9.0,0.0,0.0,8.6,8.0,9.0,0.5999999999999996,0.40000000000000036,9.4,9.0,10.0,0.40000000000000036,0.5999999999999996,4.0,4.0,4.0,0.0,0.0,4.0,4.0,4.0,0.0,0.0,0.0,0.0,0.0,0.0,0.0,4.0,4.0,4.0,0.0,0.0
20,4,16,5,0.2,0.2,0.3,dense,True,20,20,20,4,20,5,4,Shared MILP,stability_full_sequence_per_prompt,radius_derived,5,"0,10,20,30,40",1.0,1.0,1.0,0.0,0.0,0.0,0.0,0.0,0.0,0.0,9.0,8.75,9.25,0.25,0.25,9.0,9.0,9.0,0.0,0.0,8.6,8.0,9.0,0.5999999999999996,0.40000000000000036,9.4,9.0,10.0,0.40000000000000036,0.5999999999999996,4.0,4.0,4.0,0.0,0.0,4.0,4.0,4.0,0.0,0.0,0.0,0.0,0.0,0.0,0.0,4.0,4.0,4.0,0.0,0.0
20,4,16,5,0.2,0.2,0.3,dense,True,20,20,20,4,20,5,5,Shared MILP,stability_full_sequence_per_prompt,radius_derived,5,"0,10,20,30,40",1.0,1.0,1.0,0.0,0.0,0.0,0.0,0.0,0.0,0.0,9.0,8.75,9.25,0.25,0.25,9.0,9.0,9.0,0.0,0.0,8.6,8.0,9.0,0.5999999999999996,0.40000000000000036,9.4,9.0,10.0,0.40000000000000036,0.5999999999999996,4.0,4.0,4.0,0.0,0.0,4.0,4.0,4.0,0.0,0.0,0.0,0.0,0.0,0.0,0.0,4.0,4.0,4.0,0.0,0.0
20,4,16,5,0.2,0.2,0.3,dense,True,20,20,20,4,20,5,6,Shared MILP,stability_full_sequence_per_prompt,radius_derived,5,"0,10,20,30,40",1.0,1.0,1.0,0.0,0.0,0.0,0.0,0.0,0.0,0.0,9.0,8.75,9.25,0.25,0.25,9.0,9.0,9.0,0.0,0.0,8.6,8.0,9.0,0.5999999999999996,0.40000000000000036,9.4,9.0,10.0,0.40000000000000036,0.5999999999999996,4.0,4.0,4.0,0.0,0.0,4.0,4.0,4.0,0.0,0.0,0.0,0.0,0.0,0.0,0.0,4.0,4.0,4.0,0.0,0.0
20,4,16,5,0.2,0.2,0.3,dense,True,20,20,20,4,20,5,7,Shared MILP,stability_full_sequence_per_prompt,radius_derived,5,"0,10,20,30,40",1.0,1.0,1.0,0.0,0.0,0.0,0.0,0.0,0.0,0.0,9.0,8.75,9.25,0.25,0.25,9.0,9.0,9.0,0.0,0.0,8.6,8.0,9.0,0.5999999999999996,0.40000000000000036,9.4,9.0,10.0,0.40000000000000036,0.5999999999999996,4.0,4.0,4.0,0.0,0.0,4.0,4.0,4.0,0.0,0.0,0.0,0.0,0.0,0.0,0.0,4.0,4.0,4.0,0.0,0.0
20,4,16,5,0.2,0.2,0.3,dense,True,20,20,20,4,20,5,8,Shared MILP,stability_full_sequence_per_prompt,radius_derived,5,"0,10,20,30,40",0.9,0.75,1.0,0.15000000000000002,0.09999999999999998,0.1,0.0,0.25,0.1,0.15,9.0,8.75,9.25,0.25,0.25,9.0,9.0,9.0,0.0,0.0,8.6,8.0,9.0,0.5999999999999996,0.40000000000000036,9.4,9.0,10.0,0.40000000000000036,0.5999999999999996,3.6,3.0,4.0,0.6000000000000001,0.3999999999999999,4.0,4.0,4.0,0.0,0.0,0.0,0.0,0.0,0.0,0.0,4.0,4.0,4.0,0.0,0.0
20,4,16,5,0.2,0.2,0.3,dense,True,20,20,20,4,20,5,9,Shared MILP,stability_full_sequence_per_prompt,radius_derived,5,"0,10,20,30,40",0.1,0.0,0.25,0.1,0.15,0.9,0.75,1.0,0.15000000000000002,0.09999999999999998,9.0,8.75,9.25,0.25,0.25,9.0,9.0,9.0,0.0,0.0,8.6,8.0,9.0,0.5999999999999996,0.40000000000000036,9.4,9.0,10.0,0.40000000000000036,0.5999999999999996,0.4,0.0,1.0,0.4,0.6,4.0,4.0,4.0,0.0,0.0,0.0,0.0,0.0,0.0,0.0,4.0,4.0,4.0,0.0,0.0
20,4,16,5,0.2,0.2,0.3,dense,True,20,20,20,4,20,5,10,Shared MILP,stability_full_sequence_per_prompt,radius_derived,5,"0,10,20,30,40",0.0,0.0,0.0,0.0,0.0,1.0,1.0,1.0,0.0,0.0,9.0,8.75,9.25,0.25,0.25,9.0,9.0,9.0,0.0,0.0,8.6,8.0,9.0,0.5999999999999996,0.40000000000000036,9.4,9.0,10.0,0.40000000000000036,0.5999999999999996,0.0,0.0,0.0,0.0,0.0,4.0,4.0,4.0,0.0,0.0,0.0,0.0,0.0,0.0,0.0,4.0,4.0,4.0,0.0,0.0
20,4,16,5,0.2,0.2,0.3,dense,True,20,20,20,4,20,5,11,Shared MILP,stability_full_sequence_per_prompt,radius_derived,5,"0,10,20,30,40",0.0,0.0,0.0,0.0,0.0,1.0,1.0,1.0,0.0,0.0,9.0,8.75,9.25,0.25,0.25,9.0,9.0,9.0,0.0,0.0,8.6,8.0,9.0,0.5999999999999996,0.40000000000000036,9.4,9.0,10.0,0.40000000000000036,0.5999999999999996,0.0,0.0,0.0,0.0,0.0,4.0,4.0,4.0,0.0,0.0,0.0,0.0,0.0,0.0,0.0,4.0,4.0,4.0,0.0,0.0
20,4,16,5,0.2,0.2,0.3,dense,True,20,20,20,4,20,5,12,Shared MILP,stability_full_sequence_per_prompt,radius_derived,5,"0,10,20,30,40",0.0,0.0,0.0,0.0,0.0,1.0,1.0,1.0,0.0,0.0,9.0,8.75,9.25,0.25,0.25,9.0,9.0,9.0,0.0,0.0,8.6,8.0,9.0,0.5999999999999996,0.40000000000000036,9.4,9.0,10.0,0.40000000000000036,0.5999999999999996,0.0,0.0,0.0,0.0,0.0,4.0,4.0,4.0,0.0,0.0,0.0,0.0,0.0,0.0,0.0,4.0,4.0,4.0,0.0,0.0
20,4,16,5,0.2,0.2,0.3,dense,True,20,20,20,4,20,5,13,Shared MILP,stability_full_sequence_per_prompt,radius_derived,5,"0,10,20,30,40",0.0,0.0,0.0,0.0,0.0,1.0,1.0,1.0,0.0,0.0,9.0,8.75,9.25,0.25,0.25,9.0,9.0,9.0,0.0,0.0,8.6,8.0,9.0,0.5999999999999996,0.40000000000000036,9.4,9.0,10.0,0.40000000000000036,0.5999999999999996,0.0,0.0,0.0,0.0,0.0,4.0,4.0,4.0,0.0,0.0,0.0,0.0,0.0,0.0,0.0,4.0,4.0,4.0,0.0,0.0
20,4,16,5,0.2,0.2,0.3,dense,True,20,20,20,4,20,5,14,Shared MILP,stability_full_sequence_per_prompt,radius_derived,5,"0,10,20,30,40",0.0,0.0,0.0,0.0,0.0,1.0,1.0,1.0,0.0,0.0,9.0,8.75,9.25,0.25,0.25,9.0,9.0,9.0,0.0,0.0,8.6,8.0,9.0,0.5999999999999996,0.40000000000000036,9.4,9.0,10.0,0.40000000000000036,0.5999999999999996,0.0,0.0,0.0,0.0,0.0,4.0,4.0,4.0,0.0,0.0,0.0,0.0,0.0,0.0,0.0,4.0,4.0,4.0,0.0,0.0
20,4,16,5,0.2,0.2,0.3,dense,True,20,20,20,4,20,5,15,Shared MILP,stability_full_sequence_per_prompt,radius_derived,5,"0,10,20,30,40",0.0,0.0,0.0,0.0,0.0,1.0,1.0,1.0,0.0,0.0,9.0,8.75,9.25,0.25,0.25,9.0,9.0,9.0,0.0,0.0,8.6,8.0,9.0,0.5999999999999996,0.40000000000000036,9.4,9.0,10.0,0.40000000000000036,0.5999999999999996,0.0,0.0,0.0,0.0,0.0,4.0,4.0,4.0,0.0,0.0,0.0,0.0,0.0,0.0,0.0,4.0,4.0,4.0,0.0,0.0
20,4,16,5,0.2,0.2,0.3,dense,True,20,20,20,4,20,5,16,Shared MILP,stability_full_sequence_per_prompt,radius_derived,5,"0,10,20,30,40",0.0,0.0,0.0,0.0,0.0,1.0,1.0,1.0,0.0,0.0,9.0,8.75,9.25,0.25,0.25,9.0,9.0,9.0,0.0,0.0,8.6,8.0,9.0,0.5999999999999996,0.40000000000000036,9.4,9.0,10.0,0.40000000000000036,0.5999999999999996,0.0,0.0,0.0,0.0,0.0,4.0,4.0,4.0,0.0,0.0,0.0,0.0,0.0,0.0,0.0,4.0,4.0,4.0,0.0,0.0
20,4,16,5,0.2,0.2,0.3,dense,True,20,20,20,4,20,5,17,Shared MILP,stability_full_sequence_per_prompt,radius_derived,5,"0,10,20,30,40",0.0,0.0,0.0,0.0,0.0,1.0,1.0,1.0,0.0,0.0,9.0,8.75,9.25,0.25,0.25,9.0,9.0,9.0,0.0,0.0,8.6,8.0,9.0,0.5999999999999996,0.40000000000000036,9.4,9.0,10.0,0.40000000000000036,0.5999999999999996,0.0,0.0,0.0,0.0,0.0,4.0,4.0,4.0,0.0,0.0,0.0,0.0,0.0,0.0,0.0,4.0,4.0,4.0,0.0,0.0
20,4,16,5,0.2,0.2,0.3,dense,True,20,20,20,4,20,5,18,Shared MILP,stability_full_sequence_per_prompt,radius_derived,5,"0,10,20,30,40",0.0,0.0,0.0,0.0,0.0,1.0,1.0,1.0,0.0,0.0,9.0,8.75,9.25,0.25,0.25,9.0,9.0,9.0,0.0,0.0,8.6,8.0,9.0,0.5999999999999996,0.40000000000000036,9.4,9.0,10.0,0.40000000000000036,0.5999999999999996,0.0,0.0,0.0,0.0,0.0,4.0,4.0,4.0,0.0,0.0,0.0,0.0,0.0,0.0,0.0,4.0,4.0,4.0,0.0,0.0
20,4,16,5,0.2,0.2,0.3,dense,True,20,20,20,4,20,5,19,Shared MILP,stability_full_sequence_per_prompt,radius_derived,5,"0,10,20,30,40",0.0,0.0,0.0,0.0,0.0,1.0,1.0,1.0,0.0,0.0,9.0,8.75,9.25,0.25,0.25,9.0,9.0,9.0,0.0,0.0,8.6,8.0,9.0,0.5999999999999996,0.40000000000000036,9.4,9.0,10.0,0.40000000000000036,0.5999999999999996,0.0,0.0,0.0,0.0,0.0,4.0,4.0,4.0,0.0,0.0,0.0,0.0,0.0,0.0,0.0,4.0,4.0,4.0,0.0,0.0
20,4,16,5,0.2,0.2,0.3,dense,True,20,20,20,4,20,5,20,Shared MILP,stability_full_sequence_per_prompt,radius_derived,5,"0,10,20,30,40",0.0,0.0,0.0,0.0,0.0,1.0,1.0,1.0,0.0,0.0,9.0,8.75,9.25,0.25,0.25,9.0,9.0,9.0,0.0,0.0,8.6,8.0,9.0,0.5999999999999996,0.40000000000000036,9.4,9.0,10.0,0.40000000000000036,0.5999999999999996,0.0,0.0,0.0,0.0,0.0,4.0,4.0,4.0,0.0,0.0,0.0,0.0,0.0,0.0,0.0,4.0,4.0,4.0,0.0,0.0
20,4,16,5,0.2,0.2,0.3,dense,True,20,20,20,4,20,5,0,Plain DPA max token,validity_full_harmful_sequence_per_prompt,radius_derived,5,"0,10,20,30,40",1.0,1.0,1.0,0.0,0.0,0.0,0.0,0.0,0.0,0.0,5.95,5.25,6.75,0.7000000000000002,0.7999999999999998,6.0,5.0,7.0,1.0,1.0,5.0,4.0,6.0,1.0,1.0,6.8,6.0,7.0,0.7999999999999998,0.20000000000000018,4.0,4.0,4.0,0.0,0.0,4.0,4.0,4.0,0.0,0.0,0.0,0.0,0.0,0.0,0.0,4.0,4.0,4.0,0.0,0.0
20,4,16,5,0.2,0.2,0.3,dense,True,20,20,20,4,20,5,1,Plain DPA max token,validity_full_harmful_sequence_per_prompt,radius_derived,5,"0,10,20,30,40",1.0,1.0,1.0,0.0,0.0,0.0,0.0,0.0,0.0,0.0,5.95,5.25,6.75,0.7000000000000002,0.7999999999999998,6.0,5.0,7.0,1.0,1.0,5.0,4.0,6.0,1.0,1.0,6.8,6.0,7.0,0.7999999999999998,0.20000000000000018,4.0,4.0,4.0,0.0,0.0,4.0,4.0,4.0,0.0,0.0,0.0,0.0,0.0,0.0,0.0,4.0,4.0,4.0,0.0,0.0
20,4,16,5,0.2,0.2,0.3,dense,True,20,20,20,4,20,5,2,Plain DPA max token,validity_full_harmful_sequence_per_prompt,radius_derived,5,"0,10,20,30,40",1.0,1.0,1.0,0.0,0.0,0.0,0.0,0.0,0.0,0.0,5.95,5.25,6.75,0.7000000000000002,0.7999999999999998,6.0,5.0,7.0,1.0,1.0,5.0,4.0,6.0,1.0,1.0,6.8,6.0,7.0,0.7999999999999998,0.20000000000000018,4.0,4.0,4.0,0.0,0.0,4.0,4.0,4.0,0.0,0.0,0.0,0.0,0.0,0.0,0.0,4.0,4.0,4.0,0.0,0.0
20,4,16,5,0.2,0.2,0.3,dense,True,20,20,20,4,20,5,3,Plain DPA max token,validity_full_harmful_sequence_per_prompt,radius_derived,5,"0,10,20,30,40",1.0,1.0,1.0,0.0,0.0,0.0,0.0,0.0,0.0,0.0,5.95,5.25,6.75,0.7000000000000002,0.7999999999999998,6.0,5.0,7.0,1.0,1.0,5.0,4.0,6.0,1.0,1.0,6.8,6.0,7.0,0.7999999999999998,0.20000000000000018,4.0,4.0,4.0,0.0,0.0,4.0,4.0,4.0,0.0,0.0,0.0,0.0,0.0,0.0,0.0,4.0,4.0,4.0,0.0,0.0
20,4,16,5,0.2,0.2,0.3,dense,True,20,20,20,4,20,5,4,Plain DPA max token,validity_full_harmful_sequence_per_prompt,radius_derived,5,"0,10,20,30,40",0.95,0.75,1.0,0.19999999999999996,0.050000000000000044,0.05,0.0,0.25,0.05,0.2,5.95,5.25,6.75,0.7000000000000002,0.7999999999999998,6.0,5.0,7.0,1.0,1.0,5.0,4.0,6.0,1.0,1.0,6.8,6.0,7.0,0.7999999999999998,0.20000000000000018,3.8,3.0,4.0,0.7999999999999998,0.20000000000000018,4.0,4.0,4.0,0.0,0.0,0.0,0.0,0.0,0.0,0.0,4.0,4.0,4.0,0.0,0.0
20,4,16,5,0.2,0.2,0.3,dense,True,20,20,20,4,20,5,5,Plain DPA max token,validity_full_harmful_sequence_per_prompt,radius_derived,5,"0,10,20,30,40",0.6,0.25,1.0,0.35,0.4,0.4,0.0,0.75,0.4,0.35,5.95,5.25,6.75,0.7000000000000002,0.7999999999999998,6.0,5.0,7.0,1.0,1.0,5.0,4.0,6.0,1.0,1.0,6.8,6.0,7.0,0.7999999999999998,0.20000000000000018,2.4,1.0,4.0,1.4,1.6,4.0,4.0,4.0,0.0,0.0,0.0,0.0,0.0,0.0,0.0,4.0,4.0,4.0,0.0,0.0
20,4,16,5,0.2,0.2,0.3,dense,True,20,20,20,4,20,5,6,Plain DPA max token,validity_full_harmful_sequence_per_prompt,radius_derived,5,"0,10,20,30,40",0.4,0.0,0.75,0.4,0.35,0.6,0.25,1.0,0.35,0.4,5.95,5.25,6.75,0.7000000000000002,0.7999999999999998,6.0,5.0,7.0,1.0,1.0,5.0,4.0,6.0,1.0,1.0,6.8,6.0,7.0,0.7999999999999998,0.20000000000000018,1.6,0.0,3.0,1.6,1.4,4.0,4.0,4.0,0.0,0.0,0.0,0.0,0.0,0.0,0.0,4.0,4.0,4.0,0.0,0.0
20,4,16,5,0.2,0.2,0.3,dense,True,20,20,20,4,20,5,7,Plain DPA max token,validity_full_harmful_sequence_per_prompt,radius_derived,5,"0,10,20,30,40",0.0,0.0,0.0,0.0,0.0,1.0,1.0,1.0,0.0,0.0,5.95,5.25,6.75,0.7000000000000002,0.7999999999999998,6.0,5.0,7.0,1.0,1.0,5.0,4.0,6.0,1.0,1.0,6.8,6.0,7.0,0.7999999999999998,0.20000000000000018,0.0,0.0,0.0,0.0,0.0,4.0,4.0,4.0,0.0,0.0,0.0,0.0,0.0,0.0,0.0,4.0,4.0,4.0,0.0,0.0
20,4,16,5,0.2,0.2,0.3,dense,True,20,20,20,4,20,5,8,Plain DPA max token,validity_full_harmful_sequence_per_prompt,radius_derived,5,"0,10,20,30,40",0.0,0.0,0.0,0.0,0.0,1.0,1.0,1.0,0.0,0.0,5.95,5.25,6.75,0.7000000000000002,0.7999999999999998,6.0,5.0,7.0,1.0,1.0,5.0,4.0,6.0,1.0,1.0,6.8,6.0,7.0,0.7999999999999998,0.20000000000000018,0.0,0.0,0.0,0.0,0.0,4.0,4.0,4.0,0.0,0.0,0.0,0.0,0.0,0.0,0.0,4.0,4.0,4.0,0.0,0.0
20,4,16,5,0.2,0.2,0.3,dense,True,20,20,20,4,20,5,9,Plain DPA max token,validity_full_harmful_sequence_per_prompt,radius_derived,5,"0,10,20,30,40",0.0,0.0,0.0,0.0,0.0,1.0,1.0,1.0,0.0,0.0,5.95,5.25,6.75,0.7000000000000002,0.7999999999999998,6.0,5.0,7.0,1.0,1.0,5.0,4.0,6.0,1.0,1.0,6.8,6.0,7.0,0.7999999999999998,0.20000000000000018,0.0,0.0,0.0,0.0,0.0,4.0,4.0,4.0,0.0,0.0,0.0,0.0,0.0,0.0,0.0,4.0,4.0,4.0,0.0,0.0
20,4,16,5,0.2,0.2,0.3,dense,True,20,20,20,4,20,5,10,Plain DPA max token,validity_full_harmful_sequence_per_prompt,radius_derived,5,"0,10,20,30,40",0.0,0.0,0.0,0.0,0.0,1.0,1.0,1.0,0.0,0.0,5.95,5.25,6.75,0.7000000000000002,0.7999999999999998,6.0,5.0,7.0,1.0,1.0,5.0,4.0,6.0,1.0,1.0,6.8,6.0,7.0,0.7999999999999998,0.20000000000000018,0.0,0.0,0.0,0.0,0.0,4.0,4.0,4.0,0.0,0.0,0.0,0.0,0.0,0.0,0.0,4.0,4.0,4.0,0.0,0.0
20,4,16,5,0.2,0.2,0.3,dense,True,20,20,20,4,20,5,11,Plain DPA max token,validity_full_harmful_sequence_per_prompt,radius_derived,5,"0,10,20,30,40",0.0,0.0,0.0,0.0,0.0,1.0,1.0,1.0,0.0,0.0,5.95,5.25,6.75,0.7000000000000002,0.7999999999999998,6.0,5.0,7.0,1.0,1.0,5.0,4.0,6.0,1.0,1.0,6.8,6.0,7.0,0.7999999999999998,0.20000000000000018,0.0,0.0,0.0,0.0,0.0,4.0,4.0,4.0,0.0,0.0,0.0,0.0,0.0,0.0,0.0,4.0,4.0,4.0,0.0,0.0
20,4,16,5,0.2,0.2,0.3,dense,True,20,20,20,4,20,5,12,Plain DPA max token,validity_full_harmful_sequence_per_prompt,radius_derived,5,"0,10,20,30,40",0.0,0.0,0.0,0.0,0.0,1.0,1.0,1.0,0.0,0.0,5.95,5.25,6.75,0.7000000000000002,0.7999999999999998,6.0,5.0,7.0,1.0,1.0,5.0,4.0,6.0,1.0,1.0,6.8,6.0,7.0,0.7999999999999998,0.20000000000000018,0.0,0.0,0.0,0.0,0.0,4.0,4.0,4.0,0.0,0.0,0.0,0.0,0.0,0.0,0.0,4.0,4.0,4.0,0.0,0.0
20,4,16,5,0.2,0.2,0.3,dense,True,20,20,20,4,20,5,13,Plain DPA max token,validity_full_harmful_sequence_per_prompt,radius_derived,5,"0,10,20,30,40",0.0,0.0,0.0,0.0,0.0,1.0,1.0,1.0,0.0,0.0,5.95,5.25,6.75,0.7000000000000002,0.7999999999999998,6.0,5.0,7.0,1.0,1.0,5.0,4.0,6.0,1.0,1.0,6.8,6.0,7.0,0.7999999999999998,0.20000000000000018,0.0,0.0,0.0,0.0,0.0,4.0,4.0,4.0,0.0,0.0,0.0,0.0,0.0,0.0,0.0,4.0,4.0,4.0,0.0,0.0
20,4,16,5,0.2,0.2,0.3,dense,True,20,20,20,4,20,5,14,Plain DPA max token,validity_full_harmful_sequence_per_prompt,radius_derived,5,"0,10,20,30,40",0.0,0.0,0.0,0.0,0.0,1.0,1.0,1.0,0.0,0.0,5.95,5.25,6.75,0.7000000000000002,0.7999999999999998,6.0,5.0,7.0,1.0,1.0,5.0,4.0,6.0,1.0,1.0,6.8,6.0,7.0,0.7999999999999998,0.20000000000000018,0.0,0.0,0.0,0.0,0.0,4.0,4.0,4.0,0.0,0.0,0.0,0.0,0.0,0.0,0.0,4.0,4.0,4.0,0.0,0.0
20,4,16,5,0.2,0.2,0.3,dense,True,20,20,20,4,20,5,15,Plain DPA max token,validity_full_harmful_sequence_per_prompt,radius_derived,5,"0,10,20,30,40",0.0,0.0,0.0,0.0,0.0,1.0,1.0,1.0,0.0,0.0,5.95,5.25,6.75,0.7000000000000002,0.7999999999999998,6.0,5.0,7.0,1.0,1.0,5.0,4.0,6.0,1.0,1.0,6.8,6.0,7.0,0.7999999999999998,0.20000000000000018,0.0,0.0,0.0,0.0,0.0,4.0,4.0,4.0,0.0,0.0,0.0,0.0,0.0,0.0,0.0,4.0,4.0,4.0,0.0,0.0
20,4,16,5,0.2,0.2,0.3,dense,True,20,20,20,4,20,5,16,Plain DPA max token,validity_full_harmful_sequence_per_prompt,radius_derived,5,"0,10,20,30,40",0.0,0.0,0.0,0.0,0.0,1.0,1.0,1.0,0.0,0.0,5.95,5.25,6.75,0.7000000000000002,0.7999999999999998,6.0,5.0,7.0,1.0,1.0,5.0,4.0,6.0,1.0,1.0,6.8,6.0,7.0,0.7999999999999998,0.20000000000000018,0.0,0.0,0.0,0.0,0.0,4.0,4.0,4.0,0.0,0.0,0.0,0.0,0.0,0.0,0.0,4.0,4.0,4.0,0.0,0.0
20,4,16,5,0.2,0.2,0.3,dense,True,20,20,20,4,20,5,17,Plain DPA max token,validity_full_harmful_sequence_per_prompt,radius_derived,5,"0,10,20,30,40",0.0,0.0,0.0,0.0,0.0,1.0,1.0,1.0,0.0,0.0,5.95,5.25,6.75,0.7000000000000002,0.7999999999999998,6.0,5.0,7.0,1.0,1.0,5.0,4.0,6.0,1.0,1.0,6.8,6.0,7.0,0.7999999999999998,0.20000000000000018,0.0,0.0,0.0,0.0,0.0,4.0,4.0,4.0,0.0,0.0,0.0,0.0,0.0,0.0,0.0,4.0,4.0,4.0,0.0,0.0
20,4,16,5,0.2,0.2,0.3,dense,True,20,20,20,4,20,5,18,Plain DPA max token,validity_full_harmful_sequence_per_prompt,radius_derived,5,"0,10,20,30,40",0.0,0.0,0.0,0.0,0.0,1.0,1.0,1.0,0.0,0.0,5.95,5.25,6.75,0.7000000000000002,0.7999999999999998,6.0,5.0,7.0,1.0,1.0,5.0,4.0,6.0,1.0,1.0,6.8,6.0,7.0,0.7999999999999998,0.20000000000000018,0.0,0.0,0.0,0.0,0.0,4.0,4.0,4.0,0.0,0.0,0.0,0.0,0.0,0.0,0.0,4.0,4.0,4.0,0.0,0.0
20,4,16,5,0.2,0.2,0.3,dense,True,20,20,20,4,20,5,19,Plain DPA max token,validity_full_harmful_sequence_per_prompt,radius_derived,5,"0,10,20,30,40",0.0,0.0,0.0,0.0,0.0,1.0,1.0,1.0,0.0,0.0,5.95,5.25,6.75,0.7000000000000002,0.7999999999999998,6.0,5.0,7.0,1.0,1.0,5.0,4.0,6.0,1.0,1.0,6.8,6.0,7.0,0.7999999999999998,0.20000000000000018,0.0,0.0,0.0,0.0,0.0,4.0,4.0,4.0,0.0,0.0,0.0,0.0,0.0,0.0,0.0,4.0,4.0,4.0,0.0,0.0
20,4,16,5,0.2,0.2,0.3,dense,True,20,20,20,4,20,5,20,Plain DPA max token,validity_full_harmful_sequence_per_prompt,radius_derived,5,"0,10,20,30,40",0.0,0.0,0.0,0.0,0.0,1.0,1.0,1.0,0.0,0.0,5.95,5.25,6.75,0.7000000000000002,0.7999999999999998,6.0,5.0,7.0,1.0,1.0,5.0,4.0,6.0,1.0,1.0,6.8,6.0,7.0,0.7999999999999998,0.20000000000000018,0.0,0.0,0.0,0.0,0.0,4.0,4.0,4.0,0.0,0.0,0.0,0.0,0.0,0.0,0.0,4.0,4.0,4.0,0.0,0.0
20,4,16,5,0.2,0.2,0.3,dense,True,20,20,20,4,20,5,0,Shard-aware weakest-token diagnostic,weakest_harmful_token_not_full_sequence_validity,radius_derived,5,"0,10,20,30,40",0.0,0.0,0.0,0.0,0.0,1.0,1.0,1.0,0.0,0.0,0.0,0.0,0.0,0.0,0.0,0.0,0.0,0.0,0.0,0.0,0.0,0.0,0.0,0.0,0.0,0.0,0.0,0.0,0.0,0.0,0.0,0.0,0.0,0.0,0.0,4.0,4.0,4.0,0.0,0.0,0.0,0.0,0.0,0.0,0.0,4.0,4.0,4.0,0.0,0.0
20,4,16,5,0.2,0.2,0.3,dense,True,20,20,20,4,20,5,1,Shard-aware weakest-token diagnostic,weakest_harmful_token_not_full_sequence_validity,radius_derived,5,"0,10,20,30,40",0.0,0.0,0.0,0.0,0.0,1.0,1.0,1.0,0.0,0.0,0.0,0.0,0.0,0.0,0.0,0.0,0.0,0.0,0.0,0.0,0.0,0.0,0.0,0.0,0.0,0.0,0.0,0.0,0.0,0.0,0.0,0.0,0.0,0.0,0.0,4.0,4.0,4.0,0.0,0.0,0.0,0.0,0.0,0.0,0.0,4.0,4.0,4.0,0.0,0.0
20,4,16,5,0.2,0.2,0.3,dense,True,20,20,20,4,20,5,2,Shard-aware weakest-token diagnostic,weakest_harmful_token_not_full_sequence_validity,radius_derived,5,"0,10,20,30,40",0.0,0.0,0.0,0.0,0.0,1.0,1.0,1.0,0.0,0.0,0.0,0.0,0.0,0.0,0.0,0.0,0.0,0.0,0.0,0.0,0.0,0.0,0.0,0.0,0.0,0.0,0.0,0.0,0.0,0.0,0.0,0.0,0.0,0.0,0.0,4.0,4.0,4.0,0.0,0.0,0.0,0.0,0.0,0.0,0.0,4.0,4.0,4.0,0.0,0.0
20,4,16,5,0.2,0.2,0.3,dense,True,20,20,20,4,20,5,3,Shard-aware weakest-token diagnostic,weakest_harmful_token_not_full_sequence_validity,radius_derived,5,"0,10,20,30,40",0.0,0.0,0.0,0.0,0.0,1.0,1.0,1.0,0.0,0.0,0.0,0.0,0.0,0.0,0.0,0.0,0.0,0.0,0.0,0.0,0.0,0.0,0.0,0.0,0.0,0.0,0.0,0.0,0.0,0.0,0.0,0.0,0.0,0.0,0.0,4.0,4.0,4.0,0.0,0.0,0.0,0.0,0.0,0.0,0.0,4.0,4.0,4.0,0.0,0.0
20,4,16,5,0.2,0.2,0.3,dense,True,20,20,20,4,20,5,4,Shard-aware weakest-token diagnostic,weakest_harmful_token_not_full_sequence_validity,radius_derived,5,"0,10,20,30,40",0.0,0.0,0.0,0.0,0.0,1.0,1.0,1.0,0.0,0.0,0.0,0.0,0.0,0.0,0.0,0.0,0.0,0.0,0.0,0.0,0.0,0.0,0.0,0.0,0.0,0.0,0.0,0.0,0.0,0.0,0.0,0.0,0.0,0.0,0.0,4.0,4.0,4.0,0.0,0.0,0.0,0.0,0.0,0.0,0.0,4.0,4.0,4.0,0.0,0.0
20,4,16,5,0.2,0.2,0.3,dense,True,20,20,20,4,20,5,5,Shard-aware weakest-token diagnostic,weakest_harmful_token_not_full_sequence_validity,radius_derived,5,"0,10,20,30,40",0.0,0.0,0.0,0.0,0.0,1.0,1.0,1.0,0.0,0.0,0.0,0.0,0.0,0.0,0.0,0.0,0.0,0.0,0.0,0.0,0.0,0.0,0.0,0.0,0.0,0.0,0.0,0.0,0.0,0.0,0.0,0.0,0.0,0.0,0.0,4.0,4.0,4.0,0.0,0.0,0.0,0.0,0.0,0.0,0.0,4.0,4.0,4.0,0.0,0.0
20,4,16,5,0.2,0.2,0.3,dense,True,20,20,20,4,20,5,6,Shard-aware weakest-token diagnostic,weakest_harmful_token_not_full_sequence_validity,radius_derived,5,"0,10,20,30,40",0.0,0.0,0.0,0.0,0.0,1.0,1.0,1.0,0.0,0.0,0.0,0.0,0.0,0.0,0.0,0.0,0.0,0.0,0.0,0.0,0.0,0.0,0.0,0.0,0.0,0.0,0.0,0.0,0.0,0.0,0.0,0.0,0.0,0.0,0.0,4.0,4.0,4.0,0.0,0.0,0.0,0.0,0.0,0.0,0.0,4.0,4.0,4.0,0.0,0.0
20,4,16,5,0.2,0.2,0.3,dense,True,20,20,20,4,20,5,7,Shard-aware weakest-token diagnostic,weakest_harmful_token_not_full_sequence_validity,radius_derived,5,"0,10,20,30,40",0.0,0.0,0.0,0.0,0.0,1.0,1.0,1.0,0.0,0.0,0.0,0.0,0.0,0.0,0.0,0.0,0.0,0.0,0.0,0.0,0.0,0.0,0.0,0.0,0.0,0.0,0.0,0.0,0.0,0.0,0.0,0.0,0.0,0.0,0.0,4.0,4.0,4.0,0.0,0.0,0.0,0.0,0.0,0.0,0.0,4.0,4.0,4.0,0.0,0.0
20,4,16,5,0.2,0.2,0.3,dense,True,20,20,20,4,20,5,8,Shard-aware weakest-token diagnostic,weakest_harmful_token_not_full_sequence_validity,radius_derived,5,"0,10,20,30,40",0.0,0.0,0.0,0.0,0.0,1.0,1.0,1.0,0.0,0.0,0.0,0.0,0.0,0.0,0.0,0.0,0.0,0.0,0.0,0.0,0.0,0.0,0.0,0.0,0.0,0.0,0.0,0.0,0.0,0.0,0.0,0.0,0.0,0.0,0.0,4.0,4.0,4.0,0.0,0.0,0.0,0.0,0.0,0.0,0.0,4.0,4.0,4.0,0.0,0.0
20,4,16,5,0.2,0.2,0.3,dense,True,20,20,20,4,20,5,9,Shard-aware weakest-token diagnostic,weakest_harmful_token_not_full_sequence_validity,radius_derived,5,"0,10,20,30,40",0.0,0.0,0.0,0.0,0.0,1.0,1.0,1.0,0.0,0.0,0.0,0.0,0.0,0.0,0.0,0.0,0.0,0.0,0.0,0.0,0.0,0.0,0.0,0.0,0.0,0.0,0.0,0.0,0.0,0.0,0.0,0.0,0.0,0.0,0.0,4.0,4.0,4.0,0.0,0.0,0.0,0.0,0.0,0.0,0.0,4.0,4.0,4.0,0.0,0.0
20,4,16,5,0.2,0.2,0.3,dense,True,20,20,20,4,20,5,10,Shard-aware weakest-token diagnostic,weakest_harmful_token_not_full_sequence_validity,radius_derived,5,"0,10,20,30,40",0.0,0.0,0.0,0.0,0.0,1.0,1.0,1.0,0.0,0.0,0.0,0.0,0.0,0.0,0.0,0.0,0.0,0.0,0.0,0.0,0.0,0.0,0.0,0.0,0.0,0.0,0.0,0.0,0.0,0.0,0.0,0.0,0.0,0.0,0.0,4.0,4.0,4.0,0.0,0.0,0.0,0.0,0.0,0.0,0.0,4.0,4.0,4.0,0.0,0.0
20,4,16,5,0.2,0.2,0.3,dense,True,20,20,20,4,20,5,11,Shard-aware weakest-token diagnostic,weakest_harmful_token_not_full_sequence_validity,radius_derived,5,"0,10,20,30,40",0.0,0.0,0.0,0.0,0.0,1.0,1.0,1.0,0.0,0.0,0.0,0.0,0.0,0.0,0.0,0.0,0.0,0.0,0.0,0.0,0.0,0.0,0.0,0.0,0.0,0.0,0.0,0.0,0.0,0.0,0.0,0.0,0.0,0.0,0.0,4.0,4.0,4.0,0.0,0.0,0.0,0.0,0.0,0.0,0.0,4.0,4.0,4.0,0.0,0.0
20,4,16,5,0.2,0.2,0.3,dense,True,20,20,20,4,20,5,12,Shard-aware weakest-token diagnostic,weakest_harmful_token_not_full_sequence_validity,radius_derived,5,"0,10,20,30,40",0.0,0.0,0.0,0.0,0.0,1.0,1.0,1.0,0.0,0.0,0.0,0.0,0.0,0.0,0.0,0.0,0.0,0.0,0.0,0.0,0.0,0.0,0.0,0.0,0.0,0.0,0.0,0.0,0.0,0.0,0.0,0.0,0.0,0.0,0.0,4.0,4.0,4.0,0.0,0.0,0.0,0.0,0.0,0.0,0.0,4.0,4.0,4.0,0.0,0.0
20,4,16,5,0.2,0.2,0.3,dense,True,20,20,20,4,20,5,13,Shard-aware weakest-token diagnostic,weakest_harmful_token_not_full_sequence_validity,radius_derived,5,"0,10,20,30,40",0.0,0.0,0.0,0.0,0.0,1.0,1.0,1.0,0.0,0.0,0.0,0.0,0.0,0.0,0.0,0.0,0.0,0.0,0.0,0.0,0.0,0.0,0.0,0.0,0.0,0.0,0.0,0.0,0.0,0.0,0.0,0.0,0.0,0.0,0.0,4.0,4.0,4.0,0.0,0.0,0.0,0.0,0.0,0.0,0.0,4.0,4.0,4.0,0.0,0.0
20,4,16,5,0.2,0.2,0.3,dense,True,20,20,20,4,20,5,14,Shard-aware weakest-token diagnostic,weakest_harmful_token_not_full_sequence_validity,radius_derived,5,"0,10,20,30,40",0.0,0.0,0.0,0.0,0.0,1.0,1.0,1.0,0.0,0.0,0.0,0.0,0.0,0.0,0.0,0.0,0.0,0.0,0.0,0.0,0.0,0.0,0.0,0.0,0.0,0.0,0.0,0.0,0.0,0.0,0.0,0.0,0.0,0.0,0.0,4.0,4.0,4.0,0.0,0.0,0.0,0.0,0.0,0.0,0.0,4.0,4.0,4.0,0.0,0.0
20,4,16,5,0.2,0.2,0.3,dense,True,20,20,20,4,20,5,15,Shard-aware weakest-token diagnostic,weakest_harmful_token_not_full_sequence_validity,radius_derived,5,"0,10,20,30,40",0.0,0.0,0.0,0.0,0.0,1.0,1.0,1.0,0.0,0.0,0.0,0.0,0.0,0.0,0.0,0.0,0.0,0.0,0.0,0.0,0.0,0.0,0.0,0.0,0.0,0.0,0.0,0.0,0.0,0.0,0.0,0.0,0.0,0.0,0.0,4.0,4.0,4.0,0.0,0.0,0.0,0.0,0.0,0.0,0.0,4.0,4.0,4.0,0.0,0.0
20,4,16,5,0.2,0.2,0.3,dense,True,20,20,20,4,20,5,16,Shard-aware weakest-token diagnostic,weakest_harmful_token_not_full_sequence_validity,radius_derived,5,"0,10,20,30,40",0.0,0.0,0.0,0.0,0.0,1.0,1.0,1.0,0.0,0.0,0.0,0.0,0.0,0.0,0.0,0.0,0.0,0.0,0.0,0.0,0.0,0.0,0.0,0.0,0.0,0.0,0.0,0.0,0.0,0.0,0.0,0.0,0.0,0.0,0.0,4.0,4.0,4.0,0.0,0.0,0.0,0.0,0.0,0.0,0.0,4.0,4.0,4.0,0.0,0.0
20,4,16,5,0.2,0.2,0.3,dense,True,20,20,20,4,20,5,17,Shard-aware weakest-token diagnostic,weakest_harmful_token_not_full_sequence_validity,radius_derived,5,"0,10,20,30,40",0.0,0.0,0.0,0.0,0.0,1.0,1.0,1.0,0.0,0.0,0.0,0.0,0.0,0.0,0.0,0.0,0.0,0.0,0.0,0.0,0.0,0.0,0.0,0.0,0.0,0.0,0.0,0.0,0.0,0.0,0.0,0.0,0.0,0.0,0.0,4.0,4.0,4.0,0.0,0.0,0.0,0.0,0.0,0.0,0.0,4.0,4.0,4.0,0.0,0.0
20,4,16,5,0.2,0.2,0.3,dense,True,20,20,20,4,20,5,18,Shard-aware weakest-token diagnostic,weakest_harmful_token_not_full_sequence_validity,radius_derived,5,"0,10,20,30,40",0.0,0.0,0.0,0.0,0.0,1.0,1.0,1.0,0.0,0.0,0.0,0.0,0.0,0.0,0.0,0.0,0.0,0.0,0.0,0.0,0.0,0.0,0.0,0.0,0.0,0.0,0.0,0.0,0.0,0.0,0.0,0.0,0.0,0.0,0.0,4.0,4.0,4.0,0.0,0.0,0.0,0.0,0.0,0.0,0.0,4.0,4.0,4.0,0.0,0.0
20,4,16,5,0.2,0.2,0.3,dense,True,20,20,20,4,20,5,19,Shard-aware weakest-token diagnostic,weakest_harmful_token_not_full_sequence_validity,radius_derived,5,"0,10,20,30,40",0.0,0.0,0.0,0.0,0.0,1.0,1.0,1.0,0.0,0.0,0.0,0.0,0.0,0.0,0.0,0.0,0.0,0.0,0.0,0.0,0.0,0.0,0.0,0.0,0.0,0.0,0.0,0.0,0.0,0.0,0.0,0.0,0.0,0.0,0.0,4.0,4.0,4.0,0.0,0.0,0.0,0.0,0.0,0.0,0.0,4.0,4.0,4.0,0.0,0.0
20,4,16,5,0.2,0.2,0.3,dense,True,20,20,20,4,20,5,20,Shard-aware weakest-token diagnostic,weakest_harmful_token_not_full_sequence_validity,radius_derived,5,"0,10,20,30,40",0.0,0.0,0.0,0.0,0.0,1.0,1.0,1.0,0.0,0.0,0.0,0.0,0.0,0.0,0.0,0.0,0.0,0.0,0.0,0.0,0.0,0.0,0.0,0.0,0.0,0.0,0.0,0.0,0.0,0.0,0.0,0.0,0.0,0.0,0.0,4.0,4.0,4.0,0.0,0.0,0.0,0.0,0.0,0.0,0.0,4.0,4.0,4.0,0.0,0.0
20,4,16,5,0.2,0.2,0.3,dense,True,20,20,20,4,20,5,0,Shard-aware independent max-token diagnostic,most_difficult_harmful_token_not_full_sequence_validity,radius_derived,5,"0,10,20,30,40",1.0,1.0,1.0,0.0,0.0,0.0,0.0,0.0,0.0,0.0,5.95,5.25,6.75,0.7000000000000002,0.7999999999999998,6.0,5.0,7.0,1.0,1.0,5.0,4.0,6.0,1.0,1.0,6.8,6.0,7.0,0.7999999999999998,0.20000000000000018,4.0,4.0,4.0,0.0,0.0,4.0,4.0,4.0,0.0,0.0,0.0,0.0,0.0,0.0,0.0,4.0,4.0,4.0,0.0,0.0
20,4,16,5,0.2,0.2,0.3,dense,True,20,20,20,4,20,5,1,Shard-aware independent max-token diagnostic,most_difficult_harmful_token_not_full_sequence_validity,radius_derived,5,"0,10,20,30,40",1.0,1.0,1.0,0.0,0.0,0.0,0.0,0.0,0.0,0.0,5.95,5.25,6.75,0.7000000000000002,0.7999999999999998,6.0,5.0,7.0,1.0,1.0,5.0,4.0,6.0,1.0,1.0,6.8,6.0,7.0,0.7999999999999998,0.20000000000000018,4.0,4.0,4.0,0.0,0.0,4.0,4.0,4.0,0.0,0.0,0.0,0.0,0.0,0.0,0.0,4.0,4.0,4.0,0.0,0.0
20,4,16,5,0.2,0.2,0.3,dense,True,20,20,20,4,20,5,2,Shard-aware independent max-token diagnostic,most_difficult_harmful_token_not_full_sequence_validity,radius_derived,5,"0,10,20,30,40",1.0,1.0,1.0,0.0,0.0,0.0,0.0,0.0,0.0,0.0,5.95,5.25,6.75,0.7000000000000002,0.7999999999999998,6.0,5.0,7.0,1.0,1.0,5.0,4.0,6.0,1.0,1.0,6.8,6.0,7.0,0.7999999999999998,0.20000000000000018,4.0,4.0,4.0,0.0,0.0,4.0,4.0,4.0,0.0,0.0,0.0,0.0,0.0,0.0,0.0,4.0,4.0,4.0,0.0,0.0
20,4,16,5,0.2,0.2,0.3,dense,True,20,20,20,4,20,5,3,Shard-aware independent max-token diagnostic,most_difficult_harmful_token_not_full_sequence_validity,radius_derived,5,"0,10,20,30,40",1.0,1.0,1.0,0.0,0.0,0.0,0.0,0.0,0.0,0.0,5.95,5.25,6.75,0.7000000000000002,0.7999999999999998,6.0,5.0,7.0,1.0,1.0,5.0,4.0,6.0,1.0,1.0,6.8,6.0,7.0,0.7999999999999998,0.20000000000000018,4.0,4.0,4.0,0.0,0.0,4.0,4.0,4.0,0.0,0.0,0.0,0.0,0.0,0.0,0.0,4.0,4.0,4.0,0.0,0.0
20,4,16,5,0.2,0.2,0.3,dense,True,20,20,20,4,20,5,4,Shard-aware independent max-token diagnostic,most_difficult_harmful_token_not_full_sequence_validity,radius_derived,5,"0,10,20,30,40",0.95,0.75,1.0,0.19999999999999996,0.050000000000000044,0.05,0.0,0.25,0.05,0.2,5.95,5.25,6.75,0.7000000000000002,0.7999999999999998,6.0,5.0,7.0,1.0,1.0,5.0,4.0,6.0,1.0,1.0,6.8,6.0,7.0,0.7999999999999998,0.20000000000000018,3.8,3.0,4.0,0.7999999999999998,0.20000000000000018,4.0,4.0,4.0,0.0,0.0,0.0,0.0,0.0,0.0,0.0,4.0,4.0,4.0,0.0,0.0
20,4,16,5,0.2,0.2,0.3,dense,True,20,20,20,4,20,5,5,Shard-aware independent max-token diagnostic,most_difficult_harmful_token_not_full_sequence_validity,radius_derived,5,"0,10,20,30,40",0.6,0.25,1.0,0.35,0.4,0.4,0.0,0.75,0.4,0.35,5.95,5.25,6.75,0.7000000000000002,0.7999999999999998,6.0,5.0,7.0,1.0,1.0,5.0,4.0,6.0,1.0,1.0,6.8,6.0,7.0,0.7999999999999998,0.20000000000000018,2.4,1.0,4.0,1.4,1.6,4.0,4.0,4.0,0.0,0.0,0.0,0.0,0.0,0.0,0.0,4.0,4.0,4.0,0.0,0.0
20,4,16,5,0.2,0.2,0.3,dense,True,20,20,20,4,20,5,6,Shard-aware independent max-token diagnostic,most_difficult_harmful_token_not_full_sequence_validity,radius_derived,5,"0,10,20,30,40",0.4,0.0,0.75,0.4,0.35,0.6,0.25,1.0,0.35,0.4,5.95,5.25,6.75,0.7000000000000002,0.7999999999999998,6.0,5.0,7.0,1.0,1.0,5.0,4.0,6.0,1.0,1.0,6.8,6.0,7.0,0.7999999999999998,0.20000000000000018,1.6,0.0,3.0,1.6,1.4,4.0,4.0,4.0,0.0,0.0,0.0,0.0,0.0,0.0,0.0,4.0,4.0,4.0,0.0,0.0
20,4,16,5,0.2,0.2,0.3,dense,True,20,20,20,4,20,5,7,Shard-aware independent max-token diagnostic,most_difficult_harmful_token_not_full_sequence_validity,radius_derived,5,"0,10,20,30,40",0.0,0.0,0.0,0.0,0.0,1.0,1.0,1.0,0.0,0.0,5.95,5.25,6.75,0.7000000000000002,0.7999999999999998,6.0,5.0,7.0,1.0,1.0,5.0,4.0,6.0,1.0,1.0,6.8,6.0,7.0,0.7999999999999998,0.20000000000000018,0.0,0.0,0.0,0.0,0.0,4.0,4.0,4.0,0.0,0.0,0.0,0.0,0.0,0.0,0.0,4.0,4.0,4.0,0.0,0.0
20,4,16,5,0.2,0.2,0.3,dense,True,20,20,20,4,20,5,8,Shard-aware independent max-token diagnostic,most_difficult_harmful_token_not_full_sequence_validity,radius_derived,5,"0,10,20,30,40",0.0,0.0,0.0,0.0,0.0,1.0,1.0,1.0,0.0,0.0,5.95,5.25,6.75,0.7000000000000002,0.7999999999999998,6.0,5.0,7.0,1.0,1.0,5.0,4.0,6.0,1.0,1.0,6.8,6.0,7.0,0.7999999999999998,0.20000000000000018,0.0,0.0,0.0,0.0,0.0,4.0,4.0,4.0,0.0,0.0,0.0,0.0,0.0,0.0,0.0,4.0,4.0,4.0,0.0,0.0
20,4,16,5,0.2,0.2,0.3,dense,True,20,20,20,4,20,5,9,Shard-aware independent max-token diagnostic,most_difficult_harmful_token_not_full_sequence_validity,radius_derived,5,"0,10,20,30,40",0.0,0.0,0.0,0.0,0.0,1.0,1.0,1.0,0.0,0.0,5.95,5.25,6.75,0.7000000000000002,0.7999999999999998,6.0,5.0,7.0,1.0,1.0,5.0,4.0,6.0,1.0,1.0,6.8,6.0,7.0,0.7999999999999998,0.20000000000000018,0.0,0.0,0.0,0.0,0.0,4.0,4.0,4.0,0.0,0.0,0.0,0.0,0.0,0.0,0.0,4.0,4.0,4.0,0.0,0.0
20,4,16,5,0.2,0.2,0.3,dense,True,20,20,20,4,20,5,10,Shard-aware independent max-token diagnostic,most_difficult_harmful_token_not_full_sequence_validity,radius_derived,5,"0,10,20,30,40",0.0,0.0,0.0,0.0,0.0,1.0,1.0,1.0,0.0,0.0,5.95,5.25,6.75,0.7000000000000002,0.7999999999999998,6.0,5.0,7.0,1.0,1.0,5.0,4.0,6.0,1.0,1.0,6.8,6.0,7.0,0.7999999999999998,0.20000000000000018,0.0,0.0,0.0,0.0,0.0,4.0,4.0,4.0,0.0,0.0,0.0,0.0,0.0,0.0,0.0,4.0,4.0,4.0,0.0,0.0
20,4,16,5,0.2,0.2,0.3,dense,True,20,20,20,4,20,5,11,Shard-aware independent max-token diagnostic,most_difficult_harmful_token_not_full_sequence_validity,radius_derived,5,"0,10,20,30,40",0.0,0.0,0.0,0.0,0.0,1.0,1.0,1.0,0.0,0.0,5.95,5.25,6.75,0.7000000000000002,0.7999999999999998,6.0,5.0,7.0,1.0,1.0,5.0,4.0,6.0,1.0,1.0,6.8,6.0,7.0,0.7999999999999998,0.20000000000000018,0.0,0.0,0.0,0.0,0.0,4.0,4.0,4.0,0.0,0.0,0.0,0.0,0.0,0.0,0.0,4.0,4.0,4.0,0.0,0.0
20,4,16,5,0.2,0.2,0.3,dense,True,20,20,20,4,20,5,12,Shard-aware independent max-token diagnostic,most_difficult_harmful_token_not_full_sequence_validity,radius_derived,5,"0,10,20,30,40",0.0,0.0,0.0,0.0,0.0,1.0,1.0,1.0,0.0,0.0,5.95,5.25,6.75,0.7000000000000002,0.7999999999999998,6.0,5.0,7.0,1.0,1.0,5.0,4.0,6.0,1.0,1.0,6.8,6.0,7.0,0.7999999999999998,0.20000000000000018,0.0,0.0,0.0,0.0,0.0,4.0,4.0,4.0,0.0,0.0,0.0,0.0,0.0,0.0,0.0,4.0,4.0,4.0,0.0,0.0
20,4,16,5,0.2,0.2,0.3,dense,True,20,20,20,4,20,5,13,Shard-aware independent max-token diagnostic,most_difficult_harmful_token_not_full_sequence_validity,radius_derived,5,"0,10,20,30,40",0.0,0.0,0.0,0.0,0.0,1.0,1.0,1.0,0.0,0.0,5.95,5.25,6.75,0.7000000000000002,0.7999999999999998,6.0,5.0,7.0,1.0,1.0,5.0,4.0,6.0,1.0,1.0,6.8,6.0,7.0,0.7999999999999998,0.20000000000000018,0.0,0.0,0.0,0.0,0.0,4.0,4.0,4.0,0.0,0.0,0.0,0.0,0.0,0.0,0.0,4.0,4.0,4.0,0.0,0.0
20,4,16,5,0.2,0.2,0.3,dense,True,20,20,20,4,20,5,14,Shard-aware independent max-token diagnostic,most_difficult_harmful_token_not_full_sequence_validity,radius_derived,5,"0,10,20,30,40",0.0,0.0,0.0,0.0,0.0,1.0,1.0,1.0,0.0,0.0,5.95,5.25,6.75,0.7000000000000002,0.7999999999999998,6.0,5.0,7.0,1.0,1.0,5.0,4.0,6.0,1.0,1.0,6.8,6.0,7.0,0.7999999999999998,0.20000000000000018,0.0,0.0,0.0,0.0,0.0,4.0,4.0,4.0,0.0,0.0,0.0,0.0,0.0,0.0,0.0,4.0,4.0,4.0,0.0,0.0
20,4,16,5,0.2,0.2,0.3,dense,True,20,20,20,4,20,5,15,Shard-aware independent max-token diagnostic,most_difficult_harmful_token_not_full_sequence_validity,radius_derived,5,"0,10,20,30,40",0.0,0.0,0.0,0.0,0.0,1.0,1.0,1.0,0.0,0.0,5.95,5.25,6.75,0.7000000000000002,0.7999999999999998,6.0,5.0,7.0,1.0,1.0,5.0,4.0,6.0,1.0,1.0,6.8,6.0,7.0,0.7999999999999998,0.20000000000000018,0.0,0.0,0.0,0.0,0.0,4.0,4.0,4.0,0.0,0.0,0.0,0.0,0.0,0.0,0.0,4.0,4.0,4.0,0.0,0.0
20,4,16,5,0.2,0.2,0.3,dense,True,20,20,20,4,20,5,16,Shard-aware independent max-token diagnostic,most_difficult_harmful_token_not_full_sequence_validity,radius_derived,5,"0,10,20,30,40",0.0,0.0,0.0,0.0,0.0,1.0,1.0,1.0,0.0,0.0,5.95,5.25,6.75,0.7000000000000002,0.7999999999999998,6.0,5.0,7.0,1.0,1.0,5.0,4.0,6.0,1.0,1.0,6.8,6.0,7.0,0.7999999999999998,0.20000000000000018,0.0,0.0,0.0,0.0,0.0,4.0,4.0,4.0,0.0,0.0,0.0,0.0,0.0,0.0,0.0,4.0,4.0,4.0,0.0,0.0
20,4,16,5,0.2,0.2,0.3,dense,True,20,20,20,4,20,5,17,Shard-aware independent max-token diagnostic,most_difficult_harmful_token_not_full_sequence_validity,radius_derived,5,"0,10,20,30,40",0.0,0.0,0.0,0.0,0.0,1.0,1.0,1.0,0.0,0.0,5.95,5.25,6.75,0.7000000000000002,0.7999999999999998,6.0,5.0,7.0,1.0,1.0,5.0,4.0,6.0,1.0,1.0,6.8,6.0,7.0,0.7999999999999998,0.20000000000000018,0.0,0.0,0.0,0.0,0.0,4.0,4.0,4.0,0.0,0.0,0.0,0.0,0.0,0.0,0.0,4.0,4.0,4.0,0.0,0.0
20,4,16,5,0.2,0.2,0.3,dense,True,20,20,20,4,20,5,18,Shard-aware independent max-token diagnostic,most_difficult_harmful_token_not_full_sequence_validity,radius_derived,5,"0,10,20,30,40",0.0,0.0,0.0,0.0,0.0,1.0,1.0,1.0,0.0,0.0,5.95,5.25,6.75,0.7000000000000002,0.7999999999999998,6.0,5.0,7.0,1.0,1.0,5.0,4.0,6.0,1.0,1.0,6.8,6.0,7.0,0.7999999999999998,0.20000000000000018,0.0,0.0,0.0,0.0,0.0,4.0,4.0,4.0,0.0,0.0,0.0,0.0,0.0,0.0,0.0,4.0,4.0,4.0,0.0,0.0
20,4,16,5,0.2,0.2,0.3,dense,True,20,20,20,4,20,5,19,Shard-aware independent max-token diagnostic,most_difficult_harmful_token_not_full_sequence_validity,radius_derived,5,"0,10,20,30,40",0.0,0.0,0.0,0.0,0.0,1.0,1.0,1.0,0.0,0.0,5.95,5.25,6.75,0.7000000000000002,0.7999999999999998,6.0,5.0,7.0,1.0,1.0,5.0,4.0,6.0,1.0,1.0,6.8,6.0,7.0,0.7999999999999998,0.20000000000000018,0.0,0.0,0.0,0.0,0.0,4.0,4.0,4.0,0.0,0.0,0.0,0.0,0.0,0.0,0.0,4.0,4.0,4.0,0.0,0.0
20,4,16,5,0.2,0.2,0.3,dense,True,20,20,20,4,20,5,20,Shard-aware independent max-token diagnostic,most_difficult_harmful_token_not_full_sequence_validity,radius_derived,5,"0,10,20,30,40",0.0,0.0,0.0,0.0,0.0,1.0,1.0,1.0,0.0,0.0,5.95,5.25,6.75,0.7000000000000002,0.7999999999999998,6.0,5.0,7.0,1.0,1.0,5.0,4.0,6.0,1.0,1.0,6.8,6.0,7.0,0.7999999999999998,0.20000000000000018,0.0,0.0,0.0,0.0,0.0,4.0,4.0,4.0,0.0,0.0,0.0,0.0,0.0,0.0,0.0,4.0,4.0,4.0,0.0,0.0
20,4,16,5,0.2,0.2,0.3,dense,True,20,20,20,4,20,5,0,TPA max-token phrase baseline,validity_full_harmful_sequence_per_prompt,radius_derived,5,"0,10,20,30,40",1.0,1.0,1.0,0.0,0.0,0.0,0.0,0.0,0.0,0.0,5.95,5.25,6.75,0.7000000000000002,0.7999999999999998,6.0,5.0,7.0,1.0,1.0,5.0,4.0,6.0,1.0,1.0,6.8,6.0,7.0,0.7999999999999998,0.20000000000000018,4.0,4.0,4.0,0.0,0.0,4.0,4.0,4.0,0.0,0.0,0.0,0.0,0.0,0.0,0.0,4.0,4.0,4.0,0.0,0.0
20,4,16,5,0.2,0.2,0.3,dense,True,20,20,20,4,20,5,1,TPA max-token phrase baseline,validity_full_harmful_sequence_per_prompt,radius_derived,5,"0,10,20,30,40",1.0,1.0,1.0,0.0,0.0,0.0,0.0,0.0,0.0,0.0,5.95,5.25,6.75,0.7000000000000002,0.7999999999999998,6.0,5.0,7.0,1.0,1.0,5.0,4.0,6.0,1.0,1.0,6.8,6.0,7.0,0.7999999999999998,0.20000000000000018,4.0,4.0,4.0,0.0,0.0,4.0,4.0,4.0,0.0,0.0,0.0,0.0,0.0,0.0,0.0,4.0,4.0,4.0,0.0,0.0
20,4,16,5,0.2,0.2,0.3,dense,True,20,20,20,4,20,5,2,TPA max-token phrase baseline,validity_full_harmful_sequence_per_prompt,radius_derived,5,"0,10,20,30,40",1.0,1.0,1.0,0.0,0.0,0.0,0.0,0.0,0.0,0.0,5.95,5.25,6.75,0.7000000000000002,0.7999999999999998,6.0,5.0,7.0,1.0,1.0,5.0,4.0,6.0,1.0,1.0,6.8,6.0,7.0,0.7999999999999998,0.20000000000000018,4.0,4.0,4.0,0.0,0.0,4.0,4.0,4.0,0.0,0.0,0.0,0.0,0.0,0.0,0.0,4.0,4.0,4.0,0.0,0.0
20,4,16,5,0.2,0.2,0.3,dense,True,20,20,20,4,20,5,3,TPA max-token phrase baseline,validity_full_harmful_sequence_per_prompt,radius_derived,5,"0,10,20,30,40",1.0,1.0,1.0,0.0,0.0,0.0,0.0,0.0,0.0,0.0,5.95,5.25,6.75,0.7000000000000002,0.7999999999999998,6.0,5.0,7.0,1.0,1.0,5.0,4.0,6.0,1.0,1.0,6.8,6.0,7.0,0.7999999999999998,0.20000000000000018,4.0,4.0,4.0,0.0,0.0,4.0,4.0,4.0,0.0,0.0,0.0,0.0,0.0,0.0,0.0,4.0,4.0,4.0,0.0,0.0
20,4,16,5,0.2,0.2,0.3,dense,True,20,20,20,4,20,5,4,TPA max-token phrase baseline,validity_full_harmful_sequence_per_prompt,radius_derived,5,"0,10,20,30,40",0.95,0.75,1.0,0.19999999999999996,0.050000000000000044,0.05,0.0,0.25,0.05,0.2,5.95,5.25,6.75,0.7000000000000002,0.7999999999999998,6.0,5.0,7.0,1.0,1.0,5.0,4.0,6.0,1.0,1.0,6.8,6.0,7.0,0.7999999999999998,0.20000000000000018,3.8,3.0,4.0,0.7999999999999998,0.20000000000000018,4.0,4.0,4.0,0.0,0.0,0.0,0.0,0.0,0.0,0.0,4.0,4.0,4.0,0.0,0.0
20,4,16,5,0.2,0.2,0.3,dense,True,20,20,20,4,20,5,5,TPA max-token phrase baseline,validity_full_harmful_sequence_per_prompt,radius_derived,5,"0,10,20,30,40",0.6,0.25,1.0,0.35,0.4,0.4,0.0,0.75,0.4,0.35,5.95,5.25,6.75,0.7000000000000002,0.7999999999999998,6.0,5.0,7.0,1.0,1.0,5.0,4.0,6.0,1.0,1.0,6.8,6.0,7.0,0.7999999999999998,0.20000000000000018,2.4,1.0,4.0,1.4,1.6,4.0,4.0,4.0,0.0,0.0,0.0,0.0,0.0,0.0,0.0,4.0,4.0,4.0,0.0,0.0
20,4,16,5,0.2,0.2,0.3,dense,True,20,20,20,4,20,5,6,TPA max-token phrase baseline,validity_full_harmful_sequence_per_prompt,radius_derived,5,"0,10,20,30,40",0.4,0.0,0.75,0.4,0.35,0.6,0.25,1.0,0.35,0.4,5.95,5.25,6.75,0.7000000000000002,0.7999999999999998,6.0,5.0,7.0,1.0,1.0,5.0,4.0,6.0,1.0,1.0,6.8,6.0,7.0,0.7999999999999998,0.20000000000000018,1.6,0.0,3.0,1.6,1.4,4.0,4.0,4.0,0.0,0.0,0.0,0.0,0.0,0.0,0.0,4.0,4.0,4.0,0.0,0.0
20,4,16,5,0.2,0.2,0.3,dense,True,20,20,20,4,20,5,7,TPA max-token phrase baseline,validity_full_harmful_sequence_per_prompt,radius_derived,5,"0,10,20,30,40",0.0,0.0,0.0,0.0,0.0,1.0,1.0,1.0,0.0,0.0,5.95,5.25,6.75,0.7000000000000002,0.7999999999999998,6.0,5.0,7.0,1.0,1.0,5.0,4.0,6.0,1.0,1.0,6.8,6.0,7.0,0.7999999999999998,0.20000000000000018,0.0,0.0,0.0,0.0,0.0,4.0,4.0,4.0,0.0,0.0,0.0,0.0,0.0,0.0,0.0,4.0,4.0,4.0,0.0,0.0
20,4,16,5,0.2,0.2,0.3,dense,True,20,20,20,4,20,5,8,TPA max-token phrase baseline,validity_full_harmful_sequence_per_prompt,radius_derived,5,"0,10,20,30,40",0.0,0.0,0.0,0.0,0.0,1.0,1.0,1.0,0.0,0.0,5.95,5.25,6.75,0.7000000000000002,0.7999999999999998,6.0,5.0,7.0,1.0,1.0,5.0,4.0,6.0,1.0,1.0,6.8,6.0,7.0,0.7999999999999998,0.20000000000000018,0.0,0.0,0.0,0.0,0.0,4.0,4.0,4.0,0.0,0.0,0.0,0.0,0.0,0.0,0.0,4.0,4.0,4.0,0.0,0.0
20,4,16,5,0.2,0.2,0.3,dense,True,20,20,20,4,20,5,9,TPA max-token phrase baseline,validity_full_harmful_sequence_per_prompt,radius_derived,5,"0,10,20,30,40",0.0,0.0,0.0,0.0,0.0,1.0,1.0,1.0,0.0,0.0,5.95,5.25,6.75,0.7000000000000002,0.7999999999999998,6.0,5.0,7.0,1.0,1.0,5.0,4.0,6.0,1.0,1.0,6.8,6.0,7.0,0.7999999999999998,0.20000000000000018,0.0,0.0,0.0,0.0,0.0,4.0,4.0,4.0,0.0,0.0,0.0,0.0,0.0,0.0,0.0,4.0,4.0,4.0,0.0,0.0
20,4,16,5,0.2,0.2,0.3,dense,True,20,20,20,4,20,5,10,TPA max-token phrase baseline,validity_full_harmful_sequence_per_prompt,radius_derived,5,"0,10,20,30,40",0.0,0.0,0.0,0.0,0.0,1.0,1.0,1.0,0.0,0.0,5.95,5.25,6.75,0.7000000000000002,0.7999999999999998,6.0,5.0,7.0,1.0,1.0,5.0,4.0,6.0,1.0,1.0,6.8,6.0,7.0,0.7999999999999998,0.20000000000000018,0.0,0.0,0.0,0.0,0.0,4.0,4.0,4.0,0.0,0.0,0.0,0.0,0.0,0.0,0.0,4.0,4.0,4.0,0.0,0.0
20,4,16,5,0.2,0.2,0.3,dense,True,20,20,20,4,20,5,11,TPA max-token phrase baseline,validity_full_harmful_sequence_per_prompt,radius_derived,5,"0,10,20,30,40",0.0,0.0,0.0,0.0,0.0,1.0,1.0,1.0,0.0,0.0,5.95,5.25,6.75,0.7000000000000002,0.7999999999999998,6.0,5.0,7.0,1.0,1.0,5.0,4.0,6.0,1.0,1.0,6.8,6.0,7.0,0.7999999999999998,0.20000000000000018,0.0,0.0,0.0,0.0,0.0,4.0,4.0,4.0,0.0,0.0,0.0,0.0,0.0,0.0,0.0,4.0,4.0,4.0,0.0,0.0
20,4,16,5,0.2,0.2,0.3,dense,True,20,20,20,4,20,5,12,TPA max-token phrase baseline,validity_full_harmful_sequence_per_prompt,radius_derived,5,"0,10,20,30,40",0.0,0.0,0.0,0.0,0.0,1.0,1.0,1.0,0.0,0.0,5.95,5.25,6.75,0.7000000000000002,0.7999999999999998,6.0,5.0,7.0,1.0,1.0,5.0,4.0,6.0,1.0,1.0,6.8,6.0,7.0,0.7999999999999998,0.20000000000000018,0.0,0.0,0.0,0.0,0.0,4.0,4.0,4.0,0.0,0.0,0.0,0.0,0.0,0.0,0.0,4.0,4.0,4.0,0.0,0.0
20,4,16,5,0.2,0.2,0.3,dense,True,20,20,20,4,20,5,13,TPA max-token phrase baseline,validity_full_harmful_sequence_per_prompt,radius_derived,5,"0,10,20,30,40",0.0,0.0,0.0,0.0,0.0,1.0,1.0,1.0,0.0,0.0,5.95,5.25,6.75,0.7000000000000002,0.7999999999999998,6.0,5.0,7.0,1.0,1.0,5.0,4.0,6.0,1.0,1.0,6.8,6.0,7.0,0.7999999999999998,0.20000000000000018,0.0,0.0,0.0,0.0,0.0,4.0,4.0,4.0,0.0,0.0,0.0,0.0,0.0,0.0,0.0,4.0,4.0,4.0,0.0,0.0
20,4,16,5,0.2,0.2,0.3,dense,True,20,20,20,4,20,5,14,TPA max-token phrase baseline,validity_full_harmful_sequence_per_prompt,radius_derived,5,"0,10,20,30,40",0.0,0.0,0.0,0.0,0.0,1.0,1.0,1.0,0.0,0.0,5.95,5.25,6.75,0.7000000000000002,0.7999999999999998,6.0,5.0,7.0,1.0,1.0,5.0,4.0,6.0,1.0,1.0,6.8,6.0,7.0,0.7999999999999998,0.20000000000000018,0.0,0.0,0.0,0.0,0.0,4.0,4.0,4.0,0.0,0.0,0.0,0.0,0.0,0.0,0.0,4.0,4.0,4.0,0.0,0.0
20,4,16,5,0.2,0.2,0.3,dense,True,20,20,20,4,20,5,15,TPA max-token phrase baseline,validity_full_harmful_sequence_per_prompt,radius_derived,5,"0,10,20,30,40",0.0,0.0,0.0,0.0,0.0,1.0,1.0,1.0,0.0,0.0,5.95,5.25,6.75,0.7000000000000002,0.7999999999999998,6.0,5.0,7.0,1.0,1.0,5.0,4.0,6.0,1.0,1.0,6.8,6.0,7.0,0.7999999999999998,0.20000000000000018,0.0,0.0,0.0,0.0,0.0,4.0,4.0,4.0,0.0,0.0,0.0,0.0,0.0,0.0,0.0,4.0,4.0,4.0,0.0,0.0
20,4,16,5,0.2,0.2,0.3,dense,True,20,20,20,4,20,5,16,TPA max-token phrase baseline,validity_full_harmful_sequence_per_prompt,radius_derived,5,"0,10,20,30,40",0.0,0.0,0.0,0.0,0.0,1.0,1.0,1.0,0.0,0.0,5.95,5.25,6.75,0.7000000000000002,0.7999999999999998,6.0,5.0,7.0,1.0,1.0,5.0,4.0,6.0,1.0,1.0,6.8,6.0,7.0,0.7999999999999998,0.20000000000000018,0.0,0.0,0.0,0.0,0.0,4.0,4.0,4.0,0.0,0.0,0.0,0.0,0.0,0.0,0.0,4.0,4.0,4.0,0.0,0.0
20,4,16,5,0.2,0.2,0.3,dense,True,20,20,20,4,20,5,17,TPA max-token phrase baseline,validity_full_harmful_sequence_per_prompt,radius_derived,5,"0,10,20,30,40",0.0,0.0,0.0,0.0,0.0,1.0,1.0,1.0,0.0,0.0,5.95,5.25,6.75,0.7000000000000002,0.7999999999999998,6.0,5.0,7.0,1.0,1.0,5.0,4.0,6.0,1.0,1.0,6.8,6.0,7.0,0.7999999999999998,0.20000000000000018,0.0,0.0,0.0,0.0,0.0,4.0,4.0,4.0,0.0,0.0,0.0,0.0,0.0,0.0,0.0,4.0,4.0,4.0,0.0,0.0
20,4,16,5,0.2,0.2,0.3,dense,True,20,20,20,4,20,5,18,TPA max-token phrase baseline,validity_full_harmful_sequence_per_prompt,radius_derived,5,"0,10,20,30,40",0.0,0.0,0.0,0.0,0.0,1.0,1.0,1.0,0.0,0.0,5.95,5.25,6.75,0.7000000000000002,0.7999999999999998,6.0,5.0,7.0,1.0,1.0,5.0,4.0,6.0,1.0,1.0,6.8,6.0,7.0,0.7999999999999998,0.20000000000000018,0.0,0.0,0.0,0.0,0.0,4.0,4.0,4.0,0.0,0.0,0.0,0.0,0.0,0.0,0.0,4.0,4.0,4.0,0.0,0.0
20,4,16,5,0.2,0.2,0.3,dense,True,20,20,20,4,20,5,19,TPA max-token phrase baseline,validity_full_harmful_sequence_per_prompt,radius_derived,5,"0,10,20,30,40",0.0,0.0,0.0,0.0,0.0,1.0,1.0,1.0,0.0,0.0,5.95,5.25,6.75,0.7000000000000002,0.7999999999999998,6.0,5.0,7.0,1.0,1.0,5.0,4.0,6.0,1.0,1.0,6.8,6.0,7.0,0.7999999999999998,0.20000000000000018,0.0,0.0,0.0,0.0,0.0,4.0,4.0,4.0,0.0,0.0,0.0,0.0,0.0,0.0,0.0,4.0,4.0,4.0,0.0,0.0
20,4,16,5,0.2,0.2,0.3,dense,True,20,20,20,4,20,5,20,TPA max-token phrase baseline,validity_full_harmful_sequence_per_prompt,radius_derived,5,"0,10,20,30,40",0.0,0.0,0.0,0.0,0.0,1.0,1.0,1.0,0.0,0.0,5.95,5.25,6.75,0.7000000000000002,0.7999999999999998,6.0,5.0,7.0,1.0,1.0,5.0,4.0,6.0,1.0,1.0,6.8,6.0,7.0,0.7999999999999998,0.20000000000000018,0.0,0.0,0.0,0.0,0.0,4.0,4.0,4.0,0.0,0.0,0.0,0.0,0.0,0.0,0.0,4.0,4.0,4.0,0.0,0.0
20,4,16,5,0.2,0.2,0.3,dense,True,20,20,20,4,20,5,0,Shared MILP,validity_full_harmful_sequence_per_prompt,radius_derived,5,"0,10,20,30,40",1.0,1.0,1.0,0.0,0.0,0.0,0.0,0.0,0.0,0.0,6.15,5.25,6.75,0.9000000000000004,0.5999999999999996,6.2,5.0,7.0,1.2000000000000002,0.7999999999999998,5.4,5.0,6.0,0.40000000000000036,0.5999999999999996,6.8,6.0,7.0,0.7999999999999998,0.20000000000000018,4.0,4.0,4.0,0.0,0.0,4.0,4.0,4.0,0.0,0.0,0.0,0.0,0.0,0.0,0.0,4.0,4.0,4.0,0.0,0.0
20,4,16,5,0.2,0.2,0.3,dense,True,20,20,20,4,20,5,1,Shared MILP,validity_full_harmful_sequence_per_prompt,radius_derived,5,"0,10,20,30,40",1.0,1.0,1.0,0.0,0.0,0.0,0.0,0.0,0.0,0.0,6.15,5.25,6.75,0.9000000000000004,0.5999999999999996,6.2,5.0,7.0,1.2000000000000002,0.7999999999999998,5.4,5.0,6.0,0.40000000000000036,0.5999999999999996,6.8,6.0,7.0,0.7999999999999998,0.20000000000000018,4.0,4.0,4.0,0.0,0.0,4.0,4.0,4.0,0.0,0.0,0.0,0.0,0.0,0.0,0.0,4.0,4.0,4.0,0.0,0.0
20,4,16,5,0.2,0.2,0.3,dense,True,20,20,20,4,20,5,2,Shared MILP,validity_full_harmful_sequence_per_prompt,radius_derived,5,"0,10,20,30,40",1.0,1.0,1.0,0.0,0.0,0.0,0.0,0.0,0.0,0.0,6.15,5.25,6.75,0.9000000000000004,0.5999999999999996,6.2,5.0,7.0,1.2000000000000002,0.7999999999999998,5.4,5.0,6.0,0.40000000000000036,0.5999999999999996,6.8,6.0,7.0,0.7999999999999998,0.20000000000000018,4.0,4.0,4.0,0.0,0.0,4.0,4.0,4.0,0.0,0.0,0.0,0.0,0.0,0.0,0.0,4.0,4.0,4.0,0.0,0.0
20,4,16,5,0.2,0.2,0.3,dense,True,20,20,20,4,20,5,3,Shared MILP,validity_full_harmful_sequence_per_prompt,radius_derived,5,"0,10,20,30,40",1.0,1.0,1.0,0.0,0.0,0.0,0.0,0.0,0.0,0.0,6.15,5.25,6.75,0.9000000000000004,0.5999999999999996,6.2,5.0,7.0,1.2000000000000002,0.7999999999999998,5.4,5.0,6.0,0.40000000000000036,0.5999999999999996,6.8,6.0,7.0,0.7999999999999998,0.20000000000000018,4.0,4.0,4.0,0.0,0.0,4.0,4.0,4.0,0.0,0.0,0.0,0.0,0.0,0.0,0.0,4.0,4.0,4.0,0.0,0.0
20,4,16,5,0.2,0.2,0.3,dense,True,20,20,20,4,20,5,4,Shared MILP,validity_full_harmful_sequence_per_prompt,radius_derived,5,"0,10,20,30,40",1.0,1.0,1.0,0.0,0.0,0.0,0.0,0.0,0.0,0.0,6.15,5.25,6.75,0.9000000000000004,0.5999999999999996,6.2,5.0,7.0,1.2000000000000002,0.7999999999999998,5.4,5.0,6.0,0.40000000000000036,0.5999999999999996,6.8,6.0,7.0,0.7999999999999998,0.20000000000000018,4.0,4.0,4.0,0.0,0.0,4.0,4.0,4.0,0.0,0.0,0.0,0.0,0.0,0.0,0.0,4.0,4.0,4.0,0.0,0.0
20,4,16,5,0.2,0.2,0.3,dense,True,20,20,20,4,20,5,5,Shared MILP,validity_full_harmful_sequence_per_prompt,radius_derived,5,"0,10,20,30,40",0.75,0.25,1.0,0.5,0.25,0.25,0.0,0.75,0.25,0.5,6.15,5.25,6.75,0.9000000000000004,0.5999999999999996,6.2,5.0,7.0,1.2000000000000002,0.7999999999999998,5.4,5.0,6.0,0.40000000000000036,0.5999999999999996,6.8,6.0,7.0,0.7999999999999998,0.20000000000000018,3.0,1.0,4.0,2.0,1.0,4.0,4.0,4.0,0.0,0.0,0.0,0.0,0.0,0.0,0.0,4.0,4.0,4.0,0.0,0.0
20,4,16,5,0.2,0.2,0.3,dense,True,20,20,20,4,20,5,6,Shared MILP,validity_full_harmful_sequence_per_prompt,radius_derived,5,"0,10,20,30,40",0.4,0.0,0.75,0.4,0.35,0.6,0.25,1.0,0.35,0.4,6.15,5.25,6.75,0.9000000000000004,0.5999999999999996,6.2,5.0,7.0,1.2000000000000002,0.7999999999999998,5.4,5.0,6.0,0.40000000000000036,0.5999999999999996,6.8,6.0,7.0,0.7999999999999998,0.20000000000000018,1.6,0.0,3.0,1.6,1.4,4.0,4.0,4.0,0.0,0.0,0.0,0.0,0.0,0.0,0.0,4.0,4.0,4.0,0.0,0.0
20,4,16,5,0.2,0.2,0.3,dense,True,20,20,20,4,20,5,7,Shared MILP,validity_full_harmful_sequence_per_prompt,radius_derived,5,"0,10,20,30,40",0.0,0.0,0.0,0.0,0.0,1.0,1.0,1.0,0.0,0.0,6.15,5.25,6.75,0.9000000000000004,0.5999999999999996,6.2,5.0,7.0,1.2000000000000002,0.7999999999999998,5.4,5.0,6.0,0.40000000000000036,0.5999999999999996,6.8,6.0,7.0,0.7999999999999998,0.20000000000000018,0.0,0.0,0.0,0.0,0.0,4.0,4.0,4.0,0.0,0.0,0.0,0.0,0.0,0.0,0.0,4.0,4.0,4.0,0.0,0.0
20,4,16,5,0.2,0.2,0.3,dense,True,20,20,20,4,20,5,8,Shared MILP,validity_full_harmful_sequence_per_prompt,radius_derived,5,"0,10,20,30,40",0.0,0.0,0.0,0.0,0.0,1.0,1.0,1.0,0.0,0.0,6.15,5.25,6.75,0.9000000000000004,0.5999999999999996,6.2,5.0,7.0,1.2000000000000002,0.7999999999999998,5.4,5.0,6.0,0.40000000000000036,0.5999999999999996,6.8,6.0,7.0,0.7999999999999998,0.20000000000000018,0.0,0.0,0.0,0.0,0.0,4.0,4.0,4.0,0.0,0.0,0.0,0.0,0.0,0.0,0.0,4.0,4.0,4.0,0.0,0.0
20,4,16,5,0.2,0.2,0.3,dense,True,20,20,20,4,20,5,9,Shared MILP,validity_full_harmful_sequence_per_prompt,radius_derived,5,"0,10,20,30,40",0.0,0.0,0.0,0.0,0.0,1.0,1.0,1.0,0.0,0.0,6.15,5.25,6.75,0.9000000000000004,0.5999999999999996,6.2,5.0,7.0,1.2000000000000002,0.7999999999999998,5.4,5.0,6.0,0.40000000000000036,0.5999999999999996,6.8,6.0,7.0,0.7999999999999998,0.20000000000000018,0.0,0.0,0.0,0.0,0.0,4.0,4.0,4.0,0.0,0.0,0.0,0.0,0.0,0.0,0.0,4.0,4.0,4.0,0.0,0.0
20,4,16,5,0.2,0.2,0.3,dense,True,20,20,20,4,20,5,10,Shared MILP,validity_full_harmful_sequence_per_prompt,radius_derived,5,"0,10,20,30,40",0.0,0.0,0.0,0.0,0.0,1.0,1.0,1.0,0.0,0.0,6.15,5.25,6.75,0.9000000000000004,0.5999999999999996,6.2,5.0,7.0,1.2000000000000002,0.7999999999999998,5.4,5.0,6.0,0.40000000000000036,0.5999999999999996,6.8,6.0,7.0,0.7999999999999998,0.20000000000000018,0.0,0.0,0.0,0.0,0.0,4.0,4.0,4.0,0.0,0.0,0.0,0.0,0.0,0.0,0.0,4.0,4.0,4.0,0.0,0.0
20,4,16,5,0.2,0.2,0.3,dense,True,20,20,20,4,20,5,11,Shared MILP,validity_full_harmful_sequence_per_prompt,radius_derived,5,"0,10,20,30,40",0.0,0.0,0.0,0.0,0.0,1.0,1.0,1.0,0.0,0.0,6.15,5.25,6.75,0.9000000000000004,0.5999999999999996,6.2,5.0,7.0,1.2000000000000002,0.7999999999999998,5.4,5.0,6.0,0.40000000000000036,0.5999999999999996,6.8,6.0,7.0,0.7999999999999998,0.20000000000000018,0.0,0.0,0.0,0.0,0.0,4.0,4.0,4.0,0.0,0.0,0.0,0.0,0.0,0.0,0.0,4.0,4.0,4.0,0.0,0.0
20,4,16,5,0.2,0.2,0.3,dense,True,20,20,20,4,20,5,12,Shared MILP,validity_full_harmful_sequence_per_prompt,radius_derived,5,"0,10,20,30,40",0.0,0.0,0.0,0.0,0.0,1.0,1.0,1.0,0.0,0.0,6.15,5.25,6.75,0.9000000000000004,0.5999999999999996,6.2,5.0,7.0,1.2000000000000002,0.7999999999999998,5.4,5.0,6.0,0.40000000000000036,0.5999999999999996,6.8,6.0,7.0,0.7999999999999998,0.20000000000000018,0.0,0.0,0.0,0.0,0.0,4.0,4.0,4.0,0.0,0.0,0.0,0.0,0.0,0.0,0.0,4.0,4.0,4.0,0.0,0.0
20,4,16,5,0.2,0.2,0.3,dense,True,20,20,20,4,20,5,13,Shared MILP,validity_full_harmful_sequence_per_prompt,radius_derived,5,"0,10,20,30,40",0.0,0.0,0.0,0.0,0.0,1.0,1.0,1.0,0.0,0.0,6.15,5.25,6.75,0.9000000000000004,0.5999999999999996,6.2,5.0,7.0,1.2000000000000002,0.7999999999999998,5.4,5.0,6.0,0.40000000000000036,0.5999999999999996,6.8,6.0,7.0,0.7999999999999998,0.20000000000000018,0.0,0.0,0.0,0.0,0.0,4.0,4.0,4.0,0.0,0.0,0.0,0.0,0.0,0.0,0.0,4.0,4.0,4.0,0.0,0.0
20,4,16,5,0.2,0.2,0.3,dense,True,20,20,20,4,20,5,14,Shared MILP,validity_full_harmful_sequence_per_prompt,radius_derived,5,"0,10,20,30,40",0.0,0.0,0.0,0.0,0.0,1.0,1.0,1.0,0.0,0.0,6.15,5.25,6.75,0.9000000000000004,0.5999999999999996,6.2,5.0,7.0,1.2000000000000002,0.7999999999999998,5.4,5.0,6.0,0.40000000000000036,0.5999999999999996,6.8,6.0,7.0,0.7999999999999998,0.20000000000000018,0.0,0.0,0.0,0.0,0.0,4.0,4.0,4.0,0.0,0.0,0.0,0.0,0.0,0.0,0.0,4.0,4.0,4.0,0.0,0.0
20,4,16,5,0.2,0.2,0.3,dense,True,20,20,20,4,20,5,15,Shared MILP,validity_full_harmful_sequence_per_prompt,radius_derived,5,"0,10,20,30,40",0.0,0.0,0.0,0.0,0.0,1.0,1.0,1.0,0.0,0.0,6.15,5.25,6.75,0.9000000000000004,0.5999999999999996,6.2,5.0,7.0,1.2000000000000002,0.7999999999999998,5.4,5.0,6.0,0.40000000000000036,0.5999999999999996,6.8,6.0,7.0,0.7999999999999998,0.20000000000000018,0.0,0.0,0.0,0.0,0.0,4.0,4.0,4.0,0.0,0.0,0.0,0.0,0.0,0.0,0.0,4.0,4.0,4.0,0.0,0.0
20,4,16,5,0.2,0.2,0.3,dense,True,20,20,20,4,20,5,16,Shared MILP,validity_full_harmful_sequence_per_prompt,radius_derived,5,"0,10,20,30,40",0.0,0.0,0.0,0.0,0.0,1.0,1.0,1.0,0.0,0.0,6.15,5.25,6.75,0.9000000000000004,0.5999999999999996,6.2,5.0,7.0,1.2000000000000002,0.7999999999999998,5.4,5.0,6.0,0.40000000000000036,0.5999999999999996,6.8,6.0,7.0,0.7999999999999998,0.20000000000000018,0.0,0.0,0.0,0.0,0.0,4.0,4.0,4.0,0.0,0.0,0.0,0.0,0.0,0.0,0.0,4.0,4.0,4.0,0.0,0.0
20,4,16,5,0.2,0.2,0.3,dense,True,20,20,20,4,20,5,17,Shared MILP,validity_full_harmful_sequence_per_prompt,radius_derived,5,"0,10,20,30,40",0.0,0.0,0.0,0.0,0.0,1.0,1.0,1.0,0.0,0.0,6.15,5.25,6.75,0.9000000000000004,0.5999999999999996,6.2,5.0,7.0,1.2000000000000002,0.7999999999999998,5.4,5.0,6.0,0.40000000000000036,0.5999999999999996,6.8,6.0,7.0,0.7999999999999998,0.20000000000000018,0.0,0.0,0.0,0.0,0.0,4.0,4.0,4.0,0.0,0.0,0.0,0.0,0.0,0.0,0.0,4.0,4.0,4.0,0.0,0.0
20,4,16,5,0.2,0.2,0.3,dense,True,20,20,20,4,20,5,18,Shared MILP,validity_full_harmful_sequence_per_prompt,radius_derived,5,"0,10,20,30,40",0.0,0.0,0.0,0.0,0.0,1.0,1.0,1.0,0.0,0.0,6.15,5.25,6.75,0.9000000000000004,0.5999999999999996,6.2,5.0,7.0,1.2000000000000002,0.7999999999999998,5.4,5.0,6.0,0.40000000000000036,0.5999999999999996,6.8,6.0,7.0,0.7999999999999998,0.20000000000000018,0.0,0.0,0.0,0.0,0.0,4.0,4.0,4.0,0.0,0.0,0.0,0.0,0.0,0.0,0.0,4.0,4.0,4.0,0.0,0.0
20,4,16,5,0.2,0.2,0.3,dense,True,20,20,20,4,20,5,19,Shared MILP,validity_full_harmful_sequence_per_prompt,radius_derived,5,"0,10,20,30,40",0.0,0.0,0.0,0.0,0.0,1.0,1.0,1.0,0.0,0.0,6.15,5.25,6.75,0.9000000000000004,0.5999999999999996,6.2,5.0,7.0,1.2000000000000002,0.7999999999999998,5.4,5.0,6.0,0.40000000000000036,0.5999999999999996,6.8,6.0,7.0,0.7999999999999998,0.20000000000000018,0.0,0.0,0.0,0.0,0.0,4.0,4.0,4.0,0.0,0.0,0.0,0.0,0.0,0.0,0.0,4.0,4.0,4.0,0.0,0.0
20,4,16,5,0.2,0.2,0.3,dense,True,20,20,20,4,20,5,20,Shared MILP,validity_full_harmful_sequence_per_prompt,radius_derived,5,"0,10,20,30,40",0.0,0.0,0.0,0.0,0.0,1.0,1.0,1.0,0.0,0.0,6.15,5.25,6.75,0.9000000000000004,0.5999999999999996,6.2,5.0,7.0,1.2000000000000002,0.7999999999999998,5.4,5.0,6.0,0.40000000000000036,0.5999999999999996,6.8,6.0,7.0,0.7999999999999998,0.20000000000000018,0.0,0.0,0.0,0.0,0.0,4.0,4.0,4.0,0.0,0.0,0.0,0.0,0.0,0.0,0.0,4.0,4.0,4.0,0.0,0.0
20,4,16,5,0.2,0.2,0.3,dense,True,20,20,20,4,20,5,0,Atomic phrase aggregation,validity_full_harmful_sequence_per_prompt,radius_derived,5,"0,10,20,30,40",1.0,1.0,1.0,0.0,0.0,0.0,0.0,0.0,0.0,0.0,1.0,1.0,1.0,0.0,0.0,1.0,1.0,1.0,0.0,0.0,1.0,1.0,1.0,0.0,0.0,1.0,1.0,1.0,0.0,0.0,4.0,4.0,4.0,0.0,0.0,4.0,4.0,4.0,0.0,0.0,0.0,0.0,0.0,0.0,0.0,4.0,4.0,4.0,0.0,0.0
20,4,16,5,0.2,0.2,0.3,dense,True,20,20,20,4,20,5,1,Atomic phrase aggregation,validity_full_harmful_sequence_per_prompt,radius_derived,5,"0,10,20,30,40",0.0,0.0,0.0,0.0,0.0,1.0,1.0,1.0,0.0,0.0,1.0,1.0,1.0,0.0,0.0,1.0,1.0,1.0,0.0,0.0,1.0,1.0,1.0,0.0,0.0,1.0,1.0,1.0,0.0,0.0,0.0,0.0,0.0,0.0,0.0,4.0,4.0,4.0,0.0,0.0,0.0,0.0,0.0,0.0,0.0,4.0,4.0,4.0,0.0,0.0
20,4,16,5,0.2,0.2,0.3,dense,True,20,20,20,4,20,5,2,Atomic phrase aggregation,validity_full_harmful_sequence_per_prompt,radius_derived,5,"0,10,20,30,40",0.0,0.0,0.0,0.0,0.0,1.0,1.0,1.0,0.0,0.0,1.0,1.0,1.0,0.0,0.0,1.0,1.0,1.0,0.0,0.0,1.0,1.0,1.0,0.0,0.0,1.0,1.0,1.0,0.0,0.0,0.0,0.0,0.0,0.0,0.0,4.0,4.0,4.0,0.0,0.0,0.0,0.0,0.0,0.0,0.0,4.0,4.0,4.0,0.0,0.0
20,4,16,5,0.2,0.2,0.3,dense,True,20,20,20,4,20,5,3,Atomic phrase aggregation,validity_full_harmful_sequence_per_prompt,radius_derived,5,"0,10,20,30,40",0.0,0.0,0.0,0.0,0.0,1.0,1.0,1.0,0.0,0.0,1.0,1.0,1.0,0.0,0.0,1.0,1.0,1.0,0.0,0.0,1.0,1.0,1.0,0.0,0.0,1.0,1.0,1.0,0.0,0.0,0.0,0.0,0.0,0.0,0.0,4.0,4.0,4.0,0.0,0.0,0.0,0.0,0.0,0.0,0.0,4.0,4.0,4.0,0.0,0.0
20,4,16,5,0.2,0.2,0.3,dense,True,20,20,20,4,20,5,4,Atomic phrase aggregation,validity_full_harmful_sequence_per_prompt,radius_derived,5,"0,10,20,30,40",0.0,0.0,0.0,0.0,0.0,1.0,1.0,1.0,0.0,0.0,1.0,1.0,1.0,0.0,0.0,1.0,1.0,1.0,0.0,0.0,1.0,1.0,1.0,0.0,0.0,1.0,1.0,1.0,0.0,0.0,0.0,0.0,0.0,0.0,0.0,4.0,4.0,4.0,0.0,0.0,0.0,0.0,0.0,0.0,0.0,4.0,4.0,4.0,0.0,0.0
20,4,16,5,0.2,0.2,0.3,dense,True,20,20,20,4,20,5,5,Atomic phrase aggregation,validity_full_harmful_sequence_per_prompt,radius_derived,5,"0,10,20,30,40",0.0,0.0,0.0,0.0,0.0,1.0,1.0,1.0,0.0,0.0,1.0,1.0,1.0,0.0,0.0,1.0,1.0,1.0,0.0,0.0,1.0,1.0,1.0,0.0,0.0,1.0,1.0,1.0,0.0,0.0,0.0,0.0,0.0,0.0,0.0,4.0,4.0,4.0,0.0,0.0,0.0,0.0,0.0,0.0,0.0,4.0,4.0,4.0,0.0,0.0
20,4,16,5,0.2,0.2,0.3,dense,True,20,20,20,4,20,5,6,Atomic phrase aggregation,validity_full_harmful_sequence_per_prompt,radius_derived,5,"0,10,20,30,40",0.0,0.0,0.0,0.0,0.0,1.0,1.0,1.0,0.0,0.0,1.0,1.0,1.0,0.0,0.0,1.0,1.0,1.0,0.0,0.0,1.0,1.0,1.0,0.0,0.0,1.0,1.0,1.0,0.0,0.0,0.0,0.0,0.0,0.0,0.0,4.0,4.0,4.0,0.0,0.0,0.0,0.0,0.0,0.0,0.0,4.0,4.0,4.0,0.0,0.0
20,4,16,5,0.2,0.2,0.3,dense,True,20,20,20,4,20,5,7,Atomic phrase aggregation,validity_full_harmful_sequence_per_prompt,radius_derived,5,"0,10,20,30,40",0.0,0.0,0.0,0.0,0.0,1.0,1.0,1.0,0.0,0.0,1.0,1.0,1.0,0.0,0.0,1.0,1.0,1.0,0.0,0.0,1.0,1.0,1.0,0.0,0.0,1.0,1.0,1.0,0.0,0.0,0.0,0.0,0.0,0.0,0.0,4.0,4.0,4.0,0.0,0.0,0.0,0.0,0.0,0.0,0.0,4.0,4.0,4.0,0.0,0.0
20,4,16,5,0.2,0.2,0.3,dense,True,20,20,20,4,20,5,8,Atomic phrase aggregation,validity_full_harmful_sequence_per_prompt,radius_derived,5,"0,10,20,30,40",0.0,0.0,0.0,0.0,0.0,1.0,1.0,1.0,0.0,0.0,1.0,1.0,1.0,0.0,0.0,1.0,1.0,1.0,0.0,0.0,1.0,1.0,1.0,0.0,0.0,1.0,1.0,1.0,0.0,0.0,0.0,0.0,0.0,0.0,0.0,4.0,4.0,4.0,0.0,0.0,0.0,0.0,0.0,0.0,0.0,4.0,4.0,4.0,0.0,0.0
20,4,16,5,0.2,0.2,0.3,dense,True,20,20,20,4,20,5,9,Atomic phrase aggregation,validity_full_harmful_sequence_per_prompt,radius_derived,5,"0,10,20,30,40",0.0,0.0,0.0,0.0,0.0,1.0,1.0,1.0,0.0,0.0,1.0,1.0,1.0,0.0,0.0,1.0,1.0,1.0,0.0,0.0,1.0,1.0,1.0,0.0,0.0,1.0,1.0,1.0,0.0,0.0,0.0,0.0,0.0,0.0,0.0,4.0,4.0,4.0,0.0,0.0,0.0,0.0,0.0,0.0,0.0,4.0,4.0,4.0,0.0,0.0
20,4,16,5,0.2,0.2,0.3,dense,True,20,20,20,4,20,5,10,Atomic phrase aggregation,validity_full_harmful_sequence_per_prompt,radius_derived,5,"0,10,20,30,40",0.0,0.0,0.0,0.0,0.0,1.0,1.0,1.0,0.0,0.0,1.0,1.0,1.0,0.0,0.0,1.0,1.0,1.0,0.0,0.0,1.0,1.0,1.0,0.0,0.0,1.0,1.0,1.0,0.0,0.0,0.0,0.0,0.0,0.0,0.0,4.0,4.0,4.0,0.0,0.0,0.0,0.0,0.0,0.0,0.0,4.0,4.0,4.0,0.0,0.0
20,4,16,5,0.2,0.2,0.3,dense,True,20,20,20,4,20,5,11,Atomic phrase aggregation,validity_full_harmful_sequence_per_prompt,radius_derived,5,"0,10,20,30,40",0.0,0.0,0.0,0.0,0.0,1.0,1.0,1.0,0.0,0.0,1.0,1.0,1.0,0.0,0.0,1.0,1.0,1.0,0.0,0.0,1.0,1.0,1.0,0.0,0.0,1.0,1.0,1.0,0.0,0.0,0.0,0.0,0.0,0.0,0.0,4.0,4.0,4.0,0.0,0.0,0.0,0.0,0.0,0.0,0.0,4.0,4.0,4.0,0.0,0.0
20,4,16,5,0.2,0.2,0.3,dense,True,20,20,20,4,20,5,12,Atomic phrase aggregation,validity_full_harmful_sequence_per_prompt,radius_derived,5,"0,10,20,30,40",0.0,0.0,0.0,0.0,0.0,1.0,1.0,1.0,0.0,0.0,1.0,1.0,1.0,0.0,0.0,1.0,1.0,1.0,0.0,0.0,1.0,1.0,1.0,0.0,0.0,1.0,1.0,1.0,0.0,0.0,0.0,0.0,0.0,0.0,0.0,4.0,4.0,4.0,0.0,0.0,0.0,0.0,0.0,0.0,0.0,4.0,4.0,4.0,0.0,0.0
20,4,16,5,0.2,0.2,0.3,dense,True,20,20,20,4,20,5,13,Atomic phrase aggregation,validity_full_harmful_sequence_per_prompt,radius_derived,5,"0,10,20,30,40",0.0,0.0,0.0,0.0,0.0,1.0,1.0,1.0,0.0,0.0,1.0,1.0,1.0,0.0,0.0,1.0,1.0,1.0,0.0,0.0,1.0,1.0,1.0,0.0,0.0,1.0,1.0,1.0,0.0,0.0,0.0,0.0,0.0,0.0,0.0,4.0,4.0,4.0,0.0,0.0,0.0,0.0,0.0,0.0,0.0,4.0,4.0,4.0,0.0,0.0
20,4,16,5,0.2,0.2,0.3,dense,True,20,20,20,4,20,5,14,Atomic phrase aggregation,validity_full_harmful_sequence_per_prompt,radius_derived,5,"0,10,20,30,40",0.0,0.0,0.0,0.0,0.0,1.0,1.0,1.0,0.0,0.0,1.0,1.0,1.0,0.0,0.0,1.0,1.0,1.0,0.0,0.0,1.0,1.0,1.0,0.0,0.0,1.0,1.0,1.0,0.0,0.0,0.0,0.0,0.0,0.0,0.0,4.0,4.0,4.0,0.0,0.0,0.0,0.0,0.0,0.0,0.0,4.0,4.0,4.0,0.0,0.0
20,4,16,5,0.2,0.2,0.3,dense,True,20,20,20,4,20,5,15,Atomic phrase aggregation,validity_full_harmful_sequence_per_prompt,radius_derived,5,"0,10,20,30,40",0.0,0.0,0.0,0.0,0.0,1.0,1.0,1.0,0.0,0.0,1.0,1.0,1.0,0.0,0.0,1.0,1.0,1.0,0.0,0.0,1.0,1.0,1.0,0.0,0.0,1.0,1.0,1.0,0.0,0.0,0.0,0.0,0.0,0.0,0.0,4.0,4.0,4.0,0.0,0.0,0.0,0.0,0.0,0.0,0.0,4.0,4.0,4.0,0.0,0.0
20,4,16,5,0.2,0.2,0.3,dense,True,20,20,20,4,20,5,16,Atomic phrase aggregation,validity_full_harmful_sequence_per_prompt,radius_derived,5,"0,10,20,30,40",0.0,0.0,0.0,0.0,0.0,1.0,1.0,1.0,0.0,0.0,1.0,1.0,1.0,0.0,0.0,1.0,1.0,1.0,0.0,0.0,1.0,1.0,1.0,0.0,0.0,1.0,1.0,1.0,0.0,0.0,0.0,0.0,0.0,0.0,0.0,4.0,4.0,4.0,0.0,0.0,0.0,0.0,0.0,0.0,0.0,4.0,4.0,4.0,0.0,0.0
20,4,16,5,0.2,0.2,0.3,dense,True,20,20,20,4,20,5,17,Atomic phrase aggregation,validity_full_harmful_sequence_per_prompt,radius_derived,5,"0,10,20,30,40",0.0,0.0,0.0,0.0,0.0,1.0,1.0,1.0,0.0,0.0,1.0,1.0,1.0,0.0,0.0,1.0,1.0,1.0,0.0,0.0,1.0,1.0,1.0,0.0,0.0,1.0,1.0,1.0,0.0,0.0,0.0,0.0,0.0,0.0,0.0,4.0,4.0,4.0,0.0,0.0,0.0,0.0,0.0,0.0,0.0,4.0,4.0,4.0,0.0,0.0
20,4,16,5,0.2,0.2,0.3,dense,True,20,20,20,4,20,5,18,Atomic phrase aggregation,validity_full_harmful_sequence_per_prompt,radius_derived,5,"0,10,20,30,40",0.0,0.0,0.0,0.0,0.0,1.0,1.0,1.0,0.0,0.0,1.0,1.0,1.0,0.0,0.0,1.0,1.0,1.0,0.0,0.0,1.0,1.0,1.0,0.0,0.0,1.0,1.0,1.0,0.0,0.0,0.0,0.0,0.0,0.0,0.0,4.0,4.0,4.0,0.0,0.0,0.0,0.0,0.0,0.0,0.0,4.0,4.0,4.0,0.0,0.0
20,4,16,5,0.2,0.2,0.3,dense,True,20,20,20,4,20,5,19,Atomic phrase aggregation,validity_full_harmful_sequence_per_prompt,radius_derived,5,"0,10,20,30,40",0.0,0.0,0.0,0.0,0.0,1.0,1.0,1.0,0.0,0.0,1.0,1.0,1.0,0.0,0.0,1.0,1.0,1.0,0.0,0.0,1.0,1.0,1.0,0.0,0.0,1.0,1.0,1.0,0.0,0.0,0.0,0.0,0.0,0.0,0.0,4.0,4.0,4.0,0.0,0.0,0.0,0.0,0.0,0.0,0.0,4.0,4.0,4.0,0.0,0.0
20,4,16,5,0.2,0.2,0.3,dense,True,20,20,20,4,20,5,20,Atomic phrase aggregation,validity_full_harmful_sequence_per_prompt,radius_derived,5,"0,10,20,30,40",0.0,0.0,0.0,0.0,0.0,1.0,1.0,1.0,0.0,0.0,1.0,1.0,1.0,0.0,0.0,1.0,1.0,1.0,0.0,0.0,1.0,1.0,1.0,0.0,0.0,1.0,1.0,1.0,0.0,0.0,0.0,0.0,0.0,0.0,0.0,4.0,4.0,4.0,0.0,0.0,0.0,0.0,0.0,0.0,0.0,4.0,4.0,4.0,0.0,0.0
20,4,16,5,0.2,0.2,0.3,dense,True,20,20,20,4,20,5,0,Independent shard-aware composition diagnostic,validity_full_harmful_sequence_per_prompt,radius_derived,5,"0,10,20,30,40",1.0,1.0,1.0,0.0,0.0,0.0,0.0,0.0,0.0,0.0,41.7,39.25,45.75,2.450000000000003,4.049999999999997,40.7,37.5,44.0,3.200000000000003,3.299999999999997,36.4,32.0,40.0,4.399999999999999,3.6000000000000014,49.0,43.0,56.0,6.0,7.0,4.0,4.0,4.0,0.0,0.0,4.0,4.0,4.0,0.0,0.0,0.0,0.0,0.0,0.0,0.0,4.0,4.0,4.0,0.0,0.0
20,4,16,5,0.2,0.2,0.3,dense,True,20,20,20,4,20,5,1,Independent shard-aware composition diagnostic,validity_full_harmful_sequence_per_prompt,radius_derived,5,"0,10,20,30,40",1.0,1.0,1.0,0.0,0.0,0.0,0.0,0.0,0.0,0.0,41.7,39.25,45.75,2.450000000000003,4.049999999999997,40.7,37.5,44.0,3.200000000000003,3.299999999999997,36.4,32.0,40.0,4.399999999999999,3.6000000000000014,49.0,43.0,56.0,6.0,7.0,4.0,4.0,4.0,0.0,0.0,4.0,4.0,4.0,0.0,0.0,0.0,0.0,0.0,0.0,0.0,4.0,4.0,4.0,0.0,0.0
20,4,16,5,0.2,0.2,0.3,dense,True,20,20,20,4,20,5,2,Independent shard-aware composition diagnostic,validity_full_harmful_sequence_per_prompt,radius_derived,5,"0,10,20,30,40",1.0,1.0,1.0,0.0,0.0,0.0,0.0,0.0,0.0,0.0,41.7,39.25,45.75,2.450000000000003,4.049999999999997,40.7,37.5,44.0,3.200000000000003,3.299999999999997,36.4,32.0,40.0,4.399999999999999,3.6000000000000014,49.0,43.0,56.0,6.0,7.0,4.0,4.0,4.0,0.0,0.0,4.0,4.0,4.0,0.0,0.0,0.0,0.0,0.0,0.0,0.0,4.0,4.0,4.0,0.0,0.0
20,4,16,5,0.2,0.2,0.3,dense,True,20,20,20,4,20,5,3,Independent shard-aware composition diagnostic,validity_full_harmful_sequence_per_prompt,radius_derived,5,"0,10,20,30,40",1.0,1.0,1.0,0.0,0.0,0.0,0.0,0.0,0.0,0.0,41.7,39.25,45.75,2.450000000000003,4.049999999999997,40.7,37.5,44.0,3.200000000000003,3.299999999999997,36.4,32.0,40.0,4.399999999999999,3.6000000000000014,49.0,43.0,56.0,6.0,7.0,4.0,4.0,4.0,0.0,0.0,4.0,4.0,4.0,0.0,0.0,0.0,0.0,0.0,0.0,0.0,4.0,4.0,4.0,0.0,0.0
20,4,16,5,0.2,0.2,0.3,dense,True,20,20,20,4,20,5,4,Independent shard-aware composition diagnostic,validity_full_harmful_sequence_per_prompt,radius_derived,5,"0,10,20,30,40",1.0,1.0,1.0,0.0,0.0,0.0,0.0,0.0,0.0,0.0,41.7,39.25,45.75,2.450000000000003,4.049999999999997,40.7,37.5,44.0,3.200000000000003,3.299999999999997,36.4,32.0,40.0,4.399999999999999,3.6000000000000014,49.0,43.0,56.0,6.0,7.0,4.0,4.0,4.0,0.0,0.0,4.0,4.0,4.0,0.0,0.0,0.0,0.0,0.0,0.0,0.0,4.0,4.0,4.0,0.0,0.0
20,4,16,5,0.2,0.2,0.3,dense,True,20,20,20,4,20,5,5,Independent shard-aware composition diagnostic,validity_full_harmful_sequence_per_prompt,radius_derived,5,"0,10,20,30,40",1.0,1.0,1.0,0.0,0.0,0.0,0.0,0.0,0.0,0.0,41.7,39.25,45.75,2.450000000000003,4.049999999999997,40.7,37.5,44.0,3.200000000000003,3.299999999999997,36.4,32.0,40.0,4.399999999999999,3.6000000000000014,49.0,43.0,56.0,6.0,7.0,4.0,4.0,4.0,0.0,0.0,4.0,4.0,4.0,0.0,0.0,0.0,0.0,0.0,0.0,0.0,4.0,4.0,4.0,0.0,0.0
20,4,16,5,0.2,0.2,0.3,dense,True,20,20,20,4,20,5,6,Independent shard-aware composition diagnostic,validity_full_harmful_sequence_per_prompt,radius_derived,5,"0,10,20,30,40",1.0,1.0,1.0,0.0,0.0,0.0,0.0,0.0,0.0,0.0,41.7,39.25,45.75,2.450000000000003,4.049999999999997,40.7,37.5,44.0,3.200000000000003,3.299999999999997,36.4,32.0,40.0,4.399999999999999,3.6000000000000014,49.0,43.0,56.0,6.0,7.0,4.0,4.0,4.0,0.0,0.0,4.0,4.0,4.0,0.0,0.0,0.0,0.0,0.0,0.0,0.0,4.0,4.0,4.0,0.0,0.0
20,4,16,5,0.2,0.2,0.3,dense,True,20,20,20,4,20,5,7,Independent shard-aware composition diagnostic,validity_full_harmful_sequence_per_prompt,radius_derived,5,"0,10,20,30,40",1.0,1.0,1.0,0.0,0.0,0.0,0.0,0.0,0.0,0.0,41.7,39.25,45.75,2.450000000000003,4.049999999999997,40.7,37.5,44.0,3.200000000000003,3.299999999999997,36.4,32.0,40.0,4.399999999999999,3.6000000000000014,49.0,43.0,56.0,6.0,7.0,4.0,4.0,4.0,0.0,0.0,4.0,4.0,4.0,0.0,0.0,0.0,0.0,0.0,0.0,0.0,4.0,4.0,4.0,0.0,0.0
20,4,16,5,0.2,0.2,0.3,dense,True,20,20,20,4,20,5,8,Independent shard-aware composition diagnostic,validity_full_harmful_sequence_per_prompt,radius_derived,5,"0,10,20,30,40",1.0,1.0,1.0,0.0,0.0,0.0,0.0,0.0,0.0,0.0,41.7,39.25,45.75,2.450000000000003,4.049999999999997,40.7,37.5,44.0,3.200000000000003,3.299999999999997,36.4,32.0,40.0,4.399999999999999,3.6000000000000014,49.0,43.0,56.0,6.0,7.0,4.0,4.0,4.0,0.0,0.0,4.0,4.0,4.0,0.0,0.0,0.0,0.0,0.0,0.0,0.0,4.0,4.0,4.0,0.0,0.0
20,4,16,5,0.2,0.2,0.3,dense,True,20,20,20,4,20,5,9,Independent shard-aware composition diagnostic,validity_full_harmful_sequence_per_prompt,radius_derived,5,"0,10,20,30,40",1.0,1.0,1.0,0.0,0.0,0.0,0.0,0.0,0.0,0.0,41.7,39.25,45.75,2.450000000000003,4.049999999999997,40.7,37.5,44.0,3.200000000000003,3.299999999999997,36.4,32.0,40.0,4.399999999999999,3.6000000000000014,49.0,43.0,56.0,6.0,7.0,4.0,4.0,4.0,0.0,0.0,4.0,4.0,4.0,0.0,0.0,0.0,0.0,0.0,0.0,0.0,4.0,4.0,4.0,0.0,0.0
20,4,16,5,0.2,0.2,0.3,dense,True,20,20,20,4,20,5,10,Independent shard-aware composition diagnostic,validity_full_harmful_sequence_per_prompt,radius_derived,5,"0,10,20,30,40",1.0,1.0,1.0,0.0,0.0,0.0,0.0,0.0,0.0,0.0,41.7,39.25,45.75,2.450000000000003,4.049999999999997,40.7,37.5,44.0,3.200000000000003,3.299999999999997,36.4,32.0,40.0,4.399999999999999,3.6000000000000014,49.0,43.0,56.0,6.0,7.0,4.0,4.0,4.0,0.0,0.0,4.0,4.0,4.0,0.0,0.0,0.0,0.0,0.0,0.0,0.0,4.0,4.0,4.0,0.0,0.0
20,4,16,5,0.2,0.2,0.3,dense,True,20,20,20,4,20,5,11,Independent shard-aware composition diagnostic,validity_full_harmful_sequence_per_prompt,radius_derived,5,"0,10,20,30,40",1.0,1.0,1.0,0.0,0.0,0.0,0.0,0.0,0.0,0.0,41.7,39.25,45.75,2.450000000000003,4.049999999999997,40.7,37.5,44.0,3.200000000000003,3.299999999999997,36.4,32.0,40.0,4.399999999999999,3.6000000000000014,49.0,43.0,56.0,6.0,7.0,4.0,4.0,4.0,0.0,0.0,4.0,4.0,4.0,0.0,0.0,0.0,0.0,0.0,0.0,0.0,4.0,4.0,4.0,0.0,0.0
20,4,16,5,0.2,0.2,0.3,dense,True,20,20,20,4,20,5,12,Independent shard-aware composition diagnostic,validity_full_harmful_sequence_per_prompt,radius_derived,5,"0,10,20,30,40",1.0,1.0,1.0,0.0,0.0,0.0,0.0,0.0,0.0,0.0,41.7,39.25,45.75,2.450000000000003,4.049999999999997,40.7,37.5,44.0,3.200000000000003,3.299999999999997,36.4,32.0,40.0,4.399999999999999,3.6000000000000014,49.0,43.0,56.0,6.0,7.0,4.0,4.0,4.0,0.0,0.0,4.0,4.0,4.0,0.0,0.0,0.0,0.0,0.0,0.0,0.0,4.0,4.0,4.0,0.0,0.0
20,4,16,5,0.2,0.2,0.3,dense,True,20,20,20,4,20,5,13,Independent shard-aware composition diagnostic,validity_full_harmful_sequence_per_prompt,radius_derived,5,"0,10,20,30,40",1.0,1.0,1.0,0.0,0.0,0.0,0.0,0.0,0.0,0.0,41.7,39.25,45.75,2.450000000000003,4.049999999999997,40.7,37.5,44.0,3.200000000000003,3.299999999999997,36.4,32.0,40.0,4.399999999999999,3.6000000000000014,49.0,43.0,56.0,6.0,7.0,4.0,4.0,4.0,0.0,0.0,4.0,4.0,4.0,0.0,0.0,0.0,0.0,0.0,0.0,0.0,4.0,4.0,4.0,0.0,0.0
20,4,16,5,0.2,0.2,0.3,dense,True,20,20,20,4,20,5,14,Independent shard-aware composition diagnostic,validity_full_harmful_sequence_per_prompt,radius_derived,5,"0,10,20,30,40",1.0,1.0,1.0,0.0,0.0,0.0,0.0,0.0,0.0,0.0,41.7,39.25,45.75,2.450000000000003,4.049999999999997,40.7,37.5,44.0,3.200000000000003,3.299999999999997,36.4,32.0,40.0,4.399999999999999,3.6000000000000014,49.0,43.0,56.0,6.0,7.0,4.0,4.0,4.0,0.0,0.0,4.0,4.0,4.0,0.0,0.0,0.0,0.0,0.0,0.0,0.0,4.0,4.0,4.0,0.0,0.0
20,4,16,5,0.2,0.2,0.3,dense,True,20,20,20,4,20,5,15,Independent shard-aware composition diagnostic,validity_full_harmful_sequence_per_prompt,radius_derived,5,"0,10,20,30,40",1.0,1.0,1.0,0.0,0.0,0.0,0.0,0.0,0.0,0.0,41.7,39.25,45.75,2.450000000000003,4.049999999999997,40.7,37.5,44.0,3.200000000000003,3.299999999999997,36.4,32.0,40.0,4.399999999999999,3.6000000000000014,49.0,43.0,56.0,6.0,7.0,4.0,4.0,4.0,0.0,0.0,4.0,4.0,4.0,0.0,0.0,0.0,0.0,0.0,0.0,0.0,4.0,4.0,4.0,0.0,0.0
20,4,16,5,0.2,0.2,0.3,dense,True,20,20,20,4,20,5,16,Independent shard-aware composition diagnostic,validity_full_harmful_sequence_per_prompt,radius_derived,5,"0,10,20,30,40",1.0,1.0,1.0,0.0,0.0,0.0,0.0,0.0,0.0,0.0,41.7,39.25,45.75,2.450000000000003,4.049999999999997,40.7,37.5,44.0,3.200000000000003,3.299999999999997,36.4,32.0,40.0,4.399999999999999,3.6000000000000014,49.0,43.0,56.0,6.0,7.0,4.0,4.0,4.0,0.0,0.0,4.0,4.0,4.0,0.0,0.0,0.0,0.0,0.0,0.0,0.0,4.0,4.0,4.0,0.0,0.0
20,4,16,5,0.2,0.2,0.3,dense,True,20,20,20,4,20,5,17,Independent shard-aware composition diagnostic,validity_full_harmful_sequence_per_prompt,radius_derived,5,"0,10,20,30,40",1.0,1.0,1.0,0.0,0.0,0.0,0.0,0.0,0.0,0.0,41.7,39.25,45.75,2.450000000000003,4.049999999999997,40.7,37.5,44.0,3.200000000000003,3.299999999999997,36.4,32.0,40.0,4.399999999999999,3.6000000000000014,49.0,43.0,56.0,6.0,7.0,4.0,4.0,4.0,0.0,0.0,4.0,4.0,4.0,0.0,0.0,0.0,0.0,0.0,0.0,0.0,4.0,4.0,4.0,0.0,0.0
20,4,16,5,0.2,0.2,0.3,dense,True,20,20,20,4,20,5,18,Independent shard-aware composition diagnostic,validity_full_harmful_sequence_per_prompt,radius_derived,5,"0,10,20,30,40",1.0,1.0,1.0,0.0,0.0,0.0,0.0,0.0,0.0,0.0,41.7,39.25,45.75,2.450000000000003,4.049999999999997,40.7,37.5,44.0,3.200000000000003,3.299999999999997,36.4,32.0,40.0,4.399999999999999,3.6000000000000014,49.0,43.0,56.0,6.0,7.0,4.0,4.0,4.0,0.0,0.0,4.0,4.0,4.0,0.0,0.0,0.0,0.0,0.0,0.0,0.0,4.0,4.0,4.0,0.0,0.0
20,4,16,5,0.2,0.2,0.3,dense,True,20,20,20,4,20,5,19,Independent shard-aware composition diagnostic,validity_full_harmful_sequence_per_prompt,radius_derived,5,"0,10,20,30,40",1.0,1.0,1.0,0.0,0.0,0.0,0.0,0.0,0.0,0.0,41.7,39.25,45.75,2.450000000000003,4.049999999999997,40.7,37.5,44.0,3.200000000000003,3.299999999999997,36.4,32.0,40.0,4.399999999999999,3.6000000000000014,49.0,43.0,56.0,6.0,7.0,4.0,4.0,4.0,0.0,0.0,4.0,4.0,4.0,0.0,0.0,0.0,0.0,0.0,0.0,0.0,4.0,4.0,4.0,0.0,0.0
20,4,16,5,0.2,0.2,0.3,dense,True,20,20,20,4,20,5,20,Independent shard-aware composition diagnostic,validity_full_harmful_sequence_per_prompt,radius_derived,5,"0,10,20,30,40",1.0,1.0,1.0,0.0,0.0,0.0,0.0,0.0,0.0,0.0,41.7,39.25,45.75,2.450000000000003,4.049999999999997,40.7,37.5,44.0,3.200000000000003,3.299999999999997,36.4,32.0,40.0,4.399999999999999,3.6000000000000014,49.0,43.0,56.0,6.0,7.0,4.0,4.0,4.0,0.0,0.0,4.0,4.0,4.0,0.0,0.0,0.0,0.0,0.0,0.0,0.0,4.0,4.0,4.0,0.0,0.0
20,4,18,5,0.2,0.2,0.3,dense,True,20,20,20,4,20,5,0,DPA token margin,full_response_stable_against_any_token_change,radius_derived,5,"0,10,20,30,40",1.0,1.0,1.0,0.0,0.0,0.0,0.0,0.0,0.0,0.0,4.45,4.0,5.25,0.4500000000000002,0.7999999999999998,4.5,4.0,5.0,0.5,0.5,3.6,3.0,5.0,0.6000000000000001,1.4,5.2,5.0,6.0,0.20000000000000018,0.7999999999999998,4.0,4.0,4.0,0.0,0.0,4.0,4.0,4.0,0.0,0.0,0.0,0.0,0.0,0.0,0.0,4.0,4.0,4.0,0.0,0.0
20,4,18,5,0.2,0.2,0.3,dense,True,20,20,20,4,20,5,1,DPA token margin,full_response_stable_against_any_token_change,radius_derived,5,"0,10,20,30,40",1.0,1.0,1.0,0.0,0.0,0.0,0.0,0.0,0.0,0.0,4.45,4.0,5.25,0.4500000000000002,0.7999999999999998,4.5,4.0,5.0,0.5,0.5,3.6,3.0,5.0,0.6000000000000001,1.4,5.2,5.0,6.0,0.20000000000000018,0.7999999999999998,4.0,4.0,4.0,0.0,0.0,4.0,4.0,4.0,0.0,0.0,0.0,0.0,0.0,0.0,0.0,4.0,4.0,4.0,0.0,0.0
20,4,18,5,0.2,0.2,0.3,dense,True,20,20,20,4,20,5,2,DPA token margin,full_response_stable_against_any_token_change,radius_derived,5,"0,10,20,30,40",1.0,1.0,1.0,0.0,0.0,0.0,0.0,0.0,0.0,0.0,4.45,4.0,5.25,0.4500000000000002,0.7999999999999998,4.5,4.0,5.0,0.5,0.5,3.6,3.0,5.0,0.6000000000000001,1.4,5.2,5.0,6.0,0.20000000000000018,0.7999999999999998,4.0,4.0,4.0,0.0,0.0,4.0,4.0,4.0,0.0,0.0,0.0,0.0,0.0,0.0,0.0,4.0,4.0,4.0,0.0,0.0
20,4,18,5,0.2,0.2,0.3,dense,True,20,20,20,4,20,5,3,DPA token margin,full_response_stable_against_any_token_change,radius_derived,5,"0,10,20,30,40",0.85,0.75,1.0,0.09999999999999998,0.15000000000000002,0.15,0.0,0.25,0.15,0.1,4.45,4.0,5.25,0.4500000000000002,0.7999999999999998,4.5,4.0,5.0,0.5,0.5,3.6,3.0,5.0,0.6000000000000001,1.4,5.2,5.0,6.0,0.20000000000000018,0.7999999999999998,3.4,3.0,4.0,0.3999999999999999,0.6000000000000001,4.0,4.0,4.0,0.0,0.0,0.0,0.0,0.0,0.0,0.0,4.0,4.0,4.0,0.0,0.0
20,4,18,5,0.2,0.2,0.3,dense,True,20,20,20,4,20,5,4,DPA token margin,full_response_stable_against_any_token_change,radius_derived,5,"0,10,20,30,40",0.55,0.25,1.0,0.30000000000000004,0.44999999999999996,0.45,0.0,0.75,0.45,0.3,4.45,4.0,5.25,0.4500000000000002,0.7999999999999998,4.5,4.0,5.0,0.5,0.5,3.6,3.0,5.0,0.6000000000000001,1.4,5.2,5.0,6.0,0.20000000000000018,0.7999999999999998,2.2,1.0,4.0,1.2000000000000002,1.7999999999999998,4.0,4.0,4.0,0.0,0.0,0.0,0.0,0.0,0.0,0.0,4.0,4.0,4.0,0.0,0.0
20,4,18,5,0.2,0.2,0.3,dense,True,20,20,20,4,20,5,5,DPA token margin,full_response_stable_against_any_token_change,radius_derived,5,"0,10,20,30,40",0.05,0.0,0.25,0.05,0.2,0.95,0.75,1.0,0.19999999999999996,0.050000000000000044,4.45,4.0,5.25,0.4500000000000002,0.7999999999999998,4.5,4.0,5.0,0.5,0.5,3.6,3.0,5.0,0.6000000000000001,1.4,5.2,5.0,6.0,0.20000000000000018,0.7999999999999998,0.2,0.0,1.0,0.2,0.8,4.0,4.0,4.0,0.0,0.0,0.0,0.0,0.0,0.0,0.0,4.0,4.0,4.0,0.0,0.0
20,4,18,5,0.2,0.2,0.3,dense,True,20,20,20,4,20,5,6,DPA token margin,full_response_stable_against_any_token_change,radius_derived,5,"0,10,20,30,40",0.0,0.0,0.0,0.0,0.0,1.0,1.0,1.0,0.0,0.0,4.45,4.0,5.25,0.4500000000000002,0.7999999999999998,4.5,4.0,5.0,0.5,0.5,3.6,3.0,5.0,0.6000000000000001,1.4,5.2,5.0,6.0,0.20000000000000018,0.7999999999999998,0.0,0.0,0.0,0.0,0.0,4.0,4.0,4.0,0.0,0.0,0.0,0.0,0.0,0.0,0.0,4.0,4.0,4.0,0.0,0.0
20,4,18,5,0.2,0.2,0.3,dense,True,20,20,20,4,20,5,7,DPA token margin,full_response_stable_against_any_token_change,radius_derived,5,"0,10,20,30,40",0.0,0.0,0.0,0.0,0.0,1.0,1.0,1.0,0.0,0.0,4.45,4.0,5.25,0.4500000000000002,0.7999999999999998,4.5,4.0,5.0,0.5,0.5,3.6,3.0,5.0,0.6000000000000001,1.4,5.2,5.0,6.0,0.20000000000000018,0.7999999999999998,0.0,0.0,0.0,0.0,0.0,4.0,4.0,4.0,0.0,0.0,0.0,0.0,0.0,0.0,0.0,4.0,4.0,4.0,0.0,0.0
20,4,18,5,0.2,0.2,0.3,dense,True,20,20,20,4,20,5,8,DPA token margin,full_response_stable_against_any_token_change,radius_derived,5,"0,10,20,30,40",0.0,0.0,0.0,0.0,0.0,1.0,1.0,1.0,0.0,0.0,4.45,4.0,5.25,0.4500000000000002,0.7999999999999998,4.5,4.0,5.0,0.5,0.5,3.6,3.0,5.0,0.6000000000000001,1.4,5.2,5.0,6.0,0.20000000000000018,0.7999999999999998,0.0,0.0,0.0,0.0,0.0,4.0,4.0,4.0,0.0,0.0,0.0,0.0,0.0,0.0,0.0,4.0,4.0,4.0,0.0,0.0
20,4,18,5,0.2,0.2,0.3,dense,True,20,20,20,4,20,5,9,DPA token margin,full_response_stable_against_any_token_change,radius_derived,5,"0,10,20,30,40",0.0,0.0,0.0,0.0,0.0,1.0,1.0,1.0,0.0,0.0,4.45,4.0,5.25,0.4500000000000002,0.7999999999999998,4.5,4.0,5.0,0.5,0.5,3.6,3.0,5.0,0.6000000000000001,1.4,5.2,5.0,6.0,0.20000000000000018,0.7999999999999998,0.0,0.0,0.0,0.0,0.0,4.0,4.0,4.0,0.0,0.0,0.0,0.0,0.0,0.0,0.0,4.0,4.0,4.0,0.0,0.0
20,4,18,5,0.2,0.2,0.3,dense,True,20,20,20,4,20,5,10,DPA token margin,full_response_stable_against_any_token_change,radius_derived,5,"0,10,20,30,40",0.0,0.0,0.0,0.0,0.0,1.0,1.0,1.0,0.0,0.0,4.45,4.0,5.25,0.4500000000000002,0.7999999999999998,4.5,4.0,5.0,0.5,0.5,3.6,3.0,5.0,0.6000000000000001,1.4,5.2,5.0,6.0,0.20000000000000018,0.7999999999999998,0.0,0.0,0.0,0.0,0.0,4.0,4.0,4.0,0.0,0.0,0.0,0.0,0.0,0.0,0.0,4.0,4.0,4.0,0.0,0.0
20,4,18,5,0.2,0.2,0.3,dense,True,20,20,20,4,20,5,11,DPA token margin,full_response_stable_against_any_token_change,radius_derived,5,"0,10,20,30,40",0.0,0.0,0.0,0.0,0.0,1.0,1.0,1.0,0.0,0.0,4.45,4.0,5.25,0.4500000000000002,0.7999999999999998,4.5,4.0,5.0,0.5,0.5,3.6,3.0,5.0,0.6000000000000001,1.4,5.2,5.0,6.0,0.20000000000000018,0.7999999999999998,0.0,0.0,0.0,0.0,0.0,4.0,4.0,4.0,0.0,0.0,0.0,0.0,0.0,0.0,0.0,4.0,4.0,4.0,0.0,0.0
20,4,18,5,0.2,0.2,0.3,dense,True,20,20,20,4,20,5,12,DPA token margin,full_response_stable_against_any_token_change,radius_derived,5,"0,10,20,30,40",0.0,0.0,0.0,0.0,0.0,1.0,1.0,1.0,0.0,0.0,4.45,4.0,5.25,0.4500000000000002,0.7999999999999998,4.5,4.0,5.0,0.5,0.5,3.6,3.0,5.0,0.6000000000000001,1.4,5.2,5.0,6.0,0.20000000000000018,0.7999999999999998,0.0,0.0,0.0,0.0,0.0,4.0,4.0,4.0,0.0,0.0,0.0,0.0,0.0,0.0,0.0,4.0,4.0,4.0,0.0,0.0
20,4,18,5,0.2,0.2,0.3,dense,True,20,20,20,4,20,5,13,DPA token margin,full_response_stable_against_any_token_change,radius_derived,5,"0,10,20,30,40",0.0,0.0,0.0,0.0,0.0,1.0,1.0,1.0,0.0,0.0,4.45,4.0,5.25,0.4500000000000002,0.7999999999999998,4.5,4.0,5.0,0.5,0.5,3.6,3.0,5.0,0.6000000000000001,1.4,5.2,5.0,6.0,0.20000000000000018,0.7999999999999998,0.0,0.0,0.0,0.0,0.0,4.0,4.0,4.0,0.0,0.0,0.0,0.0,0.0,0.0,0.0,4.0,4.0,4.0,0.0,0.0
20,4,18,5,0.2,0.2,0.3,dense,True,20,20,20,4,20,5,14,DPA token margin,full_response_stable_against_any_token_change,radius_derived,5,"0,10,20,30,40",0.0,0.0,0.0,0.0,0.0,1.0,1.0,1.0,0.0,0.0,4.45,4.0,5.25,0.4500000000000002,0.7999999999999998,4.5,4.0,5.0,0.5,0.5,3.6,3.0,5.0,0.6000000000000001,1.4,5.2,5.0,6.0,0.20000000000000018,0.7999999999999998,0.0,0.0,0.0,0.0,0.0,4.0,4.0,4.0,0.0,0.0,0.0,0.0,0.0,0.0,0.0,4.0,4.0,4.0,0.0,0.0
20,4,18,5,0.2,0.2,0.3,dense,True,20,20,20,4,20,5,15,DPA token margin,full_response_stable_against_any_token_change,radius_derived,5,"0,10,20,30,40",0.0,0.0,0.0,0.0,0.0,1.0,1.0,1.0,0.0,0.0,4.45,4.0,5.25,0.4500000000000002,0.7999999999999998,4.5,4.0,5.0,0.5,0.5,3.6,3.0,5.0,0.6000000000000001,1.4,5.2,5.0,6.0,0.20000000000000018,0.7999999999999998,0.0,0.0,0.0,0.0,0.0,4.0,4.0,4.0,0.0,0.0,0.0,0.0,0.0,0.0,0.0,4.0,4.0,4.0,0.0,0.0
20,4,18,5,0.2,0.2,0.3,dense,True,20,20,20,4,20,5,16,DPA token margin,full_response_stable_against_any_token_change,radius_derived,5,"0,10,20,30,40",0.0,0.0,0.0,0.0,0.0,1.0,1.0,1.0,0.0,0.0,4.45,4.0,5.25,0.4500000000000002,0.7999999999999998,4.5,4.0,5.0,0.5,0.5,3.6,3.0,5.0,0.6000000000000001,1.4,5.2,5.0,6.0,0.20000000000000018,0.7999999999999998,0.0,0.0,0.0,0.0,0.0,4.0,4.0,4.0,0.0,0.0,0.0,0.0,0.0,0.0,0.0,4.0,4.0,4.0,0.0,0.0
20,4,18,5,0.2,0.2,0.3,dense,True,20,20,20,4,20,5,17,DPA token margin,full_response_stable_against_any_token_change,radius_derived,5,"0,10,20,30,40",0.0,0.0,0.0,0.0,0.0,1.0,1.0,1.0,0.0,0.0,4.45,4.0,5.25,0.4500000000000002,0.7999999999999998,4.5,4.0,5.0,0.5,0.5,3.6,3.0,5.0,0.6000000000000001,1.4,5.2,5.0,6.0,0.20000000000000018,0.7999999999999998,0.0,0.0,0.0,0.0,0.0,4.0,4.0,4.0,0.0,0.0,0.0,0.0,0.0,0.0,0.0,4.0,4.0,4.0,0.0,0.0
20,4,18,5,0.2,0.2,0.3,dense,True,20,20,20,4,20,5,18,DPA token margin,full_response_stable_against_any_token_change,radius_derived,5,"0,10,20,30,40",0.0,0.0,0.0,0.0,0.0,1.0,1.0,1.0,0.0,0.0,4.45,4.0,5.25,0.4500000000000002,0.7999999999999998,4.5,4.0,5.0,0.5,0.5,3.6,3.0,5.0,0.6000000000000001,1.4,5.2,5.0,6.0,0.20000000000000018,0.7999999999999998,0.0,0.0,0.0,0.0,0.0,4.0,4.0,4.0,0.0,0.0,0.0,0.0,0.0,0.0,0.0,4.0,4.0,4.0,0.0,0.0
20,4,18,5,0.2,0.2,0.3,dense,True,20,20,20,4,20,5,19,DPA token margin,full_response_stable_against_any_token_change,radius_derived,5,"0,10,20,30,40",0.0,0.0,0.0,0.0,0.0,1.0,1.0,1.0,0.0,0.0,4.45,4.0,5.25,0.4500000000000002,0.7999999999999998,4.5,4.0,5.0,0.5,0.5,3.6,3.0,5.0,0.6000000000000001,1.4,5.2,5.0,6.0,0.20000000000000018,0.7999999999999998,0.0,0.0,0.0,0.0,0.0,4.0,4.0,4.0,0.0,0.0,0.0,0.0,0.0,0.0,0.0,4.0,4.0,4.0,0.0,0.0
20,4,18,5,0.2,0.2,0.3,dense,True,20,20,20,4,20,5,20,DPA token margin,full_response_stable_against_any_token_change,radius_derived,5,"0,10,20,30,40",0.0,0.0,0.0,0.0,0.0,1.0,1.0,1.0,0.0,0.0,4.45,4.0,5.25,0.4500000000000002,0.7999999999999998,4.5,4.0,5.0,0.5,0.5,3.6,3.0,5.0,0.6000000000000001,1.4,5.2,5.0,6.0,0.20000000000000018,0.7999999999999998,0.0,0.0,0.0,0.0,0.0,4.0,4.0,4.0,0.0,0.0,0.0,0.0,0.0,0.0,0.0,4.0,4.0,4.0,0.0,0.0
20,4,18,5,0.2,0.2,0.3,dense,True,20,20,20,4,20,5,0,Shared MILP,stability_one_token_per_prompt,radius_derived,5,"0,10,20,30,40",1.0,1.0,1.0,0.0,0.0,0.0,0.0,0.0,0.0,0.0,4.45,4.0,5.25,0.4500000000000002,0.7999999999999998,4.5,4.0,5.0,0.5,0.5,3.6,3.0,5.0,0.6000000000000001,1.4,5.2,5.0,6.0,0.20000000000000018,0.7999999999999998,4.0,4.0,4.0,0.0,0.0,4.0,4.0,4.0,0.0,0.0,0.0,0.0,0.0,0.0,0.0,4.0,4.0,4.0,0.0,0.0
20,4,18,5,0.2,0.2,0.3,dense,True,20,20,20,4,20,5,1,Shared MILP,stability_one_token_per_prompt,radius_derived,5,"0,10,20,30,40",1.0,1.0,1.0,0.0,0.0,0.0,0.0,0.0,0.0,0.0,4.45,4.0,5.25,0.4500000000000002,0.7999999999999998,4.5,4.0,5.0,0.5,0.5,3.6,3.0,5.0,0.6000000000000001,1.4,5.2,5.0,6.0,0.20000000000000018,0.7999999999999998,4.0,4.0,4.0,0.0,0.0,4.0,4.0,4.0,0.0,0.0,0.0,0.0,0.0,0.0,0.0,4.0,4.0,4.0,0.0,0.0
20,4,18,5,0.2,0.2,0.3,dense,True,20,20,20,4,20,5,2,Shared MILP,stability_one_token_per_prompt,radius_derived,5,"0,10,20,30,40",1.0,1.0,1.0,0.0,0.0,0.0,0.0,0.0,0.0,0.0,4.45,4.0,5.25,0.4500000000000002,0.7999999999999998,4.5,4.0,5.0,0.5,0.5,3.6,3.0,5.0,0.6000000000000001,1.4,5.2,5.0,6.0,0.20000000000000018,0.7999999999999998,4.0,4.0,4.0,0.0,0.0,4.0,4.0,4.0,0.0,0.0,0.0,0.0,0.0,0.0,0.0,4.0,4.0,4.0,0.0,0.0
20,4,18,5,0.2,0.2,0.3,dense,True,20,20,20,4,20,5,3,Shared MILP,stability_one_token_per_prompt,radius_derived,5,"0,10,20,30,40",0.85,0.75,1.0,0.09999999999999998,0.15000000000000002,0.15,0.0,0.25,0.15,0.1,4.45,4.0,5.25,0.4500000000000002,0.7999999999999998,4.5,4.0,5.0,0.5,0.5,3.6,3.0,5.0,0.6000000000000001,1.4,5.2,5.0,6.0,0.20000000000000018,0.7999999999999998,3.4,3.0,4.0,0.3999999999999999,0.6000000000000001,4.0,4.0,4.0,0.0,0.0,0.0,0.0,0.0,0.0,0.0,4.0,4.0,4.0,0.0,0.0
20,4,18,5,0.2,0.2,0.3,dense,True,20,20,20,4,20,5,4,Shared MILP,stability_one_token_per_prompt,radius_derived,5,"0,10,20,30,40",0.55,0.25,1.0,0.30000000000000004,0.44999999999999996,0.45,0.0,0.75,0.45,0.3,4.45,4.0,5.25,0.4500000000000002,0.7999999999999998,4.5,4.0,5.0,0.5,0.5,3.6,3.0,5.0,0.6000000000000001,1.4,5.2,5.0,6.0,0.20000000000000018,0.7999999999999998,2.2,1.0,4.0,1.2000000000000002,1.7999999999999998,4.0,4.0,4.0,0.0,0.0,0.0,0.0,0.0,0.0,0.0,4.0,4.0,4.0,0.0,0.0
20,4,18,5,0.2,0.2,0.3,dense,True,20,20,20,4,20,5,5,Shared MILP,stability_one_token_per_prompt,radius_derived,5,"0,10,20,30,40",0.05,0.0,0.25,0.05,0.2,0.95,0.75,1.0,0.19999999999999996,0.050000000000000044,4.45,4.0,5.25,0.4500000000000002,0.7999999999999998,4.5,4.0,5.0,0.5,0.5,3.6,3.0,5.0,0.6000000000000001,1.4,5.2,5.0,6.0,0.20000000000000018,0.7999999999999998,0.2,0.0,1.0,0.2,0.8,4.0,4.0,4.0,0.0,0.0,0.0,0.0,0.0,0.0,0.0,4.0,4.0,4.0,0.0,0.0
20,4,18,5,0.2,0.2,0.3,dense,True,20,20,20,4,20,5,6,Shared MILP,stability_one_token_per_prompt,radius_derived,5,"0,10,20,30,40",0.0,0.0,0.0,0.0,0.0,1.0,1.0,1.0,0.0,0.0,4.45,4.0,5.25,0.4500000000000002,0.7999999999999998,4.5,4.0,5.0,0.5,0.5,3.6,3.0,5.0,0.6000000000000001,1.4,5.2,5.0,6.0,0.20000000000000018,0.7999999999999998,0.0,0.0,0.0,0.0,0.0,4.0,4.0,4.0,0.0,0.0,0.0,0.0,0.0,0.0,0.0,4.0,4.0,4.0,0.0,0.0
20,4,18,5,0.2,0.2,0.3,dense,True,20,20,20,4,20,5,7,Shared MILP,stability_one_token_per_prompt,radius_derived,5,"0,10,20,30,40",0.0,0.0,0.0,0.0,0.0,1.0,1.0,1.0,0.0,0.0,4.45,4.0,5.25,0.4500000000000002,0.7999999999999998,4.5,4.0,5.0,0.5,0.5,3.6,3.0,5.0,0.6000000000000001,1.4,5.2,5.0,6.0,0.20000000000000018,0.7999999999999998,0.0,0.0,0.0,0.0,0.0,4.0,4.0,4.0,0.0,0.0,0.0,0.0,0.0,0.0,0.0,4.0,4.0,4.0,0.0,0.0
20,4,18,5,0.2,0.2,0.3,dense,True,20,20,20,4,20,5,8,Shared MILP,stability_one_token_per_prompt,radius_derived,5,"0,10,20,30,40",0.0,0.0,0.0,0.0,0.0,1.0,1.0,1.0,0.0,0.0,4.45,4.0,5.25,0.4500000000000002,0.7999999999999998,4.5,4.0,5.0,0.5,0.5,3.6,3.0,5.0,0.6000000000000001,1.4,5.2,5.0,6.0,0.20000000000000018,0.7999999999999998,0.0,0.0,0.0,0.0,0.0,4.0,4.0,4.0,0.0,0.0,0.0,0.0,0.0,0.0,0.0,4.0,4.0,4.0,0.0,0.0
20,4,18,5,0.2,0.2,0.3,dense,True,20,20,20,4,20,5,9,Shared MILP,stability_one_token_per_prompt,radius_derived,5,"0,10,20,30,40",0.0,0.0,0.0,0.0,0.0,1.0,1.0,1.0,0.0,0.0,4.45,4.0,5.25,0.4500000000000002,0.7999999999999998,4.5,4.0,5.0,0.5,0.5,3.6,3.0,5.0,0.6000000000000001,1.4,5.2,5.0,6.0,0.20000000000000018,0.7999999999999998,0.0,0.0,0.0,0.0,0.0,4.0,4.0,4.0,0.0,0.0,0.0,0.0,0.0,0.0,0.0,4.0,4.0,4.0,0.0,0.0
20,4,18,5,0.2,0.2,0.3,dense,True,20,20,20,4,20,5,10,Shared MILP,stability_one_token_per_prompt,radius_derived,5,"0,10,20,30,40",0.0,0.0,0.0,0.0,0.0,1.0,1.0,1.0,0.0,0.0,4.45,4.0,5.25,0.4500000000000002,0.7999999999999998,4.5,4.0,5.0,0.5,0.5,3.6,3.0,5.0,0.6000000000000001,1.4,5.2,5.0,6.0,0.20000000000000018,0.7999999999999998,0.0,0.0,0.0,0.0,0.0,4.0,4.0,4.0,0.0,0.0,0.0,0.0,0.0,0.0,0.0,4.0,4.0,4.0,0.0,0.0
20,4,18,5,0.2,0.2,0.3,dense,True,20,20,20,4,20,5,11,Shared MILP,stability_one_token_per_prompt,radius_derived,5,"0,10,20,30,40",0.0,0.0,0.0,0.0,0.0,1.0,1.0,1.0,0.0,0.0,4.45,4.0,5.25,0.4500000000000002,0.7999999999999998,4.5,4.0,5.0,0.5,0.5,3.6,3.0,5.0,0.6000000000000001,1.4,5.2,5.0,6.0,0.20000000000000018,0.7999999999999998,0.0,0.0,0.0,0.0,0.0,4.0,4.0,4.0,0.0,0.0,0.0,0.0,0.0,0.0,0.0,4.0,4.0,4.0,0.0,0.0
20,4,18,5,0.2,0.2,0.3,dense,True,20,20,20,4,20,5,12,Shared MILP,stability_one_token_per_prompt,radius_derived,5,"0,10,20,30,40",0.0,0.0,0.0,0.0,0.0,1.0,1.0,1.0,0.0,0.0,4.45,4.0,5.25,0.4500000000000002,0.7999999999999998,4.5,4.0,5.0,0.5,0.5,3.6,3.0,5.0,0.6000000000000001,1.4,5.2,5.0,6.0,0.20000000000000018,0.7999999999999998,0.0,0.0,0.0,0.0,0.0,4.0,4.0,4.0,0.0,0.0,0.0,0.0,0.0,0.0,0.0,4.0,4.0,4.0,0.0,0.0
20,4,18,5,0.2,0.2,0.3,dense,True,20,20,20,4,20,5,13,Shared MILP,stability_one_token_per_prompt,radius_derived,5,"0,10,20,30,40",0.0,0.0,0.0,0.0,0.0,1.0,1.0,1.0,0.0,0.0,4.45,4.0,5.25,0.4500000000000002,0.7999999999999998,4.5,4.0,5.0,0.5,0.5,3.6,3.0,5.0,0.6000000000000001,1.4,5.2,5.0,6.0,0.20000000000000018,0.7999999999999998,0.0,0.0,0.0,0.0,0.0,4.0,4.0,4.0,0.0,0.0,0.0,0.0,0.0,0.0,0.0,4.0,4.0,4.0,0.0,0.0
20,4,18,5,0.2,0.2,0.3,dense,True,20,20,20,4,20,5,14,Shared MILP,stability_one_token_per_prompt,radius_derived,5,"0,10,20,30,40",0.0,0.0,0.0,0.0,0.0,1.0,1.0,1.0,0.0,0.0,4.45,4.0,5.25,0.4500000000000002,0.7999999999999998,4.5,4.0,5.0,0.5,0.5,3.6,3.0,5.0,0.6000000000000001,1.4,5.2,5.0,6.0,0.20000000000000018,0.7999999999999998,0.0,0.0,0.0,0.0,0.0,4.0,4.0,4.0,0.0,0.0,0.0,0.0,0.0,0.0,0.0,4.0,4.0,4.0,0.0,0.0
20,4,18,5,0.2,0.2,0.3,dense,True,20,20,20,4,20,5,15,Shared MILP,stability_one_token_per_prompt,radius_derived,5,"0,10,20,30,40",0.0,0.0,0.0,0.0,0.0,1.0,1.0,1.0,0.0,0.0,4.45,4.0,5.25,0.4500000000000002,0.7999999999999998,4.5,4.0,5.0,0.5,0.5,3.6,3.0,5.0,0.6000000000000001,1.4,5.2,5.0,6.0,0.20000000000000018,0.7999999999999998,0.0,0.0,0.0,0.0,0.0,4.0,4.0,4.0,0.0,0.0,0.0,0.0,0.0,0.0,0.0,4.0,4.0,4.0,0.0,0.0
20,4,18,5,0.2,0.2,0.3,dense,True,20,20,20,4,20,5,16,Shared MILP,stability_one_token_per_prompt,radius_derived,5,"0,10,20,30,40",0.0,0.0,0.0,0.0,0.0,1.0,1.0,1.0,0.0,0.0,4.45,4.0,5.25,0.4500000000000002,0.7999999999999998,4.5,4.0,5.0,0.5,0.5,3.6,3.0,5.0,0.6000000000000001,1.4,5.2,5.0,6.0,0.20000000000000018,0.7999999999999998,0.0,0.0,0.0,0.0,0.0,4.0,4.0,4.0,0.0,0.0,0.0,0.0,0.0,0.0,0.0,4.0,4.0,4.0,0.0,0.0
20,4,18,5,0.2,0.2,0.3,dense,True,20,20,20,4,20,5,17,Shared MILP,stability_one_token_per_prompt,radius_derived,5,"0,10,20,30,40",0.0,0.0,0.0,0.0,0.0,1.0,1.0,1.0,0.0,0.0,4.45,4.0,5.25,0.4500000000000002,0.7999999999999998,4.5,4.0,5.0,0.5,0.5,3.6,3.0,5.0,0.6000000000000001,1.4,5.2,5.0,6.0,0.20000000000000018,0.7999999999999998,0.0,0.0,0.0,0.0,0.0,4.0,4.0,4.0,0.0,0.0,0.0,0.0,0.0,0.0,0.0,4.0,4.0,4.0,0.0,0.0
20,4,18,5,0.2,0.2,0.3,dense,True,20,20,20,4,20,5,18,Shared MILP,stability_one_token_per_prompt,radius_derived,5,"0,10,20,30,40",0.0,0.0,0.0,0.0,0.0,1.0,1.0,1.0,0.0,0.0,4.45,4.0,5.25,0.4500000000000002,0.7999999999999998,4.5,4.0,5.0,0.5,0.5,3.6,3.0,5.0,0.6000000000000001,1.4,5.2,5.0,6.0,0.20000000000000018,0.7999999999999998,0.0,0.0,0.0,0.0,0.0,4.0,4.0,4.0,0.0,0.0,0.0,0.0,0.0,0.0,0.0,4.0,4.0,4.0,0.0,0.0
20,4,18,5,0.2,0.2,0.3,dense,True,20,20,20,4,20,5,19,Shared MILP,stability_one_token_per_prompt,radius_derived,5,"0,10,20,30,40",0.0,0.0,0.0,0.0,0.0,1.0,1.0,1.0,0.0,0.0,4.45,4.0,5.25,0.4500000000000002,0.7999999999999998,4.5,4.0,5.0,0.5,0.5,3.6,3.0,5.0,0.6000000000000001,1.4,5.2,5.0,6.0,0.20000000000000018,0.7999999999999998,0.0,0.0,0.0,0.0,0.0,4.0,4.0,4.0,0.0,0.0,0.0,0.0,0.0,0.0,0.0,4.0,4.0,4.0,0.0,0.0
20,4,18,5,0.2,0.2,0.3,dense,True,20,20,20,4,20,5,20,Shared MILP,stability_one_token_per_prompt,radius_derived,5,"0,10,20,30,40",0.0,0.0,0.0,0.0,0.0,1.0,1.0,1.0,0.0,0.0,4.45,4.0,5.25,0.4500000000000002,0.7999999999999998,4.5,4.0,5.0,0.5,0.5,3.6,3.0,5.0,0.6000000000000001,1.4,5.2,5.0,6.0,0.20000000000000018,0.7999999999999998,0.0,0.0,0.0,0.0,0.0,4.0,4.0,4.0,0.0,0.0,0.0,0.0,0.0,0.0,0.0,4.0,4.0,4.0,0.0,0.0
20,4,18,5,0.2,0.2,0.3,dense,True,20,20,20,4,20,5,0,Shared MILP,stability_full_sequence_per_prompt,radius_derived,5,"0,10,20,30,40",1.0,1.0,1.0,0.0,0.0,0.0,0.0,0.0,0.0,0.0,9.1,9.0,9.25,0.09999999999999964,0.15000000000000036,9.0,9.0,9.0,0.0,0.0,9.0,9.0,9.0,0.0,0.0,9.4,9.0,10.0,0.40000000000000036,0.5999999999999996,4.0,4.0,4.0,0.0,0.0,4.0,4.0,4.0,0.0,0.0,0.0,0.0,0.0,0.0,0.0,4.0,4.0,4.0,0.0,0.0
20,4,18,5,0.2,0.2,0.3,dense,True,20,20,20,4,20,5,1,Shared MILP,stability_full_sequence_per_prompt,radius_derived,5,"0,10,20,30,40",1.0,1.0,1.0,0.0,0.0,0.0,0.0,0.0,0.0,0.0,9.1,9.0,9.25,0.09999999999999964,0.15000000000000036,9.0,9.0,9.0,0.0,0.0,9.0,9.0,9.0,0.0,0.0,9.4,9.0,10.0,0.40000000000000036,0.5999999999999996,4.0,4.0,4.0,0.0,0.0,4.0,4.0,4.0,0.0,0.0,0.0,0.0,0.0,0.0,0.0,4.0,4.0,4.0,0.0,0.0
20,4,18,5,0.2,0.2,0.3,dense,True,20,20,20,4,20,5,2,Shared MILP,stability_full_sequence_per_prompt,radius_derived,5,"0,10,20,30,40",1.0,1.0,1.0,0.0,0.0,0.0,0.0,0.0,0.0,0.0,9.1,9.0,9.25,0.09999999999999964,0.15000000000000036,9.0,9.0,9.0,0.0,0.0,9.0,9.0,9.0,0.0,0.0,9.4,9.0,10.0,0.40000000000000036,0.5999999999999996,4.0,4.0,4.0,0.0,0.0,4.0,4.0,4.0,0.0,0.0,0.0,0.0,0.0,0.0,0.0,4.0,4.0,4.0,0.0,0.0
20,4,18,5,0.2,0.2,0.3,dense,True,20,20,20,4,20,5,3,Shared MILP,stability_full_sequence_per_prompt,radius_derived,5,"0,10,20,30,40",1.0,1.0,1.0,0.0,0.0,0.0,0.0,0.0,0.0,0.0,9.1,9.0,9.25,0.09999999999999964,0.15000000000000036,9.0,9.0,9.0,0.0,0.0,9.0,9.0,9.0,0.0,0.0,9.4,9.0,10.0,0.40000000000000036,0.5999999999999996,4.0,4.0,4.0,0.0,0.0,4.0,4.0,4.0,0.0,0.0,0.0,0.0,0.0,0.0,0.0,4.0,4.0,4.0,0.0,0.0
20,4,18,5,0.2,0.2,0.3,dense,True,20,20,20,4,20,5,4,Shared MILP,stability_full_sequence_per_prompt,radius_derived,5,"0,10,20,30,40",1.0,1.0,1.0,0.0,0.0,0.0,0.0,0.0,0.0,0.0,9.1,9.0,9.25,0.09999999999999964,0.15000000000000036,9.0,9.0,9.0,0.0,0.0,9.0,9.0,9.0,0.0,0.0,9.4,9.0,10.0,0.40000000000000036,0.5999999999999996,4.0,4.0,4.0,0.0,0.0,4.0,4.0,4.0,0.0,0.0,0.0,0.0,0.0,0.0,0.0,4.0,4.0,4.0,0.0,0.0
20,4,18,5,0.2,0.2,0.3,dense,True,20,20,20,4,20,5,5,Shared MILP,stability_full_sequence_per_prompt,radius_derived,5,"0,10,20,30,40",1.0,1.0,1.0,0.0,0.0,0.0,0.0,0.0,0.0,0.0,9.1,9.0,9.25,0.09999999999999964,0.15000000000000036,9.0,9.0,9.0,0.0,0.0,9.0,9.0,9.0,0.0,0.0,9.4,9.0,10.0,0.40000000000000036,0.5999999999999996,4.0,4.0,4.0,0.0,0.0,4.0,4.0,4.0,0.0,0.0,0.0,0.0,0.0,0.0,0.0,4.0,4.0,4.0,0.0,0.0
20,4,18,5,0.2,0.2,0.3,dense,True,20,20,20,4,20,5,6,Shared MILP,stability_full_sequence_per_prompt,radius_derived,5,"0,10,20,30,40",1.0,1.0,1.0,0.0,0.0,0.0,0.0,0.0,0.0,0.0,9.1,9.0,9.25,0.09999999999999964,0.15000000000000036,9.0,9.0,9.0,0.0,0.0,9.0,9.0,9.0,0.0,0.0,9.4,9.0,10.0,0.40000000000000036,0.5999999999999996,4.0,4.0,4.0,0.0,0.0,4.0,4.0,4.0,0.0,0.0,0.0,0.0,0.0,0.0,0.0,4.0,4.0,4.0,0.0,0.0
20,4,18,5,0.2,0.2,0.3,dense,True,20,20,20,4,20,5,7,Shared MILP,stability_full_sequence_per_prompt,radius_derived,5,"0,10,20,30,40",1.0,1.0,1.0,0.0,0.0,0.0,0.0,0.0,0.0,0.0,9.1,9.0,9.25,0.09999999999999964,0.15000000000000036,9.0,9.0,9.0,0.0,0.0,9.0,9.0,9.0,0.0,0.0,9.4,9.0,10.0,0.40000000000000036,0.5999999999999996,4.0,4.0,4.0,0.0,0.0,4.0,4.0,4.0,0.0,0.0,0.0,0.0,0.0,0.0,0.0,4.0,4.0,4.0,0.0,0.0
20,4,18,5,0.2,0.2,0.3,dense,True,20,20,20,4,20,5,8,Shared MILP,stability_full_sequence_per_prompt,radius_derived,5,"0,10,20,30,40",1.0,1.0,1.0,0.0,0.0,0.0,0.0,0.0,0.0,0.0,9.1,9.0,9.25,0.09999999999999964,0.15000000000000036,9.0,9.0,9.0,0.0,0.0,9.0,9.0,9.0,0.0,0.0,9.4,9.0,10.0,0.40000000000000036,0.5999999999999996,4.0,4.0,4.0,0.0,0.0,4.0,4.0,4.0,0.0,0.0,0.0,0.0,0.0,0.0,0.0,4.0,4.0,4.0,0.0,0.0
20,4,18,5,0.2,0.2,0.3,dense,True,20,20,20,4,20,5,9,Shared MILP,stability_full_sequence_per_prompt,radius_derived,5,"0,10,20,30,40",0.1,0.0,0.25,0.1,0.15,0.9,0.75,1.0,0.15000000000000002,0.09999999999999998,9.1,9.0,9.25,0.09999999999999964,0.15000000000000036,9.0,9.0,9.0,0.0,0.0,9.0,9.0,9.0,0.0,0.0,9.4,9.0,10.0,0.40000000000000036,0.5999999999999996,0.4,0.0,1.0,0.4,0.6,4.0,4.0,4.0,0.0,0.0,0.0,0.0,0.0,0.0,0.0,4.0,4.0,4.0,0.0,0.0
20,4,18,5,0.2,0.2,0.3,dense,True,20,20,20,4,20,5,10,Shared MILP,stability_full_sequence_per_prompt,radius_derived,5,"0,10,20,30,40",0.0,0.0,0.0,0.0,0.0,1.0,1.0,1.0,0.0,0.0,9.1,9.0,9.25,0.09999999999999964,0.15000000000000036,9.0,9.0,9.0,0.0,0.0,9.0,9.0,9.0,0.0,0.0,9.4,9.0,10.0,0.40000000000000036,0.5999999999999996,0.0,0.0,0.0,0.0,0.0,4.0,4.0,4.0,0.0,0.0,0.0,0.0,0.0,0.0,0.0,4.0,4.0,4.0,0.0,0.0
20,4,18,5,0.2,0.2,0.3,dense,True,20,20,20,4,20,5,11,Shared MILP,stability_full_sequence_per_prompt,radius_derived,5,"0,10,20,30,40",0.0,0.0,0.0,0.0,0.0,1.0,1.0,1.0,0.0,0.0,9.1,9.0,9.25,0.09999999999999964,0.15000000000000036,9.0,9.0,9.0,0.0,0.0,9.0,9.0,9.0,0.0,0.0,9.4,9.0,10.0,0.40000000000000036,0.5999999999999996,0.0,0.0,0.0,0.0,0.0,4.0,4.0,4.0,0.0,0.0,0.0,0.0,0.0,0.0,0.0,4.0,4.0,4.0,0.0,0.0
20,4,18,5,0.2,0.2,0.3,dense,True,20,20,20,4,20,5,12,Shared MILP,stability_full_sequence_per_prompt,radius_derived,5,"0,10,20,30,40",0.0,0.0,0.0,0.0,0.0,1.0,1.0,1.0,0.0,0.0,9.1,9.0,9.25,0.09999999999999964,0.15000000000000036,9.0,9.0,9.0,0.0,0.0,9.0,9.0,9.0,0.0,0.0,9.4,9.0,10.0,0.40000000000000036,0.5999999999999996,0.0,0.0,0.0,0.0,0.0,4.0,4.0,4.0,0.0,0.0,0.0,0.0,0.0,0.0,0.0,4.0,4.0,4.0,0.0,0.0
20,4,18,5,0.2,0.2,0.3,dense,True,20,20,20,4,20,5,13,Shared MILP,stability_full_sequence_per_prompt,radius_derived,5,"0,10,20,30,40",0.0,0.0,0.0,0.0,0.0,1.0,1.0,1.0,0.0,0.0,9.1,9.0,9.25,0.09999999999999964,0.15000000000000036,9.0,9.0,9.0,0.0,0.0,9.0,9.0,9.0,0.0,0.0,9.4,9.0,10.0,0.40000000000000036,0.5999999999999996,0.0,0.0,0.0,0.0,0.0,4.0,4.0,4.0,0.0,0.0,0.0,0.0,0.0,0.0,0.0,4.0,4.0,4.0,0.0,0.0
20,4,18,5,0.2,0.2,0.3,dense,True,20,20,20,4,20,5,14,Shared MILP,stability_full_sequence_per_prompt,radius_derived,5,"0,10,20,30,40",0.0,0.0,0.0,0.0,0.0,1.0,1.0,1.0,0.0,0.0,9.1,9.0,9.25,0.09999999999999964,0.15000000000000036,9.0,9.0,9.0,0.0,0.0,9.0,9.0,9.0,0.0,0.0,9.4,9.0,10.0,0.40000000000000036,0.5999999999999996,0.0,0.0,0.0,0.0,0.0,4.0,4.0,4.0,0.0,0.0,0.0,0.0,0.0,0.0,0.0,4.0,4.0,4.0,0.0,0.0
20,4,18,5,0.2,0.2,0.3,dense,True,20,20,20,4,20,5,15,Shared MILP,stability_full_sequence_per_prompt,radius_derived,5,"0,10,20,30,40",0.0,0.0,0.0,0.0,0.0,1.0,1.0,1.0,0.0,0.0,9.1,9.0,9.25,0.09999999999999964,0.15000000000000036,9.0,9.0,9.0,0.0,0.0,9.0,9.0,9.0,0.0,0.0,9.4,9.0,10.0,0.40000000000000036,0.5999999999999996,0.0,0.0,0.0,0.0,0.0,4.0,4.0,4.0,0.0,0.0,0.0,0.0,0.0,0.0,0.0,4.0,4.0,4.0,0.0,0.0
20,4,18,5,0.2,0.2,0.3,dense,True,20,20,20,4,20,5,16,Shared MILP,stability_full_sequence_per_prompt,radius_derived,5,"0,10,20,30,40",0.0,0.0,0.0,0.0,0.0,1.0,1.0,1.0,0.0,0.0,9.1,9.0,9.25,0.09999999999999964,0.15000000000000036,9.0,9.0,9.0,0.0,0.0,9.0,9.0,9.0,0.0,0.0,9.4,9.0,10.0,0.40000000000000036,0.5999999999999996,0.0,0.0,0.0,0.0,0.0,4.0,4.0,4.0,0.0,0.0,0.0,0.0,0.0,0.0,0.0,4.0,4.0,4.0,0.0,0.0
20,4,18,5,0.2,0.2,0.3,dense,True,20,20,20,4,20,5,17,Shared MILP,stability_full_sequence_per_prompt,radius_derived,5,"0,10,20,30,40",0.0,0.0,0.0,0.0,0.0,1.0,1.0,1.0,0.0,0.0,9.1,9.0,9.25,0.09999999999999964,0.15000000000000036,9.0,9.0,9.0,0.0,0.0,9.0,9.0,9.0,0.0,0.0,9.4,9.0,10.0,0.40000000000000036,0.5999999999999996,0.0,0.0,0.0,0.0,0.0,4.0,4.0,4.0,0.0,0.0,0.0,0.0,0.0,0.0,0.0,4.0,4.0,4.0,0.0,0.0
20,4,18,5,0.2,0.2,0.3,dense,True,20,20,20,4,20,5,18,Shared MILP,stability_full_sequence_per_prompt,radius_derived,5,"0,10,20,30,40",0.0,0.0,0.0,0.0,0.0,1.0,1.0,1.0,0.0,0.0,9.1,9.0,9.25,0.09999999999999964,0.15000000000000036,9.0,9.0,9.0,0.0,0.0,9.0,9.0,9.0,0.0,0.0,9.4,9.0,10.0,0.40000000000000036,0.5999999999999996,0.0,0.0,0.0,0.0,0.0,4.0,4.0,4.0,0.0,0.0,0.0,0.0,0.0,0.0,0.0,4.0,4.0,4.0,0.0,0.0
20,4,18,5,0.2,0.2,0.3,dense,True,20,20,20,4,20,5,19,Shared MILP,stability_full_sequence_per_prompt,radius_derived,5,"0,10,20,30,40",0.0,0.0,0.0,0.0,0.0,1.0,1.0,1.0,0.0,0.0,9.1,9.0,9.25,0.09999999999999964,0.15000000000000036,9.0,9.0,9.0,0.0,0.0,9.0,9.0,9.0,0.0,0.0,9.4,9.0,10.0,0.40000000000000036,0.5999999999999996,0.0,0.0,0.0,0.0,0.0,4.0,4.0,4.0,0.0,0.0,0.0,0.0,0.0,0.0,0.0,4.0,4.0,4.0,0.0,0.0
20,4,18,5,0.2,0.2,0.3,dense,True,20,20,20,4,20,5,20,Shared MILP,stability_full_sequence_per_prompt,radius_derived,5,"0,10,20,30,40",0.0,0.0,0.0,0.0,0.0,1.0,1.0,1.0,0.0,0.0,9.1,9.0,9.25,0.09999999999999964,0.15000000000000036,9.0,9.0,9.0,0.0,0.0,9.0,9.0,9.0,0.0,0.0,9.4,9.0,10.0,0.40000000000000036,0.5999999999999996,0.0,0.0,0.0,0.0,0.0,4.0,4.0,4.0,0.0,0.0,0.0,0.0,0.0,0.0,0.0,4.0,4.0,4.0,0.0,0.0
20,4,18,5,0.2,0.2,0.3,dense,True,20,20,20,4,20,5,0,Plain DPA max token,validity_full_harmful_sequence_per_prompt,radius_derived,5,"0,10,20,30,40",1.0,1.0,1.0,0.0,0.0,0.0,0.0,0.0,0.0,0.0,5.95,5.25,6.75,0.7000000000000002,0.7999999999999998,6.0,5.0,7.0,1.0,1.0,5.0,4.0,6.0,1.0,1.0,6.8,6.0,7.0,0.7999999999999998,0.20000000000000018,4.0,4.0,4.0,0.0,0.0,4.0,4.0,4.0,0.0,0.0,0.0,0.0,0.0,0.0,0.0,4.0,4.0,4.0,0.0,0.0
20,4,18,5,0.2,0.2,0.3,dense,True,20,20,20,4,20,5,1,Plain DPA max token,validity_full_harmful_sequence_per_prompt,radius_derived,5,"0,10,20,30,40",1.0,1.0,1.0,0.0,0.0,0.0,0.0,0.0,0.0,0.0,5.95,5.25,6.75,0.7000000000000002,0.7999999999999998,6.0,5.0,7.0,1.0,1.0,5.0,4.0,6.0,1.0,1.0,6.8,6.0,7.0,0.7999999999999998,0.20000000000000018,4.0,4.0,4.0,0.0,0.0,4.0,4.0,4.0,0.0,0.0,0.0,0.0,0.0,0.0,0.0,4.0,4.0,4.0,0.0,0.0
20,4,18,5,0.2,0.2,0.3,dense,True,20,20,20,4,20,5,2,Plain DPA max token,validity_full_harmful_sequence_per_prompt,radius_derived,5,"0,10,20,30,40",1.0,1.0,1.0,0.0,0.0,0.0,0.0,0.0,0.0,0.0,5.95,5.25,6.75,0.7000000000000002,0.7999999999999998,6.0,5.0,7.0,1.0,1.0,5.0,4.0,6.0,1.0,1.0,6.8,6.0,7.0,0.7999999999999998,0.20000000000000018,4.0,4.0,4.0,0.0,0.0,4.0,4.0,4.0,0.0,0.0,0.0,0.0,0.0,0.0,0.0,4.0,4.0,4.0,0.0,0.0
20,4,18,5,0.2,0.2,0.3,dense,True,20,20,20,4,20,5,3,Plain DPA max token,validity_full_harmful_sequence_per_prompt,radius_derived,5,"0,10,20,30,40",1.0,1.0,1.0,0.0,0.0,0.0,0.0,0.0,0.0,0.0,5.95,5.25,6.75,0.7000000000000002,0.7999999999999998,6.0,5.0,7.0,1.0,1.0,5.0,4.0,6.0,1.0,1.0,6.8,6.0,7.0,0.7999999999999998,0.20000000000000018,4.0,4.0,4.0,0.0,0.0,4.0,4.0,4.0,0.0,0.0,0.0,0.0,0.0,0.0,0.0,4.0,4.0,4.0,0.0,0.0
20,4,18,5,0.2,0.2,0.3,dense,True,20,20,20,4,20,5,4,Plain DPA max token,validity_full_harmful_sequence_per_prompt,radius_derived,5,"0,10,20,30,40",0.95,0.75,1.0,0.19999999999999996,0.050000000000000044,0.05,0.0,0.25,0.05,0.2,5.95,5.25,6.75,0.7000000000000002,0.7999999999999998,6.0,5.0,7.0,1.0,1.0,5.0,4.0,6.0,1.0,1.0,6.8,6.0,7.0,0.7999999999999998,0.20000000000000018,3.8,3.0,4.0,0.7999999999999998,0.20000000000000018,4.0,4.0,4.0,0.0,0.0,0.0,0.0,0.0,0.0,0.0,4.0,4.0,4.0,0.0,0.0
20,4,18,5,0.2,0.2,0.3,dense,True,20,20,20,4,20,5,5,Plain DPA max token,validity_full_harmful_sequence_per_prompt,radius_derived,5,"0,10,20,30,40",0.6,0.25,1.0,0.35,0.4,0.4,0.0,0.75,0.4,0.35,5.95,5.25,6.75,0.7000000000000002,0.7999999999999998,6.0,5.0,7.0,1.0,1.0,5.0,4.0,6.0,1.0,1.0,6.8,6.0,7.0,0.7999999999999998,0.20000000000000018,2.4,1.0,4.0,1.4,1.6,4.0,4.0,4.0,0.0,0.0,0.0,0.0,0.0,0.0,0.0,4.0,4.0,4.0,0.0,0.0
20,4,18,5,0.2,0.2,0.3,dense,True,20,20,20,4,20,5,6,Plain DPA max token,validity_full_harmful_sequence_per_prompt,radius_derived,5,"0,10,20,30,40",0.4,0.0,0.75,0.4,0.35,0.6,0.25,1.0,0.35,0.4,5.95,5.25,6.75,0.7000000000000002,0.7999999999999998,6.0,5.0,7.0,1.0,1.0,5.0,4.0,6.0,1.0,1.0,6.8,6.0,7.0,0.7999999999999998,0.20000000000000018,1.6,0.0,3.0,1.6,1.4,4.0,4.0,4.0,0.0,0.0,0.0,0.0,0.0,0.0,0.0,4.0,4.0,4.0,0.0,0.0
20,4,18,5,0.2,0.2,0.3,dense,True,20,20,20,4,20,5,7,Plain DPA max token,validity_full_harmful_sequence_per_prompt,radius_derived,5,"0,10,20,30,40",0.0,0.0,0.0,0.0,0.0,1.0,1.0,1.0,0.0,0.0,5.95,5.25,6.75,0.7000000000000002,0.7999999999999998,6.0,5.0,7.0,1.0,1.0,5.0,4.0,6.0,1.0,1.0,6.8,6.0,7.0,0.7999999999999998,0.20000000000000018,0.0,0.0,0.0,0.0,0.0,4.0,4.0,4.0,0.0,0.0,0.0,0.0,0.0,0.0,0.0,4.0,4.0,4.0,0.0,0.0
20,4,18,5,0.2,0.2,0.3,dense,True,20,20,20,4,20,5,8,Plain DPA max token,validity_full_harmful_sequence_per_prompt,radius_derived,5,"0,10,20,30,40",0.0,0.0,0.0,0.0,0.0,1.0,1.0,1.0,0.0,0.0,5.95,5.25,6.75,0.7000000000000002,0.7999999999999998,6.0,5.0,7.0,1.0,1.0,5.0,4.0,6.0,1.0,1.0,6.8,6.0,7.0,0.7999999999999998,0.20000000000000018,0.0,0.0,0.0,0.0,0.0,4.0,4.0,4.0,0.0,0.0,0.0,0.0,0.0,0.0,0.0,4.0,4.0,4.0,0.0,0.0
20,4,18,5,0.2,0.2,0.3,dense,True,20,20,20,4,20,5,9,Plain DPA max token,validity_full_harmful_sequence_per_prompt,radius_derived,5,"0,10,20,30,40",0.0,0.0,0.0,0.0,0.0,1.0,1.0,1.0,0.0,0.0,5.95,5.25,6.75,0.7000000000000002,0.7999999999999998,6.0,5.0,7.0,1.0,1.0,5.0,4.0,6.0,1.0,1.0,6.8,6.0,7.0,0.7999999999999998,0.20000000000000018,0.0,0.0,0.0,0.0,0.0,4.0,4.0,4.0,0.0,0.0,0.0,0.0,0.0,0.0,0.0,4.0,4.0,4.0,0.0,0.0
20,4,18,5,0.2,0.2,0.3,dense,True,20,20,20,4,20,5,10,Plain DPA max token,validity_full_harmful_sequence_per_prompt,radius_derived,5,"0,10,20,30,40",0.0,0.0,0.0,0.0,0.0,1.0,1.0,1.0,0.0,0.0,5.95,5.25,6.75,0.7000000000000002,0.7999999999999998,6.0,5.0,7.0,1.0,1.0,5.0,4.0,6.0,1.0,1.0,6.8,6.0,7.0,0.7999999999999998,0.20000000000000018,0.0,0.0,0.0,0.0,0.0,4.0,4.0,4.0,0.0,0.0,0.0,0.0,0.0,0.0,0.0,4.0,4.0,4.0,0.0,0.0
20,4,18,5,0.2,0.2,0.3,dense,True,20,20,20,4,20,5,11,Plain DPA max token,validity_full_harmful_sequence_per_prompt,radius_derived,5,"0,10,20,30,40",0.0,0.0,0.0,0.0,0.0,1.0,1.0,1.0,0.0,0.0,5.95,5.25,6.75,0.7000000000000002,0.7999999999999998,6.0,5.0,7.0,1.0,1.0,5.0,4.0,6.0,1.0,1.0,6.8,6.0,7.0,0.7999999999999998,0.20000000000000018,0.0,0.0,0.0,0.0,0.0,4.0,4.0,4.0,0.0,0.0,0.0,0.0,0.0,0.0,0.0,4.0,4.0,4.0,0.0,0.0
20,4,18,5,0.2,0.2,0.3,dense,True,20,20,20,4,20,5,12,Plain DPA max token,validity_full_harmful_sequence_per_prompt,radius_derived,5,"0,10,20,30,40",0.0,0.0,0.0,0.0,0.0,1.0,1.0,1.0,0.0,0.0,5.95,5.25,6.75,0.7000000000000002,0.7999999999999998,6.0,5.0,7.0,1.0,1.0,5.0,4.0,6.0,1.0,1.0,6.8,6.0,7.0,0.7999999999999998,0.20000000000000018,0.0,0.0,0.0,0.0,0.0,4.0,4.0,4.0,0.0,0.0,0.0,0.0,0.0,0.0,0.0,4.0,4.0,4.0,0.0,0.0
20,4,18,5,0.2,0.2,0.3,dense,True,20,20,20,4,20,5,13,Plain DPA max token,validity_full_harmful_sequence_per_prompt,radius_derived,5,"0,10,20,30,40",0.0,0.0,0.0,0.0,0.0,1.0,1.0,1.0,0.0,0.0,5.95,5.25,6.75,0.7000000000000002,0.7999999999999998,6.0,5.0,7.0,1.0,1.0,5.0,4.0,6.0,1.0,1.0,6.8,6.0,7.0,0.7999999999999998,0.20000000000000018,0.0,0.0,0.0,0.0,0.0,4.0,4.0,4.0,0.0,0.0,0.0,0.0,0.0,0.0,0.0,4.0,4.0,4.0,0.0,0.0
20,4,18,5,0.2,0.2,0.3,dense,True,20,20,20,4,20,5,14,Plain DPA max token,validity_full_harmful_sequence_per_prompt,radius_derived,5,"0,10,20,30,40",0.0,0.0,0.0,0.0,0.0,1.0,1.0,1.0,0.0,0.0,5.95,5.25,6.75,0.7000000000000002,0.7999999999999998,6.0,5.0,7.0,1.0,1.0,5.0,4.0,6.0,1.0,1.0,6.8,6.0,7.0,0.7999999999999998,0.20000000000000018,0.0,0.0,0.0,0.0,0.0,4.0,4.0,4.0,0.0,0.0,0.0,0.0,0.0,0.0,0.0,4.0,4.0,4.0,0.0,0.0
20,4,18,5,0.2,0.2,0.3,dense,True,20,20,20,4,20,5,15,Plain DPA max token,validity_full_harmful_sequence_per_prompt,radius_derived,5,"0,10,20,30,40",0.0,0.0,0.0,0.0,0.0,1.0,1.0,1.0,0.0,0.0,5.95,5.25,6.75,0.7000000000000002,0.7999999999999998,6.0,5.0,7.0,1.0,1.0,5.0,4.0,6.0,1.0,1.0,6.8,6.0,7.0,0.7999999999999998,0.20000000000000018,0.0,0.0,0.0,0.0,0.0,4.0,4.0,4.0,0.0,0.0,0.0,0.0,0.0,0.0,0.0,4.0,4.0,4.0,0.0,0.0
20,4,18,5,0.2,0.2,0.3,dense,True,20,20,20,4,20,5,16,Plain DPA max token,validity_full_harmful_sequence_per_prompt,radius_derived,5,"0,10,20,30,40",0.0,0.0,0.0,0.0,0.0,1.0,1.0,1.0,0.0,0.0,5.95,5.25,6.75,0.7000000000000002,0.7999999999999998,6.0,5.0,7.0,1.0,1.0,5.0,4.0,6.0,1.0,1.0,6.8,6.0,7.0,0.7999999999999998,0.20000000000000018,0.0,0.0,0.0,0.0,0.0,4.0,4.0,4.0,0.0,0.0,0.0,0.0,0.0,0.0,0.0,4.0,4.0,4.0,0.0,0.0
20,4,18,5,0.2,0.2,0.3,dense,True,20,20,20,4,20,5,17,Plain DPA max token,validity_full_harmful_sequence_per_prompt,radius_derived,5,"0,10,20,30,40",0.0,0.0,0.0,0.0,0.0,1.0,1.0,1.0,0.0,0.0,5.95,5.25,6.75,0.7000000000000002,0.7999999999999998,6.0,5.0,7.0,1.0,1.0,5.0,4.0,6.0,1.0,1.0,6.8,6.0,7.0,0.7999999999999998,0.20000000000000018,0.0,0.0,0.0,0.0,0.0,4.0,4.0,4.0,0.0,0.0,0.0,0.0,0.0,0.0,0.0,4.0,4.0,4.0,0.0,0.0
20,4,18,5,0.2,0.2,0.3,dense,True,20,20,20,4,20,5,18,Plain DPA max token,validity_full_harmful_sequence_per_prompt,radius_derived,5,"0,10,20,30,40",0.0,0.0,0.0,0.0,0.0,1.0,1.0,1.0,0.0,0.0,5.95,5.25,6.75,0.7000000000000002,0.7999999999999998,6.0,5.0,7.0,1.0,1.0,5.0,4.0,6.0,1.0,1.0,6.8,6.0,7.0,0.7999999999999998,0.20000000000000018,0.0,0.0,0.0,0.0,0.0,4.0,4.0,4.0,0.0,0.0,0.0,0.0,0.0,0.0,0.0,4.0,4.0,4.0,0.0,0.0
20,4,18,5,0.2,0.2,0.3,dense,True,20,20,20,4,20,5,19,Plain DPA max token,validity_full_harmful_sequence_per_prompt,radius_derived,5,"0,10,20,30,40",0.0,0.0,0.0,0.0,0.0,1.0,1.0,1.0,0.0,0.0,5.95,5.25,6.75,0.7000000000000002,0.7999999999999998,6.0,5.0,7.0,1.0,1.0,5.0,4.0,6.0,1.0,1.0,6.8,6.0,7.0,0.7999999999999998,0.20000000000000018,0.0,0.0,0.0,0.0,0.0,4.0,4.0,4.0,0.0,0.0,0.0,0.0,0.0,0.0,0.0,4.0,4.0,4.0,0.0,0.0
20,4,18,5,0.2,0.2,0.3,dense,True,20,20,20,4,20,5,20,Plain DPA max token,validity_full_harmful_sequence_per_prompt,radius_derived,5,"0,10,20,30,40",0.0,0.0,0.0,0.0,0.0,1.0,1.0,1.0,0.0,0.0,5.95,5.25,6.75,0.7000000000000002,0.7999999999999998,6.0,5.0,7.0,1.0,1.0,5.0,4.0,6.0,1.0,1.0,6.8,6.0,7.0,0.7999999999999998,0.20000000000000018,0.0,0.0,0.0,0.0,0.0,4.0,4.0,4.0,0.0,0.0,0.0,0.0,0.0,0.0,0.0,4.0,4.0,4.0,0.0,0.0
20,4,18,5,0.2,0.2,0.3,dense,True,20,20,20,4,20,5,0,Shard-aware weakest-token diagnostic,weakest_harmful_token_not_full_sequence_validity,radius_derived,5,"0,10,20,30,40",0.0,0.0,0.0,0.0,0.0,1.0,1.0,1.0,0.0,0.0,0.0,0.0,0.0,0.0,0.0,0.0,0.0,0.0,0.0,0.0,0.0,0.0,0.0,0.0,0.0,0.0,0.0,0.0,0.0,0.0,0.0,0.0,0.0,0.0,0.0,4.0,4.0,4.0,0.0,0.0,0.0,0.0,0.0,0.0,0.0,4.0,4.0,4.0,0.0,0.0
20,4,18,5,0.2,0.2,0.3,dense,True,20,20,20,4,20,5,1,Shard-aware weakest-token diagnostic,weakest_harmful_token_not_full_sequence_validity,radius_derived,5,"0,10,20,30,40",0.0,0.0,0.0,0.0,0.0,1.0,1.0,1.0,0.0,0.0,0.0,0.0,0.0,0.0,0.0,0.0,0.0,0.0,0.0,0.0,0.0,0.0,0.0,0.0,0.0,0.0,0.0,0.0,0.0,0.0,0.0,0.0,0.0,0.0,0.0,4.0,4.0,4.0,0.0,0.0,0.0,0.0,0.0,0.0,0.0,4.0,4.0,4.0,0.0,0.0
20,4,18,5,0.2,0.2,0.3,dense,True,20,20,20,4,20,5,2,Shard-aware weakest-token diagnostic,weakest_harmful_token_not_full_sequence_validity,radius_derived,5,"0,10,20,30,40",0.0,0.0,0.0,0.0,0.0,1.0,1.0,1.0,0.0,0.0,0.0,0.0,0.0,0.0,0.0,0.0,0.0,0.0,0.0,0.0,0.0,0.0,0.0,0.0,0.0,0.0,0.0,0.0,0.0,0.0,0.0,0.0,0.0,0.0,0.0,4.0,4.0,4.0,0.0,0.0,0.0,0.0,0.0,0.0,0.0,4.0,4.0,4.0,0.0,0.0
20,4,18,5,0.2,0.2,0.3,dense,True,20,20,20,4,20,5,3,Shard-aware weakest-token diagnostic,weakest_harmful_token_not_full_sequence_validity,radius_derived,5,"0,10,20,30,40",0.0,0.0,0.0,0.0,0.0,1.0,1.0,1.0,0.0,0.0,0.0,0.0,0.0,0.0,0.0,0.0,0.0,0.0,0.0,0.0,0.0,0.0,0.0,0.0,0.0,0.0,0.0,0.0,0.0,0.0,0.0,0.0,0.0,0.0,0.0,4.0,4.0,4.0,0.0,0.0,0.0,0.0,0.0,0.0,0.0,4.0,4.0,4.0,0.0,0.0
20,4,18,5,0.2,0.2,0.3,dense,True,20,20,20,4,20,5,4,Shard-aware weakest-token diagnostic,weakest_harmful_token_not_full_sequence_validity,radius_derived,5,"0,10,20,30,40",0.0,0.0,0.0,0.0,0.0,1.0,1.0,1.0,0.0,0.0,0.0,0.0,0.0,0.0,0.0,0.0,0.0,0.0,0.0,0.0,0.0,0.0,0.0,0.0,0.0,0.0,0.0,0.0,0.0,0.0,0.0,0.0,0.0,0.0,0.0,4.0,4.0,4.0,0.0,0.0,0.0,0.0,0.0,0.0,0.0,4.0,4.0,4.0,0.0,0.0
20,4,18,5,0.2,0.2,0.3,dense,True,20,20,20,4,20,5,5,Shard-aware weakest-token diagnostic,weakest_harmful_token_not_full_sequence_validity,radius_derived,5,"0,10,20,30,40",0.0,0.0,0.0,0.0,0.0,1.0,1.0,1.0,0.0,0.0,0.0,0.0,0.0,0.0,0.0,0.0,0.0,0.0,0.0,0.0,0.0,0.0,0.0,0.0,0.0,0.0,0.0,0.0,0.0,0.0,0.0,0.0,0.0,0.0,0.0,4.0,4.0,4.0,0.0,0.0,0.0,0.0,0.0,0.0,0.0,4.0,4.0,4.0,0.0,0.0
20,4,18,5,0.2,0.2,0.3,dense,True,20,20,20,4,20,5,6,Shard-aware weakest-token diagnostic,weakest_harmful_token_not_full_sequence_validity,radius_derived,5,"0,10,20,30,40",0.0,0.0,0.0,0.0,0.0,1.0,1.0,1.0,0.0,0.0,0.0,0.0,0.0,0.0,0.0,0.0,0.0,0.0,0.0,0.0,0.0,0.0,0.0,0.0,0.0,0.0,0.0,0.0,0.0,0.0,0.0,0.0,0.0,0.0,0.0,4.0,4.0,4.0,0.0,0.0,0.0,0.0,0.0,0.0,0.0,4.0,4.0,4.0,0.0,0.0
20,4,18,5,0.2,0.2,0.3,dense,True,20,20,20,4,20,5,7,Shard-aware weakest-token diagnostic,weakest_harmful_token_not_full_sequence_validity,radius_derived,5,"0,10,20,30,40",0.0,0.0,0.0,0.0,0.0,1.0,1.0,1.0,0.0,0.0,0.0,0.0,0.0,0.0,0.0,0.0,0.0,0.0,0.0,0.0,0.0,0.0,0.0,0.0,0.0,0.0,0.0,0.0,0.0,0.0,0.0,0.0,0.0,0.0,0.0,4.0,4.0,4.0,0.0,0.0,0.0,0.0,0.0,0.0,0.0,4.0,4.0,4.0,0.0,0.0
20,4,18,5,0.2,0.2,0.3,dense,True,20,20,20,4,20,5,8,Shard-aware weakest-token diagnostic,weakest_harmful_token_not_full_sequence_validity,radius_derived,5,"0,10,20,30,40",0.0,0.0,0.0,0.0,0.0,1.0,1.0,1.0,0.0,0.0,0.0,0.0,0.0,0.0,0.0,0.0,0.0,0.0,0.0,0.0,0.0,0.0,0.0,0.0,0.0,0.0,0.0,0.0,0.0,0.0,0.0,0.0,0.0,0.0,0.0,4.0,4.0,4.0,0.0,0.0,0.0,0.0,0.0,0.0,0.0,4.0,4.0,4.0,0.0,0.0
20,4,18,5,0.2,0.2,0.3,dense,True,20,20,20,4,20,5,9,Shard-aware weakest-token diagnostic,weakest_harmful_token_not_full_sequence_validity,radius_derived,5,"0,10,20,30,40",0.0,0.0,0.0,0.0,0.0,1.0,1.0,1.0,0.0,0.0,0.0,0.0,0.0,0.0,0.0,0.0,0.0,0.0,0.0,0.0,0.0,0.0,0.0,0.0,0.0,0.0,0.0,0.0,0.0,0.0,0.0,0.0,0.0,0.0,0.0,4.0,4.0,4.0,0.0,0.0,0.0,0.0,0.0,0.0,0.0,4.0,4.0,4.0,0.0,0.0
20,4,18,5,0.2,0.2,0.3,dense,True,20,20,20,4,20,5,10,Shard-aware weakest-token diagnostic,weakest_harmful_token_not_full_sequence_validity,radius_derived,5,"0,10,20,30,40",0.0,0.0,0.0,0.0,0.0,1.0,1.0,1.0,0.0,0.0,0.0,0.0,0.0,0.0,0.0,0.0,0.0,0.0,0.0,0.0,0.0,0.0,0.0,0.0,0.0,0.0,0.0,0.0,0.0,0.0,0.0,0.0,0.0,0.0,0.0,4.0,4.0,4.0,0.0,0.0,0.0,0.0,0.0,0.0,0.0,4.0,4.0,4.0,0.0,0.0
20,4,18,5,0.2,0.2,0.3,dense,True,20,20,20,4,20,5,11,Shard-aware weakest-token diagnostic,weakest_harmful_token_not_full_sequence_validity,radius_derived,5,"0,10,20,30,40",0.0,0.0,0.0,0.0,0.0,1.0,1.0,1.0,0.0,0.0,0.0,0.0,0.0,0.0,0.0,0.0,0.0,0.0,0.0,0.0,0.0,0.0,0.0,0.0,0.0,0.0,0.0,0.0,0.0,0.0,0.0,0.0,0.0,0.0,0.0,4.0,4.0,4.0,0.0,0.0,0.0,0.0,0.0,0.0,0.0,4.0,4.0,4.0,0.0,0.0
20,4,18,5,0.2,0.2,0.3,dense,True,20,20,20,4,20,5,12,Shard-aware weakest-token diagnostic,weakest_harmful_token_not_full_sequence_validity,radius_derived,5,"0,10,20,30,40",0.0,0.0,0.0,0.0,0.0,1.0,1.0,1.0,0.0,0.0,0.0,0.0,0.0,0.0,0.0,0.0,0.0,0.0,0.0,0.0,0.0,0.0,0.0,0.0,0.0,0.0,0.0,0.0,0.0,0.0,0.0,0.0,0.0,0.0,0.0,4.0,4.0,4.0,0.0,0.0,0.0,0.0,0.0,0.0,0.0,4.0,4.0,4.0,0.0,0.0
20,4,18,5,0.2,0.2,0.3,dense,True,20,20,20,4,20,5,13,Shard-aware weakest-token diagnostic,weakest_harmful_token_not_full_sequence_validity,radius_derived,5,"0,10,20,30,40",0.0,0.0,0.0,0.0,0.0,1.0,1.0,1.0,0.0,0.0,0.0,0.0,0.0,0.0,0.0,0.0,0.0,0.0,0.0,0.0,0.0,0.0,0.0,0.0,0.0,0.0,0.0,0.0,0.0,0.0,0.0,0.0,0.0,0.0,0.0,4.0,4.0,4.0,0.0,0.0,0.0,0.0,0.0,0.0,0.0,4.0,4.0,4.0,0.0,0.0
20,4,18,5,0.2,0.2,0.3,dense,True,20,20,20,4,20,5,14,Shard-aware weakest-token diagnostic,weakest_harmful_token_not_full_sequence_validity,radius_derived,5,"0,10,20,30,40",0.0,0.0,0.0,0.0,0.0,1.0,1.0,1.0,0.0,0.0,0.0,0.0,0.0,0.0,0.0,0.0,0.0,0.0,0.0,0.0,0.0,0.0,0.0,0.0,0.0,0.0,0.0,0.0,0.0,0.0,0.0,0.0,0.0,0.0,0.0,4.0,4.0,4.0,0.0,0.0,0.0,0.0,0.0,0.0,0.0,4.0,4.0,4.0,0.0,0.0
20,4,18,5,0.2,0.2,0.3,dense,True,20,20,20,4,20,5,15,Shard-aware weakest-token diagnostic,weakest_harmful_token_not_full_sequence_validity,radius_derived,5,"0,10,20,30,40",0.0,0.0,0.0,0.0,0.0,1.0,1.0,1.0,0.0,0.0,0.0,0.0,0.0,0.0,0.0,0.0,0.0,0.0,0.0,0.0,0.0,0.0,0.0,0.0,0.0,0.0,0.0,0.0,0.0,0.0,0.0,0.0,0.0,0.0,0.0,4.0,4.0,4.0,0.0,0.0,0.0,0.0,0.0,0.0,0.0,4.0,4.0,4.0,0.0,0.0
20,4,18,5,0.2,0.2,0.3,dense,True,20,20,20,4,20,5,16,Shard-aware weakest-token diagnostic,weakest_harmful_token_not_full_sequence_validity,radius_derived,5,"0,10,20,30,40",0.0,0.0,0.0,0.0,0.0,1.0,1.0,1.0,0.0,0.0,0.0,0.0,0.0,0.0,0.0,0.0,0.0,0.0,0.0,0.0,0.0,0.0,0.0,0.0,0.0,0.0,0.0,0.0,0.0,0.0,0.0,0.0,0.0,0.0,0.0,4.0,4.0,4.0,0.0,0.0,0.0,0.0,0.0,0.0,0.0,4.0,4.0,4.0,0.0,0.0
20,4,18,5,0.2,0.2,0.3,dense,True,20,20,20,4,20,5,17,Shard-aware weakest-token diagnostic,weakest_harmful_token_not_full_sequence_validity,radius_derived,5,"0,10,20,30,40",0.0,0.0,0.0,0.0,0.0,1.0,1.0,1.0,0.0,0.0,0.0,0.0,0.0,0.0,0.0,0.0,0.0,0.0,0.0,0.0,0.0,0.0,0.0,0.0,0.0,0.0,0.0,0.0,0.0,0.0,0.0,0.0,0.0,0.0,0.0,4.0,4.0,4.0,0.0,0.0,0.0,0.0,0.0,0.0,0.0,4.0,4.0,4.0,0.0,0.0
20,4,18,5,0.2,0.2,0.3,dense,True,20,20,20,4,20,5,18,Shard-aware weakest-token diagnostic,weakest_harmful_token_not_full_sequence_validity,radius_derived,5,"0,10,20,30,40",0.0,0.0,0.0,0.0,0.0,1.0,1.0,1.0,0.0,0.0,0.0,0.0,0.0,0.0,0.0,0.0,0.0,0.0,0.0,0.0,0.0,0.0,0.0,0.0,0.0,0.0,0.0,0.0,0.0,0.0,0.0,0.0,0.0,0.0,0.0,4.0,4.0,4.0,0.0,0.0,0.0,0.0,0.0,0.0,0.0,4.0,4.0,4.0,0.0,0.0
20,4,18,5,0.2,0.2,0.3,dense,True,20,20,20,4,20,5,19,Shard-aware weakest-token diagnostic,weakest_harmful_token_not_full_sequence_validity,radius_derived,5,"0,10,20,30,40",0.0,0.0,0.0,0.0,0.0,1.0,1.0,1.0,0.0,0.0,0.0,0.0,0.0,0.0,0.0,0.0,0.0,0.0,0.0,0.0,0.0,0.0,0.0,0.0,0.0,0.0,0.0,0.0,0.0,0.0,0.0,0.0,0.0,0.0,0.0,4.0,4.0,4.0,0.0,0.0,0.0,0.0,0.0,0.0,0.0,4.0,4.0,4.0,0.0,0.0
20,4,18,5,0.2,0.2,0.3,dense,True,20,20,20,4,20,5,20,Shard-aware weakest-token diagnostic,weakest_harmful_token_not_full_sequence_validity,radius_derived,5,"0,10,20,30,40",0.0,0.0,0.0,0.0,0.0,1.0,1.0,1.0,0.0,0.0,0.0,0.0,0.0,0.0,0.0,0.0,0.0,0.0,0.0,0.0,0.0,0.0,0.0,0.0,0.0,0.0,0.0,0.0,0.0,0.0,0.0,0.0,0.0,0.0,0.0,4.0,4.0,4.0,0.0,0.0,0.0,0.0,0.0,0.0,0.0,4.0,4.0,4.0,0.0,0.0
20,4,18,5,0.2,0.2,0.3,dense,True,20,20,20,4,20,5,0,Shard-aware independent max-token diagnostic,most_difficult_harmful_token_not_full_sequence_validity,radius_derived,5,"0,10,20,30,40",1.0,1.0,1.0,0.0,0.0,0.0,0.0,0.0,0.0,0.0,5.95,5.25,6.75,0.7000000000000002,0.7999999999999998,6.0,5.0,7.0,1.0,1.0,5.0,4.0,6.0,1.0,1.0,6.8,6.0,7.0,0.7999999999999998,0.20000000000000018,4.0,4.0,4.0,0.0,0.0,4.0,4.0,4.0,0.0,0.0,0.0,0.0,0.0,0.0,0.0,4.0,4.0,4.0,0.0,0.0
20,4,18,5,0.2,0.2,0.3,dense,True,20,20,20,4,20,5,1,Shard-aware independent max-token diagnostic,most_difficult_harmful_token_not_full_sequence_validity,radius_derived,5,"0,10,20,30,40",1.0,1.0,1.0,0.0,0.0,0.0,0.0,0.0,0.0,0.0,5.95,5.25,6.75,0.7000000000000002,0.7999999999999998,6.0,5.0,7.0,1.0,1.0,5.0,4.0,6.0,1.0,1.0,6.8,6.0,7.0,0.7999999999999998,0.20000000000000018,4.0,4.0,4.0,0.0,0.0,4.0,4.0,4.0,0.0,0.0,0.0,0.0,0.0,0.0,0.0,4.0,4.0,4.0,0.0,0.0
20,4,18,5,0.2,0.2,0.3,dense,True,20,20,20,4,20,5,2,Shard-aware independent max-token diagnostic,most_difficult_harmful_token_not_full_sequence_validity,radius_derived,5,"0,10,20,30,40",1.0,1.0,1.0,0.0,0.0,0.0,0.0,0.0,0.0,0.0,5.95,5.25,6.75,0.7000000000000002,0.7999999999999998,6.0,5.0,7.0,1.0,1.0,5.0,4.0,6.0,1.0,1.0,6.8,6.0,7.0,0.7999999999999998,0.20000000000000018,4.0,4.0,4.0,0.0,0.0,4.0,4.0,4.0,0.0,0.0,0.0,0.0,0.0,0.0,0.0,4.0,4.0,4.0,0.0,0.0
20,4,18,5,0.2,0.2,0.3,dense,True,20,20,20,4,20,5,3,Shard-aware independent max-token diagnostic,most_difficult_harmful_token_not_full_sequence_validity,radius_derived,5,"0,10,20,30,40",1.0,1.0,1.0,0.0,0.0,0.0,0.0,0.0,0.0,0.0,5.95,5.25,6.75,0.7000000000000002,0.7999999999999998,6.0,5.0,7.0,1.0,1.0,5.0,4.0,6.0,1.0,1.0,6.8,6.0,7.0,0.7999999999999998,0.20000000000000018,4.0,4.0,4.0,0.0,0.0,4.0,4.0,4.0,0.0,0.0,0.0,0.0,0.0,0.0,0.0,4.0,4.0,4.0,0.0,0.0
20,4,18,5,0.2,0.2,0.3,dense,True,20,20,20,4,20,5,4,Shard-aware independent max-token diagnostic,most_difficult_harmful_token_not_full_sequence_validity,radius_derived,5,"0,10,20,30,40",0.95,0.75,1.0,0.19999999999999996,0.050000000000000044,0.05,0.0,0.25,0.05,0.2,5.95,5.25,6.75,0.7000000000000002,0.7999999999999998,6.0,5.0,7.0,1.0,1.0,5.0,4.0,6.0,1.0,1.0,6.8,6.0,7.0,0.7999999999999998,0.20000000000000018,3.8,3.0,4.0,0.7999999999999998,0.20000000000000018,4.0,4.0,4.0,0.0,0.0,0.0,0.0,0.0,0.0,0.0,4.0,4.0,4.0,0.0,0.0
20,4,18,5,0.2,0.2,0.3,dense,True,20,20,20,4,20,5,5,Shard-aware independent max-token diagnostic,most_difficult_harmful_token_not_full_sequence_validity,radius_derived,5,"0,10,20,30,40",0.6,0.25,1.0,0.35,0.4,0.4,0.0,0.75,0.4,0.35,5.95,5.25,6.75,0.7000000000000002,0.7999999999999998,6.0,5.0,7.0,1.0,1.0,5.0,4.0,6.0,1.0,1.0,6.8,6.0,7.0,0.7999999999999998,0.20000000000000018,2.4,1.0,4.0,1.4,1.6,4.0,4.0,4.0,0.0,0.0,0.0,0.0,0.0,0.0,0.0,4.0,4.0,4.0,0.0,0.0
20,4,18,5,0.2,0.2,0.3,dense,True,20,20,20,4,20,5,6,Shard-aware independent max-token diagnostic,most_difficult_harmful_token_not_full_sequence_validity,radius_derived,5,"0,10,20,30,40",0.4,0.0,0.75,0.4,0.35,0.6,0.25,1.0,0.35,0.4,5.95,5.25,6.75,0.7000000000000002,0.7999999999999998,6.0,5.0,7.0,1.0,1.0,5.0,4.0,6.0,1.0,1.0,6.8,6.0,7.0,0.7999999999999998,0.20000000000000018,1.6,0.0,3.0,1.6,1.4,4.0,4.0,4.0,0.0,0.0,0.0,0.0,0.0,0.0,0.0,4.0,4.0,4.0,0.0,0.0
20,4,18,5,0.2,0.2,0.3,dense,True,20,20,20,4,20,5,7,Shard-aware independent max-token diagnostic,most_difficult_harmful_token_not_full_sequence_validity,radius_derived,5,"0,10,20,30,40",0.0,0.0,0.0,0.0,0.0,1.0,1.0,1.0,0.0,0.0,5.95,5.25,6.75,0.7000000000000002,0.7999999999999998,6.0,5.0,7.0,1.0,1.0,5.0,4.0,6.0,1.0,1.0,6.8,6.0,7.0,0.7999999999999998,0.20000000000000018,0.0,0.0,0.0,0.0,0.0,4.0,4.0,4.0,0.0,0.0,0.0,0.0,0.0,0.0,0.0,4.0,4.0,4.0,0.0,0.0
20,4,18,5,0.2,0.2,0.3,dense,True,20,20,20,4,20,5,8,Shard-aware independent max-token diagnostic,most_difficult_harmful_token_not_full_sequence_validity,radius_derived,5,"0,10,20,30,40",0.0,0.0,0.0,0.0,0.0,1.0,1.0,1.0,0.0,0.0,5.95,5.25,6.75,0.7000000000000002,0.7999999999999998,6.0,5.0,7.0,1.0,1.0,5.0,4.0,6.0,1.0,1.0,6.8,6.0,7.0,0.7999999999999998,0.20000000000000018,0.0,0.0,0.0,0.0,0.0,4.0,4.0,4.0,0.0,0.0,0.0,0.0,0.0,0.0,0.0,4.0,4.0,4.0,0.0,0.0
20,4,18,5,0.2,0.2,0.3,dense,True,20,20,20,4,20,5,9,Shard-aware independent max-token diagnostic,most_difficult_harmful_token_not_full_sequence_validity,radius_derived,5,"0,10,20,30,40",0.0,0.0,0.0,0.0,0.0,1.0,1.0,1.0,0.0,0.0,5.95,5.25,6.75,0.7000000000000002,0.7999999999999998,6.0,5.0,7.0,1.0,1.0,5.0,4.0,6.0,1.0,1.0,6.8,6.0,7.0,0.7999999999999998,0.20000000000000018,0.0,0.0,0.0,0.0,0.0,4.0,4.0,4.0,0.0,0.0,0.0,0.0,0.0,0.0,0.0,4.0,4.0,4.0,0.0,0.0
20,4,18,5,0.2,0.2,0.3,dense,True,20,20,20,4,20,5,10,Shard-aware independent max-token diagnostic,most_difficult_harmful_token_not_full_sequence_validity,radius_derived,5,"0,10,20,30,40",0.0,0.0,0.0,0.0,0.0,1.0,1.0,1.0,0.0,0.0,5.95,5.25,6.75,0.7000000000000002,0.7999999999999998,6.0,5.0,7.0,1.0,1.0,5.0,4.0,6.0,1.0,1.0,6.8,6.0,7.0,0.7999999999999998,0.20000000000000018,0.0,0.0,0.0,0.0,0.0,4.0,4.0,4.0,0.0,0.0,0.0,0.0,0.0,0.0,0.0,4.0,4.0,4.0,0.0,0.0
20,4,18,5,0.2,0.2,0.3,dense,True,20,20,20,4,20,5,11,Shard-aware independent max-token diagnostic,most_difficult_harmful_token_not_full_sequence_validity,radius_derived,5,"0,10,20,30,40",0.0,0.0,0.0,0.0,0.0,1.0,1.0,1.0,0.0,0.0,5.95,5.25,6.75,0.7000000000000002,0.7999999999999998,6.0,5.0,7.0,1.0,1.0,5.0,4.0,6.0,1.0,1.0,6.8,6.0,7.0,0.7999999999999998,0.20000000000000018,0.0,0.0,0.0,0.0,0.0,4.0,4.0,4.0,0.0,0.0,0.0,0.0,0.0,0.0,0.0,4.0,4.0,4.0,0.0,0.0
20,4,18,5,0.2,0.2,0.3,dense,True,20,20,20,4,20,5,12,Shard-aware independent max-token diagnostic,most_difficult_harmful_token_not_full_sequence_validity,radius_derived,5,"0,10,20,30,40",0.0,0.0,0.0,0.0,0.0,1.0,1.0,1.0,0.0,0.0,5.95,5.25,6.75,0.7000000000000002,0.7999999999999998,6.0,5.0,7.0,1.0,1.0,5.0,4.0,6.0,1.0,1.0,6.8,6.0,7.0,0.7999999999999998,0.20000000000000018,0.0,0.0,0.0,0.0,0.0,4.0,4.0,4.0,0.0,0.0,0.0,0.0,0.0,0.0,0.0,4.0,4.0,4.0,0.0,0.0
20,4,18,5,0.2,0.2,0.3,dense,True,20,20,20,4,20,5,13,Shard-aware independent max-token diagnostic,most_difficult_harmful_token_not_full_sequence_validity,radius_derived,5,"0,10,20,30,40",0.0,0.0,0.0,0.0,0.0,1.0,1.0,1.0,0.0,0.0,5.95,5.25,6.75,0.7000000000000002,0.7999999999999998,6.0,5.0,7.0,1.0,1.0,5.0,4.0,6.0,1.0,1.0,6.8,6.0,7.0,0.7999999999999998,0.20000000000000018,0.0,0.0,0.0,0.0,0.0,4.0,4.0,4.0,0.0,0.0,0.0,0.0,0.0,0.0,0.0,4.0,4.0,4.0,0.0,0.0
20,4,18,5,0.2,0.2,0.3,dense,True,20,20,20,4,20,5,14,Shard-aware independent max-token diagnostic,most_difficult_harmful_token_not_full_sequence_validity,radius_derived,5,"0,10,20,30,40",0.0,0.0,0.0,0.0,0.0,1.0,1.0,1.0,0.0,0.0,5.95,5.25,6.75,0.7000000000000002,0.7999999999999998,6.0,5.0,7.0,1.0,1.0,5.0,4.0,6.0,1.0,1.0,6.8,6.0,7.0,0.7999999999999998,0.20000000000000018,0.0,0.0,0.0,0.0,0.0,4.0,4.0,4.0,0.0,0.0,0.0,0.0,0.0,0.0,0.0,4.0,4.0,4.0,0.0,0.0
20,4,18,5,0.2,0.2,0.3,dense,True,20,20,20,4,20,5,15,Shard-aware independent max-token diagnostic,most_difficult_harmful_token_not_full_sequence_validity,radius_derived,5,"0,10,20,30,40",0.0,0.0,0.0,0.0,0.0,1.0,1.0,1.0,0.0,0.0,5.95,5.25,6.75,0.7000000000000002,0.7999999999999998,6.0,5.0,7.0,1.0,1.0,5.0,4.0,6.0,1.0,1.0,6.8,6.0,7.0,0.7999999999999998,0.20000000000000018,0.0,0.0,0.0,0.0,0.0,4.0,4.0,4.0,0.0,0.0,0.0,0.0,0.0,0.0,0.0,4.0,4.0,4.0,0.0,0.0
20,4,18,5,0.2,0.2,0.3,dense,True,20,20,20,4,20,5,16,Shard-aware independent max-token diagnostic,most_difficult_harmful_token_not_full_sequence_validity,radius_derived,5,"0,10,20,30,40",0.0,0.0,0.0,0.0,0.0,1.0,1.0,1.0,0.0,0.0,5.95,5.25,6.75,0.7000000000000002,0.7999999999999998,6.0,5.0,7.0,1.0,1.0,5.0,4.0,6.0,1.0,1.0,6.8,6.0,7.0,0.7999999999999998,0.20000000000000018,0.0,0.0,0.0,0.0,0.0,4.0,4.0,4.0,0.0,0.0,0.0,0.0,0.0,0.0,0.0,4.0,4.0,4.0,0.0,0.0
20,4,18,5,0.2,0.2,0.3,dense,True,20,20,20,4,20,5,17,Shard-aware independent max-token diagnostic,most_difficult_harmful_token_not_full_sequence_validity,radius_derived,5,"0,10,20,30,40",0.0,0.0,0.0,0.0,0.0,1.0,1.0,1.0,0.0,0.0,5.95,5.25,6.75,0.7000000000000002,0.7999999999999998,6.0,5.0,7.0,1.0,1.0,5.0,4.0,6.0,1.0,1.0,6.8,6.0,7.0,0.7999999999999998,0.20000000000000018,0.0,0.0,0.0,0.0,0.0,4.0,4.0,4.0,0.0,0.0,0.0,0.0,0.0,0.0,0.0,4.0,4.0,4.0,0.0,0.0
20,4,18,5,0.2,0.2,0.3,dense,True,20,20,20,4,20,5,18,Shard-aware independent max-token diagnostic,most_difficult_harmful_token_not_full_sequence_validity,radius_derived,5,"0,10,20,30,40",0.0,0.0,0.0,0.0,0.0,1.0,1.0,1.0,0.0,0.0,5.95,5.25,6.75,0.7000000000000002,0.7999999999999998,6.0,5.0,7.0,1.0,1.0,5.0,4.0,6.0,1.0,1.0,6.8,6.0,7.0,0.7999999999999998,0.20000000000000018,0.0,0.0,0.0,0.0,0.0,4.0,4.0,4.0,0.0,0.0,0.0,0.0,0.0,0.0,0.0,4.0,4.0,4.0,0.0,0.0
20,4,18,5,0.2,0.2,0.3,dense,True,20,20,20,4,20,5,19,Shard-aware independent max-token diagnostic,most_difficult_harmful_token_not_full_sequence_validity,radius_derived,5,"0,10,20,30,40",0.0,0.0,0.0,0.0,0.0,1.0,1.0,1.0,0.0,0.0,5.95,5.25,6.75,0.7000000000000002,0.7999999999999998,6.0,5.0,7.0,1.0,1.0,5.0,4.0,6.0,1.0,1.0,6.8,6.0,7.0,0.7999999999999998,0.20000000000000018,0.0,0.0,0.0,0.0,0.0,4.0,4.0,4.0,0.0,0.0,0.0,0.0,0.0,0.0,0.0,4.0,4.0,4.0,0.0,0.0
20,4,18,5,0.2,0.2,0.3,dense,True,20,20,20,4,20,5,20,Shard-aware independent max-token diagnostic,most_difficult_harmful_token_not_full_sequence_validity,radius_derived,5,"0,10,20,30,40",0.0,0.0,0.0,0.0,0.0,1.0,1.0,1.0,0.0,0.0,5.95,5.25,6.75,0.7000000000000002,0.7999999999999998,6.0,5.0,7.0,1.0,1.0,5.0,4.0,6.0,1.0,1.0,6.8,6.0,7.0,0.7999999999999998,0.20000000000000018,0.0,0.0,0.0,0.0,0.0,4.0,4.0,4.0,0.0,0.0,0.0,0.0,0.0,0.0,0.0,4.0,4.0,4.0,0.0,0.0
20,4,18,5,0.2,0.2,0.3,dense,True,20,20,20,4,20,5,0,TPA max-token phrase baseline,validity_full_harmful_sequence_per_prompt,radius_derived,5,"0,10,20,30,40",1.0,1.0,1.0,0.0,0.0,0.0,0.0,0.0,0.0,0.0,5.95,5.25,6.75,0.7000000000000002,0.7999999999999998,6.0,5.0,7.0,1.0,1.0,5.0,4.0,6.0,1.0,1.0,6.8,6.0,7.0,0.7999999999999998,0.20000000000000018,4.0,4.0,4.0,0.0,0.0,4.0,4.0,4.0,0.0,0.0,0.0,0.0,0.0,0.0,0.0,4.0,4.0,4.0,0.0,0.0
20,4,18,5,0.2,0.2,0.3,dense,True,20,20,20,4,20,5,1,TPA max-token phrase baseline,validity_full_harmful_sequence_per_prompt,radius_derived,5,"0,10,20,30,40",1.0,1.0,1.0,0.0,0.0,0.0,0.0,0.0,0.0,0.0,5.95,5.25,6.75,0.7000000000000002,0.7999999999999998,6.0,5.0,7.0,1.0,1.0,5.0,4.0,6.0,1.0,1.0,6.8,6.0,7.0,0.7999999999999998,0.20000000000000018,4.0,4.0,4.0,0.0,0.0,4.0,4.0,4.0,0.0,0.0,0.0,0.0,0.0,0.0,0.0,4.0,4.0,4.0,0.0,0.0
20,4,18,5,0.2,0.2,0.3,dense,True,20,20,20,4,20,5,2,TPA max-token phrase baseline,validity_full_harmful_sequence_per_prompt,radius_derived,5,"0,10,20,30,40",1.0,1.0,1.0,0.0,0.0,0.0,0.0,0.0,0.0,0.0,5.95,5.25,6.75,0.7000000000000002,0.7999999999999998,6.0,5.0,7.0,1.0,1.0,5.0,4.0,6.0,1.0,1.0,6.8,6.0,7.0,0.7999999999999998,0.20000000000000018,4.0,4.0,4.0,0.0,0.0,4.0,4.0,4.0,0.0,0.0,0.0,0.0,0.0,0.0,0.0,4.0,4.0,4.0,0.0,0.0
20,4,18,5,0.2,0.2,0.3,dense,True,20,20,20,4,20,5,3,TPA max-token phrase baseline,validity_full_harmful_sequence_per_prompt,radius_derived,5,"0,10,20,30,40",1.0,1.0,1.0,0.0,0.0,0.0,0.0,0.0,0.0,0.0,5.95,5.25,6.75,0.7000000000000002,0.7999999999999998,6.0,5.0,7.0,1.0,1.0,5.0,4.0,6.0,1.0,1.0,6.8,6.0,7.0,0.7999999999999998,0.20000000000000018,4.0,4.0,4.0,0.0,0.0,4.0,4.0,4.0,0.0,0.0,0.0,0.0,0.0,0.0,0.0,4.0,4.0,4.0,0.0,0.0
20,4,18,5,0.2,0.2,0.3,dense,True,20,20,20,4,20,5,4,TPA max-token phrase baseline,validity_full_harmful_sequence_per_prompt,radius_derived,5,"0,10,20,30,40",0.95,0.75,1.0,0.19999999999999996,0.050000000000000044,0.05,0.0,0.25,0.05,0.2,5.95,5.25,6.75,0.7000000000000002,0.7999999999999998,6.0,5.0,7.0,1.0,1.0,5.0,4.0,6.0,1.0,1.0,6.8,6.0,7.0,0.7999999999999998,0.20000000000000018,3.8,3.0,4.0,0.7999999999999998,0.20000000000000018,4.0,4.0,4.0,0.0,0.0,0.0,0.0,0.0,0.0,0.0,4.0,4.0,4.0,0.0,0.0
20,4,18,5,0.2,0.2,0.3,dense,True,20,20,20,4,20,5,5,TPA max-token phrase baseline,validity_full_harmful_sequence_per_prompt,radius_derived,5,"0,10,20,30,40",0.6,0.25,1.0,0.35,0.4,0.4,0.0,0.75,0.4,0.35,5.95,5.25,6.75,0.7000000000000002,0.7999999999999998,6.0,5.0,7.0,1.0,1.0,5.0,4.0,6.0,1.0,1.0,6.8,6.0,7.0,0.7999999999999998,0.20000000000000018,2.4,1.0,4.0,1.4,1.6,4.0,4.0,4.0,0.0,0.0,0.0,0.0,0.0,0.0,0.0,4.0,4.0,4.0,0.0,0.0
20,4,18,5,0.2,0.2,0.3,dense,True,20,20,20,4,20,5,6,TPA max-token phrase baseline,validity_full_harmful_sequence_per_prompt,radius_derived,5,"0,10,20,30,40",0.4,0.0,0.75,0.4,0.35,0.6,0.25,1.0,0.35,0.4,5.95,5.25,6.75,0.7000000000000002,0.7999999999999998,6.0,5.0,7.0,1.0,1.0,5.0,4.0,6.0,1.0,1.0,6.8,6.0,7.0,0.7999999999999998,0.20000000000000018,1.6,0.0,3.0,1.6,1.4,4.0,4.0,4.0,0.0,0.0,0.0,0.0,0.0,0.0,0.0,4.0,4.0,4.0,0.0,0.0
20,4,18,5,0.2,0.2,0.3,dense,True,20,20,20,4,20,5,7,TPA max-token phrase baseline,validity_full_harmful_sequence_per_prompt,radius_derived,5,"0,10,20,30,40",0.0,0.0,0.0,0.0,0.0,1.0,1.0,1.0,0.0,0.0,5.95,5.25,6.75,0.7000000000000002,0.7999999999999998,6.0,5.0,7.0,1.0,1.0,5.0,4.0,6.0,1.0,1.0,6.8,6.0,7.0,0.7999999999999998,0.20000000000000018,0.0,0.0,0.0,0.0,0.0,4.0,4.0,4.0,0.0,0.0,0.0,0.0,0.0,0.0,0.0,4.0,4.0,4.0,0.0,0.0
20,4,18,5,0.2,0.2,0.3,dense,True,20,20,20,4,20,5,8,TPA max-token phrase baseline,validity_full_harmful_sequence_per_prompt,radius_derived,5,"0,10,20,30,40",0.0,0.0,0.0,0.0,0.0,1.0,1.0,1.0,0.0,0.0,5.95,5.25,6.75,0.7000000000000002,0.7999999999999998,6.0,5.0,7.0,1.0,1.0,5.0,4.0,6.0,1.0,1.0,6.8,6.0,7.0,0.7999999999999998,0.20000000000000018,0.0,0.0,0.0,0.0,0.0,4.0,4.0,4.0,0.0,0.0,0.0,0.0,0.0,0.0,0.0,4.0,4.0,4.0,0.0,0.0
20,4,18,5,0.2,0.2,0.3,dense,True,20,20,20,4,20,5,9,TPA max-token phrase baseline,validity_full_harmful_sequence_per_prompt,radius_derived,5,"0,10,20,30,40",0.0,0.0,0.0,0.0,0.0,1.0,1.0,1.0,0.0,0.0,5.95,5.25,6.75,0.7000000000000002,0.7999999999999998,6.0,5.0,7.0,1.0,1.0,5.0,4.0,6.0,1.0,1.0,6.8,6.0,7.0,0.7999999999999998,0.20000000000000018,0.0,0.0,0.0,0.0,0.0,4.0,4.0,4.0,0.0,0.0,0.0,0.0,0.0,0.0,0.0,4.0,4.0,4.0,0.0,0.0
20,4,18,5,0.2,0.2,0.3,dense,True,20,20,20,4,20,5,10,TPA max-token phrase baseline,validity_full_harmful_sequence_per_prompt,radius_derived,5,"0,10,20,30,40",0.0,0.0,0.0,0.0,0.0,1.0,1.0,1.0,0.0,0.0,5.95,5.25,6.75,0.7000000000000002,0.7999999999999998,6.0,5.0,7.0,1.0,1.0,5.0,4.0,6.0,1.0,1.0,6.8,6.0,7.0,0.7999999999999998,0.20000000000000018,0.0,0.0,0.0,0.0,0.0,4.0,4.0,4.0,0.0,0.0,0.0,0.0,0.0,0.0,0.0,4.0,4.0,4.0,0.0,0.0
20,4,18,5,0.2,0.2,0.3,dense,True,20,20,20,4,20,5,11,TPA max-token phrase baseline,validity_full_harmful_sequence_per_prompt,radius_derived,5,"0,10,20,30,40",0.0,0.0,0.0,0.0,0.0,1.0,1.0,1.0,0.0,0.0,5.95,5.25,6.75,0.7000000000000002,0.7999999999999998,6.0,5.0,7.0,1.0,1.0,5.0,4.0,6.0,1.0,1.0,6.8,6.0,7.0,0.7999999999999998,0.20000000000000018,0.0,0.0,0.0,0.0,0.0,4.0,4.0,4.0,0.0,0.0,0.0,0.0,0.0,0.0,0.0,4.0,4.0,4.0,0.0,0.0
20,4,18,5,0.2,0.2,0.3,dense,True,20,20,20,4,20,5,12,TPA max-token phrase baseline,validity_full_harmful_sequence_per_prompt,radius_derived,5,"0,10,20,30,40",0.0,0.0,0.0,0.0,0.0,1.0,1.0,1.0,0.0,0.0,5.95,5.25,6.75,0.7000000000000002,0.7999999999999998,6.0,5.0,7.0,1.0,1.0,5.0,4.0,6.0,1.0,1.0,6.8,6.0,7.0,0.7999999999999998,0.20000000000000018,0.0,0.0,0.0,0.0,0.0,4.0,4.0,4.0,0.0,0.0,0.0,0.0,0.0,0.0,0.0,4.0,4.0,4.0,0.0,0.0
20,4,18,5,0.2,0.2,0.3,dense,True,20,20,20,4,20,5,13,TPA max-token phrase baseline,validity_full_harmful_sequence_per_prompt,radius_derived,5,"0,10,20,30,40",0.0,0.0,0.0,0.0,0.0,1.0,1.0,1.0,0.0,0.0,5.95,5.25,6.75,0.7000000000000002,0.7999999999999998,6.0,5.0,7.0,1.0,1.0,5.0,4.0,6.0,1.0,1.0,6.8,6.0,7.0,0.7999999999999998,0.20000000000000018,0.0,0.0,0.0,0.0,0.0,4.0,4.0,4.0,0.0,0.0,0.0,0.0,0.0,0.0,0.0,4.0,4.0,4.0,0.0,0.0
20,4,18,5,0.2,0.2,0.3,dense,True,20,20,20,4,20,5,14,TPA max-token phrase baseline,validity_full_harmful_sequence_per_prompt,radius_derived,5,"0,10,20,30,40",0.0,0.0,0.0,0.0,0.0,1.0,1.0,1.0,0.0,0.0,5.95,5.25,6.75,0.7000000000000002,0.7999999999999998,6.0,5.0,7.0,1.0,1.0,5.0,4.0,6.0,1.0,1.0,6.8,6.0,7.0,0.7999999999999998,0.20000000000000018,0.0,0.0,0.0,0.0,0.0,4.0,4.0,4.0,0.0,0.0,0.0,0.0,0.0,0.0,0.0,4.0,4.0,4.0,0.0,0.0
20,4,18,5,0.2,0.2,0.3,dense,True,20,20,20,4,20,5,15,TPA max-token phrase baseline,validity_full_harmful_sequence_per_prompt,radius_derived,5,"0,10,20,30,40",0.0,0.0,0.0,0.0,0.0,1.0,1.0,1.0,0.0,0.0,5.95,5.25,6.75,0.7000000000000002,0.7999999999999998,6.0,5.0,7.0,1.0,1.0,5.0,4.0,6.0,1.0,1.0,6.8,6.0,7.0,0.7999999999999998,0.20000000000000018,0.0,0.0,0.0,0.0,0.0,4.0,4.0,4.0,0.0,0.0,0.0,0.0,0.0,0.0,0.0,4.0,4.0,4.0,0.0,0.0
20,4,18,5,0.2,0.2,0.3,dense,True,20,20,20,4,20,5,16,TPA max-token phrase baseline,validity_full_harmful_sequence_per_prompt,radius_derived,5,"0,10,20,30,40",0.0,0.0,0.0,0.0,0.0,1.0,1.0,1.0,0.0,0.0,5.95,5.25,6.75,0.7000000000000002,0.7999999999999998,6.0,5.0,7.0,1.0,1.0,5.0,4.0,6.0,1.0,1.0,6.8,6.0,7.0,0.7999999999999998,0.20000000000000018,0.0,0.0,0.0,0.0,0.0,4.0,4.0,4.0,0.0,0.0,0.0,0.0,0.0,0.0,0.0,4.0,4.0,4.0,0.0,0.0
20,4,18,5,0.2,0.2,0.3,dense,True,20,20,20,4,20,5,17,TPA max-token phrase baseline,validity_full_harmful_sequence_per_prompt,radius_derived,5,"0,10,20,30,40",0.0,0.0,0.0,0.0,0.0,1.0,1.0,1.0,0.0,0.0,5.95,5.25,6.75,0.7000000000000002,0.7999999999999998,6.0,5.0,7.0,1.0,1.0,5.0,4.0,6.0,1.0,1.0,6.8,6.0,7.0,0.7999999999999998,0.20000000000000018,0.0,0.0,0.0,0.0,0.0,4.0,4.0,4.0,0.0,0.0,0.0,0.0,0.0,0.0,0.0,4.0,4.0,4.0,0.0,0.0
20,4,18,5,0.2,0.2,0.3,dense,True,20,20,20,4,20,5,18,TPA max-token phrase baseline,validity_full_harmful_sequence_per_prompt,radius_derived,5,"0,10,20,30,40",0.0,0.0,0.0,0.0,0.0,1.0,1.0,1.0,0.0,0.0,5.95,5.25,6.75,0.7000000000000002,0.7999999999999998,6.0,5.0,7.0,1.0,1.0,5.0,4.0,6.0,1.0,1.0,6.8,6.0,7.0,0.7999999999999998,0.20000000000000018,0.0,0.0,0.0,0.0,0.0,4.0,4.0,4.0,0.0,0.0,0.0,0.0,0.0,0.0,0.0,4.0,4.0,4.0,0.0,0.0
20,4,18,5,0.2,0.2,0.3,dense,True,20,20,20,4,20,5,19,TPA max-token phrase baseline,validity_full_harmful_sequence_per_prompt,radius_derived,5,"0,10,20,30,40",0.0,0.0,0.0,0.0,0.0,1.0,1.0,1.0,0.0,0.0,5.95,5.25,6.75,0.7000000000000002,0.7999999999999998,6.0,5.0,7.0,1.0,1.0,5.0,4.0,6.0,1.0,1.0,6.8,6.0,7.0,0.7999999999999998,0.20000000000000018,0.0,0.0,0.0,0.0,0.0,4.0,4.0,4.0,0.0,0.0,0.0,0.0,0.0,0.0,0.0,4.0,4.0,4.0,0.0,0.0
20,4,18,5,0.2,0.2,0.3,dense,True,20,20,20,4,20,5,20,TPA max-token phrase baseline,validity_full_harmful_sequence_per_prompt,radius_derived,5,"0,10,20,30,40",0.0,0.0,0.0,0.0,0.0,1.0,1.0,1.0,0.0,0.0,5.95,5.25,6.75,0.7000000000000002,0.7999999999999998,6.0,5.0,7.0,1.0,1.0,5.0,4.0,6.0,1.0,1.0,6.8,6.0,7.0,0.7999999999999998,0.20000000000000018,0.0,0.0,0.0,0.0,0.0,4.0,4.0,4.0,0.0,0.0,0.0,0.0,0.0,0.0,0.0,4.0,4.0,4.0,0.0,0.0
20,4,18,5,0.2,0.2,0.3,dense,True,20,20,20,4,20,5,0,Shared MILP,validity_full_harmful_sequence_per_prompt,radius_derived,5,"0,10,20,30,40",1.0,1.0,1.0,0.0,0.0,0.0,0.0,0.0,0.0,0.0,6.25,5.5,6.75,0.75,0.5,6.3,5.5,7.0,0.7999999999999998,0.7000000000000002,5.6,5.0,6.0,0.5999999999999996,0.40000000000000036,6.8,6.0,7.0,0.7999999999999998,0.20000000000000018,4.0,4.0,4.0,0.0,0.0,4.0,4.0,4.0,0.0,0.0,0.0,0.0,0.0,0.0,0.0,4.0,4.0,4.0,0.0,0.0
20,4,18,5,0.2,0.2,0.3,dense,True,20,20,20,4,20,5,1,Shared MILP,validity_full_harmful_sequence_per_prompt,radius_derived,5,"0,10,20,30,40",1.0,1.0,1.0,0.0,0.0,0.0,0.0,0.0,0.0,0.0,6.25,5.5,6.75,0.75,0.5,6.3,5.5,7.0,0.7999999999999998,0.7000000000000002,5.6,5.0,6.0,0.5999999999999996,0.40000000000000036,6.8,6.0,7.0,0.7999999999999998,0.20000000000000018,4.0,4.0,4.0,0.0,0.0,4.0,4.0,4.0,0.0,0.0,0.0,0.0,0.0,0.0,0.0,4.0,4.0,4.0,0.0,0.0
20,4,18,5,0.2,0.2,0.3,dense,True,20,20,20,4,20,5,2,Shared MILP,validity_full_harmful_sequence_per_prompt,radius_derived,5,"0,10,20,30,40",1.0,1.0,1.0,0.0,0.0,0.0,0.0,0.0,0.0,0.0,6.25,5.5,6.75,0.75,0.5,6.3,5.5,7.0,0.7999999999999998,0.7000000000000002,5.6,5.0,6.0,0.5999999999999996,0.40000000000000036,6.8,6.0,7.0,0.7999999999999998,0.20000000000000018,4.0,4.0,4.0,0.0,0.0,4.0,4.0,4.0,0.0,0.0,0.0,0.0,0.0,0.0,0.0,4.0,4.0,4.0,0.0,0.0
20,4,18,5,0.2,0.2,0.3,dense,True,20,20,20,4,20,5,3,Shared MILP,validity_full_harmful_sequence_per_prompt,radius_derived,5,"0,10,20,30,40",1.0,1.0,1.0,0.0,0.0,0.0,0.0,0.0,0.0,0.0,6.25,5.5,6.75,0.75,0.5,6.3,5.5,7.0,0.7999999999999998,0.7000000000000002,5.6,5.0,6.0,0.5999999999999996,0.40000000000000036,6.8,6.0,7.0,0.7999999999999998,0.20000000000000018,4.0,4.0,4.0,0.0,0.0,4.0,4.0,4.0,0.0,0.0,0.0,0.0,0.0,0.0,0.0,4.0,4.0,4.0,0.0,0.0
20,4,18,5,0.2,0.2,0.3,dense,True,20,20,20,4,20,5,4,Shared MILP,validity_full_harmful_sequence_per_prompt,radius_derived,5,"0,10,20,30,40",1.0,1.0,1.0,0.0,0.0,0.0,0.0,0.0,0.0,0.0,6.25,5.5,6.75,0.75,0.5,6.3,5.5,7.0,0.7999999999999998,0.7000000000000002,5.6,5.0,6.0,0.5999999999999996,0.40000000000000036,6.8,6.0,7.0,0.7999999999999998,0.20000000000000018,4.0,4.0,4.0,0.0,0.0,4.0,4.0,4.0,0.0,0.0,0.0,0.0,0.0,0.0,0.0,4.0,4.0,4.0,0.0,0.0
20,4,18,5,0.2,0.2,0.3,dense,True,20,20,20,4,20,5,5,Shared MILP,validity_full_harmful_sequence_per_prompt,radius_derived,5,"0,10,20,30,40",0.85,0.5,1.0,0.35,0.15000000000000002,0.15,0.0,0.5,0.15,0.35,6.25,5.5,6.75,0.75,0.5,6.3,5.5,7.0,0.7999999999999998,0.7000000000000002,5.6,5.0,6.0,0.5999999999999996,0.40000000000000036,6.8,6.0,7.0,0.7999999999999998,0.20000000000000018,3.4,2.0,4.0,1.4,0.6000000000000001,4.0,4.0,4.0,0.0,0.0,0.0,0.0,0.0,0.0,0.0,4.0,4.0,4.0,0.0,0.0
20,4,18,5,0.2,0.2,0.3,dense,True,20,20,20,4,20,5,6,Shared MILP,validity_full_harmful_sequence_per_prompt,radius_derived,5,"0,10,20,30,40",0.4,0.0,0.75,0.4,0.35,0.6,0.25,1.0,0.35,0.4,6.25,5.5,6.75,0.75,0.5,6.3,5.5,7.0,0.7999999999999998,0.7000000000000002,5.6,5.0,6.0,0.5999999999999996,0.40000000000000036,6.8,6.0,7.0,0.7999999999999998,0.20000000000000018,1.6,0.0,3.0,1.6,1.4,4.0,4.0,4.0,0.0,0.0,0.0,0.0,0.0,0.0,0.0,4.0,4.0,4.0,0.0,0.0
20,4,18,5,0.2,0.2,0.3,dense,True,20,20,20,4,20,5,7,Shared MILP,validity_full_harmful_sequence_per_prompt,radius_derived,5,"0,10,20,30,40",0.0,0.0,0.0,0.0,0.0,1.0,1.0,1.0,0.0,0.0,6.25,5.5,6.75,0.75,0.5,6.3,5.5,7.0,0.7999999999999998,0.7000000000000002,5.6,5.0,6.0,0.5999999999999996,0.40000000000000036,6.8,6.0,7.0,0.7999999999999998,0.20000000000000018,0.0,0.0,0.0,0.0,0.0,4.0,4.0,4.0,0.0,0.0,0.0,0.0,0.0,0.0,0.0,4.0,4.0,4.0,0.0,0.0
20,4,18,5,0.2,0.2,0.3,dense,True,20,20,20,4,20,5,8,Shared MILP,validity_full_harmful_sequence_per_prompt,radius_derived,5,"0,10,20,30,40",0.0,0.0,0.0,0.0,0.0,1.0,1.0,1.0,0.0,0.0,6.25,5.5,6.75,0.75,0.5,6.3,5.5,7.0,0.7999999999999998,0.7000000000000002,5.6,5.0,6.0,0.5999999999999996,0.40000000000000036,6.8,6.0,7.0,0.7999999999999998,0.20000000000000018,0.0,0.0,0.0,0.0,0.0,4.0,4.0,4.0,0.0,0.0,0.0,0.0,0.0,0.0,0.0,4.0,4.0,4.0,0.0,0.0
20,4,18,5,0.2,0.2,0.3,dense,True,20,20,20,4,20,5,9,Shared MILP,validity_full_harmful_sequence_per_prompt,radius_derived,5,"0,10,20,30,40",0.0,0.0,0.0,0.0,0.0,1.0,1.0,1.0,0.0,0.0,6.25,5.5,6.75,0.75,0.5,6.3,5.5,7.0,0.7999999999999998,0.7000000000000002,5.6,5.0,6.0,0.5999999999999996,0.40000000000000036,6.8,6.0,7.0,0.7999999999999998,0.20000000000000018,0.0,0.0,0.0,0.0,0.0,4.0,4.0,4.0,0.0,0.0,0.0,0.0,0.0,0.0,0.0,4.0,4.0,4.0,0.0,0.0
20,4,18,5,0.2,0.2,0.3,dense,True,20,20,20,4,20,5,10,Shared MILP,validity_full_harmful_sequence_per_prompt,radius_derived,5,"0,10,20,30,40",0.0,0.0,0.0,0.0,0.0,1.0,1.0,1.0,0.0,0.0,6.25,5.5,6.75,0.75,0.5,6.3,5.5,7.0,0.7999999999999998,0.7000000000000002,5.6,5.0,6.0,0.5999999999999996,0.40000000000000036,6.8,6.0,7.0,0.7999999999999998,0.20000000000000018,0.0,0.0,0.0,0.0,0.0,4.0,4.0,4.0,0.0,0.0,0.0,0.0,0.0,0.0,0.0,4.0,4.0,4.0,0.0,0.0
20,4,18,5,0.2,0.2,0.3,dense,True,20,20,20,4,20,5,11,Shared MILP,validity_full_harmful_sequence_per_prompt,radius_derived,5,"0,10,20,30,40",0.0,0.0,0.0,0.0,0.0,1.0,1.0,1.0,0.0,0.0,6.25,5.5,6.75,0.75,0.5,6.3,5.5,7.0,0.7999999999999998,0.7000000000000002,5.6,5.0,6.0,0.5999999999999996,0.40000000000000036,6.8,6.0,7.0,0.7999999999999998,0.20000000000000018,0.0,0.0,0.0,0.0,0.0,4.0,4.0,4.0,0.0,0.0,0.0,0.0,0.0,0.0,0.0,4.0,4.0,4.0,0.0,0.0
20,4,18,5,0.2,0.2,0.3,dense,True,20,20,20,4,20,5,12,Shared MILP,validity_full_harmful_sequence_per_prompt,radius_derived,5,"0,10,20,30,40",0.0,0.0,0.0,0.0,0.0,1.0,1.0,1.0,0.0,0.0,6.25,5.5,6.75,0.75,0.5,6.3,5.5,7.0,0.7999999999999998,0.7000000000000002,5.6,5.0,6.0,0.5999999999999996,0.40000000000000036,6.8,6.0,7.0,0.7999999999999998,0.20000000000000018,0.0,0.0,0.0,0.0,0.0,4.0,4.0,4.0,0.0,0.0,0.0,0.0,0.0,0.0,0.0,4.0,4.0,4.0,0.0,0.0
20,4,18,5,0.2,0.2,0.3,dense,True,20,20,20,4,20,5,13,Shared MILP,validity_full_harmful_sequence_per_prompt,radius_derived,5,"0,10,20,30,40",0.0,0.0,0.0,0.0,0.0,1.0,1.0,1.0,0.0,0.0,6.25,5.5,6.75,0.75,0.5,6.3,5.5,7.0,0.7999999999999998,0.7000000000000002,5.6,5.0,6.0,0.5999999999999996,0.40000000000000036,6.8,6.0,7.0,0.7999999999999998,0.20000000000000018,0.0,0.0,0.0,0.0,0.0,4.0,4.0,4.0,0.0,0.0,0.0,0.0,0.0,0.0,0.0,4.0,4.0,4.0,0.0,0.0
20,4,18,5,0.2,0.2,0.3,dense,True,20,20,20,4,20,5,14,Shared MILP,validity_full_harmful_sequence_per_prompt,radius_derived,5,"0,10,20,30,40",0.0,0.0,0.0,0.0,0.0,1.0,1.0,1.0,0.0,0.0,6.25,5.5,6.75,0.75,0.5,6.3,5.5,7.0,0.7999999999999998,0.7000000000000002,5.6,5.0,6.0,0.5999999999999996,0.40000000000000036,6.8,6.0,7.0,0.7999999999999998,0.20000000000000018,0.0,0.0,0.0,0.0,0.0,4.0,4.0,4.0,0.0,0.0,0.0,0.0,0.0,0.0,0.0,4.0,4.0,4.0,0.0,0.0
20,4,18,5,0.2,0.2,0.3,dense,True,20,20,20,4,20,5,15,Shared MILP,validity_full_harmful_sequence_per_prompt,radius_derived,5,"0,10,20,30,40",0.0,0.0,0.0,0.0,0.0,1.0,1.0,1.0,0.0,0.0,6.25,5.5,6.75,0.75,0.5,6.3,5.5,7.0,0.7999999999999998,0.7000000000000002,5.6,5.0,6.0,0.5999999999999996,0.40000000000000036,6.8,6.0,7.0,0.7999999999999998,0.20000000000000018,0.0,0.0,0.0,0.0,0.0,4.0,4.0,4.0,0.0,0.0,0.0,0.0,0.0,0.0,0.0,4.0,4.0,4.0,0.0,0.0
20,4,18,5,0.2,0.2,0.3,dense,True,20,20,20,4,20,5,16,Shared MILP,validity_full_harmful_sequence_per_prompt,radius_derived,5,"0,10,20,30,40",0.0,0.0,0.0,0.0,0.0,1.0,1.0,1.0,0.0,0.0,6.25,5.5,6.75,0.75,0.5,6.3,5.5,7.0,0.7999999999999998,0.7000000000000002,5.6,5.0,6.0,0.5999999999999996,0.40000000000000036,6.8,6.0,7.0,0.7999999999999998,0.20000000000000018,0.0,0.0,0.0,0.0,0.0,4.0,4.0,4.0,0.0,0.0,0.0,0.0,0.0,0.0,0.0,4.0,4.0,4.0,0.0,0.0
20,4,18,5,0.2,0.2,0.3,dense,True,20,20,20,4,20,5,17,Shared MILP,validity_full_harmful_sequence_per_prompt,radius_derived,5,"0,10,20,30,40",0.0,0.0,0.0,0.0,0.0,1.0,1.0,1.0,0.0,0.0,6.25,5.5,6.75,0.75,0.5,6.3,5.5,7.0,0.7999999999999998,0.7000000000000002,5.6,5.0,6.0,0.5999999999999996,0.40000000000000036,6.8,6.0,7.0,0.7999999999999998,0.20000000000000018,0.0,0.0,0.0,0.0,0.0,4.0,4.0,4.0,0.0,0.0,0.0,0.0,0.0,0.0,0.0,4.0,4.0,4.0,0.0,0.0
20,4,18,5,0.2,0.2,0.3,dense,True,20,20,20,4,20,5,18,Shared MILP,validity_full_harmful_sequence_per_prompt,radius_derived,5,"0,10,20,30,40",0.0,0.0,0.0,0.0,0.0,1.0,1.0,1.0,0.0,0.0,6.25,5.5,6.75,0.75,0.5,6.3,5.5,7.0,0.7999999999999998,0.7000000000000002,5.6,5.0,6.0,0.5999999999999996,0.40000000000000036,6.8,6.0,7.0,0.7999999999999998,0.20000000000000018,0.0,0.0,0.0,0.0,0.0,4.0,4.0,4.0,0.0,0.0,0.0,0.0,0.0,0.0,0.0,4.0,4.0,4.0,0.0,0.0
20,4,18,5,0.2,0.2,0.3,dense,True,20,20,20,4,20,5,19,Shared MILP,validity_full_harmful_sequence_per_prompt,radius_derived,5,"0,10,20,30,40",0.0,0.0,0.0,0.0,0.0,1.0,1.0,1.0,0.0,0.0,6.25,5.5,6.75,0.75,0.5,6.3,5.5,7.0,0.7999999999999998,0.7000000000000002,5.6,5.0,6.0,0.5999999999999996,0.40000000000000036,6.8,6.0,7.0,0.7999999999999998,0.20000000000000018,0.0,0.0,0.0,0.0,0.0,4.0,4.0,4.0,0.0,0.0,0.0,0.0,0.0,0.0,0.0,4.0,4.0,4.0,0.0,0.0
20,4,18,5,0.2,0.2,0.3,dense,True,20,20,20,4,20,5,20,Shared MILP,validity_full_harmful_sequence_per_prompt,radius_derived,5,"0,10,20,30,40",0.0,0.0,0.0,0.0,0.0,1.0,1.0,1.0,0.0,0.0,6.25,5.5,6.75,0.75,0.5,6.3,5.5,7.0,0.7999999999999998,0.7000000000000002,5.6,5.0,6.0,0.5999999999999996,0.40000000000000036,6.8,6.0,7.0,0.7999999999999998,0.20000000000000018,0.0,0.0,0.0,0.0,0.0,4.0,4.0,4.0,0.0,0.0,0.0,0.0,0.0,0.0,0.0,4.0,4.0,4.0,0.0,0.0
20,4,18,5,0.2,0.2,0.3,dense,True,20,20,20,4,20,5,0,Atomic phrase aggregation,validity_full_harmful_sequence_per_prompt,radius_derived,5,"0,10,20,30,40",1.0,1.0,1.0,0.0,0.0,0.0,0.0,0.0,0.0,0.0,1.0,1.0,1.0,0.0,0.0,1.0,1.0,1.0,0.0,0.0,1.0,1.0,1.0,0.0,0.0,1.0,1.0,1.0,0.0,0.0,4.0,4.0,4.0,0.0,0.0,4.0,4.0,4.0,0.0,0.0,0.0,0.0,0.0,0.0,0.0,4.0,4.0,4.0,0.0,0.0
20,4,18,5,0.2,0.2,0.3,dense,True,20,20,20,4,20,5,1,Atomic phrase aggregation,validity_full_harmful_sequence_per_prompt,radius_derived,5,"0,10,20,30,40",0.0,0.0,0.0,0.0,0.0,1.0,1.0,1.0,0.0,0.0,1.0,1.0,1.0,0.0,0.0,1.0,1.0,1.0,0.0,0.0,1.0,1.0,1.0,0.0,0.0,1.0,1.0,1.0,0.0,0.0,0.0,0.0,0.0,0.0,0.0,4.0,4.0,4.0,0.0,0.0,0.0,0.0,0.0,0.0,0.0,4.0,4.0,4.0,0.0,0.0
20,4,18,5,0.2,0.2,0.3,dense,True,20,20,20,4,20,5,2,Atomic phrase aggregation,validity_full_harmful_sequence_per_prompt,radius_derived,5,"0,10,20,30,40",0.0,0.0,0.0,0.0,0.0,1.0,1.0,1.0,0.0,0.0,1.0,1.0,1.0,0.0,0.0,1.0,1.0,1.0,0.0,0.0,1.0,1.0,1.0,0.0,0.0,1.0,1.0,1.0,0.0,0.0,0.0,0.0,0.0,0.0,0.0,4.0,4.0,4.0,0.0,0.0,0.0,0.0,0.0,0.0,0.0,4.0,4.0,4.0,0.0,0.0
20,4,18,5,0.2,0.2,0.3,dense,True,20,20,20,4,20,5,3,Atomic phrase aggregation,validity_full_harmful_sequence_per_prompt,radius_derived,5,"0,10,20,30,40",0.0,0.0,0.0,0.0,0.0,1.0,1.0,1.0,0.0,0.0,1.0,1.0,1.0,0.0,0.0,1.0,1.0,1.0,0.0,0.0,1.0,1.0,1.0,0.0,0.0,1.0,1.0,1.0,0.0,0.0,0.0,0.0,0.0,0.0,0.0,4.0,4.0,4.0,0.0,0.0,0.0,0.0,0.0,0.0,0.0,4.0,4.0,4.0,0.0,0.0
20,4,18,5,0.2,0.2,0.3,dense,True,20,20,20,4,20,5,4,Atomic phrase aggregation,validity_full_harmful_sequence_per_prompt,radius_derived,5,"0,10,20,30,40",0.0,0.0,0.0,0.0,0.0,1.0,1.0,1.0,0.0,0.0,1.0,1.0,1.0,0.0,0.0,1.0,1.0,1.0,0.0,0.0,1.0,1.0,1.0,0.0,0.0,1.0,1.0,1.0,0.0,0.0,0.0,0.0,0.0,0.0,0.0,4.0,4.0,4.0,0.0,0.0,0.0,0.0,0.0,0.0,0.0,4.0,4.0,4.0,0.0,0.0
20,4,18,5,0.2,0.2,0.3,dense,True,20,20,20,4,20,5,5,Atomic phrase aggregation,validity_full_harmful_sequence_per_prompt,radius_derived,5,"0,10,20,30,40",0.0,0.0,0.0,0.0,0.0,1.0,1.0,1.0,0.0,0.0,1.0,1.0,1.0,0.0,0.0,1.0,1.0,1.0,0.0,0.0,1.0,1.0,1.0,0.0,0.0,1.0,1.0,1.0,0.0,0.0,0.0,0.0,0.0,0.0,0.0,4.0,4.0,4.0,0.0,0.0,0.0,0.0,0.0,0.0,0.0,4.0,4.0,4.0,0.0,0.0
20,4,18,5,0.2,0.2,0.3,dense,True,20,20,20,4,20,5,6,Atomic phrase aggregation,validity_full_harmful_sequence_per_prompt,radius_derived,5,"0,10,20,30,40",0.0,0.0,0.0,0.0,0.0,1.0,1.0,1.0,0.0,0.0,1.0,1.0,1.0,0.0,0.0,1.0,1.0,1.0,0.0,0.0,1.0,1.0,1.0,0.0,0.0,1.0,1.0,1.0,0.0,0.0,0.0,0.0,0.0,0.0,0.0,4.0,4.0,4.0,0.0,0.0,0.0,0.0,0.0,0.0,0.0,4.0,4.0,4.0,0.0,0.0
20,4,18,5,0.2,0.2,0.3,dense,True,20,20,20,4,20,5,7,Atomic phrase aggregation,validity_full_harmful_sequence_per_prompt,radius_derived,5,"0,10,20,30,40",0.0,0.0,0.0,0.0,0.0,1.0,1.0,1.0,0.0,0.0,1.0,1.0,1.0,0.0,0.0,1.0,1.0,1.0,0.0,0.0,1.0,1.0,1.0,0.0,0.0,1.0,1.0,1.0,0.0,0.0,0.0,0.0,0.0,0.0,0.0,4.0,4.0,4.0,0.0,0.0,0.0,0.0,0.0,0.0,0.0,4.0,4.0,4.0,0.0,0.0
20,4,18,5,0.2,0.2,0.3,dense,True,20,20,20,4,20,5,8,Atomic phrase aggregation,validity_full_harmful_sequence_per_prompt,radius_derived,5,"0,10,20,30,40",0.0,0.0,0.0,0.0,0.0,1.0,1.0,1.0,0.0,0.0,1.0,1.0,1.0,0.0,0.0,1.0,1.0,1.0,0.0,0.0,1.0,1.0,1.0,0.0,0.0,1.0,1.0,1.0,0.0,0.0,0.0,0.0,0.0,0.0,0.0,4.0,4.0,4.0,0.0,0.0,0.0,0.0,0.0,0.0,0.0,4.0,4.0,4.0,0.0,0.0
20,4,18,5,0.2,0.2,0.3,dense,True,20,20,20,4,20,5,9,Atomic phrase aggregation,validity_full_harmful_sequence_per_prompt,radius_derived,5,"0,10,20,30,40",0.0,0.0,0.0,0.0,0.0,1.0,1.0,1.0,0.0,0.0,1.0,1.0,1.0,0.0,0.0,1.0,1.0,1.0,0.0,0.0,1.0,1.0,1.0,0.0,0.0,1.0,1.0,1.0,0.0,0.0,0.0,0.0,0.0,0.0,0.0,4.0,4.0,4.0,0.0,0.0,0.0,0.0,0.0,0.0,0.0,4.0,4.0,4.0,0.0,0.0
20,4,18,5,0.2,0.2,0.3,dense,True,20,20,20,4,20,5,10,Atomic phrase aggregation,validity_full_harmful_sequence_per_prompt,radius_derived,5,"0,10,20,30,40",0.0,0.0,0.0,0.0,0.0,1.0,1.0,1.0,0.0,0.0,1.0,1.0,1.0,0.0,0.0,1.0,1.0,1.0,0.0,0.0,1.0,1.0,1.0,0.0,0.0,1.0,1.0,1.0,0.0,0.0,0.0,0.0,0.0,0.0,0.0,4.0,4.0,4.0,0.0,0.0,0.0,0.0,0.0,0.0,0.0,4.0,4.0,4.0,0.0,0.0
20,4,18,5,0.2,0.2,0.3,dense,True,20,20,20,4,20,5,11,Atomic phrase aggregation,validity_full_harmful_sequence_per_prompt,radius_derived,5,"0,10,20,30,40",0.0,0.0,0.0,0.0,0.0,1.0,1.0,1.0,0.0,0.0,1.0,1.0,1.0,0.0,0.0,1.0,1.0,1.0,0.0,0.0,1.0,1.0,1.0,0.0,0.0,1.0,1.0,1.0,0.0,0.0,0.0,0.0,0.0,0.0,0.0,4.0,4.0,4.0,0.0,0.0,0.0,0.0,0.0,0.0,0.0,4.0,4.0,4.0,0.0,0.0
20,4,18,5,0.2,0.2,0.3,dense,True,20,20,20,4,20,5,12,Atomic phrase aggregation,validity_full_harmful_sequence_per_prompt,radius_derived,5,"0,10,20,30,40",0.0,0.0,0.0,0.0,0.0,1.0,1.0,1.0,0.0,0.0,1.0,1.0,1.0,0.0,0.0,1.0,1.0,1.0,0.0,0.0,1.0,1.0,1.0,0.0,0.0,1.0,1.0,1.0,0.0,0.0,0.0,0.0,0.0,0.0,0.0,4.0,4.0,4.0,0.0,0.0,0.0,0.0,0.0,0.0,0.0,4.0,4.0,4.0,0.0,0.0
20,4,18,5,0.2,0.2,0.3,dense,True,20,20,20,4,20,5,13,Atomic phrase aggregation,validity_full_harmful_sequence_per_prompt,radius_derived,5,"0,10,20,30,40",0.0,0.0,0.0,0.0,0.0,1.0,1.0,1.0,0.0,0.0,1.0,1.0,1.0,0.0,0.0,1.0,1.0,1.0,0.0,0.0,1.0,1.0,1.0,0.0,0.0,1.0,1.0,1.0,0.0,0.0,0.0,0.0,0.0,0.0,0.0,4.0,4.0,4.0,0.0,0.0,0.0,0.0,0.0,0.0,0.0,4.0,4.0,4.0,0.0,0.0
20,4,18,5,0.2,0.2,0.3,dense,True,20,20,20,4,20,5,14,Atomic phrase aggregation,validity_full_harmful_sequence_per_prompt,radius_derived,5,"0,10,20,30,40",0.0,0.0,0.0,0.0,0.0,1.0,1.0,1.0,0.0,0.0,1.0,1.0,1.0,0.0,0.0,1.0,1.0,1.0,0.0,0.0,1.0,1.0,1.0,0.0,0.0,1.0,1.0,1.0,0.0,0.0,0.0,0.0,0.0,0.0,0.0,4.0,4.0,4.0,0.0,0.0,0.0,0.0,0.0,0.0,0.0,4.0,4.0,4.0,0.0,0.0
20,4,18,5,0.2,0.2,0.3,dense,True,20,20,20,4,20,5,15,Atomic phrase aggregation,validity_full_harmful_sequence_per_prompt,radius_derived,5,"0,10,20,30,40",0.0,0.0,0.0,0.0,0.0,1.0,1.0,1.0,0.0,0.0,1.0,1.0,1.0,0.0,0.0,1.0,1.0,1.0,0.0,0.0,1.0,1.0,1.0,0.0,0.0,1.0,1.0,1.0,0.0,0.0,0.0,0.0,0.0,0.0,0.0,4.0,4.0,4.0,0.0,0.0,0.0,0.0,0.0,0.0,0.0,4.0,4.0,4.0,0.0,0.0
20,4,18,5,0.2,0.2,0.3,dense,True,20,20,20,4,20,5,16,Atomic phrase aggregation,validity_full_harmful_sequence_per_prompt,radius_derived,5,"0,10,20,30,40",0.0,0.0,0.0,0.0,0.0,1.0,1.0,1.0,0.0,0.0,1.0,1.0,1.0,0.0,0.0,1.0,1.0,1.0,0.0,0.0,1.0,1.0,1.0,0.0,0.0,1.0,1.0,1.0,0.0,0.0,0.0,0.0,0.0,0.0,0.0,4.0,4.0,4.0,0.0,0.0,0.0,0.0,0.0,0.0,0.0,4.0,4.0,4.0,0.0,0.0
20,4,18,5,0.2,0.2,0.3,dense,True,20,20,20,4,20,5,17,Atomic phrase aggregation,validity_full_harmful_sequence_per_prompt,radius_derived,5,"0,10,20,30,40",0.0,0.0,0.0,0.0,0.0,1.0,1.0,1.0,0.0,0.0,1.0,1.0,1.0,0.0,0.0,1.0,1.0,1.0,0.0,0.0,1.0,1.0,1.0,0.0,0.0,1.0,1.0,1.0,0.0,0.0,0.0,0.0,0.0,0.0,0.0,4.0,4.0,4.0,0.0,0.0,0.0,0.0,0.0,0.0,0.0,4.0,4.0,4.0,0.0,0.0
20,4,18,5,0.2,0.2,0.3,dense,True,20,20,20,4,20,5,18,Atomic phrase aggregation,validity_full_harmful_sequence_per_prompt,radius_derived,5,"0,10,20,30,40",0.0,0.0,0.0,0.0,0.0,1.0,1.0,1.0,0.0,0.0,1.0,1.0,1.0,0.0,0.0,1.0,1.0,1.0,0.0,0.0,1.0,1.0,1.0,0.0,0.0,1.0,1.0,1.0,0.0,0.0,0.0,0.0,0.0,0.0,0.0,4.0,4.0,4.0,0.0,0.0,0.0,0.0,0.0,0.0,0.0,4.0,4.0,4.0,0.0,0.0
20,4,18,5,0.2,0.2,0.3,dense,True,20,20,20,4,20,5,19,Atomic phrase aggregation,validity_full_harmful_sequence_per_prompt,radius_derived,5,"0,10,20,30,40",0.0,0.0,0.0,0.0,0.0,1.0,1.0,1.0,0.0,0.0,1.0,1.0,1.0,0.0,0.0,1.0,1.0,1.0,0.0,0.0,1.0,1.0,1.0,0.0,0.0,1.0,1.0,1.0,0.0,0.0,0.0,0.0,0.0,0.0,0.0,4.0,4.0,4.0,0.0,0.0,0.0,0.0,0.0,0.0,0.0,4.0,4.0,4.0,0.0,0.0
20,4,18,5,0.2,0.2,0.3,dense,True,20,20,20,4,20,5,20,Atomic phrase aggregation,validity_full_harmful_sequence_per_prompt,radius_derived,5,"0,10,20,30,40",0.0,0.0,0.0,0.0,0.0,1.0,1.0,1.0,0.0,0.0,1.0,1.0,1.0,0.0,0.0,1.0,1.0,1.0,0.0,0.0,1.0,1.0,1.0,0.0,0.0,1.0,1.0,1.0,0.0,0.0,0.0,0.0,0.0,0.0,0.0,4.0,4.0,4.0,0.0,0.0,0.0,0.0,0.0,0.0,0.0,4.0,4.0,4.0,0.0,0.0
20,4,18,5,0.2,0.2,0.3,dense,True,20,20,20,4,20,5,0,Independent shard-aware composition diagnostic,validity_full_harmful_sequence_per_prompt,radius_derived,5,"0,10,20,30,40",1.0,1.0,1.0,0.0,0.0,0.0,0.0,0.0,0.0,0.0,47.15,42.75,53.0,4.399999999999999,5.850000000000001,45.5,41.0,50.5,4.5,5.0,42.2,36.0,47.0,6.200000000000003,4.799999999999997,55.4,49.0,64.0,6.399999999999999,8.600000000000001,4.0,4.0,4.0,0.0,0.0,4.0,4.0,4.0,0.0,0.0,0.0,0.0,0.0,0.0,0.0,4.0,4.0,4.0,0.0,0.0
20,4,18,5,0.2,0.2,0.3,dense,True,20,20,20,4,20,5,1,Independent shard-aware composition diagnostic,validity_full_harmful_sequence_per_prompt,radius_derived,5,"0,10,20,30,40",1.0,1.0,1.0,0.0,0.0,0.0,0.0,0.0,0.0,0.0,47.15,42.75,53.0,4.399999999999999,5.850000000000001,45.5,41.0,50.5,4.5,5.0,42.2,36.0,47.0,6.200000000000003,4.799999999999997,55.4,49.0,64.0,6.399999999999999,8.600000000000001,4.0,4.0,4.0,0.0,0.0,4.0,4.0,4.0,0.0,0.0,0.0,0.0,0.0,0.0,0.0,4.0,4.0,4.0,0.0,0.0
20,4,18,5,0.2,0.2,0.3,dense,True,20,20,20,4,20,5,2,Independent shard-aware composition diagnostic,validity_full_harmful_sequence_per_prompt,radius_derived,5,"0,10,20,30,40",1.0,1.0,1.0,0.0,0.0,0.0,0.0,0.0,0.0,0.0,47.15,42.75,53.0,4.399999999999999,5.850000000000001,45.5,41.0,50.5,4.5,5.0,42.2,36.0,47.0,6.200000000000003,4.799999999999997,55.4,49.0,64.0,6.399999999999999,8.600000000000001,4.0,4.0,4.0,0.0,0.0,4.0,4.0,4.0,0.0,0.0,0.0,0.0,0.0,0.0,0.0,4.0,4.0,4.0,0.0,0.0
20,4,18,5,0.2,0.2,0.3,dense,True,20,20,20,4,20,5,3,Independent shard-aware composition diagnostic,validity_full_harmful_sequence_per_prompt,radius_derived,5,"0,10,20,30,40",1.0,1.0,1.0,0.0,0.0,0.0,0.0,0.0,0.0,0.0,47.15,42.75,53.0,4.399999999999999,5.850000000000001,45.5,41.0,50.5,4.5,5.0,42.2,36.0,47.0,6.200000000000003,4.799999999999997,55.4,49.0,64.0,6.399999999999999,8.600000000000001,4.0,4.0,4.0,0.0,0.0,4.0,4.0,4.0,0.0,0.0,0.0,0.0,0.0,0.0,0.0,4.0,4.0,4.0,0.0,0.0
20,4,18,5,0.2,0.2,0.3,dense,True,20,20,20,4,20,5,4,Independent shard-aware composition diagnostic,validity_full_harmful_sequence_per_prompt,radius_derived,5,"0,10,20,30,40",1.0,1.0,1.0,0.0,0.0,0.0,0.0,0.0,0.0,0.0,47.15,42.75,53.0,4.399999999999999,5.850000000000001,45.5,41.0,50.5,4.5,5.0,42.2,36.0,47.0,6.200000000000003,4.799999999999997,55.4,49.0,64.0,6.399999999999999,8.600000000000001,4.0,4.0,4.0,0.0,0.0,4.0,4.0,4.0,0.0,0.0,0.0,0.0,0.0,0.0,0.0,4.0,4.0,4.0,0.0,0.0
20,4,18,5,0.2,0.2,0.3,dense,True,20,20,20,4,20,5,5,Independent shard-aware composition diagnostic,validity_full_harmful_sequence_per_prompt,radius_derived,5,"0,10,20,30,40",1.0,1.0,1.0,0.0,0.0,0.0,0.0,0.0,0.0,0.0,47.15,42.75,53.0,4.399999999999999,5.850000000000001,45.5,41.0,50.5,4.5,5.0,42.2,36.0,47.0,6.200000000000003,4.799999999999997,55.4,49.0,64.0,6.399999999999999,8.600000000000001,4.0,4.0,4.0,0.0,0.0,4.0,4.0,4.0,0.0,0.0,0.0,0.0,0.0,0.0,0.0,4.0,4.0,4.0,0.0,0.0
20,4,18,5,0.2,0.2,0.3,dense,True,20,20,20,4,20,5,6,Independent shard-aware composition diagnostic,validity_full_harmful_sequence_per_prompt,radius_derived,5,"0,10,20,30,40",1.0,1.0,1.0,0.0,0.0,0.0,0.0,0.0,0.0,0.0,47.15,42.75,53.0,4.399999999999999,5.850000000000001,45.5,41.0,50.5,4.5,5.0,42.2,36.0,47.0,6.200000000000003,4.799999999999997,55.4,49.0,64.0,6.399999999999999,8.600000000000001,4.0,4.0,4.0,0.0,0.0,4.0,4.0,4.0,0.0,0.0,0.0,0.0,0.0,0.0,0.0,4.0,4.0,4.0,0.0,0.0
20,4,18,5,0.2,0.2,0.3,dense,True,20,20,20,4,20,5,7,Independent shard-aware composition diagnostic,validity_full_harmful_sequence_per_prompt,radius_derived,5,"0,10,20,30,40",1.0,1.0,1.0,0.0,0.0,0.0,0.0,0.0,0.0,0.0,47.15,42.75,53.0,4.399999999999999,5.850000000000001,45.5,41.0,50.5,4.5,5.0,42.2,36.0,47.0,6.200000000000003,4.799999999999997,55.4,49.0,64.0,6.399999999999999,8.600000000000001,4.0,4.0,4.0,0.0,0.0,4.0,4.0,4.0,0.0,0.0,0.0,0.0,0.0,0.0,0.0,4.0,4.0,4.0,0.0,0.0
20,4,18,5,0.2,0.2,0.3,dense,True,20,20,20,4,20,5,8,Independent shard-aware composition diagnostic,validity_full_harmful_sequence_per_prompt,radius_derived,5,"0,10,20,30,40",1.0,1.0,1.0,0.0,0.0,0.0,0.0,0.0,0.0,0.0,47.15,42.75,53.0,4.399999999999999,5.850000000000001,45.5,41.0,50.5,4.5,5.0,42.2,36.0,47.0,6.200000000000003,4.799999999999997,55.4,49.0,64.0,6.399999999999999,8.600000000000001,4.0,4.0,4.0,0.0,0.0,4.0,4.0,4.0,0.0,0.0,0.0,0.0,0.0,0.0,0.0,4.0,4.0,4.0,0.0,0.0
20,4,18,5,0.2,0.2,0.3,dense,True,20,20,20,4,20,5,9,Independent shard-aware composition diagnostic,validity_full_harmful_sequence_per_prompt,radius_derived,5,"0,10,20,30,40",1.0,1.0,1.0,0.0,0.0,0.0,0.0,0.0,0.0,0.0,47.15,42.75,53.0,4.399999999999999,5.850000000000001,45.5,41.0,50.5,4.5,5.0,42.2,36.0,47.0,6.200000000000003,4.799999999999997,55.4,49.0,64.0,6.399999999999999,8.600000000000001,4.0,4.0,4.0,0.0,0.0,4.0,4.0,4.0,0.0,0.0,0.0,0.0,0.0,0.0,0.0,4.0,4.0,4.0,0.0,0.0
20,4,18,5,0.2,0.2,0.3,dense,True,20,20,20,4,20,5,10,Independent shard-aware composition diagnostic,validity_full_harmful_sequence_per_prompt,radius_derived,5,"0,10,20,30,40",1.0,1.0,1.0,0.0,0.0,0.0,0.0,0.0,0.0,0.0,47.15,42.75,53.0,4.399999999999999,5.850000000000001,45.5,41.0,50.5,4.5,5.0,42.2,36.0,47.0,6.200000000000003,4.799999999999997,55.4,49.0,64.0,6.399999999999999,8.600000000000001,4.0,4.0,4.0,0.0,0.0,4.0,4.0,4.0,0.0,0.0,0.0,0.0,0.0,0.0,0.0,4.0,4.0,4.0,0.0,0.0
20,4,18,5,0.2,0.2,0.3,dense,True,20,20,20,4,20,5,11,Independent shard-aware composition diagnostic,validity_full_harmful_sequence_per_prompt,radius_derived,5,"0,10,20,30,40",1.0,1.0,1.0,0.0,0.0,0.0,0.0,0.0,0.0,0.0,47.15,42.75,53.0,4.399999999999999,5.850000000000001,45.5,41.0,50.5,4.5,5.0,42.2,36.0,47.0,6.200000000000003,4.799999999999997,55.4,49.0,64.0,6.399999999999999,8.600000000000001,4.0,4.0,4.0,0.0,0.0,4.0,4.0,4.0,0.0,0.0,0.0,0.0,0.0,0.0,0.0,4.0,4.0,4.0,0.0,0.0
20,4,18,5,0.2,0.2,0.3,dense,True,20,20,20,4,20,5,12,Independent shard-aware composition diagnostic,validity_full_harmful_sequence_per_prompt,radius_derived,5,"0,10,20,30,40",1.0,1.0,1.0,0.0,0.0,0.0,0.0,0.0,0.0,0.0,47.15,42.75,53.0,4.399999999999999,5.850000000000001,45.5,41.0,50.5,4.5,5.0,42.2,36.0,47.0,6.200000000000003,4.799999999999997,55.4,49.0,64.0,6.399999999999999,8.600000000000001,4.0,4.0,4.0,0.0,0.0,4.0,4.0,4.0,0.0,0.0,0.0,0.0,0.0,0.0,0.0,4.0,4.0,4.0,0.0,0.0
20,4,18,5,0.2,0.2,0.3,dense,True,20,20,20,4,20,5,13,Independent shard-aware composition diagnostic,validity_full_harmful_sequence_per_prompt,radius_derived,5,"0,10,20,30,40",1.0,1.0,1.0,0.0,0.0,0.0,0.0,0.0,0.0,0.0,47.15,42.75,53.0,4.399999999999999,5.850000000000001,45.5,41.0,50.5,4.5,5.0,42.2,36.0,47.0,6.200000000000003,4.799999999999997,55.4,49.0,64.0,6.399999999999999,8.600000000000001,4.0,4.0,4.0,0.0,0.0,4.0,4.0,4.0,0.0,0.0,0.0,0.0,0.0,0.0,0.0,4.0,4.0,4.0,0.0,0.0
20,4,18,5,0.2,0.2,0.3,dense,True,20,20,20,4,20,5,14,Independent shard-aware composition diagnostic,validity_full_harmful_sequence_per_prompt,radius_derived,5,"0,10,20,30,40",1.0,1.0,1.0,0.0,0.0,0.0,0.0,0.0,0.0,0.0,47.15,42.75,53.0,4.399999999999999,5.850000000000001,45.5,41.0,50.5,4.5,5.0,42.2,36.0,47.0,6.200000000000003,4.799999999999997,55.4,49.0,64.0,6.399999999999999,8.600000000000001,4.0,4.0,4.0,0.0,0.0,4.0,4.0,4.0,0.0,0.0,0.0,0.0,0.0,0.0,0.0,4.0,4.0,4.0,0.0,0.0
20,4,18,5,0.2,0.2,0.3,dense,True,20,20,20,4,20,5,15,Independent shard-aware composition diagnostic,validity_full_harmful_sequence_per_prompt,radius_derived,5,"0,10,20,30,40",1.0,1.0,1.0,0.0,0.0,0.0,0.0,0.0,0.0,0.0,47.15,42.75,53.0,4.399999999999999,5.850000000000001,45.5,41.0,50.5,4.5,5.0,42.2,36.0,47.0,6.200000000000003,4.799999999999997,55.4,49.0,64.0,6.399999999999999,8.600000000000001,4.0,4.0,4.0,0.0,0.0,4.0,4.0,4.0,0.0,0.0,0.0,0.0,0.0,0.0,0.0,4.0,4.0,4.0,0.0,0.0
20,4,18,5,0.2,0.2,0.3,dense,True,20,20,20,4,20,5,16,Independent shard-aware composition diagnostic,validity_full_harmful_sequence_per_prompt,radius_derived,5,"0,10,20,30,40",1.0,1.0,1.0,0.0,0.0,0.0,0.0,0.0,0.0,0.0,47.15,42.75,53.0,4.399999999999999,5.850000000000001,45.5,41.0,50.5,4.5,5.0,42.2,36.0,47.0,6.200000000000003,4.799999999999997,55.4,49.0,64.0,6.399999999999999,8.600000000000001,4.0,4.0,4.0,0.0,0.0,4.0,4.0,4.0,0.0,0.0,0.0,0.0,0.0,0.0,0.0,4.0,4.0,4.0,0.0,0.0
20,4,18,5,0.2,0.2,0.3,dense,True,20,20,20,4,20,5,17,Independent shard-aware composition diagnostic,validity_full_harmful_sequence_per_prompt,radius_derived,5,"0,10,20,30,40",1.0,1.0,1.0,0.0,0.0,0.0,0.0,0.0,0.0,0.0,47.15,42.75,53.0,4.399999999999999,5.850000000000001,45.5,41.0,50.5,4.5,5.0,42.2,36.0,47.0,6.200000000000003,4.799999999999997,55.4,49.0,64.0,6.399999999999999,8.600000000000001,4.0,4.0,4.0,0.0,0.0,4.0,4.0,4.0,0.0,0.0,0.0,0.0,0.0,0.0,0.0,4.0,4.0,4.0,0.0,0.0
20,4,18,5,0.2,0.2,0.3,dense,True,20,20,20,4,20,5,18,Independent shard-aware composition diagnostic,validity_full_harmful_sequence_per_prompt,radius_derived,5,"0,10,20,30,40",1.0,1.0,1.0,0.0,0.0,0.0,0.0,0.0,0.0,0.0,47.15,42.75,53.0,4.399999999999999,5.850000000000001,45.5,41.0,50.5,4.5,5.0,42.2,36.0,47.0,6.200000000000003,4.799999999999997,55.4,49.0,64.0,6.399999999999999,8.600000000000001,4.0,4.0,4.0,0.0,0.0,4.0,4.0,4.0,0.0,0.0,0.0,0.0,0.0,0.0,0.0,4.0,4.0,4.0,0.0,0.0
20,4,18,5,0.2,0.2,0.3,dense,True,20,20,20,4,20,5,19,Independent shard-aware composition diagnostic,validity_full_harmful_sequence_per_prompt,radius_derived,5,"0,10,20,30,40",1.0,1.0,1.0,0.0,0.0,0.0,0.0,0.0,0.0,0.0,47.15,42.75,53.0,4.399999999999999,5.850000000000001,45.5,41.0,50.5,4.5,5.0,42.2,36.0,47.0,6.200000000000003,4.799999999999997,55.4,49.0,64.0,6.399999999999999,8.600000000000001,4.0,4.0,4.0,0.0,0.0,4.0,4.0,4.0,0.0,0.0,0.0,0.0,0.0,0.0,0.0,4.0,4.0,4.0,0.0,0.0
20,4,18,5,0.2,0.2,0.3,dense,True,20,20,20,4,20,5,20,Independent shard-aware composition diagnostic,validity_full_harmful_sequence_per_prompt,radius_derived,5,"0,10,20,30,40",1.0,1.0,1.0,0.0,0.0,0.0,0.0,0.0,0.0,0.0,47.15,42.75,53.0,4.399999999999999,5.850000000000001,45.5,41.0,50.5,4.5,5.0,42.2,36.0,47.0,6.200000000000003,4.799999999999997,55.4,49.0,64.0,6.399999999999999,8.600000000000001,4.0,4.0,4.0,0.0,0.0,4.0,4.0,4.0,0.0,0.0,0.0,0.0,0.0,0.0,0.0,4.0,4.0,4.0,0.0,0.0
20,4,20,5,0.2,0.2,0.3,dense,True,20,20,20,4,20,5,0,DPA token margin,full_response_stable_against_any_token_change,radius_derived,5,"0,10,20,30,40",1.0,1.0,1.0,0.0,0.0,0.0,0.0,0.0,0.0,0.0,4.45,4.0,5.25,0.4500000000000002,0.7999999999999998,4.5,4.0,5.0,0.5,0.5,3.6,3.0,5.0,0.6000000000000001,1.4,5.2,5.0,6.0,0.20000000000000018,0.7999999999999998,4.0,4.0,4.0,0.0,0.0,4.0,4.0,4.0,0.0,0.0,0.0,0.0,0.0,0.0,0.0,4.0,4.0,4.0,0.0,0.0
20,4,20,5,0.2,0.2,0.3,dense,True,20,20,20,4,20,5,1,DPA token margin,full_response_stable_against_any_token_change,radius_derived,5,"0,10,20,30,40",1.0,1.0,1.0,0.0,0.0,0.0,0.0,0.0,0.0,0.0,4.45,4.0,5.25,0.4500000000000002,0.7999999999999998,4.5,4.0,5.0,0.5,0.5,3.6,3.0,5.0,0.6000000000000001,1.4,5.2,5.0,6.0,0.20000000000000018,0.7999999999999998,4.0,4.0,4.0,0.0,0.0,4.0,4.0,4.0,0.0,0.0,0.0,0.0,0.0,0.0,0.0,4.0,4.0,4.0,0.0,0.0
20,4,20,5,0.2,0.2,0.3,dense,True,20,20,20,4,20,5,2,DPA token margin,full_response_stable_against_any_token_change,radius_derived,5,"0,10,20,30,40",1.0,1.0,1.0,0.0,0.0,0.0,0.0,0.0,0.0,0.0,4.45,4.0,5.25,0.4500000000000002,0.7999999999999998,4.5,4.0,5.0,0.5,0.5,3.6,3.0,5.0,0.6000000000000001,1.4,5.2,5.0,6.0,0.20000000000000018,0.7999999999999998,4.0,4.0,4.0,0.0,0.0,4.0,4.0,4.0,0.0,0.0,0.0,0.0,0.0,0.0,0.0,4.0,4.0,4.0,0.0,0.0
20,4,20,5,0.2,0.2,0.3,dense,True,20,20,20,4,20,5,3,DPA token margin,full_response_stable_against_any_token_change,radius_derived,5,"0,10,20,30,40",0.85,0.75,1.0,0.09999999999999998,0.15000000000000002,0.15,0.0,0.25,0.15,0.1,4.45,4.0,5.25,0.4500000000000002,0.7999999999999998,4.5,4.0,5.0,0.5,0.5,3.6,3.0,5.0,0.6000000000000001,1.4,5.2,5.0,6.0,0.20000000000000018,0.7999999999999998,3.4,3.0,4.0,0.3999999999999999,0.6000000000000001,4.0,4.0,4.0,0.0,0.0,0.0,0.0,0.0,0.0,0.0,4.0,4.0,4.0,0.0,0.0
20,4,20,5,0.2,0.2,0.3,dense,True,20,20,20,4,20,5,4,DPA token margin,full_response_stable_against_any_token_change,radius_derived,5,"0,10,20,30,40",0.55,0.25,1.0,0.30000000000000004,0.44999999999999996,0.45,0.0,0.75,0.45,0.3,4.45,4.0,5.25,0.4500000000000002,0.7999999999999998,4.5,4.0,5.0,0.5,0.5,3.6,3.0,5.0,0.6000000000000001,1.4,5.2,5.0,6.0,0.20000000000000018,0.7999999999999998,2.2,1.0,4.0,1.2000000000000002,1.7999999999999998,4.0,4.0,4.0,0.0,0.0,0.0,0.0,0.0,0.0,0.0,4.0,4.0,4.0,0.0,0.0
20,4,20,5,0.2,0.2,0.3,dense,True,20,20,20,4,20,5,5,DPA token margin,full_response_stable_against_any_token_change,radius_derived,5,"0,10,20,30,40",0.05,0.0,0.25,0.05,0.2,0.95,0.75,1.0,0.19999999999999996,0.050000000000000044,4.45,4.0,5.25,0.4500000000000002,0.7999999999999998,4.5,4.0,5.0,0.5,0.5,3.6,3.0,5.0,0.6000000000000001,1.4,5.2,5.0,6.0,0.20000000000000018,0.7999999999999998,0.2,0.0,1.0,0.2,0.8,4.0,4.0,4.0,0.0,0.0,0.0,0.0,0.0,0.0,0.0,4.0,4.0,4.0,0.0,0.0
20,4,20,5,0.2,0.2,0.3,dense,True,20,20,20,4,20,5,6,DPA token margin,full_response_stable_against_any_token_change,radius_derived,5,"0,10,20,30,40",0.0,0.0,0.0,0.0,0.0,1.0,1.0,1.0,0.0,0.0,4.45,4.0,5.25,0.4500000000000002,0.7999999999999998,4.5,4.0,5.0,0.5,0.5,3.6,3.0,5.0,0.6000000000000001,1.4,5.2,5.0,6.0,0.20000000000000018,0.7999999999999998,0.0,0.0,0.0,0.0,0.0,4.0,4.0,4.0,0.0,0.0,0.0,0.0,0.0,0.0,0.0,4.0,4.0,4.0,0.0,0.0
20,4,20,5,0.2,0.2,0.3,dense,True,20,20,20,4,20,5,7,DPA token margin,full_response_stable_against_any_token_change,radius_derived,5,"0,10,20,30,40",0.0,0.0,0.0,0.0,0.0,1.0,1.0,1.0,0.0,0.0,4.45,4.0,5.25,0.4500000000000002,0.7999999999999998,4.5,4.0,5.0,0.5,0.5,3.6,3.0,5.0,0.6000000000000001,1.4,5.2,5.0,6.0,0.20000000000000018,0.7999999999999998,0.0,0.0,0.0,0.0,0.0,4.0,4.0,4.0,0.0,0.0,0.0,0.0,0.0,0.0,0.0,4.0,4.0,4.0,0.0,0.0
20,4,20,5,0.2,0.2,0.3,dense,True,20,20,20,4,20,5,8,DPA token margin,full_response_stable_against_any_token_change,radius_derived,5,"0,10,20,30,40",0.0,0.0,0.0,0.0,0.0,1.0,1.0,1.0,0.0,0.0,4.45,4.0,5.25,0.4500000000000002,0.7999999999999998,4.5,4.0,5.0,0.5,0.5,3.6,3.0,5.0,0.6000000000000001,1.4,5.2,5.0,6.0,0.20000000000000018,0.7999999999999998,0.0,0.0,0.0,0.0,0.0,4.0,4.0,4.0,0.0,0.0,0.0,0.0,0.0,0.0,0.0,4.0,4.0,4.0,0.0,0.0
20,4,20,5,0.2,0.2,0.3,dense,True,20,20,20,4,20,5,9,DPA token margin,full_response_stable_against_any_token_change,radius_derived,5,"0,10,20,30,40",0.0,0.0,0.0,0.0,0.0,1.0,1.0,1.0,0.0,0.0,4.45,4.0,5.25,0.4500000000000002,0.7999999999999998,4.5,4.0,5.0,0.5,0.5,3.6,3.0,5.0,0.6000000000000001,1.4,5.2,5.0,6.0,0.20000000000000018,0.7999999999999998,0.0,0.0,0.0,0.0,0.0,4.0,4.0,4.0,0.0,0.0,0.0,0.0,0.0,0.0,0.0,4.0,4.0,4.0,0.0,0.0
20,4,20,5,0.2,0.2,0.3,dense,True,20,20,20,4,20,5,10,DPA token margin,full_response_stable_against_any_token_change,radius_derived,5,"0,10,20,30,40",0.0,0.0,0.0,0.0,0.0,1.0,1.0,1.0,0.0,0.0,4.45,4.0,5.25,0.4500000000000002,0.7999999999999998,4.5,4.0,5.0,0.5,0.5,3.6,3.0,5.0,0.6000000000000001,1.4,5.2,5.0,6.0,0.20000000000000018,0.7999999999999998,0.0,0.0,0.0,0.0,0.0,4.0,4.0,4.0,0.0,0.0,0.0,0.0,0.0,0.0,0.0,4.0,4.0,4.0,0.0,0.0
20,4,20,5,0.2,0.2,0.3,dense,True,20,20,20,4,20,5,11,DPA token margin,full_response_stable_against_any_token_change,radius_derived,5,"0,10,20,30,40",0.0,0.0,0.0,0.0,0.0,1.0,1.0,1.0,0.0,0.0,4.45,4.0,5.25,0.4500000000000002,0.7999999999999998,4.5,4.0,5.0,0.5,0.5,3.6,3.0,5.0,0.6000000000000001,1.4,5.2,5.0,6.0,0.20000000000000018,0.7999999999999998,0.0,0.0,0.0,0.0,0.0,4.0,4.0,4.0,0.0,0.0,0.0,0.0,0.0,0.0,0.0,4.0,4.0,4.0,0.0,0.0
20,4,20,5,0.2,0.2,0.3,dense,True,20,20,20,4,20,5,12,DPA token margin,full_response_stable_against_any_token_change,radius_derived,5,"0,10,20,30,40",0.0,0.0,0.0,0.0,0.0,1.0,1.0,1.0,0.0,0.0,4.45,4.0,5.25,0.4500000000000002,0.7999999999999998,4.5,4.0,5.0,0.5,0.5,3.6,3.0,5.0,0.6000000000000001,1.4,5.2,5.0,6.0,0.20000000000000018,0.7999999999999998,0.0,0.0,0.0,0.0,0.0,4.0,4.0,4.0,0.0,0.0,0.0,0.0,0.0,0.0,0.0,4.0,4.0,4.0,0.0,0.0
20,4,20,5,0.2,0.2,0.3,dense,True,20,20,20,4,20,5,13,DPA token margin,full_response_stable_against_any_token_change,radius_derived,5,"0,10,20,30,40",0.0,0.0,0.0,0.0,0.0,1.0,1.0,1.0,0.0,0.0,4.45,4.0,5.25,0.4500000000000002,0.7999999999999998,4.5,4.0,5.0,0.5,0.5,3.6,3.0,5.0,0.6000000000000001,1.4,5.2,5.0,6.0,0.20000000000000018,0.7999999999999998,0.0,0.0,0.0,0.0,0.0,4.0,4.0,4.0,0.0,0.0,0.0,0.0,0.0,0.0,0.0,4.0,4.0,4.0,0.0,0.0
20,4,20,5,0.2,0.2,0.3,dense,True,20,20,20,4,20,5,14,DPA token margin,full_response_stable_against_any_token_change,radius_derived,5,"0,10,20,30,40",0.0,0.0,0.0,0.0,0.0,1.0,1.0,1.0,0.0,0.0,4.45,4.0,5.25,0.4500000000000002,0.7999999999999998,4.5,4.0,5.0,0.5,0.5,3.6,3.0,5.0,0.6000000000000001,1.4,5.2,5.0,6.0,0.20000000000000018,0.7999999999999998,0.0,0.0,0.0,0.0,0.0,4.0,4.0,4.0,0.0,0.0,0.0,0.0,0.0,0.0,0.0,4.0,4.0,4.0,0.0,0.0
20,4,20,5,0.2,0.2,0.3,dense,True,20,20,20,4,20,5,15,DPA token margin,full_response_stable_against_any_token_change,radius_derived,5,"0,10,20,30,40",0.0,0.0,0.0,0.0,0.0,1.0,1.0,1.0,0.0,0.0,4.45,4.0,5.25,0.4500000000000002,0.7999999999999998,4.5,4.0,5.0,0.5,0.5,3.6,3.0,5.0,0.6000000000000001,1.4,5.2,5.0,6.0,0.20000000000000018,0.7999999999999998,0.0,0.0,0.0,0.0,0.0,4.0,4.0,4.0,0.0,0.0,0.0,0.0,0.0,0.0,0.0,4.0,4.0,4.0,0.0,0.0
20,4,20,5,0.2,0.2,0.3,dense,True,20,20,20,4,20,5,16,DPA token margin,full_response_stable_against_any_token_change,radius_derived,5,"0,10,20,30,40",0.0,0.0,0.0,0.0,0.0,1.0,1.0,1.0,0.0,0.0,4.45,4.0,5.25,0.4500000000000002,0.7999999999999998,4.5,4.0,5.0,0.5,0.5,3.6,3.0,5.0,0.6000000000000001,1.4,5.2,5.0,6.0,0.20000000000000018,0.7999999999999998,0.0,0.0,0.0,0.0,0.0,4.0,4.0,4.0,0.0,0.0,0.0,0.0,0.0,0.0,0.0,4.0,4.0,4.0,0.0,0.0
20,4,20,5,0.2,0.2,0.3,dense,True,20,20,20,4,20,5,17,DPA token margin,full_response_stable_against_any_token_change,radius_derived,5,"0,10,20,30,40",0.0,0.0,0.0,0.0,0.0,1.0,1.0,1.0,0.0,0.0,4.45,4.0,5.25,0.4500000000000002,0.7999999999999998,4.5,4.0,5.0,0.5,0.5,3.6,3.0,5.0,0.6000000000000001,1.4,5.2,5.0,6.0,0.20000000000000018,0.7999999999999998,0.0,0.0,0.0,0.0,0.0,4.0,4.0,4.0,0.0,0.0,0.0,0.0,0.0,0.0,0.0,4.0,4.0,4.0,0.0,0.0
20,4,20,5,0.2,0.2,0.3,dense,True,20,20,20,4,20,5,18,DPA token margin,full_response_stable_against_any_token_change,radius_derived,5,"0,10,20,30,40",0.0,0.0,0.0,0.0,0.0,1.0,1.0,1.0,0.0,0.0,4.45,4.0,5.25,0.4500000000000002,0.7999999999999998,4.5,4.0,5.0,0.5,0.5,3.6,3.0,5.0,0.6000000000000001,1.4,5.2,5.0,6.0,0.20000000000000018,0.7999999999999998,0.0,0.0,0.0,0.0,0.0,4.0,4.0,4.0,0.0,0.0,0.0,0.0,0.0,0.0,0.0,4.0,4.0,4.0,0.0,0.0
20,4,20,5,0.2,0.2,0.3,dense,True,20,20,20,4,20,5,19,DPA token margin,full_response_stable_against_any_token_change,radius_derived,5,"0,10,20,30,40",0.0,0.0,0.0,0.0,0.0,1.0,1.0,1.0,0.0,0.0,4.45,4.0,5.25,0.4500000000000002,0.7999999999999998,4.5,4.0,5.0,0.5,0.5,3.6,3.0,5.0,0.6000000000000001,1.4,5.2,5.0,6.0,0.20000000000000018,0.7999999999999998,0.0,0.0,0.0,0.0,0.0,4.0,4.0,4.0,0.0,0.0,0.0,0.0,0.0,0.0,0.0,4.0,4.0,4.0,0.0,0.0
20,4,20,5,0.2,0.2,0.3,dense,True,20,20,20,4,20,5,20,DPA token margin,full_response_stable_against_any_token_change,radius_derived,5,"0,10,20,30,40",0.0,0.0,0.0,0.0,0.0,1.0,1.0,1.0,0.0,0.0,4.45,4.0,5.25,0.4500000000000002,0.7999999999999998,4.5,4.0,5.0,0.5,0.5,3.6,3.0,5.0,0.6000000000000001,1.4,5.2,5.0,6.0,0.20000000000000018,0.7999999999999998,0.0,0.0,0.0,0.0,0.0,4.0,4.0,4.0,0.0,0.0,0.0,0.0,0.0,0.0,0.0,4.0,4.0,4.0,0.0,0.0
20,4,20,5,0.2,0.2,0.3,dense,True,20,20,20,4,20,5,0,Shared MILP,stability_one_token_per_prompt,radius_derived,5,"0,10,20,30,40",1.0,1.0,1.0,0.0,0.0,0.0,0.0,0.0,0.0,0.0,4.45,4.0,5.25,0.4500000000000002,0.7999999999999998,4.5,4.0,5.0,0.5,0.5,3.6,3.0,5.0,0.6000000000000001,1.4,5.2,5.0,6.0,0.20000000000000018,0.7999999999999998,4.0,4.0,4.0,0.0,0.0,4.0,4.0,4.0,0.0,0.0,0.0,0.0,0.0,0.0,0.0,4.0,4.0,4.0,0.0,0.0
20,4,20,5,0.2,0.2,0.3,dense,True,20,20,20,4,20,5,1,Shared MILP,stability_one_token_per_prompt,radius_derived,5,"0,10,20,30,40",1.0,1.0,1.0,0.0,0.0,0.0,0.0,0.0,0.0,0.0,4.45,4.0,5.25,0.4500000000000002,0.7999999999999998,4.5,4.0,5.0,0.5,0.5,3.6,3.0,5.0,0.6000000000000001,1.4,5.2,5.0,6.0,0.20000000000000018,0.7999999999999998,4.0,4.0,4.0,0.0,0.0,4.0,4.0,4.0,0.0,0.0,0.0,0.0,0.0,0.0,0.0,4.0,4.0,4.0,0.0,0.0
20,4,20,5,0.2,0.2,0.3,dense,True,20,20,20,4,20,5,2,Shared MILP,stability_one_token_per_prompt,radius_derived,5,"0,10,20,30,40",1.0,1.0,1.0,0.0,0.0,0.0,0.0,0.0,0.0,0.0,4.45,4.0,5.25,0.4500000000000002,0.7999999999999998,4.5,4.0,5.0,0.5,0.5,3.6,3.0,5.0,0.6000000000000001,1.4,5.2,5.0,6.0,0.20000000000000018,0.7999999999999998,4.0,4.0,4.0,0.0,0.0,4.0,4.0,4.0,0.0,0.0,0.0,0.0,0.0,0.0,0.0,4.0,4.0,4.0,0.0,0.0
20,4,20,5,0.2,0.2,0.3,dense,True,20,20,20,4,20,5,3,Shared MILP,stability_one_token_per_prompt,radius_derived,5,"0,10,20,30,40",0.85,0.75,1.0,0.09999999999999998,0.15000000000000002,0.15,0.0,0.25,0.15,0.1,4.45,4.0,5.25,0.4500000000000002,0.7999999999999998,4.5,4.0,5.0,0.5,0.5,3.6,3.0,5.0,0.6000000000000001,1.4,5.2,5.0,6.0,0.20000000000000018,0.7999999999999998,3.4,3.0,4.0,0.3999999999999999,0.6000000000000001,4.0,4.0,4.0,0.0,0.0,0.0,0.0,0.0,0.0,0.0,4.0,4.0,4.0,0.0,0.0
20,4,20,5,0.2,0.2,0.3,dense,True,20,20,20,4,20,5,4,Shared MILP,stability_one_token_per_prompt,radius_derived,5,"0,10,20,30,40",0.55,0.25,1.0,0.30000000000000004,0.44999999999999996,0.45,0.0,0.75,0.45,0.3,4.45,4.0,5.25,0.4500000000000002,0.7999999999999998,4.5,4.0,5.0,0.5,0.5,3.6,3.0,5.0,0.6000000000000001,1.4,5.2,5.0,6.0,0.20000000000000018,0.7999999999999998,2.2,1.0,4.0,1.2000000000000002,1.7999999999999998,4.0,4.0,4.0,0.0,0.0,0.0,0.0,0.0,0.0,0.0,4.0,4.0,4.0,0.0,0.0
20,4,20,5,0.2,0.2,0.3,dense,True,20,20,20,4,20,5,5,Shared MILP,stability_one_token_per_prompt,radius_derived,5,"0,10,20,30,40",0.05,0.0,0.25,0.05,0.2,0.95,0.75,1.0,0.19999999999999996,0.050000000000000044,4.45,4.0,5.25,0.4500000000000002,0.7999999999999998,4.5,4.0,5.0,0.5,0.5,3.6,3.0,5.0,0.6000000000000001,1.4,5.2,5.0,6.0,0.20000000000000018,0.7999999999999998,0.2,0.0,1.0,0.2,0.8,4.0,4.0,4.0,0.0,0.0,0.0,0.0,0.0,0.0,0.0,4.0,4.0,4.0,0.0,0.0
20,4,20,5,0.2,0.2,0.3,dense,True,20,20,20,4,20,5,6,Shared MILP,stability_one_token_per_prompt,radius_derived,5,"0,10,20,30,40",0.0,0.0,0.0,0.0,0.0,1.0,1.0,1.0,0.0,0.0,4.45,4.0,5.25,0.4500000000000002,0.7999999999999998,4.5,4.0,5.0,0.5,0.5,3.6,3.0,5.0,0.6000000000000001,1.4,5.2,5.0,6.0,0.20000000000000018,0.7999999999999998,0.0,0.0,0.0,0.0,0.0,4.0,4.0,4.0,0.0,0.0,0.0,0.0,0.0,0.0,0.0,4.0,4.0,4.0,0.0,0.0
20,4,20,5,0.2,0.2,0.3,dense,True,20,20,20,4,20,5,7,Shared MILP,stability_one_token_per_prompt,radius_derived,5,"0,10,20,30,40",0.0,0.0,0.0,0.0,0.0,1.0,1.0,1.0,0.0,0.0,4.45,4.0,5.25,0.4500000000000002,0.7999999999999998,4.5,4.0,5.0,0.5,0.5,3.6,3.0,5.0,0.6000000000000001,1.4,5.2,5.0,6.0,0.20000000000000018,0.7999999999999998,0.0,0.0,0.0,0.0,0.0,4.0,4.0,4.0,0.0,0.0,0.0,0.0,0.0,0.0,0.0,4.0,4.0,4.0,0.0,0.0
20,4,20,5,0.2,0.2,0.3,dense,True,20,20,20,4,20,5,8,Shared MILP,stability_one_token_per_prompt,radius_derived,5,"0,10,20,30,40",0.0,0.0,0.0,0.0,0.0,1.0,1.0,1.0,0.0,0.0,4.45,4.0,5.25,0.4500000000000002,0.7999999999999998,4.5,4.0,5.0,0.5,0.5,3.6,3.0,5.0,0.6000000000000001,1.4,5.2,5.0,6.0,0.20000000000000018,0.7999999999999998,0.0,0.0,0.0,0.0,0.0,4.0,4.0,4.0,0.0,0.0,0.0,0.0,0.0,0.0,0.0,4.0,4.0,4.0,0.0,0.0
20,4,20,5,0.2,0.2,0.3,dense,True,20,20,20,4,20,5,9,Shared MILP,stability_one_token_per_prompt,radius_derived,5,"0,10,20,30,40",0.0,0.0,0.0,0.0,0.0,1.0,1.0,1.0,0.0,0.0,4.45,4.0,5.25,0.4500000000000002,0.7999999999999998,4.5,4.0,5.0,0.5,0.5,3.6,3.0,5.0,0.6000000000000001,1.4,5.2,5.0,6.0,0.20000000000000018,0.7999999999999998,0.0,0.0,0.0,0.0,0.0,4.0,4.0,4.0,0.0,0.0,0.0,0.0,0.0,0.0,0.0,4.0,4.0,4.0,0.0,0.0
20,4,20,5,0.2,0.2,0.3,dense,True,20,20,20,4,20,5,10,Shared MILP,stability_one_token_per_prompt,radius_derived,5,"0,10,20,30,40",0.0,0.0,0.0,0.0,0.0,1.0,1.0,1.0,0.0,0.0,4.45,4.0,5.25,0.4500000000000002,0.7999999999999998,4.5,4.0,5.0,0.5,0.5,3.6,3.0,5.0,0.6000000000000001,1.4,5.2,5.0,6.0,0.20000000000000018,0.7999999999999998,0.0,0.0,0.0,0.0,0.0,4.0,4.0,4.0,0.0,0.0,0.0,0.0,0.0,0.0,0.0,4.0,4.0,4.0,0.0,0.0
20,4,20,5,0.2,0.2,0.3,dense,True,20,20,20,4,20,5,11,Shared MILP,stability_one_token_per_prompt,radius_derived,5,"0,10,20,30,40",0.0,0.0,0.0,0.0,0.0,1.0,1.0,1.0,0.0,0.0,4.45,4.0,5.25,0.4500000000000002,0.7999999999999998,4.5,4.0,5.0,0.5,0.5,3.6,3.0,5.0,0.6000000000000001,1.4,5.2,5.0,6.0,0.20000000000000018,0.7999999999999998,0.0,0.0,0.0,0.0,0.0,4.0,4.0,4.0,0.0,0.0,0.0,0.0,0.0,0.0,0.0,4.0,4.0,4.0,0.0,0.0
20,4,20,5,0.2,0.2,0.3,dense,True,20,20,20,4,20,5,12,Shared MILP,stability_one_token_per_prompt,radius_derived,5,"0,10,20,30,40",0.0,0.0,0.0,0.0,0.0,1.0,1.0,1.0,0.0,0.0,4.45,4.0,5.25,0.4500000000000002,0.7999999999999998,4.5,4.0,5.0,0.5,0.5,3.6,3.0,5.0,0.6000000000000001,1.4,5.2,5.0,6.0,0.20000000000000018,0.7999999999999998,0.0,0.0,0.0,0.0,0.0,4.0,4.0,4.0,0.0,0.0,0.0,0.0,0.0,0.0,0.0,4.0,4.0,4.0,0.0,0.0
20,4,20,5,0.2,0.2,0.3,dense,True,20,20,20,4,20,5,13,Shared MILP,stability_one_token_per_prompt,radius_derived,5,"0,10,20,30,40",0.0,0.0,0.0,0.0,0.0,1.0,1.0,1.0,0.0,0.0,4.45,4.0,5.25,0.4500000000000002,0.7999999999999998,4.5,4.0,5.0,0.5,0.5,3.6,3.0,5.0,0.6000000000000001,1.4,5.2,5.0,6.0,0.20000000000000018,0.7999999999999998,0.0,0.0,0.0,0.0,0.0,4.0,4.0,4.0,0.0,0.0,0.0,0.0,0.0,0.0,0.0,4.0,4.0,4.0,0.0,0.0
20,4,20,5,0.2,0.2,0.3,dense,True,20,20,20,4,20,5,14,Shared MILP,stability_one_token_per_prompt,radius_derived,5,"0,10,20,30,40",0.0,0.0,0.0,0.0,0.0,1.0,1.0,1.0,0.0,0.0,4.45,4.0,5.25,0.4500000000000002,0.7999999999999998,4.5,4.0,5.0,0.5,0.5,3.6,3.0,5.0,0.6000000000000001,1.4,5.2,5.0,6.0,0.20000000000000018,0.7999999999999998,0.0,0.0,0.0,0.0,0.0,4.0,4.0,4.0,0.0,0.0,0.0,0.0,0.0,0.0,0.0,4.0,4.0,4.0,0.0,0.0
20,4,20,5,0.2,0.2,0.3,dense,True,20,20,20,4,20,5,15,Shared MILP,stability_one_token_per_prompt,radius_derived,5,"0,10,20,30,40",0.0,0.0,0.0,0.0,0.0,1.0,1.0,1.0,0.0,0.0,4.45,4.0,5.25,0.4500000000000002,0.7999999999999998,4.5,4.0,5.0,0.5,0.5,3.6,3.0,5.0,0.6000000000000001,1.4,5.2,5.0,6.0,0.20000000000000018,0.7999999999999998,0.0,0.0,0.0,0.0,0.0,4.0,4.0,4.0,0.0,0.0,0.0,0.0,0.0,0.0,0.0,4.0,4.0,4.0,0.0,0.0
20,4,20,5,0.2,0.2,0.3,dense,True,20,20,20,4,20,5,16,Shared MILP,stability_one_token_per_prompt,radius_derived,5,"0,10,20,30,40",0.0,0.0,0.0,0.0,0.0,1.0,1.0,1.0,0.0,0.0,4.45,4.0,5.25,0.4500000000000002,0.7999999999999998,4.5,4.0,5.0,0.5,0.5,3.6,3.0,5.0,0.6000000000000001,1.4,5.2,5.0,6.0,0.20000000000000018,0.7999999999999998,0.0,0.0,0.0,0.0,0.0,4.0,4.0,4.0,0.0,0.0,0.0,0.0,0.0,0.0,0.0,4.0,4.0,4.0,0.0,0.0
20,4,20,5,0.2,0.2,0.3,dense,True,20,20,20,4,20,5,17,Shared MILP,stability_one_token_per_prompt,radius_derived,5,"0,10,20,30,40",0.0,0.0,0.0,0.0,0.0,1.0,1.0,1.0,0.0,0.0,4.45,4.0,5.25,0.4500000000000002,0.7999999999999998,4.5,4.0,5.0,0.5,0.5,3.6,3.0,5.0,0.6000000000000001,1.4,5.2,5.0,6.0,0.20000000000000018,0.7999999999999998,0.0,0.0,0.0,0.0,0.0,4.0,4.0,4.0,0.0,0.0,0.0,0.0,0.0,0.0,0.0,4.0,4.0,4.0,0.0,0.0
20,4,20,5,0.2,0.2,0.3,dense,True,20,20,20,4,20,5,18,Shared MILP,stability_one_token_per_prompt,radius_derived,5,"0,10,20,30,40",0.0,0.0,0.0,0.0,0.0,1.0,1.0,1.0,0.0,0.0,4.45,4.0,5.25,0.4500000000000002,0.7999999999999998,4.5,4.0,5.0,0.5,0.5,3.6,3.0,5.0,0.6000000000000001,1.4,5.2,5.0,6.0,0.20000000000000018,0.7999999999999998,0.0,0.0,0.0,0.0,0.0,4.0,4.0,4.0,0.0,0.0,0.0,0.0,0.0,0.0,0.0,4.0,4.0,4.0,0.0,0.0
20,4,20,5,0.2,0.2,0.3,dense,True,20,20,20,4,20,5,19,Shared MILP,stability_one_token_per_prompt,radius_derived,5,"0,10,20,30,40",0.0,0.0,0.0,0.0,0.0,1.0,1.0,1.0,0.0,0.0,4.45,4.0,5.25,0.4500000000000002,0.7999999999999998,4.5,4.0,5.0,0.5,0.5,3.6,3.0,5.0,0.6000000000000001,1.4,5.2,5.0,6.0,0.20000000000000018,0.7999999999999998,0.0,0.0,0.0,0.0,0.0,4.0,4.0,4.0,0.0,0.0,0.0,0.0,0.0,0.0,0.0,4.0,4.0,4.0,0.0,0.0
20,4,20,5,0.2,0.2,0.3,dense,True,20,20,20,4,20,5,20,Shared MILP,stability_one_token_per_prompt,radius_derived,5,"0,10,20,30,40",0.0,0.0,0.0,0.0,0.0,1.0,1.0,1.0,0.0,0.0,4.45,4.0,5.25,0.4500000000000002,0.7999999999999998,4.5,4.0,5.0,0.5,0.5,3.6,3.0,5.0,0.6000000000000001,1.4,5.2,5.0,6.0,0.20000000000000018,0.7999999999999998,0.0,0.0,0.0,0.0,0.0,4.0,4.0,4.0,0.0,0.0,0.0,0.0,0.0,0.0,0.0,4.0,4.0,4.0,0.0,0.0
20,4,20,5,0.2,0.2,0.3,dense,True,20,20,20,4,20,5,0,Shared MILP,stability_full_sequence_per_prompt,radius_derived,5,"0,10,20,30,40",1.0,1.0,1.0,0.0,0.0,0.0,0.0,0.0,0.0,0.0,9.1,9.0,9.25,0.09999999999999964,0.15000000000000036,9.0,9.0,9.0,0.0,0.0,9.0,9.0,9.0,0.0,0.0,9.4,9.0,10.0,0.40000000000000036,0.5999999999999996,4.0,4.0,4.0,0.0,0.0,4.0,4.0,4.0,0.0,0.0,0.0,0.0,0.0,0.0,0.0,4.0,4.0,4.0,0.0,0.0
20,4,20,5,0.2,0.2,0.3,dense,True,20,20,20,4,20,5,1,Shared MILP,stability_full_sequence_per_prompt,radius_derived,5,"0,10,20,30,40",1.0,1.0,1.0,0.0,0.0,0.0,0.0,0.0,0.0,0.0,9.1,9.0,9.25,0.09999999999999964,0.15000000000000036,9.0,9.0,9.0,0.0,0.0,9.0,9.0,9.0,0.0,0.0,9.4,9.0,10.0,0.40000000000000036,0.5999999999999996,4.0,4.0,4.0,0.0,0.0,4.0,4.0,4.0,0.0,0.0,0.0,0.0,0.0,0.0,0.0,4.0,4.0,4.0,0.0,0.0
20,4,20,5,0.2,0.2,0.3,dense,True,20,20,20,4,20,5,2,Shared MILP,stability_full_sequence_per_prompt,radius_derived,5,"0,10,20,30,40",1.0,1.0,1.0,0.0,0.0,0.0,0.0,0.0,0.0,0.0,9.1,9.0,9.25,0.09999999999999964,0.15000000000000036,9.0,9.0,9.0,0.0,0.0,9.0,9.0,9.0,0.0,0.0,9.4,9.0,10.0,0.40000000000000036,0.5999999999999996,4.0,4.0,4.0,0.0,0.0,4.0,4.0,4.0,0.0,0.0,0.0,0.0,0.0,0.0,0.0,4.0,4.0,4.0,0.0,0.0
20,4,20,5,0.2,0.2,0.3,dense,True,20,20,20,4,20,5,3,Shared MILP,stability_full_sequence_per_prompt,radius_derived,5,"0,10,20,30,40",1.0,1.0,1.0,0.0,0.0,0.0,0.0,0.0,0.0,0.0,9.1,9.0,9.25,0.09999999999999964,0.15000000000000036,9.0,9.0,9.0,0.0,0.0,9.0,9.0,9.0,0.0,0.0,9.4,9.0,10.0,0.40000000000000036,0.5999999999999996,4.0,4.0,4.0,0.0,0.0,4.0,4.0,4.0,0.0,0.0,0.0,0.0,0.0,0.0,0.0,4.0,4.0,4.0,0.0,0.0
20,4,20,5,0.2,0.2,0.3,dense,True,20,20,20,4,20,5,4,Shared MILP,stability_full_sequence_per_prompt,radius_derived,5,"0,10,20,30,40",1.0,1.0,1.0,0.0,0.0,0.0,0.0,0.0,0.0,0.0,9.1,9.0,9.25,0.09999999999999964,0.15000000000000036,9.0,9.0,9.0,0.0,0.0,9.0,9.0,9.0,0.0,0.0,9.4,9.0,10.0,0.40000000000000036,0.5999999999999996,4.0,4.0,4.0,0.0,0.0,4.0,4.0,4.0,0.0,0.0,0.0,0.0,0.0,0.0,0.0,4.0,4.0,4.0,0.0,0.0
20,4,20,5,0.2,0.2,0.3,dense,True,20,20,20,4,20,5,5,Shared MILP,stability_full_sequence_per_prompt,radius_derived,5,"0,10,20,30,40",1.0,1.0,1.0,0.0,0.0,0.0,0.0,0.0,0.0,0.0,9.1,9.0,9.25,0.09999999999999964,0.15000000000000036,9.0,9.0,9.0,0.0,0.0,9.0,9.0,9.0,0.0,0.0,9.4,9.0,10.0,0.40000000000000036,0.5999999999999996,4.0,4.0,4.0,0.0,0.0,4.0,4.0,4.0,0.0,0.0,0.0,0.0,0.0,0.0,0.0,4.0,4.0,4.0,0.0,0.0
20,4,20,5,0.2,0.2,0.3,dense,True,20,20,20,4,20,5,6,Shared MILP,stability_full_sequence_per_prompt,radius_derived,5,"0,10,20,30,40",1.0,1.0,1.0,0.0,0.0,0.0,0.0,0.0,0.0,0.0,9.1,9.0,9.25,0.09999999999999964,0.15000000000000036,9.0,9.0,9.0,0.0,0.0,9.0,9.0,9.0,0.0,0.0,9.4,9.0,10.0,0.40000000000000036,0.5999999999999996,4.0,4.0,4.0,0.0,0.0,4.0,4.0,4.0,0.0,0.0,0.0,0.0,0.0,0.0,0.0,4.0,4.0,4.0,0.0,0.0
20,4,20,5,0.2,0.2,0.3,dense,True,20,20,20,4,20,5,7,Shared MILP,stability_full_sequence_per_prompt,radius_derived,5,"0,10,20,30,40",1.0,1.0,1.0,0.0,0.0,0.0,0.0,0.0,0.0,0.0,9.1,9.0,9.25,0.09999999999999964,0.15000000000000036,9.0,9.0,9.0,0.0,0.0,9.0,9.0,9.0,0.0,0.0,9.4,9.0,10.0,0.40000000000000036,0.5999999999999996,4.0,4.0,4.0,0.0,0.0,4.0,4.0,4.0,0.0,0.0,0.0,0.0,0.0,0.0,0.0,4.0,4.0,4.0,0.0,0.0
20,4,20,5,0.2,0.2,0.3,dense,True,20,20,20,4,20,5,8,Shared MILP,stability_full_sequence_per_prompt,radius_derived,5,"0,10,20,30,40",1.0,1.0,1.0,0.0,0.0,0.0,0.0,0.0,0.0,0.0,9.1,9.0,9.25,0.09999999999999964,0.15000000000000036,9.0,9.0,9.0,0.0,0.0,9.0,9.0,9.0,0.0,0.0,9.4,9.0,10.0,0.40000000000000036,0.5999999999999996,4.0,4.0,4.0,0.0,0.0,4.0,4.0,4.0,0.0,0.0,0.0,0.0,0.0,0.0,0.0,4.0,4.0,4.0,0.0,0.0
20,4,20,5,0.2,0.2,0.3,dense,True,20,20,20,4,20,5,9,Shared MILP,stability_full_sequence_per_prompt,radius_derived,5,"0,10,20,30,40",0.1,0.0,0.25,0.1,0.15,0.9,0.75,1.0,0.15000000000000002,0.09999999999999998,9.1,9.0,9.25,0.09999999999999964,0.15000000000000036,9.0,9.0,9.0,0.0,0.0,9.0,9.0,9.0,0.0,0.0,9.4,9.0,10.0,0.40000000000000036,0.5999999999999996,0.4,0.0,1.0,0.4,0.6,4.0,4.0,4.0,0.0,0.0,0.0,0.0,0.0,0.0,0.0,4.0,4.0,4.0,0.0,0.0
20,4,20,5,0.2,0.2,0.3,dense,True,20,20,20,4,20,5,10,Shared MILP,stability_full_sequence_per_prompt,radius_derived,5,"0,10,20,30,40",0.0,0.0,0.0,0.0,0.0,1.0,1.0,1.0,0.0,0.0,9.1,9.0,9.25,0.09999999999999964,0.15000000000000036,9.0,9.0,9.0,0.0,0.0,9.0,9.0,9.0,0.0,0.0,9.4,9.0,10.0,0.40000000000000036,0.5999999999999996,0.0,0.0,0.0,0.0,0.0,4.0,4.0,4.0,0.0,0.0,0.0,0.0,0.0,0.0,0.0,4.0,4.0,4.0,0.0,0.0
20,4,20,5,0.2,0.2,0.3,dense,True,20,20,20,4,20,5,11,Shared MILP,stability_full_sequence_per_prompt,radius_derived,5,"0,10,20,30,40",0.0,0.0,0.0,0.0,0.0,1.0,1.0,1.0,0.0,0.0,9.1,9.0,9.25,0.09999999999999964,0.15000000000000036,9.0,9.0,9.0,0.0,0.0,9.0,9.0,9.0,0.0,0.0,9.4,9.0,10.0,0.40000000000000036,0.5999999999999996,0.0,0.0,0.0,0.0,0.0,4.0,4.0,4.0,0.0,0.0,0.0,0.0,0.0,0.0,0.0,4.0,4.0,4.0,0.0,0.0
20,4,20,5,0.2,0.2,0.3,dense,True,20,20,20,4,20,5,12,Shared MILP,stability_full_sequence_per_prompt,radius_derived,5,"0,10,20,30,40",0.0,0.0,0.0,0.0,0.0,1.0,1.0,1.0,0.0,0.0,9.1,9.0,9.25,0.09999999999999964,0.15000000000000036,9.0,9.0,9.0,0.0,0.0,9.0,9.0,9.0,0.0,0.0,9.4,9.0,10.0,0.40000000000000036,0.5999999999999996,0.0,0.0,0.0,0.0,0.0,4.0,4.0,4.0,0.0,0.0,0.0,0.0,0.0,0.0,0.0,4.0,4.0,4.0,0.0,0.0
20,4,20,5,0.2,0.2,0.3,dense,True,20,20,20,4,20,5,13,Shared MILP,stability_full_sequence_per_prompt,radius_derived,5,"0,10,20,30,40",0.0,0.0,0.0,0.0,0.0,1.0,1.0,1.0,0.0,0.0,9.1,9.0,9.25,0.09999999999999964,0.15000000000000036,9.0,9.0,9.0,0.0,0.0,9.0,9.0,9.0,0.0,0.0,9.4,9.0,10.0,0.40000000000000036,0.5999999999999996,0.0,0.0,0.0,0.0,0.0,4.0,4.0,4.0,0.0,0.0,0.0,0.0,0.0,0.0,0.0,4.0,4.0,4.0,0.0,0.0
20,4,20,5,0.2,0.2,0.3,dense,True,20,20,20,4,20,5,14,Shared MILP,stability_full_sequence_per_prompt,radius_derived,5,"0,10,20,30,40",0.0,0.0,0.0,0.0,0.0,1.0,1.0,1.0,0.0,0.0,9.1,9.0,9.25,0.09999999999999964,0.15000000000000036,9.0,9.0,9.0,0.0,0.0,9.0,9.0,9.0,0.0,0.0,9.4,9.0,10.0,0.40000000000000036,0.5999999999999996,0.0,0.0,0.0,0.0,0.0,4.0,4.0,4.0,0.0,0.0,0.0,0.0,0.0,0.0,0.0,4.0,4.0,4.0,0.0,0.0
20,4,20,5,0.2,0.2,0.3,dense,True,20,20,20,4,20,5,15,Shared MILP,stability_full_sequence_per_prompt,radius_derived,5,"0,10,20,30,40",0.0,0.0,0.0,0.0,0.0,1.0,1.0,1.0,0.0,0.0,9.1,9.0,9.25,0.09999999999999964,0.15000000000000036,9.0,9.0,9.0,0.0,0.0,9.0,9.0,9.0,0.0,0.0,9.4,9.0,10.0,0.40000000000000036,0.5999999999999996,0.0,0.0,0.0,0.0,0.0,4.0,4.0,4.0,0.0,0.0,0.0,0.0,0.0,0.0,0.0,4.0,4.0,4.0,0.0,0.0
20,4,20,5,0.2,0.2,0.3,dense,True,20,20,20,4,20,5,16,Shared MILP,stability_full_sequence_per_prompt,radius_derived,5,"0,10,20,30,40",0.0,0.0,0.0,0.0,0.0,1.0,1.0,1.0,0.0,0.0,9.1,9.0,9.25,0.09999999999999964,0.15000000000000036,9.0,9.0,9.0,0.0,0.0,9.0,9.0,9.0,0.0,0.0,9.4,9.0,10.0,0.40000000000000036,0.5999999999999996,0.0,0.0,0.0,0.0,0.0,4.0,4.0,4.0,0.0,0.0,0.0,0.0,0.0,0.0,0.0,4.0,4.0,4.0,0.0,0.0
20,4,20,5,0.2,0.2,0.3,dense,True,20,20,20,4,20,5,17,Shared MILP,stability_full_sequence_per_prompt,radius_derived,5,"0,10,20,30,40",0.0,0.0,0.0,0.0,0.0,1.0,1.0,1.0,0.0,0.0,9.1,9.0,9.25,0.09999999999999964,0.15000000000000036,9.0,9.0,9.0,0.0,0.0,9.0,9.0,9.0,0.0,0.0,9.4,9.0,10.0,0.40000000000000036,0.5999999999999996,0.0,0.0,0.0,0.0,0.0,4.0,4.0,4.0,0.0,0.0,0.0,0.0,0.0,0.0,0.0,4.0,4.0,4.0,0.0,0.0
20,4,20,5,0.2,0.2,0.3,dense,True,20,20,20,4,20,5,18,Shared MILP,stability_full_sequence_per_prompt,radius_derived,5,"0,10,20,30,40",0.0,0.0,0.0,0.0,0.0,1.0,1.0,1.0,0.0,0.0,9.1,9.0,9.25,0.09999999999999964,0.15000000000000036,9.0,9.0,9.0,0.0,0.0,9.0,9.0,9.0,0.0,0.0,9.4,9.0,10.0,0.40000000000000036,0.5999999999999996,0.0,0.0,0.0,0.0,0.0,4.0,4.0,4.0,0.0,0.0,0.0,0.0,0.0,0.0,0.0,4.0,4.0,4.0,0.0,0.0
20,4,20,5,0.2,0.2,0.3,dense,True,20,20,20,4,20,5,19,Shared MILP,stability_full_sequence_per_prompt,radius_derived,5,"0,10,20,30,40",0.0,0.0,0.0,0.0,0.0,1.0,1.0,1.0,0.0,0.0,9.1,9.0,9.25,0.09999999999999964,0.15000000000000036,9.0,9.0,9.0,0.0,0.0,9.0,9.0,9.0,0.0,0.0,9.4,9.0,10.0,0.40000000000000036,0.5999999999999996,0.0,0.0,0.0,0.0,0.0,4.0,4.0,4.0,0.0,0.0,0.0,0.0,0.0,0.0,0.0,4.0,4.0,4.0,0.0,0.0
20,4,20,5,0.2,0.2,0.3,dense,True,20,20,20,4,20,5,20,Shared MILP,stability_full_sequence_per_prompt,radius_derived,5,"0,10,20,30,40",0.0,0.0,0.0,0.0,0.0,1.0,1.0,1.0,0.0,0.0,9.1,9.0,9.25,0.09999999999999964,0.15000000000000036,9.0,9.0,9.0,0.0,0.0,9.0,9.0,9.0,0.0,0.0,9.4,9.0,10.0,0.40000000000000036,0.5999999999999996,0.0,0.0,0.0,0.0,0.0,4.0,4.0,4.0,0.0,0.0,0.0,0.0,0.0,0.0,0.0,4.0,4.0,4.0,0.0,0.0
20,4,20,5,0.2,0.2,0.3,dense,True,20,20,20,4,20,5,0,Plain DPA max token,validity_full_harmful_sequence_per_prompt,radius_derived,5,"0,10,20,30,40",1.0,1.0,1.0,0.0,0.0,0.0,0.0,0.0,0.0,0.0,6.05,5.25,6.75,0.7999999999999998,0.7000000000000002,6.1,5.0,7.0,1.0999999999999996,0.9000000000000004,5.2,4.0,6.0,1.2000000000000002,0.7999999999999998,6.8,6.0,7.0,0.7999999999999998,0.20000000000000018,4.0,4.0,4.0,0.0,0.0,4.0,4.0,4.0,0.0,0.0,0.0,0.0,0.0,0.0,0.0,4.0,4.0,4.0,0.0,0.0
20,4,20,5,0.2,0.2,0.3,dense,True,20,20,20,4,20,5,1,Plain DPA max token,validity_full_harmful_sequence_per_prompt,radius_derived,5,"0,10,20,30,40",1.0,1.0,1.0,0.0,0.0,0.0,0.0,0.0,0.0,0.0,6.05,5.25,6.75,0.7999999999999998,0.7000000000000002,6.1,5.0,7.0,1.0999999999999996,0.9000000000000004,5.2,4.0,6.0,1.2000000000000002,0.7999999999999998,6.8,6.0,7.0,0.7999999999999998,0.20000000000000018,4.0,4.0,4.0,0.0,0.0,4.0,4.0,4.0,0.0,0.0,0.0,0.0,0.0,0.0,0.0,4.0,4.0,4.0,0.0,0.0
20,4,20,5,0.2,0.2,0.3,dense,True,20,20,20,4,20,5,2,Plain DPA max token,validity_full_harmful_sequence_per_prompt,radius_derived,5,"0,10,20,30,40",1.0,1.0,1.0,0.0,0.0,0.0,0.0,0.0,0.0,0.0,6.05,5.25,6.75,0.7999999999999998,0.7000000000000002,6.1,5.0,7.0,1.0999999999999996,0.9000000000000004,5.2,4.0,6.0,1.2000000000000002,0.7999999999999998,6.8,6.0,7.0,0.7999999999999998,0.20000000000000018,4.0,4.0,4.0,0.0,0.0,4.0,4.0,4.0,0.0,0.0,0.0,0.0,0.0,0.0,0.0,4.0,4.0,4.0,0.0,0.0
20,4,20,5,0.2,0.2,0.3,dense,True,20,20,20,4,20,5,3,Plain DPA max token,validity_full_harmful_sequence_per_prompt,radius_derived,5,"0,10,20,30,40",1.0,1.0,1.0,0.0,0.0,0.0,0.0,0.0,0.0,0.0,6.05,5.25,6.75,0.7999999999999998,0.7000000000000002,6.1,5.0,7.0,1.0999999999999996,0.9000000000000004,5.2,4.0,6.0,1.2000000000000002,0.7999999999999998,6.8,6.0,7.0,0.7999999999999998,0.20000000000000018,4.0,4.0,4.0,0.0,0.0,4.0,4.0,4.0,0.0,0.0,0.0,0.0,0.0,0.0,0.0,4.0,4.0,4.0,0.0,0.0
20,4,20,5,0.2,0.2,0.3,dense,True,20,20,20,4,20,5,4,Plain DPA max token,validity_full_harmful_sequence_per_prompt,radius_derived,5,"0,10,20,30,40",0.95,0.75,1.0,0.19999999999999996,0.050000000000000044,0.05,0.0,0.25,0.05,0.2,6.05,5.25,6.75,0.7999999999999998,0.7000000000000002,6.1,5.0,7.0,1.0999999999999996,0.9000000000000004,5.2,4.0,6.0,1.2000000000000002,0.7999999999999998,6.8,6.0,7.0,0.7999999999999998,0.20000000000000018,3.8,3.0,4.0,0.7999999999999998,0.20000000000000018,4.0,4.0,4.0,0.0,0.0,0.0,0.0,0.0,0.0,0.0,4.0,4.0,4.0,0.0,0.0
20,4,20,5,0.2,0.2,0.3,dense,True,20,20,20,4,20,5,5,Plain DPA max token,validity_full_harmful_sequence_per_prompt,radius_derived,5,"0,10,20,30,40",0.7,0.25,1.0,0.44999999999999996,0.30000000000000004,0.3,0.0,0.75,0.3,0.45,6.05,5.25,6.75,0.7999999999999998,0.7000000000000002,6.1,5.0,7.0,1.0999999999999996,0.9000000000000004,5.2,4.0,6.0,1.2000000000000002,0.7999999999999998,6.8,6.0,7.0,0.7999999999999998,0.20000000000000018,2.8,1.0,4.0,1.7999999999999998,1.2000000000000002,4.0,4.0,4.0,0.0,0.0,0.0,0.0,0.0,0.0,0.0,4.0,4.0,4.0,0.0,0.0
20,4,20,5,0.2,0.2,0.3,dense,True,20,20,20,4,20,5,6,Plain DPA max token,validity_full_harmful_sequence_per_prompt,radius_derived,5,"0,10,20,30,40",0.4,0.0,0.75,0.4,0.35,0.6,0.25,1.0,0.35,0.4,6.05,5.25,6.75,0.7999999999999998,0.7000000000000002,6.1,5.0,7.0,1.0999999999999996,0.9000000000000004,5.2,4.0,6.0,1.2000000000000002,0.7999999999999998,6.8,6.0,7.0,0.7999999999999998,0.20000000000000018,1.6,0.0,3.0,1.6,1.4,4.0,4.0,4.0,0.0,0.0,0.0,0.0,0.0,0.0,0.0,4.0,4.0,4.0,0.0,0.0
20,4,20,5,0.2,0.2,0.3,dense,True,20,20,20,4,20,5,7,Plain DPA max token,validity_full_harmful_sequence_per_prompt,radius_derived,5,"0,10,20,30,40",0.0,0.0,0.0,0.0,0.0,1.0,1.0,1.0,0.0,0.0,6.05,5.25,6.75,0.7999999999999998,0.7000000000000002,6.1,5.0,7.0,1.0999999999999996,0.9000000000000004,5.2,4.0,6.0,1.2000000000000002,0.7999999999999998,6.8,6.0,7.0,0.7999999999999998,0.20000000000000018,0.0,0.0,0.0,0.0,0.0,4.0,4.0,4.0,0.0,0.0,0.0,0.0,0.0,0.0,0.0,4.0,4.0,4.0,0.0,0.0
20,4,20,5,0.2,0.2,0.3,dense,True,20,20,20,4,20,5,8,Plain DPA max token,validity_full_harmful_sequence_per_prompt,radius_derived,5,"0,10,20,30,40",0.0,0.0,0.0,0.0,0.0,1.0,1.0,1.0,0.0,0.0,6.05,5.25,6.75,0.7999999999999998,0.7000000000000002,6.1,5.0,7.0,1.0999999999999996,0.9000000000000004,5.2,4.0,6.0,1.2000000000000002,0.7999999999999998,6.8,6.0,7.0,0.7999999999999998,0.20000000000000018,0.0,0.0,0.0,0.0,0.0,4.0,4.0,4.0,0.0,0.0,0.0,0.0,0.0,0.0,0.0,4.0,4.0,4.0,0.0,0.0
20,4,20,5,0.2,0.2,0.3,dense,True,20,20,20,4,20,5,9,Plain DPA max token,validity_full_harmful_sequence_per_prompt,radius_derived,5,"0,10,20,30,40",0.0,0.0,0.0,0.0,0.0,1.0,1.0,1.0,0.0,0.0,6.05,5.25,6.75,0.7999999999999998,0.7000000000000002,6.1,5.0,7.0,1.0999999999999996,0.9000000000000004,5.2,4.0,6.0,1.2000000000000002,0.7999999999999998,6.8,6.0,7.0,0.7999999999999998,0.20000000000000018,0.0,0.0,0.0,0.0,0.0,4.0,4.0,4.0,0.0,0.0,0.0,0.0,0.0,0.0,0.0,4.0,4.0,4.0,0.0,0.0
20,4,20,5,0.2,0.2,0.3,dense,True,20,20,20,4,20,5,10,Plain DPA max token,validity_full_harmful_sequence_per_prompt,radius_derived,5,"0,10,20,30,40",0.0,0.0,0.0,0.0,0.0,1.0,1.0,1.0,0.0,0.0,6.05,5.25,6.75,0.7999999999999998,0.7000000000000002,6.1,5.0,7.0,1.0999999999999996,0.9000000000000004,5.2,4.0,6.0,1.2000000000000002,0.7999999999999998,6.8,6.0,7.0,0.7999999999999998,0.20000000000000018,0.0,0.0,0.0,0.0,0.0,4.0,4.0,4.0,0.0,0.0,0.0,0.0,0.0,0.0,0.0,4.0,4.0,4.0,0.0,0.0
20,4,20,5,0.2,0.2,0.3,dense,True,20,20,20,4,20,5,11,Plain DPA max token,validity_full_harmful_sequence_per_prompt,radius_derived,5,"0,10,20,30,40",0.0,0.0,0.0,0.0,0.0,1.0,1.0,1.0,0.0,0.0,6.05,5.25,6.75,0.7999999999999998,0.7000000000000002,6.1,5.0,7.0,1.0999999999999996,0.9000000000000004,5.2,4.0,6.0,1.2000000000000002,0.7999999999999998,6.8,6.0,7.0,0.7999999999999998,0.20000000000000018,0.0,0.0,0.0,0.0,0.0,4.0,4.0,4.0,0.0,0.0,0.0,0.0,0.0,0.0,0.0,4.0,4.0,4.0,0.0,0.0
20,4,20,5,0.2,0.2,0.3,dense,True,20,20,20,4,20,5,12,Plain DPA max token,validity_full_harmful_sequence_per_prompt,radius_derived,5,"0,10,20,30,40",0.0,0.0,0.0,0.0,0.0,1.0,1.0,1.0,0.0,0.0,6.05,5.25,6.75,0.7999999999999998,0.7000000000000002,6.1,5.0,7.0,1.0999999999999996,0.9000000000000004,5.2,4.0,6.0,1.2000000000000002,0.7999999999999998,6.8,6.0,7.0,0.7999999999999998,0.20000000000000018,0.0,0.0,0.0,0.0,0.0,4.0,4.0,4.0,0.0,0.0,0.0,0.0,0.0,0.0,0.0,4.0,4.0,4.0,0.0,0.0
20,4,20,5,0.2,0.2,0.3,dense,True,20,20,20,4,20,5,13,Plain DPA max token,validity_full_harmful_sequence_per_prompt,radius_derived,5,"0,10,20,30,40",0.0,0.0,0.0,0.0,0.0,1.0,1.0,1.0,0.0,0.0,6.05,5.25,6.75,0.7999999999999998,0.7000000000000002,6.1,5.0,7.0,1.0999999999999996,0.9000000000000004,5.2,4.0,6.0,1.2000000000000002,0.7999999999999998,6.8,6.0,7.0,0.7999999999999998,0.20000000000000018,0.0,0.0,0.0,0.0,0.0,4.0,4.0,4.0,0.0,0.0,0.0,0.0,0.0,0.0,0.0,4.0,4.0,4.0,0.0,0.0
20,4,20,5,0.2,0.2,0.3,dense,True,20,20,20,4,20,5,14,Plain DPA max token,validity_full_harmful_sequence_per_prompt,radius_derived,5,"0,10,20,30,40",0.0,0.0,0.0,0.0,0.0,1.0,1.0,1.0,0.0,0.0,6.05,5.25,6.75,0.7999999999999998,0.7000000000000002,6.1,5.0,7.0,1.0999999999999996,0.9000000000000004,5.2,4.0,6.0,1.2000000000000002,0.7999999999999998,6.8,6.0,7.0,0.7999999999999998,0.20000000000000018,0.0,0.0,0.0,0.0,0.0,4.0,4.0,4.0,0.0,0.0,0.0,0.0,0.0,0.0,0.0,4.0,4.0,4.0,0.0,0.0
20,4,20,5,0.2,0.2,0.3,dense,True,20,20,20,4,20,5,15,Plain DPA max token,validity_full_harmful_sequence_per_prompt,radius_derived,5,"0,10,20,30,40",0.0,0.0,0.0,0.0,0.0,1.0,1.0,1.0,0.0,0.0,6.05,5.25,6.75,0.7999999999999998,0.7000000000000002,6.1,5.0,7.0,1.0999999999999996,0.9000000000000004,5.2,4.0,6.0,1.2000000000000002,0.7999999999999998,6.8,6.0,7.0,0.7999999999999998,0.20000000000000018,0.0,0.0,0.0,0.0,0.0,4.0,4.0,4.0,0.0,0.0,0.0,0.0,0.0,0.0,0.0,4.0,4.0,4.0,0.0,0.0
20,4,20,5,0.2,0.2,0.3,dense,True,20,20,20,4,20,5,16,Plain DPA max token,validity_full_harmful_sequence_per_prompt,radius_derived,5,"0,10,20,30,40",0.0,0.0,0.0,0.0,0.0,1.0,1.0,1.0,0.0,0.0,6.05,5.25,6.75,0.7999999999999998,0.7000000000000002,6.1,5.0,7.0,1.0999999999999996,0.9000000000000004,5.2,4.0,6.0,1.2000000000000002,0.7999999999999998,6.8,6.0,7.0,0.7999999999999998,0.20000000000000018,0.0,0.0,0.0,0.0,0.0,4.0,4.0,4.0,0.0,0.0,0.0,0.0,0.0,0.0,0.0,4.0,4.0,4.0,0.0,0.0
20,4,20,5,0.2,0.2,0.3,dense,True,20,20,20,4,20,5,17,Plain DPA max token,validity_full_harmful_sequence_per_prompt,radius_derived,5,"0,10,20,30,40",0.0,0.0,0.0,0.0,0.0,1.0,1.0,1.0,0.0,0.0,6.05,5.25,6.75,0.7999999999999998,0.7000000000000002,6.1,5.0,7.0,1.0999999999999996,0.9000000000000004,5.2,4.0,6.0,1.2000000000000002,0.7999999999999998,6.8,6.0,7.0,0.7999999999999998,0.20000000000000018,0.0,0.0,0.0,0.0,0.0,4.0,4.0,4.0,0.0,0.0,0.0,0.0,0.0,0.0,0.0,4.0,4.0,4.0,0.0,0.0
20,4,20,5,0.2,0.2,0.3,dense,True,20,20,20,4,20,5,18,Plain DPA max token,validity_full_harmful_sequence_per_prompt,radius_derived,5,"0,10,20,30,40",0.0,0.0,0.0,0.0,0.0,1.0,1.0,1.0,0.0,0.0,6.05,5.25,6.75,0.7999999999999998,0.7000000000000002,6.1,5.0,7.0,1.0999999999999996,0.9000000000000004,5.2,4.0,6.0,1.2000000000000002,0.7999999999999998,6.8,6.0,7.0,0.7999999999999998,0.20000000000000018,0.0,0.0,0.0,0.0,0.0,4.0,4.0,4.0,0.0,0.0,0.0,0.0,0.0,0.0,0.0,4.0,4.0,4.0,0.0,0.0
20,4,20,5,0.2,0.2,0.3,dense,True,20,20,20,4,20,5,19,Plain DPA max token,validity_full_harmful_sequence_per_prompt,radius_derived,5,"0,10,20,30,40",0.0,0.0,0.0,0.0,0.0,1.0,1.0,1.0,0.0,0.0,6.05,5.25,6.75,0.7999999999999998,0.7000000000000002,6.1,5.0,7.0,1.0999999999999996,0.9000000000000004,5.2,4.0,6.0,1.2000000000000002,0.7999999999999998,6.8,6.0,7.0,0.7999999999999998,0.20000000000000018,0.0,0.0,0.0,0.0,0.0,4.0,4.0,4.0,0.0,0.0,0.0,0.0,0.0,0.0,0.0,4.0,4.0,4.0,0.0,0.0
20,4,20,5,0.2,0.2,0.3,dense,True,20,20,20,4,20,5,20,Plain DPA max token,validity_full_harmful_sequence_per_prompt,radius_derived,5,"0,10,20,30,40",0.0,0.0,0.0,0.0,0.0,1.0,1.0,1.0,0.0,0.0,6.05,5.25,6.75,0.7999999999999998,0.7000000000000002,6.1,5.0,7.0,1.0999999999999996,0.9000000000000004,5.2,4.0,6.0,1.2000000000000002,0.7999999999999998,6.8,6.0,7.0,0.7999999999999998,0.20000000000000018,0.0,0.0,0.0,0.0,0.0,4.0,4.0,4.0,0.0,0.0,0.0,0.0,0.0,0.0,0.0,4.0,4.0,4.0,0.0,0.0
20,4,20,5,0.2,0.2,0.3,dense,True,20,20,20,4,20,5,0,Shard-aware weakest-token diagnostic,weakest_harmful_token_not_full_sequence_validity,radius_derived,5,"0,10,20,30,40",0.0,0.0,0.0,0.0,0.0,1.0,1.0,1.0,0.0,0.0,0.0,0.0,0.0,0.0,0.0,0.0,0.0,0.0,0.0,0.0,0.0,0.0,0.0,0.0,0.0,0.0,0.0,0.0,0.0,0.0,0.0,0.0,0.0,0.0,0.0,4.0,4.0,4.0,0.0,0.0,0.0,0.0,0.0,0.0,0.0,4.0,4.0,4.0,0.0,0.0
20,4,20,5,0.2,0.2,0.3,dense,True,20,20,20,4,20,5,1,Shard-aware weakest-token diagnostic,weakest_harmful_token_not_full_sequence_validity,radius_derived,5,"0,10,20,30,40",0.0,0.0,0.0,0.0,0.0,1.0,1.0,1.0,0.0,0.0,0.0,0.0,0.0,0.0,0.0,0.0,0.0,0.0,0.0,0.0,0.0,0.0,0.0,0.0,0.0,0.0,0.0,0.0,0.0,0.0,0.0,0.0,0.0,0.0,0.0,4.0,4.0,4.0,0.0,0.0,0.0,0.0,0.0,0.0,0.0,4.0,4.0,4.0,0.0,0.0
20,4,20,5,0.2,0.2,0.3,dense,True,20,20,20,4,20,5,2,Shard-aware weakest-token diagnostic,weakest_harmful_token_not_full_sequence_validity,radius_derived,5,"0,10,20,30,40",0.0,0.0,0.0,0.0,0.0,1.0,1.0,1.0,0.0,0.0,0.0,0.0,0.0,0.0,0.0,0.0,0.0,0.0,0.0,0.0,0.0,0.0,0.0,0.0,0.0,0.0,0.0,0.0,0.0,0.0,0.0,0.0,0.0,0.0,0.0,4.0,4.0,4.0,0.0,0.0,0.0,0.0,0.0,0.0,0.0,4.0,4.0,4.0,0.0,0.0
20,4,20,5,0.2,0.2,0.3,dense,True,20,20,20,4,20,5,3,Shard-aware weakest-token diagnostic,weakest_harmful_token_not_full_sequence_validity,radius_derived,5,"0,10,20,30,40",0.0,0.0,0.0,0.0,0.0,1.0,1.0,1.0,0.0,0.0,0.0,0.0,0.0,0.0,0.0,0.0,0.0,0.0,0.0,0.0,0.0,0.0,0.0,0.0,0.0,0.0,0.0,0.0,0.0,0.0,0.0,0.0,0.0,0.0,0.0,4.0,4.0,4.0,0.0,0.0,0.0,0.0,0.0,0.0,0.0,4.0,4.0,4.0,0.0,0.0
20,4,20,5,0.2,0.2,0.3,dense,True,20,20,20,4,20,5,4,Shard-aware weakest-token diagnostic,weakest_harmful_token_not_full_sequence_validity,radius_derived,5,"0,10,20,30,40",0.0,0.0,0.0,0.0,0.0,1.0,1.0,1.0,0.0,0.0,0.0,0.0,0.0,0.0,0.0,0.0,0.0,0.0,0.0,0.0,0.0,0.0,0.0,0.0,0.0,0.0,0.0,0.0,0.0,0.0,0.0,0.0,0.0,0.0,0.0,4.0,4.0,4.0,0.0,0.0,0.0,0.0,0.0,0.0,0.0,4.0,4.0,4.0,0.0,0.0
20,4,20,5,0.2,0.2,0.3,dense,True,20,20,20,4,20,5,5,Shard-aware weakest-token diagnostic,weakest_harmful_token_not_full_sequence_validity,radius_derived,5,"0,10,20,30,40",0.0,0.0,0.0,0.0,0.0,1.0,1.0,1.0,0.0,0.0,0.0,0.0,0.0,0.0,0.0,0.0,0.0,0.0,0.0,0.0,0.0,0.0,0.0,0.0,0.0,0.0,0.0,0.0,0.0,0.0,0.0,0.0,0.0,0.0,0.0,4.0,4.0,4.0,0.0,0.0,0.0,0.0,0.0,0.0,0.0,4.0,4.0,4.0,0.0,0.0
20,4,20,5,0.2,0.2,0.3,dense,True,20,20,20,4,20,5,6,Shard-aware weakest-token diagnostic,weakest_harmful_token_not_full_sequence_validity,radius_derived,5,"0,10,20,30,40",0.0,0.0,0.0,0.0,0.0,1.0,1.0,1.0,0.0,0.0,0.0,0.0,0.0,0.0,0.0,0.0,0.0,0.0,0.0,0.0,0.0,0.0,0.0,0.0,0.0,0.0,0.0,0.0,0.0,0.0,0.0,0.0,0.0,0.0,0.0,4.0,4.0,4.0,0.0,0.0,0.0,0.0,0.0,0.0,0.0,4.0,4.0,4.0,0.0,0.0
20,4,20,5,0.2,0.2,0.3,dense,True,20,20,20,4,20,5,7,Shard-aware weakest-token diagnostic,weakest_harmful_token_not_full_sequence_validity,radius_derived,5,"0,10,20,30,40",0.0,0.0,0.0,0.0,0.0,1.0,1.0,1.0,0.0,0.0,0.0,0.0,0.0,0.0,0.0,0.0,0.0,0.0,0.0,0.0,0.0,0.0,0.0,0.0,0.0,0.0,0.0,0.0,0.0,0.0,0.0,0.0,0.0,0.0,0.0,4.0,4.0,4.0,0.0,0.0,0.0,0.0,0.0,0.0,0.0,4.0,4.0,4.0,0.0,0.0
20,4,20,5,0.2,0.2,0.3,dense,True,20,20,20,4,20,5,8,Shard-aware weakest-token diagnostic,weakest_harmful_token_not_full_sequence_validity,radius_derived,5,"0,10,20,30,40",0.0,0.0,0.0,0.0,0.0,1.0,1.0,1.0,0.0,0.0,0.0,0.0,0.0,0.0,0.0,0.0,0.0,0.0,0.0,0.0,0.0,0.0,0.0,0.0,0.0,0.0,0.0,0.0,0.0,0.0,0.0,0.0,0.0,0.0,0.0,4.0,4.0,4.0,0.0,0.0,0.0,0.0,0.0,0.0,0.0,4.0,4.0,4.0,0.0,0.0
20,4,20,5,0.2,0.2,0.3,dense,True,20,20,20,4,20,5,9,Shard-aware weakest-token diagnostic,weakest_harmful_token_not_full_sequence_validity,radius_derived,5,"0,10,20,30,40",0.0,0.0,0.0,0.0,0.0,1.0,1.0,1.0,0.0,0.0,0.0,0.0,0.0,0.0,0.0,0.0,0.0,0.0,0.0,0.0,0.0,0.0,0.0,0.0,0.0,0.0,0.0,0.0,0.0,0.0,0.0,0.0,0.0,0.0,0.0,4.0,4.0,4.0,0.0,0.0,0.0,0.0,0.0,0.0,0.0,4.0,4.0,4.0,0.0,0.0
20,4,20,5,0.2,0.2,0.3,dense,True,20,20,20,4,20,5,10,Shard-aware weakest-token diagnostic,weakest_harmful_token_not_full_sequence_validity,radius_derived,5,"0,10,20,30,40",0.0,0.0,0.0,0.0,0.0,1.0,1.0,1.0,0.0,0.0,0.0,0.0,0.0,0.0,0.0,0.0,0.0,0.0,0.0,0.0,0.0,0.0,0.0,0.0,0.0,0.0,0.0,0.0,0.0,0.0,0.0,0.0,0.0,0.0,0.0,4.0,4.0,4.0,0.0,0.0,0.0,0.0,0.0,0.0,0.0,4.0,4.0,4.0,0.0,0.0
20,4,20,5,0.2,0.2,0.3,dense,True,20,20,20,4,20,5,11,Shard-aware weakest-token diagnostic,weakest_harmful_token_not_full_sequence_validity,radius_derived,5,"0,10,20,30,40",0.0,0.0,0.0,0.0,0.0,1.0,1.0,1.0,0.0,0.0,0.0,0.0,0.0,0.0,0.0,0.0,0.0,0.0,0.0,0.0,0.0,0.0,0.0,0.0,0.0,0.0,0.0,0.0,0.0,0.0,0.0,0.0,0.0,0.0,0.0,4.0,4.0,4.0,0.0,0.0,0.0,0.0,0.0,0.0,0.0,4.0,4.0,4.0,0.0,0.0
20,4,20,5,0.2,0.2,0.3,dense,True,20,20,20,4,20,5,12,Shard-aware weakest-token diagnostic,weakest_harmful_token_not_full_sequence_validity,radius_derived,5,"0,10,20,30,40",0.0,0.0,0.0,0.0,0.0,1.0,1.0,1.0,0.0,0.0,0.0,0.0,0.0,0.0,0.0,0.0,0.0,0.0,0.0,0.0,0.0,0.0,0.0,0.0,0.0,0.0,0.0,0.0,0.0,0.0,0.0,0.0,0.0,0.0,0.0,4.0,4.0,4.0,0.0,0.0,0.0,0.0,0.0,0.0,0.0,4.0,4.0,4.0,0.0,0.0
20,4,20,5,0.2,0.2,0.3,dense,True,20,20,20,4,20,5,13,Shard-aware weakest-token diagnostic,weakest_harmful_token_not_full_sequence_validity,radius_derived,5,"0,10,20,30,40",0.0,0.0,0.0,0.0,0.0,1.0,1.0,1.0,0.0,0.0,0.0,0.0,0.0,0.0,0.0,0.0,0.0,0.0,0.0,0.0,0.0,0.0,0.0,0.0,0.0,0.0,0.0,0.0,0.0,0.0,0.0,0.0,0.0,0.0,0.0,4.0,4.0,4.0,0.0,0.0,0.0,0.0,0.0,0.0,0.0,4.0,4.0,4.0,0.0,0.0
20,4,20,5,0.2,0.2,0.3,dense,True,20,20,20,4,20,5,14,Shard-aware weakest-token diagnostic,weakest_harmful_token_not_full_sequence_validity,radius_derived,5,"0,10,20,30,40",0.0,0.0,0.0,0.0,0.0,1.0,1.0,1.0,0.0,0.0,0.0,0.0,0.0,0.0,0.0,0.0,0.0,0.0,0.0,0.0,0.0,0.0,0.0,0.0,0.0,0.0,0.0,0.0,0.0,0.0,0.0,0.0,0.0,0.0,0.0,4.0,4.0,4.0,0.0,0.0,0.0,0.0,0.0,0.0,0.0,4.0,4.0,4.0,0.0,0.0
20,4,20,5,0.2,0.2,0.3,dense,True,20,20,20,4,20,5,15,Shard-aware weakest-token diagnostic,weakest_harmful_token_not_full_sequence_validity,radius_derived,5,"0,10,20,30,40",0.0,0.0,0.0,0.0,0.0,1.0,1.0,1.0,0.0,0.0,0.0,0.0,0.0,0.0,0.0,0.0,0.0,0.0,0.0,0.0,0.0,0.0,0.0,0.0,0.0,0.0,0.0,0.0,0.0,0.0,0.0,0.0,0.0,0.0,0.0,4.0,4.0,4.0,0.0,0.0,0.0,0.0,0.0,0.0,0.0,4.0,4.0,4.0,0.0,0.0
20,4,20,5,0.2,0.2,0.3,dense,True,20,20,20,4,20,5,16,Shard-aware weakest-token diagnostic,weakest_harmful_token_not_full_sequence_validity,radius_derived,5,"0,10,20,30,40",0.0,0.0,0.0,0.0,0.0,1.0,1.0,1.0,0.0,0.0,0.0,0.0,0.0,0.0,0.0,0.0,0.0,0.0,0.0,0.0,0.0,0.0,0.0,0.0,0.0,0.0,0.0,0.0,0.0,0.0,0.0,0.0,0.0,0.0,0.0,4.0,4.0,4.0,0.0,0.0,0.0,0.0,0.0,0.0,0.0,4.0,4.0,4.0,0.0,0.0
20,4,20,5,0.2,0.2,0.3,dense,True,20,20,20,4,20,5,17,Shard-aware weakest-token diagnostic,weakest_harmful_token_not_full_sequence_validity,radius_derived,5,"0,10,20,30,40",0.0,0.0,0.0,0.0,0.0,1.0,1.0,1.0,0.0,0.0,0.0,0.0,0.0,0.0,0.0,0.0,0.0,0.0,0.0,0.0,0.0,0.0,0.0,0.0,0.0,0.0,0.0,0.0,0.0,0.0,0.0,0.0,0.0,0.0,0.0,4.0,4.0,4.0,0.0,0.0,0.0,0.0,0.0,0.0,0.0,4.0,4.0,4.0,0.0,0.0
20,4,20,5,0.2,0.2,0.3,dense,True,20,20,20,4,20,5,18,Shard-aware weakest-token diagnostic,weakest_harmful_token_not_full_sequence_validity,radius_derived,5,"0,10,20,30,40",0.0,0.0,0.0,0.0,0.0,1.0,1.0,1.0,0.0,0.0,0.0,0.0,0.0,0.0,0.0,0.0,0.0,0.0,0.0,0.0,0.0,0.0,0.0,0.0,0.0,0.0,0.0,0.0,0.0,0.0,0.0,0.0,0.0,0.0,0.0,4.0,4.0,4.0,0.0,0.0,0.0,0.0,0.0,0.0,0.0,4.0,4.0,4.0,0.0,0.0
20,4,20,5,0.2,0.2,0.3,dense,True,20,20,20,4,20,5,19,Shard-aware weakest-token diagnostic,weakest_harmful_token_not_full_sequence_validity,radius_derived,5,"0,10,20,30,40",0.0,0.0,0.0,0.0,0.0,1.0,1.0,1.0,0.0,0.0,0.0,0.0,0.0,0.0,0.0,0.0,0.0,0.0,0.0,0.0,0.0,0.0,0.0,0.0,0.0,0.0,0.0,0.0,0.0,0.0,0.0,0.0,0.0,0.0,0.0,4.0,4.0,4.0,0.0,0.0,0.0,0.0,0.0,0.0,0.0,4.0,4.0,4.0,0.0,0.0
20,4,20,5,0.2,0.2,0.3,dense,True,20,20,20,4,20,5,20,Shard-aware weakest-token diagnostic,weakest_harmful_token_not_full_sequence_validity,radius_derived,5,"0,10,20,30,40",0.0,0.0,0.0,0.0,0.0,1.0,1.0,1.0,0.0,0.0,0.0,0.0,0.0,0.0,0.0,0.0,0.0,0.0,0.0,0.0,0.0,0.0,0.0,0.0,0.0,0.0,0.0,0.0,0.0,0.0,0.0,0.0,0.0,0.0,0.0,4.0,4.0,4.0,0.0,0.0,0.0,0.0,0.0,0.0,0.0,4.0,4.0,4.0,0.0,0.0
20,4,20,5,0.2,0.2,0.3,dense,True,20,20,20,4,20,5,0,Shard-aware independent max-token diagnostic,most_difficult_harmful_token_not_full_sequence_validity,radius_derived,5,"0,10,20,30,40",1.0,1.0,1.0,0.0,0.0,0.0,0.0,0.0,0.0,0.0,6.05,5.25,6.75,0.7999999999999998,0.7000000000000002,6.1,5.0,7.0,1.0999999999999996,0.9000000000000004,5.2,4.0,6.0,1.2000000000000002,0.7999999999999998,6.8,6.0,7.0,0.7999999999999998,0.20000000000000018,4.0,4.0,4.0,0.0,0.0,4.0,4.0,4.0,0.0,0.0,0.0,0.0,0.0,0.0,0.0,4.0,4.0,4.0,0.0,0.0
20,4,20,5,0.2,0.2,0.3,dense,True,20,20,20,4,20,5,1,Shard-aware independent max-token diagnostic,most_difficult_harmful_token_not_full_sequence_validity,radius_derived,5,"0,10,20,30,40",1.0,1.0,1.0,0.0,0.0,0.0,0.0,0.0,0.0,0.0,6.05,5.25,6.75,0.7999999999999998,0.7000000000000002,6.1,5.0,7.0,1.0999999999999996,0.9000000000000004,5.2,4.0,6.0,1.2000000000000002,0.7999999999999998,6.8,6.0,7.0,0.7999999999999998,0.20000000000000018,4.0,4.0,4.0,0.0,0.0,4.0,4.0,4.0,0.0,0.0,0.0,0.0,0.0,0.0,0.0,4.0,4.0,4.0,0.0,0.0
20,4,20,5,0.2,0.2,0.3,dense,True,20,20,20,4,20,5,2,Shard-aware independent max-token diagnostic,most_difficult_harmful_token_not_full_sequence_validity,radius_derived,5,"0,10,20,30,40",1.0,1.0,1.0,0.0,0.0,0.0,0.0,0.0,0.0,0.0,6.05,5.25,6.75,0.7999999999999998,0.7000000000000002,6.1,5.0,7.0,1.0999999999999996,0.9000000000000004,5.2,4.0,6.0,1.2000000000000002,0.7999999999999998,6.8,6.0,7.0,0.7999999999999998,0.20000000000000018,4.0,4.0,4.0,0.0,0.0,4.0,4.0,4.0,0.0,0.0,0.0,0.0,0.0,0.0,0.0,4.0,4.0,4.0,0.0,0.0
20,4,20,5,0.2,0.2,0.3,dense,True,20,20,20,4,20,5,3,Shard-aware independent max-token diagnostic,most_difficult_harmful_token_not_full_sequence_validity,radius_derived,5,"0,10,20,30,40",1.0,1.0,1.0,0.0,0.0,0.0,0.0,0.0,0.0,0.0,6.05,5.25,6.75,0.7999999999999998,0.7000000000000002,6.1,5.0,7.0,1.0999999999999996,0.9000000000000004,5.2,4.0,6.0,1.2000000000000002,0.7999999999999998,6.8,6.0,7.0,0.7999999999999998,0.20000000000000018,4.0,4.0,4.0,0.0,0.0,4.0,4.0,4.0,0.0,0.0,0.0,0.0,0.0,0.0,0.0,4.0,4.0,4.0,0.0,0.0
20,4,20,5,0.2,0.2,0.3,dense,True,20,20,20,4,20,5,4,Shard-aware independent max-token diagnostic,most_difficult_harmful_token_not_full_sequence_validity,radius_derived,5,"0,10,20,30,40",0.95,0.75,1.0,0.19999999999999996,0.050000000000000044,0.05,0.0,0.25,0.05,0.2,6.05,5.25,6.75,0.7999999999999998,0.7000000000000002,6.1,5.0,7.0,1.0999999999999996,0.9000000000000004,5.2,4.0,6.0,1.2000000000000002,0.7999999999999998,6.8,6.0,7.0,0.7999999999999998,0.20000000000000018,3.8,3.0,4.0,0.7999999999999998,0.20000000000000018,4.0,4.0,4.0,0.0,0.0,0.0,0.0,0.0,0.0,0.0,4.0,4.0,4.0,0.0,0.0
20,4,20,5,0.2,0.2,0.3,dense,True,20,20,20,4,20,5,5,Shard-aware independent max-token diagnostic,most_difficult_harmful_token_not_full_sequence_validity,radius_derived,5,"0,10,20,30,40",0.7,0.25,1.0,0.44999999999999996,0.30000000000000004,0.3,0.0,0.75,0.3,0.45,6.05,5.25,6.75,0.7999999999999998,0.7000000000000002,6.1,5.0,7.0,1.0999999999999996,0.9000000000000004,5.2,4.0,6.0,1.2000000000000002,0.7999999999999998,6.8,6.0,7.0,0.7999999999999998,0.20000000000000018,2.8,1.0,4.0,1.7999999999999998,1.2000000000000002,4.0,4.0,4.0,0.0,0.0,0.0,0.0,0.0,0.0,0.0,4.0,4.0,4.0,0.0,0.0
20,4,20,5,0.2,0.2,0.3,dense,True,20,20,20,4,20,5,6,Shard-aware independent max-token diagnostic,most_difficult_harmful_token_not_full_sequence_validity,radius_derived,5,"0,10,20,30,40",0.4,0.0,0.75,0.4,0.35,0.6,0.25,1.0,0.35,0.4,6.05,5.25,6.75,0.7999999999999998,0.7000000000000002,6.1,5.0,7.0,1.0999999999999996,0.9000000000000004,5.2,4.0,6.0,1.2000000000000002,0.7999999999999998,6.8,6.0,7.0,0.7999999999999998,0.20000000000000018,1.6,0.0,3.0,1.6,1.4,4.0,4.0,4.0,0.0,0.0,0.0,0.0,0.0,0.0,0.0,4.0,4.0,4.0,0.0,0.0
20,4,20,5,0.2,0.2,0.3,dense,True,20,20,20,4,20,5,7,Shard-aware independent max-token diagnostic,most_difficult_harmful_token_not_full_sequence_validity,radius_derived,5,"0,10,20,30,40",0.0,0.0,0.0,0.0,0.0,1.0,1.0,1.0,0.0,0.0,6.05,5.25,6.75,0.7999999999999998,0.7000000000000002,6.1,5.0,7.0,1.0999999999999996,0.9000000000000004,5.2,4.0,6.0,1.2000000000000002,0.7999999999999998,6.8,6.0,7.0,0.7999999999999998,0.20000000000000018,0.0,0.0,0.0,0.0,0.0,4.0,4.0,4.0,0.0,0.0,0.0,0.0,0.0,0.0,0.0,4.0,4.0,4.0,0.0,0.0
20,4,20,5,0.2,0.2,0.3,dense,True,20,20,20,4,20,5,8,Shard-aware independent max-token diagnostic,most_difficult_harmful_token_not_full_sequence_validity,radius_derived,5,"0,10,20,30,40",0.0,0.0,0.0,0.0,0.0,1.0,1.0,1.0,0.0,0.0,6.05,5.25,6.75,0.7999999999999998,0.7000000000000002,6.1,5.0,7.0,1.0999999999999996,0.9000000000000004,5.2,4.0,6.0,1.2000000000000002,0.7999999999999998,6.8,6.0,7.0,0.7999999999999998,0.20000000000000018,0.0,0.0,0.0,0.0,0.0,4.0,4.0,4.0,0.0,0.0,0.0,0.0,0.0,0.0,0.0,4.0,4.0,4.0,0.0,0.0
20,4,20,5,0.2,0.2,0.3,dense,True,20,20,20,4,20,5,9,Shard-aware independent max-token diagnostic,most_difficult_harmful_token_not_full_sequence_validity,radius_derived,5,"0,10,20,30,40",0.0,0.0,0.0,0.0,0.0,1.0,1.0,1.0,0.0,0.0,6.05,5.25,6.75,0.7999999999999998,0.7000000000000002,6.1,5.0,7.0,1.0999999999999996,0.9000000000000004,5.2,4.0,6.0,1.2000000000000002,0.7999999999999998,6.8,6.0,7.0,0.7999999999999998,0.20000000000000018,0.0,0.0,0.0,0.0,0.0,4.0,4.0,4.0,0.0,0.0,0.0,0.0,0.0,0.0,0.0,4.0,4.0,4.0,0.0,0.0
20,4,20,5,0.2,0.2,0.3,dense,True,20,20,20,4,20,5,10,Shard-aware independent max-token diagnostic,most_difficult_harmful_token_not_full_sequence_validity,radius_derived,5,"0,10,20,30,40",0.0,0.0,0.0,0.0,0.0,1.0,1.0,1.0,0.0,0.0,6.05,5.25,6.75,0.7999999999999998,0.7000000000000002,6.1,5.0,7.0,1.0999999999999996,0.9000000000000004,5.2,4.0,6.0,1.2000000000000002,0.7999999999999998,6.8,6.0,7.0,0.7999999999999998,0.20000000000000018,0.0,0.0,0.0,0.0,0.0,4.0,4.0,4.0,0.0,0.0,0.0,0.0,0.0,0.0,0.0,4.0,4.0,4.0,0.0,0.0
20,4,20,5,0.2,0.2,0.3,dense,True,20,20,20,4,20,5,11,Shard-aware independent max-token diagnostic,most_difficult_harmful_token_not_full_sequence_validity,radius_derived,5,"0,10,20,30,40",0.0,0.0,0.0,0.0,0.0,1.0,1.0,1.0,0.0,0.0,6.05,5.25,6.75,0.7999999999999998,0.7000000000000002,6.1,5.0,7.0,1.0999999999999996,0.9000000000000004,5.2,4.0,6.0,1.2000000000000002,0.7999999999999998,6.8,6.0,7.0,0.7999999999999998,0.20000000000000018,0.0,0.0,0.0,0.0,0.0,4.0,4.0,4.0,0.0,0.0,0.0,0.0,0.0,0.0,0.0,4.0,4.0,4.0,0.0,0.0
20,4,20,5,0.2,0.2,0.3,dense,True,20,20,20,4,20,5,12,Shard-aware independent max-token diagnostic,most_difficult_harmful_token_not_full_sequence_validity,radius_derived,5,"0,10,20,30,40",0.0,0.0,0.0,0.0,0.0,1.0,1.0,1.0,0.0,0.0,6.05,5.25,6.75,0.7999999999999998,0.7000000000000002,6.1,5.0,7.0,1.0999999999999996,0.9000000000000004,5.2,4.0,6.0,1.2000000000000002,0.7999999999999998,6.8,6.0,7.0,0.7999999999999998,0.20000000000000018,0.0,0.0,0.0,0.0,0.0,4.0,4.0,4.0,0.0,0.0,0.0,0.0,0.0,0.0,0.0,4.0,4.0,4.0,0.0,0.0
20,4,20,5,0.2,0.2,0.3,dense,True,20,20,20,4,20,5,13,Shard-aware independent max-token diagnostic,most_difficult_harmful_token_not_full_sequence_validity,radius_derived,5,"0,10,20,30,40",0.0,0.0,0.0,0.0,0.0,1.0,1.0,1.0,0.0,0.0,6.05,5.25,6.75,0.7999999999999998,0.7000000000000002,6.1,5.0,7.0,1.0999999999999996,0.9000000000000004,5.2,4.0,6.0,1.2000000000000002,0.7999999999999998,6.8,6.0,7.0,0.7999999999999998,0.20000000000000018,0.0,0.0,0.0,0.0,0.0,4.0,4.0,4.0,0.0,0.0,0.0,0.0,0.0,0.0,0.0,4.0,4.0,4.0,0.0,0.0
20,4,20,5,0.2,0.2,0.3,dense,True,20,20,20,4,20,5,14,Shard-aware independent max-token diagnostic,most_difficult_harmful_token_not_full_sequence_validity,radius_derived,5,"0,10,20,30,40",0.0,0.0,0.0,0.0,0.0,1.0,1.0,1.0,0.0,0.0,6.05,5.25,6.75,0.7999999999999998,0.7000000000000002,6.1,5.0,7.0,1.0999999999999996,0.9000000000000004,5.2,4.0,6.0,1.2000000000000002,0.7999999999999998,6.8,6.0,7.0,0.7999999999999998,0.20000000000000018,0.0,0.0,0.0,0.0,0.0,4.0,4.0,4.0,0.0,0.0,0.0,0.0,0.0,0.0,0.0,4.0,4.0,4.0,0.0,0.0
20,4,20,5,0.2,0.2,0.3,dense,True,20,20,20,4,20,5,15,Shard-aware independent max-token diagnostic,most_difficult_harmful_token_not_full_sequence_validity,radius_derived,5,"0,10,20,30,40",0.0,0.0,0.0,0.0,0.0,1.0,1.0,1.0,0.0,0.0,6.05,5.25,6.75,0.7999999999999998,0.7000000000000002,6.1,5.0,7.0,1.0999999999999996,0.9000000000000004,5.2,4.0,6.0,1.2000000000000002,0.7999999999999998,6.8,6.0,7.0,0.7999999999999998,0.20000000000000018,0.0,0.0,0.0,0.0,0.0,4.0,4.0,4.0,0.0,0.0,0.0,0.0,0.0,0.0,0.0,4.0,4.0,4.0,0.0,0.0
20,4,20,5,0.2,0.2,0.3,dense,True,20,20,20,4,20,5,16,Shard-aware independent max-token diagnostic,most_difficult_harmful_token_not_full_sequence_validity,radius_derived,5,"0,10,20,30,40",0.0,0.0,0.0,0.0,0.0,1.0,1.0,1.0,0.0,0.0,6.05,5.25,6.75,0.7999999999999998,0.7000000000000002,6.1,5.0,7.0,1.0999999999999996,0.9000000000000004,5.2,4.0,6.0,1.2000000000000002,0.7999999999999998,6.8,6.0,7.0,0.7999999999999998,0.20000000000000018,0.0,0.0,0.0,0.0,0.0,4.0,4.0,4.0,0.0,0.0,0.0,0.0,0.0,0.0,0.0,4.0,4.0,4.0,0.0,0.0
20,4,20,5,0.2,0.2,0.3,dense,True,20,20,20,4,20,5,17,Shard-aware independent max-token diagnostic,most_difficult_harmful_token_not_full_sequence_validity,radius_derived,5,"0,10,20,30,40",0.0,0.0,0.0,0.0,0.0,1.0,1.0,1.0,0.0,0.0,6.05,5.25,6.75,0.7999999999999998,0.7000000000000002,6.1,5.0,7.0,1.0999999999999996,0.9000000000000004,5.2,4.0,6.0,1.2000000000000002,0.7999999999999998,6.8,6.0,7.0,0.7999999999999998,0.20000000000000018,0.0,0.0,0.0,0.0,0.0,4.0,4.0,4.0,0.0,0.0,0.0,0.0,0.0,0.0,0.0,4.0,4.0,4.0,0.0,0.0
20,4,20,5,0.2,0.2,0.3,dense,True,20,20,20,4,20,5,18,Shard-aware independent max-token diagnostic,most_difficult_harmful_token_not_full_sequence_validity,radius_derived,5,"0,10,20,30,40",0.0,0.0,0.0,0.0,0.0,1.0,1.0,1.0,0.0,0.0,6.05,5.25,6.75,0.7999999999999998,0.7000000000000002,6.1,5.0,7.0,1.0999999999999996,0.9000000000000004,5.2,4.0,6.0,1.2000000000000002,0.7999999999999998,6.8,6.0,7.0,0.7999999999999998,0.20000000000000018,0.0,0.0,0.0,0.0,0.0,4.0,4.0,4.0,0.0,0.0,0.0,0.0,0.0,0.0,0.0,4.0,4.0,4.0,0.0,0.0
20,4,20,5,0.2,0.2,0.3,dense,True,20,20,20,4,20,5,19,Shard-aware independent max-token diagnostic,most_difficult_harmful_token_not_full_sequence_validity,radius_derived,5,"0,10,20,30,40",0.0,0.0,0.0,0.0,0.0,1.0,1.0,1.0,0.0,0.0,6.05,5.25,6.75,0.7999999999999998,0.7000000000000002,6.1,5.0,7.0,1.0999999999999996,0.9000000000000004,5.2,4.0,6.0,1.2000000000000002,0.7999999999999998,6.8,6.0,7.0,0.7999999999999998,0.20000000000000018,0.0,0.0,0.0,0.0,0.0,4.0,4.0,4.0,0.0,0.0,0.0,0.0,0.0,0.0,0.0,4.0,4.0,4.0,0.0,0.0
20,4,20,5,0.2,0.2,0.3,dense,True,20,20,20,4,20,5,20,Shard-aware independent max-token diagnostic,most_difficult_harmful_token_not_full_sequence_validity,radius_derived,5,"0,10,20,30,40",0.0,0.0,0.0,0.0,0.0,1.0,1.0,1.0,0.0,0.0,6.05,5.25,6.75,0.7999999999999998,0.7000000000000002,6.1,5.0,7.0,1.0999999999999996,0.9000000000000004,5.2,4.0,6.0,1.2000000000000002,0.7999999999999998,6.8,6.0,7.0,0.7999999999999998,0.20000000000000018,0.0,0.0,0.0,0.0,0.0,4.0,4.0,4.0,0.0,0.0,0.0,0.0,0.0,0.0,0.0,4.0,4.0,4.0,0.0,0.0
20,4,20,5,0.2,0.2,0.3,dense,True,20,20,20,4,20,5,0,TPA max-token phrase baseline,validity_full_harmful_sequence_per_prompt,radius_derived,5,"0,10,20,30,40",1.0,1.0,1.0,0.0,0.0,0.0,0.0,0.0,0.0,0.0,6.05,5.25,6.75,0.7999999999999998,0.7000000000000002,6.1,5.0,7.0,1.0999999999999996,0.9000000000000004,5.2,4.0,6.0,1.2000000000000002,0.7999999999999998,6.8,6.0,7.0,0.7999999999999998,0.20000000000000018,4.0,4.0,4.0,0.0,0.0,4.0,4.0,4.0,0.0,0.0,0.0,0.0,0.0,0.0,0.0,4.0,4.0,4.0,0.0,0.0
20,4,20,5,0.2,0.2,0.3,dense,True,20,20,20,4,20,5,1,TPA max-token phrase baseline,validity_full_harmful_sequence_per_prompt,radius_derived,5,"0,10,20,30,40",1.0,1.0,1.0,0.0,0.0,0.0,0.0,0.0,0.0,0.0,6.05,5.25,6.75,0.7999999999999998,0.7000000000000002,6.1,5.0,7.0,1.0999999999999996,0.9000000000000004,5.2,4.0,6.0,1.2000000000000002,0.7999999999999998,6.8,6.0,7.0,0.7999999999999998,0.20000000000000018,4.0,4.0,4.0,0.0,0.0,4.0,4.0,4.0,0.0,0.0,0.0,0.0,0.0,0.0,0.0,4.0,4.0,4.0,0.0,0.0
20,4,20,5,0.2,0.2,0.3,dense,True,20,20,20,4,20,5,2,TPA max-token phrase baseline,validity_full_harmful_sequence_per_prompt,radius_derived,5,"0,10,20,30,40",1.0,1.0,1.0,0.0,0.0,0.0,0.0,0.0,0.0,0.0,6.05,5.25,6.75,0.7999999999999998,0.7000000000000002,6.1,5.0,7.0,1.0999999999999996,0.9000000000000004,5.2,4.0,6.0,1.2000000000000002,0.7999999999999998,6.8,6.0,7.0,0.7999999999999998,0.20000000000000018,4.0,4.0,4.0,0.0,0.0,4.0,4.0,4.0,0.0,0.0,0.0,0.0,0.0,0.0,0.0,4.0,4.0,4.0,0.0,0.0
20,4,20,5,0.2,0.2,0.3,dense,True,20,20,20,4,20,5,3,TPA max-token phrase baseline,validity_full_harmful_sequence_per_prompt,radius_derived,5,"0,10,20,30,40",1.0,1.0,1.0,0.0,0.0,0.0,0.0,0.0,0.0,0.0,6.05,5.25,6.75,0.7999999999999998,0.7000000000000002,6.1,5.0,7.0,1.0999999999999996,0.9000000000000004,5.2,4.0,6.0,1.2000000000000002,0.7999999999999998,6.8,6.0,7.0,0.7999999999999998,0.20000000000000018,4.0,4.0,4.0,0.0,0.0,4.0,4.0,4.0,0.0,0.0,0.0,0.0,0.0,0.0,0.0,4.0,4.0,4.0,0.0,0.0
20,4,20,5,0.2,0.2,0.3,dense,True,20,20,20,4,20,5,4,TPA max-token phrase baseline,validity_full_harmful_sequence_per_prompt,radius_derived,5,"0,10,20,30,40",0.95,0.75,1.0,0.19999999999999996,0.050000000000000044,0.05,0.0,0.25,0.05,0.2,6.05,5.25,6.75,0.7999999999999998,0.7000000000000002,6.1,5.0,7.0,1.0999999999999996,0.9000000000000004,5.2,4.0,6.0,1.2000000000000002,0.7999999999999998,6.8,6.0,7.0,0.7999999999999998,0.20000000000000018,3.8,3.0,4.0,0.7999999999999998,0.20000000000000018,4.0,4.0,4.0,0.0,0.0,0.0,0.0,0.0,0.0,0.0,4.0,4.0,4.0,0.0,0.0
20,4,20,5,0.2,0.2,0.3,dense,True,20,20,20,4,20,5,5,TPA max-token phrase baseline,validity_full_harmful_sequence_per_prompt,radius_derived,5,"0,10,20,30,40",0.7,0.25,1.0,0.44999999999999996,0.30000000000000004,0.3,0.0,0.75,0.3,0.45,6.05,5.25,6.75,0.7999999999999998,0.7000000000000002,6.1,5.0,7.0,1.0999999999999996,0.9000000000000004,5.2,4.0,6.0,1.2000000000000002,0.7999999999999998,6.8,6.0,7.0,0.7999999999999998,0.20000000000000018,2.8,1.0,4.0,1.7999999999999998,1.2000000000000002,4.0,4.0,4.0,0.0,0.0,0.0,0.0,0.0,0.0,0.0,4.0,4.0,4.0,0.0,0.0
20,4,20,5,0.2,0.2,0.3,dense,True,20,20,20,4,20,5,6,TPA max-token phrase baseline,validity_full_harmful_sequence_per_prompt,radius_derived,5,"0,10,20,30,40",0.4,0.0,0.75,0.4,0.35,0.6,0.25,1.0,0.35,0.4,6.05,5.25,6.75,0.7999999999999998,0.7000000000000002,6.1,5.0,7.0,1.0999999999999996,0.9000000000000004,5.2,4.0,6.0,1.2000000000000002,0.7999999999999998,6.8,6.0,7.0,0.7999999999999998,0.20000000000000018,1.6,0.0,3.0,1.6,1.4,4.0,4.0,4.0,0.0,0.0,0.0,0.0,0.0,0.0,0.0,4.0,4.0,4.0,0.0,0.0
20,4,20,5,0.2,0.2,0.3,dense,True,20,20,20,4,20,5,7,TPA max-token phrase baseline,validity_full_harmful_sequence_per_prompt,radius_derived,5,"0,10,20,30,40",0.0,0.0,0.0,0.0,0.0,1.0,1.0,1.0,0.0,0.0,6.05,5.25,6.75,0.7999999999999998,0.7000000000000002,6.1,5.0,7.0,1.0999999999999996,0.9000000000000004,5.2,4.0,6.0,1.2000000000000002,0.7999999999999998,6.8,6.0,7.0,0.7999999999999998,0.20000000000000018,0.0,0.0,0.0,0.0,0.0,4.0,4.0,4.0,0.0,0.0,0.0,0.0,0.0,0.0,0.0,4.0,4.0,4.0,0.0,0.0
20,4,20,5,0.2,0.2,0.3,dense,True,20,20,20,4,20,5,8,TPA max-token phrase baseline,validity_full_harmful_sequence_per_prompt,radius_derived,5,"0,10,20,30,40",0.0,0.0,0.0,0.0,0.0,1.0,1.0,1.0,0.0,0.0,6.05,5.25,6.75,0.7999999999999998,0.7000000000000002,6.1,5.0,7.0,1.0999999999999996,0.9000000000000004,5.2,4.0,6.0,1.2000000000000002,0.7999999999999998,6.8,6.0,7.0,0.7999999999999998,0.20000000000000018,0.0,0.0,0.0,0.0,0.0,4.0,4.0,4.0,0.0,0.0,0.0,0.0,0.0,0.0,0.0,4.0,4.0,4.0,0.0,0.0
20,4,20,5,0.2,0.2,0.3,dense,True,20,20,20,4,20,5,9,TPA max-token phrase baseline,validity_full_harmful_sequence_per_prompt,radius_derived,5,"0,10,20,30,40",0.0,0.0,0.0,0.0,0.0,1.0,1.0,1.0,0.0,0.0,6.05,5.25,6.75,0.7999999999999998,0.7000000000000002,6.1,5.0,7.0,1.0999999999999996,0.9000000000000004,5.2,4.0,6.0,1.2000000000000002,0.7999999999999998,6.8,6.0,7.0,0.7999999999999998,0.20000000000000018,0.0,0.0,0.0,0.0,0.0,4.0,4.0,4.0,0.0,0.0,0.0,0.0,0.0,0.0,0.0,4.0,4.0,4.0,0.0,0.0
20,4,20,5,0.2,0.2,0.3,dense,True,20,20,20,4,20,5,10,TPA max-token phrase baseline,validity_full_harmful_sequence_per_prompt,radius_derived,5,"0,10,20,30,40",0.0,0.0,0.0,0.0,0.0,1.0,1.0,1.0,0.0,0.0,6.05,5.25,6.75,0.7999999999999998,0.7000000000000002,6.1,5.0,7.0,1.0999999999999996,0.9000000000000004,5.2,4.0,6.0,1.2000000000000002,0.7999999999999998,6.8,6.0,7.0,0.7999999999999998,0.20000000000000018,0.0,0.0,0.0,0.0,0.0,4.0,4.0,4.0,0.0,0.0,0.0,0.0,0.0,0.0,0.0,4.0,4.0,4.0,0.0,0.0
20,4,20,5,0.2,0.2,0.3,dense,True,20,20,20,4,20,5,11,TPA max-token phrase baseline,validity_full_harmful_sequence_per_prompt,radius_derived,5,"0,10,20,30,40",0.0,0.0,0.0,0.0,0.0,1.0,1.0,1.0,0.0,0.0,6.05,5.25,6.75,0.7999999999999998,0.7000000000000002,6.1,5.0,7.0,1.0999999999999996,0.9000000000000004,5.2,4.0,6.0,1.2000000000000002,0.7999999999999998,6.8,6.0,7.0,0.7999999999999998,0.20000000000000018,0.0,0.0,0.0,0.0,0.0,4.0,4.0,4.0,0.0,0.0,0.0,0.0,0.0,0.0,0.0,4.0,4.0,4.0,0.0,0.0
20,4,20,5,0.2,0.2,0.3,dense,True,20,20,20,4,20,5,12,TPA max-token phrase baseline,validity_full_harmful_sequence_per_prompt,radius_derived,5,"0,10,20,30,40",0.0,0.0,0.0,0.0,0.0,1.0,1.0,1.0,0.0,0.0,6.05,5.25,6.75,0.7999999999999998,0.7000000000000002,6.1,5.0,7.0,1.0999999999999996,0.9000000000000004,5.2,4.0,6.0,1.2000000000000002,0.7999999999999998,6.8,6.0,7.0,0.7999999999999998,0.20000000000000018,0.0,0.0,0.0,0.0,0.0,4.0,4.0,4.0,0.0,0.0,0.0,0.0,0.0,0.0,0.0,4.0,4.0,4.0,0.0,0.0
20,4,20,5,0.2,0.2,0.3,dense,True,20,20,20,4,20,5,13,TPA max-token phrase baseline,validity_full_harmful_sequence_per_prompt,radius_derived,5,"0,10,20,30,40",0.0,0.0,0.0,0.0,0.0,1.0,1.0,1.0,0.0,0.0,6.05,5.25,6.75,0.7999999999999998,0.7000000000000002,6.1,5.0,7.0,1.0999999999999996,0.9000000000000004,5.2,4.0,6.0,1.2000000000000002,0.7999999999999998,6.8,6.0,7.0,0.7999999999999998,0.20000000000000018,0.0,0.0,0.0,0.0,0.0,4.0,4.0,4.0,0.0,0.0,0.0,0.0,0.0,0.0,0.0,4.0,4.0,4.0,0.0,0.0
20,4,20,5,0.2,0.2,0.3,dense,True,20,20,20,4,20,5,14,TPA max-token phrase baseline,validity_full_harmful_sequence_per_prompt,radius_derived,5,"0,10,20,30,40",0.0,0.0,0.0,0.0,0.0,1.0,1.0,1.0,0.0,0.0,6.05,5.25,6.75,0.7999999999999998,0.7000000000000002,6.1,5.0,7.0,1.0999999999999996,0.9000000000000004,5.2,4.0,6.0,1.2000000000000002,0.7999999999999998,6.8,6.0,7.0,0.7999999999999998,0.20000000000000018,0.0,0.0,0.0,0.0,0.0,4.0,4.0,4.0,0.0,0.0,0.0,0.0,0.0,0.0,0.0,4.0,4.0,4.0,0.0,0.0
20,4,20,5,0.2,0.2,0.3,dense,True,20,20,20,4,20,5,15,TPA max-token phrase baseline,validity_full_harmful_sequence_per_prompt,radius_derived,5,"0,10,20,30,40",0.0,0.0,0.0,0.0,0.0,1.0,1.0,1.0,0.0,0.0,6.05,5.25,6.75,0.7999999999999998,0.7000000000000002,6.1,5.0,7.0,1.0999999999999996,0.9000000000000004,5.2,4.0,6.0,1.2000000000000002,0.7999999999999998,6.8,6.0,7.0,0.7999999999999998,0.20000000000000018,0.0,0.0,0.0,0.0,0.0,4.0,4.0,4.0,0.0,0.0,0.0,0.0,0.0,0.0,0.0,4.0,4.0,4.0,0.0,0.0
20,4,20,5,0.2,0.2,0.3,dense,True,20,20,20,4,20,5,16,TPA max-token phrase baseline,validity_full_harmful_sequence_per_prompt,radius_derived,5,"0,10,20,30,40",0.0,0.0,0.0,0.0,0.0,1.0,1.0,1.0,0.0,0.0,6.05,5.25,6.75,0.7999999999999998,0.7000000000000002,6.1,5.0,7.0,1.0999999999999996,0.9000000000000004,5.2,4.0,6.0,1.2000000000000002,0.7999999999999998,6.8,6.0,7.0,0.7999999999999998,0.20000000000000018,0.0,0.0,0.0,0.0,0.0,4.0,4.0,4.0,0.0,0.0,0.0,0.0,0.0,0.0,0.0,4.0,4.0,4.0,0.0,0.0
20,4,20,5,0.2,0.2,0.3,dense,True,20,20,20,4,20,5,17,TPA max-token phrase baseline,validity_full_harmful_sequence_per_prompt,radius_derived,5,"0,10,20,30,40",0.0,0.0,0.0,0.0,0.0,1.0,1.0,1.0,0.0,0.0,6.05,5.25,6.75,0.7999999999999998,0.7000000000000002,6.1,5.0,7.0,1.0999999999999996,0.9000000000000004,5.2,4.0,6.0,1.2000000000000002,0.7999999999999998,6.8,6.0,7.0,0.7999999999999998,0.20000000000000018,0.0,0.0,0.0,0.0,0.0,4.0,4.0,4.0,0.0,0.0,0.0,0.0,0.0,0.0,0.0,4.0,4.0,4.0,0.0,0.0
20,4,20,5,0.2,0.2,0.3,dense,True,20,20,20,4,20,5,18,TPA max-token phrase baseline,validity_full_harmful_sequence_per_prompt,radius_derived,5,"0,10,20,30,40",0.0,0.0,0.0,0.0,0.0,1.0,1.0,1.0,0.0,0.0,6.05,5.25,6.75,0.7999999999999998,0.7000000000000002,6.1,5.0,7.0,1.0999999999999996,0.9000000000000004,5.2,4.0,6.0,1.2000000000000002,0.7999999999999998,6.8,6.0,7.0,0.7999999999999998,0.20000000000000018,0.0,0.0,0.0,0.0,0.0,4.0,4.0,4.0,0.0,0.0,0.0,0.0,0.0,0.0,0.0,4.0,4.0,4.0,0.0,0.0
20,4,20,5,0.2,0.2,0.3,dense,True,20,20,20,4,20,5,19,TPA max-token phrase baseline,validity_full_harmful_sequence_per_prompt,radius_derived,5,"0,10,20,30,40",0.0,0.0,0.0,0.0,0.0,1.0,1.0,1.0,0.0,0.0,6.05,5.25,6.75,0.7999999999999998,0.7000000000000002,6.1,5.0,7.0,1.0999999999999996,0.9000000000000004,5.2,4.0,6.0,1.2000000000000002,0.7999999999999998,6.8,6.0,7.0,0.7999999999999998,0.20000000000000018,0.0,0.0,0.0,0.0,0.0,4.0,4.0,4.0,0.0,0.0,0.0,0.0,0.0,0.0,0.0,4.0,4.0,4.0,0.0,0.0
20,4,20,5,0.2,0.2,0.3,dense,True,20,20,20,4,20,5,20,TPA max-token phrase baseline,validity_full_harmful_sequence_per_prompt,radius_derived,5,"0,10,20,30,40",0.0,0.0,0.0,0.0,0.0,1.0,1.0,1.0,0.0,0.0,6.05,5.25,6.75,0.7999999999999998,0.7000000000000002,6.1,5.0,7.0,1.0999999999999996,0.9000000000000004,5.2,4.0,6.0,1.2000000000000002,0.7999999999999998,6.8,6.0,7.0,0.7999999999999998,0.20000000000000018,0.0,0.0,0.0,0.0,0.0,4.0,4.0,4.0,0.0,0.0,0.0,0.0,0.0,0.0,0.0,4.0,4.0,4.0,0.0,0.0
20,4,20,5,0.2,0.2,0.3,dense,True,20,20,20,4,20,5,0,Shared MILP,validity_full_harmful_sequence_per_prompt,radius_derived,5,"0,10,20,30,40",1.0,1.0,1.0,0.0,0.0,0.0,0.0,0.0,0.0,0.0,6.25,5.5,6.75,0.75,0.5,6.3,5.5,7.0,0.7999999999999998,0.7000000000000002,5.6,5.0,6.0,0.5999999999999996,0.40000000000000036,6.8,6.0,7.0,0.7999999999999998,0.20000000000000018,4.0,4.0,4.0,0.0,0.0,4.0,4.0,4.0,0.0,0.0,0.0,0.0,0.0,0.0,0.0,4.0,4.0,4.0,0.0,0.0
20,4,20,5,0.2,0.2,0.3,dense,True,20,20,20,4,20,5,1,Shared MILP,validity_full_harmful_sequence_per_prompt,radius_derived,5,"0,10,20,30,40",1.0,1.0,1.0,0.0,0.0,0.0,0.0,0.0,0.0,0.0,6.25,5.5,6.75,0.75,0.5,6.3,5.5,7.0,0.7999999999999998,0.7000000000000002,5.6,5.0,6.0,0.5999999999999996,0.40000000000000036,6.8,6.0,7.0,0.7999999999999998,0.20000000000000018,4.0,4.0,4.0,0.0,0.0,4.0,4.0,4.0,0.0,0.0,0.0,0.0,0.0,0.0,0.0,4.0,4.0,4.0,0.0,0.0
20,4,20,5,0.2,0.2,0.3,dense,True,20,20,20,4,20,5,2,Shared MILP,validity_full_harmful_sequence_per_prompt,radius_derived,5,"0,10,20,30,40",1.0,1.0,1.0,0.0,0.0,0.0,0.0,0.0,0.0,0.0,6.25,5.5,6.75,0.75,0.5,6.3,5.5,7.0,0.7999999999999998,0.7000000000000002,5.6,5.0,6.0,0.5999999999999996,0.40000000000000036,6.8,6.0,7.0,0.7999999999999998,0.20000000000000018,4.0,4.0,4.0,0.0,0.0,4.0,4.0,4.0,0.0,0.0,0.0,0.0,0.0,0.0,0.0,4.0,4.0,4.0,0.0,0.0
20,4,20,5,0.2,0.2,0.3,dense,True,20,20,20,4,20,5,3,Shared MILP,validity_full_harmful_sequence_per_prompt,radius_derived,5,"0,10,20,30,40",1.0,1.0,1.0,0.0,0.0,0.0,0.0,0.0,0.0,0.0,6.25,5.5,6.75,0.75,0.5,6.3,5.5,7.0,0.7999999999999998,0.7000000000000002,5.6,5.0,6.0,0.5999999999999996,0.40000000000000036,6.8,6.0,7.0,0.7999999999999998,0.20000000000000018,4.0,4.0,4.0,0.0,0.0,4.0,4.0,4.0,0.0,0.0,0.0,0.0,0.0,0.0,0.0,4.0,4.0,4.0,0.0,0.0
20,4,20,5,0.2,0.2,0.3,dense,True,20,20,20,4,20,5,4,Shared MILP,validity_full_harmful_sequence_per_prompt,radius_derived,5,"0,10,20,30,40",1.0,1.0,1.0,0.0,0.0,0.0,0.0,0.0,0.0,0.0,6.25,5.5,6.75,0.75,0.5,6.3,5.5,7.0,0.7999999999999998,0.7000000000000002,5.6,5.0,6.0,0.5999999999999996,0.40000000000000036,6.8,6.0,7.0,0.7999999999999998,0.20000000000000018,4.0,4.0,4.0,0.0,0.0,4.0,4.0,4.0,0.0,0.0,0.0,0.0,0.0,0.0,0.0,4.0,4.0,4.0,0.0,0.0
20,4,20,5,0.2,0.2,0.3,dense,True,20,20,20,4,20,5,5,Shared MILP,validity_full_harmful_sequence_per_prompt,radius_derived,5,"0,10,20,30,40",0.85,0.5,1.0,0.35,0.15000000000000002,0.15,0.0,0.5,0.15,0.35,6.25,5.5,6.75,0.75,0.5,6.3,5.5,7.0,0.7999999999999998,0.7000000000000002,5.6,5.0,6.0,0.5999999999999996,0.40000000000000036,6.8,6.0,7.0,0.7999999999999998,0.20000000000000018,3.4,2.0,4.0,1.4,0.6000000000000001,4.0,4.0,4.0,0.0,0.0,0.0,0.0,0.0,0.0,0.0,4.0,4.0,4.0,0.0,0.0
20,4,20,5,0.2,0.2,0.3,dense,True,20,20,20,4,20,5,6,Shared MILP,validity_full_harmful_sequence_per_prompt,radius_derived,5,"0,10,20,30,40",0.4,0.0,0.75,0.4,0.35,0.6,0.25,1.0,0.35,0.4,6.25,5.5,6.75,0.75,0.5,6.3,5.5,7.0,0.7999999999999998,0.7000000000000002,5.6,5.0,6.0,0.5999999999999996,0.40000000000000036,6.8,6.0,7.0,0.7999999999999998,0.20000000000000018,1.6,0.0,3.0,1.6,1.4,4.0,4.0,4.0,0.0,0.0,0.0,0.0,0.0,0.0,0.0,4.0,4.0,4.0,0.0,0.0
20,4,20,5,0.2,0.2,0.3,dense,True,20,20,20,4,20,5,7,Shared MILP,validity_full_harmful_sequence_per_prompt,radius_derived,5,"0,10,20,30,40",0.0,0.0,0.0,0.0,0.0,1.0,1.0,1.0,0.0,0.0,6.25,5.5,6.75,0.75,0.5,6.3,5.5,7.0,0.7999999999999998,0.7000000000000002,5.6,5.0,6.0,0.5999999999999996,0.40000000000000036,6.8,6.0,7.0,0.7999999999999998,0.20000000000000018,0.0,0.0,0.0,0.0,0.0,4.0,4.0,4.0,0.0,0.0,0.0,0.0,0.0,0.0,0.0,4.0,4.0,4.0,0.0,0.0
20,4,20,5,0.2,0.2,0.3,dense,True,20,20,20,4,20,5,8,Shared MILP,validity_full_harmful_sequence_per_prompt,radius_derived,5,"0,10,20,30,40",0.0,0.0,0.0,0.0,0.0,1.0,1.0,1.0,0.0,0.0,6.25,5.5,6.75,0.75,0.5,6.3,5.5,7.0,0.7999999999999998,0.7000000000000002,5.6,5.0,6.0,0.5999999999999996,0.40000000000000036,6.8,6.0,7.0,0.7999999999999998,0.20000000000000018,0.0,0.0,0.0,0.0,0.0,4.0,4.0,4.0,0.0,0.0,0.0,0.0,0.0,0.0,0.0,4.0,4.0,4.0,0.0,0.0
20,4,20,5,0.2,0.2,0.3,dense,True,20,20,20,4,20,5,9,Shared MILP,validity_full_harmful_sequence_per_prompt,radius_derived,5,"0,10,20,30,40",0.0,0.0,0.0,0.0,0.0,1.0,1.0,1.0,0.0,0.0,6.25,5.5,6.75,0.75,0.5,6.3,5.5,7.0,0.7999999999999998,0.7000000000000002,5.6,5.0,6.0,0.5999999999999996,0.40000000000000036,6.8,6.0,7.0,0.7999999999999998,0.20000000000000018,0.0,0.0,0.0,0.0,0.0,4.0,4.0,4.0,0.0,0.0,0.0,0.0,0.0,0.0,0.0,4.0,4.0,4.0,0.0,0.0
20,4,20,5,0.2,0.2,0.3,dense,True,20,20,20,4,20,5,10,Shared MILP,validity_full_harmful_sequence_per_prompt,radius_derived,5,"0,10,20,30,40",0.0,0.0,0.0,0.0,0.0,1.0,1.0,1.0,0.0,0.0,6.25,5.5,6.75,0.75,0.5,6.3,5.5,7.0,0.7999999999999998,0.7000000000000002,5.6,5.0,6.0,0.5999999999999996,0.40000000000000036,6.8,6.0,7.0,0.7999999999999998,0.20000000000000018,0.0,0.0,0.0,0.0,0.0,4.0,4.0,4.0,0.0,0.0,0.0,0.0,0.0,0.0,0.0,4.0,4.0,4.0,0.0,0.0
20,4,20,5,0.2,0.2,0.3,dense,True,20,20,20,4,20,5,11,Shared MILP,validity_full_harmful_sequence_per_prompt,radius_derived,5,"0,10,20,30,40",0.0,0.0,0.0,0.0,0.0,1.0,1.0,1.0,0.0,0.0,6.25,5.5,6.75,0.75,0.5,6.3,5.5,7.0,0.7999999999999998,0.7000000000000002,5.6,5.0,6.0,0.5999999999999996,0.40000000000000036,6.8,6.0,7.0,0.7999999999999998,0.20000000000000018,0.0,0.0,0.0,0.0,0.0,4.0,4.0,4.0,0.0,0.0,0.0,0.0,0.0,0.0,0.0,4.0,4.0,4.0,0.0,0.0
20,4,20,5,0.2,0.2,0.3,dense,True,20,20,20,4,20,5,12,Shared MILP,validity_full_harmful_sequence_per_prompt,radius_derived,5,"0,10,20,30,40",0.0,0.0,0.0,0.0,0.0,1.0,1.0,1.0,0.0,0.0,6.25,5.5,6.75,0.75,0.5,6.3,5.5,7.0,0.7999999999999998,0.7000000000000002,5.6,5.0,6.0,0.5999999999999996,0.40000000000000036,6.8,6.0,7.0,0.7999999999999998,0.20000000000000018,0.0,0.0,0.0,0.0,0.0,4.0,4.0,4.0,0.0,0.0,0.0,0.0,0.0,0.0,0.0,4.0,4.0,4.0,0.0,0.0
20,4,20,5,0.2,0.2,0.3,dense,True,20,20,20,4,20,5,13,Shared MILP,validity_full_harmful_sequence_per_prompt,radius_derived,5,"0,10,20,30,40",0.0,0.0,0.0,0.0,0.0,1.0,1.0,1.0,0.0,0.0,6.25,5.5,6.75,0.75,0.5,6.3,5.5,7.0,0.7999999999999998,0.7000000000000002,5.6,5.0,6.0,0.5999999999999996,0.40000000000000036,6.8,6.0,7.0,0.7999999999999998,0.20000000000000018,0.0,0.0,0.0,0.0,0.0,4.0,4.0,4.0,0.0,0.0,0.0,0.0,0.0,0.0,0.0,4.0,4.0,4.0,0.0,0.0
20,4,20,5,0.2,0.2,0.3,dense,True,20,20,20,4,20,5,14,Shared MILP,validity_full_harmful_sequence_per_prompt,radius_derived,5,"0,10,20,30,40",0.0,0.0,0.0,0.0,0.0,1.0,1.0,1.0,0.0,0.0,6.25,5.5,6.75,0.75,0.5,6.3,5.5,7.0,0.7999999999999998,0.7000000000000002,5.6,5.0,6.0,0.5999999999999996,0.40000000000000036,6.8,6.0,7.0,0.7999999999999998,0.20000000000000018,0.0,0.0,0.0,0.0,0.0,4.0,4.0,4.0,0.0,0.0,0.0,0.0,0.0,0.0,0.0,4.0,4.0,4.0,0.0,0.0
20,4,20,5,0.2,0.2,0.3,dense,True,20,20,20,4,20,5,15,Shared MILP,validity_full_harmful_sequence_per_prompt,radius_derived,5,"0,10,20,30,40",0.0,0.0,0.0,0.0,0.0,1.0,1.0,1.0,0.0,0.0,6.25,5.5,6.75,0.75,0.5,6.3,5.5,7.0,0.7999999999999998,0.7000000000000002,5.6,5.0,6.0,0.5999999999999996,0.40000000000000036,6.8,6.0,7.0,0.7999999999999998,0.20000000000000018,0.0,0.0,0.0,0.0,0.0,4.0,4.0,4.0,0.0,0.0,0.0,0.0,0.0,0.0,0.0,4.0,4.0,4.0,0.0,0.0
20,4,20,5,0.2,0.2,0.3,dense,True,20,20,20,4,20,5,16,Shared MILP,validity_full_harmful_sequence_per_prompt,radius_derived,5,"0,10,20,30,40",0.0,0.0,0.0,0.0,0.0,1.0,1.0,1.0,0.0,0.0,6.25,5.5,6.75,0.75,0.5,6.3,5.5,7.0,0.7999999999999998,0.7000000000000002,5.6,5.0,6.0,0.5999999999999996,0.40000000000000036,6.8,6.0,7.0,0.7999999999999998,0.20000000000000018,0.0,0.0,0.0,0.0,0.0,4.0,4.0,4.0,0.0,0.0,0.0,0.0,0.0,0.0,0.0,4.0,4.0,4.0,0.0,0.0
20,4,20,5,0.2,0.2,0.3,dense,True,20,20,20,4,20,5,17,Shared MILP,validity_full_harmful_sequence_per_prompt,radius_derived,5,"0,10,20,30,40",0.0,0.0,0.0,0.0,0.0,1.0,1.0,1.0,0.0,0.0,6.25,5.5,6.75,0.75,0.5,6.3,5.5,7.0,0.7999999999999998,0.7000000000000002,5.6,5.0,6.0,0.5999999999999996,0.40000000000000036,6.8,6.0,7.0,0.7999999999999998,0.20000000000000018,0.0,0.0,0.0,0.0,0.0,4.0,4.0,4.0,0.0,0.0,0.0,0.0,0.0,0.0,0.0,4.0,4.0,4.0,0.0,0.0
20,4,20,5,0.2,0.2,0.3,dense,True,20,20,20,4,20,5,18,Shared MILP,validity_full_harmful_sequence_per_prompt,radius_derived,5,"0,10,20,30,40",0.0,0.0,0.0,0.0,0.0,1.0,1.0,1.0,0.0,0.0,6.25,5.5,6.75,0.75,0.5,6.3,5.5,7.0,0.7999999999999998,0.7000000000000002,5.6,5.0,6.0,0.5999999999999996,0.40000000000000036,6.8,6.0,7.0,0.7999999999999998,0.20000000000000018,0.0,0.0,0.0,0.0,0.0,4.0,4.0,4.0,0.0,0.0,0.0,0.0,0.0,0.0,0.0,4.0,4.0,4.0,0.0,0.0
20,4,20,5,0.2,0.2,0.3,dense,True,20,20,20,4,20,5,19,Shared MILP,validity_full_harmful_sequence_per_prompt,radius_derived,5,"0,10,20,30,40",0.0,0.0,0.0,0.0,0.0,1.0,1.0,1.0,0.0,0.0,6.25,5.5,6.75,0.75,0.5,6.3,5.5,7.0,0.7999999999999998,0.7000000000000002,5.6,5.0,6.0,0.5999999999999996,0.40000000000000036,6.8,6.0,7.0,0.7999999999999998,0.20000000000000018,0.0,0.0,0.0,0.0,0.0,4.0,4.0,4.0,0.0,0.0,0.0,0.0,0.0,0.0,0.0,4.0,4.0,4.0,0.0,0.0
20,4,20,5,0.2,0.2,0.3,dense,True,20,20,20,4,20,5,20,Shared MILP,validity_full_harmful_sequence_per_prompt,radius_derived,5,"0,10,20,30,40",0.0,0.0,0.0,0.0,0.0,1.0,1.0,1.0,0.0,0.0,6.25,5.5,6.75,0.75,0.5,6.3,5.5,7.0,0.7999999999999998,0.7000000000000002,5.6,5.0,6.0,0.5999999999999996,0.40000000000000036,6.8,6.0,7.0,0.7999999999999998,0.20000000000000018,0.0,0.0,0.0,0.0,0.0,4.0,4.0,4.0,0.0,0.0,0.0,0.0,0.0,0.0,0.0,4.0,4.0,4.0,0.0,0.0
20,4,20,5,0.2,0.2,0.3,dense,True,20,20,20,4,20,5,0,Atomic phrase aggregation,validity_full_harmful_sequence_per_prompt,radius_derived,5,"0,10,20,30,40",1.0,1.0,1.0,0.0,0.0,0.0,0.0,0.0,0.0,0.0,1.0,1.0,1.0,0.0,0.0,1.0,1.0,1.0,0.0,0.0,1.0,1.0,1.0,0.0,0.0,1.0,1.0,1.0,0.0,0.0,4.0,4.0,4.0,0.0,0.0,4.0,4.0,4.0,0.0,0.0,0.0,0.0,0.0,0.0,0.0,4.0,4.0,4.0,0.0,0.0
20,4,20,5,0.2,0.2,0.3,dense,True,20,20,20,4,20,5,1,Atomic phrase aggregation,validity_full_harmful_sequence_per_prompt,radius_derived,5,"0,10,20,30,40",0.0,0.0,0.0,0.0,0.0,1.0,1.0,1.0,0.0,0.0,1.0,1.0,1.0,0.0,0.0,1.0,1.0,1.0,0.0,0.0,1.0,1.0,1.0,0.0,0.0,1.0,1.0,1.0,0.0,0.0,0.0,0.0,0.0,0.0,0.0,4.0,4.0,4.0,0.0,0.0,0.0,0.0,0.0,0.0,0.0,4.0,4.0,4.0,0.0,0.0
20,4,20,5,0.2,0.2,0.3,dense,True,20,20,20,4,20,5,2,Atomic phrase aggregation,validity_full_harmful_sequence_per_prompt,radius_derived,5,"0,10,20,30,40",0.0,0.0,0.0,0.0,0.0,1.0,1.0,1.0,0.0,0.0,1.0,1.0,1.0,0.0,0.0,1.0,1.0,1.0,0.0,0.0,1.0,1.0,1.0,0.0,0.0,1.0,1.0,1.0,0.0,0.0,0.0,0.0,0.0,0.0,0.0,4.0,4.0,4.0,0.0,0.0,0.0,0.0,0.0,0.0,0.0,4.0,4.0,4.0,0.0,0.0
20,4,20,5,0.2,0.2,0.3,dense,True,20,20,20,4,20,5,3,Atomic phrase aggregation,validity_full_harmful_sequence_per_prompt,radius_derived,5,"0,10,20,30,40",0.0,0.0,0.0,0.0,0.0,1.0,1.0,1.0,0.0,0.0,1.0,1.0,1.0,0.0,0.0,1.0,1.0,1.0,0.0,0.0,1.0,1.0,1.0,0.0,0.0,1.0,1.0,1.0,0.0,0.0,0.0,0.0,0.0,0.0,0.0,4.0,4.0,4.0,0.0,0.0,0.0,0.0,0.0,0.0,0.0,4.0,4.0,4.0,0.0,0.0
20,4,20,5,0.2,0.2,0.3,dense,True,20,20,20,4,20,5,4,Atomic phrase aggregation,validity_full_harmful_sequence_per_prompt,radius_derived,5,"0,10,20,30,40",0.0,0.0,0.0,0.0,0.0,1.0,1.0,1.0,0.0,0.0,1.0,1.0,1.0,0.0,0.0,1.0,1.0,1.0,0.0,0.0,1.0,1.0,1.0,0.0,0.0,1.0,1.0,1.0,0.0,0.0,0.0,0.0,0.0,0.0,0.0,4.0,4.0,4.0,0.0,0.0,0.0,0.0,0.0,0.0,0.0,4.0,4.0,4.0,0.0,0.0
20,4,20,5,0.2,0.2,0.3,dense,True,20,20,20,4,20,5,5,Atomic phrase aggregation,validity_full_harmful_sequence_per_prompt,radius_derived,5,"0,10,20,30,40",0.0,0.0,0.0,0.0,0.0,1.0,1.0,1.0,0.0,0.0,1.0,1.0,1.0,0.0,0.0,1.0,1.0,1.0,0.0,0.0,1.0,1.0,1.0,0.0,0.0,1.0,1.0,1.0,0.0,0.0,0.0,0.0,0.0,0.0,0.0,4.0,4.0,4.0,0.0,0.0,0.0,0.0,0.0,0.0,0.0,4.0,4.0,4.0,0.0,0.0
20,4,20,5,0.2,0.2,0.3,dense,True,20,20,20,4,20,5,6,Atomic phrase aggregation,validity_full_harmful_sequence_per_prompt,radius_derived,5,"0,10,20,30,40",0.0,0.0,0.0,0.0,0.0,1.0,1.0,1.0,0.0,0.0,1.0,1.0,1.0,0.0,0.0,1.0,1.0,1.0,0.0,0.0,1.0,1.0,1.0,0.0,0.0,1.0,1.0,1.0,0.0,0.0,0.0,0.0,0.0,0.0,0.0,4.0,4.0,4.0,0.0,0.0,0.0,0.0,0.0,0.0,0.0,4.0,4.0,4.0,0.0,0.0
20,4,20,5,0.2,0.2,0.3,dense,True,20,20,20,4,20,5,7,Atomic phrase aggregation,validity_full_harmful_sequence_per_prompt,radius_derived,5,"0,10,20,30,40",0.0,0.0,0.0,0.0,0.0,1.0,1.0,1.0,0.0,0.0,1.0,1.0,1.0,0.0,0.0,1.0,1.0,1.0,0.0,0.0,1.0,1.0,1.0,0.0,0.0,1.0,1.0,1.0,0.0,0.0,0.0,0.0,0.0,0.0,0.0,4.0,4.0,4.0,0.0,0.0,0.0,0.0,0.0,0.0,0.0,4.0,4.0,4.0,0.0,0.0
20,4,20,5,0.2,0.2,0.3,dense,True,20,20,20,4,20,5,8,Atomic phrase aggregation,validity_full_harmful_sequence_per_prompt,radius_derived,5,"0,10,20,30,40",0.0,0.0,0.0,0.0,0.0,1.0,1.0,1.0,0.0,0.0,1.0,1.0,1.0,0.0,0.0,1.0,1.0,1.0,0.0,0.0,1.0,1.0,1.0,0.0,0.0,1.0,1.0,1.0,0.0,0.0,0.0,0.0,0.0,0.0,0.0,4.0,4.0,4.0,0.0,0.0,0.0,0.0,0.0,0.0,0.0,4.0,4.0,4.0,0.0,0.0
20,4,20,5,0.2,0.2,0.3,dense,True,20,20,20,4,20,5,9,Atomic phrase aggregation,validity_full_harmful_sequence_per_prompt,radius_derived,5,"0,10,20,30,40",0.0,0.0,0.0,0.0,0.0,1.0,1.0,1.0,0.0,0.0,1.0,1.0,1.0,0.0,0.0,1.0,1.0,1.0,0.0,0.0,1.0,1.0,1.0,0.0,0.0,1.0,1.0,1.0,0.0,0.0,0.0,0.0,0.0,0.0,0.0,4.0,4.0,4.0,0.0,0.0,0.0,0.0,0.0,0.0,0.0,4.0,4.0,4.0,0.0,0.0
20,4,20,5,0.2,0.2,0.3,dense,True,20,20,20,4,20,5,10,Atomic phrase aggregation,validity_full_harmful_sequence_per_prompt,radius_derived,5,"0,10,20,30,40",0.0,0.0,0.0,0.0,0.0,1.0,1.0,1.0,0.0,0.0,1.0,1.0,1.0,0.0,0.0,1.0,1.0,1.0,0.0,0.0,1.0,1.0,1.0,0.0,0.0,1.0,1.0,1.0,0.0,0.0,0.0,0.0,0.0,0.0,0.0,4.0,4.0,4.0,0.0,0.0,0.0,0.0,0.0,0.0,0.0,4.0,4.0,4.0,0.0,0.0
20,4,20,5,0.2,0.2,0.3,dense,True,20,20,20,4,20,5,11,Atomic phrase aggregation,validity_full_harmful_sequence_per_prompt,radius_derived,5,"0,10,20,30,40",0.0,0.0,0.0,0.0,0.0,1.0,1.0,1.0,0.0,0.0,1.0,1.0,1.0,0.0,0.0,1.0,1.0,1.0,0.0,0.0,1.0,1.0,1.0,0.0,0.0,1.0,1.0,1.0,0.0,0.0,0.0,0.0,0.0,0.0,0.0,4.0,4.0,4.0,0.0,0.0,0.0,0.0,0.0,0.0,0.0,4.0,4.0,4.0,0.0,0.0
20,4,20,5,0.2,0.2,0.3,dense,True,20,20,20,4,20,5,12,Atomic phrase aggregation,validity_full_harmful_sequence_per_prompt,radius_derived,5,"0,10,20,30,40",0.0,0.0,0.0,0.0,0.0,1.0,1.0,1.0,0.0,0.0,1.0,1.0,1.0,0.0,0.0,1.0,1.0,1.0,0.0,0.0,1.0,1.0,1.0,0.0,0.0,1.0,1.0,1.0,0.0,0.0,0.0,0.0,0.0,0.0,0.0,4.0,4.0,4.0,0.0,0.0,0.0,0.0,0.0,0.0,0.0,4.0,4.0,4.0,0.0,0.0
20,4,20,5,0.2,0.2,0.3,dense,True,20,20,20,4,20,5,13,Atomic phrase aggregation,validity_full_harmful_sequence_per_prompt,radius_derived,5,"0,10,20,30,40",0.0,0.0,0.0,0.0,0.0,1.0,1.0,1.0,0.0,0.0,1.0,1.0,1.0,0.0,0.0,1.0,1.0,1.0,0.0,0.0,1.0,1.0,1.0,0.0,0.0,1.0,1.0,1.0,0.0,0.0,0.0,0.0,0.0,0.0,0.0,4.0,4.0,4.0,0.0,0.0,0.0,0.0,0.0,0.0,0.0,4.0,4.0,4.0,0.0,0.0
20,4,20,5,0.2,0.2,0.3,dense,True,20,20,20,4,20,5,14,Atomic phrase aggregation,validity_full_harmful_sequence_per_prompt,radius_derived,5,"0,10,20,30,40",0.0,0.0,0.0,0.0,0.0,1.0,1.0,1.0,0.0,0.0,1.0,1.0,1.0,0.0,0.0,1.0,1.0,1.0,0.0,0.0,1.0,1.0,1.0,0.0,0.0,1.0,1.0,1.0,0.0,0.0,0.0,0.0,0.0,0.0,0.0,4.0,4.0,4.0,0.0,0.0,0.0,0.0,0.0,0.0,0.0,4.0,4.0,4.0,0.0,0.0
20,4,20,5,0.2,0.2,0.3,dense,True,20,20,20,4,20,5,15,Atomic phrase aggregation,validity_full_harmful_sequence_per_prompt,radius_derived,5,"0,10,20,30,40",0.0,0.0,0.0,0.0,0.0,1.0,1.0,1.0,0.0,0.0,1.0,1.0,1.0,0.0,0.0,1.0,1.0,1.0,0.0,0.0,1.0,1.0,1.0,0.0,0.0,1.0,1.0,1.0,0.0,0.0,0.0,0.0,0.0,0.0,0.0,4.0,4.0,4.0,0.0,0.0,0.0,0.0,0.0,0.0,0.0,4.0,4.0,4.0,0.0,0.0
20,4,20,5,0.2,0.2,0.3,dense,True,20,20,20,4,20,5,16,Atomic phrase aggregation,validity_full_harmful_sequence_per_prompt,radius_derived,5,"0,10,20,30,40",0.0,0.0,0.0,0.0,0.0,1.0,1.0,1.0,0.0,0.0,1.0,1.0,1.0,0.0,0.0,1.0,1.0,1.0,0.0,0.0,1.0,1.0,1.0,0.0,0.0,1.0,1.0,1.0,0.0,0.0,0.0,0.0,0.0,0.0,0.0,4.0,4.0,4.0,0.0,0.0,0.0,0.0,0.0,0.0,0.0,4.0,4.0,4.0,0.0,0.0
20,4,20,5,0.2,0.2,0.3,dense,True,20,20,20,4,20,5,17,Atomic phrase aggregation,validity_full_harmful_sequence_per_prompt,radius_derived,5,"0,10,20,30,40",0.0,0.0,0.0,0.0,0.0,1.0,1.0,1.0,0.0,0.0,1.0,1.0,1.0,0.0,0.0,1.0,1.0,1.0,0.0,0.0,1.0,1.0,1.0,0.0,0.0,1.0,1.0,1.0,0.0,0.0,0.0,0.0,0.0,0.0,0.0,4.0,4.0,4.0,0.0,0.0,0.0,0.0,0.0,0.0,0.0,4.0,4.0,4.0,0.0,0.0
20,4,20,5,0.2,0.2,0.3,dense,True,20,20,20,4,20,5,18,Atomic phrase aggregation,validity_full_harmful_sequence_per_prompt,radius_derived,5,"0,10,20,30,40",0.0,0.0,0.0,0.0,0.0,1.0,1.0,1.0,0.0,0.0,1.0,1.0,1.0,0.0,0.0,1.0,1.0,1.0,0.0,0.0,1.0,1.0,1.0,0.0,0.0,1.0,1.0,1.0,0.0,0.0,0.0,0.0,0.0,0.0,0.0,4.0,4.0,4.0,0.0,0.0,0.0,0.0,0.0,0.0,0.0,4.0,4.0,4.0,0.0,0.0
20,4,20,5,0.2,0.2,0.3,dense,True,20,20,20,4,20,5,19,Atomic phrase aggregation,validity_full_harmful_sequence_per_prompt,radius_derived,5,"0,10,20,30,40",0.0,0.0,0.0,0.0,0.0,1.0,1.0,1.0,0.0,0.0,1.0,1.0,1.0,0.0,0.0,1.0,1.0,1.0,0.0,0.0,1.0,1.0,1.0,0.0,0.0,1.0,1.0,1.0,0.0,0.0,0.0,0.0,0.0,0.0,0.0,4.0,4.0,4.0,0.0,0.0,0.0,0.0,0.0,0.0,0.0,4.0,4.0,4.0,0.0,0.0
20,4,20,5,0.2,0.2,0.3,dense,True,20,20,20,4,20,5,20,Atomic phrase aggregation,validity_full_harmful_sequence_per_prompt,radius_derived,5,"0,10,20,30,40",0.0,0.0,0.0,0.0,0.0,1.0,1.0,1.0,0.0,0.0,1.0,1.0,1.0,0.0,0.0,1.0,1.0,1.0,0.0,0.0,1.0,1.0,1.0,0.0,0.0,1.0,1.0,1.0,0.0,0.0,0.0,0.0,0.0,0.0,0.0,4.0,4.0,4.0,0.0,0.0,0.0,0.0,0.0,0.0,0.0,4.0,4.0,4.0,0.0,0.0
20,4,20,5,0.2,0.2,0.3,dense,True,20,20,20,4,20,5,0,Independent shard-aware composition diagnostic,validity_full_harmful_sequence_per_prompt,radius_derived,5,"0,10,20,30,40",1.0,1.0,1.0,0.0,0.0,0.0,0.0,0.0,0.0,0.0,51.95,45.5,56.5,6.450000000000003,4.549999999999997,50.5,44.0,53.5,6.5,3.0,45.2,37.0,51.0,8.200000000000003,5.799999999999997,61.6,57.0,72.0,4.600000000000001,10.399999999999999,4.0,4.0,4.0,0.0,0.0,4.0,4.0,4.0,0.0,0.0,0.0,0.0,0.0,0.0,0.0,4.0,4.0,4.0,0.0,0.0
20,4,20,5,0.2,0.2,0.3,dense,True,20,20,20,4,20,5,1,Independent shard-aware composition diagnostic,validity_full_harmful_sequence_per_prompt,radius_derived,5,"0,10,20,30,40",1.0,1.0,1.0,0.0,0.0,0.0,0.0,0.0,0.0,0.0,51.95,45.5,56.5,6.450000000000003,4.549999999999997,50.5,44.0,53.5,6.5,3.0,45.2,37.0,51.0,8.200000000000003,5.799999999999997,61.6,57.0,72.0,4.600000000000001,10.399999999999999,4.0,4.0,4.0,0.0,0.0,4.0,4.0,4.0,0.0,0.0,0.0,0.0,0.0,0.0,0.0,4.0,4.0,4.0,0.0,0.0
20,4,20,5,0.2,0.2,0.3,dense,True,20,20,20,4,20,5,2,Independent shard-aware composition diagnostic,validity_full_harmful_sequence_per_prompt,radius_derived,5,"0,10,20,30,40",1.0,1.0,1.0,0.0,0.0,0.0,0.0,0.0,0.0,0.0,51.95,45.5,56.5,6.450000000000003,4.549999999999997,50.5,44.0,53.5,6.5,3.0,45.2,37.0,51.0,8.200000000000003,5.799999999999997,61.6,57.0,72.0,4.600000000000001,10.399999999999999,4.0,4.0,4.0,0.0,0.0,4.0,4.0,4.0,0.0,0.0,0.0,0.0,0.0,0.0,0.0,4.0,4.0,4.0,0.0,0.0
20,4,20,5,0.2,0.2,0.3,dense,True,20,20,20,4,20,5,3,Independent shard-aware composition diagnostic,validity_full_harmful_sequence_per_prompt,radius_derived,5,"0,10,20,30,40",1.0,1.0,1.0,0.0,0.0,0.0,0.0,0.0,0.0,0.0,51.95,45.5,56.5,6.450000000000003,4.549999999999997,50.5,44.0,53.5,6.5,3.0,45.2,37.0,51.0,8.200000000000003,5.799999999999997,61.6,57.0,72.0,4.600000000000001,10.399999999999999,4.0,4.0,4.0,0.0,0.0,4.0,4.0,4.0,0.0,0.0,0.0,0.0,0.0,0.0,0.0,4.0,4.0,4.0,0.0,0.0
20,4,20,5,0.2,0.2,0.3,dense,True,20,20,20,4,20,5,4,Independent shard-aware composition diagnostic,validity_full_harmful_sequence_per_prompt,radius_derived,5,"0,10,20,30,40",1.0,1.0,1.0,0.0,0.0,0.0,0.0,0.0,0.0,0.0,51.95,45.5,56.5,6.450000000000003,4.549999999999997,50.5,44.0,53.5,6.5,3.0,45.2,37.0,51.0,8.200000000000003,5.799999999999997,61.6,57.0,72.0,4.600000000000001,10.399999999999999,4.0,4.0,4.0,0.0,0.0,4.0,4.0,4.0,0.0,0.0,0.0,0.0,0.0,0.0,0.0,4.0,4.0,4.0,0.0,0.0
20,4,20,5,0.2,0.2,0.3,dense,True,20,20,20,4,20,5,5,Independent shard-aware composition diagnostic,validity_full_harmful_sequence_per_prompt,radius_derived,5,"0,10,20,30,40",1.0,1.0,1.0,0.0,0.0,0.0,0.0,0.0,0.0,0.0,51.95,45.5,56.5,6.450000000000003,4.549999999999997,50.5,44.0,53.5,6.5,3.0,45.2,37.0,51.0,8.200000000000003,5.799999999999997,61.6,57.0,72.0,4.600000000000001,10.399999999999999,4.0,4.0,4.0,0.0,0.0,4.0,4.0,4.0,0.0,0.0,0.0,0.0,0.0,0.0,0.0,4.0,4.0,4.0,0.0,0.0
20,4,20,5,0.2,0.2,0.3,dense,True,20,20,20,4,20,5,6,Independent shard-aware composition diagnostic,validity_full_harmful_sequence_per_prompt,radius_derived,5,"0,10,20,30,40",1.0,1.0,1.0,0.0,0.0,0.0,0.0,0.0,0.0,0.0,51.95,45.5,56.5,6.450000000000003,4.549999999999997,50.5,44.0,53.5,6.5,3.0,45.2,37.0,51.0,8.200000000000003,5.799999999999997,61.6,57.0,72.0,4.600000000000001,10.399999999999999,4.0,4.0,4.0,0.0,0.0,4.0,4.0,4.0,0.0,0.0,0.0,0.0,0.0,0.0,0.0,4.0,4.0,4.0,0.0,0.0
20,4,20,5,0.2,0.2,0.3,dense,True,20,20,20,4,20,5,7,Independent shard-aware composition diagnostic,validity_full_harmful_sequence_per_prompt,radius_derived,5,"0,10,20,30,40",1.0,1.0,1.0,0.0,0.0,0.0,0.0,0.0,0.0,0.0,51.95,45.5,56.5,6.450000000000003,4.549999999999997,50.5,44.0,53.5,6.5,3.0,45.2,37.0,51.0,8.200000000000003,5.799999999999997,61.6,57.0,72.0,4.600000000000001,10.399999999999999,4.0,4.0,4.0,0.0,0.0,4.0,4.0,4.0,0.0,0.0,0.0,0.0,0.0,0.0,0.0,4.0,4.0,4.0,0.0,0.0
20,4,20,5,0.2,0.2,0.3,dense,True,20,20,20,4,20,5,8,Independent shard-aware composition diagnostic,validity_full_harmful_sequence_per_prompt,radius_derived,5,"0,10,20,30,40",1.0,1.0,1.0,0.0,0.0,0.0,0.0,0.0,0.0,0.0,51.95,45.5,56.5,6.450000000000003,4.549999999999997,50.5,44.0,53.5,6.5,3.0,45.2,37.0,51.0,8.200000000000003,5.799999999999997,61.6,57.0,72.0,4.600000000000001,10.399999999999999,4.0,4.0,4.0,0.0,0.0,4.0,4.0,4.0,0.0,0.0,0.0,0.0,0.0,0.0,0.0,4.0,4.0,4.0,0.0,0.0
20,4,20,5,0.2,0.2,0.3,dense,True,20,20,20,4,20,5,9,Independent shard-aware composition diagnostic,validity_full_harmful_sequence_per_prompt,radius_derived,5,"0,10,20,30,40",1.0,1.0,1.0,0.0,0.0,0.0,0.0,0.0,0.0,0.0,51.95,45.5,56.5,6.450000000000003,4.549999999999997,50.5,44.0,53.5,6.5,3.0,45.2,37.0,51.0,8.200000000000003,5.799999999999997,61.6,57.0,72.0,4.600000000000001,10.399999999999999,4.0,4.0,4.0,0.0,0.0,4.0,4.0,4.0,0.0,0.0,0.0,0.0,0.0,0.0,0.0,4.0,4.0,4.0,0.0,0.0
20,4,20,5,0.2,0.2,0.3,dense,True,20,20,20,4,20,5,10,Independent shard-aware composition diagnostic,validity_full_harmful_sequence_per_prompt,radius_derived,5,"0,10,20,30,40",1.0,1.0,1.0,0.0,0.0,0.0,0.0,0.0,0.0,0.0,51.95,45.5,56.5,6.450000000000003,4.549999999999997,50.5,44.0,53.5,6.5,3.0,45.2,37.0,51.0,8.200000000000003,5.799999999999997,61.6,57.0,72.0,4.600000000000001,10.399999999999999,4.0,4.0,4.0,0.0,0.0,4.0,4.0,4.0,0.0,0.0,0.0,0.0,0.0,0.0,0.0,4.0,4.0,4.0,0.0,0.0
20,4,20,5,0.2,0.2,0.3,dense,True,20,20,20,4,20,5,11,Independent shard-aware composition diagnostic,validity_full_harmful_sequence_per_prompt,radius_derived,5,"0,10,20,30,40",1.0,1.0,1.0,0.0,0.0,0.0,0.0,0.0,0.0,0.0,51.95,45.5,56.5,6.450000000000003,4.549999999999997,50.5,44.0,53.5,6.5,3.0,45.2,37.0,51.0,8.200000000000003,5.799999999999997,61.6,57.0,72.0,4.600000000000001,10.399999999999999,4.0,4.0,4.0,0.0,0.0,4.0,4.0,4.0,0.0,0.0,0.0,0.0,0.0,0.0,0.0,4.0,4.0,4.0,0.0,0.0
20,4,20,5,0.2,0.2,0.3,dense,True,20,20,20,4,20,5,12,Independent shard-aware composition diagnostic,validity_full_harmful_sequence_per_prompt,radius_derived,5,"0,10,20,30,40",1.0,1.0,1.0,0.0,0.0,0.0,0.0,0.0,0.0,0.0,51.95,45.5,56.5,6.450000000000003,4.549999999999997,50.5,44.0,53.5,6.5,3.0,45.2,37.0,51.0,8.200000000000003,5.799999999999997,61.6,57.0,72.0,4.600000000000001,10.399999999999999,4.0,4.0,4.0,0.0,0.0,4.0,4.0,4.0,0.0,0.0,0.0,0.0,0.0,0.0,0.0,4.0,4.0,4.0,0.0,0.0
20,4,20,5,0.2,0.2,0.3,dense,True,20,20,20,4,20,5,13,Independent shard-aware composition diagnostic,validity_full_harmful_sequence_per_prompt,radius_derived,5,"0,10,20,30,40",1.0,1.0,1.0,0.0,0.0,0.0,0.0,0.0,0.0,0.0,51.95,45.5,56.5,6.450000000000003,4.549999999999997,50.5,44.0,53.5,6.5,3.0,45.2,37.0,51.0,8.200000000000003,5.799999999999997,61.6,57.0,72.0,4.600000000000001,10.399999999999999,4.0,4.0,4.0,0.0,0.0,4.0,4.0,4.0,0.0,0.0,0.0,0.0,0.0,0.0,0.0,4.0,4.0,4.0,0.0,0.0
20,4,20,5,0.2,0.2,0.3,dense,True,20,20,20,4,20,5,14,Independent shard-aware composition diagnostic,validity_full_harmful_sequence_per_prompt,radius_derived,5,"0,10,20,30,40",1.0,1.0,1.0,0.0,0.0,0.0,0.0,0.0,0.0,0.0,51.95,45.5,56.5,6.450000000000003,4.549999999999997,50.5,44.0,53.5,6.5,3.0,45.2,37.0,51.0,8.200000000000003,5.799999999999997,61.6,57.0,72.0,4.600000000000001,10.399999999999999,4.0,4.0,4.0,0.0,0.0,4.0,4.0,4.0,0.0,0.0,0.0,0.0,0.0,0.0,0.0,4.0,4.0,4.0,0.0,0.0
20,4,20,5,0.2,0.2,0.3,dense,True,20,20,20,4,20,5,15,Independent shard-aware composition diagnostic,validity_full_harmful_sequence_per_prompt,radius_derived,5,"0,10,20,30,40",1.0,1.0,1.0,0.0,0.0,0.0,0.0,0.0,0.0,0.0,51.95,45.5,56.5,6.450000000000003,4.549999999999997,50.5,44.0,53.5,6.5,3.0,45.2,37.0,51.0,8.200000000000003,5.799999999999997,61.6,57.0,72.0,4.600000000000001,10.399999999999999,4.0,4.0,4.0,0.0,0.0,4.0,4.0,4.0,0.0,0.0,0.0,0.0,0.0,0.0,0.0,4.0,4.0,4.0,0.0,0.0
20,4,20,5,0.2,0.2,0.3,dense,True,20,20,20,4,20,5,16,Independent shard-aware composition diagnostic,validity_full_harmful_sequence_per_prompt,radius_derived,5,"0,10,20,30,40",1.0,1.0,1.0,0.0,0.0,0.0,0.0,0.0,0.0,0.0,51.95,45.5,56.5,6.450000000000003,4.549999999999997,50.5,44.0,53.5,6.5,3.0,45.2,37.0,51.0,8.200000000000003,5.799999999999997,61.6,57.0,72.0,4.600000000000001,10.399999999999999,4.0,4.0,4.0,0.0,0.0,4.0,4.0,4.0,0.0,0.0,0.0,0.0,0.0,0.0,0.0,4.0,4.0,4.0,0.0,0.0
20,4,20,5,0.2,0.2,0.3,dense,True,20,20,20,4,20,5,17,Independent shard-aware composition diagnostic,validity_full_harmful_sequence_per_prompt,radius_derived,5,"0,10,20,30,40",1.0,1.0,1.0,0.0,0.0,0.0,0.0,0.0,0.0,0.0,51.95,45.5,56.5,6.450000000000003,4.549999999999997,50.5,44.0,53.5,6.5,3.0,45.2,37.0,51.0,8.200000000000003,5.799999999999997,61.6,57.0,72.0,4.600000000000001,10.399999999999999,4.0,4.0,4.0,0.0,0.0,4.0,4.0,4.0,0.0,0.0,0.0,0.0,0.0,0.0,0.0,4.0,4.0,4.0,0.0,0.0
20,4,20,5,0.2,0.2,0.3,dense,True,20,20,20,4,20,5,18,Independent shard-aware composition diagnostic,validity_full_harmful_sequence_per_prompt,radius_derived,5,"0,10,20,30,40",1.0,1.0,1.0,0.0,0.0,0.0,0.0,0.0,0.0,0.0,51.95,45.5,56.5,6.450000000000003,4.549999999999997,50.5,44.0,53.5,6.5,3.0,45.2,37.0,51.0,8.200000000000003,5.799999999999997,61.6,57.0,72.0,4.600000000000001,10.399999999999999,4.0,4.0,4.0,0.0,0.0,4.0,4.0,4.0,0.0,0.0,0.0,0.0,0.0,0.0,0.0,4.0,4.0,4.0,0.0,0.0
20,4,20,5,0.2,0.2,0.3,dense,True,20,20,20,4,20,5,19,Independent shard-aware composition diagnostic,validity_full_harmful_sequence_per_prompt,radius_derived,5,"0,10,20,30,40",1.0,1.0,1.0,0.0,0.0,0.0,0.0,0.0,0.0,0.0,51.95,45.5,56.5,6.450000000000003,4.549999999999997,50.5,44.0,53.5,6.5,3.0,45.2,37.0,51.0,8.200000000000003,5.799999999999997,61.6,57.0,72.0,4.600000000000001,10.399999999999999,4.0,4.0,4.0,0.0,0.0,4.0,4.0,4.0,0.0,0.0,0.0,0.0,0.0,0.0,0.0,4.0,4.0,4.0,0.0,0.0
20,4,20,5,0.2,0.2,0.3,dense,True,20,20,20,4,20,5,20,Independent shard-aware composition diagnostic,validity_full_harmful_sequence_per_prompt,radius_derived,5,"0,10,20,30,40",1.0,1.0,1.0,0.0,0.0,0.0,0.0,0.0,0.0,0.0,51.95,45.5,56.5,6.450000000000003,4.549999999999997,50.5,44.0,53.5,6.5,3.0,45.2,37.0,51.0,8.200000000000003,5.799999999999997,61.6,57.0,72.0,4.600000000000001,10.399999999999999,4.0,4.0,4.0,0.0,0.0,4.0,4.0,4.0,0.0,0.0,0.0,0.0,0.0,0.0,0.0,4.0,4.0,4.0,0.0,0.0
