seed,K,N,L,T,delta_stab,delta_val,target_bias,influence_mode,stability_competitor_mode,budget,method,objective,curve_type,max_attacked_rows,max_attacked_cells,attacked_fraction,certified_fraction,status_name,is_optimal,certified_fraction_is_exact,bound_type,objective_value,lower_bound,upper_bound,mip_gap,runtime_sec
0,6,1,2,4,0.2,0.2,0.3,dense,all,0,Shared MILP,stability_one_token_per_prompt,direct_damage_milp,0,0,0.0,1.0,OPTIMAL,True,True,exact,-0.0,-0.0,-0.0,0.0,4.38690185546875e-05
0,6,1,2,4,0.2,0.2,0.3,dense,all,0,Shared MILP,stability_full_sequence_per_prompt,direct_damage_milp,0,0,0.0,1.0,OPTIMAL,True,True,exact,-0.0,-0.0,-0.0,0.0,3.600120544433594e-05
0,6,1,2,4,0.2,0.2,0.3,dense,all,0,Shared MILP,validity_full_harmful_sequence_per_prompt,direct_damage_milp,0,0,0.0,1.0,OPTIMAL,True,True,exact,-0.0,-0.0,-0.0,0.0,2.9087066650390625e-05
0,6,1,2,4,0.2,0.2,0.3,dense,all,1,Shared MILP,stability_one_token_per_prompt,direct_damage_milp,0,0,0.0,1.0,OPTIMAL,True,True,exact,-0.0,-0.0,-0.0,0.0,5.316734313964844e-05
0,6,1,2,4,0.2,0.2,0.3,dense,all,1,Shared MILP,stability_full_sequence_per_prompt,direct_damage_milp,0,0,0.0,1.0,OPTIMAL,True,True,exact,-0.0,-0.0,-0.0,0.0,4.506111145019531e-05
0,6,1,2,4,0.2,0.2,0.3,dense,all,1,Shared MILP,validity_full_harmful_sequence_per_prompt,direct_damage_milp,0,0,0.0,1.0,OPTIMAL,True,True,exact,-0.0,-0.0,-0.0,0.0,3.719329833984375e-05
0,6,1,2,4,0.2,0.2,0.3,dense,all,2,Shared MILP,stability_one_token_per_prompt,direct_damage_milp,1,2,1.0,0.0,OPTIMAL,True,True,exact,1.0,1.0,1.0,0.0,7.510185241699219e-05
0,6,1,2,4,0.2,0.2,0.3,dense,all,2,Shared MILP,stability_full_sequence_per_prompt,direct_damage_milp,1,2,1.0,0.0,OPTIMAL,True,True,exact,1.0,1.0,1.0,0.0,5.412101745605469e-05
0,6,1,2,4,0.2,0.2,0.3,dense,all,2,Shared MILP,validity_full_harmful_sequence_per_prompt,direct_damage_milp,1,2,1.0,0.0,OPTIMAL,True,True,exact,1.0,1.0,1.0,0.0,3.409385681152344e-05
0,6,1,2,4,0.2,0.2,0.3,dense,all,3,Shared MILP,stability_one_token_per_prompt,direct_damage_milp,1,2,1.0,0.0,OPTIMAL,True,True,exact,1.0,1.0,1.0,0.0,5.507469177246094e-05
0,6,1,2,4,0.2,0.2,0.3,dense,all,3,Shared MILP,stability_full_sequence_per_prompt,direct_damage_milp,1,2,1.0,0.0,OPTIMAL,True,True,exact,1.0,1.0,1.0,0.0,4.792213439941406e-05
0,6,1,2,4,0.2,0.2,0.3,dense,all,3,Shared MILP,validity_full_harmful_sequence_per_prompt,direct_damage_milp,1,2,1.0,0.0,OPTIMAL,True,True,exact,1.0,1.0,1.0,0.0,3.409385681152344e-05
0,6,1,2,4,0.2,0.2,0.3,dense,all,4,Shared MILP,stability_one_token_per_prompt,direct_damage_milp,1,2,1.0,0.0,OPTIMAL,True,True,exact,1.0,1.0,1.0,0.0,4.792213439941406e-05
0,6,1,2,4,0.2,0.2,0.3,dense,all,4,Shared MILP,stability_full_sequence_per_prompt,direct_damage_milp,1,2,1.0,0.0,OPTIMAL,True,True,exact,1.0,1.0,1.0,0.0,4.38690185546875e-05
0,6,1,2,4,0.2,0.2,0.3,dense,all,4,Shared MILP,validity_full_harmful_sequence_per_prompt,direct_damage_milp,1,2,1.0,0.0,OPTIMAL,True,True,exact,1.0,1.0,1.0,0.0,3.1948089599609375e-05
0,6,1,2,4,0.2,0.2,0.3,dense,all,5,Shared MILP,stability_one_token_per_prompt,direct_damage_milp,1,2,1.0,0.0,OPTIMAL,True,True,exact,1.0,1.0,1.0,0.0,5.0067901611328125e-05
0,6,1,2,4,0.2,0.2,0.3,dense,all,5,Shared MILP,stability_full_sequence_per_prompt,direct_damage_milp,1,2,1.0,0.0,OPTIMAL,True,True,exact,1.0,1.0,1.0,0.0,4.792213439941406e-05
0,6,1,2,4,0.2,0.2,0.3,dense,all,5,Shared MILP,validity_full_harmful_sequence_per_prompt,direct_damage_milp,1,2,1.0,0.0,OPTIMAL,True,True,exact,1.0,1.0,1.0,0.0,3.0994415283203125e-05
0,6,1,2,4,0.2,0.2,0.3,dense,all,6,Shared MILP,stability_one_token_per_prompt,direct_damage_milp,1,2,1.0,0.0,OPTIMAL,True,True,exact,1.0,1.0,1.0,0.0,5.9604644775390625e-06
0,6,1,2,4,0.2,0.2,0.3,dense,all,6,Shared MILP,stability_full_sequence_per_prompt,direct_damage_milp,1,2,1.0,0.0,OPTIMAL,True,True,exact,1.0,1.0,1.0,0.0,7.152557373046875e-06
0,6,1,2,4,0.2,0.2,0.3,dense,all,6,Shared MILP,validity_full_harmful_sequence_per_prompt,direct_damage_milp,1,2,1.0,0.0,OPTIMAL,True,True,exact,1.0,1.0,1.0,0.0,4.0531158447265625e-06
0,6,1,4,4,0.2,0.2,0.3,dense,all,0,Shared MILP,stability_one_token_per_prompt,direct_damage_milp,0,0,0.0,1.0,OPTIMAL,True,True,exact,-0.0,-0.0,-0.0,0.0,4.38690185546875e-05
0,6,1,4,4,0.2,0.2,0.3,dense,all,0,Shared MILP,stability_full_sequence_per_prompt,direct_damage_milp,0,0,0.0,1.0,OPTIMAL,True,True,exact,-0.0,-0.0,-0.0,0.0,3.600120544433594e-05
0,6,1,4,4,0.2,0.2,0.3,dense,all,0,Shared MILP,validity_full_harmful_sequence_per_prompt,direct_damage_milp,0,2,0.0,1.0,OPTIMAL,True,True,exact,-0.0,-0.0,-0.0,0.0,5.5789947509765625e-05
0,6,1,4,4,0.2,0.2,0.3,dense,all,1,Shared MILP,stability_one_token_per_prompt,direct_damage_milp,1,1,1.0,0.0,OPTIMAL,True,True,exact,1.0,1.0,1.0,0.0,9.703636169433594e-05
0,6,1,4,4,0.2,0.2,0.3,dense,all,1,Shared MILP,stability_full_sequence_per_prompt,direct_damage_milp,0,1,0.0,1.0,OPTIMAL,True,True,exact,-0.0,-0.0,-0.0,0.0,7.009506225585938e-05
0,6,1,4,4,0.2,0.2,0.3,dense,all,1,Shared MILP,validity_full_harmful_sequence_per_prompt,direct_damage_milp,0,3,0.0,1.0,OPTIMAL,True,True,exact,-0.0,-0.0,-0.0,0.0,4.887580871582031e-05
0,6,1,4,4,0.2,0.2,0.3,dense,all,2,Shared MILP,stability_one_token_per_prompt,direct_damage_milp,1,1,1.0,0.0,OPTIMAL,True,True,exact,1.0,1.0,1.0,0.0,0.00020885467529296875
0,6,1,4,4,0.2,0.2,0.3,dense,all,2,Shared MILP,stability_full_sequence_per_prompt,direct_damage_milp,1,4,1.0,0.0,OPTIMAL,True,True,exact,1.0,1.0,1.0,0.0,0.00023412704467773438
0,6,1,4,4,0.2,0.2,0.3,dense,all,2,Shared MILP,validity_full_harmful_sequence_per_prompt,direct_damage_milp,0,2,0.0,1.0,OPTIMAL,True,True,exact,-0.0,-0.0,-0.0,0.0,4.601478576660156e-05
0,6,1,4,4,0.2,0.2,0.3,dense,all,3,Shared MILP,stability_one_token_per_prompt,direct_damage_milp,1,1,1.0,0.0,OPTIMAL,True,True,exact,1.0,1.0,1.0,0.0,0.0004298686981201172
0,6,1,4,4,0.2,0.2,0.3,dense,all,3,Shared MILP,stability_full_sequence_per_prompt,direct_damage_milp,1,4,1.0,0.0,OPTIMAL,True,True,exact,1.0,1.0,1.0,0.0,0.0003781318664550781
0,6,1,4,4,0.2,0.2,0.3,dense,all,3,Shared MILP,validity_full_harmful_sequence_per_prompt,direct_damage_milp,1,4,1.0,0.0,OPTIMAL,True,True,exact,1.0,1.0,1.0,0.0,4.792213439941406e-05
0,6,1,4,4,0.2,0.2,0.3,dense,all,4,Shared MILP,stability_one_token_per_prompt,direct_damage_milp,1,1,1.0,0.0,OPTIMAL,True,True,exact,1.0,1.0,1.0,0.0,0.00038313865661621094
0,6,1,4,4,0.2,0.2,0.3,dense,all,4,Shared MILP,stability_full_sequence_per_prompt,direct_damage_milp,1,4,1.0,0.0,OPTIMAL,True,True,exact,1.0,1.0,1.0,0.0,0.0004010200500488281
0,6,1,4,4,0.2,0.2,0.3,dense,all,4,Shared MILP,validity_full_harmful_sequence_per_prompt,direct_damage_milp,1,4,1.0,0.0,OPTIMAL,True,True,exact,1.0,1.0,1.0,0.0,4.291534423828125e-05
0,6,1,4,4,0.2,0.2,0.3,dense,all,5,Shared MILP,stability_one_token_per_prompt,direct_damage_milp,1,4,1.0,0.0,OPTIMAL,True,True,exact,1.0,1.0,1.0,0.0,0.00011205673217773438
0,6,1,4,4,0.2,0.2,0.3,dense,all,5,Shared MILP,stability_full_sequence_per_prompt,direct_damage_milp,1,4,1.0,0.0,OPTIMAL,True,True,exact,1.0,1.0,1.0,0.0,9.703636169433594e-05
0,6,1,4,4,0.2,0.2,0.3,dense,all,5,Shared MILP,validity_full_harmful_sequence_per_prompt,direct_damage_milp,1,4,1.0,0.0,OPTIMAL,True,True,exact,1.0,1.0,1.0,0.0,3.981590270996094e-05
0,6,1,4,4,0.2,0.2,0.3,dense,all,6,Shared MILP,stability_one_token_per_prompt,direct_damage_milp,1,4,1.0,0.0,OPTIMAL,True,True,exact,1.0,1.0,1.0,0.0,7.867813110351562e-06
0,6,1,4,4,0.2,0.2,0.3,dense,all,6,Shared MILP,stability_full_sequence_per_prompt,direct_damage_milp,1,4,1.0,0.0,OPTIMAL,True,True,exact,1.0,1.0,1.0,0.0,6.9141387939453125e-06
0,6,1,4,4,0.2,0.2,0.3,dense,all,6,Shared MILP,validity_full_harmful_sequence_per_prompt,direct_damage_milp,1,4,1.0,0.0,OPTIMAL,True,True,exact,1.0,1.0,1.0,0.0,5.0067901611328125e-06
0,6,1,6,4,0.2,0.2,0.3,dense,all,0,Shared MILP,stability_one_token_per_prompt,direct_damage_milp,0,0,0.0,1.0,OPTIMAL,True,True,exact,-0.0,-0.0,-0.0,0.0,4.506111145019531e-05
0,6,1,6,4,0.2,0.2,0.3,dense,all,0,Shared MILP,stability_full_sequence_per_prompt,direct_damage_milp,0,0,0.0,1.0,OPTIMAL,True,True,exact,-0.0,-0.0,-0.0,0.0,4.1961669921875e-05
0,6,1,6,4,0.2,0.2,0.3,dense,all,0,Shared MILP,validity_full_harmful_sequence_per_prompt,direct_damage_milp,0,2,0.0,1.0,OPTIMAL,True,True,exact,-0.0,-0.0,-0.0,0.0,3.4809112548828125e-05
0,6,1,6,4,0.2,0.2,0.3,dense,all,1,Shared MILP,stability_one_token_per_prompt,direct_damage_milp,0,0,0.0,1.0,OPTIMAL,True,True,exact,-0.0,-0.0,-0.0,0.0,7.414817810058594e-05
0,6,1,6,4,0.2,0.2,0.3,dense,all,1,Shared MILP,stability_full_sequence_per_prompt,direct_damage_milp,0,0,0.0,1.0,OPTIMAL,True,True,exact,-0.0,-0.0,-0.0,0.0,6.580352783203125e-05
0,6,1,6,4,0.2,0.2,0.3,dense,all,1,Shared MILP,validity_full_harmful_sequence_per_prompt,direct_damage_milp,0,2,0.0,1.0,OPTIMAL,True,True,exact,-0.0,-0.0,-0.0,0.0,5.888938903808594e-05
0,6,1,6,4,0.2,0.2,0.3,dense,all,2,Shared MILP,stability_one_token_per_prompt,direct_damage_milp,1,1,1.0,0.0,OPTIMAL,True,True,exact,1.0,1.0,1.0,0.0,0.00041103363037109375
0,6,1,6,4,0.2,0.2,0.3,dense,all,2,Shared MILP,stability_full_sequence_per_prompt,direct_damage_milp,0,2,0.0,1.0,OPTIMAL,True,True,exact,-0.0,-0.0,-0.0,0.0,0.00015211105346679688
0,6,1,6,4,0.2,0.2,0.3,dense,all,2,Shared MILP,validity_full_harmful_sequence_per_prompt,direct_damage_milp,1,6,1.0,0.0,OPTIMAL,True,True,exact,1.0,1.0,1.0,0.0,7.915496826171875e-05
0,6,1,6,4,0.2,0.2,0.3,dense,all,3,Shared MILP,stability_one_token_per_prompt,direct_damage_milp,1,1,1.0,0.0,OPTIMAL,True,True,exact,1.0,1.0,1.0,0.0,0.0002560615539550781
0,6,1,6,4,0.2,0.2,0.3,dense,all,3,Shared MILP,stability_full_sequence_per_prompt,direct_damage_milp,1,6,1.0,0.0,OPTIMAL,True,True,exact,1.0,1.0,1.0,0.0,0.0004050731658935547
0,6,1,6,4,0.2,0.2,0.3,dense,all,3,Shared MILP,validity_full_harmful_sequence_per_prompt,direct_damage_milp,1,6,1.0,0.0,OPTIMAL,True,True,exact,1.0,1.0,1.0,0.0,0.0001010894775390625
0,6,1,6,4,0.2,0.2,0.3,dense,all,4,Shared MILP,stability_one_token_per_prompt,direct_damage_milp,1,1,1.0,0.0,OPTIMAL,True,True,exact,1.0,1.0,1.0,0.0,0.00023102760314941406
0,6,1,6,4,0.2,0.2,0.3,dense,all,4,Shared MILP,stability_full_sequence_per_prompt,direct_damage_milp,1,6,1.0,0.0,OPTIMAL,True,True,exact,1.0,1.0,1.0,0.0,0.00038814544677734375
0,6,1,6,4,0.2,0.2,0.3,dense,all,4,Shared MILP,validity_full_harmful_sequence_per_prompt,direct_damage_milp,1,6,1.0,0.0,OPTIMAL,True,True,exact,1.0,1.0,1.0,0.0,0.00010704994201660156
0,6,1,6,4,0.2,0.2,0.3,dense,all,5,Shared MILP,stability_one_token_per_prompt,direct_damage_milp,1,4,1.0,0.0,OPTIMAL,True,True,exact,1.0,1.0,1.0,0.0,0.00026798248291015625
0,6,1,6,4,0.2,0.2,0.3,dense,all,5,Shared MILP,stability_full_sequence_per_prompt,direct_damage_milp,1,6,1.0,0.0,OPTIMAL,True,True,exact,1.0,1.0,1.0,0.0,0.00022792816162109375
0,6,1,6,4,0.2,0.2,0.3,dense,all,5,Shared MILP,validity_full_harmful_sequence_per_prompt,direct_damage_milp,1,6,1.0,0.0,OPTIMAL,True,True,exact,1.0,1.0,1.0,0.0,5.1021575927734375e-05
0,6,1,6,4,0.2,0.2,0.3,dense,all,6,Shared MILP,stability_one_token_per_prompt,direct_damage_milp,1,6,1.0,0.0,OPTIMAL,True,True,exact,1.0,1.0,1.0,0.0,9.059906005859375e-06
0,6,1,6,4,0.2,0.2,0.3,dense,all,6,Shared MILP,stability_full_sequence_per_prompt,direct_damage_milp,1,6,1.0,0.0,OPTIMAL,True,True,exact,1.0,1.0,1.0,0.0,9.059906005859375e-06
0,6,1,6,4,0.2,0.2,0.3,dense,all,6,Shared MILP,validity_full_harmful_sequence_per_prompt,direct_damage_milp,1,6,1.0,0.0,OPTIMAL,True,True,exact,1.0,1.0,1.0,0.0,6.9141387939453125e-06
0,6,2,2,4,0.2,0.2,0.3,dense,all,0,Shared MILP,stability_one_token_per_prompt,direct_damage_milp,0,0,0.0,1.0,OPTIMAL,True,True,exact,-0.0,-0.0,-0.0,0.0,4.601478576660156e-05
0,6,2,2,4,0.2,0.2,0.3,dense,all,0,Shared MILP,stability_full_sequence_per_prompt,direct_damage_milp,0,0,0.0,1.0,OPTIMAL,True,True,exact,-0.0,-0.0,-0.0,0.0,4.601478576660156e-05
0,6,2,2,4,0.2,0.2,0.3,dense,all,0,Shared MILP,validity_full_harmful_sequence_per_prompt,direct_damage_milp,1,2,0.5,0.5,OPTIMAL,True,True,exact,1.0,1.0,1.0,0.0,3.0994415283203125e-05
0,6,2,2,4,0.2,0.2,0.3,dense,all,1,Shared MILP,stability_one_token_per_prompt,direct_damage_milp,1,1,0.5,0.5,OPTIMAL,True,True,exact,1.0,1.0,1.0,0.0,8.511543273925781e-05
0,6,2,2,4,0.2,0.2,0.3,dense,all,1,Shared MILP,stability_full_sequence_per_prompt,direct_damage_milp,0,1,0.0,1.0,OPTIMAL,True,True,exact,-0.0,-0.0,-0.0,0.0,6.890296936035156e-05
0,6,2,2,4,0.2,0.2,0.3,dense,all,1,Shared MILP,validity_full_harmful_sequence_per_prompt,direct_damage_milp,1,3,0.5,0.5,OPTIMAL,True,True,exact,1.0,1.0,1.0,0.0,4.601478576660156e-05
0,6,2,2,4,0.2,0.2,0.3,dense,all,2,Shared MILP,stability_one_token_per_prompt,direct_damage_milp,2,2,1.0,0.0,OPTIMAL,True,True,exact,2.0,2.0,2.0,0.0,0.0005049705505371094
0,6,2,2,4,0.2,0.2,0.3,dense,all,2,Shared MILP,stability_full_sequence_per_prompt,direct_damage_milp,2,4,1.0,0.0,OPTIMAL,True,True,exact,2.0,2.0,2.0,0.0,0.000244140625
0,6,2,2,4,0.2,0.2,0.3,dense,all,2,Shared MILP,validity_full_harmful_sequence_per_prompt,direct_damage_milp,1,2,0.5,0.5,OPTIMAL,True,True,exact,1.0,1.0,1.0,0.0,4.7206878662109375e-05
0,6,2,2,4,0.2,0.2,0.3,dense,all,3,Shared MILP,stability_one_token_per_prompt,direct_damage_milp,2,2,1.0,0.0,OPTIMAL,True,True,exact,2.0,2.0,2.0,0.0,0.0002617835998535156
0,6,2,2,4,0.2,0.2,0.3,dense,all,3,Shared MILP,stability_full_sequence_per_prompt,direct_damage_milp,2,4,1.0,0.0,OPTIMAL,True,True,exact,2.0,2.0,2.0,0.0,0.00040721893310546875
0,6,2,2,4,0.2,0.2,0.3,dense,all,3,Shared MILP,validity_full_harmful_sequence_per_prompt,direct_damage_milp,2,4,1.0,0.0,OPTIMAL,True,True,exact,2.0,2.0,2.0,0.0,5.221366882324219e-05
0,6,2,2,4,0.2,0.2,0.3,dense,all,4,Shared MILP,stability_one_token_per_prompt,direct_damage_milp,2,2,1.0,0.0,OPTIMAL,True,True,exact,2.0,2.0,2.0,0.0,0.0002589225769042969
0,6,2,2,4,0.2,0.2,0.3,dense,all,4,Shared MILP,stability_full_sequence_per_prompt,direct_damage_milp,2,4,1.0,0.0,OPTIMAL,True,True,exact,2.0,2.0,2.0,0.0,0.0003859996795654297
0,6,2,2,4,0.2,0.2,0.3,dense,all,4,Shared MILP,validity_full_harmful_sequence_per_prompt,direct_damage_milp,2,4,1.0,0.0,OPTIMAL,True,True,exact,2.0,2.0,2.0,0.0,4.100799560546875e-05
0,6,2,2,4,0.2,0.2,0.3,dense,all,5,Shared MILP,stability_one_token_per_prompt,direct_damage_milp,2,4,1.0,0.0,OPTIMAL,True,True,exact,2.0,2.0,2.0,0.0,0.00011491775512695312
0,6,2,2,4,0.2,0.2,0.3,dense,all,5,Shared MILP,stability_full_sequence_per_prompt,direct_damage_milp,2,4,1.0,0.0,OPTIMAL,True,True,exact,2.0,2.0,2.0,0.0,0.00011801719665527344
0,6,2,2,4,0.2,0.2,0.3,dense,all,5,Shared MILP,validity_full_harmful_sequence_per_prompt,direct_damage_milp,2,4,1.0,0.0,OPTIMAL,True,True,exact,2.0,2.0,2.0,0.0,4.601478576660156e-05
0,6,2,2,4,0.2,0.2,0.3,dense,all,6,Shared MILP,stability_one_token_per_prompt,direct_damage_milp,2,4,1.0,0.0,OPTIMAL,True,True,exact,2.0,2.0,2.0,0.0,7.867813110351562e-06
0,6,2,2,4,0.2,0.2,0.3,dense,all,6,Shared MILP,stability_full_sequence_per_prompt,direct_damage_milp,2,4,1.0,0.0,OPTIMAL,True,True,exact,2.0,2.0,2.0,0.0,7.867813110351562e-06
0,6,2,2,4,0.2,0.2,0.3,dense,all,6,Shared MILP,validity_full_harmful_sequence_per_prompt,direct_damage_milp,2,4,1.0,0.0,OPTIMAL,True,True,exact,2.0,2.0,2.0,0.0,6.198883056640625e-06
0,6,2,4,4,0.2,0.2,0.3,dense,all,0,Shared MILP,stability_one_token_per_prompt,direct_damage_milp,0,0,0.0,1.0,OPTIMAL,True,True,exact,-0.0,-0.0,-0.0,0.0,4.482269287109375e-05
0,6,2,4,4,0.2,0.2,0.3,dense,all,0,Shared MILP,stability_full_sequence_per_prompt,direct_damage_milp,0,0,0.0,1.0,OPTIMAL,True,True,exact,-0.0,-0.0,-0.0,0.0,4.1961669921875e-05
0,6,2,4,4,0.2,0.2,0.3,dense,all,0,Shared MILP,validity_full_harmful_sequence_per_prompt,direct_damage_milp,0,1,0.0,1.0,OPTIMAL,True,True,exact,-0.0,-0.0,-0.0,0.0,3.3855438232421875e-05
0,6,2,4,4,0.2,0.2,0.3,dense,all,1,Shared MILP,stability_one_token_per_prompt,direct_damage_milp,1,1,0.5,0.5,OPTIMAL,True,True,exact,1.0,1.0,1.0,0.0,9.298324584960938e-05
0,6,2,4,4,0.2,0.2,0.3,dense,all,1,Shared MILP,stability_full_sequence_per_prompt,direct_damage_milp,0,0,0.0,1.0,OPTIMAL,True,True,exact,-0.0,-0.0,-0.0,0.0,9.107589721679688e-05
0,6,2,4,4,0.2,0.2,0.3,dense,all,1,Shared MILP,validity_full_harmful_sequence_per_prompt,direct_damage_milp,0,1,0.0,1.0,OPTIMAL,True,True,exact,-0.0,-0.0,-0.0,0.0,6.890296936035156e-05
0,6,2,4,4,0.2,0.2,0.3,dense,all,2,Shared MILP,stability_one_token_per_prompt,direct_damage_milp,2,2,1.0,0.0,OPTIMAL,True,True,exact,2.0,2.0,2.0,0.0,0.000598907470703125
0,6,2,4,4,0.2,0.2,0.3,dense,all,2,Shared MILP,stability_full_sequence_per_prompt,direct_damage_milp,1,4,0.5,0.5,OPTIMAL,True,True,exact,1.0,1.0,1.0,0.0,0.00045418739318847656
0,6,2,4,4,0.2,0.2,0.3,dense,all,2,Shared MILP,validity_full_harmful_sequence_per_prompt,direct_damage_milp,1,5,0.5,0.5,OPTIMAL,True,True,exact,1.0,1.0,1.0,0.0,7.891654968261719e-05
0,6,2,4,4,0.2,0.2,0.3,dense,all,3,Shared MILP,stability_one_token_per_prompt,direct_damage_milp,2,2,1.0,0.0,OPTIMAL,True,True,exact,2.0,2.0,2.0,0.0,0.0005488395690917969
0,6,2,4,4,0.2,0.2,0.3,dense,all,3,Shared MILP,stability_full_sequence_per_prompt,direct_damage_milp,2,8,1.0,0.0,OPTIMAL,True,True,exact,2.0,2.0,2.0,0.0,0.0005860328674316406
0,6,2,4,4,0.2,0.2,0.3,dense,all,3,Shared MILP,validity_full_harmful_sequence_per_prompt,direct_damage_milp,2,8,1.0,0.0,OPTIMAL,True,True,exact,2.0,2.0,2.0,0.0,0.000102996826171875
0,6,2,4,4,0.2,0.2,0.3,dense,all,4,Shared MILP,stability_one_token_per_prompt,direct_damage_milp,2,2,1.0,0.0,OPTIMAL,True,True,exact,2.0,2.0,2.0,0.0,0.0004611015319824219
0,6,2,4,4,0.2,0.2,0.3,dense,all,4,Shared MILP,stability_full_sequence_per_prompt,direct_damage_milp,2,8,1.0,0.0,OPTIMAL,True,True,exact,2.0,2.0,2.0,0.0,0.0005099773406982422
0,6,2,4,4,0.2,0.2,0.3,dense,all,4,Shared MILP,validity_full_harmful_sequence_per_prompt,direct_damage_milp,2,8,1.0,0.0,OPTIMAL,True,True,exact,2.0,2.0,2.0,0.0,9.512901306152344e-05
0,6,2,4,4,0.2,0.2,0.3,dense,all,5,Shared MILP,stability_one_token_per_prompt,direct_damage_milp,2,8,1.0,0.0,OPTIMAL,True,True,exact,2.0,2.0,2.0,0.0,0.00019288063049316406
0,6,2,4,4,0.2,0.2,0.3,dense,all,5,Shared MILP,stability_full_sequence_per_prompt,direct_damage_milp,2,8,1.0,0.0,OPTIMAL,True,True,exact,2.0,2.0,2.0,0.0,0.0001399517059326172
0,6,2,4,4,0.2,0.2,0.3,dense,all,5,Shared MILP,validity_full_harmful_sequence_per_prompt,direct_damage_milp,2,8,1.0,0.0,OPTIMAL,True,True,exact,2.0,2.0,2.0,0.0,6.604194641113281e-05
0,6,2,4,4,0.2,0.2,0.3,dense,all,6,Shared MILP,stability_one_token_per_prompt,direct_damage_milp,2,8,1.0,0.0,OPTIMAL,True,True,exact,2.0,2.0,2.0,0.0,1.0967254638671875e-05
0,6,2,4,4,0.2,0.2,0.3,dense,all,6,Shared MILP,stability_full_sequence_per_prompt,direct_damage_milp,2,8,1.0,0.0,OPTIMAL,True,True,exact,2.0,2.0,2.0,0.0,1.0967254638671875e-05
0,6,2,4,4,0.2,0.2,0.3,dense,all,6,Shared MILP,validity_full_harmful_sequence_per_prompt,direct_damage_milp,2,8,1.0,0.0,OPTIMAL,True,True,exact,2.0,2.0,2.0,0.0,6.9141387939453125e-06
0,6,2,6,4,0.2,0.2,0.3,dense,all,0,Shared MILP,stability_one_token_per_prompt,direct_damage_milp,0,0,0.0,1.0,OPTIMAL,True,True,exact,-0.0,-0.0,-0.0,0.0,5.602836608886719e-05
0,6,2,6,4,0.2,0.2,0.3,dense,all,0,Shared MILP,stability_full_sequence_per_prompt,direct_damage_milp,0,0,0.0,1.0,OPTIMAL,True,True,exact,-0.0,-0.0,-0.0,0.0,5.3882598876953125e-05
0,6,2,6,4,0.2,0.2,0.3,dense,all,0,Shared MILP,validity_full_harmful_sequence_per_prompt,direct_damage_milp,0,6,0.0,1.0,OPTIMAL,True,True,exact,-0.0,-0.0,-0.0,0.0,3.790855407714844e-05
0,6,2,6,4,0.2,0.2,0.3,dense,all,1,Shared MILP,stability_one_token_per_prompt,direct_damage_milp,0,0,0.0,1.0,OPTIMAL,True,True,exact,-0.0,-0.0,-0.0,0.0,0.00011587142944335938
0,6,2,6,4,0.2,0.2,0.3,dense,all,1,Shared MILP,stability_full_sequence_per_prompt,direct_damage_milp,0,0,0.0,1.0,OPTIMAL,True,True,exact,-0.0,-0.0,-0.0,0.0,0.00011491775512695312
0,6,2,6,4,0.2,0.2,0.3,dense,all,1,Shared MILP,validity_full_harmful_sequence_per_prompt,direct_damage_milp,0,7,0.0,1.0,OPTIMAL,True,True,exact,-0.0,-0.0,-0.0,0.0,5.984306335449219e-05
0,6,2,6,4,0.2,0.2,0.3,dense,all,2,Shared MILP,stability_one_token_per_prompt,direct_damage_milp,2,2,1.0,0.0,OPTIMAL,True,True,exact,2.0,2.0,2.0,0.0,0.00038695335388183594
0,6,2,6,4,0.2,0.2,0.3,dense,all,2,Shared MILP,stability_full_sequence_per_prompt,direct_damage_milp,1,6,0.5,0.5,OPTIMAL,True,True,exact,1.0,1.0,1.0,0.0,0.000637054443359375
0,6,2,6,4,0.2,0.2,0.3,dense,all,2,Shared MILP,validity_full_harmful_sequence_per_prompt,direct_damage_milp,0,6,0.0,1.0,OPTIMAL,True,True,exact,-0.0,-0.0,-0.0,0.0,6.890296936035156e-05
0,6,2,6,4,0.2,0.2,0.3,dense,all,3,Shared MILP,stability_one_token_per_prompt,direct_damage_milp,2,2,1.0,0.0,OPTIMAL,True,True,exact,2.0,2.0,2.0,0.0,0.0003769397735595703
0,6,2,6,4,0.2,0.2,0.3,dense,all,3,Shared MILP,stability_full_sequence_per_prompt,direct_damage_milp,2,12,1.0,0.0,OPTIMAL,True,True,exact,2.0,2.0,2.0,0.0,0.00047898292541503906
0,6,2,6,4,0.2,0.2,0.3,dense,all,3,Shared MILP,validity_full_harmful_sequence_per_prompt,direct_damage_milp,2,12,1.0,0.0,OPTIMAL,True,True,exact,2.0,2.0,2.0,0.0,0.0002989768981933594
0,6,2,6,4,0.2,0.2,0.3,dense,all,4,Shared MILP,stability_one_token_per_prompt,direct_damage_milp,2,2,1.0,0.0,OPTIMAL,True,True,exact,2.0,2.0,2.0,0.0,0.0003261566162109375
0,6,2,6,4,0.2,0.2,0.3,dense,all,4,Shared MILP,stability_full_sequence_per_prompt,direct_damage_milp,2,12,1.0,0.0,OPTIMAL,True,True,exact,2.0,2.0,2.0,0.0,0.000431060791015625
0,6,2,6,4,0.2,0.2,0.3,dense,all,4,Shared MILP,validity_full_harmful_sequence_per_prompt,direct_damage_milp,2,12,1.0,0.0,OPTIMAL,True,True,exact,2.0,2.0,2.0,0.0,0.0002701282501220703
0,6,2,6,4,0.2,0.2,0.3,dense,all,5,Shared MILP,stability_one_token_per_prompt,direct_damage_milp,2,2,1.0,0.0,OPTIMAL,True,True,exact,2.0,2.0,2.0,0.0,0.0003790855407714844
0,6,2,6,4,0.2,0.2,0.3,dense,all,5,Shared MILP,stability_full_sequence_per_prompt,direct_damage_milp,2,12,1.0,0.0,OPTIMAL,True,True,exact,2.0,2.0,2.0,0.0,0.0004849433898925781
0,6,2,6,4,0.2,0.2,0.3,dense,all,5,Shared MILP,validity_full_harmful_sequence_per_prompt,direct_damage_milp,2,12,1.0,0.0,OPTIMAL,True,True,exact,2.0,2.0,2.0,0.0,6.794929504394531e-05
0,6,2,6,4,0.2,0.2,0.3,dense,all,6,Shared MILP,stability_one_token_per_prompt,direct_damage_milp,2,12,1.0,0.0,OPTIMAL,True,True,exact,2.0,2.0,2.0,0.0,1.5020370483398438e-05
0,6,2,6,4,0.2,0.2,0.3,dense,all,6,Shared MILP,stability_full_sequence_per_prompt,direct_damage_milp,2,12,1.0,0.0,OPTIMAL,True,True,exact,2.0,2.0,2.0,0.0,1.3828277587890625e-05
0,6,2,6,4,0.2,0.2,0.3,dense,all,6,Shared MILP,validity_full_harmful_sequence_per_prompt,direct_damage_milp,2,12,1.0,0.0,OPTIMAL,True,True,exact,2.0,2.0,2.0,0.0,9.059906005859375e-06
0,6,3,2,4,0.2,0.2,0.3,dense,all,0,Shared MILP,stability_one_token_per_prompt,direct_damage_milp,0,0,0.0,1.0,OPTIMAL,True,True,exact,-0.0,-0.0,-0.0,0.0,4.601478576660156e-05
0,6,3,2,4,0.2,0.2,0.3,dense,all,0,Shared MILP,stability_full_sequence_per_prompt,direct_damage_milp,0,0,0.0,1.0,OPTIMAL,True,True,exact,-0.0,-0.0,-0.0,0.0,4.1961669921875e-05
0,6,3,2,4,0.2,0.2,0.3,dense,all,0,Shared MILP,validity_full_harmful_sequence_per_prompt,direct_damage_milp,0,2,0.0,1.0,OPTIMAL,True,True,exact,-0.0,-0.0,-0.0,0.0,3.600120544433594e-05
0,6,3,2,4,0.2,0.2,0.3,dense,all,1,Shared MILP,stability_one_token_per_prompt,direct_damage_milp,0,0,0.0,1.0,OPTIMAL,True,True,exact,-0.0,-0.0,-0.0,0.0,7.605552673339844e-05
0,6,3,2,4,0.2,0.2,0.3,dense,all,1,Shared MILP,stability_full_sequence_per_prompt,direct_damage_milp,0,0,0.0,1.0,OPTIMAL,True,True,exact,-0.0,-0.0,-0.0,0.0,6.604194641113281e-05
0,6,3,2,4,0.2,0.2,0.3,dense,all,1,Shared MILP,validity_full_harmful_sequence_per_prompt,direct_damage_milp,0,2,0.0,1.0,OPTIMAL,True,True,exact,-0.0,-0.0,-0.0,0.0,5.793571472167969e-05
0,6,3,2,4,0.2,0.2,0.3,dense,all,2,Shared MILP,stability_one_token_per_prompt,direct_damage_milp,2,2,0.6666666666666666,0.33333333333333337,OPTIMAL,True,True,exact,2.0,2.0,2.0,0.0,0.00049591064453125
0,6,3,2,4,0.2,0.2,0.3,dense,all,2,Shared MILP,stability_full_sequence_per_prompt,direct_damage_milp,2,4,0.6666666666666666,0.33333333333333337,OPTIMAL,True,True,exact,2.0,2.0,2.0,0.0,0.0004398822784423828
0,6,3,2,4,0.2,0.2,0.3,dense,all,2,Shared MILP,validity_full_harmful_sequence_per_prompt,direct_damage_milp,3,6,1.0,0.0,OPTIMAL,True,True,exact,3.0,3.0,3.0,0.0,8.106231689453125e-05
0,6,3,2,4,0.2,0.2,0.3,dense,all,3,Shared MILP,stability_one_token_per_prompt,direct_damage_milp,3,3,1.0,0.0,OPTIMAL,True,True,exact,3.0,3.0,3.0,0.0,0.0002880096435546875
0,6,3,2,4,0.2,0.2,0.3,dense,all,3,Shared MILP,stability_full_sequence_per_prompt,direct_damage_milp,3,6,1.0,0.0,OPTIMAL,True,True,exact,3.0,3.0,3.0,0.0,0.00045108795166015625
0,6,3,2,4,0.2,0.2,0.3,dense,all,3,Shared MILP,validity_full_harmful_sequence_per_prompt,direct_damage_milp,3,6,1.0,0.0,OPTIMAL,True,True,exact,3.0,3.0,3.0,0.0,8.606910705566406e-05
0,6,3,2,4,0.2,0.2,0.3,dense,all,4,Shared MILP,stability_one_token_per_prompt,direct_damage_milp,3,3,1.0,0.0,OPTIMAL,True,True,exact,3.0,3.0,3.0,0.0,0.0002949237823486328
0,6,3,2,4,0.2,0.2,0.3,dense,all,4,Shared MILP,stability_full_sequence_per_prompt,direct_damage_milp,3,6,1.0,0.0,OPTIMAL,True,True,exact,3.0,3.0,3.0,0.0,0.0004489421844482422
0,6,3,2,4,0.2,0.2,0.3,dense,all,4,Shared MILP,validity_full_harmful_sequence_per_prompt,direct_damage_milp,3,6,1.0,0.0,OPTIMAL,True,True,exact,3.0,3.0,3.0,0.0,9.107589721679688e-05
0,6,3,2,4,0.2,0.2,0.3,dense,all,5,Shared MILP,stability_one_token_per_prompt,direct_damage_milp,3,5,1.0,0.0,OPTIMAL,True,True,exact,3.0,3.0,3.0,0.0,0.0004620552062988281
0,6,3,2,4,0.2,0.2,0.3,dense,all,5,Shared MILP,stability_full_sequence_per_prompt,direct_damage_milp,3,6,1.0,0.0,OPTIMAL,True,True,exact,3.0,3.0,3.0,0.0,0.000244140625
0,6,3,2,4,0.2,0.2,0.3,dense,all,5,Shared MILP,validity_full_harmful_sequence_per_prompt,direct_damage_milp,3,6,1.0,0.0,OPTIMAL,True,True,exact,3.0,3.0,3.0,0.0,5.1975250244140625e-05
0,6,3,2,4,0.2,0.2,0.3,dense,all,6,Shared MILP,stability_one_token_per_prompt,direct_damage_milp,3,6,1.0,0.0,OPTIMAL,True,True,exact,3.0,3.0,3.0,0.0,1.0967254638671875e-05
0,6,3,2,4,0.2,0.2,0.3,dense,all,6,Shared MILP,stability_full_sequence_per_prompt,direct_damage_milp,3,6,1.0,0.0,OPTIMAL,True,True,exact,3.0,3.0,3.0,0.0,1.0013580322265625e-05
0,6,3,2,4,0.2,0.2,0.3,dense,all,6,Shared MILP,validity_full_harmful_sequence_per_prompt,direct_damage_milp,3,6,1.0,0.0,OPTIMAL,True,True,exact,3.0,3.0,3.0,0.0,8.106231689453125e-06
0,6,3,4,4,0.2,0.2,0.3,dense,all,0,Shared MILP,stability_one_token_per_prompt,direct_damage_milp,0,0,0.0,1.0,OPTIMAL,True,True,exact,-0.0,-0.0,-0.0,0.0,5.1975250244140625e-05
0,6,3,4,4,0.2,0.2,0.3,dense,all,0,Shared MILP,stability_full_sequence_per_prompt,direct_damage_milp,0,0,0.0,1.0,OPTIMAL,True,True,exact,-0.0,-0.0,-0.0,0.0,5.3882598876953125e-05
0,6,3,4,4,0.2,0.2,0.3,dense,all,0,Shared MILP,validity_full_harmful_sequence_per_prompt,direct_damage_milp,0,6,0.0,1.0,OPTIMAL,True,True,exact,-0.0,-0.0,-0.0,0.0,4.100799560546875e-05
0,6,3,4,4,0.2,0.2,0.3,dense,all,1,Shared MILP,stability_one_token_per_prompt,direct_damage_milp,0,0,0.0,1.0,OPTIMAL,True,True,exact,-0.0,-0.0,-0.0,0.0,0.00011706352233886719
0,6,3,4,4,0.2,0.2,0.3,dense,all,1,Shared MILP,stability_full_sequence_per_prompt,direct_damage_milp,0,0,0.0,1.0,OPTIMAL,True,True,exact,-0.0,-0.0,-0.0,0.0,0.00011420249938964844
0,6,3,4,4,0.2,0.2,0.3,dense,all,1,Shared MILP,validity_full_harmful_sequence_per_prompt,direct_damage_milp,0,7,0.0,1.0,OPTIMAL,True,True,exact,-0.0,-0.0,-0.0,0.0,6.103515625e-05
0,6,3,4,4,0.2,0.2,0.3,dense,all,2,Shared MILP,stability_one_token_per_prompt,direct_damage_milp,3,3,1.0,0.0,OPTIMAL,True,True,exact,3.0,3.0,3.0,0.0,0.0005581378936767578
0,6,3,4,4,0.2,0.2,0.3,dense,all,2,Shared MILP,stability_full_sequence_per_prompt,direct_damage_milp,1,4,0.3333333333333333,0.6666666666666667,OPTIMAL,True,True,exact,1.0,1.0,1.0,0.0,0.0006937980651855469
0,6,3,4,4,0.2,0.2,0.3,dense,all,2,Shared MILP,validity_full_harmful_sequence_per_prompt,direct_damage_milp,1,9,0.3333333333333333,0.6666666666666667,OPTIMAL,True,True,exact,1.0,1.0,1.0,0.0,0.00024199485778808594
0,6,3,4,4,0.2,0.2,0.3,dense,all,3,Shared MILP,stability_one_token_per_prompt,direct_damage_milp,3,3,1.0,0.0,OPTIMAL,True,True,exact,3.0,3.0,3.0,0.0,0.0005440711975097656
0,6,3,4,4,0.2,0.2,0.3,dense,all,3,Shared MILP,stability_full_sequence_per_prompt,direct_damage_milp,3,12,1.0,0.0,OPTIMAL,True,True,exact,3.0,3.0,3.0,0.0,0.0004730224609375
0,6,3,4,4,0.2,0.2,0.3,dense,all,3,Shared MILP,validity_full_harmful_sequence_per_prompt,direct_damage_milp,3,12,1.0,0.0,OPTIMAL,True,True,exact,3.0,3.0,3.0,0.0,0.00043487548828125
0,6,3,4,4,0.2,0.2,0.3,dense,all,4,Shared MILP,stability_one_token_per_prompt,direct_damage_milp,3,3,1.0,0.0,OPTIMAL,True,True,exact,3.0,3.0,3.0,0.0,0.0005619525909423828
0,6,3,4,4,0.2,0.2,0.3,dense,all,4,Shared MILP,stability_full_sequence_per_prompt,direct_damage_milp,3,12,1.0,0.0,OPTIMAL,True,True,exact,3.0,3.0,3.0,0.0,0.0004601478576660156
0,6,3,4,4,0.2,0.2,0.3,dense,all,4,Shared MILP,validity_full_harmful_sequence_per_prompt,direct_damage_milp,3,12,1.0,0.0,OPTIMAL,True,True,exact,3.0,3.0,3.0,0.0,0.0003440380096435547
0,6,3,4,4,0.2,0.2,0.3,dense,all,5,Shared MILP,stability_one_token_per_prompt,direct_damage_milp,3,3,1.0,0.0,OPTIMAL,True,True,exact,3.0,3.0,3.0,0.0,0.0006320476531982422
0,6,3,4,4,0.2,0.2,0.3,dense,all,5,Shared MILP,stability_full_sequence_per_prompt,direct_damage_milp,3,12,1.0,0.0,OPTIMAL,True,True,exact,3.0,3.0,3.0,0.0,0.0004889965057373047
0,6,3,4,4,0.2,0.2,0.3,dense,all,5,Shared MILP,validity_full_harmful_sequence_per_prompt,direct_damage_milp,3,12,1.0,0.0,OPTIMAL,True,True,exact,3.0,3.0,3.0,0.0,6.985664367675781e-05
0,6,3,4,4,0.2,0.2,0.3,dense,all,6,Shared MILP,stability_one_token_per_prompt,direct_damage_milp,3,12,1.0,0.0,OPTIMAL,True,True,exact,3.0,3.0,3.0,0.0,1.8835067749023438e-05
0,6,3,4,4,0.2,0.2,0.3,dense,all,6,Shared MILP,stability_full_sequence_per_prompt,direct_damage_milp,3,12,1.0,0.0,OPTIMAL,True,True,exact,3.0,3.0,3.0,0.0,1.5020370483398438e-05
0,6,3,4,4,0.2,0.2,0.3,dense,all,6,Shared MILP,validity_full_harmful_sequence_per_prompt,direct_damage_milp,3,12,1.0,0.0,OPTIMAL,True,True,exact,3.0,3.0,3.0,0.0,1.1920928955078125e-05
0,6,3,6,4,0.2,0.2,0.3,dense,all,0,Shared MILP,stability_one_token_per_prompt,direct_damage_milp,1,1,0.3333333333333333,0.6666666666666667,OPTIMAL,True,True,exact,1.0,1.0,1.0,0.0,0.00014495849609375
0,6,3,6,4,0.2,0.2,0.3,dense,all,0,Shared MILP,stability_full_sequence_per_prompt,direct_damage_milp,0,0,0.0,1.0,OPTIMAL,True,True,exact,-0.0,-0.0,-0.0,0.0,0.00010204315185546875
0,6,3,6,4,0.2,0.2,0.3,dense,all,0,Shared MILP,validity_full_harmful_sequence_per_prompt,direct_damage_milp,0,5,0.0,1.0,OPTIMAL,True,True,exact,-0.0,-0.0,-0.0,0.0,8.20159912109375e-05
0,6,3,6,4,0.2,0.2,0.3,dense,all,1,Shared MILP,stability_one_token_per_prompt,direct_damage_milp,3,3,1.0,0.0,OPTIMAL,True,True,exact,3.0,3.0,3.0,0.0,0.00026106834411621094
0,6,3,6,4,0.2,0.2,0.3,dense,all,1,Shared MILP,stability_full_sequence_per_prompt,direct_damage_milp,0,2,0.0,1.0,OPTIMAL,True,True,exact,-0.0,-0.0,-0.0,0.0,0.00032806396484375
0,6,3,6,4,0.2,0.2,0.3,dense,all,1,Shared MILP,validity_full_harmful_sequence_per_prompt,direct_damage_milp,0,5,0.0,1.0,OPTIMAL,True,True,exact,-0.0,-0.0,-0.0,0.0,0.00013399124145507812
0,6,3,6,4,0.2,0.2,0.3,dense,all,2,Shared MILP,stability_one_token_per_prompt,direct_damage_milp,3,3,1.0,0.0,OPTIMAL,True,True,exact,3.0,3.0,3.0,0.0,0.001085042953491211
0,6,3,6,4,0.2,0.2,0.3,dense,all,2,Shared MILP,stability_full_sequence_per_prompt,direct_damage_milp,0,1,0.0,1.0,OPTIMAL,True,True,exact,-0.0,-0.0,-0.0,0.0,0.0025510787963867188
0,6,3,6,4,0.2,0.2,0.3,dense,all,2,Shared MILP,validity_full_harmful_sequence_per_prompt,direct_damage_milp,1,7,0.3333333333333333,0.6666666666666667,OPTIMAL,True,True,exact,1.0,1.0,1.0,0.0,0.00011706352233886719
0,6,3,6,4,0.2,0.2,0.3,dense,all,3,Shared MILP,stability_one_token_per_prompt,direct_damage_milp,3,3,1.0,0.0,OPTIMAL,True,True,exact,3.0,3.0,3.0,0.0,0.001789093017578125
0,6,3,6,4,0.2,0.2,0.3,dense,all,3,Shared MILP,stability_full_sequence_per_prompt,direct_damage_milp,3,18,1.0,0.0,OPTIMAL,True,True,exact,3.0,3.0,3.0,0.0,0.0021851062774658203
0,6,3,6,4,0.2,0.2,0.3,dense,all,3,Shared MILP,validity_full_harmful_sequence_per_prompt,direct_damage_milp,3,18,1.0,0.0,OPTIMAL,True,True,exact,3.0,3.0,3.0,0.0,0.0007081031799316406
0,6,3,6,4,0.2,0.2,0.3,dense,all,4,Shared MILP,stability_one_token_per_prompt,direct_damage_milp,3,3,1.0,0.0,OPTIMAL,True,True,exact,3.0,3.0,3.0,0.0,0.0017769336700439453
0,6,3,6,4,0.2,0.2,0.3,dense,all,4,Shared MILP,stability_full_sequence_per_prompt,direct_damage_milp,3,18,1.0,0.0,OPTIMAL,True,True,exact,3.0,3.0,3.0,0.0,0.0014309883117675781
0,6,3,6,4,0.2,0.2,0.3,dense,all,4,Shared MILP,validity_full_harmful_sequence_per_prompt,direct_damage_milp,3,18,1.0,0.0,OPTIMAL,True,True,exact,3.0,3.0,3.0,0.0,0.0006430149078369141
0,6,3,6,4,0.2,0.2,0.3,dense,all,5,Shared MILP,stability_one_token_per_prompt,direct_damage_milp,3,3,1.0,0.0,OPTIMAL,True,True,exact,3.0,3.0,3.0,0.0,0.0008559226989746094
0,6,3,6,4,0.2,0.2,0.3,dense,all,5,Shared MILP,stability_full_sequence_per_prompt,direct_damage_milp,3,18,1.0,0.0,OPTIMAL,True,True,exact,3.0,3.0,3.0,0.0,0.001538991928100586
0,6,3,6,4,0.2,0.2,0.3,dense,all,5,Shared MILP,validity_full_harmful_sequence_per_prompt,direct_damage_milp,3,18,1.0,0.0,OPTIMAL,True,True,exact,3.0,3.0,3.0,0.0,0.00018215179443359375
0,6,3,6,4,0.2,0.2,0.3,dense,all,6,Shared MILP,stability_one_token_per_prompt,direct_damage_milp,3,18,1.0,0.0,OPTIMAL,True,True,exact,3.0,3.0,3.0,0.0,3.3855438232421875e-05
0,6,3,6,4,0.2,0.2,0.3,dense,all,6,Shared MILP,stability_full_sequence_per_prompt,direct_damage_milp,3,18,1.0,0.0,OPTIMAL,True,True,exact,3.0,3.0,3.0,0.0,3.695487976074219e-05
0,6,3,6,4,0.2,0.2,0.3,dense,all,6,Shared MILP,validity_full_harmful_sequence_per_prompt,direct_damage_milp,3,18,1.0,0.0,OPTIMAL,True,True,exact,3.0,3.0,3.0,0.0,1.5974044799804688e-05
0,8,1,2,4,0.2,0.2,0.3,dense,all,0,Shared MILP,stability_one_token_per_prompt,direct_damage_milp,0,0,0.0,1.0,OPTIMAL,True,True,exact,-0.0,-0.0,-0.0,0.0,9.489059448242188e-05
0,8,1,2,4,0.2,0.2,0.3,dense,all,0,Shared MILP,stability_full_sequence_per_prompt,direct_damage_milp,0,0,0.0,1.0,OPTIMAL,True,True,exact,-0.0,-0.0,-0.0,0.0,9.489059448242188e-05
0,8,1,2,4,0.2,0.2,0.3,dense,all,0,Shared MILP,validity_full_harmful_sequence_per_prompt,direct_damage_milp,0,0,0.0,1.0,OPTIMAL,True,True,exact,-0.0,-0.0,-0.0,0.0,6.198883056640625e-05
0,8,1,2,4,0.2,0.2,0.3,dense,all,1,Shared MILP,stability_one_token_per_prompt,direct_damage_milp,0,0,0.0,1.0,OPTIMAL,True,True,exact,-0.0,-0.0,-0.0,0.0,9.202957153320312e-05
0,8,1,2,4,0.2,0.2,0.3,dense,all,1,Shared MILP,stability_full_sequence_per_prompt,direct_damage_milp,0,0,0.0,1.0,OPTIMAL,True,True,exact,-0.0,-0.0,-0.0,0.0,0.00010395050048828125
0,8,1,2,4,0.2,0.2,0.3,dense,all,1,Shared MILP,validity_full_harmful_sequence_per_prompt,direct_damage_milp,0,1,0.0,1.0,OPTIMAL,True,True,exact,-0.0,-0.0,-0.0,0.0,7.987022399902344e-05
0,8,1,2,4,0.2,0.2,0.3,dense,all,2,Shared MILP,stability_one_token_per_prompt,direct_damage_milp,0,0,0.0,1.0,OPTIMAL,True,True,exact,-0.0,-0.0,-0.0,0.0,8.416175842285156e-05
0,8,1,2,4,0.2,0.2,0.3,dense,all,2,Shared MILP,stability_full_sequence_per_prompt,direct_damage_milp,0,0,0.0,1.0,OPTIMAL,True,True,exact,-0.0,-0.0,-0.0,0.0,5.698204040527344e-05
0,8,1,2,4,0.2,0.2,0.3,dense,all,2,Shared MILP,validity_full_harmful_sequence_per_prompt,direct_damage_milp,0,0,0.0,1.0,OPTIMAL,True,True,exact,-0.0,-0.0,-0.0,0.0,6.508827209472656e-05
0,8,1,2,4,0.2,0.2,0.3,dense,all,3,Shared MILP,stability_one_token_per_prompt,direct_damage_milp,1,2,1.0,0.0,OPTIMAL,True,True,exact,1.0,1.0,1.0,0.0,0.0001430511474609375
0,8,1,2,4,0.2,0.2,0.3,dense,all,3,Shared MILP,stability_full_sequence_per_prompt,direct_damage_milp,1,2,1.0,0.0,OPTIMAL,True,True,exact,1.0,1.0,1.0,0.0,0.00010204315185546875
0,8,1,2,4,0.2,0.2,0.3,dense,all,3,Shared MILP,validity_full_harmful_sequence_per_prompt,direct_damage_milp,1,2,1.0,0.0,OPTIMAL,True,True,exact,1.0,1.0,1.0,0.0,5.793571472167969e-05
0,8,1,2,4,0.2,0.2,0.3,dense,all,4,Shared MILP,stability_one_token_per_prompt,direct_damage_milp,1,2,1.0,0.0,OPTIMAL,True,True,exact,1.0,1.0,1.0,0.0,0.00018906593322753906
0,8,1,2,4,0.2,0.2,0.3,dense,all,4,Shared MILP,stability_full_sequence_per_prompt,direct_damage_milp,1,2,1.0,0.0,OPTIMAL,True,True,exact,1.0,1.0,1.0,0.0,0.00011110305786132812
0,8,1,2,4,0.2,0.2,0.3,dense,all,4,Shared MILP,validity_full_harmful_sequence_per_prompt,direct_damage_milp,1,2,1.0,0.0,OPTIMAL,True,True,exact,1.0,1.0,1.0,0.0,0.0001220703125
0,8,1,2,4,0.2,0.2,0.3,dense,all,5,Shared MILP,stability_one_token_per_prompt,direct_damage_milp,1,2,1.0,0.0,OPTIMAL,True,True,exact,1.0,1.0,1.0,0.0,7.891654968261719e-05
0,8,1,2,4,0.2,0.2,0.3,dense,all,5,Shared MILP,stability_full_sequence_per_prompt,direct_damage_milp,1,2,1.0,0.0,OPTIMAL,True,True,exact,1.0,1.0,1.0,0.0,5.888938903808594e-05
0,8,1,2,4,0.2,0.2,0.3,dense,all,5,Shared MILP,validity_full_harmful_sequence_per_prompt,direct_damage_milp,1,2,1.0,0.0,OPTIMAL,True,True,exact,1.0,1.0,1.0,0.0,6.699562072753906e-05
0,8,1,2,4,0.2,0.2,0.3,dense,all,6,Shared MILP,stability_one_token_per_prompt,direct_damage_milp,1,2,1.0,0.0,OPTIMAL,True,True,exact,1.0,1.0,1.0,0.0,0.00011205673217773438
0,8,1,2,4,0.2,0.2,0.3,dense,all,6,Shared MILP,stability_full_sequence_per_prompt,direct_damage_milp,1,2,1.0,0.0,OPTIMAL,True,True,exact,1.0,1.0,1.0,0.0,6.794929504394531e-05
0,8,1,2,4,0.2,0.2,0.3,dense,all,6,Shared MILP,validity_full_harmful_sequence_per_prompt,direct_damage_milp,1,2,1.0,0.0,OPTIMAL,True,True,exact,1.0,1.0,1.0,0.0,5.1021575927734375e-05
0,8,1,2,4,0.2,0.2,0.3,dense,all,7,Shared MILP,stability_one_token_per_prompt,direct_damage_milp,1,2,1.0,0.0,OPTIMAL,True,True,exact,1.0,1.0,1.0,0.0,7.295608520507812e-05
0,8,1,2,4,0.2,0.2,0.3,dense,all,7,Shared MILP,stability_full_sequence_per_prompt,direct_damage_milp,1,2,1.0,0.0,OPTIMAL,True,True,exact,1.0,1.0,1.0,0.0,9.202957153320312e-05
0,8,1,2,4,0.2,0.2,0.3,dense,all,7,Shared MILP,validity_full_harmful_sequence_per_prompt,direct_damage_milp,1,2,1.0,0.0,OPTIMAL,True,True,exact,1.0,1.0,1.0,0.0,5.602836608886719e-05
0,8,1,2,4,0.2,0.2,0.3,dense,all,8,Shared MILP,stability_one_token_per_prompt,direct_damage_milp,1,2,1.0,0.0,OPTIMAL,True,True,exact,1.0,1.0,1.0,0.0,7.867813110351562e-06
0,8,1,2,4,0.2,0.2,0.3,dense,all,8,Shared MILP,stability_full_sequence_per_prompt,direct_damage_milp,1,2,1.0,0.0,OPTIMAL,True,True,exact,1.0,1.0,1.0,0.0,5.9604644775390625e-06
0,8,1,2,4,0.2,0.2,0.3,dense,all,8,Shared MILP,validity_full_harmful_sequence_per_prompt,direct_damage_milp,1,2,1.0,0.0,OPTIMAL,True,True,exact,1.0,1.0,1.0,0.0,1.0967254638671875e-05
0,8,1,4,4,0.2,0.2,0.3,dense,all,0,Shared MILP,stability_one_token_per_prompt,direct_damage_milp,0,0,0.0,1.0,OPTIMAL,True,True,exact,-0.0,-0.0,-0.0,0.0,5.602836608886719e-05
0,8,1,4,4,0.2,0.2,0.3,dense,all,0,Shared MILP,stability_full_sequence_per_prompt,direct_damage_milp,0,0,0.0,1.0,OPTIMAL,True,True,exact,-0.0,-0.0,-0.0,0.0,5.1975250244140625e-05
0,8,1,4,4,0.2,0.2,0.3,dense,all,0,Shared MILP,validity_full_harmful_sequence_per_prompt,direct_damage_milp,0,2,0.0,1.0,OPTIMAL,True,True,exact,-0.0,-0.0,-0.0,0.0,5.1021575927734375e-05
0,8,1,4,4,0.2,0.2,0.3,dense,all,1,Shared MILP,stability_one_token_per_prompt,direct_damage_milp,0,0,0.0,1.0,OPTIMAL,True,True,exact,-0.0,-0.0,-0.0,0.0,9.608268737792969e-05
0,8,1,4,4,0.2,0.2,0.3,dense,all,1,Shared MILP,stability_full_sequence_per_prompt,direct_damage_milp,0,0,0.0,1.0,OPTIMAL,True,True,exact,-0.0,-0.0,-0.0,0.0,8.702278137207031e-05
0,8,1,4,4,0.2,0.2,0.3,dense,all,1,Shared MILP,validity_full_harmful_sequence_per_prompt,direct_damage_milp,0,3,0.0,1.0,OPTIMAL,True,True,exact,-0.0,-0.0,-0.0,0.0,6.389617919921875e-05
0,8,1,4,4,0.2,0.2,0.3,dense,all,2,Shared MILP,stability_one_token_per_prompt,direct_damage_milp,1,1,1.0,0.0,OPTIMAL,True,True,exact,1.0,1.0,1.0,0.0,0.00010609626770019531
0,8,1,4,4,0.2,0.2,0.3,dense,all,2,Shared MILP,stability_full_sequence_per_prompt,direct_damage_milp,0,1,0.0,1.0,OPTIMAL,True,True,exact,-0.0,-0.0,-0.0,0.0,8.702278137207031e-05
0,8,1,4,4,0.2,0.2,0.3,dense,all,2,Shared MILP,validity_full_harmful_sequence_per_prompt,direct_damage_milp,1,4,1.0,0.0,OPTIMAL,True,True,exact,1.0,1.0,1.0,0.0,5.1021575927734375e-05
0,8,1,4,4,0.2,0.2,0.3,dense,all,3,Shared MILP,stability_one_token_per_prompt,direct_damage_milp,1,4,1.0,0.0,OPTIMAL,True,True,exact,1.0,1.0,1.0,0.0,0.00010991096496582031
0,8,1,4,4,0.2,0.2,0.3,dense,all,3,Shared MILP,stability_full_sequence_per_prompt,direct_damage_milp,1,4,1.0,0.0,OPTIMAL,True,True,exact,1.0,1.0,1.0,0.0,0.00010514259338378906
0,8,1,4,4,0.2,0.2,0.3,dense,all,3,Shared MILP,validity_full_harmful_sequence_per_prompt,direct_damage_milp,1,4,1.0,0.0,OPTIMAL,True,True,exact,1.0,1.0,1.0,0.0,7.200241088867188e-05
0,8,1,4,4,0.2,0.2,0.3,dense,all,4,Shared MILP,stability_one_token_per_prompt,direct_damage_milp,1,1,1.0,0.0,OPTIMAL,True,True,exact,1.0,1.0,1.0,0.0,0.0004851818084716797
0,8,1,4,4,0.2,0.2,0.3,dense,all,4,Shared MILP,stability_full_sequence_per_prompt,direct_damage_milp,1,4,1.0,0.0,OPTIMAL,True,True,exact,1.0,1.0,1.0,0.0,0.0003960132598876953
0,8,1,4,4,0.2,0.2,0.3,dense,all,4,Shared MILP,validity_full_harmful_sequence_per_prompt,direct_damage_milp,1,4,1.0,0.0,OPTIMAL,True,True,exact,1.0,1.0,1.0,0.0,4.291534423828125e-05
0,8,1,4,4,0.2,0.2,0.3,dense,all,5,Shared MILP,stability_one_token_per_prompt,direct_damage_milp,1,1,1.0,0.0,OPTIMAL,True,True,exact,1.0,1.0,1.0,0.0,0.0004000663757324219
0,8,1,4,4,0.2,0.2,0.3,dense,all,5,Shared MILP,stability_full_sequence_per_prompt,direct_damage_milp,1,4,1.0,0.0,OPTIMAL,True,True,exact,1.0,1.0,1.0,0.0,0.0005910396575927734
0,8,1,4,4,0.2,0.2,0.3,dense,all,5,Shared MILP,validity_full_harmful_sequence_per_prompt,direct_damage_milp,1,4,1.0,0.0,OPTIMAL,True,True,exact,1.0,1.0,1.0,0.0,6.794929504394531e-05
0,8,1,4,4,0.2,0.2,0.3,dense,all,6,Shared MILP,stability_one_token_per_prompt,direct_damage_milp,1,1,1.0,0.0,OPTIMAL,True,True,exact,1.0,1.0,1.0,0.0,0.0005958080291748047
0,8,1,4,4,0.2,0.2,0.3,dense,all,6,Shared MILP,stability_full_sequence_per_prompt,direct_damage_milp,1,4,1.0,0.0,OPTIMAL,True,True,exact,1.0,1.0,1.0,0.0,0.0005009174346923828
0,8,1,4,4,0.2,0.2,0.3,dense,all,6,Shared MILP,validity_full_harmful_sequence_per_prompt,direct_damage_milp,1,4,1.0,0.0,OPTIMAL,True,True,exact,1.0,1.0,1.0,0.0,5.698204040527344e-05
0,8,1,4,4,0.2,0.2,0.3,dense,all,7,Shared MILP,stability_one_token_per_prompt,direct_damage_milp,1,4,1.0,0.0,OPTIMAL,True,True,exact,1.0,1.0,1.0,0.0,0.0001239776611328125
0,8,1,4,4,0.2,0.2,0.3,dense,all,7,Shared MILP,stability_full_sequence_per_prompt,direct_damage_milp,1,4,1.0,0.0,OPTIMAL,True,True,exact,1.0,1.0,1.0,0.0,0.00011301040649414062
0,8,1,4,4,0.2,0.2,0.3,dense,all,7,Shared MILP,validity_full_harmful_sequence_per_prompt,direct_damage_milp,1,4,1.0,0.0,OPTIMAL,True,True,exact,1.0,1.0,1.0,0.0,5.602836608886719e-05
0,8,1,4,4,0.2,0.2,0.3,dense,all,8,Shared MILP,stability_one_token_per_prompt,direct_damage_milp,1,4,1.0,0.0,OPTIMAL,True,True,exact,1.0,1.0,1.0,0.0,1.2874603271484375e-05
0,8,1,4,4,0.2,0.2,0.3,dense,all,8,Shared MILP,stability_full_sequence_per_prompt,direct_damage_milp,1,4,1.0,0.0,OPTIMAL,True,True,exact,1.0,1.0,1.0,0.0,9.775161743164062e-06
0,8,1,4,4,0.2,0.2,0.3,dense,all,8,Shared MILP,validity_full_harmful_sequence_per_prompt,direct_damage_milp,1,4,1.0,0.0,OPTIMAL,True,True,exact,1.0,1.0,1.0,0.0,1.0013580322265625e-05
0,8,1,6,4,0.2,0.2,0.3,dense,all,0,Shared MILP,stability_one_token_per_prompt,direct_damage_milp,0,0,0.0,1.0,OPTIMAL,True,True,exact,-0.0,-0.0,-0.0,0.0,6.699562072753906e-05
0,8,1,6,4,0.2,0.2,0.3,dense,all,0,Shared MILP,stability_full_sequence_per_prompt,direct_damage_milp,0,0,0.0,1.0,OPTIMAL,True,True,exact,-0.0,-0.0,-0.0,0.0,6.008148193359375e-05
0,8,1,6,4,0.2,0.2,0.3,dense,all,0,Shared MILP,validity_full_harmful_sequence_per_prompt,direct_damage_milp,0,1,0.0,1.0,OPTIMAL,True,True,exact,-0.0,-0.0,-0.0,0.0,4.696846008300781e-05
0,8,1,6,4,0.2,0.2,0.3,dense,all,1,Shared MILP,stability_one_token_per_prompt,direct_damage_milp,0,0,0.0,1.0,OPTIMAL,True,True,exact,-0.0,-0.0,-0.0,0.0,0.000102996826171875
0,8,1,6,4,0.2,0.2,0.3,dense,all,1,Shared MILP,stability_full_sequence_per_prompt,direct_damage_milp,0,0,0.0,1.0,OPTIMAL,True,True,exact,-0.0,-0.0,-0.0,0.0,0.00010800361633300781
0,8,1,6,4,0.2,0.2,0.3,dense,all,1,Shared MILP,validity_full_harmful_sequence_per_prompt,direct_damage_milp,0,2,0.0,1.0,OPTIMAL,True,True,exact,-0.0,-0.0,-0.0,0.0,7.891654968261719e-05
0,8,1,6,4,0.2,0.2,0.3,dense,all,2,Shared MILP,stability_one_token_per_prompt,direct_damage_milp,1,1,1.0,0.0,OPTIMAL,True,True,exact,1.0,1.0,1.0,0.0,0.00018095970153808594
0,8,1,6,4,0.2,0.2,0.3,dense,all,2,Shared MILP,stability_full_sequence_per_prompt,direct_damage_milp,0,1,0.0,1.0,OPTIMAL,True,True,exact,-0.0,-0.0,-0.0,0.0,0.00017309188842773438
0,8,1,6,4,0.2,0.2,0.3,dense,all,2,Shared MILP,validity_full_harmful_sequence_per_prompt,direct_damage_milp,1,6,1.0,0.0,OPTIMAL,True,True,exact,1.0,1.0,1.0,0.0,0.0005910396575927734
0,8,1,6,4,0.2,0.2,0.3,dense,all,3,Shared MILP,stability_one_token_per_prompt,direct_damage_milp,1,1,1.0,0.0,OPTIMAL,True,True,exact,1.0,1.0,1.0,0.0,0.0006430149078369141
0,8,1,6,4,0.2,0.2,0.3,dense,all,3,Shared MILP,stability_full_sequence_per_prompt,direct_damage_milp,0,0,0.0,1.0,OPTIMAL,True,True,exact,-0.0,-0.0,-0.0,0.0,0.0003120899200439453
0,8,1,6,4,0.2,0.2,0.3,dense,all,3,Shared MILP,validity_full_harmful_sequence_per_prompt,direct_damage_milp,1,6,1.0,0.0,OPTIMAL,True,True,exact,1.0,1.0,1.0,0.0,0.00043320655822753906
0,8,1,6,4,0.2,0.2,0.3,dense,all,4,Shared MILP,stability_one_token_per_prompt,direct_damage_milp,1,1,1.0,0.0,OPTIMAL,True,True,exact,1.0,1.0,1.0,0.0,0.00037598609924316406
0,8,1,6,4,0.2,0.2,0.3,dense,all,4,Shared MILP,stability_full_sequence_per_prompt,direct_damage_milp,1,6,1.0,0.0,OPTIMAL,True,True,exact,1.0,1.0,1.0,0.0,0.0005450248718261719
0,8,1,6,4,0.2,0.2,0.3,dense,all,4,Shared MILP,validity_full_harmful_sequence_per_prompt,direct_damage_milp,1,6,1.0,0.0,OPTIMAL,True,True,exact,1.0,1.0,1.0,0.0,0.0002830028533935547
0,8,1,6,4,0.2,0.2,0.3,dense,all,5,Shared MILP,stability_one_token_per_prompt,direct_damage_milp,1,1,1.0,0.0,OPTIMAL,True,True,exact,1.0,1.0,1.0,0.0,0.0003879070281982422
0,8,1,6,4,0.2,0.2,0.3,dense,all,5,Shared MILP,stability_full_sequence_per_prompt,direct_damage_milp,1,6,1.0,0.0,OPTIMAL,True,True,exact,1.0,1.0,1.0,0.0,0.0006361007690429688
0,8,1,6,4,0.2,0.2,0.3,dense,all,5,Shared MILP,validity_full_harmful_sequence_per_prompt,direct_damage_milp,1,6,1.0,0.0,OPTIMAL,True,True,exact,1.0,1.0,1.0,0.0,0.00032806396484375
0,8,1,6,4,0.2,0.2,0.3,dense,all,6,Shared MILP,stability_one_token_per_prompt,direct_damage_milp,1,1,1.0,0.0,OPTIMAL,True,True,exact,1.0,1.0,1.0,0.0,0.0003337860107421875
0,8,1,6,4,0.2,0.2,0.3,dense,all,6,Shared MILP,stability_full_sequence_per_prompt,direct_damage_milp,1,6,1.0,0.0,OPTIMAL,True,True,exact,1.0,1.0,1.0,0.0,0.000537872314453125
0,8,1,6,4,0.2,0.2,0.3,dense,all,6,Shared MILP,validity_full_harmful_sequence_per_prompt,direct_damage_milp,1,6,1.0,0.0,OPTIMAL,True,True,exact,1.0,1.0,1.0,0.0,0.0001289844512939453
0,8,1,6,4,0.2,0.2,0.3,dense,all,7,Shared MILP,stability_one_token_per_prompt,direct_damage_milp,1,4,1.0,0.0,OPTIMAL,True,True,exact,1.0,1.0,1.0,0.0,0.00035691261291503906
0,8,1,6,4,0.2,0.2,0.3,dense,all,7,Shared MILP,stability_full_sequence_per_prompt,direct_damage_milp,1,6,1.0,0.0,OPTIMAL,True,True,exact,1.0,1.0,1.0,0.0,0.00037598609924316406
0,8,1,6,4,0.2,0.2,0.3,dense,all,7,Shared MILP,validity_full_harmful_sequence_per_prompt,direct_damage_milp,1,6,1.0,0.0,OPTIMAL,True,True,exact,1.0,1.0,1.0,0.0,7.796287536621094e-05
0,8,1,6,4,0.2,0.2,0.3,dense,all,8,Shared MILP,stability_one_token_per_prompt,direct_damage_milp,1,6,1.0,0.0,OPTIMAL,True,True,exact,1.0,1.0,1.0,0.0,1.2874603271484375e-05
0,8,1,6,4,0.2,0.2,0.3,dense,all,8,Shared MILP,stability_full_sequence_per_prompt,direct_damage_milp,1,6,1.0,0.0,OPTIMAL,True,True,exact,1.0,1.0,1.0,0.0,1.3113021850585938e-05
0,8,1,6,4,0.2,0.2,0.3,dense,all,8,Shared MILP,validity_full_harmful_sequence_per_prompt,direct_damage_milp,1,6,1.0,0.0,OPTIMAL,True,True,exact,1.0,1.0,1.0,0.0,1.1920928955078125e-05
0,8,2,2,4,0.2,0.2,0.3,dense,all,0,Shared MILP,stability_one_token_per_prompt,direct_damage_milp,0,0,0.0,1.0,OPTIMAL,True,True,exact,-0.0,-0.0,-0.0,0.0,6.699562072753906e-05
0,8,2,2,4,0.2,0.2,0.3,dense,all,0,Shared MILP,stability_full_sequence_per_prompt,direct_damage_milp,0,0,0.0,1.0,OPTIMAL,True,True,exact,-0.0,-0.0,-0.0,0.0,6.389617919921875e-05
0,8,2,2,4,0.2,0.2,0.3,dense,all,0,Shared MILP,validity_full_harmful_sequence_per_prompt,direct_damage_milp,1,2,0.5,0.5,OPTIMAL,True,True,exact,1.0,1.0,1.0,0.0,3.695487976074219e-05
0,8,2,2,4,0.2,0.2,0.3,dense,all,1,Shared MILP,stability_one_token_per_prompt,direct_damage_milp,0,0,0.0,1.0,OPTIMAL,True,True,exact,-0.0,-0.0,-0.0,0.0,9.512901306152344e-05
0,8,2,2,4,0.2,0.2,0.3,dense,all,1,Shared MILP,stability_full_sequence_per_prompt,direct_damage_milp,0,0,0.0,1.0,OPTIMAL,True,True,exact,-0.0,-0.0,-0.0,0.0,9.107589721679688e-05
0,8,2,2,4,0.2,0.2,0.3,dense,all,1,Shared MILP,validity_full_harmful_sequence_per_prompt,direct_damage_milp,1,3,0.5,0.5,OPTIMAL,True,True,exact,1.0,1.0,1.0,0.0,6.29425048828125e-05
0,8,2,2,4,0.2,0.2,0.3,dense,all,2,Shared MILP,stability_one_token_per_prompt,direct_damage_milp,1,1,0.5,0.5,OPTIMAL,True,True,exact,1.0,1.0,1.0,0.0,0.00011301040649414062
0,8,2,2,4,0.2,0.2,0.3,dense,all,2,Shared MILP,stability_full_sequence_per_prompt,direct_damage_milp,0,1,0.0,1.0,OPTIMAL,True,True,exact,-0.0,-0.0,-0.0,0.0,0.0001270771026611328
0,8,2,2,4,0.2,0.2,0.3,dense,all,2,Shared MILP,validity_full_harmful_sequence_per_prompt,direct_damage_milp,2,4,1.0,0.0,OPTIMAL,True,True,exact,2.0,2.0,2.0,0.0,5.0067901611328125e-05
0,8,2,2,4,0.2,0.2,0.3,dense,all,3,Shared MILP,stability_one_token_per_prompt,direct_damage_milp,2,4,1.0,0.0,OPTIMAL,True,True,exact,2.0,2.0,2.0,0.0,0.00015211105346679688
0,8,2,2,4,0.2,0.2,0.3,dense,all,3,Shared MILP,stability_full_sequence_per_prompt,direct_damage_milp,2,4,1.0,0.0,OPTIMAL,True,True,exact,2.0,2.0,2.0,0.0,0.00011205673217773438
0,8,2,2,4,0.2,0.2,0.3,dense,all,3,Shared MILP,validity_full_harmful_sequence_per_prompt,direct_damage_milp,2,4,1.0,0.0,OPTIMAL,True,True,exact,2.0,2.0,2.0,0.0,5.602836608886719e-05
0,8,2,2,4,0.2,0.2,0.3,dense,all,4,Shared MILP,stability_one_token_per_prompt,direct_damage_milp,2,2,1.0,0.0,OPTIMAL,True,True,exact,2.0,2.0,2.0,0.0,0.0006821155548095703
0,8,2,2,4,0.2,0.2,0.3,dense,all,4,Shared MILP,stability_full_sequence_per_prompt,direct_damage_milp,2,4,1.0,0.0,OPTIMAL,True,True,exact,2.0,2.0,2.0,0.0,0.00043892860412597656
0,8,2,2,4,0.2,0.2,0.3,dense,all,4,Shared MILP,validity_full_harmful_sequence_per_prompt,direct_damage_milp,2,4,1.0,0.0,OPTIMAL,True,True,exact,2.0,2.0,2.0,0.0,6.198883056640625e-05
0,8,2,2,4,0.2,0.2,0.3,dense,all,5,Shared MILP,stability_one_token_per_prompt,direct_damage_milp,2,2,1.0,0.0,OPTIMAL,True,True,exact,2.0,2.0,2.0,0.0,0.0006020069122314453
0,8,2,2,4,0.2,0.2,0.3,dense,all,5,Shared MILP,stability_full_sequence_per_prompt,direct_damage_milp,2,4,1.0,0.0,OPTIMAL,True,True,exact,2.0,2.0,2.0,0.0,0.0005769729614257812
0,8,2,2,4,0.2,0.2,0.3,dense,all,5,Shared MILP,validity_full_harmful_sequence_per_prompt,direct_damage_milp,2,4,1.0,0.0,OPTIMAL,True,True,exact,2.0,2.0,2.0,0.0,6.103515625e-05
0,8,2,2,4,0.2,0.2,0.3,dense,all,6,Shared MILP,stability_one_token_per_prompt,direct_damage_milp,2,2,1.0,0.0,OPTIMAL,True,True,exact,2.0,2.0,2.0,0.0,0.0008351802825927734
0,8,2,2,4,0.2,0.2,0.3,dense,all,6,Shared MILP,stability_full_sequence_per_prompt,direct_damage_milp,2,4,1.0,0.0,OPTIMAL,True,True,exact,2.0,2.0,2.0,0.0,0.0003590583801269531
0,8,2,2,4,0.2,0.2,0.3,dense,all,6,Shared MILP,validity_full_harmful_sequence_per_prompt,direct_damage_milp,2,4,1.0,0.0,OPTIMAL,True,True,exact,2.0,2.0,2.0,0.0,5.1021575927734375e-05
0,8,2,2,4,0.2,0.2,0.3,dense,all,7,Shared MILP,stability_one_token_per_prompt,direct_damage_milp,2,4,1.0,0.0,OPTIMAL,True,True,exact,2.0,2.0,2.0,0.0,0.00013208389282226562
0,8,2,2,4,0.2,0.2,0.3,dense,all,7,Shared MILP,stability_full_sequence_per_prompt,direct_damage_milp,2,4,1.0,0.0,OPTIMAL,True,True,exact,2.0,2.0,2.0,0.0,0.00011897087097167969
0,8,2,2,4,0.2,0.2,0.3,dense,all,7,Shared MILP,validity_full_harmful_sequence_per_prompt,direct_damage_milp,2,4,1.0,0.0,OPTIMAL,True,True,exact,2.0,2.0,2.0,0.0,8.106231689453125e-05
0,8,2,2,4,0.2,0.2,0.3,dense,all,8,Shared MILP,stability_one_token_per_prompt,direct_damage_milp,2,4,1.0,0.0,OPTIMAL,True,True,exact,2.0,2.0,2.0,0.0,1.2874603271484375e-05
0,8,2,2,4,0.2,0.2,0.3,dense,all,8,Shared MILP,stability_full_sequence_per_prompt,direct_damage_milp,2,4,1.0,0.0,OPTIMAL,True,True,exact,2.0,2.0,2.0,0.0,1.1920928955078125e-05
0,8,2,2,4,0.2,0.2,0.3,dense,all,8,Shared MILP,validity_full_harmful_sequence_per_prompt,direct_damage_milp,2,4,1.0,0.0,OPTIMAL,True,True,exact,2.0,2.0,2.0,0.0,9.059906005859375e-06
0,8,2,4,4,0.2,0.2,0.3,dense,all,0,Shared MILP,stability_one_token_per_prompt,direct_damage_milp,0,0,0.0,1.0,OPTIMAL,True,True,exact,-0.0,-0.0,-0.0,0.0,7.915496826171875e-05
0,8,2,4,4,0.2,0.2,0.3,dense,all,0,Shared MILP,stability_full_sequence_per_prompt,direct_damage_milp,0,0,0.0,1.0,OPTIMAL,True,True,exact,-0.0,-0.0,-0.0,0.0,7.891654968261719e-05
0,8,2,4,4,0.2,0.2,0.3,dense,all,0,Shared MILP,validity_full_harmful_sequence_per_prompt,direct_damage_milp,0,1,0.0,1.0,OPTIMAL,True,True,exact,-0.0,-0.0,-0.0,0.0,8.702278137207031e-05
0,8,2,4,4,0.2,0.2,0.3,dense,all,1,Shared MILP,stability_one_token_per_prompt,direct_damage_milp,0,0,0.0,1.0,OPTIMAL,True,True,exact,-0.0,-0.0,-0.0,0.0,0.0001270771026611328
0,8,2,4,4,0.2,0.2,0.3,dense,all,1,Shared MILP,stability_full_sequence_per_prompt,direct_damage_milp,0,0,0.0,1.0,OPTIMAL,True,True,exact,-0.0,-0.0,-0.0,0.0,0.0001270771026611328
0,8,2,4,4,0.2,0.2,0.3,dense,all,1,Shared MILP,validity_full_harmful_sequence_per_prompt,direct_damage_milp,0,1,0.0,1.0,OPTIMAL,True,True,exact,-0.0,-0.0,-0.0,0.0,9.799003601074219e-05
0,8,2,4,4,0.2,0.2,0.3,dense,all,2,Shared MILP,stability_one_token_per_prompt,direct_damage_milp,1,1,0.5,0.5,OPTIMAL,True,True,exact,1.0,1.0,1.0,0.0,0.00014019012451171875
0,8,2,4,4,0.2,0.2,0.3,dense,all,2,Shared MILP,stability_full_sequence_per_prompt,direct_damage_milp,0,0,0.0,1.0,OPTIMAL,True,True,exact,-0.0,-0.0,-0.0,0.0,0.00012111663818359375
0,8,2,4,4,0.2,0.2,0.3,dense,all,2,Shared MILP,validity_full_harmful_sequence_per_prompt,direct_damage_milp,1,4,0.5,0.5,OPTIMAL,True,True,exact,1.0,1.0,1.0,0.0,0.0004000663757324219
0,8,2,4,4,0.2,0.2,0.3,dense,all,3,Shared MILP,stability_one_token_per_prompt,direct_damage_milp,2,7,1.0,0.0,OPTIMAL,True,True,exact,2.0,2.0,2.0,0.0,0.0001671314239501953
0,8,2,4,4,0.2,0.2,0.3,dense,all,3,Shared MILP,stability_full_sequence_per_prompt,direct_damage_milp,1,4,0.5,0.5,OPTIMAL,True,True,exact,1.0,1.0,1.0,0.0,0.00013899803161621094
0,8,2,4,4,0.2,0.2,0.3,dense,all,3,Shared MILP,validity_full_harmful_sequence_per_prompt,direct_damage_milp,1,4,0.5,0.5,OPTIMAL,True,True,exact,1.0,1.0,1.0,0.0,0.0004220008850097656
0,8,2,4,4,0.2,0.2,0.3,dense,all,4,Shared MILP,stability_one_token_per_prompt,direct_damage_milp,2,2,1.0,0.0,OPTIMAL,True,True,exact,2.0,2.0,2.0,0.0,0.0004930496215820312
0,8,2,4,4,0.2,0.2,0.3,dense,all,4,Shared MILP,stability_full_sequence_per_prompt,direct_damage_milp,2,8,1.0,0.0,OPTIMAL,True,True,exact,2.0,2.0,2.0,0.0,0.0005679130554199219
0,8,2,4,4,0.2,0.2,0.3,dense,all,4,Shared MILP,validity_full_harmful_sequence_per_prompt,direct_damage_milp,2,8,1.0,0.0,OPTIMAL,True,True,exact,2.0,2.0,2.0,0.0,0.00047898292541503906
0,8,2,4,4,0.2,0.2,0.3,dense,all,5,Shared MILP,stability_one_token_per_prompt,direct_damage_milp,2,2,1.0,0.0,OPTIMAL,True,True,exact,2.0,2.0,2.0,0.0,0.0006079673767089844
0,8,2,4,4,0.2,0.2,0.3,dense,all,5,Shared MILP,stability_full_sequence_per_prompt,direct_damage_milp,2,8,1.0,0.0,OPTIMAL,True,True,exact,2.0,2.0,2.0,0.0,0.0007069110870361328
0,8,2,4,4,0.2,0.2,0.3,dense,all,5,Shared MILP,validity_full_harmful_sequence_per_prompt,direct_damage_milp,2,8,1.0,0.0,OPTIMAL,True,True,exact,2.0,2.0,2.0,0.0,0.00043582916259765625
0,8,2,4,4,0.2,0.2,0.3,dense,all,6,Shared MILP,stability_one_token_per_prompt,direct_damage_milp,2,2,1.0,0.0,OPTIMAL,True,True,exact,2.0,2.0,2.0,0.0,0.0006811618804931641
0,8,2,4,4,0.2,0.2,0.3,dense,all,6,Shared MILP,stability_full_sequence_per_prompt,direct_damage_milp,2,8,1.0,0.0,OPTIMAL,True,True,exact,2.0,2.0,2.0,0.0,0.0007908344268798828
0,8,2,4,4,0.2,0.2,0.3,dense,all,6,Shared MILP,validity_full_harmful_sequence_per_prompt,direct_damage_milp,2,8,1.0,0.0,OPTIMAL,True,True,exact,2.0,2.0,2.0,0.0,0.0005130767822265625
0,8,2,4,4,0.2,0.2,0.3,dense,all,7,Shared MILP,stability_one_token_per_prompt,direct_damage_milp,2,8,1.0,0.0,OPTIMAL,True,True,exact,2.0,2.0,2.0,0.0,0.00013589859008789062
0,8,2,4,4,0.2,0.2,0.3,dense,all,7,Shared MILP,stability_full_sequence_per_prompt,direct_damage_milp,2,8,1.0,0.0,OPTIMAL,True,True,exact,2.0,2.0,2.0,0.0,0.00015306472778320312
0,8,2,4,4,0.2,0.2,0.3,dense,all,7,Shared MILP,validity_full_harmful_sequence_per_prompt,direct_damage_milp,2,8,1.0,0.0,OPTIMAL,True,True,exact,2.0,2.0,2.0,0.0,0.00010013580322265625
0,8,2,4,4,0.2,0.2,0.3,dense,all,8,Shared MILP,stability_one_token_per_prompt,direct_damage_milp,2,8,1.0,0.0,OPTIMAL,True,True,exact,2.0,2.0,2.0,0.0,1.3113021850585938e-05
0,8,2,4,4,0.2,0.2,0.3,dense,all,8,Shared MILP,stability_full_sequence_per_prompt,direct_damage_milp,2,8,1.0,0.0,OPTIMAL,True,True,exact,2.0,2.0,2.0,0.0,1.2874603271484375e-05
0,8,2,4,4,0.2,0.2,0.3,dense,all,8,Shared MILP,validity_full_harmful_sequence_per_prompt,direct_damage_milp,2,8,1.0,0.0,OPTIMAL,True,True,exact,2.0,2.0,2.0,0.0,9.059906005859375e-06
0,8,2,6,4,0.2,0.2,0.3,dense,all,0,Shared MILP,stability_one_token_per_prompt,direct_damage_milp,0,0,0.0,1.0,OPTIMAL,True,True,exact,-0.0,-0.0,-0.0,0.0,0.00012302398681640625
0,8,2,6,4,0.2,0.2,0.3,dense,all,0,Shared MILP,stability_full_sequence_per_prompt,direct_damage_milp,0,0,0.0,1.0,OPTIMAL,True,True,exact,-0.0,-0.0,-0.0,0.0,6.794929504394531e-05
0,8,2,6,4,0.2,0.2,0.3,dense,all,0,Shared MILP,validity_full_harmful_sequence_per_prompt,direct_damage_milp,0,2,0.0,1.0,OPTIMAL,True,True,exact,-0.0,-0.0,-0.0,0.0,5.602836608886719e-05
0,8,2,6,4,0.2,0.2,0.3,dense,all,1,Shared MILP,stability_one_token_per_prompt,direct_damage_milp,0,0,0.0,1.0,OPTIMAL,True,True,exact,-0.0,-0.0,-0.0,0.0,0.0001499652862548828
0,8,2,6,4,0.2,0.2,0.3,dense,all,1,Shared MILP,stability_full_sequence_per_prompt,direct_damage_milp,0,0,0.0,1.0,OPTIMAL,True,True,exact,-0.0,-0.0,-0.0,0.0,0.00013709068298339844
0,8,2,6,4,0.2,0.2,0.3,dense,all,1,Shared MILP,validity_full_harmful_sequence_per_prompt,direct_damage_milp,0,2,0.0,1.0,OPTIMAL,True,True,exact,-0.0,-0.0,-0.0,0.0,8.606910705566406e-05
0,8,2,6,4,0.2,0.2,0.3,dense,all,2,Shared MILP,stability_one_token_per_prompt,direct_damage_milp,1,1,0.5,0.5,OPTIMAL,True,True,exact,1.0,1.0,1.0,0.0,0.0037059783935546875
0,8,2,6,4,0.2,0.2,0.3,dense,all,2,Shared MILP,stability_full_sequence_per_prompt,direct_damage_milp,0,0,0.0,1.0,OPTIMAL,True,True,exact,-0.0,-0.0,-0.0,0.0,0.002830028533935547
0,8,2,6,4,0.2,0.2,0.3,dense,all,2,Shared MILP,validity_full_harmful_sequence_per_prompt,direct_damage_milp,1,7,0.5,0.5,OPTIMAL,True,True,exact,1.0,1.0,1.0,0.0,0.0005021095275878906
0,8,2,6,4,0.2,0.2,0.3,dense,all,3,Shared MILP,stability_one_token_per_prompt,direct_damage_milp,2,2,1.0,0.0,OPTIMAL,True,True,exact,2.0,2.0,2.0,0.0,0.000408172607421875
0,8,2,6,4,0.2,0.2,0.3,dense,all,3,Shared MILP,stability_full_sequence_per_prompt,direct_damage_milp,1,6,0.5,0.5,OPTIMAL,True,True,exact,1.0,1.0,1.0,0.0,0.00156402587890625
0,8,2,6,4,0.2,0.2,0.3,dense,all,3,Shared MILP,validity_full_harmful_sequence_per_prompt,direct_damage_milp,1,7,0.5,0.5,OPTIMAL,True,True,exact,1.0,1.0,1.0,0.0,0.0003681182861328125
0,8,2,6,4,0.2,0.2,0.3,dense,all,4,Shared MILP,stability_one_token_per_prompt,direct_damage_milp,2,2,1.0,0.0,OPTIMAL,True,True,exact,2.0,2.0,2.0,0.0,0.0003769397735595703
0,8,2,6,4,0.2,0.2,0.3,dense,all,4,Shared MILP,stability_full_sequence_per_prompt,direct_damage_milp,2,12,1.0,0.0,OPTIMAL,True,True,exact,2.0,2.0,2.0,0.0,0.0007288455963134766
0,8,2,6,4,0.2,0.2,0.3,dense,all,4,Shared MILP,validity_full_harmful_sequence_per_prompt,direct_damage_milp,2,12,1.0,0.0,OPTIMAL,True,True,exact,2.0,2.0,2.0,0.0,0.00039005279541015625
0,8,2,6,4,0.2,0.2,0.3,dense,all,5,Shared MILP,stability_one_token_per_prompt,direct_damage_milp,2,2,1.0,0.0,OPTIMAL,True,True,exact,2.0,2.0,2.0,0.0,0.0004069805145263672
0,8,2,6,4,0.2,0.2,0.3,dense,all,5,Shared MILP,stability_full_sequence_per_prompt,direct_damage_milp,2,12,1.0,0.0,OPTIMAL,True,True,exact,2.0,2.0,2.0,0.0,0.0005979537963867188
0,8,2,6,4,0.2,0.2,0.3,dense,all,5,Shared MILP,validity_full_harmful_sequence_per_prompt,direct_damage_milp,2,12,1.0,0.0,OPTIMAL,True,True,exact,2.0,2.0,2.0,0.0,0.0004119873046875
0,8,2,6,4,0.2,0.2,0.3,dense,all,6,Shared MILP,stability_one_token_per_prompt,direct_damage_milp,2,2,1.0,0.0,OPTIMAL,True,True,exact,2.0,2.0,2.0,0.0,0.0003528594970703125
0,8,2,6,4,0.2,0.2,0.3,dense,all,6,Shared MILP,stability_full_sequence_per_prompt,direct_damage_milp,2,12,1.0,0.0,OPTIMAL,True,True,exact,2.0,2.0,2.0,0.0,0.0005629062652587891
0,8,2,6,4,0.2,0.2,0.3,dense,all,6,Shared MILP,validity_full_harmful_sequence_per_prompt,direct_damage_milp,2,12,1.0,0.0,OPTIMAL,True,True,exact,2.0,2.0,2.0,0.0,0.0002951622009277344
0,8,2,6,4,0.2,0.2,0.3,dense,all,7,Shared MILP,stability_one_token_per_prompt,direct_damage_milp,2,2,1.0,0.0,OPTIMAL,True,True,exact,2.0,2.0,2.0,0.0,0.00042891502380371094
0,8,2,6,4,0.2,0.2,0.3,dense,all,7,Shared MILP,stability_full_sequence_per_prompt,direct_damage_milp,2,12,1.0,0.0,OPTIMAL,True,True,exact,2.0,2.0,2.0,0.0,0.000598907470703125
0,8,2,6,4,0.2,0.2,0.3,dense,all,7,Shared MILP,validity_full_harmful_sequence_per_prompt,direct_damage_milp,2,12,1.0,0.0,OPTIMAL,True,True,exact,2.0,2.0,2.0,0.0,0.00010013580322265625
0,8,2,6,4,0.2,0.2,0.3,dense,all,8,Shared MILP,stability_one_token_per_prompt,direct_damage_milp,2,12,1.0,0.0,OPTIMAL,True,True,exact,2.0,2.0,2.0,0.0,1.6927719116210938e-05
0,8,2,6,4,0.2,0.2,0.3,dense,all,8,Shared MILP,stability_full_sequence_per_prompt,direct_damage_milp,2,12,1.0,0.0,OPTIMAL,True,True,exact,2.0,2.0,2.0,0.0,1.71661376953125e-05
0,8,2,6,4,0.2,0.2,0.3,dense,all,8,Shared MILP,validity_full_harmful_sequence_per_prompt,direct_damage_milp,2,12,1.0,0.0,OPTIMAL,True,True,exact,2.0,2.0,2.0,0.0,1.2874603271484375e-05
0,8,3,2,4,0.2,0.2,0.3,dense,all,0,Shared MILP,stability_one_token_per_prompt,direct_damage_milp,0,0,0.0,1.0,OPTIMAL,True,True,exact,-0.0,-0.0,-0.0,0.0,9.799003601074219e-05
0,8,3,2,4,0.2,0.2,0.3,dense,all,0,Shared MILP,stability_full_sequence_per_prompt,direct_damage_milp,0,0,0.0,1.0,OPTIMAL,True,True,exact,-0.0,-0.0,-0.0,0.0,4.887580871582031e-05
0,8,3,2,4,0.2,0.2,0.3,dense,all,0,Shared MILP,validity_full_harmful_sequence_per_prompt,direct_damage_milp,0,1,0.0,1.0,OPTIMAL,True,True,exact,-0.0,-0.0,-0.0,0.0,3.695487976074219e-05
0,8,3,2,4,0.2,0.2,0.3,dense,all,1,Shared MILP,stability_one_token_per_prompt,direct_damage_milp,0,0,0.0,1.0,OPTIMAL,True,True,exact,-0.0,-0.0,-0.0,0.0,9.393692016601562e-05
0,8,3,2,4,0.2,0.2,0.3,dense,all,1,Shared MILP,stability_full_sequence_per_prompt,direct_damage_milp,0,0,0.0,1.0,OPTIMAL,True,True,exact,-0.0,-0.0,-0.0,0.0,8.296966552734375e-05
0,8,3,2,4,0.2,0.2,0.3,dense,all,1,Shared MILP,validity_full_harmful_sequence_per_prompt,direct_damage_milp,0,2,0.0,1.0,OPTIMAL,True,True,exact,-0.0,-0.0,-0.0,0.0,5.793571472167969e-05
0,8,3,2,4,0.2,0.2,0.3,dense,all,2,Shared MILP,stability_one_token_per_prompt,direct_damage_milp,1,1,0.3333333333333333,0.6666666666666667,OPTIMAL,True,True,exact,1.0,1.0,1.0,0.0,0.00015687942504882812
0,8,3,2,4,0.2,0.2,0.3,dense,all,2,Shared MILP,stability_full_sequence_per_prompt,direct_damage_milp,0,1,0.0,1.0,OPTIMAL,True,True,exact,-0.0,-0.0,-0.0,0.0,0.000209808349609375
0,8,3,2,4,0.2,0.2,0.3,dense,all,2,Shared MILP,validity_full_harmful_sequence_per_prompt,direct_damage_milp,3,6,1.0,0.0,OPTIMAL,True,True,exact,3.0,3.0,3.0,0.0,0.00035691261291503906
0,8,3,2,4,0.2,0.2,0.3,dense,all,3,Shared MILP,stability_one_token_per_prompt,direct_damage_milp,3,3,1.0,0.0,OPTIMAL,True,True,exact,3.0,3.0,3.0,0.0,0.00047516822814941406
0,8,3,2,4,0.2,0.2,0.3,dense,all,3,Shared MILP,stability_full_sequence_per_prompt,direct_damage_milp,2,4,0.6666666666666666,0.33333333333333337,OPTIMAL,True,True,exact,2.0,2.0,2.0,0.0,0.0004928112030029297
0,8,3,2,4,0.2,0.2,0.3,dense,all,3,Shared MILP,validity_full_harmful_sequence_per_prompt,direct_damage_milp,3,6,1.0,0.0,OPTIMAL,True,True,exact,3.0,3.0,3.0,0.0,0.0002551078796386719
0,8,3,2,4,0.2,0.2,0.3,dense,all,4,Shared MILP,stability_one_token_per_prompt,direct_damage_milp,3,3,1.0,0.0,OPTIMAL,True,True,exact,3.0,3.0,3.0,0.0,0.0003829002380371094
0,8,3,2,4,0.2,0.2,0.3,dense,all,4,Shared MILP,stability_full_sequence_per_prompt,direct_damage_milp,3,6,1.0,0.0,OPTIMAL,True,True,exact,3.0,3.0,3.0,0.0,0.0005590915679931641
0,8,3,2,4,0.2,0.2,0.3,dense,all,4,Shared MILP,validity_full_harmful_sequence_per_prompt,direct_damage_milp,3,6,1.0,0.0,OPTIMAL,True,True,exact,3.0,3.0,3.0,0.0,0.000247955322265625
0,8,3,2,4,0.2,0.2,0.3,dense,all,5,Shared MILP,stability_one_token_per_prompt,direct_damage_milp,3,3,1.0,0.0,OPTIMAL,True,True,exact,3.0,3.0,3.0,0.0,0.00036787986755371094
0,8,3,2,4,0.2,0.2,0.3,dense,all,5,Shared MILP,stability_full_sequence_per_prompt,direct_damage_milp,3,6,1.0,0.0,OPTIMAL,True,True,exact,3.0,3.0,3.0,0.0,0.00047087669372558594
0,8,3,2,4,0.2,0.2,0.3,dense,all,5,Shared MILP,validity_full_harmful_sequence_per_prompt,direct_damage_milp,3,6,1.0,0.0,OPTIMAL,True,True,exact,3.0,3.0,3.0,0.0,0.00024199485778808594
0,8,3,2,4,0.2,0.2,0.3,dense,all,6,Shared MILP,stability_one_token_per_prompt,direct_damage_milp,3,3,1.0,0.0,OPTIMAL,True,True,exact,3.0,3.0,3.0,0.0,0.0003719329833984375
0,8,3,2,4,0.2,0.2,0.3,dense,all,6,Shared MILP,stability_full_sequence_per_prompt,direct_damage_milp,3,6,1.0,0.0,OPTIMAL,True,True,exact,3.0,3.0,3.0,0.0,0.0004849433898925781
0,8,3,2,4,0.2,0.2,0.3,dense,all,6,Shared MILP,validity_full_harmful_sequence_per_prompt,direct_damage_milp,3,6,1.0,0.0,OPTIMAL,True,True,exact,3.0,3.0,3.0,0.0,0.000102996826171875
0,8,3,2,4,0.2,0.2,0.3,dense,all,7,Shared MILP,stability_one_token_per_prompt,direct_damage_milp,3,3,1.0,0.0,OPTIMAL,True,True,exact,3.0,3.0,3.0,0.0,0.0004658699035644531
0,8,3,2,4,0.2,0.2,0.3,dense,all,7,Shared MILP,stability_full_sequence_per_prompt,direct_damage_milp,3,6,1.0,0.0,OPTIMAL,True,True,exact,3.0,3.0,3.0,0.0,0.0002620220184326172
0,8,3,2,4,0.2,0.2,0.3,dense,all,7,Shared MILP,validity_full_harmful_sequence_per_prompt,direct_damage_milp,3,6,1.0,0.0,OPTIMAL,True,True,exact,3.0,3.0,3.0,0.0,6.103515625e-05
0,8,3,2,4,0.2,0.2,0.3,dense,all,8,Shared MILP,stability_one_token_per_prompt,direct_damage_milp,3,6,1.0,0.0,OPTIMAL,True,True,exact,3.0,3.0,3.0,0.0,1.2874603271484375e-05
0,8,3,2,4,0.2,0.2,0.3,dense,all,8,Shared MILP,stability_full_sequence_per_prompt,direct_damage_milp,3,6,1.0,0.0,OPTIMAL,True,True,exact,3.0,3.0,3.0,0.0,1.0967254638671875e-05
0,8,3,2,4,0.2,0.2,0.3,dense,all,8,Shared MILP,validity_full_harmful_sequence_per_prompt,direct_damage_milp,3,6,1.0,0.0,OPTIMAL,True,True,exact,3.0,3.0,3.0,0.0,8.106231689453125e-06
0,8,3,4,4,0.2,0.2,0.3,dense,all,0,Shared MILP,stability_one_token_per_prompt,direct_damage_milp,0,0,0.0,1.0,OPTIMAL,True,True,exact,-0.0,-0.0,-0.0,0.0,6.389617919921875e-05
0,8,3,4,4,0.2,0.2,0.3,dense,all,0,Shared MILP,stability_full_sequence_per_prompt,direct_damage_milp,0,0,0.0,1.0,OPTIMAL,True,True,exact,-0.0,-0.0,-0.0,0.0,5.412101745605469e-05
0,8,3,4,4,0.2,0.2,0.3,dense,all,0,Shared MILP,validity_full_harmful_sequence_per_prompt,direct_damage_milp,0,2,0.0,1.0,OPTIMAL,True,True,exact,-0.0,-0.0,-0.0,0.0,5.698204040527344e-05
0,8,3,4,4,0.2,0.2,0.3,dense,all,1,Shared MILP,stability_one_token_per_prompt,direct_damage_milp,0,0,0.0,1.0,OPTIMAL,True,True,exact,-0.0,-0.0,-0.0,0.0,0.00014591217041015625
0,8,3,4,4,0.2,0.2,0.3,dense,all,1,Shared MILP,stability_full_sequence_per_prompt,direct_damage_milp,0,0,0.0,1.0,OPTIMAL,True,True,exact,-0.0,-0.0,-0.0,0.0,0.00013399124145507812
0,8,3,4,4,0.2,0.2,0.3,dense,all,1,Shared MILP,validity_full_harmful_sequence_per_prompt,direct_damage_milp,0,2,0.0,1.0,OPTIMAL,True,True,exact,-0.0,-0.0,-0.0,0.0,8.296966552734375e-05
0,8,3,4,4,0.2,0.2,0.3,dense,all,2,Shared MILP,stability_one_token_per_prompt,direct_damage_milp,1,1,0.3333333333333333,0.6666666666666667,OPTIMAL,True,True,exact,1.0,1.0,1.0,0.0,0.003025054931640625
0,8,3,4,4,0.2,0.2,0.3,dense,all,2,Shared MILP,stability_full_sequence_per_prompt,direct_damage_milp,0,0,0.0,1.0,OPTIMAL,True,True,exact,-0.0,-0.0,-0.0,0.0,0.0020160675048828125
0,8,3,4,4,0.2,0.2,0.3,dense,all,2,Shared MILP,validity_full_harmful_sequence_per_prompt,direct_damage_milp,2,8,0.6666666666666666,0.33333333333333337,OPTIMAL,True,True,exact,2.0,2.0,2.0,0.0,0.0006170272827148438
0,8,3,4,4,0.2,0.2,0.3,dense,all,3,Shared MILP,stability_one_token_per_prompt,direct_damage_milp,3,3,1.0,0.0,OPTIMAL,True,True,exact,3.0,3.0,3.0,0.0,0.0005509853363037109
0,8,3,4,4,0.2,0.2,0.3,dense,all,3,Shared MILP,stability_full_sequence_per_prompt,direct_damage_milp,1,4,0.3333333333333333,0.6666666666666667,OPTIMAL,True,True,exact,1.0,1.0,1.0,0.0,0.0028998851776123047
0,8,3,4,4,0.2,0.2,0.3,dense,all,3,Shared MILP,validity_full_harmful_sequence_per_prompt,direct_damage_milp,2,8,0.6666666666666666,0.33333333333333337,OPTIMAL,True,True,exact,2.0,2.0,2.0,0.0,0.00032806396484375
0,8,3,4,4,0.2,0.2,0.3,dense,all,4,Shared MILP,stability_one_token_per_prompt,direct_damage_milp,3,3,1.0,0.0,OPTIMAL,True,True,exact,3.0,3.0,3.0,0.0,0.0005228519439697266
0,8,3,4,4,0.2,0.2,0.3,dense,all,4,Shared MILP,stability_full_sequence_per_prompt,direct_damage_milp,3,12,1.0,0.0,OPTIMAL,True,True,exact,3.0,3.0,3.0,0.0,0.000576019287109375
0,8,3,4,4,0.2,0.2,0.3,dense,all,4,Shared MILP,validity_full_harmful_sequence_per_prompt,direct_damage_milp,3,12,1.0,0.0,OPTIMAL,True,True,exact,3.0,3.0,3.0,0.0,0.0004031658172607422
0,8,3,4,4,0.2,0.2,0.3,dense,all,5,Shared MILP,stability_one_token_per_prompt,direct_damage_milp,3,3,1.0,0.0,OPTIMAL,True,True,exact,3.0,3.0,3.0,0.0,0.0005440711975097656
0,8,3,4,4,0.2,0.2,0.3,dense,all,5,Shared MILP,stability_full_sequence_per_prompt,direct_damage_milp,3,12,1.0,0.0,OPTIMAL,True,True,exact,3.0,3.0,3.0,0.0,0.0006079673767089844
0,8,3,4,4,0.2,0.2,0.3,dense,all,5,Shared MILP,validity_full_harmful_sequence_per_prompt,direct_damage_milp,3,12,1.0,0.0,OPTIMAL,True,True,exact,3.0,3.0,3.0,0.0,0.0003769397735595703
0,8,3,4,4,0.2,0.2,0.3,dense,all,6,Shared MILP,stability_one_token_per_prompt,direct_damage_milp,3,3,1.0,0.0,OPTIMAL,True,True,exact,3.0,3.0,3.0,0.0,0.0006349086761474609
0,8,3,4,4,0.2,0.2,0.3,dense,all,6,Shared MILP,stability_full_sequence_per_prompt,direct_damage_milp,3,12,1.0,0.0,OPTIMAL,True,True,exact,3.0,3.0,3.0,0.0,0.0006120204925537109
0,8,3,4,4,0.2,0.2,0.3,dense,all,6,Shared MILP,validity_full_harmful_sequence_per_prompt,direct_damage_milp,3,12,1.0,0.0,OPTIMAL,True,True,exact,3.0,3.0,3.0,0.0,0.0002639293670654297
0,8,3,4,4,0.2,0.2,0.3,dense,all,7,Shared MILP,stability_one_token_per_prompt,direct_damage_milp,3,3,1.0,0.0,OPTIMAL,True,True,exact,3.0,3.0,3.0,0.0,0.0004901885986328125
0,8,3,4,4,0.2,0.2,0.3,dense,all,7,Shared MILP,stability_full_sequence_per_prompt,direct_damage_milp,3,12,1.0,0.0,OPTIMAL,True,True,exact,3.0,3.0,3.0,0.0,0.0006098747253417969
0,8,3,4,4,0.2,0.2,0.3,dense,all,7,Shared MILP,validity_full_harmful_sequence_per_prompt,direct_damage_milp,3,12,1.0,0.0,OPTIMAL,True,True,exact,3.0,3.0,3.0,0.0,8.821487426757812e-05
0,8,3,4,4,0.2,0.2,0.3,dense,all,8,Shared MILP,stability_one_token_per_prompt,direct_damage_milp,3,12,1.0,0.0,OPTIMAL,True,True,exact,3.0,3.0,3.0,0.0,1.621246337890625e-05
0,8,3,4,4,0.2,0.2,0.3,dense,all,8,Shared MILP,stability_full_sequence_per_prompt,direct_damage_milp,3,12,1.0,0.0,OPTIMAL,True,True,exact,3.0,3.0,3.0,0.0,2.4080276489257812e-05
0,8,3,4,4,0.2,0.2,0.3,dense,all,8,Shared MILP,validity_full_harmful_sequence_per_prompt,direct_damage_milp,3,12,1.0,0.0,OPTIMAL,True,True,exact,3.0,3.0,3.0,0.0,4.100799560546875e-05
0,8,3,6,4,0.2,0.2,0.3,dense,all,0,Shared MILP,stability_one_token_per_prompt,direct_damage_milp,1,1,0.3333333333333333,0.6666666666666667,OPTIMAL,True,True,exact,1.0,1.0,1.0,0.0,0.00013208389282226562
0,8,3,6,4,0.2,0.2,0.3,dense,all,0,Shared MILP,stability_full_sequence_per_prompt,direct_damage_milp,0,0,0.0,1.0,OPTIMAL,True,True,exact,-0.0,-0.0,-0.0,0.0,0.00011420249938964844
0,8,3,6,4,0.2,0.2,0.3,dense,all,0,Shared MILP,validity_full_harmful_sequence_per_prompt,direct_damage_milp,0,7,0.0,1.0,OPTIMAL,True,True,exact,-0.0,-0.0,-0.0,0.0,5.793571472167969e-05
0,8,3,6,4,0.2,0.2,0.3,dense,all,1,Shared MILP,stability_one_token_per_prompt,direct_damage_milp,3,3,1.0,0.0,OPTIMAL,True,True,exact,3.0,3.0,3.0,0.0,0.00024509429931640625
0,8,3,6,4,0.2,0.2,0.3,dense,all,1,Shared MILP,stability_full_sequence_per_prompt,direct_damage_milp,0,1,0.0,1.0,OPTIMAL,True,True,exact,-0.0,-0.0,-0.0,0.0,0.00023984909057617188
0,8,3,6,4,0.2,0.2,0.3,dense,all,1,Shared MILP,validity_full_harmful_sequence_per_prompt,direct_damage_milp,0,7,0.0,1.0,OPTIMAL,True,True,exact,-0.0,-0.0,-0.0,0.0,0.0001270771026611328
0,8,3,6,4,0.2,0.2,0.3,dense,all,2,Shared MILP,stability_one_token_per_prompt,direct_damage_milp,3,3,1.0,0.0,OPTIMAL,True,True,exact,3.0,3.0,3.0,0.0,0.0009839534759521484
0,8,3,6,4,0.2,0.2,0.3,dense,all,2,Shared MILP,stability_full_sequence_per_prompt,direct_damage_milp,0,1,0.0,1.0,OPTIMAL,True,True,exact,-0.0,-0.0,-0.0,0.0,0.0040149688720703125
0,8,3,6,4,0.2,0.2,0.3,dense,all,2,Shared MILP,validity_full_harmful_sequence_per_prompt,direct_damage_milp,1,9,0.3333333333333333,0.6666666666666667,OPTIMAL,True,True,exact,1.0,1.0,1.0,0.0,0.0005941390991210938
0,8,3,6,4,0.2,0.2,0.3,dense,all,3,Shared MILP,stability_one_token_per_prompt,direct_damage_milp,3,3,1.0,0.0,OPTIMAL,True,True,exact,3.0,3.0,3.0,0.0,0.0009810924530029297
0,8,3,6,4,0.2,0.2,0.3,dense,all,3,Shared MILP,stability_full_sequence_per_prompt,direct_damage_milp,1,13,0.3333333333333333,0.6666666666666667,OPTIMAL,True,True,exact,1.0,1.0,1.0,0.0,0.002789020538330078
0,8,3,6,4,0.2,0.2,0.3,dense,all,3,Shared MILP,validity_full_harmful_sequence_per_prompt,direct_damage_milp,2,13,0.6666666666666666,0.33333333333333337,OPTIMAL,True,True,exact,2.0,2.0,2.0,0.0,0.0005238056182861328
0,8,3,6,4,0.2,0.2,0.3,dense,all,4,Shared MILP,stability_one_token_per_prompt,direct_damage_milp,3,3,1.0,0.0,OPTIMAL,True,True,exact,3.0,3.0,3.0,0.0,0.0007767677307128906
0,8,3,6,4,0.2,0.2,0.3,dense,all,4,Shared MILP,stability_full_sequence_per_prompt,direct_damage_milp,3,18,1.0,0.0,OPTIMAL,True,True,exact,3.0,3.0,3.0,0.0,0.0009319782257080078
0,8,3,6,4,0.2,0.2,0.3,dense,all,4,Shared MILP,validity_full_harmful_sequence_per_prompt,direct_damage_milp,3,18,1.0,0.0,OPTIMAL,True,True,exact,3.0,3.0,3.0,0.0,0.00046896934509277344
0,8,3,6,4,0.2,0.2,0.3,dense,all,5,Shared MILP,stability_one_token_per_prompt,direct_damage_milp,3,3,1.0,0.0,OPTIMAL,True,True,exact,3.0,3.0,3.0,0.0,0.0008330345153808594
0,8,3,6,4,0.2,0.2,0.3,dense,all,5,Shared MILP,stability_full_sequence_per_prompt,direct_damage_milp,3,18,1.0,0.0,OPTIMAL,True,True,exact,3.0,3.0,3.0,0.0,0.0008370876312255859
0,8,3,6,4,0.2,0.2,0.3,dense,all,5,Shared MILP,validity_full_harmful_sequence_per_prompt,direct_damage_milp,3,18,1.0,0.0,OPTIMAL,True,True,exact,3.0,3.0,3.0,0.0,0.0004911422729492188
0,8,3,6,4,0.2,0.2,0.3,dense,all,6,Shared MILP,stability_one_token_per_prompt,direct_damage_milp,3,3,1.0,0.0,OPTIMAL,True,True,exact,3.0,3.0,3.0,0.0,0.0008790493011474609
0,8,3,6,4,0.2,0.2,0.3,dense,all,6,Shared MILP,stability_full_sequence_per_prompt,direct_damage_milp,3,18,1.0,0.0,OPTIMAL,True,True,exact,3.0,3.0,3.0,0.0,0.0008749961853027344
0,8,3,6,4,0.2,0.2,0.3,dense,all,6,Shared MILP,validity_full_harmful_sequence_per_prompt,direct_damage_milp,3,18,1.0,0.0,OPTIMAL,True,True,exact,3.0,3.0,3.0,0.0,0.0005428791046142578
0,8,3,6,4,0.2,0.2,0.3,dense,all,7,Shared MILP,stability_one_token_per_prompt,direct_damage_milp,3,8,1.0,0.0,OPTIMAL,True,True,exact,3.0,3.0,3.0,0.0,0.0009000301361083984
0,8,3,6,4,0.2,0.2,0.3,dense,all,7,Shared MILP,stability_full_sequence_per_prompt,direct_damage_milp,3,18,1.0,0.0,OPTIMAL,True,True,exact,3.0,3.0,3.0,0.0,0.0008480548858642578
0,8,3,6,4,0.2,0.2,0.3,dense,all,7,Shared MILP,validity_full_harmful_sequence_per_prompt,direct_damage_milp,3,18,1.0,0.0,OPTIMAL,True,True,exact,3.0,3.0,3.0,0.0,0.00044798851013183594
0,8,3,6,4,0.2,0.2,0.3,dense,all,8,Shared MILP,stability_one_token_per_prompt,direct_damage_milp,3,18,1.0,0.0,OPTIMAL,True,True,exact,3.0,3.0,3.0,0.0,3.504753112792969e-05
0,8,3,6,4,0.2,0.2,0.3,dense,all,8,Shared MILP,stability_full_sequence_per_prompt,direct_damage_milp,3,18,1.0,0.0,OPTIMAL,True,True,exact,3.0,3.0,3.0,0.0,3.600120544433594e-05
0,8,3,6,4,0.2,0.2,0.3,dense,all,8,Shared MILP,validity_full_harmful_sequence_per_prompt,direct_damage_milp,3,18,1.0,0.0,OPTIMAL,True,True,exact,3.0,3.0,3.0,0.0,1.4066696166992188e-05
0,10,1,2,4,0.2,0.2,0.3,dense,all,0,Shared MILP,stability_one_token_per_prompt,direct_damage_milp,0,0,0.0,1.0,OPTIMAL,True,True,exact,-0.0,-0.0,-0.0,0.0,7.891654968261719e-05
0,10,1,2,4,0.2,0.2,0.3,dense,all,0,Shared MILP,stability_full_sequence_per_prompt,direct_damage_milp,0,0,0.0,1.0,OPTIMAL,True,True,exact,-0.0,-0.0,-0.0,0.0,4.601478576660156e-05
0,10,1,2,4,0.2,0.2,0.3,dense,all,0,Shared MILP,validity_full_harmful_sequence_per_prompt,direct_damage_milp,0,0,0.0,1.0,OPTIMAL,True,True,exact,-0.0,-0.0,-0.0,0.0,8.702278137207031e-05
0,10,1,2,4,0.2,0.2,0.3,dense,all,1,Shared MILP,stability_one_token_per_prompt,direct_damage_milp,0,0,0.0,1.0,OPTIMAL,True,True,exact,-0.0,-0.0,-0.0,0.0,7.82012939453125e-05
0,10,1,2,4,0.2,0.2,0.3,dense,all,1,Shared MILP,stability_full_sequence_per_prompt,direct_damage_milp,0,0,0.0,1.0,OPTIMAL,True,True,exact,-0.0,-0.0,-0.0,0.0,6.389617919921875e-05
0,10,1,2,4,0.2,0.2,0.3,dense,all,1,Shared MILP,validity_full_harmful_sequence_per_prompt,direct_damage_milp,1,2,1.0,0.0,OPTIMAL,True,True,exact,1.0,1.0,1.0,0.0,5.984306335449219e-05
0,10,1,2,4,0.2,0.2,0.3,dense,all,2,Shared MILP,stability_one_token_per_prompt,direct_damage_milp,0,0,0.0,1.0,OPTIMAL,True,True,exact,-0.0,-0.0,-0.0,0.0,0.00011587142944335938
0,10,1,2,4,0.2,0.2,0.3,dense,all,2,Shared MILP,stability_full_sequence_per_prompt,direct_damage_milp,0,0,0.0,1.0,OPTIMAL,True,True,exact,-0.0,-0.0,-0.0,0.0,7.295608520507812e-05
0,10,1,2,4,0.2,0.2,0.3,dense,all,2,Shared MILP,validity_full_harmful_sequence_per_prompt,direct_damage_milp,1,2,1.0,0.0,OPTIMAL,True,True,exact,1.0,1.0,1.0,0.0,5.793571472167969e-05
0,10,1,2,4,0.2,0.2,0.3,dense,all,3,Shared MILP,stability_one_token_per_prompt,direct_damage_milp,1,1,1.0,0.0,OPTIMAL,True,True,exact,1.0,1.0,1.0,0.0,8.821487426757812e-05
0,10,1,2,4,0.2,0.2,0.3,dense,all,3,Shared MILP,stability_full_sequence_per_prompt,direct_damage_milp,0,1,0.0,1.0,OPTIMAL,True,True,exact,-0.0,-0.0,-0.0,0.0,8.702278137207031e-05
0,10,1,2,4,0.2,0.2,0.3,dense,all,3,Shared MILP,validity_full_harmful_sequence_per_prompt,direct_damage_milp,1,2,1.0,0.0,OPTIMAL,True,True,exact,1.0,1.0,1.0,0.0,6.318092346191406e-05
0,10,1,2,4,0.2,0.2,0.3,dense,all,4,Shared MILP,stability_one_token_per_prompt,direct_damage_milp,1,2,1.0,0.0,OPTIMAL,True,True,exact,1.0,1.0,1.0,0.0,8.988380432128906e-05
0,10,1,2,4,0.2,0.2,0.3,dense,all,4,Shared MILP,stability_full_sequence_per_prompt,direct_damage_milp,1,2,1.0,0.0,OPTIMAL,True,True,exact,1.0,1.0,1.0,0.0,0.00011610984802246094
0,10,1,2,4,0.2,0.2,0.3,dense,all,4,Shared MILP,validity_full_harmful_sequence_per_prompt,direct_damage_milp,1,2,1.0,0.0,OPTIMAL,True,True,exact,1.0,1.0,1.0,0.0,5.698204040527344e-05
0,10,1,2,4,0.2,0.2,0.3,dense,all,5,Shared MILP,stability_one_token_per_prompt,direct_damage_milp,1,2,1.0,0.0,OPTIMAL,True,True,exact,1.0,1.0,1.0,0.0,0.00010085105895996094
0,10,1,2,4,0.2,0.2,0.3,dense,all,5,Shared MILP,stability_full_sequence_per_prompt,direct_damage_milp,1,2,1.0,0.0,OPTIMAL,True,True,exact,1.0,1.0,1.0,0.0,7.891654968261719e-05
0,10,1,2,4,0.2,0.2,0.3,dense,all,5,Shared MILP,validity_full_harmful_sequence_per_prompt,direct_damage_milp,1,2,1.0,0.0,OPTIMAL,True,True,exact,1.0,1.0,1.0,0.0,4.100799560546875e-05
0,10,1,2,4,0.2,0.2,0.3,dense,all,6,Shared MILP,stability_one_token_per_prompt,direct_damage_milp,1,2,1.0,0.0,OPTIMAL,True,True,exact,1.0,1.0,1.0,0.0,8.296966552734375e-05
0,10,1,2,4,0.2,0.2,0.3,dense,all,6,Shared MILP,stability_full_sequence_per_prompt,direct_damage_milp,1,2,1.0,0.0,OPTIMAL,True,True,exact,1.0,1.0,1.0,0.0,7.510185241699219e-05
0,10,1,2,4,0.2,0.2,0.3,dense,all,6,Shared MILP,validity_full_harmful_sequence_per_prompt,direct_damage_milp,1,2,1.0,0.0,OPTIMAL,True,True,exact,1.0,1.0,1.0,0.0,5.1975250244140625e-05
0,10,1,2,4,0.2,0.2,0.3,dense,all,7,Shared MILP,stability_one_token_per_prompt,direct_damage_milp,1,2,1.0,0.0,OPTIMAL,True,True,exact,1.0,1.0,1.0,0.0,8.702278137207031e-05
0,10,1,2,4,0.2,0.2,0.3,dense,all,7,Shared MILP,stability_full_sequence_per_prompt,direct_damage_milp,1,2,1.0,0.0,OPTIMAL,True,True,exact,1.0,1.0,1.0,0.0,7.009506225585938e-05
0,10,1,2,4,0.2,0.2,0.3,dense,all,7,Shared MILP,validity_full_harmful_sequence_per_prompt,direct_damage_milp,1,2,1.0,0.0,OPTIMAL,True,True,exact,1.0,1.0,1.0,0.0,5.0067901611328125e-05
0,10,1,2,4,0.2,0.2,0.3,dense,all,8,Shared MILP,stability_one_token_per_prompt,direct_damage_milp,1,2,1.0,0.0,OPTIMAL,True,True,exact,1.0,1.0,1.0,0.0,7.390975952148438e-05
0,10,1,2,4,0.2,0.2,0.3,dense,all,8,Shared MILP,stability_full_sequence_per_prompt,direct_damage_milp,1,2,1.0,0.0,OPTIMAL,True,True,exact,1.0,1.0,1.0,0.0,6.580352783203125e-05
0,10,1,2,4,0.2,0.2,0.3,dense,all,8,Shared MILP,validity_full_harmful_sequence_per_prompt,direct_damage_milp,1,2,1.0,0.0,OPTIMAL,True,True,exact,1.0,1.0,1.0,0.0,4.291534423828125e-05
0,10,1,2,4,0.2,0.2,0.3,dense,all,9,Shared MILP,stability_one_token_per_prompt,direct_damage_milp,1,2,1.0,0.0,OPTIMAL,True,True,exact,1.0,1.0,1.0,0.0,8.106231689453125e-05
0,10,1,2,4,0.2,0.2,0.3,dense,all,9,Shared MILP,stability_full_sequence_per_prompt,direct_damage_milp,1,2,1.0,0.0,OPTIMAL,True,True,exact,1.0,1.0,1.0,0.0,6.890296936035156e-05
0,10,1,2,4,0.2,0.2,0.3,dense,all,9,Shared MILP,validity_full_harmful_sequence_per_prompt,direct_damage_milp,1,2,1.0,0.0,OPTIMAL,True,True,exact,1.0,1.0,1.0,0.0,4.00543212890625e-05
0,10,1,2,4,0.2,0.2,0.3,dense,all,10,Shared MILP,stability_one_token_per_prompt,direct_damage_milp,1,2,1.0,0.0,OPTIMAL,True,True,exact,1.0,1.0,1.0,0.0,1.0013580322265625e-05
0,10,1,2,4,0.2,0.2,0.3,dense,all,10,Shared MILP,stability_full_sequence_per_prompt,direct_damage_milp,1,2,1.0,0.0,OPTIMAL,True,True,exact,1.0,1.0,1.0,0.0,9.059906005859375e-06
0,10,1,2,4,0.2,0.2,0.3,dense,all,10,Shared MILP,validity_full_harmful_sequence_per_prompt,direct_damage_milp,1,2,1.0,0.0,OPTIMAL,True,True,exact,1.0,1.0,1.0,0.0,9.059906005859375e-06
0,10,1,4,4,0.2,0.2,0.3,dense,all,0,Shared MILP,stability_one_token_per_prompt,direct_damage_milp,0,0,0.0,1.0,OPTIMAL,True,True,exact,-0.0,-0.0,-0.0,0.0,6.103515625e-05
0,10,1,4,4,0.2,0.2,0.3,dense,all,0,Shared MILP,stability_full_sequence_per_prompt,direct_damage_milp,0,0,0.0,1.0,OPTIMAL,True,True,exact,-0.0,-0.0,-0.0,0.0,5.1021575927734375e-05
0,10,1,4,4,0.2,0.2,0.3,dense,all,0,Shared MILP,validity_full_harmful_sequence_per_prompt,direct_damage_milp,0,2,0.0,1.0,OPTIMAL,True,True,exact,-0.0,-0.0,-0.0,0.0,3.790855407714844e-05
0,10,1,4,4,0.2,0.2,0.3,dense,all,1,Shared MILP,stability_one_token_per_prompt,direct_damage_milp,0,0,0.0,1.0,OPTIMAL,True,True,exact,-0.0,-0.0,-0.0,0.0,9.298324584960938e-05
0,10,1,4,4,0.2,0.2,0.3,dense,all,1,Shared MILP,stability_full_sequence_per_prompt,direct_damage_milp,0,0,0.0,1.0,OPTIMAL,True,True,exact,-0.0,-0.0,-0.0,0.0,8.0108642578125e-05
0,10,1,4,4,0.2,0.2,0.3,dense,all,1,Shared MILP,validity_full_harmful_sequence_per_prompt,direct_damage_milp,0,2,0.0,1.0,OPTIMAL,True,True,exact,-0.0,-0.0,-0.0,0.0,6.699562072753906e-05
0,10,1,4,4,0.2,0.2,0.3,dense,all,2,Shared MILP,stability_one_token_per_prompt,direct_damage_milp,0,0,0.0,1.0,OPTIMAL,True,True,exact,-0.0,-0.0,-0.0,0.0,0.0001010894775390625
0,10,1,4,4,0.2,0.2,0.3,dense,all,2,Shared MILP,stability_full_sequence_per_prompt,direct_damage_milp,0,0,0.0,1.0,OPTIMAL,True,True,exact,-0.0,-0.0,-0.0,0.0,7.605552673339844e-05
0,10,1,4,4,0.2,0.2,0.3,dense,all,2,Shared MILP,validity_full_harmful_sequence_per_prompt,direct_damage_milp,1,4,1.0,0.0,OPTIMAL,True,True,exact,1.0,1.0,1.0,0.0,6.389617919921875e-05
0,10,1,4,4,0.2,0.2,0.3,dense,all,3,Shared MILP,stability_one_token_per_prompt,direct_damage_milp,1,2,1.0,0.0,OPTIMAL,True,True,exact,1.0,1.0,1.0,0.0,0.0001049041748046875
0,10,1,4,4,0.2,0.2,0.3,dense,all,3,Shared MILP,stability_full_sequence_per_prompt,direct_damage_milp,0,2,0.0,1.0,OPTIMAL,True,True,exact,-0.0,-0.0,-0.0,0.0,9.799003601074219e-05
0,10,1,4,4,0.2,0.2,0.3,dense,all,3,Shared MILP,validity_full_harmful_sequence_per_prompt,direct_damage_milp,1,4,1.0,0.0,OPTIMAL,True,True,exact,1.0,1.0,1.0,0.0,5.602836608886719e-05
0,10,1,4,4,0.2,0.2,0.3,dense,all,4,Shared MILP,stability_one_token_per_prompt,direct_damage_milp,1,4,1.0,0.0,OPTIMAL,True,True,exact,1.0,1.0,1.0,0.0,0.00013184547424316406
0,10,1,4,4,0.2,0.2,0.3,dense,all,4,Shared MILP,stability_full_sequence_per_prompt,direct_damage_milp,1,4,1.0,0.0,OPTIMAL,True,True,exact,1.0,1.0,1.0,0.0,0.00011014938354492188
0,10,1,4,4,0.2,0.2,0.3,dense,all,4,Shared MILP,validity_full_harmful_sequence_per_prompt,direct_damage_milp,1,4,1.0,0.0,OPTIMAL,True,True,exact,1.0,1.0,1.0,0.0,8.893013000488281e-05
0,10,1,4,4,0.2,0.2,0.3,dense,all,5,Shared MILP,stability_one_token_per_prompt,direct_damage_milp,1,1,1.0,0.0,OPTIMAL,True,True,exact,1.0,1.0,1.0,0.0,0.0005860328674316406
0,10,1,4,4,0.2,0.2,0.3,dense,all,5,Shared MILP,stability_full_sequence_per_prompt,direct_damage_milp,1,4,1.0,0.0,OPTIMAL,True,True,exact,1.0,1.0,1.0,0.0,0.0003769397735595703
0,10,1,4,4,0.2,0.2,0.3,dense,all,5,Shared MILP,validity_full_harmful_sequence_per_prompt,direct_damage_milp,1,4,1.0,0.0,OPTIMAL,True,True,exact,1.0,1.0,1.0,0.0,5.888938903808594e-05
0,10,1,4,4,0.2,0.2,0.3,dense,all,6,Shared MILP,stability_one_token_per_prompt,direct_damage_milp,1,1,1.0,0.0,OPTIMAL,True,True,exact,1.0,1.0,1.0,0.0,0.0006480216979980469
0,10,1,4,4,0.2,0.2,0.3,dense,all,6,Shared MILP,stability_full_sequence_per_prompt,direct_damage_milp,1,4,1.0,0.0,OPTIMAL,True,True,exact,1.0,1.0,1.0,0.0,0.0005331039428710938
0,10,1,4,4,0.2,0.2,0.3,dense,all,6,Shared MILP,validity_full_harmful_sequence_per_prompt,direct_damage_milp,1,4,1.0,0.0,OPTIMAL,True,True,exact,1.0,1.0,1.0,0.0,7.915496826171875e-05
0,10,1,4,4,0.2,0.2,0.3,dense,all,7,Shared MILP,stability_one_token_per_prompt,direct_damage_milp,1,1,1.0,0.0,OPTIMAL,True,True,exact,1.0,1.0,1.0,0.0,0.0006668567657470703
0,10,1,4,4,0.2,0.2,0.3,dense,all,7,Shared MILP,stability_full_sequence_per_prompt,direct_damage_milp,1,4,1.0,0.0,OPTIMAL,True,True,exact,1.0,1.0,1.0,0.0,0.0005409717559814453
0,10,1,4,4,0.2,0.2,0.3,dense,all,7,Shared MILP,validity_full_harmful_sequence_per_prompt,direct_damage_milp,1,4,1.0,0.0,OPTIMAL,True,True,exact,1.0,1.0,1.0,0.0,6.198883056640625e-05
0,10,1,4,4,0.2,0.2,0.3,dense,all,8,Shared MILP,stability_one_token_per_prompt,direct_damage_milp,1,1,1.0,0.0,OPTIMAL,True,True,exact,1.0,1.0,1.0,0.0,0.0006051063537597656
0,10,1,4,4,0.2,0.2,0.3,dense,all,8,Shared MILP,stability_full_sequence_per_prompt,direct_damage_milp,1,4,1.0,0.0,OPTIMAL,True,True,exact,1.0,1.0,1.0,0.0,0.000431060791015625
0,10,1,4,4,0.2,0.2,0.3,dense,all,8,Shared MILP,validity_full_harmful_sequence_per_prompt,direct_damage_milp,1,4,1.0,0.0,OPTIMAL,True,True,exact,1.0,1.0,1.0,0.0,6.508827209472656e-05
0,10,1,4,4,0.2,0.2,0.3,dense,all,9,Shared MILP,stability_one_token_per_prompt,direct_damage_milp,1,4,1.0,0.0,OPTIMAL,True,True,exact,1.0,1.0,1.0,0.0,0.00013208389282226562
0,10,1,4,4,0.2,0.2,0.3,dense,all,9,Shared MILP,stability_full_sequence_per_prompt,direct_damage_milp,1,4,1.0,0.0,OPTIMAL,True,True,exact,1.0,1.0,1.0,0.0,0.0001270771026611328
0,10,1,4,4,0.2,0.2,0.3,dense,all,9,Shared MILP,validity_full_harmful_sequence_per_prompt,direct_damage_milp,1,4,1.0,0.0,OPTIMAL,True,True,exact,1.0,1.0,1.0,0.0,6.29425048828125e-05
0,10,1,4,4,0.2,0.2,0.3,dense,all,10,Shared MILP,stability_one_token_per_prompt,direct_damage_milp,1,4,1.0,0.0,OPTIMAL,True,True,exact,1.0,1.0,1.0,0.0,1.2159347534179688e-05
0,10,1,4,4,0.2,0.2,0.3,dense,all,10,Shared MILP,stability_full_sequence_per_prompt,direct_damage_milp,1,4,1.0,0.0,OPTIMAL,True,True,exact,1.0,1.0,1.0,0.0,8.821487426757812e-06
0,10,1,4,4,0.2,0.2,0.3,dense,all,10,Shared MILP,validity_full_harmful_sequence_per_prompt,direct_damage_milp,1,4,1.0,0.0,OPTIMAL,True,True,exact,1.0,1.0,1.0,0.0,9.059906005859375e-06
0,10,1,6,4,0.2,0.2,0.3,dense,all,0,Shared MILP,stability_one_token_per_prompt,direct_damage_milp,0,0,0.0,1.0,OPTIMAL,True,True,exact,-0.0,-0.0,-0.0,0.0,7.104873657226562e-05
0,10,1,6,4,0.2,0.2,0.3,dense,all,0,Shared MILP,stability_full_sequence_per_prompt,direct_damage_milp,0,0,0.0,1.0,OPTIMAL,True,True,exact,-0.0,-0.0,-0.0,0.0,7.915496826171875e-05
0,10,1,6,4,0.2,0.2,0.3,dense,all,0,Shared MILP,validity_full_harmful_sequence_per_prompt,direct_damage_milp,0,1,0.0,1.0,OPTIMAL,True,True,exact,-0.0,-0.0,-0.0,0.0,5.507469177246094e-05
0,10,1,6,4,0.2,0.2,0.3,dense,all,1,Shared MILP,stability_one_token_per_prompt,direct_damage_milp,0,0,0.0,1.0,OPTIMAL,True,True,exact,-0.0,-0.0,-0.0,0.0,0.00011706352233886719
0,10,1,6,4,0.2,0.2,0.3,dense,all,1,Shared MILP,stability_full_sequence_per_prompt,direct_damage_milp,0,0,0.0,1.0,OPTIMAL,True,True,exact,-0.0,-0.0,-0.0,0.0,0.00011491775512695312
0,10,1,6,4,0.2,0.2,0.3,dense,all,1,Shared MILP,validity_full_harmful_sequence_per_prompt,direct_damage_milp,0,1,0.0,1.0,OPTIMAL,True,True,exact,-0.0,-0.0,-0.0,0.0,0.00012993812561035156
0,10,1,6,4,0.2,0.2,0.3,dense,all,2,Shared MILP,stability_one_token_per_prompt,direct_damage_milp,0,0,0.0,1.0,OPTIMAL,True,True,exact,-0.0,-0.0,-0.0,0.0,0.00011801719665527344
0,10,1,6,4,0.2,0.2,0.3,dense,all,2,Shared MILP,stability_full_sequence_per_prompt,direct_damage_milp,0,0,0.0,1.0,OPTIMAL,True,True,exact,-0.0,-0.0,-0.0,0.0,0.00010204315185546875
0,10,1,6,4,0.2,0.2,0.3,dense,all,2,Shared MILP,validity_full_harmful_sequence_per_prompt,direct_damage_milp,0,1,0.0,1.0,OPTIMAL,True,True,exact,-0.0,-0.0,-0.0,0.0,0.0011200904846191406
0,10,1,6,4,0.2,0.2,0.3,dense,all,3,Shared MILP,stability_one_token_per_prompt,direct_damage_milp,1,1,1.0,0.0,OPTIMAL,True,True,exact,1.0,1.0,1.0,0.0,0.0001518726348876953
0,10,1,6,4,0.2,0.2,0.3,dense,all,3,Shared MILP,stability_full_sequence_per_prompt,direct_damage_milp,0,1,0.0,1.0,OPTIMAL,True,True,exact,-0.0,-0.0,-0.0,0.0,0.00013589859008789062
0,10,1,6,4,0.2,0.2,0.3,dense,all,3,Shared MILP,validity_full_harmful_sequence_per_prompt,direct_damage_milp,1,6,1.0,0.0,OPTIMAL,True,True,exact,1.0,1.0,1.0,0.0,0.00034809112548828125
0,10,1,6,4,0.2,0.2,0.3,dense,all,4,Shared MILP,stability_one_token_per_prompt,direct_damage_milp,1,1,1.0,0.0,OPTIMAL,True,True,exact,1.0,1.0,1.0,0.0,0.0006999969482421875
0,10,1,6,4,0.2,0.2,0.3,dense,all,4,Shared MILP,stability_full_sequence_per_prompt,direct_damage_milp,0,3,0.0,1.0,OPTIMAL,True,True,exact,-0.0,-0.0,-0.0,0.0,0.00021791458129882812
0,10,1,6,4,0.2,0.2,0.3,dense,all,4,Shared MILP,validity_full_harmful_sequence_per_prompt,direct_damage_milp,1,6,1.0,0.0,OPTIMAL,True,True,exact,1.0,1.0,1.0,0.0,0.0007340908050537109
0,10,1,6,4,0.2,0.2,0.3,dense,all,5,Shared MILP,stability_one_token_per_prompt,direct_damage_milp,1,1,1.0,0.0,OPTIMAL,True,True,exact,1.0,1.0,1.0,0.0,0.0005710124969482422
0,10,1,6,4,0.2,0.2,0.3,dense,all,5,Shared MILP,stability_full_sequence_per_prompt,direct_damage_milp,1,6,1.0,0.0,OPTIMAL,True,True,exact,1.0,1.0,1.0,0.0,0.0007910728454589844
0,10,1,6,4,0.2,0.2,0.3,dense,all,5,Shared MILP,validity_full_harmful_sequence_per_prompt,direct_damage_milp,1,6,1.0,0.0,OPTIMAL,True,True,exact,1.0,1.0,1.0,0.0,0.00038695335388183594
0,10,1,6,4,0.2,0.2,0.3,dense,all,6,Shared MILP,stability_one_token_per_prompt,direct_damage_milp,1,1,1.0,0.0,OPTIMAL,True,True,exact,1.0,1.0,1.0,0.0,0.0005018711090087891
0,10,1,6,4,0.2,0.2,0.3,dense,all,6,Shared MILP,stability_full_sequence_per_prompt,direct_damage_milp,1,6,1.0,0.0,OPTIMAL,True,True,exact,1.0,1.0,1.0,0.0,0.0008001327514648438
0,10,1,6,4,0.2,0.2,0.3,dense,all,6,Shared MILP,validity_full_harmful_sequence_per_prompt,direct_damage_milp,1,6,1.0,0.0,OPTIMAL,True,True,exact,1.0,1.0,1.0,0.0,0.0003898143768310547
0,10,1,6,4,0.2,0.2,0.3,dense,all,7,Shared MILP,stability_one_token_per_prompt,direct_damage_milp,1,1,1.0,0.0,OPTIMAL,True,True,exact,1.0,1.0,1.0,0.0,0.00044608116149902344
0,10,1,6,4,0.2,0.2,0.3,dense,all,7,Shared MILP,stability_full_sequence_per_prompt,direct_damage_milp,1,6,1.0,0.0,OPTIMAL,True,True,exact,1.0,1.0,1.0,0.0,0.0007479190826416016
0,10,1,6,4,0.2,0.2,0.3,dense,all,7,Shared MILP,validity_full_harmful_sequence_per_prompt,direct_damage_milp,1,6,1.0,0.0,OPTIMAL,True,True,exact,1.0,1.0,1.0,0.0,0.0003120899200439453
0,10,1,6,4,0.2,0.2,0.3,dense,all,8,Shared MILP,stability_one_token_per_prompt,direct_damage_milp,1,1,1.0,0.0,OPTIMAL,True,True,exact,1.0,1.0,1.0,0.0,0.00045108795166015625
0,10,1,6,4,0.2,0.2,0.3,dense,all,8,Shared MILP,stability_full_sequence_per_prompt,direct_damage_milp,1,6,1.0,0.0,OPTIMAL,True,True,exact,1.0,1.0,1.0,0.0,0.0006990432739257812
0,10,1,6,4,0.2,0.2,0.3,dense,all,8,Shared MILP,validity_full_harmful_sequence_per_prompt,direct_damage_milp,1,6,1.0,0.0,OPTIMAL,True,True,exact,1.0,1.0,1.0,0.0,0.0002989768981933594
0,10,1,6,4,0.2,0.2,0.3,dense,all,9,Shared MILP,stability_one_token_per_prompt,direct_damage_milp,1,6,1.0,0.0,OPTIMAL,True,True,exact,1.0,1.0,1.0,0.0,0.0001888275146484375
0,10,1,6,4,0.2,0.2,0.3,dense,all,9,Shared MILP,stability_full_sequence_per_prompt,direct_damage_milp,1,6,1.0,0.0,OPTIMAL,True,True,exact,1.0,1.0,1.0,0.0,0.00017499923706054688
0,10,1,6,4,0.2,0.2,0.3,dense,all,9,Shared MILP,validity_full_harmful_sequence_per_prompt,direct_damage_milp,1,6,1.0,0.0,OPTIMAL,True,True,exact,1.0,1.0,1.0,0.0,7.796287536621094e-05
0,10,1,6,4,0.2,0.2,0.3,dense,all,10,Shared MILP,stability_one_token_per_prompt,direct_damage_milp,1,6,1.0,0.0,OPTIMAL,True,True,exact,1.0,1.0,1.0,0.0,1.4066696166992188e-05
0,10,1,6,4,0.2,0.2,0.3,dense,all,10,Shared MILP,stability_full_sequence_per_prompt,direct_damage_milp,1,6,1.0,0.0,OPTIMAL,True,True,exact,1.0,1.0,1.0,0.0,1.5974044799804688e-05
0,10,1,6,4,0.2,0.2,0.3,dense,all,10,Shared MILP,validity_full_harmful_sequence_per_prompt,direct_damage_milp,1,6,1.0,0.0,OPTIMAL,True,True,exact,1.0,1.0,1.0,0.0,1.1920928955078125e-05
0,10,2,2,4,0.2,0.2,0.3,dense,all,0,Shared MILP,stability_one_token_per_prompt,direct_damage_milp,0,0,0.0,1.0,OPTIMAL,True,True,exact,-0.0,-0.0,-0.0,0.0,6.103515625e-05
0,10,2,2,4,0.2,0.2,0.3,dense,all,0,Shared MILP,stability_full_sequence_per_prompt,direct_damage_milp,0,0,0.0,1.0,OPTIMAL,True,True,exact,-0.0,-0.0,-0.0,0.0,5.817413330078125e-05
0,10,2,2,4,0.2,0.2,0.3,dense,all,0,Shared MILP,validity_full_harmful_sequence_per_prompt,direct_damage_milp,1,2,0.5,0.5,OPTIMAL,True,True,exact,1.0,1.0,1.0,0.0,4.315376281738281e-05
0,10,2,2,4,0.2,0.2,0.3,dense,all,1,Shared MILP,stability_one_token_per_prompt,direct_damage_milp,0,0,0.0,1.0,OPTIMAL,True,True,exact,-0.0,-0.0,-0.0,0.0,0.00010085105895996094
0,10,2,2,4,0.2,0.2,0.3,dense,all,1,Shared MILP,stability_full_sequence_per_prompt,direct_damage_milp,0,0,0.0,1.0,OPTIMAL,True,True,exact,-0.0,-0.0,-0.0,0.0,7.510185241699219e-05
0,10,2,2,4,0.2,0.2,0.3,dense,all,1,Shared MILP,validity_full_harmful_sequence_per_prompt,direct_damage_milp,1,2,0.5,0.5,OPTIMAL,True,True,exact,1.0,1.0,1.0,0.0,7.295608520507812e-05
0,10,2,2,4,0.2,0.2,0.3,dense,all,2,Shared MILP,stability_one_token_per_prompt,direct_damage_milp,0,0,0.0,1.0,OPTIMAL,True,True,exact,-0.0,-0.0,-0.0,0.0,0.0001010894775390625
0,10,2,2,4,0.2,0.2,0.3,dense,all,2,Shared MILP,stability_full_sequence_per_prompt,direct_damage_milp,0,0,0.0,1.0,OPTIMAL,True,True,exact,-0.0,-0.0,-0.0,0.0,0.00010204315185546875
0,10,2,2,4,0.2,0.2,0.3,dense,all,2,Shared MILP,validity_full_harmful_sequence_per_prompt,direct_damage_milp,2,4,1.0,0.0,OPTIMAL,True,True,exact,2.0,2.0,2.0,0.0,6.008148193359375e-05
0,10,2,2,4,0.2,0.2,0.3,dense,all,3,Shared MILP,stability_one_token_per_prompt,direct_damage_milp,1,2,0.5,0.5,OPTIMAL,True,True,exact,1.0,1.0,1.0,0.0,0.0001239776611328125
0,10,2,2,4,0.2,0.2,0.3,dense,all,3,Shared MILP,stability_full_sequence_per_prompt,direct_damage_milp,1,2,0.5,0.5,OPTIMAL,True,True,exact,1.0,1.0,1.0,0.0,9.202957153320312e-05
0,10,2,2,4,0.2,0.2,0.3,dense,all,3,Shared MILP,validity_full_harmful_sequence_per_prompt,direct_damage_milp,2,4,1.0,0.0,OPTIMAL,True,True,exact,2.0,2.0,2.0,0.0,4.315376281738281e-05
0,10,2,2,4,0.2,0.2,0.3,dense,all,4,Shared MILP,stability_one_token_per_prompt,direct_damage_milp,2,4,1.0,0.0,OPTIMAL,True,True,exact,2.0,2.0,2.0,0.0,0.00011301040649414062
0,10,2,2,4,0.2,0.2,0.3,dense,all,4,Shared MILP,stability_full_sequence_per_prompt,direct_damage_milp,2,4,1.0,0.0,OPTIMAL,True,True,exact,2.0,2.0,2.0,0.0,0.00010585784912109375
0,10,2,2,4,0.2,0.2,0.3,dense,all,4,Shared MILP,validity_full_harmful_sequence_per_prompt,direct_damage_milp,2,4,1.0,0.0,OPTIMAL,True,True,exact,2.0,2.0,2.0,0.0,6.794929504394531e-05
0,10,2,2,4,0.2,0.2,0.3,dense,all,5,Shared MILP,stability_one_token_per_prompt,direct_damage_milp,2,2,1.0,0.0,OPTIMAL,True,True,exact,2.0,2.0,2.0,0.0,0.00043201446533203125
0,10,2,2,4,0.2,0.2,0.3,dense,all,5,Shared MILP,stability_full_sequence_per_prompt,direct_damage_milp,2,4,1.0,0.0,OPTIMAL,True,True,exact,2.0,2.0,2.0,0.0,0.0004150867462158203
0,10,2,2,4,0.2,0.2,0.3,dense,all,5,Shared MILP,validity_full_harmful_sequence_per_prompt,direct_damage_milp,2,4,1.0,0.0,OPTIMAL,True,True,exact,2.0,2.0,2.0,0.0,0.00010800361633300781
0,10,2,2,4,0.2,0.2,0.3,dense,all,6,Shared MILP,stability_one_token_per_prompt,direct_damage_milp,2,2,1.0,0.0,OPTIMAL,True,True,exact,2.0,2.0,2.0,0.0,0.0007150173187255859
0,10,2,2,4,0.2,0.2,0.3,dense,all,6,Shared MILP,stability_full_sequence_per_prompt,direct_damage_milp,2,4,1.0,0.0,OPTIMAL,True,True,exact,2.0,2.0,2.0,0.0,0.0006711483001708984
0,10,2,2,4,0.2,0.2,0.3,dense,all,6,Shared MILP,validity_full_harmful_sequence_per_prompt,direct_damage_milp,2,4,1.0,0.0,OPTIMAL,True,True,exact,2.0,2.0,2.0,0.0,9.298324584960938e-05
0,10,2,2,4,0.2,0.2,0.3,dense,all,7,Shared MILP,stability_one_token_per_prompt,direct_damage_milp,2,2,1.0,0.0,OPTIMAL,True,True,exact,2.0,2.0,2.0,0.0,0.0004839897155761719
0,10,2,2,4,0.2,0.2,0.3,dense,all,7,Shared MILP,stability_full_sequence_per_prompt,direct_damage_milp,2,4,1.0,0.0,OPTIMAL,True,True,exact,2.0,2.0,2.0,0.0,0.0004858970642089844
0,10,2,2,4,0.2,0.2,0.3,dense,all,7,Shared MILP,validity_full_harmful_sequence_per_prompt,direct_damage_milp,2,4,1.0,0.0,OPTIMAL,True,True,exact,2.0,2.0,2.0,0.0,7.081031799316406e-05
0,10,2,2,4,0.2,0.2,0.3,dense,all,8,Shared MILP,stability_one_token_per_prompt,direct_damage_milp,2,2,1.0,0.0,OPTIMAL,True,True,exact,2.0,2.0,2.0,0.0,0.000492095947265625
0,10,2,2,4,0.2,0.2,0.3,dense,all,8,Shared MILP,stability_full_sequence_per_prompt,direct_damage_milp,2,4,1.0,0.0,OPTIMAL,True,True,exact,2.0,2.0,2.0,0.0,0.0003879070281982422
0,10,2,2,4,0.2,0.2,0.3,dense,all,8,Shared MILP,validity_full_harmful_sequence_per_prompt,direct_damage_milp,2,4,1.0,0.0,OPTIMAL,True,True,exact,2.0,2.0,2.0,0.0,8.702278137207031e-05
0,10,2,2,4,0.2,0.2,0.3,dense,all,9,Shared MILP,stability_one_token_per_prompt,direct_damage_milp,2,4,1.0,0.0,OPTIMAL,True,True,exact,2.0,2.0,2.0,0.0,0.00014901161193847656
0,10,2,2,4,0.2,0.2,0.3,dense,all,9,Shared MILP,stability_full_sequence_per_prompt,direct_damage_milp,2,4,1.0,0.0,OPTIMAL,True,True,exact,2.0,2.0,2.0,0.0,0.000125885009765625
0,10,2,2,4,0.2,0.2,0.3,dense,all,9,Shared MILP,validity_full_harmful_sequence_per_prompt,direct_damage_milp,2,4,1.0,0.0,OPTIMAL,True,True,exact,2.0,2.0,2.0,0.0,7.009506225585938e-05
0,10,2,2,4,0.2,0.2,0.3,dense,all,10,Shared MILP,stability_one_token_per_prompt,direct_damage_milp,2,4,1.0,0.0,OPTIMAL,True,True,exact,2.0,2.0,2.0,0.0,1.3828277587890625e-05
0,10,2,2,4,0.2,0.2,0.3,dense,all,10,Shared MILP,stability_full_sequence_per_prompt,direct_damage_milp,2,4,1.0,0.0,OPTIMAL,True,True,exact,2.0,2.0,2.0,0.0,1.3828277587890625e-05
0,10,2,2,4,0.2,0.2,0.3,dense,all,10,Shared MILP,validity_full_harmful_sequence_per_prompt,direct_damage_milp,2,4,1.0,0.0,OPTIMAL,True,True,exact,2.0,2.0,2.0,0.0,1.5020370483398438e-05
0,10,2,4,4,0.2,0.2,0.3,dense,all,0,Shared MILP,stability_one_token_per_prompt,direct_damage_milp,0,0,0.0,1.0,OPTIMAL,True,True,exact,-0.0,-0.0,-0.0,0.0,5.2928924560546875e-05
0,10,2,4,4,0.2,0.2,0.3,dense,all,0,Shared MILP,stability_full_sequence_per_prompt,direct_damage_milp,0,0,0.0,1.0,OPTIMAL,True,True,exact,-0.0,-0.0,-0.0,0.0,5.1021575927734375e-05
0,10,2,4,4,0.2,0.2,0.3,dense,all,0,Shared MILP,validity_full_harmful_sequence_per_prompt,direct_damage_milp,0,1,0.0,1.0,OPTIMAL,True,True,exact,-0.0,-0.0,-0.0,0.0,4.100799560546875e-05
0,10,2,4,4,0.2,0.2,0.3,dense,all,1,Shared MILP,stability_one_token_per_prompt,direct_damage_milp,0,0,0.0,1.0,OPTIMAL,True,True,exact,-0.0,-0.0,-0.0,0.0,9.489059448242188e-05
0,10,2,4,4,0.2,0.2,0.3,dense,all,1,Shared MILP,stability_full_sequence_per_prompt,direct_damage_milp,0,0,0.0,1.0,OPTIMAL,True,True,exact,-0.0,-0.0,-0.0,0.0,8.487701416015625e-05
0,10,2,4,4,0.2,0.2,0.3,dense,all,1,Shared MILP,validity_full_harmful_sequence_per_prompt,direct_damage_milp,0,1,0.0,1.0,OPTIMAL,True,True,exact,-0.0,-0.0,-0.0,0.0,7.295608520507812e-05
0,10,2,4,4,0.2,0.2,0.3,dense,all,2,Shared MILP,stability_one_token_per_prompt,direct_damage_milp,0,0,0.0,1.0,OPTIMAL,True,True,exact,-0.0,-0.0,-0.0,0.0,8.678436279296875e-05
0,10,2,4,4,0.2,0.2,0.3,dense,all,2,Shared MILP,stability_full_sequence_per_prompt,direct_damage_milp,0,0,0.0,1.0,OPTIMAL,True,True,exact,-0.0,-0.0,-0.0,0.0,8.177757263183594e-05
0,10,2,4,4,0.2,0.2,0.3,dense,all,2,Shared MILP,validity_full_harmful_sequence_per_prompt,direct_damage_milp,0,1,0.0,1.0,OPTIMAL,True,True,exact,-0.0,-0.0,-0.0,0.0,6.4849853515625e-05
0,10,2,4,4,0.2,0.2,0.3,dense,all,3,Shared MILP,stability_one_token_per_prompt,direct_damage_milp,1,2,0.5,0.5,OPTIMAL,True,True,exact,1.0,1.0,1.0,0.0,9.894371032714844e-05
0,10,2,4,4,0.2,0.2,0.3,dense,all,3,Shared MILP,stability_full_sequence_per_prompt,direct_damage_milp,0,1,0.0,1.0,OPTIMAL,True,True,exact,-0.0,-0.0,-0.0,0.0,8.988380432128906e-05
0,10,2,4,4,0.2,0.2,0.3,dense,all,3,Shared MILP,validity_full_harmful_sequence_per_prompt,direct_damage_milp,1,4,0.5,0.5,OPTIMAL,True,True,exact,1.0,1.0,1.0,0.0,0.0004489421844482422
0,10,2,4,4,0.2,0.2,0.3,dense,all,4,Shared MILP,stability_one_token_per_prompt,direct_damage_milp,2,7,1.0,0.0,OPTIMAL,True,True,exact,2.0,2.0,2.0,0.0,0.00013399124145507812
0,10,2,4,4,0.2,0.2,0.3,dense,all,4,Shared MILP,stability_full_sequence_per_prompt,direct_damage_milp,1,5,0.5,0.5,OPTIMAL,True,True,exact,1.0,1.0,1.0,0.0,0.0001251697540283203
0,10,2,4,4,0.2,0.2,0.3,dense,all,4,Shared MILP,validity_full_harmful_sequence_per_prompt,direct_damage_milp,1,4,0.5,0.5,OPTIMAL,True,True,exact,1.0,1.0,1.0,0.0,0.0002770423889160156
0,10,2,4,4,0.2,0.2,0.3,dense,all,5,Shared MILP,stability_one_token_per_prompt,direct_damage_milp,2,2,1.0,0.0,OPTIMAL,True,True,exact,2.0,2.0,2.0,0.0,0.0005130767822265625
0,10,2,4,4,0.2,0.2,0.3,dense,all,5,Shared MILP,stability_full_sequence_per_prompt,direct_damage_milp,2,8,1.0,0.0,OPTIMAL,True,True,exact,2.0,2.0,2.0,0.0,0.0005750656127929688
0,10,2,4,4,0.2,0.2,0.3,dense,all,5,Shared MILP,validity_full_harmful_sequence_per_prompt,direct_damage_milp,2,8,1.0,0.0,OPTIMAL,True,True,exact,2.0,2.0,2.0,0.0,0.00026488304138183594
0,10,2,4,4,0.2,0.2,0.3,dense,all,6,Shared MILP,stability_one_token_per_prompt,direct_damage_milp,2,2,1.0,0.0,OPTIMAL,True,True,exact,2.0,2.0,2.0,0.0,0.0004949569702148438
0,10,2,4,4,0.2,0.2,0.3,dense,all,6,Shared MILP,stability_full_sequence_per_prompt,direct_damage_milp,2,8,1.0,0.0,OPTIMAL,True,True,exact,2.0,2.0,2.0,0.0,0.0005538463592529297
0,10,2,4,4,0.2,0.2,0.3,dense,all,6,Shared MILP,validity_full_harmful_sequence_per_prompt,direct_damage_milp,2,8,1.0,0.0,OPTIMAL,True,True,exact,2.0,2.0,2.0,0.0,0.0002410411834716797
0,10,2,4,4,0.2,0.2,0.3,dense,all,7,Shared MILP,stability_one_token_per_prompt,direct_damage_milp,2,2,1.0,0.0,OPTIMAL,True,True,exact,2.0,2.0,2.0,0.0,0.0006461143493652344
0,10,2,4,4,0.2,0.2,0.3,dense,all,7,Shared MILP,stability_full_sequence_per_prompt,direct_damage_milp,2,8,1.0,0.0,OPTIMAL,True,True,exact,2.0,2.0,2.0,0.0,0.0005359649658203125
0,10,2,4,4,0.2,0.2,0.3,dense,all,7,Shared MILP,validity_full_harmful_sequence_per_prompt,direct_damage_milp,2,8,1.0,0.0,OPTIMAL,True,True,exact,2.0,2.0,2.0,0.0,0.0002570152282714844
0,10,2,4,4,0.2,0.2,0.3,dense,all,8,Shared MILP,stability_one_token_per_prompt,direct_damage_milp,2,2,1.0,0.0,OPTIMAL,True,True,exact,2.0,2.0,2.0,0.0,0.0005860328674316406
0,10,2,4,4,0.2,0.2,0.3,dense,all,8,Shared MILP,stability_full_sequence_per_prompt,direct_damage_milp,2,8,1.0,0.0,OPTIMAL,True,True,exact,2.0,2.0,2.0,0.0,0.0005970001220703125
0,10,2,4,4,0.2,0.2,0.3,dense,all,8,Shared MILP,validity_full_harmful_sequence_per_prompt,direct_damage_milp,2,8,1.0,0.0,OPTIMAL,True,True,exact,2.0,2.0,2.0,0.0,0.0002741813659667969
0,10,2,4,4,0.2,0.2,0.3,dense,all,9,Shared MILP,stability_one_token_per_prompt,direct_damage_milp,2,8,1.0,0.0,OPTIMAL,True,True,exact,2.0,2.0,2.0,0.0,0.00011181831359863281
0,10,2,4,4,0.2,0.2,0.3,dense,all,9,Shared MILP,stability_full_sequence_per_prompt,direct_damage_milp,2,8,1.0,0.0,OPTIMAL,True,True,exact,2.0,2.0,2.0,0.0,0.0001049041748046875
0,10,2,4,4,0.2,0.2,0.3,dense,all,9,Shared MILP,validity_full_harmful_sequence_per_prompt,direct_damage_milp,2,8,1.0,0.0,OPTIMAL,True,True,exact,2.0,2.0,2.0,0.0,7.700920104980469e-05
0,10,2,4,4,0.2,0.2,0.3,dense,all,10,Shared MILP,stability_one_token_per_prompt,direct_damage_milp,2,8,1.0,0.0,OPTIMAL,True,True,exact,2.0,2.0,2.0,0.0,1.3113021850585938e-05
0,10,2,4,4,0.2,0.2,0.3,dense,all,10,Shared MILP,stability_full_sequence_per_prompt,direct_damage_milp,2,8,1.0,0.0,OPTIMAL,True,True,exact,2.0,2.0,2.0,0.0,1.2874603271484375e-05
0,10,2,4,4,0.2,0.2,0.3,dense,all,10,Shared MILP,validity_full_harmful_sequence_per_prompt,direct_damage_milp,2,8,1.0,0.0,OPTIMAL,True,True,exact,2.0,2.0,2.0,0.0,1.0013580322265625e-05
0,10,2,6,4,0.2,0.2,0.3,dense,all,0,Shared MILP,stability_one_token_per_prompt,direct_damage_milp,0,0,0.0,1.0,OPTIMAL,True,True,exact,-0.0,-0.0,-0.0,0.0,6.103515625e-05
0,10,2,6,4,0.2,0.2,0.3,dense,all,0,Shared MILP,stability_full_sequence_per_prompt,direct_damage_milp,0,0,0.0,1.0,OPTIMAL,True,True,exact,-0.0,-0.0,-0.0,0.0,5.698204040527344e-05
0,10,2,6,4,0.2,0.2,0.3,dense,all,0,Shared MILP,validity_full_harmful_sequence_per_prompt,direct_damage_milp,0,4,0.0,1.0,OPTIMAL,True,True,exact,-0.0,-0.0,-0.0,0.0,4.315376281738281e-05
0,10,2,6,4,0.2,0.2,0.3,dense,all,1,Shared MILP,stability_one_token_per_prompt,direct_damage_milp,0,0,0.0,1.0,OPTIMAL,True,True,exact,-0.0,-0.0,-0.0,0.0,0.00014019012451171875
0,10,2,6,4,0.2,0.2,0.3,dense,all,1,Shared MILP,stability_full_sequence_per_prompt,direct_damage_milp,0,0,0.0,1.0,OPTIMAL,True,True,exact,-0.0,-0.0,-0.0,0.0,0.00013303756713867188
0,10,2,6,4,0.2,0.2,0.3,dense,all,1,Shared MILP,validity_full_harmful_sequence_per_prompt,direct_damage_milp,0,4,0.0,1.0,OPTIMAL,True,True,exact,-0.0,-0.0,-0.0,0.0,8.392333984375e-05
0,10,2,6,4,0.2,0.2,0.3,dense,all,2,Shared MILP,stability_one_token_per_prompt,direct_damage_milp,1,1,0.5,0.5,OPTIMAL,True,True,exact,1.0,1.0,1.0,0.0,0.0020589828491210938
0,10,2,6,4,0.2,0.2,0.3,dense,all,2,Shared MILP,stability_full_sequence_per_prompt,direct_damage_milp,0,0,0.0,1.0,OPTIMAL,True,True,exact,-0.0,-0.0,-0.0,0.0,0.0017888545989990234
0,10,2,6,4,0.2,0.2,0.3,dense,all,2,Shared MILP,validity_full_harmful_sequence_per_prompt,direct_damage_milp,0,4,0.0,1.0,OPTIMAL,True,True,exact,-0.0,-0.0,-0.0,0.0,0.00010609626770019531
0,10,2,6,4,0.2,0.2,0.3,dense,all,3,Shared MILP,stability_one_token_per_prompt,direct_damage_milp,2,2,1.0,0.0,OPTIMAL,True,True,exact,2.0,2.0,2.0,0.0,0.00043082237243652344
0,10,2,6,4,0.2,0.2,0.3,dense,all,3,Shared MILP,stability_full_sequence_per_prompt,direct_damage_milp,0,0,0.0,1.0,OPTIMAL,True,True,exact,-0.0,-0.0,-0.0,0.0,0.0016019344329833984
0,10,2,6,4,0.2,0.2,0.3,dense,all,3,Shared MILP,validity_full_harmful_sequence_per_prompt,direct_damage_milp,0,4,0.0,1.0,OPTIMAL,True,True,exact,-0.0,-0.0,-0.0,0.0,0.00010180473327636719
0,10,2,6,4,0.2,0.2,0.3,dense,all,4,Shared MILP,stability_one_token_per_prompt,direct_damage_milp,2,2,1.0,0.0,OPTIMAL,True,True,exact,2.0,2.0,2.0,0.0,0.000408172607421875
0,10,2,6,4,0.2,0.2,0.3,dense,all,4,Shared MILP,stability_full_sequence_per_prompt,direct_damage_milp,1,6,0.5,0.5,OPTIMAL,True,True,exact,1.0,1.0,1.0,0.0,0.0013239383697509766
0,10,2,6,4,0.2,0.2,0.3,dense,all,4,Shared MILP,validity_full_harmful_sequence_per_prompt,direct_damage_milp,2,12,1.0,0.0,OPTIMAL,True,True,exact,2.0,2.0,2.0,0.0,0.00034999847412109375
0,10,2,6,4,0.2,0.2,0.3,dense,all,5,Shared MILP,stability_one_token_per_prompt,direct_damage_milp,2,2,1.0,0.0,OPTIMAL,True,True,exact,2.0,2.0,2.0,0.0,0.0003800392150878906
0,10,2,6,4,0.2,0.2,0.3,dense,all,5,Shared MILP,stability_full_sequence_per_prompt,direct_damage_milp,2,12,1.0,0.0,OPTIMAL,True,True,exact,2.0,2.0,2.0,0.0,0.00047397613525390625
0,10,2,6,4,0.2,0.2,0.3,dense,all,5,Shared MILP,validity_full_harmful_sequence_per_prompt,direct_damage_milp,2,12,1.0,0.0,OPTIMAL,True,True,exact,2.0,2.0,2.0,0.0,0.0003590583801269531
0,10,2,6,4,0.2,0.2,0.3,dense,all,6,Shared MILP,stability_one_token_per_prompt,direct_damage_milp,2,2,1.0,0.0,OPTIMAL,True,True,exact,2.0,2.0,2.0,0.0,0.0003769397735595703
0,10,2,6,4,0.2,0.2,0.3,dense,all,6,Shared MILP,stability_full_sequence_per_prompt,direct_damage_milp,2,12,1.0,0.0,OPTIMAL,True,True,exact,2.0,2.0,2.0,0.0,0.0004818439483642578
0,10,2,6,4,0.2,0.2,0.3,dense,all,6,Shared MILP,validity_full_harmful_sequence_per_prompt,direct_damage_milp,2,12,1.0,0.0,OPTIMAL,True,True,exact,2.0,2.0,2.0,0.0,0.0003139972686767578
0,10,2,6,4,0.2,0.2,0.3,dense,all,7,Shared MILP,stability_one_token_per_prompt,direct_damage_milp,2,2,1.0,0.0,OPTIMAL,True,True,exact,2.0,2.0,2.0,0.0,0.0003809928894042969
0,10,2,6,4,0.2,0.2,0.3,dense,all,7,Shared MILP,stability_full_sequence_per_prompt,direct_damage_milp,2,12,1.0,0.0,OPTIMAL,True,True,exact,2.0,2.0,2.0,0.0,0.0004999637603759766
0,10,2,6,4,0.2,0.2,0.3,dense,all,7,Shared MILP,validity_full_harmful_sequence_per_prompt,direct_damage_milp,2,12,1.0,0.0,OPTIMAL,True,True,exact,2.0,2.0,2.0,0.0,0.0003190040588378906
0,10,2,6,4,0.2,0.2,0.3,dense,all,8,Shared MILP,stability_one_token_per_prompt,direct_damage_milp,2,2,1.0,0.0,OPTIMAL,True,True,exact,2.0,2.0,2.0,0.0,0.000370025634765625
0,10,2,6,4,0.2,0.2,0.3,dense,all,8,Shared MILP,stability_full_sequence_per_prompt,direct_damage_milp,2,12,1.0,0.0,OPTIMAL,True,True,exact,2.0,2.0,2.0,0.0,0.0004630088806152344
0,10,2,6,4,0.2,0.2,0.3,dense,all,8,Shared MILP,validity_full_harmful_sequence_per_prompt,direct_damage_milp,2,12,1.0,0.0,OPTIMAL,True,True,exact,2.0,2.0,2.0,0.0,0.0002980232238769531
0,10,2,6,4,0.2,0.2,0.3,dense,all,9,Shared MILP,stability_one_token_per_prompt,direct_damage_milp,2,2,1.0,0.0,OPTIMAL,True,True,exact,2.0,2.0,2.0,0.0,0.0004420280456542969
0,10,2,6,4,0.2,0.2,0.3,dense,all,9,Shared MILP,stability_full_sequence_per_prompt,direct_damage_milp,2,12,1.0,0.0,OPTIMAL,True,True,exact,2.0,2.0,2.0,0.0,0.0005309581756591797
0,10,2,6,4,0.2,0.2,0.3,dense,all,9,Shared MILP,validity_full_harmful_sequence_per_prompt,direct_damage_milp,2,12,1.0,0.0,OPTIMAL,True,True,exact,2.0,2.0,2.0,0.0,0.00010800361633300781
0,10,2,6,4,0.2,0.2,0.3,dense,all,10,Shared MILP,stability_one_token_per_prompt,direct_damage_milp,2,12,1.0,0.0,OPTIMAL,True,True,exact,2.0,2.0,2.0,0.0,2.09808349609375e-05
0,10,2,6,4,0.2,0.2,0.3,dense,all,10,Shared MILP,stability_full_sequence_per_prompt,direct_damage_milp,2,12,1.0,0.0,OPTIMAL,True,True,exact,2.0,2.0,2.0,0.0,1.6927719116210938e-05
0,10,2,6,4,0.2,0.2,0.3,dense,all,10,Shared MILP,validity_full_harmful_sequence_per_prompt,direct_damage_milp,2,12,1.0,0.0,OPTIMAL,True,True,exact,2.0,2.0,2.0,0.0,1.5974044799804688e-05
0,10,3,2,4,0.2,0.2,0.3,dense,all,0,Shared MILP,stability_one_token_per_prompt,direct_damage_milp,0,0,0.0,1.0,OPTIMAL,True,True,exact,-0.0,-0.0,-0.0,0.0,4.792213439941406e-05
0,10,3,2,4,0.2,0.2,0.3,dense,all,0,Shared MILP,stability_full_sequence_per_prompt,direct_damage_milp,0,0,0.0,1.0,OPTIMAL,True,True,exact,-0.0,-0.0,-0.0,0.0,4.601478576660156e-05
0,10,3,2,4,0.2,0.2,0.3,dense,all,0,Shared MILP,validity_full_harmful_sequence_per_prompt,direct_damage_milp,0,1,0.0,1.0,OPTIMAL,True,True,exact,-0.0,-0.0,-0.0,0.0,3.886222839355469e-05
0,10,3,2,4,0.2,0.2,0.3,dense,all,1,Shared MILP,stability_one_token_per_prompt,direct_damage_milp,0,0,0.0,1.0,OPTIMAL,True,True,exact,-0.0,-0.0,-0.0,0.0,8.702278137207031e-05
0,10,3,2,4,0.2,0.2,0.3,dense,all,1,Shared MILP,stability_full_sequence_per_prompt,direct_damage_milp,0,0,0.0,1.0,OPTIMAL,True,True,exact,-0.0,-0.0,-0.0,0.0,7.486343383789062e-05
0,10,3,2,4,0.2,0.2,0.3,dense,all,1,Shared MILP,validity_full_harmful_sequence_per_prompt,direct_damage_milp,0,1,0.0,1.0,OPTIMAL,True,True,exact,-0.0,-0.0,-0.0,0.0,6.580352783203125e-05
0,10,3,2,4,0.2,0.2,0.3,dense,all,2,Shared MILP,stability_one_token_per_prompt,direct_damage_milp,0,0,0.0,1.0,OPTIMAL,True,True,exact,-0.0,-0.0,-0.0,0.0,7.700920104980469e-05
0,10,3,2,4,0.2,0.2,0.3,dense,all,2,Shared MILP,stability_full_sequence_per_prompt,direct_damage_milp,0,0,0.0,1.0,OPTIMAL,True,True,exact,-0.0,-0.0,-0.0,0.0,6.914138793945312e-05
0,10,3,2,4,0.2,0.2,0.3,dense,all,2,Shared MILP,validity_full_harmful_sequence_per_prompt,direct_damage_milp,2,4,0.6666666666666666,0.33333333333333337,OPTIMAL,True,True,exact,2.0,2.0,2.0,0.0,0.000553131103515625
0,10,3,2,4,0.2,0.2,0.3,dense,all,3,Shared MILP,stability_one_token_per_prompt,direct_damage_milp,1,1,0.3333333333333333,0.6666666666666667,OPTIMAL,True,True,exact,1.0,1.0,1.0,0.0,0.00010204315185546875
0,10,3,2,4,0.2,0.2,0.3,dense,all,3,Shared MILP,stability_full_sequence_per_prompt,direct_damage_milp,0,1,0.0,1.0,OPTIMAL,True,True,exact,-0.0,-0.0,-0.0,0.0,9.322166442871094e-05
0,10,3,2,4,0.2,0.2,0.3,dense,all,3,Shared MILP,validity_full_harmful_sequence_per_prompt,direct_damage_milp,3,6,1.0,0.0,OPTIMAL,True,True,exact,3.0,3.0,3.0,0.0,0.00026607513427734375
0,10,3,2,4,0.2,0.2,0.3,dense,all,4,Shared MILP,stability_one_token_per_prompt,direct_damage_milp,3,3,1.0,0.0,OPTIMAL,True,True,exact,3.0,3.0,3.0,0.0,0.0005168914794921875
0,10,3,2,4,0.2,0.2,0.3,dense,all,4,Shared MILP,stability_full_sequence_per_prompt,direct_damage_milp,2,4,0.6666666666666666,0.33333333333333337,OPTIMAL,True,True,exact,2.0,2.0,2.0,0.0,0.000576019287109375
0,10,3,2,4,0.2,0.2,0.3,dense,all,4,Shared MILP,validity_full_harmful_sequence_per_prompt,direct_damage_milp,3,6,1.0,0.0,OPTIMAL,True,True,exact,3.0,3.0,3.0,0.0,0.0003218650817871094
0,10,3,2,4,0.2,0.2,0.3,dense,all,5,Shared MILP,stability_one_token_per_prompt,direct_damage_milp,3,3,1.0,0.0,OPTIMAL,True,True,exact,3.0,3.0,3.0,0.0,0.00039005279541015625
0,10,3,2,4,0.2,0.2,0.3,dense,all,5,Shared MILP,stability_full_sequence_per_prompt,direct_damage_milp,3,6,1.0,0.0,OPTIMAL,True,True,exact,3.0,3.0,3.0,0.0,0.00036406517028808594
0,10,3,2,4,0.2,0.2,0.3,dense,all,5,Shared MILP,validity_full_harmful_sequence_per_prompt,direct_damage_milp,3,6,1.0,0.0,OPTIMAL,True,True,exact,3.0,3.0,3.0,0.0,0.0002510547637939453
0,10,3,2,4,0.2,0.2,0.3,dense,all,6,Shared MILP,stability_one_token_per_prompt,direct_damage_milp,3,3,1.0,0.0,OPTIMAL,True,True,exact,3.0,3.0,3.0,0.0,0.0003898143768310547
0,10,3,2,4,0.2,0.2,0.3,dense,all,6,Shared MILP,stability_full_sequence_per_prompt,direct_damage_milp,3,6,1.0,0.0,OPTIMAL,True,True,exact,3.0,3.0,3.0,0.0,0.00038504600524902344
0,10,3,2,4,0.2,0.2,0.3,dense,all,6,Shared MILP,validity_full_harmful_sequence_per_prompt,direct_damage_milp,3,6,1.0,0.0,OPTIMAL,True,True,exact,3.0,3.0,3.0,0.0,0.00025010108947753906
0,10,3,2,4,0.2,0.2,0.3,dense,all,7,Shared MILP,stability_one_token_per_prompt,direct_damage_milp,3,3,1.0,0.0,OPTIMAL,True,True,exact,3.0,3.0,3.0,0.0,0.00038695335388183594
0,10,3,2,4,0.2,0.2,0.3,dense,all,7,Shared MILP,stability_full_sequence_per_prompt,direct_damage_milp,3,6,1.0,0.0,OPTIMAL,True,True,exact,3.0,3.0,3.0,0.0,0.0003750324249267578
0,10,3,2,4,0.2,0.2,0.3,dense,all,7,Shared MILP,validity_full_harmful_sequence_per_prompt,direct_damage_milp,3,6,1.0,0.0,OPTIMAL,True,True,exact,3.0,3.0,3.0,0.0,0.00026488304138183594
0,10,3,2,4,0.2,0.2,0.3,dense,all,8,Shared MILP,stability_one_token_per_prompt,direct_damage_milp,3,3,1.0,0.0,OPTIMAL,True,True,exact,3.0,3.0,3.0,0.0,0.0003428459167480469
0,10,3,2,4,0.2,0.2,0.3,dense,all,8,Shared MILP,stability_full_sequence_per_prompt,direct_damage_milp,3,6,1.0,0.0,OPTIMAL,True,True,exact,3.0,3.0,3.0,0.0,0.0004949569702148438
0,10,3,2,4,0.2,0.2,0.3,dense,all,8,Shared MILP,validity_full_harmful_sequence_per_prompt,direct_damage_milp,3,6,1.0,0.0,OPTIMAL,True,True,exact,3.0,3.0,3.0,0.0,0.00023317337036132812
0,10,3,2,4,0.2,0.2,0.3,dense,all,9,Shared MILP,stability_one_token_per_prompt,direct_damage_milp,3,6,1.0,0.0,OPTIMAL,True,True,exact,3.0,3.0,3.0,0.0,0.00014090538024902344
0,10,3,2,4,0.2,0.2,0.3,dense,all,9,Shared MILP,stability_full_sequence_per_prompt,direct_damage_milp,3,6,1.0,0.0,OPTIMAL,True,True,exact,3.0,3.0,3.0,0.0,0.0001270771026611328
0,10,3,2,4,0.2,0.2,0.3,dense,all,9,Shared MILP,validity_full_harmful_sequence_per_prompt,direct_damage_milp,3,6,1.0,0.0,OPTIMAL,True,True,exact,3.0,3.0,3.0,0.0,6.699562072753906e-05
0,10,3,2,4,0.2,0.2,0.3,dense,all,10,Shared MILP,stability_one_token_per_prompt,direct_damage_milp,3,6,1.0,0.0,OPTIMAL,True,True,exact,3.0,3.0,3.0,0.0,1.0967254638671875e-05
0,10,3,2,4,0.2,0.2,0.3,dense,all,10,Shared MILP,stability_full_sequence_per_prompt,direct_damage_milp,3,6,1.0,0.0,OPTIMAL,True,True,exact,3.0,3.0,3.0,0.0,1.0967254638671875e-05
0,10,3,2,4,0.2,0.2,0.3,dense,all,10,Shared MILP,validity_full_harmful_sequence_per_prompt,direct_damage_milp,3,6,1.0,0.0,OPTIMAL,True,True,exact,3.0,3.0,3.0,0.0,8.821487426757812e-06
0,10,3,4,4,0.2,0.2,0.3,dense,all,0,Shared MILP,stability_one_token_per_prompt,direct_damage_milp,0,0,0.0,1.0,OPTIMAL,True,True,exact,-0.0,-0.0,-0.0,0.0,6.794929504394531e-05
0,10,3,4,4,0.2,0.2,0.3,dense,all,0,Shared MILP,stability_full_sequence_per_prompt,direct_damage_milp,0,0,0.0,1.0,OPTIMAL,True,True,exact,-0.0,-0.0,-0.0,0.0,8.296966552734375e-05
0,10,3,4,4,0.2,0.2,0.3,dense,all,0,Shared MILP,validity_full_harmful_sequence_per_prompt,direct_damage_milp,0,4,0.0,1.0,OPTIMAL,True,True,exact,-0.0,-0.0,-0.0,0.0,6.818771362304688e-05
0,10,3,4,4,0.2,0.2,0.3,dense,all,1,Shared MILP,stability_one_token_per_prompt,direct_damage_milp,0,0,0.0,1.0,OPTIMAL,True,True,exact,-0.0,-0.0,-0.0,0.0,0.0001919269561767578
0,10,3,4,4,0.2,0.2,0.3,dense,all,1,Shared MILP,stability_full_sequence_per_prompt,direct_damage_milp,0,0,0.0,1.0,OPTIMAL,True,True,exact,-0.0,-0.0,-0.0,0.0,0.00026488304138183594
0,10,3,4,4,0.2,0.2,0.3,dense,all,1,Shared MILP,validity_full_harmful_sequence_per_prompt,direct_damage_milp,0,4,0.0,1.0,OPTIMAL,True,True,exact,-0.0,-0.0,-0.0,0.0,0.0001251697540283203
0,10,3,4,4,0.2,0.2,0.3,dense,all,2,Shared MILP,stability_one_token_per_prompt,direct_damage_milp,1,1,0.3333333333333333,0.6666666666666667,OPTIMAL,True,True,exact,1.0,1.0,1.0,0.0,0.005773067474365234
0,10,3,4,4,0.2,0.2,0.3,dense,all,2,Shared MILP,stability_full_sequence_per_prompt,direct_damage_milp,0,0,0.0,1.0,OPTIMAL,True,True,exact,-0.0,-0.0,-0.0,0.0,0.0023479461669921875
0,10,3,4,4,0.2,0.2,0.3,dense,all,2,Shared MILP,validity_full_harmful_sequence_per_prompt,direct_damage_milp,0,4,0.0,1.0,OPTIMAL,True,True,exact,-0.0,-0.0,-0.0,0.0,0.00014495849609375
0,10,3,4,4,0.2,0.2,0.3,dense,all,3,Shared MILP,stability_one_token_per_prompt,direct_damage_milp,3,3,1.0,0.0,OPTIMAL,True,True,exact,3.0,3.0,3.0,0.0,0.002740144729614258
0,10,3,4,4,0.2,0.2,0.3,dense,all,3,Shared MILP,stability_full_sequence_per_prompt,direct_damage_milp,0,0,0.0,1.0,OPTIMAL,True,True,exact,-0.0,-0.0,-0.0,0.0,0.002565145492553711
0,10,3,4,4,0.2,0.2,0.3,dense,all,3,Shared MILP,validity_full_harmful_sequence_per_prompt,direct_damage_milp,0,4,0.0,1.0,OPTIMAL,True,True,exact,-0.0,-0.0,-0.0,0.0,0.00014019012451171875
0,10,3,4,4,0.2,0.2,0.3,dense,all,4,Shared MILP,stability_one_token_per_prompt,direct_damage_milp,3,3,1.0,0.0,OPTIMAL,True,True,exact,3.0,3.0,3.0,0.0,0.0007910728454589844
0,10,3,4,4,0.2,0.2,0.3,dense,all,4,Shared MILP,stability_full_sequence_per_prompt,direct_damage_milp,2,9,0.6666666666666666,0.33333333333333337,OPTIMAL,True,True,exact,2.0,2.0,2.0,0.0,0.003286123275756836
0,10,3,4,4,0.2,0.2,0.3,dense,all,4,Shared MILP,validity_full_harmful_sequence_per_prompt,direct_damage_milp,3,12,1.0,0.0,OPTIMAL,True,True,exact,3.0,3.0,3.0,0.0,0.0005490779876708984
0,10,3,4,4,0.2,0.2,0.3,dense,all,5,Shared MILP,stability_one_token_per_prompt,direct_damage_milp,3,3,1.0,0.0,OPTIMAL,True,True,exact,3.0,3.0,3.0,0.0,0.0007119178771972656
0,10,3,4,4,0.2,0.2,0.3,dense,all,5,Shared MILP,stability_full_sequence_per_prompt,direct_damage_milp,3,12,1.0,0.0,OPTIMAL,True,True,exact,3.0,3.0,3.0,0.0,0.0006299018859863281
0,10,3,4,4,0.2,0.2,0.3,dense,all,5,Shared MILP,validity_full_harmful_sequence_per_prompt,direct_damage_milp,3,12,1.0,0.0,OPTIMAL,True,True,exact,3.0,3.0,3.0,0.0,0.00047206878662109375
0,10,3,4,4,0.2,0.2,0.3,dense,all,6,Shared MILP,stability_one_token_per_prompt,direct_damage_milp,3,3,1.0,0.0,OPTIMAL,True,True,exact,3.0,3.0,3.0,0.0,0.0006511211395263672
0,10,3,4,4,0.2,0.2,0.3,dense,all,6,Shared MILP,stability_full_sequence_per_prompt,direct_damage_milp,3,12,1.0,0.0,OPTIMAL,True,True,exact,3.0,3.0,3.0,0.0,0.0007569789886474609
0,10,3,4,4,0.2,0.2,0.3,dense,all,6,Shared MILP,validity_full_harmful_sequence_per_prompt,direct_damage_milp,3,12,1.0,0.0,OPTIMAL,True,True,exact,3.0,3.0,3.0,0.0,0.000492095947265625
0,10,3,4,4,0.2,0.2,0.3,dense,all,7,Shared MILP,stability_one_token_per_prompt,direct_damage_milp,3,3,1.0,0.0,OPTIMAL,True,True,exact,3.0,3.0,3.0,0.0,0.0007832050323486328
0,10,3,4,4,0.2,0.2,0.3,dense,all,7,Shared MILP,stability_full_sequence_per_prompt,direct_damage_milp,3,12,1.0,0.0,OPTIMAL,True,True,exact,3.0,3.0,3.0,0.0,0.0006229877471923828
0,10,3,4,4,0.2,0.2,0.3,dense,all,7,Shared MILP,validity_full_harmful_sequence_per_prompt,direct_damage_milp,3,12,1.0,0.0,OPTIMAL,True,True,exact,3.0,3.0,3.0,0.0,0.0004401206970214844
0,10,3,4,4,0.2,0.2,0.3,dense,all,8,Shared MILP,stability_one_token_per_prompt,direct_damage_milp,3,3,1.0,0.0,OPTIMAL,True,True,exact,3.0,3.0,3.0,0.0,0.0006310939788818359
0,10,3,4,4,0.2,0.2,0.3,dense,all,8,Shared MILP,stability_full_sequence_per_prompt,direct_damage_milp,3,12,1.0,0.0,OPTIMAL,True,True,exact,3.0,3.0,3.0,0.0,0.0005872249603271484
0,10,3,4,4,0.2,0.2,0.3,dense,all,8,Shared MILP,validity_full_harmful_sequence_per_prompt,direct_damage_milp,3,12,1.0,0.0,OPTIMAL,True,True,exact,3.0,3.0,3.0,0.0,0.00034499168395996094
0,10,3,4,4,0.2,0.2,0.3,dense,all,9,Shared MILP,stability_one_token_per_prompt,direct_damage_milp,3,3,1.0,0.0,OPTIMAL,True,True,exact,3.0,3.0,3.0,0.0,0.0007932186126708984
0,10,3,4,4,0.2,0.2,0.3,dense,all,9,Shared MILP,stability_full_sequence_per_prompt,direct_damage_milp,3,12,1.0,0.0,OPTIMAL,True,True,exact,3.0,3.0,3.0,0.0,0.0007228851318359375
0,10,3,4,4,0.2,0.2,0.3,dense,all,9,Shared MILP,validity_full_harmful_sequence_per_prompt,direct_damage_milp,3,12,1.0,0.0,OPTIMAL,True,True,exact,3.0,3.0,3.0,0.0,0.00014519691467285156
0,10,3,4,4,0.2,0.2,0.3,dense,all,10,Shared MILP,stability_one_token_per_prompt,direct_damage_milp,3,12,1.0,0.0,OPTIMAL,True,True,exact,3.0,3.0,3.0,0.0,2.4080276489257812e-05
0,10,3,4,4,0.2,0.2,0.3,dense,all,10,Shared MILP,stability_full_sequence_per_prompt,direct_damage_milp,3,12,1.0,0.0,OPTIMAL,True,True,exact,3.0,3.0,3.0,0.0,2.5033950805664062e-05
0,10,3,4,4,0.2,0.2,0.3,dense,all,10,Shared MILP,validity_full_harmful_sequence_per_prompt,direct_damage_milp,3,12,1.0,0.0,OPTIMAL,True,True,exact,3.0,3.0,3.0,0.0,1.1920928955078125e-05
0,10,3,6,4,0.2,0.2,0.3,dense,all,0,Shared MILP,stability_one_token_per_prompt,direct_damage_milp,0,0,0.0,1.0,OPTIMAL,True,True,exact,-0.0,-0.0,-0.0,0.0,0.00011301040649414062
0,10,3,6,4,0.2,0.2,0.3,dense,all,0,Shared MILP,stability_full_sequence_per_prompt,direct_damage_milp,0,0,0.0,1.0,OPTIMAL,True,True,exact,-0.0,-0.0,-0.0,0.0,0.00011110305786132812
0,10,3,6,4,0.2,0.2,0.3,dense,all,0,Shared MILP,validity_full_harmful_sequence_per_prompt,direct_damage_milp,0,5,0.0,1.0,OPTIMAL,True,True,exact,-0.0,-0.0,-0.0,0.0,7.510185241699219e-05
0,10,3,6,4,0.2,0.2,0.3,dense,all,1,Shared MILP,stability_one_token_per_prompt,direct_damage_milp,1,1,0.3333333333333333,0.6666666666666667,OPTIMAL,True,True,exact,1.0,1.0,1.0,0.0,0.0002880096435546875
0,10,3,6,4,0.2,0.2,0.3,dense,all,1,Shared MILP,stability_full_sequence_per_prompt,direct_damage_milp,0,1,0.0,1.0,OPTIMAL,True,True,exact,-0.0,-0.0,-0.0,0.0,0.00028705596923828125
0,10,3,6,4,0.2,0.2,0.3,dense,all,1,Shared MILP,validity_full_harmful_sequence_per_prompt,direct_damage_milp,0,5,0.0,1.0,OPTIMAL,True,True,exact,-0.0,-0.0,-0.0,0.0,0.00010609626770019531
0,10,3,6,4,0.2,0.2,0.3,dense,all,2,Shared MILP,stability_one_token_per_prompt,direct_damage_milp,3,3,1.0,0.0,OPTIMAL,True,True,exact,3.0,3.0,3.0,0.0,0.000637054443359375
0,10,3,6,4,0.2,0.2,0.3,dense,all,2,Shared MILP,stability_full_sequence_per_prompt,direct_damage_milp,0,0,0.0,1.0,OPTIMAL,True,True,exact,-0.0,-0.0,-0.0,0.0,0.002516031265258789
0,10,3,6,4,0.2,0.2,0.3,dense,all,2,Shared MILP,validity_full_harmful_sequence_per_prompt,direct_damage_milp,0,5,0.0,1.0,OPTIMAL,True,True,exact,-0.0,-0.0,-0.0,0.0,0.0001220703125
0,10,3,6,4,0.2,0.2,0.3,dense,all,3,Shared MILP,stability_one_token_per_prompt,direct_damage_milp,3,3,1.0,0.0,OPTIMAL,True,True,exact,3.0,3.0,3.0,0.0,0.0005729198455810547
0,10,3,6,4,0.2,0.2,0.3,dense,all,3,Shared MILP,stability_full_sequence_per_prompt,direct_damage_milp,0,0,0.0,1.0,OPTIMAL,True,True,exact,-0.0,-0.0,-0.0,0.0,0.002145051956176758
0,10,3,6,4,0.2,0.2,0.3,dense,all,3,Shared MILP,validity_full_harmful_sequence_per_prompt,direct_damage_milp,2,13,0.6666666666666666,0.33333333333333337,OPTIMAL,True,True,exact,2.0,2.0,2.0,0.0,0.00045990943908691406
0,10,3,6,4,0.2,0.2,0.3,dense,all,4,Shared MILP,stability_one_token_per_prompt,direct_damage_milp,3,3,1.0,0.0,OPTIMAL,True,True,exact,3.0,3.0,3.0,0.0,0.0006108283996582031
0,10,3,6,4,0.2,0.2,0.3,dense,all,4,Shared MILP,stability_full_sequence_per_prompt,direct_damage_milp,1,8,0.3333333333333333,0.6666666666666667,OPTIMAL,True,True,exact,1.0,1.0,1.0,0.0,0.001705169677734375
0,10,3,6,4,0.2,0.2,0.3,dense,all,4,Shared MILP,validity_full_harmful_sequence_per_prompt,direct_damage_milp,3,18,1.0,0.0,OPTIMAL,True,True,exact,3.0,3.0,3.0,0.0,0.0006189346313476562
0,10,3,6,4,0.2,0.2,0.3,dense,all,5,Shared MILP,stability_one_token_per_prompt,direct_damage_milp,3,3,1.0,0.0,OPTIMAL,True,True,exact,3.0,3.0,3.0,0.0,0.0005419254302978516
0,10,3,6,4,0.2,0.2,0.3,dense,all,5,Shared MILP,stability_full_sequence_per_prompt,direct_damage_milp,3,18,1.0,0.0,OPTIMAL,True,True,exact,3.0,3.0,3.0,0.0,0.0006570816040039062
0,10,3,6,4,0.2,0.2,0.3,dense,all,5,Shared MILP,validity_full_harmful_sequence_per_prompt,direct_damage_milp,3,18,1.0,0.0,OPTIMAL,True,True,exact,3.0,3.0,3.0,0.0,0.0003871917724609375
0,10,3,6,4,0.2,0.2,0.3,dense,all,6,Shared MILP,stability_one_token_per_prompt,direct_damage_milp,3,3,1.0,0.0,OPTIMAL,True,True,exact,3.0,3.0,3.0,0.0,0.0005221366882324219
0,10,3,6,4,0.2,0.2,0.3,dense,all,6,Shared MILP,stability_full_sequence_per_prompt,direct_damage_milp,3,18,1.0,0.0,OPTIMAL,True,True,exact,3.0,3.0,3.0,0.0,0.0006229877471923828
0,10,3,6,4,0.2,0.2,0.3,dense,all,6,Shared MILP,validity_full_harmful_sequence_per_prompt,direct_damage_milp,3,18,1.0,0.0,OPTIMAL,True,True,exact,3.0,3.0,3.0,0.0,0.00039505958557128906
0,10,3,6,4,0.2,0.2,0.3,dense,all,7,Shared MILP,stability_one_token_per_prompt,direct_damage_milp,3,3,1.0,0.0,OPTIMAL,True,True,exact,3.0,3.0,3.0,0.0,0.0005421638488769531
0,10,3,6,4,0.2,0.2,0.3,dense,all,7,Shared MILP,stability_full_sequence_per_prompt,direct_damage_milp,3,18,1.0,0.0,OPTIMAL,True,True,exact,3.0,3.0,3.0,0.0,0.0006620883941650391
0,10,3,6,4,0.2,0.2,0.3,dense,all,7,Shared MILP,validity_full_harmful_sequence_per_prompt,direct_damage_milp,3,18,1.0,0.0,OPTIMAL,True,True,exact,3.0,3.0,3.0,0.0,0.0003972053527832031
0,10,3,6,4,0.2,0.2,0.3,dense,all,8,Shared MILP,stability_one_token_per_prompt,direct_damage_milp,3,3,1.0,0.0,OPTIMAL,True,True,exact,3.0,3.0,3.0,0.0,0.0005121231079101562
0,10,3,6,4,0.2,0.2,0.3,dense,all,8,Shared MILP,stability_full_sequence_per_prompt,direct_damage_milp,3,18,1.0,0.0,OPTIMAL,True,True,exact,3.0,3.0,3.0,0.0,0.0006210803985595703
0,10,3,6,4,0.2,0.2,0.3,dense,all,8,Shared MILP,validity_full_harmful_sequence_per_prompt,direct_damage_milp,3,18,1.0,0.0,OPTIMAL,True,True,exact,3.0,3.0,3.0,0.0,0.0003769397735595703
0,10,3,6,4,0.2,0.2,0.3,dense,all,9,Shared MILP,stability_one_token_per_prompt,direct_damage_milp,3,3,1.0,0.0,OPTIMAL,True,True,exact,3.0,3.0,3.0,0.0,0.00049591064453125
0,10,3,6,4,0.2,0.2,0.3,dense,all,9,Shared MILP,stability_full_sequence_per_prompt,direct_damage_milp,3,18,1.0,0.0,OPTIMAL,True,True,exact,3.0,3.0,3.0,0.0,0.0005688667297363281
0,10,3,6,4,0.2,0.2,0.3,dense,all,9,Shared MILP,validity_full_harmful_sequence_per_prompt,direct_damage_milp,3,18,1.0,0.0,OPTIMAL,True,True,exact,3.0,3.0,3.0,0.0,0.00037789344787597656
0,10,3,6,4,0.2,0.2,0.3,dense,all,10,Shared MILP,stability_one_token_per_prompt,direct_damage_milp,3,18,1.0,0.0,OPTIMAL,True,True,exact,3.0,3.0,3.0,0.0,2.6941299438476562e-05
0,10,3,6,4,0.2,0.2,0.3,dense,all,10,Shared MILP,stability_full_sequence_per_prompt,direct_damage_milp,3,18,1.0,0.0,OPTIMAL,True,True,exact,3.0,3.0,3.0,0.0,2.5987625122070312e-05
0,10,3,6,4,0.2,0.2,0.3,dense,all,10,Shared MILP,validity_full_harmful_sequence_per_prompt,direct_damage_milp,3,18,1.0,0.0,OPTIMAL,True,True,exact,3.0,3.0,3.0,0.0,1.5020370483398438e-05
