K,N,L,T,delta_stab,delta_val,target_bias,seed,influence_mode,stability_competitor_mode,runtime_gurobi_total,row_stability,column_stability,row_col_stab_q1_r1,row_col_stab_q1_rL,row_col_stab_qN_r1,row_col_stab_qN_rL,row_validity,column_validity_full_column,row_col_val_q1,row_col_val_qN,raw_dpa_stab_min_cell,dpa_stab_cell_min,dpa_stab_row_radius_q1,dpa_stab_row_radius_qN,dpa_val_cell_min,dpa_val_row_weak_q1,dpa_val_row_weak_qN,raw_dpa_val_min_cell,independent_stab_full_row_q1,independent_stab_full_row_qN,independent_stab_qN_rL,independent_val_sequence_q1,independent_val_sequence_qN,independent_val_q1,independent_val_qN,phrase_dpa_val_q1,phrase_dpa_val_qN,phrase_independent_val_q1,phrase_independent_val_qN
5,3,3,3,0.0,0.0,0.2,0,dense,all,0.040234,3,3,3,3,3,3,2,2,2,3,3,3,3,3,1,1,2,1,9,27,27,4,19,4,19,1,2,1,5
5,3,3,3,0.25,0.25,0.2,0,dense,all,0.017865,0,0,0,2,1,3,2,2,2,3,0,0,0,1,0,0,1,0,4,14,14,5,16,5,16,1,2,1,5
5,3,3,3,0.5,0.5,0.2,0,dense,all,0.013803,0,0,0,1,1,2,2,2,2,2,0,0,0,1,0,0,1,0,1,9,9,3,12,3,12,1,1,1,3
5,3,3,6,0.0,0.0,0.2,0,dense,all,0.024602,3,3,3,3,3,3,2,2,2,3,3,3,3,3,1,1,2,1,9,27,27,4,19,4,19,1,2,1,5
5,3,3,6,0.25,0.25,0.2,0,dense,all,0.032460,0,0,0,2,1,3,2,2,2,3,0,0,0,1,0,0,2,0,4,14,14,5,17,5,17,1,2,1,4
5,3,3,6,0.5,0.5,0.2,0,dense,all,0.031848,0,0,0,1,1,2,2,2,2,2,0,0,0,1,0,0,1,0,2,10,10,3,13,3,13,1,1,1,3
5,3,3,9,0.0,0.0,0.2,0,dense,all,0.040412,3,3,3,3,3,3,2,2,2,3,3,3,3,3,1,1,2,1,9,27,27,4,19,4,19,1,2,1,5
5,3,3,9,0.25,0.25,0.2,0,dense,all,0.046644,0,0,0,2,1,3,2,2,2,3,0,0,0,1,0,0,2,0,4,14,14,5,17,5,17,1,1,1,3
5,3,3,9,0.5,0.5,0.2,0,dense,all,0.039916,0,0,0,1,1,2,2,2,2,2,0,0,0,1,0,0,2,0,2,10,10,3,14,3,14,1,1,1,3
5,3,3,12,0.0,0.0,0.2,0,dense,all,0.046679,3,3,3,3,3,3,2,2,2,3,3,3,3,3,1,1,2,1,9,27,27,4,19,4,19,1,2,1,5
5,3,3,12,0.25,0.25,0.2,0,dense,all,0.057928,0,0,0,2,1,3,2,2,2,3,0,0,0,1,0,0,2,0,4,14,14,5,17,5,17,1,1,1,3
5,3,3,12,0.5,0.5,0.2,0,dense,all,0.050250,0,0,0,1,1,2,2,2,2,2,0,0,0,1,0,0,2,0,2,10,10,3,14,3,14,1,1,1,3
5,3,6,3,0.0,0.0,0.2,0,dense,all,0.021803,3,3,3,3,3,3,3,2,3,3,3,3,3,3,0,0,1,0,18,54,54,9,35,9,35,1,2,1,4
5,3,6,3,0.25,0.25,0.2,0,dense,all,0.023538,0,0,0,3,1,3,2,1,2,3,0,0,0,1,0,0,0,0,9,35,35,4,18,4,18,1,1,1,3
5,3,6,3,0.5,0.5,0.2,0,dense,all,0.019894,0,0,0,1,0,3,1,1,1,2,0,0,0,0,0,0,0,0,3,17,17,2,8,2,8,1,1,1,3
5,3,6,6,0.0,0.0,0.2,0,dense,all,0.035083,3,3,3,3,3,3,3,2,3,3,3,3,3,3,0,0,1,0,18,54,54,9,35,9,35,1,2,1,4
5,3,6,6,0.25,0.25,0.2,0,dense,all,0.038397,0,0,0,3,1,3,2,1,2,3,0,0,0,1,0,0,0,0,10,37,37,6,21,6,21,1,1,1,3
5,3,6,6,0.5,0.5,0.2,0,dense,all,0.036087,0,0,0,1,1,3,1,1,1,2,0,0,0,1,0,0,0,0,5,22,22,3,15,3,15,1,1,1,3
5,3,6,9,0.0,0.0,0.2,0,dense,all,0.047017,3,3,3,3,3,3,3,2,3,3,3,3,3,3,0,0,1,0,18,54,54,9,35,9,35,1,2,1,4
5,3,6,9,0.25,0.25,0.2,0,dense,all,0.056262,0,0,0,3,1,3,2,2,2,3,0,0,0,1,0,0,1,0,11,37,37,7,23,7,23,1,1,1,3
5,3,6,9,0.5,0.5,0.2,0,dense,all,0.050026,0,0,0,1,1,3,2,1,2,2,0,0,0,1,0,0,0,0,4,20,20,4,16,4,16,1,1,1,3
5,3,6,12,0.0,0.0,0.2,0,dense,all,0.061157,3,3,3,3,3,3,3,2,3,3,3,3,3,3,0,0,1,0,18,54,54,9,35,9,35,1,2,1,4
5,3,6,12,0.25,0.25,0.2,0,dense,all,0.081946,1,1,1,3,1,3,2,1,2,3,1,1,1,1,0,0,1,0,11,38,38,6,22,6,22,1,1,1,3
5,3,6,12,0.5,0.5,0.2,0,dense,all,0.073297,0,0,0,1,1,3,1,1,1,2,0,0,0,1,0,0,0,0,4,21,21,3,15,3,15,1,1,1,3
5,3,9,3,0.0,0.0,0.2,0,dense,all,0.028976,3,3,3,3,3,3,3,2,3,3,3,3,3,3,0,0,1,0,27,81,81,19,59,19,59,1,1,1,3
5,3,9,3,0.25,0.25,0.2,0,dense,all,0.047010,0,0,0,3,1,3,2,1,2,3,0,0,0,1,0,0,0,0,14,50,50,10,36,10,36,1,1,1,3
5,3,9,3,0.5,0.5,0.2,0,dense,all,0.038294,0,0,0,2,0,3,2,0,2,2,0,0,0,0,0,0,0,0,8,29,29,7,25,7,25,1,1,1,3
5,3,9,6,0.0,0.0,0.2,0,dense,all,0.064481,3,3,3,3,3,3,3,2,3,3,3,3,3,3,0,0,1,0,27,81,81,19,59,19,59,1,1,1,3
5,3,9,6,0.25,0.25,0.2,0,dense,all,0.081934,0,0,0,3,1,3,2,1,2,3,0,0,0,1,0,0,0,0,15,51,51,11,38,11,38,1,1,1,3
5,3,9,6,0.5,0.5,0.2,0,dense,all,0.066387,0,0,0,2,1,3,2,0,2,2,0,0,0,1,0,0,0,0,7,30,30,8,27,8,27,1,1,1,3
5,3,9,9,0.0,0.0,0.2,0,dense,all,0.087031,3,3,3,3,3,3,3,2,3,3,3,3,3,3,0,0,1,0,27,81,81,19,59,19,59,1,1,1,3
5,3,9,9,0.25,0.25,0.2,0,dense,all,0.119807,0,0,0,3,1,3,2,1,2,3,0,0,0,1,0,0,0,0,15,51,51,10,38,10,38,1,1,1,3
5,3,9,9,0.5,0.5,0.2,0,dense,all,0.110326,0,0,0,2,1,3,2,0,2,2,0,0,0,1,0,0,0,0,10,33,33,7,26,7,26,1,1,1,3
5,3,9,12,0.0,0.0,0.2,0,dense,all,0.102055,3,3,3,3,3,3,3,2,3,3,3,3,3,3,0,0,1,0,27,81,81,19,59,19,59,1,1,1,3
5,3,9,12,0.25,0.25,0.2,0,dense,all,0.167672,1,1,1,3,1,3,2,1,2,3,1,1,1,1,0,0,0,0,16,52,52,10,38,10,38,1,1,1,3
5,3,9,12,0.5,0.5,0.2,0,dense,all,0.143796,0,0,0,2,1,3,2,1,2,2,0,0,0,1,0,0,0,0,8,31,31,7,27,7,27,1,1,1,3
5,3,12,3,0.0,0.0,0.2,0,dense,all,0.069052,3,3,3,3,3,3,3,2,3,3,3,3,3,3,0,0,0,0,36,108,108,23,74,23,74,1,1,1,3
5,3,12,3,0.25,0.25,0.2,0,dense,all,0.061529,0,0,0,3,1,3,2,1,2,3,0,0,0,1,0,0,0,0,19,71,71,13,46,13,46,1,1,1,3
5,3,12,3,0.5,0.5,0.2,0,dense,all,0.047727,0,0,0,2,0,3,2,0,2,3,0,0,0,0,0,0,0,0,9,35,35,6,24,6,24,1,1,1,3
5,3,12,6,0.0,0.0,0.2,0,dense,all,0.083211,3,3,3,3,3,3,3,2,3,3,3,3,3,3,0,0,0,0,36,108,108,23,74,23,74,1,1,1,3
5,3,12,6,0.25,0.25,0.2,0,dense,all,0.107242,0,0,0,3,1,3,2,1,2,3,0,0,0,1,0,0,1,0,20,71,71,15,49,15,49,1,1,1,3
5,3,12,6,0.5,0.5,0.2,0,dense,all,0.080691,0,0,0,2,0,3,2,0,2,3,0,0,0,0,0,0,0,0,11,42,42,10,30,10,30,1,1,1,3
5,3,12,9,0.0,0.0,0.2,0,dense,all,0.092882,3,3,3,3,3,3,3,2,3,3,3,3,3,3,0,0,0,0,36,108,108,23,74,23,74,1,1,1,3
5,3,12,9,0.25,0.25,0.2,0,dense,all,0.110639,0,0,0,3,1,3,2,1,2,3,0,0,0,1,0,0,1,0,20,71,71,15,50,15,50,1,1,1,3
5,3,12,9,0.5,0.5,0.2,0,dense,all,0.109202,0,0,0,2,1,3,2,0,2,3,0,0,0,1,0,0,0,0,12,46,46,9,31,9,31,1,1,1,3
5,3,12,12,0.0,0.0,0.2,0,dense,all,0.120178,3,3,3,3,3,3,3,2,3,3,3,3,3,3,0,0,0,0,36,108,108,23,74,23,74,1,1,1,3
5,3,12,12,0.25,0.25,0.2,0,dense,all,0.145168,0,0,0,3,1,3,2,1,2,3,0,0,0,1,0,0,0,0,20,71,71,14,51,14,51,1,1,1,3
5,3,12,12,0.5,0.5,0.2,0,dense,all,0.140736,0,0,0,2,0,3,2,0,2,3,0,0,0,0,0,0,0,0,10,42,42,7,31,7,31,1,1,1,3
5,5,3,3,0.0,0.0,0.2,0,dense,all,0.018159,3,3,3,3,3,3,2,3,2,3,3,3,3,3,0,0,3,0,9,45,45,5,34,5,34,1,3,1,10
5,5,3,3,0.25,0.25,0.2,0,dense,all,0.021426,0,0,0,2,2,3,2,2,2,3,0,0,0,2,0,0,1,0,5,29,29,3,21,3,21,1,1,1,5
5,5,3,3,0.5,0.5,0.2,0,dense,all,0.017815,0,0,0,1,1,3,1,2,1,2,0,0,0,1,0,0,0,0,1,14,14,1,12,1,12,1,1,1,5
5,5,3,6,0.0,0.0,0.2,0,dense,all,0.029640,3,3,3,3,3,3,2,3,2,3,3,3,3,3,0,0,3,0,9,45,45,5,34,5,34,1,3,1,10
5,5,3,6,0.25,0.25,0.2,0,dense,all,0.040443,1,1,1,2,2,3,2,2,2,3,1,1,1,2,0,0,2,0,5,30,30,3,23,3,23,1,1,1,5
5,5,3,6,0.5,0.5,0.2,0,dense,all,0.030832,0,0,0,1,1,3,1,2,1,2,0,0,0,1,0,0,1,0,2,15,15,1,17,1,17,1,1,1,5
5,5,3,9,0.0,0.0,0.2,0,dense,all,0.041609,3,3,3,3,3,3,2,3,2,3,3,3,3,3,0,0,3,0,9,45,45,5,34,5,34,1,3,1,10
5,5,3,9,0.25,0.25,0.2,0,dense,all,0.052550,1,1,1,2,2,3,2,2,2,3,1,1,1,2,0,0,1,0,5,30,30,3,22,3,22,1,1,1,5
5,5,3,9,0.5,0.5,0.2,0,dense,all,0.054033,0,0,0,1,1,3,2,2,2,2,0,0,0,1,0,0,1,0,2,15,15,2,17,2,17,1,1,1,5
5,5,3,12,0.0,0.0,0.2,0,dense,all,0.054591,3,3,3,3,3,3,2,3,2,3,3,3,3,3,0,0,3,0,9,45,45,5,34,5,34,1,3,1,10
5,5,3,12,0.25,0.25,0.2,0,dense,all,0.067053,0,0,0,2,2,3,2,2,2,3,0,0,0,2,0,0,1,0,5,29,29,4,23,4,23,1,1,1,5
5,5,3,12,0.5,0.5,0.2,0,dense,all,0.066508,0,0,0,1,1,3,2,2,2,2,0,0,0,1,0,0,1,0,2,17,17,2,16,2,16,1,1,1,5
5,5,6,3,0.0,0.0,0.2,0,dense,all,0.028444,3,3,3,3,3,3,2,3,2,3,3,3,3,3,1,1,2,1,18,90,90,11,65,11,65,1,2,1,6
5,5,6,3,0.25,0.25,0.2,0,dense,all,0.039621,1,1,1,3,1,3,2,1,2,3,1,1,1,1,0,0,1,0,10,60,60,7,41,7,41,1,1,1,5
5,5,6,3,0.5,0.5,0.2,0,dense,all,0.028075,0,0,0,2,1,3,1,1,1,3,0,0,0,1,0,0,0,0,5,34,34,2,23,2,23,1,1,1,5
5,5,6,6,0.0,0.0,0.2,0,dense,all,0.050432,3,3,3,3,3,3,2,3,2,3,3,3,3,3,1,1,2,1,18,90,90,11,65,11,65,1,2,1,6
5,5,6,6,0.25,0.25,0.2,0,dense,all,0.063096,1,1,1,3,1,3,2,1,2,3,1,1,1,1,0,0,1,0,10,60,60,7,43,7,43,1,1,1,5
5,5,6,6,0.5,0.5,0.2,0,dense,all,0.055825,0,0,0,2,1,3,1,1,1,3,0,0,0,1,0,0,0,0,6,36,36,3,28,3,28,1,1,1,5
5,5,6,9,0.0,0.0,0.2,0,dense,all,0.075229,3,3,3,3,3,3,2,3,2,3,3,3,3,3,1,1,2,1,18,90,90,11,65,11,65,1,2,1,6
5,5,6,9,0.25,0.25,0.2,0,dense,all,0.100986,1,1,1,3,1,3,2,1,2,3,1,1,1,1,0,0,1,0,10,60,60,7,44,7,44,1,1,1,5
5,5,6,9,0.5,0.5,0.2,0,dense,all,0.086284,0,0,0,2,1,3,2,1,2,3,0,0,0,1,0,0,0,0,5,34,34,5,29,5,29,1,1,1,5
5,5,6,12,0.0,0.0,0.2,0,dense,all,0.099614,3,3,3,3,3,3,2,3,2,3,3,3,3,3,1,1,2,1,18,90,90,11,65,11,65,1,2,1,6
5,5,6,12,0.25,0.25,0.2,0,dense,all,0.133816,0,0,0,3,1,3,2,1,2,3,0,0,0,1,0,0,1,0,10,59,59,7,44,7,44,1,1,1,5
5,5,6,12,0.5,0.5,0.2,0,dense,all,0.113463,0,0,0,2,1,3,2,1,2,3,0,0,0,1,0,0,0,0,5,33,33,4,28,4,28,1,1,1,5
5,5,9,3,0.0,0.0,0.2,0,dense,all,0.037510,3,3,3,3,3,3,3,2,3,3,3,3,3,3,0,0,1,0,27,135,135,15,94,15,94,1,1,1,5
5,5,9,3,0.25,0.25,0.2,0,dense,all,0.054371,0,0,0,3,2,3,3,1,3,3,0,0,0,1,0,0,1,0,15,92,92,10,57,10,57,1,1,1,5
5,5,9,3,0.5,0.5,0.2,0,dense,all,0.039948,0,0,0,2,1,3,2,1,2,3,0,0,0,1,0,0,0,0,8,53,53,4,31,4,31,1,1,1,5
5,5,9,6,0.0,0.0,0.2,0,dense,all,0.071957,3,3,3,3,3,3,3,2,3,3,3,3,3,3,0,0,1,0,27,135,135,15,94,15,94,1,1,1,5
5,5,9,6,0.25,0.25,0.2,0,dense,all,0.091755,0,0,0,3,1,3,3,1,3,3,0,0,0,1,0,0,1,0,15,91,91,10,59,10,59,1,1,1,5
5,5,9,6,0.5,0.5,0.2,0,dense,all,0.077386,0,0,0,2,0,3,2,1,2,3,0,0,0,0,0,0,0,0,8,50,50,7,40,7,40,1,1,1,5
5,5,9,9,0.0,0.0,0.2,0,dense,all,0.108976,3,3,3,3,3,3,3,2,3,3,3,3,3,3,0,0,1,0,27,135,135,15,94,15,94,1,1,1,5
5,5,9,9,0.25,0.25,0.2,0,dense,all,0.157554,0,0,0,3,1,3,3,1,3,3,0,0,0,1,0,0,1,0,15,91,91,11,62,11,62,1,1,1,5
5,5,9,9,0.5,0.5,0.2,0,dense,all,0.130376,0,0,0,2,0,3,2,1,2,3,0,0,0,0,0,0,0,0,8,50,50,7,41,7,41,1,1,1,5
5,5,9,12,0.0,0.0,0.2,0,dense,all,0.147704,3,3,3,3,3,3,3,2,3,3,3,3,3,3,0,0,1,0,27,135,135,15,94,15,94,1,1,1,5
5,5,9,12,0.25,0.25,0.2,0,dense,all,0.208779,0,0,0,3,1,3,3,1,3,3,0,0,0,1,0,0,1,0,15,91,91,10,61,10,61,1,1,1,5
5,5,9,12,0.5,0.5,0.2,0,dense,all,0.180943,0,0,0,2,1,3,2,1,2,3,0,0,0,1,0,0,0,0,9,52,52,6,38,6,38,1,1,1,5
5,5,12,3,0.0,0.0,0.2,0,dense,all,0.047541,3,3,3,3,3,3,3,2,3,3,3,3,3,3,0,0,1,0,36,180,180,20,115,20,115,1,1,1,5
5,5,12,3,0.25,0.25,0.2,0,dense,all,0.055237,0,0,0,3,0,3,2,2,2,3,0,0,0,0,0,0,0,0,20,115,115,9,70,9,70,1,1,1,5
5,5,12,3,0.5,0.5,0.2,0,dense,all,0.049083,0,0,0,3,0,3,1,0,1,3,0,0,0,0,0,0,0,0,12,69,69,4,30,4,30,1,1,1,5
5,5,12,6,0.0,0.0,0.2,0,dense,all,0.095294,3,3,3,3,3,3,3,2,3,3,3,3,3,3,0,0,1,0,36,180,180,20,115,20,115,1,1,1,5
5,5,12,6,0.25,0.25,0.2,0,dense,all,0.109047,0,0,0,3,1,3,2,2,2,3,0,0,0,1,0,0,0,0,20,117,117,11,75,11,75,1,1,1,5
5,5,12,6,0.5,0.5,0.2,0,dense,all,0.103118,0,0,0,3,0,3,1,1,1,3,0,0,0,0,0,0,0,0,10,65,65,4,41,4,41,1,1,1,5
5,5,12,9,0.0,0.0,0.2,0,dense,all,0.143131,3,3,3,3,3,3,3,2,3,3,3,3,3,3,0,0,1,0,36,180,180,20,115,20,115,1,1,1,5
5,5,12,9,0.25,0.25,0.2,0,dense,all,0.180426,0,0,0,3,1,3,2,2,2,3,0,0,0,1,0,0,0,0,20,119,119,11,75,11,75,1,1,1,5
5,5,12,9,0.5,0.5,0.2,0,dense,all,0.235069,0,0,0,3,1,3,1,1,1,3,0,0,0,1,0,0,0,0,11,69,69,5,44,5,44,1,1,1,5
5,5,12,12,0.0,0.0,0.2,0,dense,all,0.196716,3,3,3,3,3,3,3,2,3,3,3,3,3,3,0,0,1,0,36,180,180,20,115,20,115,1,1,1,5
5,5,12,12,0.25,0.25,0.2,0,dense,all,0.273033,0,0,0,3,1,3,2,2,2,3,0,0,0,1,0,0,0,0,21,119,119,11,75,11,75,1,1,1,5
5,5,12,12,0.5,0.5,0.2,0,dense,all,0.385216,0,0,0,3,0,3,1,1,1,3,0,0,0,0,0,0,0,0,11,68,68,5,46,5,46,1,1,1,5
5,7,3,3,0.0,0.0,0.2,0,dense,all,0.023763,3,3,3,3,3,3,2,3,2,3,3,3,3,3,0,0,2,0,9,63,63,4,43,4,43,1,2,1,13
5,7,3,3,0.25,0.25,0.2,0,dense,all,0.025167,0,0,0,2,2,3,1,2,1,3,0,0,0,2,0,0,2,0,4,36,36,2,26,2,26,1,2,1,8
5,7,3,3,0.5,0.5,0.2,0,dense,all,0.020980,0,0,0,1,1,3,0,1,0,2,0,0,0,1,0,0,1,0,2,20,20,0,11,0,11,0,1,0,5
5,7,3,6,0.0,0.0,0.2,0,dense,all,0.038700,3,3,3,3,3,3,2,3,2,3,3,3,3,3,0,0,2,0,9,63,63,4,43,4,43,1,2,1,13
5,7,3,6,0.25,0.25,0.2,0,dense,all,0.047574,0,0,0,2,2,3,1,2,1,3,0,0,0,2,0,0,2,0,4,38,38,3,28,3,28,1,2,1,8
5,7,3,6,0.5,0.5,0.2,0,dense,all,0.039000,0,0,0,1,1,2,1,2,1,2,0,0,0,1,0,0,1,0,1,19,19,1,17,1,17,1,1,1,7
5,7,3,9,0.0,0.0,0.2,0,dense,all,0.053857,3,3,3,3,3,3,2,3,2,3,3,3,3,3,0,0,2,0,9,63,63,4,43,4,43,1,2,1,13
5,7,3,9,0.25,0.25,0.2,0,dense,all,0.070849,0,0,0,2,2,3,1,2,1,3,0,0,0,2,0,0,2,0,4,38,38,3,28,3,28,1,2,1,8
5,7,3,9,0.5,0.5,0.2,0,dense,all,0.060196,0,0,0,1,1,2,1,1,1,2,0,0,0,1,0,0,1,0,2,21,21,1,16,1,16,1,1,1,7
5,7,3,12,0.0,0.0,0.2,0,dense,all,0.070867,3,3,3,3,3,3,2,3,2,3,3,3,3,3,0,0,2,0,9,63,63,4,43,4,43,1,2,1,13
5,7,3,12,0.25,0.25,0.2,0,dense,all,0.094918,0,0,0,2,2,3,1,2,1,3,0,0,0,2,0,0,2,0,4,38,38,3,28,3,28,1,2,1,8
5,7,3,12,0.5,0.5,0.2,0,dense,all,0.080429,0,0,0,1,1,2,0,2,0,2,0,0,0,1,0,0,1,0,1,20,20,0,16,0,16,1,1,1,7
5,7,6,3,0.0,0.0,0.2,0,dense,all,0.037336,3,3,3,3,3,3,2,3,2,3,3,3,3,3,0,0,2,0,18,126,126,9,86,9,86,1,2,1,10
5,7,6,3,0.25,0.25,0.2,0,dense,all,0.042640,0,0,0,3,2,3,1,2,1,3,0,0,0,2,0,0,0,0,9,81,81,1,45,1,45,1,1,1,7
5,7,6,3,0.5,0.5,0.2,0,dense,all,0.036071,0,0,0,1,1,3,1,2,1,3,0,0,0,1,0,0,0,0,2,40,40,2,27,2,27,1,1,1,7
5,7,6,6,0.0,0.0,0.2,0,dense,all,0.068447,3,3,3,3,3,3,2,3,2,3,3,3,3,3,0,0,2,0,18,126,126,9,86,9,86,1,2,1,10
5,7,6,6,0.25,0.25,0.2,0,dense,all,0.086514,0,0,0,3,2,3,1,2,1,3,0,0,0,2,0,0,1,0,9,82,82,1,49,1,49,1,1,1,7
5,7,6,6,0.5,0.5,0.2,0,dense,all,0.071650,0,0,0,1,1,3,1,2,1,3,0,0,0,1,0,0,1,0,3,44,44,1,42,1,42,1,1,1,7
5,7,6,9,0.0,0.0,0.2,0,dense,all,0.104278,3,3,3,3,3,3,2,3,2,3,3,3,3,3,0,0,2,0,18,126,126,9,86,9,86,1,2,1,10
5,7,6,9,0.25,0.25,0.2,0,dense,all,0.139971,0,0,0,3,2,3,1,2,1,3,0,0,0,2,0,0,1,0,9,82,82,1,50,1,50,1,1,1,7
5,7,6,9,0.5,0.5,0.2,0,dense,all,0.113501,0,0,0,1,1,3,1,2,1,3,0,0,0,1,0,0,0,0,4,47,47,1,40,1,40,1,1,1,7
5,7,6,12,0.0,0.0,0.2,0,dense,all,0.139721,3,3,3,3,3,3,2,3,2,3,3,3,3,3,0,0,2,0,18,126,126,9,86,9,86,1,2,1,10
5,7,6,12,0.25,0.25,0.2,0,dense,all,0.190347,0,0,0,3,2,3,1,2,1,3,0,0,0,2,0,0,1,0,9,82,82,1,50,1,50,1,1,1,7
5,7,6,12,0.5,0.5,0.2,0,dense,all,0.153343,0,0,0,1,1,3,1,2,1,3,0,0,0,1,0,0,1,0,4,49,49,1,41,1,41,1,1,1,7
5,7,9,3,0.0,0.0,0.2,0,dense,all,0.048805,3,3,3,3,3,3,3,3,3,3,3,3,3,3,0,0,2,0,27,189,189,15,133,15,133,1,2,1,8
5,7,9,3,0.25,0.25,0.2,0,dense,all,0.064785,0,0,0,3,1,3,2,2,2,3,0,0,0,1,0,0,0,0,14,117,117,7,78,7,78,1,1,1,7
5,7,9,3,0.5,0.5,0.2,0,dense,all,0.050980,0,0,0,2,0,3,1,1,1,3,0,0,0,0,0,0,0,0,6,69,69,3,38,3,38,1,1,1,7
5,7,9,6,0.0,0.0,0.2,0,dense,all,0.099904,3,3,3,3,3,3,3,3,3,3,3,3,3,3,0,0,2,0,27,189,189,15,133,15,133,1,2,1,8
5,7,9,6,0.25,0.25,0.2,0,dense,all,0.143493,1,1,1,3,1,3,2,2,2,3,1,1,1,1,0,0,0,0,15,121,121,9,87,9,87,1,1,1,7
5,7,9,6,0.5,0.5,0.2,0,dense,all,0.103347,0,0,0,2,0,3,1,1,1,3,0,0,0,0,0,0,0,0,8,72,72,4,52,4,52,1,1,1,7
5,7,9,9,0.0,0.0,0.2,0,dense,all,0.153050,3,3,3,3,3,3,3,3,3,3,3,3,3,3,0,0,2,0,27,189,189,15,133,15,133,1,2,1,8
5,7,9,9,0.25,0.25,0.2,0,dense,all,0.201545,1,1,1,3,1,3,2,2,2,3,1,1,1,1,0,0,0,0,15,121,121,9,86,9,86,1,1,1,7
5,7,9,9,0.5,0.5,0.2,0,dense,all,0.181738,0,0,0,2,1,3,2,1,2,3,0,0,0,1,0,0,0,0,7,74,74,5,52,5,52,1,1,1,7
5,7,9,12,0.0,0.0,0.2,0,dense,all,0.206722,3,3,3,3,3,3,3,3,3,3,3,3,3,3,0,0,2,0,27,189,189,15,133,15,133,1,2,1,8
5,7,9,12,0.25,0.25,0.2,0,dense,all,0.293503,1,1,1,3,1,3,2,2,2,3,1,1,1,1,0,0,0,0,15,121,121,9,86,9,86,1,1,1,7
5,7,9,12,0.5,0.5,0.2,0,dense,all,0.266924,0,0,0,2,1,3,2,1,2,3,0,0,0,1,0,0,0,0,8,74,74,5,55,5,55,1,1,1,7
5,7,12,3,0.0,0.0,0.2,0,dense,all,0.065345,3,3,3,3,3,3,3,3,3,3,3,3,3,3,0,0,1,0,36,252,252,20,172,20,172,1,1,1,7
5,7,12,3,0.25,0.25,0.2,0,dense,all,0.078208,0,0,0,3,1,3,2,2,2,3,0,0,0,1,0,0,0,0,17,154,154,6,98,6,98,1,1,1,7
5,7,12,3,0.5,0.5,0.2,0,dense,all,0.064121,0,0,0,2,0,3,1,1,1,3,0,0,0,0,0,0,0,0,7,82,82,1,51,1,51,1,1,1,7
5,7,12,6,0.0,0.0,0.2,0,dense,all,0.187422,3,3,3,3,3,3,3,3,3,3,3,3,3,3,0,0,1,0,36,252,252,20,172,20,172,1,1,1,7
5,7,12,6,0.25,0.25,0.2,0,dense,all,0.191173,0,0,0,3,1,3,2,2,2,3,0,0,0,1,0,0,0,0,19,156,156,9,111,9,111,1,1,1,7
5,7,12,6,0.5,0.5,0.2,0,dense,all,0.150681,0,0,0,2,0,3,2,2,2,3,0,0,0,0,0,0,0,0,10,89,89,6,76,6,76,1,1,1,7
5,7,12,9,0.0,0.0,0.2,0,dense,all,0.216252,3,3,3,3,3,3,3,3,3,3,3,3,3,3,0,0,1,0,36,252,252,20,172,20,172,1,1,1,7
5,7,12,9,0.25,0.25,0.2,0,dense,all,0.254286,0,0,0,3,1,3,2,2,2,3,0,0,0,1,0,0,0,0,20,158,158,9,109,9,109,1,1,1,7
5,7,12,9,0.5,0.5,0.2,0,dense,all,0.239820,0,0,0,2,1,3,1,1,1,3,0,0,0,1,0,0,0,0,10,93,93,6,72,6,72,1,1,1,7
5,7,12,12,0.0,0.0,0.2,0,dense,all,0.350184,3,3,3,3,3,3,3,3,3,3,3,3,3,3,0,0,1,0,36,252,252,20,172,20,172,1,1,1,7
5,7,12,12,0.25,0.25,0.2,0,dense,all,0.397825,0,0,0,3,1,3,2,2,2,3,0,0,0,1,0,0,0,0,20,157,157,10,112,10,112,1,1,1,7
5,7,12,12,0.5,0.5,0.2,0,dense,all,0.377645,0,0,0,2,1,3,1,1,1,3,0,0,0,1,0,0,0,0,12,94,94,6,73,6,73,1,1,1,7
5,9,3,3,0.0,0.0,0.2,0,dense,all,0.025968,3,3,3,3,3,3,2,3,2,3,3,3,3,3,0,0,2,0,9,81,81,5,59,5,59,1,2,1,17
5,9,3,3,0.25,0.25,0.2,0,dense,all,0.026522,0,0,0,1,2,3,1,3,1,3,0,0,0,2,0,0,1,0,2,50,50,2,36,2,36,1,2,1,13
5,9,3,3,0.5,0.5,0.2,0,dense,all,0.025177,0,0,0,1,1,3,1,2,1,2,0,0,0,1,0,0,1,0,2,29,29,1,25,1,25,1,1,1,9
5,9,3,6,0.0,0.0,0.2,0,dense,all,0.046028,3,3,3,3,3,3,2,3,2,3,3,3,3,3,0,0,2,0,9,81,81,5,59,5,59,1,2,1,17
5,9,3,6,0.25,0.25,0.2,0,dense,all,0.059922,0,0,0,1,2,3,1,3,1,3,0,0,0,2,0,0,1,0,2,51,51,2,38,2,38,1,2,1,12
5,9,3,6,0.5,0.5,0.2,0,dense,all,0.055759,0,0,0,1,1,3,1,2,1,2,0,0,0,1,0,0,1,0,1,30,30,1,27,1,27,1,1,1,9
5,9,3,9,0.0,0.0,0.2,0,dense,all,0.072056,3,3,3,3,3,3,2,3,2,3,3,3,3,3,0,0,2,0,9,81,81,5,59,5,59,1,2,1,17
5,9,3,9,0.25,0.25,0.2,0,dense,all,0.101965,0,0,0,1,2,3,1,3,1,3,0,0,0,2,0,0,2,0,2,51,51,2,38,2,38,1,2,1,12
5,9,3,9,0.5,0.5,0.2,0,dense,all,0.084457,0,0,0,1,1,3,1,2,1,2,0,0,0,1,0,0,1,0,2,33,33,1,26,1,26,1,1,1,9
5,9,3,12,0.0,0.0,0.2,0,dense,all,0.091539,3,3,3,3,3,3,2,3,2,3,3,3,3,3,0,0,2,0,9,81,81,5,59,5,59,1,2,1,17
5,9,3,12,0.25,0.25,0.2,0,dense,all,0.125075,1,1,1,1,2,3,1,3,1,3,1,1,1,2,0,0,2,0,3,52,52,2,38,2,38,1,2,1,12
5,9,3,12,0.5,0.5,0.2,0,dense,all,0.100844,0,0,0,1,1,3,1,2,1,2,0,0,0,1,0,0,1,0,1,31,31,2,27,2,27,1,1,1,9
5,9,6,3,0.0,0.0,0.2,0,dense,all,0.044279,3,3,3,3,3,3,3,3,3,3,3,3,3,3,0,0,1,0,18,162,162,9,111,9,111,1,2,1,11
5,9,6,3,0.25,0.25,0.2,0,dense,all,0.056126,0,0,0,2,2,3,1,1,1,3,0,0,0,2,0,0,1,0,8,97,97,3,62,3,62,1,1,1,9
5,9,6,3,0.5,0.5,0.2,0,dense,all,0.043168,0,0,0,1,1,3,1,1,1,3,0,0,0,1,0,0,0,0,3,55,55,1,32,1,32,1,1,1,9
5,9,6,6,0.0,0.0,0.2,0,dense,all,0.087079,3,3,3,3,3,3,3,3,3,3,3,3,3,3,0,0,1,0,18,162,162,9,111,9,111,1,2,1,11
5,9,6,6,0.25,0.25,0.2,0,dense,all,0.109984,0,0,0,2,2,3,2,2,2,3,0,0,0,2,0,0,1,0,9,98,98,4,66,4,66,1,1,1,9
5,9,6,6,0.5,0.5,0.2,0,dense,all,0.089918,0,0,0,1,1,3,1,2,1,3,0,0,0,1,0,0,0,0,5,55,55,2,44,2,44,1,1,1,9
5,9,6,9,0.0,0.0,0.2,0,dense,all,0.131808,3,3,3,3,3,3,3,3,3,3,3,3,3,3,0,0,1,0,18,162,162,9,111,9,111,1,2,1,11
5,9,6,9,0.25,0.25,0.2,0,dense,all,0.176619,0,0,0,2,2,3,2,2,2,3,0,0,0,2,0,0,1,0,8,97,97,5,68,5,68,1,1,1,9
5,9,6,9,0.5,0.5,0.2,0,dense,all,0.150825,0,0,0,1,1,3,1,2,1,3,0,0,0,1,0,0,0,0,5,58,58,3,42,3,42,1,1,1,9
5,9,6,12,0.0,0.0,0.2,0,dense,all,0.178014,3,3,3,3,3,3,3,3,3,3,3,3,3,3,0,0,1,0,18,162,162,9,111,9,111,1,2,1,11
5,9,6,12,0.25,0.25,0.2,0,dense,all,0.235739,0,0,0,2,2,3,2,2,2,3,0,0,0,2,0,0,1,0,8,96,96,4,69,4,69,1,1,1,9
5,9,6,12,0.5,0.5,0.2,0,dense,all,0.193048,0,0,0,1,1,3,1,2,1,3,0,0,0,1,0,0,0,0,5,57,57,3,44,3,44,1,1,1,9
5,9,9,3,0.0,0.0,0.2,0,dense,all,0.061089,3,3,3,3,3,3,3,3,3,3,3,3,3,3,0,0,2,0,27,243,243,14,158,14,158,1,1,1,9
5,9,9,3,0.25,0.25,0.2,0,dense,all,0.092221,0,0,0,3,1,3,1,2,1,3,0,0,0,1,0,0,0,0,14,155,155,3,83,3,83,1,1,1,9
5,9,9,3,0.5,0.5,0.2,0,dense,all,0.061343,0,0,0,2,1,3,1,1,1,3,0,0,0,1,0,0,0,0,6,87,87,2,46,2,46,1,1,1,9
5,9,9,6,0.0,0.0,0.2,0,dense,all,0.127475,3,3,3,3,3,3,3,3,3,3,3,3,3,3,0,0,2,0,27,243,243,14,158,14,158,1,1,1,9
5,9,9,6,0.25,0.25,0.2,0,dense,all,0.150286,0,0,0,3,1,3,1,2,1,3,0,0,0,1,0,0,0,0,12,153,153,3,88,3,88,1,1,1,9
5,9,9,6,0.5,0.5,0.2,0,dense,all,0.125963,0,0,0,2,0,3,1,1,1,3,0,0,0,0,0,0,0,0,7,84,84,3,58,3,58,1,1,1,9
5,9,9,9,0.0,0.0,0.2,0,dense,all,0.196935,3,3,3,3,3,3,3,3,3,3,3,3,3,3,0,0,2,0,27,243,243,14,158,14,158,1,1,1,9
5,9,9,9,0.25,0.25,0.2,0,dense,all,0.242806,0,0,0,3,1,3,1,2,1,3,0,0,0,1,0,0,0,0,12,153,153,3,90,3,90,1,1,1,9
5,9,9,9,0.5,0.5,0.2,0,dense,all,0.216470,0,0,0,2,1,3,1,1,1,3,0,0,0,1,0,0,0,0,6,84,84,4,58,4,58,1,1,1,9
5,9,9,12,0.0,0.0,0.2,0,dense,all,0.273195,3,3,3,3,3,3,3,3,3,3,3,3,3,3,0,0,2,0,27,243,243,14,158,14,158,1,1,1,9
5,9,9,12,0.25,0.25,0.2,0,dense,all,0.329319,0,0,0,3,1,3,1,2,1,3,0,0,0,1,0,0,0,0,12,153,153,3,91,3,91,1,1,1,9
5,9,9,12,0.5,0.5,0.2,0,dense,all,0.281075,0,0,0,2,0,3,1,1,1,3,0,0,0,0,0,0,0,0,6,83,83,4,59,4,59,1,1,1,9
5,9,12,3,0.0,0.0,0.2,0,dense,all,0.080388,3,3,3,3,3,3,3,3,3,3,3,3,3,3,0,0,1,0,36,324,324,17,199,17,199,1,1,1,9
5,9,12,3,0.25,0.25,0.2,0,dense,all,0.107358,0,0,0,3,1,3,2,2,2,3,0,0,0,1,0,0,1,0,20,205,205,8,105,8,105,1,1,1,9
5,9,12,3,0.5,0.5,0.2,0,dense,all,0.078069,0,0,0,2,0,3,1,1,1,3,0,0,0,0,0,0,0,0,10,111,111,2,61,2,61,1,1,1,9
5,9,12,6,0.0,0.0,0.2,0,dense,all,0.168405,3,3,3,3,3,3,3,3,3,3,3,3,3,3,0,0,1,0,36,324,324,17,199,17,199,1,1,1,9
5,9,12,6,0.25,0.25,0.2,0,dense,all,0.245499,0,0,0,3,1,3,2,2,2,3,0,0,0,1,0,0,1,0,20,207,207,8,118,8,118,1,1,1,9
5,9,12,6,0.5,0.5,0.2,0,dense,all,0.187573,0,0,0,2,1,3,1,2,1,3,0,0,0,1,0,0,0,0,11,125,125,5,80,5,80,1,1,1,9
5,9,12,9,0.0,0.0,0.2,0,dense,all,0.261485,3,3,3,3,3,3,3,3,3,3,3,3,3,3,0,0,1,0,36,324,324,17,199,17,199,1,1,1,9
5,9,12,9,0.25,0.25,0.2,0,dense,all,0.352022,0,0,0,3,1,3,2,2,2,3,0,0,0,1,0,0,1,0,19,206,206,8,115,8,115,1,1,1,9
5,9,12,9,0.5,0.5,0.2,0,dense,all,0.304274,0,0,0,2,1,3,1,2,1,3,0,0,0,1,0,0,0,0,10,120,120,3,73,3,73,1,1,1,9
5,9,12,12,0.0,0.0,0.2,0,dense,all,0.388875,3,3,3,3,3,3,3,3,3,3,3,3,3,3,0,0,1,0,36,324,324,17,199,17,199,1,1,1,9
5,9,12,12,0.25,0.25,0.2,0,dense,all,0.516160,0,0,0,3,1,3,2,2,2,3,0,0,0,1,0,0,1,0,19,208,208,8,118,8,118,1,1,1,9
5,9,12,12,0.5,0.5,0.2,0,dense,all,0.415263,0,0,0,2,1,3,1,2,1,3,0,0,0,1,0,0,0,0,10,121,121,4,73,4,73,1,1,1,9
5,11,3,3,0.0,0.0,0.2,0,dense,all,0.030290,3,3,3,3,3,3,2,3,2,3,3,3,3,3,1,1,2,1,9,99,99,3,62,3,62,1,2,1,18
5,11,3,3,0.25,0.25,0.2,0,dense,all,0.036122,1,1,1,2,2,3,1,2,1,3,1,1,1,2,0,0,1,0,5,69,69,2,39,2,39,1,2,1,13
5,11,3,3,0.5,0.5,0.2,0,dense,all,0.026674,0,0,0,0,1,3,0,2,0,2,0,0,0,1,0,0,0,0,0,36,36,0,21,0,21,0,2,0,10
5,11,3,6,0.0,0.0,0.2,0,dense,all,0.055410,3,3,3,3,3,3,2,3,2,3,3,3,3,3,1,1,2,1,9,99,99,3,62,3,62,1,2,1,18
5,11,3,6,0.25,0.25,0.2,0,dense,all,0.076794,1,1,1,2,2,3,1,2,1,3,1,1,1,2,0,0,1,0,5,69,69,2,42,2,42,1,2,1,12
5,11,3,6,0.5,0.5,0.2,0,dense,all,0.059110,0,0,0,1,1,3,0,2,0,2,0,0,0,1,0,0,1,0,2,39,39,0,25,0,25,1,2,1,12
5,11,3,9,0.0,0.0,0.2,0,dense,all,0.080927,3,3,3,3,3,3,2,3,2,3,3,3,3,3,1,1,2,1,9,99,99,3,62,3,62,1,2,1,18
5,11,3,9,0.25,0.25,0.2,0,dense,all,0.124181,1,1,1,2,2,3,1,2,1,3,1,1,1,2,0,0,1,0,5,69,69,2,43,2,43,1,1,1,11
5,11,3,9,0.5,0.5,0.2,0,dense,all,0.089299,0,0,0,1,1,3,0,2,0,2,0,0,0,1,0,0,1,0,2,38,38,0,27,0,27,1,1,1,11
5,11,3,12,0.0,0.0,0.2,0,dense,all,0.108412,3,3,3,3,3,3,2,3,2,3,3,3,3,3,1,1,2,1,9,99,99,3,62,3,62,1,2,1,18
5,11,3,12,0.25,0.25,0.2,0,dense,all,0.153034,1,1,1,2,2,3,1,2,1,3,1,1,1,2,0,0,1,0,5,69,69,2,43,2,43,1,1,1,11
5,11,3,12,0.5,0.5,0.2,0,dense,all,0.121477,0,0,0,1,1,3,0,2,0,2,0,0,0,1,0,0,1,0,2,39,39,0,30,0,30,1,1,1,11
5,11,6,3,0.0,0.0,0.2,0,dense,all,0.052618,3,3,3,3,3,3,2,3,2,3,3,3,3,3,0,0,2,0,18,198,198,7,131,7,131,1,2,1,13
5,11,6,3,0.25,0.25,0.2,0,dense,all,0.072955,0,0,0,2,2,3,2,2,2,3,0,0,0,1,0,0,1,0,8,127,127,4,65,4,65,1,1,1,11
5,11,6,3,0.5,0.5,0.2,0,dense,all,0.050113,0,0,0,1,1,3,1,1,1,3,0,0,0,1,0,0,0,0,3,66,66,2,38,2,38,1,1,1,11
5,11,6,6,0.0,0.0,0.2,0,dense,all,0.105229,3,3,3,3,3,3,2,3,2,3,3,3,3,3,0,0,2,0,18,198,198,7,131,7,131,1,2,1,13
5,11,6,6,0.25,0.25,0.2,0,dense,all,0.142825,0,0,0,2,2,3,2,2,2,3,0,0,0,1,0,0,1,0,8,128,128,4,73,4,73,1,1,1,11
5,11,6,6,0.5,0.5,0.2,0,dense,all,0.108556,0,0,0,1,1,3,1,2,1,3,0,0,0,1,0,0,0,0,4,74,74,2,45,2,45,0,1,0,10
5,11,6,9,0.0,0.0,0.2,0,dense,all,0.160456,3,3,3,3,3,3,2,3,2,3,3,3,3,3,0,0,2,0,18,198,198,7,131,7,131,1,2,1,13
5,11,6,9,0.25,0.25,0.2,0,dense,all,0.234819,0,0,0,2,2,3,2,2,2,3,0,0,0,1,0,0,1,0,8,128,128,4,77,4,77,1,1,1,11
5,11,6,9,0.5,0.5,0.2,0,dense,all,0.165808,0,0,0,1,1,3,1,1,1,3,0,0,0,1,0,0,0,0,3,67,67,2,49,2,49,0,1,0,10
5,11,6,12,0.0,0.0,0.2,0,dense,all,0.216291,3,3,3,3,3,3,2,3,2,3,3,3,3,3,0,0,2,0,18,198,198,7,131,7,131,1,2,1,13
5,11,6,12,0.25,0.25,0.2,0,dense,all,0.328728,0,0,0,2,2,3,2,2,2,3,0,0,0,1,0,0,1,0,8,128,128,4,74,4,74,1,1,1,11
5,11,6,12,0.5,0.5,0.2,0,dense,all,0.229646,0,0,0,1,1,3,1,1,1,3,0,0,0,1,0,0,0,0,3,70,70,2,44,2,44,1,1,1,11
5,11,9,3,0.0,0.0,0.2,0,dense,all,0.073245,3,3,3,3,3,3,3,3,3,3,3,3,3,3,0,0,1,0,27,297,297,15,201,15,201,1,1,1,11
5,11,9,3,0.25,0.25,0.2,0,dense,all,0.097516,0,0,0,3,2,3,1,2,1,3,0,0,0,2,0,0,1,0,13,186,186,4,106,4,106,1,1,1,11
5,11,9,3,0.5,0.5,0.2,0,dense,all,0.072931,0,0,0,1,1,3,1,1,1,3,0,0,0,1,0,0,0,0,2,112,112,1,54,1,54,1,1,1,11
5,11,9,6,0.0,0.0,0.2,0,dense,all,0.191717,3,3,3,3,3,3,3,3,3,3,3,3,3,3,0,0,1,0,27,297,297,15,201,15,201,1,1,1,11
5,11,9,6,0.25,0.25,0.2,0,dense,all,0.297890,0,0,0,3,2,3,2,2,2,3,0,0,0,2,0,0,1,0,14,189,189,4,114,4,114,1,1,1,11
5,11,9,6,0.5,0.5,0.2,0,dense,all,0.171576,0,0,0,1,1,3,1,2,1,3,0,0,0,1,0,0,0,0,6,115,115,3,76,3,76,1,1,1,11
5,11,9,9,0.0,0.0,0.2,0,dense,all,0.249311,3,3,3,3,3,3,3,3,3,3,3,3,3,3,0,0,1,0,27,297,297,15,201,15,201,1,1,1,11
5,11,9,9,0.25,0.25,0.2,0,dense,all,0.409679,0,0,0,3,2,3,2,2,2,3,0,0,0,2,0,0,1,0,14,190,190,5,114,5,114,1,1,1,11
5,11,9,9,0.5,0.5,0.2,0,dense,all,0.406334,0,0,0,1,1,3,1,1,1,3,0,0,0,1,0,0,0,0,6,118,118,5,78,5,78,1,1,1,11
5,11,9,12,0.0,0.0,0.2,0,dense,all,0.406451,3,3,3,3,3,3,3,3,3,3,3,3,3,3,0,0,1,0,27,297,297,15,201,15,201,1,1,1,11
5,11,9,12,0.25,0.25,0.2,0,dense,all,0.541488,0,0,0,3,2,3,2,2,2,3,0,0,0,2,0,0,1,0,14,192,192,5,117,5,117,1,1,1,11
5,11,9,12,0.5,0.5,0.2,0,dense,all,0.449481,0,0,0,1,1,3,1,1,1,3,0,0,0,1,0,0,0,0,6,118,118,3,79,3,79,1,1,1,11
5,11,12,3,0.0,0.0,0.2,0,dense,all,0.099783,3,3,3,3,3,3,3,3,3,3,3,3,3,3,0,0,1,0,36,396,396,19,258,19,258,1,1,1,11
5,11,12,3,0.25,0.25,0.2,0,dense,all,0.135486,0,0,0,3,1,3,2,2,2,3,0,0,0,1,0,0,0,0,19,252,252,7,132,7,132,1,1,1,11
5,11,12,3,0.5,0.5,0.2,0,dense,all,0.098903,0,0,0,2,1,3,1,1,1,3,0,0,0,1,0,0,0,0,8,134,134,2,67,2,67,1,1,1,11
5,11,12,6,0.0,0.0,0.2,0,dense,all,0.208993,3,3,3,3,3,3,3,3,3,3,3,3,3,3,0,0,1,0,36,396,396,19,258,19,258,1,1,1,11
5,11,12,6,0.25,0.25,0.2,0,dense,all,0.346592,0,0,0,3,1,3,2,2,2,3,0,0,0,1,0,0,0,0,20,256,256,9,139,9,139,1,1,1,11
5,11,12,6,0.5,0.5,0.2,0,dense,all,0.226027,0,0,0,2,1,3,1,1,1,3,0,0,0,1,0,0,0,0,10,142,142,5,88,5,88,1,1,1,11
5,11,12,9,0.0,0.0,0.2,0,dense,all,0.328901,3,3,3,3,3,3,3,3,3,3,3,3,3,3,0,0,1,0,36,396,396,19,258,19,258,1,1,1,11
5,11,12,9,0.25,0.25,0.2,0,dense,all,0.444295,0,0,0,3,1,3,2,2,2,3,0,0,0,1,0,0,0,0,20,258,258,8,141,8,141,1,1,1,11
5,11,12,9,0.5,0.5,0.2,0,dense,all,0.408222,0,0,0,2,1,3,1,2,1,3,0,0,0,1,0,0,0,0,11,149,149,4,89,4,89,1,1,1,11
5,11,12,12,0.0,0.0,0.2,0,dense,all,0.523597,3,3,3,3,3,3,3,3,3,3,3,3,3,3,0,0,1,0,36,396,396,19,258,19,258,1,1,1,11
5,11,12,12,0.25,0.25,0.2,0,dense,all,0.594227,0,0,0,3,1,3,2,2,2,3,0,0,0,1,0,0,0,0,20,257,257,9,147,9,147,1,1,1,11
5,11,12,12,0.5,0.5,0.2,0,dense,all,0.561654,0,0,0,2,1,3,2,2,2,3,0,0,0,1,0,0,0,0,12,152,152,5,98,5,98,1,1,1,11
10,3,3,3,0.0,0.0,0.2,0,dense,all,0.023080,5,5,5,5,5,5,4,4,4,5,5,5,5,5,1,1,4,1,15,45,45,7,29,7,29,2,5,2,10
10,3,3,3,0.25,0.25,0.2,0,dense,all,0.031892,1,1,1,3,2,5,3,3,3,4,1,1,1,2,0,0,3,0,8,26,26,4,20,4,20,2,2,2,6
10,3,3,3,0.5,0.5,0.2,0,dense,all,0.023581,0,0,0,1,1,3,1,1,1,3,0,0,0,1,0,0,1,0,2,14,14,1,8,1,8,1,2,1,4
10,3,3,6,0.0,0.0,0.2,0,dense,all,0.034959,5,5,5,5,5,5,4,4,4,5,5,5,5,5,1,1,4,1,15,45,45,7,29,7,29,2,5,2,10
10,3,3,6,0.25,0.25,0.2,0,dense,all,0.046401,1,1,1,4,2,5,2,3,2,4,1,1,1,2,0,0,3,0,9,28,28,4,19,4,19,2,2,2,6
10,3,3,6,0.5,0.5,0.2,0,dense,all,0.041630,1,1,1,2,1,4,1,2,1,3,1,1,1,1,0,0,2,0,5,18,18,1,12,1,12,1,1,1,3
10,3,3,9,0.0,0.0,0.2,0,dense,all,0.047250,5,5,5,5,5,5,4,4,4,5,5,5,5,5,1,1,4,1,15,45,45,7,29,7,29,2,5,2,10
10,3,3,9,0.25,0.25,0.2,0,dense,all,0.076074,2,2,2,4,3,5,2,3,2,4,2,2,2,3,0,0,3,0,10,31,31,4,19,4,19,1,2,1,5
10,3,3,9,0.5,0.5,0.2,0,dense,all,0.086387,1,1,1,2,1,3,1,2,1,3,1,1,1,1,0,0,2,0,5,17,17,1,10,1,10,1,1,1,3
10,3,3,12,0.0,0.0,0.2,0,dense,all,0.062824,5,5,5,5,5,5,4,4,4,5,5,5,5,5,1,1,4,1,15,45,45,7,29,7,29,2,5,2,10
10,3,3,12,0.25,0.25,0.2,0,dense,all,0.092798,2,2,2,4,3,5,3,3,3,4,2,2,2,3,0,0,3,0,10,30,30,4,20,4,20,1,2,1,5
10,3,3,12,0.5,0.5,0.2,0,dense,all,0.075326,1,1,1,2,1,4,1,2,1,3,1,1,1,1,0,0,2,0,5,18,18,1,10,1,10,1,1,1,3
10,3,6,3,0.0,0.0,0.2,0,dense,all,0.034632,5,5,5,5,5,5,4,3,4,5,5,5,5,5,0,0,2,0,30,90,90,14,53,14,53,2,2,2,6
10,3,6,3,0.25,0.25,0.2,0,dense,all,0.044681,1,1,1,4,2,5,3,2,3,4,1,1,1,2,0,0,0,0,17,58,58,9,30,9,30,1,1,1,3
10,3,6,3,0.5,0.5,0.2,0,dense,all,0.027422,0,0,0,2,1,3,1,1,1,3,0,0,0,1,0,0,0,0,6,27,27,2,11,2,11,1,1,1,3
10,3,6,6,0.0,0.0,0.2,0,dense,all,0.046013,5,5,5,5,5,5,4,3,4,5,5,5,5,5,0,0,2,0,30,90,90,14,53,14,53,2,2,2,6
10,3,6,6,0.25,0.25,0.2,0,dense,all,0.075316,1,1,1,4,2,5,3,3,3,4,1,1,1,2,0,0,1,0,18,59,59,10,34,10,34,1,1,1,3
10,3,6,6,0.5,0.5,0.2,0,dense,all,0.084850,0,0,0,3,1,3,2,1,2,4,0,0,0,1,0,0,0,0,10,34,34,5,17,5,17,1,1,1,3
10,3,6,9,0.0,0.0,0.2,0,dense,all,0.086333,5,5,5,5,5,5,4,3,4,5,5,5,5,5,0,0,2,0,30,90,90,14,53,14,53,2,2,2,6
10,3,6,9,0.25,0.25,0.2,0,dense,all,0.108189,1,1,1,4,2,5,4,3,4,4,1,1,1,2,0,0,1,0,18,60,60,10,36,10,36,1,1,1,3
10,3,6,9,0.5,0.5,0.2,0,dense,all,0.103830,1,1,1,3,1,3,2,1,2,4,1,1,1,1,0,0,0,0,11,38,38,6,20,6,20,1,1,1,3
10,3,6,12,0.0,0.0,0.2,0,dense,all,0.101737,5,5,5,5,5,5,4,3,4,5,5,5,5,5,0,0,2,0,30,90,90,14,53,14,53,2,2,2,6
10,3,6,12,0.25,0.25,0.2,0,dense,all,0.134554,1,1,1,4,2,5,4,3,4,4,1,1,1,2,0,0,1,0,18,59,59,11,38,11,38,1,1,1,3
10,3,6,12,0.5,0.5,0.2,0,dense,all,0.156209,0,0,0,3,1,3,2,1,2,4,0,0,0,1,0,0,0,0,12,38,38,7,22,7,22,1,1,1,3
10,3,9,3,0.0,0.0,0.2,0,dense,all,0.041094,5,5,5,5,5,5,4,3,4,5,5,5,5,5,0,0,3,0,45,135,135,24,83,24,83,1,1,1,3
10,3,9,3,0.25,0.25,0.2,0,dense,all,0.060977,1,1,1,4,3,5,3,2,3,4,1,1,1,3,0,0,1,0,25,85,85,17,56,17,56,1,1,1,3
10,3,9,3,0.5,0.5,0.2,0,dense,all,0.040533,0,0,0,3,1,5,2,0,2,3,0,0,0,1,0,0,0,0,15,47,47,5,26,5,26,1,1,1,3
10,3,9,6,0.0,0.0,0.2,0,dense,all,0.068397,5,5,5,5,5,5,4,3,4,5,5,5,5,5,0,0,3,0,45,135,135,24,83,24,83,1,1,1,3
10,3,9,6,0.25,0.25,0.2,0,dense,all,0.099039,1,1,1,4,3,5,4,2,4,5,1,1,1,3,0,0,1,0,27,90,90,19,62,19,62,1,1,1,3
10,3,9,6,0.5,0.5,0.2,0,dense,all,0.077703,0,0,0,3,1,5,2,1,2,3,0,0,0,1,0,0,0,0,15,52,52,8,29,8,29,1,1,1,3
10,3,9,9,0.0,0.0,0.2,0,dense,all,0.098291,5,5,5,5,5,5,4,3,4,5,5,5,5,5,0,0,3,0,45,135,135,24,83,24,83,1,1,1,3
10,3,9,9,0.25,0.25,0.2,0,dense,all,0.146282,1,1,1,4,3,5,4,2,4,5,1,1,1,3,0,0,1,0,28,93,93,20,63,20,63,1,1,1,3
10,3,9,9,0.5,0.5,0.2,0,dense,all,0.123462,0,0,0,3,2,5,2,1,2,4,0,0,0,2,0,0,0,0,16,56,56,7,30,7,30,1,1,1,3
10,3,9,12,0.0,0.0,0.2,0,dense,all,0.131715,5,5,5,5,5,5,4,3,4,5,5,5,5,5,0,0,3,0,45,135,135,24,83,24,83,1,1,1,3
10,3,9,12,0.25,0.25,0.2,0,dense,all,0.331243,2,2,2,4,3,5,4,2,4,5,2,2,2,3,0,0,1,0,29,94,94,21,67,21,67,1,1,1,3
10,3,9,12,0.5,0.5,0.2,0,dense,all,0.242418,0,0,0,3,2,5,2,1,2,4,0,0,0,2,0,0,0,0,15,55,55,10,36,10,36,1,1,1,3
10,3,12,3,0.0,0.0,0.2,0,dense,all,0.063009,5,5,5,5,5,5,4,2,4,5,5,5,5,5,1,1,2,1,60,180,180,36,114,36,114,1,1,1,3
10,3,12,3,0.25,0.25,0.2,0,dense,all,0.093949,1,1,1,4,2,5,3,1,3,4,1,1,1,2,0,0,1,0,35,113,113,18,68,18,68,1,1,1,3
10,3,12,3,0.5,0.5,0.2,0,dense,all,0.067938,0,0,0,4,0,4,2,0,2,3,0,0,0,0,0,0,0,0,16,64,64,4,26,4,26,1,1,1,3
10,3,12,6,0.0,0.0,0.2,0,dense,all,0.108927,5,5,5,5,5,5,4,2,4,5,5,5,5,5,1,1,2,1,60,180,180,36,114,36,114,1,1,1,3
10,3,12,6,0.25,0.25,0.2,0,dense,all,0.184764,1,1,1,4,2,5,4,2,4,5,1,1,1,2,0,0,1,0,39,120,120,22,83,22,83,1,1,1,3
10,3,12,6,0.5,0.5,0.2,0,dense,all,0.133476,0,0,0,4,1,4,2,1,2,4,0,0,0,1,0,0,1,0,18,71,71,7,43,7,43,1,1,1,3
10,3,12,9,0.0,0.0,0.2,0,dense,all,0.126812,5,5,5,5,5,5,4,2,4,5,5,5,5,5,1,1,2,1,60,180,180,36,114,36,114,1,1,1,3
10,3,12,9,0.25,0.25,0.2,0,dense,all,0.329310,2,2,2,4,3,5,4,2,4,5,2,2,2,3,0,0,1,0,39,124,124,21,84,21,84,1,1,1,3
10,3,12,9,0.5,0.5,0.2,0,dense,all,0.198000,0,0,0,4,1,4,2,0,2,4,0,0,0,1,0,0,0,0,20,77,77,7,41,7,41,1,1,1,3
10,3,12,12,0.0,0.0,0.2,0,dense,all,0.181570,5,5,5,5,5,5,4,2,4,5,5,5,5,5,1,1,2,1,60,180,180,36,114,36,114,1,1,1,3
10,3,12,12,0.25,0.25,0.2,0,dense,all,0.378430,2,2,2,4,3,5,4,2,4,5,2,2,2,3,0,0,1,0,41,126,126,22,85,22,85,1,1,1,3
10,3,12,12,0.5,0.5,0.2,0,dense,all,0.232801,1,1,1,4,1,4,2,0,2,4,1,1,1,1,0,0,0,0,21,79,79,7,43,7,43,1,1,1,3
10,5,3,3,0.0,0.0,0.2,0,dense,all,0.024231,5,5,5,5,5,5,4,4,4,5,5,5,5,5,1,1,3,1,15,75,75,7,44,7,44,3,3,3,15
10,5,3,3,0.25,0.25,0.2,0,dense,all,0.029807,1,1,1,4,3,5,2,3,2,4,1,1,1,3,0,0,2,0,7,45,45,5,32,5,32,2,2,2,10
10,5,3,3,0.5,0.5,0.2,0,dense,all,0.022430,0,0,0,1,1,4,0,2,0,3,0,0,0,1,0,0,0,0,2,24,24,0,12,0,12,1,2,1,6
10,5,3,6,0.0,0.0,0.2,0,dense,all,0.040373,5,5,5,5,5,5,4,4,4,5,5,5,5,5,1,1,3,1,15,75,75,7,44,7,44,3,3,3,15
10,5,3,6,0.25,0.25,0.2,0,dense,all,0.068977,1,1,1,4,4,5,3,3,3,4,1,1,1,4,1,1,2,1,9,49,49,6,35,6,35,2,2,2,10
10,5,3,6,0.5,0.5,0.2,0,dense,all,0.061494,1,1,1,2,2,4,1,2,1,3,1,1,1,2,0,0,1,0,4,30,30,2,18,2,18,1,1,1,5
10,5,3,9,0.0,0.0,0.2,0,dense,all,0.068154,5,5,5,5,5,5,4,4,4,5,5,5,5,5,1,1,3,1,15,75,75,7,44,7,44,3,3,3,15
10,5,3,9,0.25,0.25,0.2,0,dense,all,0.085603,1,1,1,4,4,5,2,3,2,4,1,1,1,4,1,1,2,1,9,50,50,6,35,6,35,2,2,2,10
10,5,3,9,0.5,0.5,0.2,0,dense,all,0.069413,0,0,0,2,1,4,1,2,1,3,0,0,0,1,0,0,1,0,4,27,27,2,20,2,20,1,1,1,5
10,5,3,12,0.0,0.0,0.2,0,dense,all,0.073543,5,5,5,5,5,5,4,4,4,5,5,5,5,5,1,1,3,1,15,75,75,7,44,7,44,3,3,3,15
10,5,3,12,0.25,0.25,0.2,0,dense,all,0.133000,1,1,1,4,4,5,3,3,3,4,1,1,1,4,1,1,2,1,9,50,50,6,36,6,36,2,2,2,10
10,5,3,12,0.5,0.5,0.2,0,dense,all,0.147430,0,0,0,2,2,4,2,2,2,3,0,0,0,2,0,0,1,0,4,30,30,2,21,2,21,1,2,1,6
10,5,6,3,0.0,0.0,0.2,0,dense,all,0.043697,5,5,5,5,5,5,4,3,4,5,5,5,5,5,1,1,2,1,30,150,150,17,93,17,93,1,2,1,8
10,5,6,3,0.25,0.25,0.2,0,dense,all,0.061775,0,0,0,4,3,5,3,2,3,5,0,0,0,3,0,0,1,0,15,93,93,9,53,9,53,1,1,1,5
10,5,6,3,0.5,0.5,0.2,0,dense,all,0.061693,0,0,0,2,1,4,1,2,1,3,0,0,0,1,0,0,0,0,8,49,49,3,22,3,22,1,1,1,5
10,5,6,6,0.0,0.0,0.2,0,dense,all,0.111407,5,5,5,5,5,5,4,3,4,5,5,5,5,5,1,1,2,1,30,150,150,17,93,17,93,1,2,1,8
10,5,6,6,0.25,0.25,0.2,0,dense,all,0.134891,0,0,0,4,3,5,3,2,3,5,0,0,0,3,0,0,2,0,17,103,103,11,60,11,60,1,1,1,5
10,5,6,6,0.5,0.5,0.2,0,dense,all,0.103141,0,0,0,3,1,4,2,2,2,4,0,0,0,1,0,0,0,0,9,60,60,4,33,4,33,1,1,1,5
10,5,6,9,0.0,0.0,0.2,0,dense,all,0.133293,5,5,5,5,5,5,4,3,4,5,5,5,5,5,1,1,2,1,30,150,150,17,93,17,93,1,2,1,8
10,5,6,9,0.25,0.25,0.2,0,dense,all,0.182158,1,1,1,4,3,5,3,2,3,5,1,1,1,3,0,0,2,0,18,105,105,11,60,11,60,1,1,1,5
10,5,6,9,0.5,0.5,0.2,0,dense,all,0.179320,0,0,0,2,2,4,2,2,2,4,0,0,0,2,0,0,1,0,7,60,60,5,33,5,33,1,1,1,5
10,5,6,12,0.0,0.0,0.2,0,dense,all,0.161795,5,5,5,5,5,5,4,3,4,5,5,5,5,5,1,1,2,1,30,150,150,17,93,17,93,1,2,1,8
10,5,6,12,0.25,0.25,0.2,0,dense,all,0.238837,1,1,1,4,3,5,3,2,3,5,1,1,1,3,0,0,2,0,19,106,106,12,64,12,64,1,1,1,5
10,5,6,12,0.5,0.5,0.2,0,dense,all,0.199926,0,0,0,3,2,4,2,2,2,4,0,0,0,2,0,0,1,0,9,63,63,6,36,6,36,1,1,1,5
10,5,9,3,0.0,0.0,0.2,0,dense,all,0.059347,5,5,5,5,5,5,4,3,4,5,5,5,5,5,1,1,2,1,45,225,225,19,134,19,134,1,2,1,6
10,5,9,3,0.25,0.25,0.2,0,dense,all,0.079764,0,0,0,4,2,5,3,2,3,5,0,0,0,2,0,0,1,0,22,136,136,11,84,11,84,1,1,1,5
10,5,9,3,0.5,0.5,0.2,0,dense,all,0.059200,0,0,0,2,1,4,2,0,2,3,0,0,0,1,0,0,0,0,9,68,68,3,25,3,25,1,1,1,5
10,5,9,6,0.0,0.0,0.2,0,dense,all,0.103889,5,5,5,5,5,5,4,3,4,5,5,5,5,5,1,1,2,1,45,225,225,19,134,19,134,1,2,1,6
10,5,9,6,0.25,0.25,0.2,0,dense,all,0.154192,0,0,0,4,2,5,3,3,3,5,0,0,0,2,0,0,0,0,24,149,149,12,90,12,90,1,1,1,5
10,5,9,6,0.5,0.5,0.2,0,dense,all,0.124020,0,0,0,3,1,4,2,1,2,4,0,0,0,1,0,0,0,0,15,82,82,6,42,6,42,1,1,1,5
10,5,9,9,0.0,0.0,0.2,0,dense,all,0.162275,5,5,5,5,5,5,4,3,4,5,5,5,5,5,1,1,2,1,45,225,225,19,134,19,134,1,2,1,6
10,5,9,9,0.25,0.25,0.2,0,dense,all,0.243248,1,1,1,4,2,5,3,3,3,5,1,1,1,2,0,0,1,0,25,151,151,12,94,12,94,1,1,1,5
10,5,9,9,0.5,0.5,0.2,0,dense,all,0.200266,0,0,0,3,1,4,2,2,2,4,0,0,0,1,0,0,0,0,14,88,88,7,50,7,50,1,1,1,5
10,5,9,12,0.0,0.0,0.2,0,dense,all,0.208433,5,5,5,5,5,5,4,3,4,5,5,5,5,5,1,1,2,1,45,225,225,19,134,19,134,1,2,1,6
10,5,9,12,0.25,0.25,0.2,0,dense,all,0.326321,1,1,1,4,3,5,3,3,3,5,1,1,1,3,0,0,1,0,25,152,152,12,95,12,95,1,1,1,5
10,5,9,12,0.5,0.5,0.2,0,dense,all,0.265127,0,0,0,3,1,4,2,2,2,4,0,0,0,1,0,0,0,0,15,91,91,7,49,7,49,1,1,1,5
10,5,12,3,0.0,0.0,0.2,0,dense,all,0.072297,5,5,5,5,5,5,4,3,4,5,5,5,5,5,0,0,2,0,60,300,300,30,174,30,174,1,1,1,5
10,5,12,3,0.25,0.25,0.2,0,dense,all,0.104842,1,1,1,5,2,5,3,2,3,5,1,1,1,2,0,0,0,0,34,196,196,8,90,8,90,1,1,1,5
10,5,12,3,0.5,0.5,0.2,0,dense,all,0.074188,0,0,0,3,1,4,2,1,2,4,0,0,0,1,0,0,0,0,14,87,87,4,37,4,37,1,1,1,5
10,5,12,6,0.0,0.0,0.2,0,dense,all,0.140376,5,5,5,5,5,5,4,3,4,5,5,5,5,5,0,0,2,0,60,300,300,30,174,30,174,1,1,1,5
10,5,12,6,0.25,0.25,0.2,0,dense,all,0.287733,2,2,2,5,2,5,4,2,4,5,2,2,2,2,0,0,1,0,38,211,211,14,115,14,115,1,1,1,5
10,5,12,6,0.5,0.5,0.2,0,dense,all,0.164954,0,0,0,3,1,4,2,1,2,4,0,0,0,1,0,0,0,0,18,104,104,6,51,6,51,1,1,1,5
10,5,12,9,0.0,0.0,0.2,0,dense,all,0.208340,5,5,5,5,5,5,4,3,4,5,5,5,5,5,0,0,2,0,60,300,300,30,174,30,174,1,1,1,5
10,5,12,9,0.25,0.25,0.2,0,dense,all,0.453888,2,2,2,5,2,5,4,2,4,5,2,2,2,2,0,0,1,0,39,213,213,16,117,16,117,1,1,1,5
10,5,12,9,0.5,0.5,0.2,0,dense,all,0.257441,0,0,0,3,1,4,2,1,2,4,0,0,0,1,0,0,0,0,20,115,115,9,57,9,57,1,1,1,5
10,5,12,12,0.0,0.0,0.2,0,dense,all,0.281393,5,5,5,5,5,5,4,3,4,5,5,5,5,5,0,0,2,0,60,300,300,30,174,30,174,1,1,1,5
10,5,12,12,0.25,0.25,0.2,0,dense,all,0.635948,2,2,2,5,3,5,4,2,4,5,2,2,2,3,0,0,1,0,41,217,217,15,118,15,118,1,1,1,5
10,5,12,12,0.5,0.5,0.2,0,dense,all,0.387610,0,0,0,3,1,4,2,1,2,4,0,0,0,1,0,0,0,0,19,124,124,9,59,9,59,1,1,1,5
10,7,3,3,0.0,0.0,0.2,0,dense,all,0.033416,5,5,5,5,5,5,3,4,3,5,5,5,5,5,2,2,3,2,15,105,105,7,61,7,61,2,3,2,19
10,7,3,3,0.25,0.25,0.2,0,dense,all,0.042213,1,1,1,4,3,5,2,3,2,4,1,1,1,3,0,0,1,0,8,65,65,2,32,2,32,1,2,1,12
10,7,3,3,0.5,0.5,0.2,0,dense,all,0.030524,0,0,0,1,1,4,0,2,0,3,0,0,0,1,0,0,0,0,2,35,35,0,14,0,14,1,2,1,10
10,7,3,6,0.0,0.0,0.2,0,dense,all,0.055405,5,5,5,5,5,5,3,4,3,5,5,5,5,5,2,2,3,2,15,105,105,7,61,7,61,2,3,2,19
10,7,3,6,0.25,0.25,0.2,0,dense,all,0.108189,2,2,2,3,4,5,1,3,1,4,2,2,2,4,0,0,2,0,9,71,71,1,37,1,37,1,2,1,9
10,7,3,6,0.5,0.5,0.2,0,dense,all,0.085626,0,0,0,2,2,4,0,3,0,3,0,0,0,2,0,0,1,0,4,42,42,0,21,0,21,1,1,1,7
10,7,3,9,0.0,0.0,0.2,0,dense,all,0.079246,5,5,5,5,5,5,3,4,3,5,5,5,5,5,2,2,3,2,15,105,105,7,61,7,61,2,3,2,19
10,7,3,9,0.25,0.25,0.2,0,dense,all,0.243315,2,2,2,4,3,5,1,3,1,4,2,2,2,3,0,0,2,0,9,73,73,1,38,1,38,1,2,1,9
10,7,3,9,0.5,0.5,0.2,0,dense,all,0.153095,0,0,0,2,2,4,1,3,1,3,0,0,0,2,0,0,1,0,4,43,43,1,21,1,21,1,1,1,7
10,7,3,12,0.0,0.0,0.2,0,dense,all,0.105477,5,5,5,5,5,5,3,4,3,5,5,5,5,5,2,2,3,2,15,105,105,7,61,7,61,2,3,2,19
10,7,3,12,0.25,0.25,0.2,0,dense,all,0.232106,2,2,2,3,3,5,1,3,1,4,2,2,2,3,0,0,2,0,9,73,73,1,38,1,38,1,2,1,9
10,7,3,12,0.5,0.5,0.2,0,dense,all,0.206318,0,0,0,2,2,4,0,3,0,3,0,0,0,2,0,0,1,0,4,44,44,0,21,0,21,1,2,1,8
10,7,6,3,0.0,0.0,0.2,0,dense,all,0.052465,5,5,5,5,5,5,4,3,4,5,5,5,5,5,0,0,2,0,30,210,210,11,116,11,116,1,2,1,13
10,7,6,3,0.25,0.25,0.2,0,dense,all,0.079728,1,1,1,4,2,5,2,3,2,5,1,1,1,2,0,0,2,0,17,139,139,5,73,5,73,1,1,1,7
10,7,6,3,0.5,0.5,0.2,0,dense,all,0.058862,0,0,0,2,1,5,1,2,1,4,0,0,0,1,0,0,0,0,5,70,70,1,41,1,41,1,1,1,7
10,7,6,6,0.0,0.0,0.2,0,dense,all,0.099139,5,5,5,5,5,5,4,3,4,5,5,5,5,5,0,0,2,0,30,210,210,11,116,11,116,1,2,1,13
10,7,6,6,0.25,0.25,0.2,0,dense,all,0.175009,1,1,1,4,3,5,2,3,2,5,1,1,1,3,0,0,2,0,19,148,148,7,80,7,80,1,1,1,7
10,7,6,6,0.5,0.5,0.2,0,dense,all,0.144544,0,0,0,2,1,5,1,2,1,4,0,0,0,1,0,0,0,0,7,81,81,3,42,3,42,1,1,1,7
10,7,6,9,0.0,0.0,0.2,0,dense,all,0.160833,5,5,5,5,5,5,4,3,4,5,5,5,5,5,0,0,2,0,30,210,210,11,116,11,116,1,2,1,13
10,7,6,9,0.25,0.25,0.2,0,dense,all,0.367207,2,2,2,4,3,5,2,3,2,5,2,2,2,3,0,0,2,0,19,149,149,7,82,7,82,1,1,1,7
10,7,6,9,0.5,0.5,0.2,0,dense,all,0.310171,1,1,1,2,2,5,1,2,1,4,1,1,1,2,0,0,0,0,9,88,88,2,42,2,42,1,1,1,7
10,7,6,12,0.0,0.0,0.2,0,dense,all,0.267314,5,5,5,5,5,5,4,3,4,5,5,5,5,5,0,0,2,0,30,210,210,11,116,11,116,1,2,1,13
10,7,6,12,0.25,0.25,0.2,0,dense,all,0.529311,2,2,2,4,3,5,2,3,2,5,2,2,2,3,0,0,2,0,20,150,150,7,83,7,83,1,1,1,7
10,7,6,12,0.5,0.5,0.2,0,dense,all,0.352777,1,1,1,2,2,5,2,2,2,4,1,1,1,2,0,0,0,0,10,93,93,3,42,3,42,1,1,1,7
10,7,9,3,0.0,0.0,0.2,0,dense,all,0.065503,5,5,5,5,5,5,4,4,4,5,5,5,5,5,0,0,2,0,45,315,315,20,176,20,176,1,2,1,9
10,7,9,3,0.25,0.25,0.2,0,dense,all,0.127348,1,1,1,4,2,5,3,3,3,5,1,1,1,2,0,0,0,0,22,198,198,9,101,9,101,1,1,1,7
10,7,9,3,0.5,0.5,0.2,0,dense,all,0.074997,0,0,0,2,1,4,1,1,1,3,0,0,0,1,0,0,0,0,10,93,93,2,37,2,37,1,1,1,7
10,7,9,6,0.0,0.0,0.2,0,dense,all,0.153379,5,5,5,5,5,5,4,4,4,5,5,5,5,5,0,0,2,0,45,315,315,20,176,20,176,1,2,1,9
10,7,9,6,0.25,0.25,0.2,0,dense,all,0.314594,2,2,2,4,3,5,3,3,3,5,2,2,2,3,0,0,1,0,27,218,218,13,119,13,119,1,1,1,7
10,7,9,6,0.5,0.5,0.2,0,dense,all,0.187857,0,0,0,3,1,4,2,1,2,3,0,0,0,1,0,0,0,0,14,119,119,6,55,6,55,1,1,1,7
10,7,9,9,0.0,0.0,0.2,0,dense,all,0.209523,5,5,5,5,5,5,4,4,4,5,5,5,5,5,0,0,2,0,45,315,315,20,176,20,176,1,2,1,9
10,7,9,9,0.25,0.25,0.2,0,dense,all,0.504619,2,2,2,4,3,5,3,3,3,5,2,2,2,3,0,0,1,0,28,221,221,14,126,14,126,1,1,1,7
10,7,9,9,0.5,0.5,0.2,0,dense,all,0.282179,0,0,0,3,1,4,2,2,2,4,0,0,0,1,0,0,0,0,14,126,126,6,58,6,58,1,1,1,7
10,7,9,12,0.0,0.0,0.2,0,dense,all,0.293025,5,5,5,5,5,5,4,4,4,5,5,5,5,5,0,0,2,0,45,315,315,20,176,20,176,1,2,1,9
10,7,9,12,0.25,0.25,0.2,0,dense,all,0.678205,2,2,2,4,3,5,3,3,3,5,2,2,2,3,0,0,1,0,27,220,220,14,128,14,128,1,1,1,7
10,7,9,12,0.5,0.5,0.2,0,dense,all,0.467972,0,0,0,3,2,4,2,2,2,4,0,0,0,2,0,0,0,0,15,131,131,6,60,6,60,1,1,1,7
10,7,12,3,0.0,0.0,0.2,0,dense,all,0.131809,5,5,5,5,5,5,4,3,4,5,5,5,5,5,0,0,3,0,60,420,420,32,250,32,250,1,1,1,7
10,7,12,3,0.25,0.25,0.2,0,dense,all,0.245015,1,1,1,4,2,5,4,3,4,5,1,1,1,2,0,0,0,0,32,255,255,15,140,15,140,1,1,1,7
10,7,12,3,0.5,0.5,0.2,0,dense,all,0.154254,0,0,0,2,1,4,2,1,2,4,0,0,0,1,0,0,0,0,12,126,126,6,62,6,62,1,1,1,7
10,7,12,6,0.0,0.0,0.2,0,dense,all,0.209299,5,5,5,5,5,5,4,3,4,5,5,5,5,5,0,0,3,0,60,420,420,32,250,32,250,1,1,1,7
10,7,12,6,0.25,0.25,0.2,0,dense,all,0.442310,1,1,1,4,2,5,4,3,4,5,1,1,1,2,0,0,0,0,37,280,280,19,168,19,168,1,1,1,7
10,7,12,6,0.5,0.5,0.2,0,dense,all,0.286530,0,0,0,3,1,4,2,1,2,4,0,0,0,1,0,0,0,0,17,150,150,7,78,7,78,1,1,1,7
10,7,12,9,0.0,0.0,0.2,0,dense,all,0.290222,5,5,5,5,5,5,4,3,4,5,5,5,5,5,0,0,3,0,60,420,420,32,250,32,250,1,1,1,7
10,7,12,9,0.25,0.25,0.2,0,dense,all,1.067276,2,2,2,4,3,5,4,3,4,5,2,2,2,2,0,0,0,0,38,281,281,20,173,20,173,1,1,1,7
10,7,12,9,0.5,0.5,0.2,0,dense,all,0.573191,0,0,0,3,1,4,2,2,2,4,0,0,0,1,0,0,0,0,20,161,161,8,85,8,85,1,1,1,7
10,7,12,12,0.0,0.0,0.2,0,dense,all,0.533680,5,5,5,5,5,5,4,3,4,5,5,5,5,5,0,0,3,0,60,420,420,32,250,32,250,1,1,1,7
10,7,12,12,0.25,0.25,0.2,0,dense,all,1.612158,2,2,2,4,3,5,4,3,4,5,2,2,2,2,0,0,0,0,37,285,285,21,175,21,175,1,1,1,7
10,7,12,12,0.5,0.5,0.2,0,dense,all,0.681047,0,0,0,3,1,4,2,2,2,4,0,0,0,1,0,0,0,0,21,170,170,8,87,8,87,1,1,1,7
10,9,3,3,0.0,0.0,0.2,0,dense,all,0.034795,5,5,5,5,5,5,3,4,3,5,5,5,5,5,0,0,3,0,15,135,135,7,83,7,83,2,4,2,28
10,9,3,3,0.25,0.25,0.2,0,dense,all,0.058466,1,1,1,3,4,5,2,3,2,4,1,1,1,4,0,0,2,0,6,85,85,4,56,4,56,1,2,1,17
10,9,3,3,0.5,0.5,0.2,0,dense,all,0.037528,0,0,0,1,2,5,1,2,1,3,0,0,0,2,0,0,2,0,2,47,47,1,26,1,26,1,2,1,12
10,9,3,6,0.0,0.0,0.2,0,dense,all,0.066937,5,5,5,5,5,5,3,4,3,5,5,5,5,5,0,0,3,0,15,135,135,7,83,7,83,2,4,2,28
10,9,3,6,0.25,0.25,0.2,0,dense,all,0.146499,1,1,1,3,4,5,2,3,2,5,1,1,1,4,0,0,3,0,6,90,90,5,62,5,62,1,2,1,15
10,9,3,6,0.5,0.5,0.2,0,dense,all,0.084466,0,0,0,1,2,5,1,2,1,3,0,0,0,2,0,0,1,0,1,52,52,1,29,1,29,0,1,0,6
10,9,3,9,0.0,0.0,0.2,0,dense,all,0.104768,5,5,5,5,5,5,3,4,3,5,5,5,5,5,0,0,3,0,15,135,135,7,83,7,83,2,4,2,28
10,9,3,9,0.25,0.25,0.2,0,dense,all,0.182174,1,1,1,3,4,5,2,3,2,5,1,1,1,4,0,0,3,0,7,93,93,5,63,5,63,1,2,1,15
10,9,3,9,0.5,0.5,0.2,0,dense,all,0.170491,0,0,0,1,2,5,1,2,1,4,0,0,0,2,0,0,1,0,2,56,56,1,30,1,30,0,1,0,8
10,9,3,12,0.0,0.0,0.2,0,dense,all,0.157659,5,5,5,5,5,5,3,4,3,5,5,5,5,5,0,0,3,0,15,135,135,7,83,7,83,2,4,2,28
10,9,3,12,0.25,0.25,0.2,0,dense,all,0.284740,2,2,2,3,4,5,3,3,3,5,2,2,2,4,0,0,3,0,8,94,94,6,67,6,67,1,2,1,15
10,9,3,12,0.5,0.5,0.2,0,dense,all,0.179479,0,0,0,1,2,5,1,2,1,4,0,0,0,2,0,0,1,0,1,55,55,1,36,1,36,0,2,0,8
10,9,6,3,0.0,0.0,0.2,0,dense,all,0.067199,5,5,5,5,5,5,3,4,3,5,5,5,5,5,0,0,2,0,30,270,270,11,153,11,153,1,2,1,17
10,9,6,3,0.25,0.25,0.2,0,dense,all,0.098958,0,0,0,4,3,5,3,2,3,4,0,0,0,3,0,0,1,0,14,163,163,6,86,6,86,1,2,1,10
10,9,6,3,0.5,0.5,0.2,0,dense,all,0.085520,0,0,0,2,1,4,1,1,1,3,0,0,0,1,0,0,0,0,7,80,80,1,39,1,39,1,1,1,9
10,9,6,6,0.0,0.0,0.2,0,dense,all,0.118167,5,5,5,5,5,5,3,4,3,5,5,5,5,5,0,0,2,0,30,270,270,11,153,11,153,1,2,1,17
10,9,6,6,0.25,0.25,0.2,0,dense,all,0.186811,1,1,1,4,3,5,3,2,3,4,1,1,1,3,0,0,1,0,16,177,177,5,100,5,100,1,2,1,10
10,9,6,6,0.5,0.5,0.2,0,dense,all,0.172490,0,0,0,2,2,4,1,2,1,3,0,0,0,2,0,0,0,0,7,99,99,3,48,3,48,1,1,1,9
10,9,6,9,0.0,0.0,0.2,0,dense,all,0.183276,5,5,5,5,5,5,3,4,3,5,5,5,5,5,0,0,2,0,30,270,270,11,153,11,153,1,2,1,17
10,9,6,9,0.25,0.25,0.2,0,dense,all,0.402234,1,1,1,4,3,5,3,3,3,4,1,1,1,3,0,0,1,0,16,179,179,6,101,6,101,1,2,1,10
10,9,6,9,0.5,0.5,0.2,0,dense,all,0.478846,0,0,0,2,2,4,2,2,2,3,0,0,0,2,0,0,0,0,9,104,104,4,53,4,53,1,1,1,9
10,9,6,12,0.0,0.0,0.2,0,dense,all,0.347410,5,5,5,5,5,5,3,4,3,5,5,5,5,5,0,0,2,0,30,270,270,11,153,11,153,1,2,1,17
10,9,6,12,0.25,0.25,0.2,0,dense,all,0.517712,1,1,1,4,3,5,3,2,3,4,1,1,1,3,0,0,1,0,18,183,183,6,103,6,103,1,1,1,9
10,9,6,12,0.5,0.5,0.2,0,dense,all,0.445720,0,0,0,3,2,4,1,2,1,3,0,0,0,2,0,0,1,0,9,109,109,3,54,3,54,1,1,1,9
10,9,9,3,0.0,0.0,0.2,0,dense,all,0.108262,5,5,5,5,5,5,3,4,3,5,5,5,5,5,0,0,2,0,45,405,405,20,231,20,231,1,2,1,12
10,9,9,3,0.25,0.25,0.2,0,dense,all,0.244266,1,1,1,4,2,5,3,3,3,5,1,1,1,2,0,0,1,0,24,252,252,12,141,12,141,1,1,1,9
10,9,9,3,0.5,0.5,0.2,0,dense,all,0.141145,0,0,0,2,0,4,1,1,1,3,0,0,0,0,0,0,0,0,10,110,110,4,52,4,52,1,1,1,9
10,9,9,6,0.0,0.0,0.2,0,dense,all,0.290413,5,5,5,5,5,5,3,4,3,5,5,5,5,5,0,0,2,0,45,405,405,20,231,20,231,1,2,1,12
10,9,9,6,0.25,0.25,0.2,0,dense,all,0.421997,1,1,1,4,3,5,3,3,3,5,1,1,1,3,0,0,1,0,26,273,273,14,160,14,160,1,1,1,9
10,9,9,6,0.5,0.5,0.2,0,dense,all,0.340791,0,0,0,3,1,4,2,2,2,4,0,0,0,1,0,0,0,0,12,140,140,6,72,6,72,1,1,1,9
10,9,9,9,0.0,0.0,0.2,0,dense,all,0.396632,5,5,5,5,5,5,3,4,3,5,5,5,5,5,0,0,2,0,45,405,405,20,231,20,231,1,2,1,12
10,9,9,9,0.25,0.25,0.2,0,dense,all,0.719613,1,1,1,4,3,5,3,3,3,5,1,1,1,3,0,0,1,0,27,281,281,15,167,15,167,1,1,1,9
10,9,9,9,0.5,0.5,0.2,0,dense,all,0.465099,0,0,0,3,1,4,2,2,2,4,0,0,0,1,0,0,0,0,14,154,154,7,79,7,79,1,1,1,9
10,9,9,12,0.0,0.0,0.2,0,dense,all,0.510898,5,5,5,5,5,5,3,4,3,5,5,5,5,5,0,0,2,0,45,405,405,20,231,20,231,1,2,1,12
10,9,9,12,0.25,0.25,0.2,0,dense,all,1.478212,2,2,2,4,3,5,3,3,3,5,2,2,2,3,0,0,1,0,28,286,286,15,168,15,168,1,1,1,9
10,9,9,12,0.5,0.5,0.2,0,dense,all,0.617830,0,0,0,3,2,4,2,2,2,4,0,0,0,2,0,0,0,0,15,164,164,6,89,6,89,1,1,1,9
10,9,12,3,0.0,0.0,0.2,0,dense,all,0.130652,5,5,5,5,5,5,4,4,4,5,5,5,5,5,0,0,2,0,60,540,540,25,308,25,308,1,1,1,9
10,9,12,3,0.25,0.25,0.2,0,dense,all,0.233088,1,1,1,4,3,5,3,2,3,5,1,1,1,3,0,0,1,0,33,346,346,15,194,15,194,1,1,1,9
10,9,12,3,0.5,0.5,0.2,0,dense,all,0.163723,0,0,0,2,1,4,1,1,1,4,0,0,0,1,0,0,0,0,14,169,169,2,85,2,85,1,1,1,9
10,9,12,6,0.0,0.0,0.2,0,dense,all,0.296622,5,5,5,5,5,5,4,4,4,5,5,5,5,5,0,0,2,0,60,540,540,25,308,25,308,1,1,1,9
10,9,12,6,0.25,0.25,0.2,0,dense,all,0.531905,1,1,1,4,3,5,3,2,3,5,1,1,1,3,0,0,1,0,34,365,365,17,219,17,219,1,1,1,9
10,9,12,6,0.5,0.5,0.2,0,dense,all,0.396180,0,0,0,3,1,4,2,1,2,4,0,0,0,1,0,0,0,0,17,190,190,5,108,5,108,1,1,1,9
10,9,12,9,0.0,0.0,0.2,0,dense,all,0.452521,5,5,5,5,5,5,4,4,4,5,5,5,5,5,0,0,2,0,60,540,540,25,308,25,308,1,1,1,9
10,9,12,9,0.25,0.25,0.2,0,dense,all,0.746254,1,1,1,4,3,5,3,2,3,5,1,1,1,3,0,0,1,0,37,372,372,17,222,17,222,1,1,1,9
10,9,12,9,0.5,0.5,0.2,0,dense,all,0.569114,0,0,0,3,1,4,2,2,2,4,0,0,0,1,0,0,0,0,21,211,211,7,120,7,120,1,1,1,9
10,9,12,12,0.0,0.0,0.2,0,dense,all,0.614879,5,5,5,5,5,5,4,4,4,5,5,5,5,5,0,0,2,0,60,540,540,25,308,25,308,1,1,1,9
10,9,12,12,0.25,0.25,0.2,0,dense,all,0.911592,1,1,1,4,3,5,3,3,3,5,1,1,1,3,0,0,1,0,37,375,375,19,228,19,228,1,1,1,9
10,9,12,12,0.5,0.5,0.2,0,dense,all,0.679412,0,0,0,3,1,4,2,2,2,4,0,0,0,1,0,0,0,0,20,217,217,9,126,9,126,1,1,1,9
10,11,3,3,0.0,0.0,0.2,0,dense,all,0.048729,5,5,5,5,5,5,3,4,3,5,5,5,5,5,1,1,3,1,15,165,165,6,100,6,100,2,4,2,33
10,11,3,3,0.25,0.25,0.2,0,dense,all,0.064313,1,1,1,3,4,5,2,4,2,4,1,1,1,4,0,0,3,0,7,111,111,3,63,3,63,1,3,1,22
10,11,3,3,0.5,0.5,0.2,0,dense,all,0.056285,0,0,0,2,2,4,0,2,0,3,0,0,0,2,0,0,1,0,3,59,59,0,19,0,19,0,2,0,14
10,11,3,6,0.0,0.0,0.2,0,dense,all,0.098358,5,5,5,5,5,5,3,4,3,5,5,5,5,5,1,1,3,1,15,165,165,6,100,6,100,2,4,2,33
10,11,3,6,0.25,0.25,0.2,0,dense,all,0.164953,1,1,1,3,4,5,2,4,2,4,1,1,1,4,0,0,3,0,8,117,117,3,69,3,69,1,3,1,21
10,11,3,6,0.5,0.5,0.2,0,dense,all,0.180913,1,1,1,2,2,4,1,2,1,3,1,1,1,2,0,0,2,0,4,72,72,2,34,2,34,1,2,1,12
10,11,3,9,0.0,0.0,0.2,0,dense,all,0.156167,5,5,5,5,5,5,3,4,3,5,5,5,5,5,1,1,3,1,15,165,165,6,100,6,100,2,4,2,33
10,11,3,9,0.25,0.25,0.2,0,dense,all,0.322946,2,2,2,4,4,5,2,4,2,4,2,2,2,4,0,0,3,0,10,121,121,3,74,3,74,1,3,1,22
10,11,3,9,0.5,0.5,0.2,0,dense,all,0.230113,1,1,1,2,2,4,2,2,2,3,1,1,1,2,0,0,1,0,4,76,76,2,36,2,36,1,1,1,11
10,11,3,12,0.0,0.0,0.2,0,dense,all,0.186565,5,5,5,5,5,5,3,4,3,5,5,5,5,5,1,1,3,1,15,165,165,6,100,6,100,2,4,2,33
10,11,3,12,0.25,0.25,0.2,0,dense,all,0.333543,2,2,2,4,4,5,3,4,3,4,2,2,2,4,0,0,3,0,10,121,121,3,75,3,75,1,3,1,21
10,11,3,12,0.5,0.5,0.2,0,dense,all,0.311465,0,0,0,3,3,4,1,2,1,3,0,0,0,3,0,0,2,0,6,82,82,2,37,2,37,1,2,1,12
10,11,6,3,0.0,0.0,0.2,0,dense,all,0.079383,5,5,5,5,5,5,3,4,3,5,5,5,5,5,0,0,3,0,30,330,330,10,197,10,197,1,3,1,22
10,11,6,3,0.25,0.25,0.2,0,dense,all,0.137505,0,0,0,4,3,5,3,3,3,5,0,0,0,3,0,0,1,0,14,213,213,5,105,5,105,1,1,1,11
10,11,6,3,0.5,0.5,0.2,0,dense,all,0.123943,0,0,0,2,1,4,1,2,1,4,0,0,0,1,0,0,0,0,6,98,98,2,53,2,53,0,1,0,10
10,11,6,6,0.0,0.0,0.2,0,dense,all,0.229246,5,5,5,5,5,5,3,4,3,5,5,5,5,5,0,0,3,0,30,330,330,10,197,10,197,1,3,1,22
10,11,6,6,0.25,0.25,0.2,0,dense,all,0.344395,1,1,1,4,3,5,3,4,3,5,1,1,1,3,0,0,2,0,17,227,227,6,128,6,128,1,1,1,11
10,11,6,6,0.5,0.5,0.2,0,dense,all,0.231805,0,0,0,2,1,4,1,2,1,4,0,0,0,1,0,0,1,0,8,121,121,2,72,2,72,1,1,1,11
10,11,6,9,0.0,0.0,0.2,0,dense,all,0.239942,5,5,5,5,5,5,3,4,3,5,5,5,5,5,0,0,3,0,30,330,330,10,197,10,197,1,3,1,22
10,11,6,9,0.25,0.25,0.2,0,dense,all,0.583447,2,2,2,4,3,5,3,4,3,5,2,2,2,3,0,0,1,0,17,229,229,8,134,8,134,1,1,1,11
10,11,6,9,0.5,0.5,0.2,0,dense,all,0.375326,0,0,0,3,1,4,2,3,2,4,0,0,0,1,0,0,1,0,8,128,128,3,81,3,81,1,1,1,11
10,11,6,12,0.0,0.0,0.2,0,dense,all,0.305686,5,5,5,5,5,5,3,4,3,5,5,5,5,5,0,0,3,0,30,330,330,10,197,10,197,1,3,1,22
10,11,6,12,0.25,0.25,0.2,0,dense,all,0.803630,2,2,2,4,3,5,3,4,3,5,2,2,2,3,0,0,2,0,17,228,228,8,135,8,135,1,1,1,11
10,11,6,12,0.5,0.5,0.2,0,dense,all,0.630252,0,0,0,3,2,4,2,3,2,4,0,0,0,2,0,0,1,0,8,131,131,3,81,3,81,1,1,1,11
10,11,9,3,0.0,0.0,0.2,0,dense,all,0.132023,5,5,5,5,5,5,4,4,4,5,5,5,5,5,0,0,2,0,45,495,495,19,287,19,287,1,2,1,15
10,11,9,3,0.25,0.25,0.2,0,dense,all,0.185241,0,0,0,4,2,5,3,3,3,5,0,0,0,2,0,0,1,0,21,299,299,7,171,7,171,1,1,1,11
10,11,9,3,0.5,0.5,0.2,0,dense,all,0.110218,0,0,0,1,1,5,1,1,1,4,0,0,0,1,0,0,0,0,7,155,155,3,68,3,68,1,1,1,11
10,11,9,6,0.0,0.0,0.2,0,dense,all,0.245868,5,5,5,5,5,5,4,4,4,5,5,5,5,5,0,0,2,0,45,495,495,19,287,19,287,1,2,1,15
10,11,9,6,0.25,0.25,0.2,0,dense,all,0.503847,1,1,1,4,3,5,3,4,3,5,1,1,1,3,0,0,2,0,23,326,326,11,197,11,197,1,1,1,11
10,11,9,6,0.5,0.5,0.2,0,dense,all,0.291179,0,0,0,2,1,5,2,2,2,4,0,0,0,1,0,0,0,0,11,182,182,5,101,5,101,1,1,1,11
10,11,9,9,0.0,0.0,0.2,0,dense,all,0.444126,5,5,5,5,5,5,4,4,4,5,5,5,5,5,0,0,2,0,45,495,495,19,287,19,287,1,2,1,15
10,11,9,9,0.25,0.25,0.2,0,dense,all,0.732553,1,1,1,4,3,5,3,4,3,5,1,1,1,3,0,0,2,0,27,338,338,10,199,10,199,1,1,1,11
10,11,9,9,0.5,0.5,0.2,0,dense,all,0.450193,0,0,0,3,1,5,2,2,2,4,0,0,0,1,0,0,0,0,12,186,186,5,107,5,107,1,1,1,11
10,11,9,12,0.0,0.0,0.2,0,dense,all,0.618173,5,5,5,5,5,5,4,4,4,5,5,5,5,5,0,0,2,0,45,495,495,19,287,19,287,1,2,1,15
10,11,9,12,0.25,0.25,0.2,0,dense,all,0.912576,1,1,1,4,3,5,3,4,3,5,1,1,1,3,0,0,2,0,27,341,341,10,204,10,204,1,1,1,11
10,11,9,12,0.5,0.5,0.2,0,dense,all,0.633917,0,0,0,2,1,5,2,3,2,4,0,0,0,1,0,0,0,0,13,203,203,6,110,6,110,1,1,1,11
10,11,12,3,0.0,0.0,0.2,0,dense,all,0.145756,5,5,5,5,5,5,4,4,4,5,5,5,5,5,0,0,2,0,60,660,660,27,398,27,398,1,2,1,12
10,11,12,3,0.25,0.25,0.2,0,dense,all,0.221796,0,0,0,4,2,5,3,3,3,5,0,0,0,2,0,0,0,0,34,412,412,17,232,17,232,1,1,1,11
10,11,12,3,0.5,0.5,0.2,0,dense,all,0.168673,0,0,0,3,1,4,2,1,2,4,0,0,0,1,0,0,0,0,15,197,197,4,90,4,90,1,1,1,11
10,11,12,6,0.0,0.0,0.2,0,dense,all,0.297502,5,5,5,5,5,5,4,4,4,5,5,5,5,5,0,0,2,0,60,660,660,27,398,27,398,1,2,1,12
10,11,12,6,0.25,0.25,0.2,0,dense,all,0.642596,1,1,1,4,3,5,4,3,4,5,1,1,1,3,0,0,1,0,36,440,440,21,278,21,278,1,1,1,11
10,11,12,6,0.5,0.5,0.2,0,dense,all,0.466546,0,0,0,3,1,4,2,2,2,4,0,0,0,1,0,0,0,0,19,231,231,9,142,9,142,1,1,1,11
10,11,12,9,0.0,0.0,0.2,0,dense,all,0.516337,5,5,5,5,5,5,4,4,4,5,5,5,5,5,0,0,2,0,60,660,660,27,398,27,398,1,2,1,12
10,11,12,9,0.25,0.25,0.2,0,dense,all,0.826005,1,1,1,4,3,5,4,3,4,5,1,1,1,3,0,0,1,0,37,450,450,21,275,21,275,1,1,1,11
10,11,12,9,0.5,0.5,0.2,0,dense,all,0.637932,0,0,0,3,1,4,2,2,2,4,0,0,0,1,0,0,0,0,20,252,252,10,155,10,155,1,1,1,11
10,11,12,12,0.0,0.0,0.2,0,dense,all,0.696840,5,5,5,5,5,5,4,4,4,5,5,5,5,5,0,0,2,0,60,660,660,27,398,27,398,1,2,1,12
10,11,12,12,0.25,0.25,0.2,0,dense,all,1.261609,1,1,1,4,3,5,4,3,4,5,1,1,1,3,0,0,1,0,38,455,455,21,284,21,284,1,1,1,11
10,11,12,12,0.5,0.5,0.2,0,dense,all,1.147104,0,0,0,3,1,4,2,2,2,4,0,0,0,1,0,0,0,0,22,264,264,10,159,10,159,1,1,1,11
15,3,3,3,0.0,0.0,0.2,0,dense,all,0.036079,8,8,8,8,8,8,5,6,5,7,8,8,8,8,3,3,5,3,24,72,72,13,44,13,44,3,5,3,12
15,3,3,3,0.25,0.25,0.2,0,dense,all,0.050411,3,3,3,5,4,8,4,4,4,6,3,3,3,4,0,0,2,0,13,43,43,7,28,7,28,2,3,2,8
15,3,3,3,0.5,0.5,0.2,0,dense,all,0.028878,0,0,0,3,1,4,1,0,1,4,0,0,0,1,0,0,0,0,5,21,21,1,9,1,9,1,2,1,4
15,3,3,6,0.0,0.0,0.2,0,dense,all,0.044192,8,8,8,8,8,8,5,6,5,7,8,8,8,8,3,3,5,3,24,72,72,13,44,13,44,3,5,3,12
15,3,3,6,0.25,0.25,0.2,0,dense,all,0.068151,3,3,3,6,4,8,4,4,4,7,3,3,3,4,0,0,3,0,15,46,46,7,31,7,31,2,3,2,8
15,3,3,6,0.5,0.5,0.2,0,dense,all,0.069878,1,1,1,4,3,5,3,2,3,4,1,1,1,3,0,0,2,0,7,28,28,4,17,4,17,1,2,1,4
15,3,3,9,0.0,0.0,0.2,0,dense,all,0.055038,8,8,8,8,8,8,5,6,5,7,8,8,8,8,3,3,5,3,24,72,72,13,44,13,44,3,5,3,12
15,3,3,9,0.25,0.25,0.2,0,dense,all,0.090976,4,4,4,6,5,8,4,4,4,6,4,4,4,5,0,0,3,0,15,49,49,8,32,8,32,2,3,2,8
15,3,3,9,0.5,0.5,0.2,0,dense,all,0.095175,2,2,2,4,3,5,3,2,3,4,2,2,2,2,0,0,2,0,9,29,29,3,17,3,17,1,2,1,5
15,3,3,12,0.0,0.0,0.2,0,dense,all,0.060437,8,8,8,8,8,8,5,6,5,7,8,8,8,8,3,3,5,3,24,72,72,13,44,13,44,3,5,3,12
15,3,3,12,0.25,0.25,0.2,0,dense,all,0.102022,4,4,4,6,5,8,4,4,4,7,4,4,4,5,0,0,3,0,15,48,48,8,33,8,33,2,3,2,8
15,3,3,12,0.5,0.5,0.2,0,dense,all,0.129595,2,2,2,4,3,5,3,2,3,4,2,2,2,2,0,0,2,0,9,30,30,4,18,4,18,1,2,1,4
15,3,6,3,0.0,0.0,0.2,0,dense,all,0.034957,8,8,8,8,8,8,7,6,7,7,8,8,8,8,0,0,5,0,48,144,144,26,89,26,89,2,3,2,7
15,3,6,3,0.25,0.25,0.2,0,dense,all,0.054017,2,2,2,6,3,7,5,3,5,6,2,2,2,3,0,0,3,0,26,85,85,16,56,16,56,1,2,1,5
15,3,6,3,0.5,0.5,0.2,0,dense,all,0.045660,0,0,0,4,1,5,2,2,2,4,0,0,0,1,0,0,0,0,9,37,37,6,22,6,22,1,1,1,3
15,3,6,6,0.0,0.0,0.2,0,dense,all,0.063747,8,8,8,8,8,8,7,6,7,7,8,8,8,8,0,0,5,0,48,144,144,26,89,26,89,2,3,2,7
15,3,6,6,0.25,0.25,0.2,0,dense,all,0.099373,2,2,2,6,4,7,5,4,5,6,2,2,2,4,0,0,3,0,27,88,88,18,60,18,60,1,1,1,3
15,3,6,6,0.5,0.5,0.2,0,dense,all,0.087474,1,1,1,4,2,5,2,2,2,4,1,1,1,2,0,0,0,0,14,49,49,7,29,7,29,1,1,1,3
15,3,6,9,0.0,0.0,0.2,0,dense,all,0.081118,8,8,8,8,8,8,7,6,7,7,8,8,8,8,0,0,5,0,48,144,144,26,89,26,89,2,3,2,7
15,3,6,9,0.25,0.25,0.2,0,dense,all,0.159034,2,2,2,6,4,7,5,4,5,6,2,2,2,4,0,0,3,0,28,88,88,18,61,18,61,1,1,1,3
15,3,6,9,0.5,0.5,0.2,0,dense,all,0.136652,1,1,1,5,2,5,3,2,3,4,1,1,1,2,0,0,1,0,16,55,55,10,33,10,33,1,1,1,3
15,3,6,12,0.0,0.0,0.2,0,dense,all,0.106197,8,8,8,8,8,8,7,6,7,7,8,8,8,8,0,0,5,0,48,144,144,26,89,26,89,2,3,2,7
15,3,6,12,0.25,0.25,0.2,0,dense,all,0.186821,2,2,2,6,4,7,5,4,5,6,2,2,2,4,0,0,3,0,28,90,90,18,61,18,61,1,1,1,3
15,3,6,12,0.5,0.5,0.2,0,dense,all,0.167048,1,1,1,5,2,5,3,2,3,4,1,1,1,2,0,0,1,0,15,54,54,11,36,11,36,1,1,1,3
15,3,9,3,0.0,0.0,0.2,0,dense,all,0.046516,8,8,8,8,8,8,6,5,6,7,8,8,8,8,2,2,3,2,72,216,216,44,137,44,137,1,2,1,5
15,3,9,3,0.25,0.25,0.2,0,dense,all,0.074296,2,2,2,6,4,7,5,3,5,6,2,2,2,4,0,0,1,0,37,127,127,19,75,19,75,1,1,1,3
15,3,9,3,0.5,0.5,0.2,0,dense,all,0.090161,0,0,0,4,1,6,3,0,3,4,0,0,0,1,0,0,0,0,19,63,63,8,26,8,26,1,1,1,3
15,3,9,6,0.0,0.0,0.2,0,dense,all,0.115996,8,8,8,8,8,8,6,5,6,7,8,8,8,8,2,2,3,2,72,216,216,44,137,44,137,1,2,1,5
15,3,9,6,0.25,0.25,0.2,0,dense,all,0.246262,3,3,3,6,5,7,5,3,5,6,3,3,3,5,0,0,1,0,42,142,142,25,84,25,84,1,1,1,3
15,3,9,6,0.5,0.5,0.2,0,dense,all,0.199197,1,1,1,4,2,6,3,1,3,4,1,1,1,2,0,0,0,0,25,81,81,11,37,11,37,1,1,1,3
15,3,9,9,0.0,0.0,0.2,0,dense,all,0.130734,8,8,8,8,8,8,6,5,6,7,8,8,8,8,2,2,3,2,72,216,216,44,137,44,137,1,2,1,5
15,3,9,9,0.25,0.25,0.2,0,dense,all,0.244907,3,3,3,6,5,7,5,4,5,6,3,3,3,5,0,0,2,0,44,144,144,25,87,25,87,1,1,1,3
15,3,9,9,0.5,0.5,0.2,0,dense,all,0.229990,1,1,1,5,2,6,4,1,4,5,1,1,1,2,0,0,0,0,26,89,89,12,42,12,42,1,1,1,3
15,3,9,12,0.0,0.0,0.2,0,dense,all,0.178636,8,8,8,8,8,8,6,5,6,7,8,8,8,8,2,2,3,2,72,216,216,44,137,44,137,1,2,1,5
15,3,9,12,0.25,0.25,0.2,0,dense,all,0.437402,3,3,3,6,5,7,5,4,5,6,3,3,3,5,0,0,2,0,43,144,144,25,88,25,88,1,1,1,3
15,3,9,12,0.5,0.5,0.2,0,dense,all,0.392709,1,1,1,5,2,6,4,1,4,5,1,1,1,2,0,0,0,0,26,88,88,13,42,13,42,1,1,1,3
15,3,12,3,0.0,0.0,0.2,0,dense,all,0.087197,8,8,8,8,8,8,7,5,7,8,8,8,8,8,2,2,4,2,96,288,288,52,183,52,183,1,1,1,3
15,3,12,3,0.25,0.25,0.2,0,dense,all,0.131906,2,2,2,5,3,7,3,2,3,6,2,2,2,3,0,0,1,0,51,161,161,21,87,21,87,1,1,1,3
15,3,12,3,0.5,0.5,0.2,0,dense,all,0.063100,0,0,0,4,1,5,1,0,1,4,0,0,0,1,0,0,0,0,20,70,70,2,21,2,21,1,1,1,3
15,3,12,6,0.0,0.0,0.2,0,dense,all,0.114833,8,8,8,8,8,8,7,5,7,8,8,8,8,8,2,2,4,2,96,288,288,52,183,52,183,1,1,1,3
15,3,12,6,0.25,0.25,0.2,0,dense,all,0.311940,3,3,3,6,4,7,4,3,4,7,3,3,3,4,0,0,2,0,56,177,177,25,106,25,106,1,1,1,3
15,3,12,6,0.5,0.5,0.2,0,dense,all,0.163298,1,1,1,4,1,6,2,1,2,4,1,1,1,1,0,0,0,0,29,96,96,6,42,6,42,1,1,1,3
15,3,12,9,0.0,0.0,0.2,0,dense,all,0.186645,8,8,8,8,8,8,7,5,7,8,8,8,8,8,2,2,4,2,96,288,288,52,183,52,183,1,1,1,3
15,3,12,9,0.25,0.25,0.2,0,dense,all,0.570794,3,3,3,6,4,7,4,3,4,7,3,3,3,4,0,0,2,0,57,183,183,28,112,28,112,1,1,1,3
15,3,12,9,0.5,0.5,0.2,0,dense,all,0.379097,1,1,1,5,2,6,2,1,2,4,1,1,1,2,0,0,1,0,34,106,106,9,48,9,48,1,1,1,3
15,3,12,12,0.0,0.0,0.2,0,dense,all,0.248442,8,8,8,8,8,8,7,5,7,8,8,8,8,8,2,2,4,2,96,288,288,52,183,52,183,1,1,1,3
15,3,12,12,0.25,0.25,0.2,0,dense,all,0.709656,3,3,3,6,4,7,4,3,4,7,3,3,3,4,0,0,2,0,58,184,184,28,112,28,112,1,1,1,3
15,3,12,12,0.5,0.5,0.2,0,dense,all,0.369156,0,0,0,5,2,6,2,1,2,4,0,0,0,2,0,0,1,0,34,109,109,9,51,9,51,1,1,1,3
15,5,3,3,0.0,0.0,0.2,0,dense,all,0.034328,8,8,8,8,8,8,6,6,6,7,8,8,8,8,3,3,4,3,24,120,120,14,75,14,75,4,5,4,22
15,5,3,3,0.25,0.25,0.2,0,dense,all,0.054675,2,2,2,6,5,7,3,3,3,5,2,2,2,5,1,1,3,1,13,72,72,7,43,7,43,1,3,1,12
15,5,3,3,0.5,0.5,0.2,0,dense,all,0.034801,0,0,0,2,2,5,0,2,0,3,0,0,0,2,0,0,0,0,3,34,34,0,15,0,15,0,2,0,7
15,5,3,6,0.0,0.0,0.2,0,dense,all,0.047610,8,8,8,8,8,8,6,6,6,7,8,8,8,8,3,3,4,3,24,120,120,14,75,14,75,4,5,4,22
15,5,3,6,0.25,0.25,0.2,0,dense,all,0.081601,3,3,3,6,5,7,3,3,3,5,3,3,3,5,1,1,3,1,14,76,76,8,47,8,47,2,3,2,12
15,5,3,6,0.5,0.5,0.2,0,dense,all,0.071869,1,1,1,3,2,5,2,2,2,4,1,1,1,2,0,0,1,0,6,40,40,3,22,3,22,0,2,0,5
15,5,3,9,0.0,0.0,0.2,0,dense,all,0.067915,8,8,8,8,8,8,6,6,6,7,8,8,8,8,3,3,4,3,24,120,120,14,75,14,75,4,5,4,22
15,5,3,9,0.25,0.25,0.2,0,dense,all,0.115236,3,3,3,6,6,7,4,3,4,6,3,3,3,6,2,2,3,2,14,80,80,9,50,9,50,2,3,2,12
15,5,3,9,0.5,0.5,0.2,0,dense,all,0.102717,1,1,1,3,2,5,2,1,2,4,1,1,1,2,0,0,1,0,7,43,43,3,24,3,24,0,1,0,4
15,5,3,12,0.0,0.0,0.2,0,dense,all,0.089654,8,8,8,8,8,8,6,6,6,7,8,8,8,8,3,3,4,3,24,120,120,14,75,14,75,4,5,4,22
15,5,3,12,0.25,0.25,0.2,0,dense,all,0.160375,3,3,3,6,6,7,4,3,4,5,3,3,3,6,2,2,3,2,14,80,80,9,52,9,52,2,3,2,12
15,5,3,12,0.5,0.5,0.2,0,dense,all,0.161143,1,1,1,3,3,5,2,2,2,4,1,1,1,3,0,0,1,0,7,46,46,4,26,4,26,1,1,1,5
15,5,6,3,0.0,0.0,0.2,0,dense,all,0.045398,8,8,8,8,8,8,6,5,6,7,8,8,8,8,1,1,4,1,48,240,240,24,142,24,142,2,4,2,12
15,5,6,3,0.25,0.25,0.2,0,dense,all,0.057660,0,0,0,6,5,7,3,3,3,6,0,0,0,5,0,0,1,0,22,142,142,10,69,10,69,1,1,1,5
15,5,6,3,0.5,0.5,0.2,0,dense,all,0.047062,0,0,0,3,1,5,1,1,1,4,0,0,0,1,0,0,0,0,9,56,56,2,19,2,19,1,1,1,5
15,5,6,6,0.0,0.0,0.2,0,dense,all,0.087064,8,8,8,8,8,8,6,5,6,7,8,8,8,8,1,1,4,1,48,240,240,24,142,24,142,2,4,2,12
15,5,6,6,0.25,0.25,0.2,0,dense,all,0.127595,0,0,0,6,5,7,4,3,4,6,0,0,0,5,0,0,2,0,24,151,151,11,77,11,77,1,1,1,5
15,5,6,6,0.5,0.5,0.2,0,dense,all,0.149702,1,1,1,4,2,5,2,2,2,4,1,1,1,2,0,0,1,0,13,78,78,4,33,4,33,1,1,1,5
15,5,6,9,0.0,0.0,0.2,0,dense,all,0.131994,8,8,8,8,8,8,6,5,6,7,8,8,8,8,1,1,4,1,48,240,240,24,142,24,142,2,4,2,12
15,5,6,9,0.25,0.25,0.2,0,dense,all,0.197964,1,1,1,6,5,7,3,3,3,6,1,1,1,5,0,0,2,0,26,157,157,13,82,13,82,1,1,1,5
15,5,6,9,0.5,0.5,0.2,0,dense,all,0.261608,0,0,0,3,3,6,2,2,2,4,0,0,0,3,0,0,1,0,15,88,88,5,39,5,39,1,1,1,5
15,5,6,12,0.0,0.0,0.2,0,dense,all,0.207858,8,8,8,8,8,8,6,5,6,7,8,8,8,8,1,1,4,1,48,240,240,24,142,24,142,2,4,2,12
15,5,6,12,0.25,0.25,0.2,0,dense,all,0.412151,2,2,2,6,5,7,4,3,4,6,2,2,2,5,0,0,2,0,27,158,158,13,85,13,85,1,1,1,5
15,5,6,12,0.5,0.5,0.2,0,dense,all,0.362820,1,1,1,4,3,6,2,2,2,5,1,1,1,3,0,0,1,0,16,92,92,6,43,6,43,1,1,1,5
15,5,9,3,0.0,0.0,0.2,0,dense,all,0.088576,8,8,8,8,8,8,6,6,6,8,8,8,8,8,2,2,3,2,72,360,360,35,215,35,215,1,3,1,7
15,5,9,3,0.25,0.25,0.2,0,dense,all,0.159483,1,1,1,6,4,7,4,3,4,6,1,1,1,4,0,0,1,0,36,214,214,17,98,17,98,1,1,1,5
15,5,9,3,0.5,0.5,0.2,0,dense,all,0.113777,0,0,0,3,1,5,2,0,2,3,0,0,0,1,0,0,0,0,11,81,81,2,21,2,21,1,1,1,5
15,5,9,6,0.0,0.0,0.2,0,dense,all,0.182421,8,8,8,8,8,8,6,6,6,8,8,8,8,8,2,2,3,2,72,360,360,35,215,35,215,1,3,1,7
15,5,9,6,0.25,0.25,0.2,0,dense,all,0.384936,2,2,2,6,4,7,4,3,4,7,2,2,2,4,0,0,1,0,41,231,231,20,117,20,117,1,1,1,5
15,5,9,6,0.5,0.5,0.2,0,dense,all,0.382454,1,1,1,4,2,5,2,1,2,4,1,1,1,2,0,0,0,0,21,119,119,6,44,6,44,1,1,1,5
15,5,9,9,0.0,0.0,0.2,0,dense,all,0.252463,8,8,8,8,8,8,6,6,6,8,8,8,8,8,2,2,3,2,72,360,360,35,215,35,215,1,3,1,7
15,5,9,9,0.25,0.25,0.2,0,dense,all,0.533453,2,2,2,6,4,7,4,3,4,6,2,2,2,4,0,0,2,0,41,232,232,22,126,22,126,1,1,1,5
15,5,9,9,0.5,0.5,0.2,0,dense,all,0.673378,1,1,1,4,2,6,2,1,2,5,1,1,1,2,0,0,0,0,23,129,129,7,51,7,51,1,1,1,5
15,5,9,12,0.0,0.0,0.2,0,dense,all,0.282012,8,8,8,8,8,8,6,6,6,8,8,8,8,8,2,2,3,2,72,360,360,35,215,35,215,1,3,1,7
15,5,9,12,0.25,0.25,0.2,0,dense,all,0.766746,2,2,2,6,4,7,4,3,4,7,2,2,2,4,0,0,2,0,41,233,233,22,128,22,128,1,1,1,5
15,5,9,12,0.5,0.5,0.2,0,dense,all,0.613681,1,1,1,4,2,5,2,1,2,5,1,1,1,2,0,0,0,0,24,136,136,8,53,8,53,1,1,1,5
15,5,12,3,0.0,0.0,0.2,0,dense,all,0.090972,8,8,8,8,8,8,7,6,7,8,8,8,8,8,2,2,3,2,96,480,480,52,291,52,291,1,1,1,5
15,5,12,3,0.25,0.25,0.2,0,dense,all,0.164003,1,1,1,7,3,8,5,3,5,6,1,1,1,3,0,0,0,0,53,286,286,18,133,18,133,1,1,1,5
15,5,12,3,0.5,0.5,0.2,0,dense,all,0.123223,0,0,0,4,1,5,2,0,2,4,0,0,0,1,0,0,0,0,22,119,119,5,46,5,46,1,1,1,5
15,5,12,6,0.0,0.0,0.2,0,dense,all,0.178893,8,8,8,8,8,8,7,6,7,8,8,8,8,8,2,2,3,2,96,480,480,52,291,52,291,1,1,1,5
15,5,12,6,0.25,0.25,0.2,0,dense,all,0.369855,2,2,2,7,4,8,5,4,5,7,2,2,2,4,0,0,1,0,60,312,312,26,164,26,164,1,1,1,5
15,5,12,6,0.5,0.5,0.2,0,dense,all,1.468286,0,0,0,4,2,6,3,1,3,5,0,0,0,2,0,0,0,0,27,157,157,11,76,11,76,1,1,1,5
15,5,12,9,0.0,0.0,0.2,0,dense,all,0.265699,8,8,8,8,8,8,7,6,7,8,8,8,8,8,2,2,3,2,96,480,480,52,291,52,291,1,1,1,5
15,5,12,9,0.25,0.25,0.2,0,dense,all,0.559064,2,2,2,7,4,8,5,4,5,7,2,2,2,4,0,0,0,0,60,315,315,28,173,28,173,1,1,1,5
15,5,12,9,0.5,0.5,0.2,0,dense,all,2.367319,1,1,1,4,2,6,3,2,3,5,1,1,1,2,0,0,0,0,29,167,167,14,83,14,83,1,1,1,5
15,5,12,12,0.0,0.0,0.2,0,dense,all,0.354214,8,8,8,8,8,8,7,6,7,8,8,8,8,8,2,2,3,2,96,480,480,52,291,52,291,1,1,1,5
15,5,12,12,0.25,0.25,0.2,0,dense,all,0.812258,3,3,3,7,4,8,5,4,5,7,3,3,3,4,0,0,1,0,61,322,322,28,180,28,180,1,1,1,5
15,5,12,12,0.5,0.5,0.2,0,dense,all,3.008002,1,1,1,5,2,6,3,2,3,5,1,1,1,2,0,0,0,0,34,180,180,14,87,14,87,1,1,1,5
15,7,3,3,0.0,0.0,0.2,0,dense,all,0.035742,8,8,8,8,8,8,5,6,5,8,8,8,8,8,2,2,5,2,24,168,168,15,113,15,113,4,5,4,31
15,7,3,3,0.25,0.25,0.2,0,dense,all,0.065604,2,2,2,5,5,7,2,4,2,5,2,2,2,5,0,0,3,0,11,95,95,2,51,2,51,1,3,1,15
15,7,3,3,0.5,0.5,0.2,0,dense,all,0.044343,1,1,1,2,2,5,0,2,0,4,1,1,1,2,0,0,1,0,4,49,49,0,15,0,15,0,2,0,8
15,7,3,6,0.0,0.0,0.2,0,dense,all,0.064656,8,8,8,8,8,8,5,6,5,8,8,8,8,8,2,2,5,2,24,168,168,15,113,15,113,4,5,4,31
15,7,3,6,0.25,0.25,0.2,0,dense,all,0.192114,3,3,3,5,6,7,3,5,3,6,3,3,3,6,0,0,4,0,12,103,103,4,63,4,63,2,3,2,17
15,7,3,6,0.5,0.5,0.2,0,dense,all,0.155022,0,0,0,3,3,5,1,2,1,5,0,0,0,3,0,0,1,0,8,65,65,1,26,1,26,1,2,1,10
15,7,3,9,0.0,0.0,0.2,0,dense,all,0.094965,8,8,8,8,8,8,5,6,5,8,8,8,8,8,2,2,5,2,24,168,168,15,113,15,113,4,5,4,31
15,7,3,9,0.25,0.25,0.2,0,dense,all,0.279505,3,3,3,5,5,7,3,5,3,6,3,3,3,5,0,0,4,0,13,106,106,4,64,4,64,1,3,1,16
15,7,3,9,0.5,0.5,0.2,0,dense,all,0.515363,1,1,1,3,4,6,1,2,1,5,1,1,1,3,0,0,1,0,8,69,69,2,27,2,27,1,2,1,9
15,7,3,12,0.0,0.0,0.2,0,dense,all,0.126231,8,8,8,8,8,8,5,6,5,8,8,8,8,8,2,2,5,2,24,168,168,15,113,15,113,4,5,4,31
15,7,3,12,0.25,0.25,0.2,0,dense,all,0.661510,4,4,4,5,5,7,3,5,3,6,4,4,4,5,0,0,4,0,13,106,106,4,64,4,64,1,3,1,16
15,7,3,12,0.5,0.5,0.2,0,dense,all,0.895810,1,1,1,3,4,6,1,2,1,5,1,1,1,3,0,0,1,0,8,71,71,2,30,2,30,1,2,1,8
15,7,6,3,0.0,0.0,0.2,0,dense,all,0.066177,8,8,8,8,8,8,5,6,5,7,8,8,8,8,1,1,4,1,48,336,336,22,187,22,187,2,3,2,16
15,7,6,3,0.25,0.25,0.2,0,dense,all,0.090166,1,1,1,6,4,8,2,2,2,6,1,1,1,4,0,0,2,0,26,201,201,5,89,5,89,1,2,1,9
15,7,6,3,0.5,0.5,0.2,0,dense,all,0.068059,0,0,0,2,1,6,0,1,0,4,0,0,0,1,0,0,0,0,7,85,85,0,33,0,33,1,1,1,7
15,7,6,6,0.0,0.0,0.2,0,dense,all,0.125370,8,8,8,8,8,8,5,6,5,7,8,8,8,8,1,1,4,1,48,336,336,22,187,22,187,2,3,2,16
15,7,6,6,0.25,0.25,0.2,0,dense,all,0.210067,1,1,1,6,5,8,3,3,3,6,1,1,1,5,0,0,2,0,27,216,216,9,105,9,105,1,2,1,8
15,7,6,6,0.5,0.5,0.2,0,dense,all,0.184952,0,0,0,3,2,6,0,2,0,5,0,0,0,2,0,0,0,0,13,111,111,0,42,0,42,0,1,0,6
15,7,6,9,0.0,0.0,0.2,0,dense,all,0.186711,8,8,8,8,8,8,5,6,5,7,8,8,8,8,1,1,4,1,48,336,336,22,187,22,187,2,3,2,16
15,7,6,9,0.25,0.25,0.2,0,dense,all,0.376296,2,2,2,6,5,8,2,3,2,6,2,2,2,5,0,0,2,0,28,218,218,9,105,9,105,1,1,1,7
15,7,6,9,0.5,0.5,0.2,0,dense,all,0.261931,0,0,0,3,2,6,1,2,1,5,0,0,0,2,0,0,0,0,15,123,123,1,50,1,50,1,1,1,7
15,7,6,12,0.0,0.0,0.2,0,dense,all,0.254511,8,8,8,8,8,8,5,6,5,7,8,8,8,8,1,1,4,1,48,336,336,22,187,22,187,2,3,2,16
15,7,6,12,0.25,0.25,0.2,0,dense,all,0.513344,2,2,2,6,5,8,3,3,3,6,2,2,2,5,0,0,2,0,28,220,220,10,108,10,108,1,1,1,7
15,7,6,12,0.5,0.5,0.2,0,dense,all,0.369428,0,0,0,4,2,6,1,2,1,5,0,0,0,2,0,0,1,0,15,127,127,1,51,1,51,1,1,1,7
15,7,9,3,0.0,0.0,0.2,0,dense,all,0.087865,8,8,8,8,8,8,6,6,6,8,8,8,8,8,2,2,4,2,72,504,504,41,313,41,313,1,2,1,13
15,7,9,3,0.25,0.25,0.2,0,dense,all,0.225802,1,1,1,7,4,8,3,4,3,7,1,1,1,4,0,0,2,0,38,298,298,12,157,12,157,1,1,1,7
15,7,9,3,0.5,0.5,0.2,0,dense,all,0.191707,0,0,0,3,1,6,1,0,1,4,0,0,0,1,0,0,0,0,15,126,126,1,40,1,40,1,1,1,7
15,7,9,6,0.0,0.0,0.2,0,dense,all,0.245395,8,8,8,8,8,8,6,6,6,8,8,8,8,8,2,2,4,2,72,504,504,41,313,41,313,1,2,1,13
15,7,9,6,0.25,0.25,0.2,0,dense,all,0.426065,2,2,2,7,4,8,4,5,4,7,2,2,2,4,0,0,2,0,44,329,329,18,186,18,186,1,1,1,7
15,7,9,6,0.5,0.5,0.2,0,dense,all,0.343009,0,0,0,4,2,6,2,2,2,5,0,0,0,2,0,0,0,0,22,175,175,5,80,5,80,1,1,1,7
15,7,9,9,0.0,0.0,0.2,0,dense,all,0.359443,8,8,8,8,8,8,6,6,6,8,8,8,8,8,2,2,4,2,72,504,504,41,313,41,313,1,2,1,13
15,7,9,9,0.25,0.25,0.2,0,dense,all,0.620331,2,2,2,7,4,8,3,5,3,7,2,2,2,4,0,0,2,0,45,336,336,20,191,20,191,1,1,1,7
15,7,9,9,0.5,0.5,0.2,0,dense,all,0.529947,0,0,0,4,2,6,2,2,2,5,0,0,0,2,0,0,1,0,23,189,189,5,89,5,89,1,1,1,7
15,7,9,12,0.0,0.0,0.2,0,dense,all,0.378716,8,8,8,8,8,8,6,6,6,8,8,8,8,8,2,2,4,2,72,504,504,41,313,41,313,1,2,1,13
15,7,9,12,0.25,0.25,0.2,0,dense,all,0.911065,2,2,2,7,4,8,4,5,4,7,2,2,2,4,0,0,2,0,45,335,335,20,195,20,195,1,1,1,7
15,7,9,12,0.5,0.5,0.2,0,dense,all,0.709356,0,0,0,4,2,6,2,2,2,5,0,0,0,2,0,0,1,0,22,191,191,7,94,7,94,1,1,1,7
15,7,12,3,0.0,0.0,0.2,0,dense,all,0.121003,8,8,8,8,8,8,6,6,6,8,8,8,8,8,1,1,3,1,96,672,672,54,411,54,411,1,1,1,7
15,7,12,3,0.25,0.25,0.2,0,dense,all,0.257666,1,1,1,6,3,8,5,4,5,7,1,1,1,3,0,0,0,0,46,374,374,21,192,21,192,1,1,1,7
15,7,12,3,0.5,0.5,0.2,0,dense,all,0.223056,0,0,0,3,1,6,2,1,2,5,0,0,0,1,0,0,0,0,16,153,153,5,72,5,72,1,1,1,7
15,7,12,6,0.0,0.0,0.2,0,dense,all,0.331950,8,8,8,8,8,8,6,6,6,8,8,8,8,8,1,1,3,1,96,672,672,54,411,54,411,1,1,1,7
15,7,12,6,0.25,0.25,0.2,0,dense,all,0.829183,2,2,2,6,4,8,5,4,5,7,2,2,2,4,0,0,0,0,53,411,411,27,226,27,226,1,1,1,7
15,7,12,6,0.5,0.5,0.2,0,dense,all,0.418450,0,0,0,4,1,6,3,2,3,6,0,0,0,1,0,0,0,0,23,206,206,9,110,9,110,1,1,1,7
15,7,12,9,0.0,0.0,0.2,0,dense,all,0.412185,8,8,8,8,8,8,6,6,6,8,8,8,8,8,1,1,3,1,96,672,672,54,411,54,411,1,1,1,7
15,7,12,9,0.25,0.25,0.2,0,dense,all,0.918892,3,3,3,6,4,8,5,4,5,7,3,3,3,4,0,0,1,0,57,426,426,28,238,28,238,1,1,1,7
15,7,12,9,0.5,0.5,0.2,0,dense,all,0.561407,0,0,0,4,2,6,3,2,3,6,0,0,0,2,0,0,0,0,28,226,226,12,126,12,126,1,1,1,7
15,7,12,12,0.0,0.0,0.2,0,dense,all,0.491929,8,8,8,8,8,8,6,6,6,8,8,8,8,8,1,1,3,1,96,672,672,54,411,54,411,1,1,1,7
15,7,12,12,0.25,0.25,0.2,0,dense,all,1.435555,3,3,3,6,4,8,5,4,5,7,3,3,3,4,0,0,1,0,57,428,428,29,240,29,240,1,1,1,7
15,7,12,12,0.5,0.5,0.2,0,dense,all,1.086749,0,0,0,4,2,6,3,3,3,6,0,0,0,2,0,0,0,0,27,237,237,14,134,14,134,1,1,1,7
15,9,3,3,0.0,0.0,0.2,0,dense,all,0.048275,8,8,8,8,8,8,5,6,5,7,8,8,8,8,2,2,6,2,24,216,216,12,137,12,137,3,5,3,38
15,9,3,3,0.25,0.25,0.2,0,dense,all,0.080387,2,2,2,5,5,7,3,5,3,6,2,2,2,5,0,0,3,0,9,127,127,3,75,3,75,1,3,1,20
15,9,3,3,0.5,0.5,0.2,0,dense,all,0.058409,0,0,0,2,3,6,0,3,0,4,0,0,0,3,0,0,1,0,4,63,63,0,26,0,26,0,2,0,12
15,9,3,6,0.0,0.0,0.2,0,dense,all,0.085289,8,8,8,8,8,8,5,6,5,7,8,8,8,8,2,2,6,2,24,216,216,12,137,12,137,3,5,3,38
15,9,3,6,0.25,0.25,0.2,0,dense,all,0.154209,3,3,3,5,6,7,3,5,3,6,3,3,3,6,0,0,4,0,11,142,142,6,84,6,84,1,3,1,20
15,9,3,6,0.5,0.5,0.2,0,dense,all,0.269088,1,1,1,3,3,6,1,3,1,4,1,1,1,3,0,0,2,0,6,81,81,2,37,2,37,0,2,0,10
15,9,3,9,0.0,0.0,0.2,0,dense,all,0.131751,8,8,8,8,8,8,5,6,5,7,8,8,8,8,2,2,6,2,24,216,216,12,137,12,137,3,5,3,38
15,9,3,9,0.25,0.25,0.2,0,dense,all,0.237141,3,3,3,5,6,7,3,5,3,6,3,3,3,6,0,0,4,0,12,144,144,7,87,7,87,1,3,1,19
15,9,3,9,0.5,0.5,0.2,0,dense,all,0.358297,1,1,1,3,4,6,1,4,1,5,1,1,1,4,0,0,2,0,6,89,89,2,42,2,42,1,2,1,10
15,9,3,12,0.0,0.0,0.2,0,dense,all,0.177031,8,8,8,8,8,8,5,6,5,7,8,8,8,8,2,2,6,2,24,216,216,12,137,12,137,3,5,3,38
15,9,3,12,0.25,0.25,0.2,0,dense,all,0.340602,3,3,3,5,6,7,3,5,3,6,3,3,3,6,0,0,4,0,12,144,144,7,88,7,88,1,3,1,17
15,9,3,12,0.5,0.5,0.2,0,dense,all,0.320809,1,1,1,3,4,6,1,3,1,5,1,1,1,4,0,0,2,0,6,88,88,3,42,3,42,0,2,0,9
15,9,6,3,0.0,0.0,0.2,0,dense,all,0.079924,8,8,8,8,8,8,6,6,6,8,8,8,8,8,1,1,4,1,48,432,432,21,253,21,253,2,3,2,21
15,9,6,3,0.25,0.25,0.2,0,dense,all,0.180331,2,2,2,5,4,8,3,3,3,7,2,2,2,4,0,0,2,0,23,251,251,9,131,9,131,1,1,1,9
15,9,6,3,0.5,0.5,0.2,0,dense,all,0.090976,0,0,0,2,2,5,0,2,0,4,0,0,0,2,0,0,0,0,9,113,113,0,30,0,30,1,2,1,10
15,9,6,6,0.0,0.0,0.2,0,dense,all,0.152355,8,8,8,8,8,8,6,6,6,8,8,8,8,8,1,1,4,1,48,432,432,21,253,21,253,2,3,2,21
15,9,6,6,0.25,0.25,0.2,0,dense,all,0.527497,3,3,3,6,5,8,4,4,4,7,3,3,3,4,0,0,2,0,26,273,273,9,144,9,144,1,1,1,9
15,9,6,6,0.5,0.5,0.2,0,dense,all,0.274717,0,0,0,3,2,6,1,2,1,5,0,0,0,2,0,0,0,0,11,144,144,1,51,1,51,1,1,1,9
15,9,6,9,0.0,0.0,0.2,0,dense,all,0.276240,8,8,8,8,8,8,6,6,6,8,8,8,8,8,1,1,4,1,48,432,432,21,253,21,253,2,3,2,21
15,9,6,9,0.25,0.25,0.2,0,dense,all,0.526003,3,3,3,6,5,8,4,4,4,7,3,3,3,5,0,0,2,0,26,283,283,11,153,11,153,1,1,1,9
15,9,6,9,0.5,0.5,0.2,0,dense,all,0.507228,0,0,0,3,3,6,1,2,1,5,0,0,0,2,0,0,0,0,12,154,154,2,60,2,60,1,1,1,9
15,9,6,12,0.0,0.0,0.2,0,dense,all,0.314403,8,8,8,8,8,8,6,6,6,8,8,8,8,8,1,1,4,1,48,432,432,21,253,21,253,2,3,2,21
15,9,6,12,0.25,0.25,0.2,0,dense,all,0.745711,4,4,4,6,5,8,4,4,4,7,4,4,4,5,0,0,2,0,28,287,287,11,154,11,154,1,1,1,9
15,9,6,12,0.5,0.5,0.2,0,dense,all,0.575978,0,0,0,3,3,6,2,2,2,5,0,0,0,3,0,0,0,0,13,166,166,3,63,3,63,1,1,1,9
15,9,9,3,0.0,0.0,0.2,0,dense,all,0.187152,8,8,8,8,8,8,6,6,6,8,8,8,8,8,2,2,4,2,72,648,648,42,393,42,393,1,2,1,15
15,9,9,3,0.25,0.25,0.2,0,dense,all,0.206971,0,0,0,5,4,8,4,4,4,6,0,0,0,4,0,0,2,0,32,360,360,16,191,16,191,1,1,1,9
15,9,9,3,0.5,0.5,0.2,0,dense,all,0.145447,0,0,0,3,1,5,1,1,1,4,0,0,0,1,0,0,0,0,13,162,162,3,50,3,50,1,1,1,9
15,9,9,6,0.0,0.0,0.2,0,dense,all,0.287086,8,8,8,8,8,8,6,6,6,8,8,8,8,8,2,2,4,2,72,648,648,42,393,42,393,1,2,1,15
15,9,9,6,0.25,0.25,0.2,0,dense,all,0.541232,2,2,2,6,4,8,4,4,4,6,2,2,2,4,0,0,2,0,36,392,392,19,228,19,228,1,1,1,9
15,9,9,6,0.5,0.5,0.2,0,dense,all,0.367313,0,0,0,4,2,6,3,2,3,5,0,0,0,2,0,0,0,0,19,200,200,8,102,8,102,1,1,1,9
15,9,9,9,0.0,0.0,0.2,0,dense,all,0.373156,8,8,8,8,8,8,6,6,6,8,8,8,8,8,2,2,4,2,72,648,648,42,393,42,393,1,2,1,15
15,9,9,9,0.25,0.25,0.2,0,dense,all,0.897846,2,2,2,6,5,8,4,4,4,6,2,2,2,5,0,0,2,0,39,407,407,20,234,20,234,1,1,1,9
15,9,9,9,0.5,0.5,0.2,0,dense,all,0.588603,0,0,0,4,2,6,3,2,3,5,0,0,0,2,0,0,0,0,22,224,224,10,114,10,114,1,1,1,9
15,9,9,12,0.0,0.0,0.2,0,dense,all,0.494789,8,8,8,8,8,8,6,6,6,8,8,8,8,8,2,2,4,2,72,648,648,42,393,42,393,1,2,1,15
15,9,9,12,0.25,0.25,0.2,0,dense,all,1.306053,2,2,2,6,5,8,4,4,4,6,2,2,2,5,0,0,2,0,39,413,413,22,241,22,241,1,1,1,9
15,9,9,12,0.5,0.5,0.2,0,dense,all,0.819349,0,0,0,4,2,6,3,2,3,5,0,0,0,2,0,0,0,0,22,237,237,10,118,10,118,1,1,1,9
15,9,12,3,0.0,0.0,0.2,0,dense,all,0.152643,8,8,8,8,8,8,6,6,6,8,8,8,8,8,1,1,3,1,96,864,864,49,527,49,527,1,2,1,10
15,9,12,3,0.25,0.25,0.2,0,dense,all,0.346089,2,2,2,6,4,8,4,3,4,7,2,2,2,3,0,0,2,0,50,505,505,19,278,19,278,1,1,1,9
15,9,12,3,0.5,0.5,0.2,0,dense,all,0.201634,0,0,0,3,1,5,2,1,2,5,0,0,0,1,0,0,0,0,15,203,203,6,93,6,93,1,1,1,9
15,9,12,6,0.0,0.0,0.2,0,dense,all,0.313262,8,8,8,8,8,8,6,6,6,8,8,8,8,8,1,1,3,1,96,864,864,49,527,49,527,1,2,1,10
15,9,12,6,0.25,0.25,0.2,0,dense,all,0.632313,2,2,2,6,4,8,4,4,4,7,2,2,2,4,0,0,2,0,55,538,538,29,328,29,328,1,1,1,9
15,9,12,6,0.5,0.5,0.2,0,dense,all,1.080240,0,0,0,4,1,6,3,2,3,6,0,0,0,1,0,0,0,0,24,266,266,11,149,11,149,1,1,1,9
15,9,12,9,0.0,0.0,0.2,0,dense,all,0.506142,8,8,8,8,8,8,6,6,6,8,8,8,8,8,1,1,3,1,96,864,864,49,527,49,527,1,2,1,10
15,9,12,9,0.25,0.25,0.2,0,dense,all,1.025305,2,2,2,6,4,8,4,4,4,7,2,2,2,4,0,0,2,0,57,556,556,30,339,30,339,1,1,1,9
15,9,12,9,0.5,0.5,0.2,0,dense,all,2.211867,0,0,0,4,1,6,3,2,3,6,0,0,0,1,0,0,0,0,28,289,289,13,167,13,167,1,1,1,9
15,9,12,12,0.0,0.0,0.2,0,dense,all,0.657890,8,8,8,8,8,8,6,6,6,8,8,8,8,8,1,1,3,1,96,864,864,49,527,49,527,1,2,1,10
15,9,12,12,0.25,0.25,0.2,0,dense,all,1.791359,3,3,3,6,4,8,4,4,4,7,3,3,3,4,0,0,2,0,59,564,564,30,343,30,343,1,1,1,9
15,9,12,12,0.5,0.5,0.2,0,dense,all,2.036420,0,0,0,4,2,6,3,3,3,6,0,0,0,2,0,0,0,0,31,309,309,15,175,15,175,1,1,1,9
15,11,3,3,0.0,0.0,0.2,0,dense,all,0.049504,8,8,8,8,8,8,5,7,5,8,8,8,8,8,2,2,5,2,24,264,264,11,162,11,162,3,6,3,45
15,11,3,3,0.25,0.25,0.2,0,dense,all,0.103380,2,2,2,5,5,7,3,5,3,6,2,2,2,5,0,0,3,0,11,157,157,3,79,3,79,1,5,1,28
15,11,3,3,0.5,0.5,0.2,0,dense,all,0.082312,0,0,0,2,3,5,0,2,0,4,0,0,0,2,0,0,1,0,5,76,76,0,19,0,19,0,2,0,15
15,11,3,6,0.0,0.0,0.2,0,dense,all,0.095672,8,8,8,8,8,8,5,7,5,8,8,8,8,8,2,2,5,2,24,264,264,11,162,11,162,3,6,3,45
15,11,3,6,0.25,0.25,0.2,0,dense,all,0.193767,3,3,3,5,6,7,3,5,3,6,3,3,3,6,0,0,3,0,13,171,171,5,93,5,93,1,5,1,26
15,11,3,6,0.5,0.5,0.2,0,dense,all,0.207075,1,1,1,3,3,5,0,3,0,4,1,1,1,3,0,0,2,0,6,96,96,0,33,0,33,1,2,1,15
15,11,3,9,0.0,0.0,0.2,0,dense,all,0.143130,8,8,8,8,8,8,5,7,5,8,8,8,8,8,2,2,5,2,24,264,264,11,162,11,162,3,6,3,45
15,11,3,9,0.25,0.25,0.2,0,dense,all,0.303066,3,3,3,5,6,7,3,6,3,6,3,3,3,6,0,0,4,0,13,171,171,5,98,5,98,1,5,1,26
15,11,3,9,0.5,0.5,0.2,0,dense,all,0.472271,1,1,1,3,3,6,0,3,0,5,1,1,1,3,0,0,3,0,7,100,100,0,42,0,42,1,2,1,14
15,11,3,12,0.0,0.0,0.2,0,dense,all,0.193397,8,8,8,8,8,8,5,7,5,8,8,8,8,8,2,2,5,2,24,264,264,11,162,11,162,3,6,3,45
15,11,3,12,0.25,0.25,0.2,0,dense,all,0.394584,3,3,3,5,6,7,3,6,3,6,3,3,3,6,0,0,4,0,13,175,175,5,97,5,97,1,5,1,26
15,11,3,12,0.5,0.5,0.2,0,dense,all,1.021815,0,0,0,3,3,6,1,3,1,5,0,0,0,3,0,0,2,0,6,106,106,1,42,1,42,1,2,1,12
15,11,6,3,0.0,0.0,0.2,0,dense,all,0.116709,8,8,8,8,8,8,6,6,6,8,8,8,8,8,1,1,4,1,48,528,528,25,333,25,333,2,3,2,27
15,11,6,3,0.25,0.25,0.2,0,dense,all,0.147361,1,1,1,5,5,8,3,4,3,8,1,1,1,5,0,0,2,0,21,309,309,11,157,11,157,1,2,1,14
15,11,6,3,0.5,0.5,0.2,0,dense,all,0.121180,0,0,0,2,2,6,1,2,1,5,0,0,0,2,0,0,0,0,5,136,136,1,57,1,57,0,1,0,9
15,11,6,6,0.0,0.0,0.2,0,dense,all,0.214443,8,8,8,8,8,8,6,6,6,8,8,8,8,8,1,1,4,1,48,528,528,25,333,25,333,2,3,2,27
15,11,6,6,0.25,0.25,0.2,0,dense,all,0.385917,2,2,2,5,5,8,4,4,4,8,2,2,2,5,0,0,2,0,23,330,330,14,189,14,189,1,2,1,12
15,11,6,6,0.5,0.5,0.2,0,dense,all,0.330096,0,0,0,3,2,6,1,3,1,5,0,0,0,2,0,0,0,0,10,176,176,2,93,2,93,1,1,1,11
15,11,6,9,0.0,0.0,0.2,0,dense,all,0.310841,8,8,8,8,8,8,6,6,6,8,8,8,8,8,1,1,4,1,48,528,528,25,333,25,333,2,3,2,27
15,11,6,9,0.25,0.25,0.2,0,dense,all,0.614983,3,3,3,6,5,8,4,5,4,8,3,3,3,5,0,0,2,0,27,343,343,15,195,15,195,1,1,1,11
15,11,6,9,0.5,0.5,0.2,0,dense,all,0.577703,0,0,0,4,3,6,2,3,2,5,0,0,0,2,0,0,0,0,13,191,191,5,106,5,106,1,1,1,11
15,11,6,12,0.0,0.0,0.2,0,dense,all,0.411717,8,8,8,8,8,8,6,6,6,8,8,8,8,8,1,1,4,1,48,528,528,25,333,25,333,2,3,2,27
15,11,6,12,0.25,0.25,0.2,0,dense,all,1.005450,3,3,3,6,5,8,4,4,4,8,3,3,3,5,0,0,3,0,27,343,343,15,197,15,197,1,1,1,11
15,11,6,12,0.5,0.5,0.2,0,dense,all,0.654754,0,0,0,3,3,6,2,3,2,5,0,0,0,3,0,0,1,0,13,200,200,5,112,5,112,1,1,1,11
15,11,9,3,0.0,0.0,0.2,0,dense,all,0.137948,8,8,8,8,8,8,7,7,7,8,8,8,8,8,0,0,4,0,72,792,792,37,482,37,482,1,2,1,20
15,11,9,3,0.25,0.25,0.2,0,dense,all,0.310567,2,2,2,5,4,8,4,4,4,7,2,2,2,4,0,0,3,0,34,455,455,17,264,17,264,1,1,1,11
15,11,9,3,0.5,0.5,0.2,0,dense,all,0.165466,0,0,0,3,1,7,2,2,2,5,0,0,0,1,0,0,1,0,11,198,198,5,104,5,104,1,1,1,11
15,11,9,6,0.0,0.0,0.2,0,dense,all,0.288535,8,8,8,8,8,8,7,7,7,8,8,8,8,8,0,0,4,0,72,792,792,37,482,37,482,1,2,1,20
15,11,9,6,0.25,0.25,0.2,0,dense,all,0.758340,3,3,3,6,5,8,4,5,4,7,3,3,3,5,0,0,3,0,37,495,495,20,305,20,305,1,1,1,11
15,11,9,6,0.5,0.5,0.2,0,dense,all,0.459416,0,0,0,3,2,7,3,3,3,5,0,0,0,2,0,0,1,0,18,252,252,7,141,7,141,1,1,1,11
15,11,9,9,0.0,0.0,0.2,0,dense,all,0.443016,8,8,8,8,8,8,7,7,7,8,8,8,8,8,0,0,4,0,72,792,792,37,482,37,482,1,2,1,20
15,11,9,9,0.25,0.25,0.2,0,dense,all,1.013993,3,3,3,6,5,8,4,5,4,7,3,3,3,5,0,0,3,0,42,508,508,20,309,20,309,1,1,1,11
15,11,9,9,0.5,0.5,0.2,0,dense,all,0.696647,0,0,0,4,2,7,3,3,3,6,0,0,0,2,0,0,1,0,21,269,269,7,154,7,154,1,1,1,11
15,11,9,12,0.0,0.0,0.2,0,dense,all,0.584847,8,8,8,8,8,8,7,7,7,8,8,8,8,8,0,0,4,0,72,792,792,37,482,37,482,1,2,1,20
15,11,9,12,0.25,0.25,0.2,0,dense,all,1.559047,3,3,3,6,5,8,4,5,4,7,3,3,3,5,0,0,3,0,41,515,515,22,318,22,318,1,1,1,11
15,11,9,12,0.5,0.5,0.2,0,dense,all,0.971716,0,0,0,4,2,7,3,3,3,6,0,0,0,2,0,0,2,0,21,280,280,8,162,8,162,1,1,1,11
15,11,12,3,0.0,0.0,0.2,0,dense,all,0.217391,8,8,8,8,8,8,7,7,7,8,8,8,8,8,1,1,4,1,96,1056,1056,53,662,53,662,1,2,1,17
15,11,12,3,0.25,0.25,0.2,0,dense,all,0.295980,1,1,1,6,4,8,4,4,4,7,1,1,1,4,0,0,1,0,49,603,603,20,339,20,339,1,1,1,11
15,11,12,3,0.5,0.5,0.2,0,dense,all,0.280645,0,0,0,3,1,6,1,2,1,5,0,0,0,1,0,0,0,0,17,250,250,2,128,2,128,1,1,1,11
15,11,12,6,0.0,0.0,0.2,0,dense,all,0.415604,8,8,8,8,8,8,7,7,7,8,8,8,8,8,1,1,4,1,96,1056,1056,53,662,53,662,1,2,1,17
15,11,12,6,0.25,0.25,0.2,0,dense,all,0.915436,2,2,2,6,5,8,5,5,5,7,2,2,2,5,0,0,2,0,53,660,660,29,399,29,399,1,1,1,11
15,11,12,6,0.5,0.5,0.2,0,dense,all,0.514844,0,0,0,4,1,6,2,3,2,6,0,0,0,1,0,0,0,0,23,334,334,10,196,10,196,1,1,1,11
15,11,12,9,0.0,0.0,0.2,0,dense,all,0.635131,8,8,8,8,8,8,7,7,7,8,8,8,8,8,1,1,4,1,96,1056,1056,53,662,53,662,1,2,1,17
15,11,12,9,0.25,0.25,0.2,0,dense,all,1.451869,2,2,2,6,5,8,5,5,5,7,2,2,2,5,0,0,2,0,55,673,673,29,406,29,406,1,1,1,11
15,11,12,9,0.5,0.5,0.2,0,dense,all,1.077848,1,1,1,4,2,6,3,3,3,6,1,1,1,1,0,0,0,0,25,363,363,11,213,11,213,1,1,1,11
15,11,12,12,0.0,0.0,0.2,0,dense,all,0.834990,8,8,8,8,8,8,7,7,7,8,8,8,8,8,1,1,4,1,96,1056,1056,53,662,53,662,1,2,1,17
15,11,12,12,0.25,0.25,0.2,0,dense,all,2.273244,3,3,3,6,5,8,5,5,5,7,3,3,3,5,0,0,2,0,57,679,679,29,414,29,414,1,1,1,11
15,11,12,12,0.5,0.5,0.2,0,dense,all,1.883729,0,0,0,4,2,6,3,3,3,6,0,0,0,2,0,0,0,0,29,381,381,13,227,13,227,1,1,1,11
20,3,3,3,0.0,0.0,0.2,0,dense,all,0.021532,10,10,10,10,10,10,8,8,8,8,10,10,10,10,4,4,7,4,30,90,90,17,58,17,58,5,7,5,17
20,3,3,3,0.25,0.25,0.2,0,dense,all,0.031918,5,5,5,7,6,10,4,4,4,8,5,5,5,6,0,0,3,0,19,61,61,7,30,7,30,2,3,2,8
20,3,3,3,0.5,0.5,0.2,0,dense,all,0.026405,1,1,1,3,1,5,1,2,1,3,1,1,1,1,0,0,2,0,5,21,21,1,9,1,9,0,2,0,3
20,3,3,6,0.0,0.0,0.2,0,dense,all,0.037444,10,10,10,10,10,10,8,8,8,8,10,10,10,10,4,4,7,4,30,90,90,17,58,17,58,5,7,5,17
20,3,3,6,0.25,0.25,0.2,0,dense,all,0.056471,5,5,5,7,6,10,5,5,5,8,5,5,5,6,0,0,4,0,20,64,64,8,35,8,35,2,4,2,9
20,3,3,6,0.5,0.5,0.2,0,dense,all,0.061598,2,2,2,4,3,6,2,3,2,5,2,2,2,3,0,0,3,0,8,32,32,3,18,3,18,1,2,1,4
20,3,3,9,0.0,0.0,0.2,0,dense,all,0.052900,10,10,10,10,10,10,8,8,8,8,10,10,10,10,4,4,7,4,30,90,90,17,58,17,58,5,7,5,17
20,3,3,9,0.25,0.25,0.2,0,dense,all,0.084693,6,6,6,7,7,10,5,5,5,8,6,6,6,7,0,0,5,0,21,67,67,8,36,8,36,2,3,2,8
20,3,3,9,0.5,0.5,0.2,0,dense,all,0.088730,2,2,2,4,3,5,3,3,3,5,2,2,2,3,0,0,3,0,10,34,34,4,20,4,20,1,2,1,4
20,3,3,12,0.0,0.0,0.2,0,dense,all,0.067673,10,10,10,10,10,10,8,8,8,8,10,10,10,10,4,4,7,4,30,90,90,17,58,17,58,5,7,5,17
20,3,3,12,0.25,0.25,0.2,0,dense,all,0.129968,6,6,6,8,7,10,5,5,5,8,6,6,6,7,0,0,5,0,22,68,68,8,36,8,36,1,3,1,7
20,3,3,12,0.5,0.5,0.2,0,dense,all,0.190564,2,2,2,5,3,6,2,4,2,5,2,2,2,3,0,0,4,0,10,36,36,4,23,4,23,1,1,1,3
20,3,6,3,0.0,0.0,0.2,0,dense,all,0.049532,10,10,10,10,10,10,8,7,8,8,10,10,10,10,0,0,5,0,60,180,180,29,102,29,102,3,4,3,10
20,3,6,3,0.25,0.25,0.2,0,dense,all,0.063817,4,4,4,8,5,9,4,4,4,7,4,4,4,5,0,0,2,0,37,116,116,16,58,16,58,1,2,1,5
20,3,6,3,0.5,0.5,0.2,0,dense,all,0.045972,1,1,1,5,1,6,2,0,2,4,1,1,1,1,0,0,0,0,16,51,51,2,13,2,13,0,1,0,2
20,3,6,6,0.0,0.0,0.2,0,dense,all,0.077360,10,10,10,10,10,10,8,7,8,8,10,10,10,10,0,0,5,0,60,180,180,29,102,29,102,3,4,3,10
20,3,6,6,0.25,0.25,0.2,0,dense,all,0.118676,4,4,4,8,6,9,5,4,5,7,4,4,4,6,0,0,2,0,40,124,124,19,65,19,65,1,1,1,3
20,3,6,6,0.5,0.5,0.2,0,dense,all,0.125853,0,0,0,6,2,7,3,1,3,5,0,0,0,2,0,0,0,0,21,68,68,8,25,8,25,1,1,1,3
20,3,6,9,0.0,0.0,0.2,0,dense,all,0.098773,10,10,10,10,10,10,8,7,8,8,10,10,10,10,0,0,5,0,60,180,180,29,102,29,102,3,4,3,10
20,3,6,9,0.25,0.25,0.2,0,dense,all,0.189147,4,4,4,8,6,9,5,4,5,7,4,4,4,6,0,0,2,0,41,125,125,19,66,19,66,1,1,1,3
20,3,6,9,0.5,0.5,0.2,0,dense,all,0.180176,1,1,1,6,3,7,3,2,3,6,1,1,1,3,0,0,0,0,24,76,76,8,28,8,28,1,1,1,3
20,3,6,12,0.0,0.0,0.2,0,dense,all,0.133648,10,10,10,10,10,10,8,7,8,8,10,10,10,10,0,0,5,0,60,180,180,29,102,29,102,3,4,3,10
20,3,6,12,0.25,0.25,0.2,0,dense,all,0.236617,4,4,4,8,6,9,5,4,5,7,4,4,4,6,0,0,3,0,41,126,126,20,69,20,69,1,1,1,3
20,3,6,12,0.5,0.5,0.2,0,dense,all,0.283247,1,1,1,6,3,7,3,2,3,6,1,1,1,3,0,0,0,0,23,77,77,10,32,10,32,1,1,1,3
20,3,9,3,0.0,0.0,0.2,0,dense,all,0.050430,10,10,10,10,10,10,8,5,8,9,10,10,10,10,2,2,3,2,90,270,270,52,160,52,160,2,2,2,6
20,3,9,3,0.25,0.25,0.2,0,dense,all,0.100931,3,3,3,8,4,9,4,3,4,8,3,3,3,4,0,0,1,0,51,164,164,21,87,21,87,1,1,1,3
20,3,9,3,0.5,0.5,0.2,0,dense,all,0.077970,0,0,0,5,1,6,2,0,2,3,0,0,0,1,0,0,0,0,21,74,74,7,24,7,24,1,1,1,3
20,3,9,6,0.0,0.0,0.2,0,dense,all,0.109277,10,10,10,10,10,10,8,5,8,9,10,10,10,10,2,2,3,2,90,270,270,52,160,52,160,2,2,2,6
20,3,9,6,0.25,0.25,0.2,0,dense,all,0.247956,4,4,4,8,5,9,5,3,5,8,4,4,4,5,0,0,1,0,57,183,183,23,96,23,96,1,1,1,3
20,3,9,6,0.5,0.5,0.2,0,dense,all,0.210046,1,1,1,5,3,7,3,0,3,5,1,1,1,3,0,0,0,0,33,104,104,9,39,9,39,1,1,1,3
20,3,9,9,0.0,0.0,0.2,0,dense,all,0.189626,10,10,10,10,10,10,8,5,8,9,10,10,10,10,2,2,3,2,90,270,270,52,160,52,160,2,2,2,6
20,3,9,9,0.25,0.25,0.2,0,dense,all,0.268443,5,5,5,8,5,9,5,3,5,8,5,5,5,5,0,0,2,0,57,186,186,27,102,27,102,1,1,1,3
20,3,9,9,0.5,0.5,0.2,0,dense,all,0.360427,2,2,2,6,3,7,4,1,4,5,2,2,2,3,0,0,0,0,35,114,114,13,48,13,48,1,1,1,3
20,3,9,12,0.0,0.0,0.2,0,dense,all,0.199822,10,10,10,10,10,10,8,5,8,9,10,10,10,10,2,2,3,2,90,270,270,52,160,52,160,2,2,2,6
20,3,9,12,0.25,0.25,0.2,0,dense,all,0.358956,5,5,5,8,6,9,5,3,5,8,5,5,5,6,0,0,2,0,58,187,187,28,103,28,103,1,1,1,3
20,3,9,12,0.5,0.5,0.2,0,dense,all,0.430519,2,2,2,6,3,7,4,1,4,5,2,2,2,3,0,0,0,0,37,118,118,14,48,14,48,1,1,1,3
20,3,12,3,0.0,0.0,0.2,0,dense,all,0.068737,10,10,10,10,10,10,8,6,8,9,10,10,10,10,2,2,5,2,120,360,360,59,215,59,215,1,2,1,5
20,3,12,3,0.25,0.25,0.2,0,dense,all,0.104923,4,4,4,7,5,9,5,2,5,7,4,4,4,5,0,0,1,0,68,218,218,24,108,24,108,1,1,1,3
20,3,12,3,0.5,0.5,0.2,0,dense,all,0.098334,0,0,0,5,0,6,3,0,3,4,0,0,0,0,0,0,0,0,27,86,86,7,27,7,27,1,1,1,3
20,3,12,6,0.0,0.0,0.2,0,dense,all,0.134828,10,10,10,10,10,10,8,6,8,9,10,10,10,10,2,2,5,2,120,360,360,59,215,59,215,1,2,1,5
20,3,12,6,0.25,0.25,0.2,0,dense,all,0.265697,5,5,5,8,6,9,5,3,5,7,5,5,5,6,0,0,2,0,77,241,241,28,126,28,126,1,1,1,3
20,3,12,6,0.5,0.5,0.2,0,dense,all,0.211412,1,1,1,6,2,7,4,1,4,5,1,1,1,2,0,0,0,0,42,129,129,11,49,11,49,1,1,1,3
20,3,12,9,0.0,0.0,0.2,0,dense,all,0.216359,10,10,10,10,10,10,8,6,8,9,10,10,10,10,2,2,5,2,120,360,360,59,215,59,215,1,2,1,5
20,3,12,9,0.25,0.25,0.2,0,dense,all,0.409228,5,5,5,8,6,9,6,3,6,7,5,5,5,6,0,0,2,0,79,248,248,31,135,31,135,1,1,1,3
20,3,12,9,0.5,0.5,0.2,0,dense,all,0.352189,1,1,1,6,2,7,4,1,4,5,1,1,1,2,0,0,0,0,45,142,142,13,57,13,57,1,1,1,3
20,3,12,12,0.0,0.0,0.2,0,dense,all,0.253540,10,10,10,10,10,10,8,6,8,9,10,10,10,10,2,2,5,2,120,360,360,59,215,59,215,1,2,1,5
20,3,12,12,0.25,0.25,0.2,0,dense,all,0.444264,5,5,5,8,6,9,5,3,5,7,5,5,5,6,0,0,2,0,80,249,249,33,137,33,137,1,1,1,3
20,3,12,12,0.5,0.5,0.2,0,dense,all,0.530679,2,2,2,6,2,7,4,1,4,5,2,2,2,2,0,0,0,0,48,145,145,13,58,13,58,1,1,1,3
20,5,3,3,0.0,0.0,0.2,0,dense,all,0.034165,10,10,10,10,10,10,7,7,7,8,10,10,10,10,4,4,6,4,30,150,150,16,90,16,90,5,6,5,28
20,5,3,3,0.25,0.25,0.2,0,dense,all,0.045912,3,3,3,7,6,9,3,5,3,6,3,3,3,6,1,1,4,1,16,93,93,6,53,6,53,2,4,2,13
20,5,3,3,0.5,0.5,0.2,0,dense,all,0.035795,0,0,0,2,2,7,0,3,0,4,0,0,0,2,0,0,0,0,5,40,40,0,15,0,15,0,2,0,6
20,5,3,6,0.0,0.0,0.2,0,dense,all,0.056078,10,10,10,10,10,10,7,7,7,8,10,10,10,10,4,4,6,4,30,150,150,16,90,16,90,5,6,5,28
20,5,3,6,0.25,0.25,0.2,0,dense,all,0.094891,4,4,4,8,6,9,4,5,4,7,4,4,4,6,1,1,5,1,19,101,101,7,63,7,63,2,4,2,14
20,5,3,6,0.5,0.5,0.2,0,dense,all,0.112119,1,1,1,3,3,7,2,3,2,4,1,1,1,3,0,0,1,0,9,55,55,3,26,3,26,1,2,1,7
20,5,3,9,0.0,0.0,0.2,0,dense,all,0.082400,10,10,10,10,10,10,7,7,7,8,10,10,10,10,4,4,6,4,30,150,150,16,90,16,90,5,6,5,28
20,5,3,9,0.25,0.25,0.2,0,dense,all,0.130932,4,4,4,7,7,9,4,5,4,7,4,4,4,7,2,2,5,2,18,103,103,8,66,8,66,2,4,2,14
20,5,3,9,0.5,0.5,0.2,0,dense,all,0.134163,1,1,1,4,4,7,2,4,2,4,1,1,1,4,0,0,2,0,10,59,59,4,30,4,30,0,2,0,5
20,5,3,12,0.0,0.0,0.2,0,dense,all,0.108438,10,10,10,10,10,10,7,7,7,8,10,10,10,10,4,4,6,4,30,150,150,16,90,16,90,5,6,5,28
20,5,3,12,0.25,0.25,0.2,0,dense,all,0.186960,5,5,5,8,7,9,4,5,4,7,5,5,5,7,2,2,5,2,20,106,106,9,67,9,67,2,4,2,14
20,5,3,12,0.5,0.5,0.2,0,dense,all,0.211439,2,2,2,4,4,7,3,4,3,5,2,2,2,4,0,0,1,0,11,63,63,4,32,4,32,0,2,0,5
20,5,6,3,0.0,0.0,0.2,0,dense,all,0.052095,10,10,10,10,10,10,7,6,7,9,10,10,10,10,1,1,5,1,60,300,300,27,163,27,163,2,4,2,14
20,5,6,3,0.25,0.25,0.2,0,dense,all,0.072999,1,1,1,8,6,9,4,2,4,7,1,1,1,6,0,0,2,0,32,193,193,10,74,10,74,1,1,1,5
20,5,6,3,0.5,0.5,0.2,0,dense,all,0.073196,0,0,0,3,2,6,1,0,1,4,0,0,0,2,0,0,0,0,12,74,74,2,18,2,18,1,1,1,5
20,5,6,6,0.0,0.0,0.2,0,dense,all,0.102457,10,10,10,10,10,10,7,6,7,9,10,10,10,10,1,1,5,1,60,300,300,27,163,27,163,2,4,2,14
20,5,6,6,0.25,0.25,0.2,0,dense,all,0.149841,1,1,1,8,7,9,5,3,5,7,1,1,1,7,0,0,3,0,34,207,207,11,91,11,91,1,1,1,5
20,5,6,6,0.5,0.5,0.2,0,dense,all,0.236880,1,1,1,4,3,6,2,1,2,4,1,1,1,3,0,0,0,0,19,110,110,5,36,5,36,1,1,1,5
20,5,6,9,0.0,0.0,0.2,0,dense,all,0.156914,10,10,10,10,10,10,7,6,7,9,10,10,10,10,1,1,5,1,60,300,300,27,163,27,163,2,4,2,14
20,5,6,9,0.25,0.25,0.2,0,dense,all,0.281827,2,2,2,8,7,9,5,3,5,7,2,2,2,7,0,0,3,0,37,211,211,12,93,12,93,1,1,1,5
20,5,6,9,0.5,0.5,0.2,0,dense,all,0.529590,1,1,1,5,4,7,2,1,2,4,1,1,1,4,0,0,1,0,22,118,118,6,41,6,41,1,1,1,5
20,5,6,12,0.0,0.0,0.2,0,dense,all,0.210081,10,10,10,10,10,10,7,6,7,9,10,10,10,10,1,1,5,1,60,300,300,27,163,27,163,2,4,2,14
20,5,6,12,0.25,0.25,0.2,0,dense,all,0.380628,3,3,3,8,7,9,5,3,5,7,3,3,3,7,0,0,3,0,38,216,216,14,100,14,100,1,1,1,5
20,5,6,12,0.5,0.5,0.2,0,dense,all,0.603476,1,1,1,5,4,7,3,1,3,5,1,1,1,4,0,0,1,0,23,124,124,7,49,7,49,1,1,1,5
20,5,9,3,0.0,0.0,0.2,0,dense,all,0.073173,10,10,10,10,10,10,7,7,7,10,10,10,10,10,2,2,5,2,90,450,450,44,262,44,262,1,3,1,10
20,5,9,3,0.25,0.25,0.2,0,dense,all,0.149055,2,2,2,8,5,9,5,4,5,7,2,2,2,5,0,0,1,0,44,267,267,18,136,18,136,1,1,1,5
20,5,9,3,0.5,0.5,0.2,0,dense,all,0.081604,0,0,0,4,0,6,1,0,1,5,0,0,0,0,0,0,0,0,16,97,97,3,31,3,31,1,1,1,5
20,5,9,6,0.0,0.0,0.2,0,dense,all,0.151061,10,10,10,10,10,10,7,7,7,10,10,10,10,10,2,2,5,2,90,450,450,44,262,44,262,1,3,1,10
20,5,9,6,0.25,0.25,0.2,0,dense,all,0.314843,3,3,3,8,5,9,6,4,6,7,3,3,3,5,0,0,2,0,53,292,292,26,158,26,158,1,1,1,5
20,5,9,6,0.5,0.5,0.2,0,dense,all,0.337660,1,1,1,5,2,7,3,1,3,6,1,1,1,2,0,0,0,0,28,149,149,7,58,7,58,1,1,1,5
20,5,9,9,0.0,0.0,0.2,0,dense,all,0.235660,10,10,10,10,10,10,7,7,7,10,10,10,10,10,2,2,5,2,90,450,450,44,262,44,262,1,3,1,10
20,5,9,9,0.25,0.25,0.2,0,dense,all,0.491093,3,3,3,8,5,9,6,5,6,8,3,3,3,5,0,0,2,0,54,301,301,25,170,25,170,1,1,1,5
20,5,9,9,0.5,0.5,0.2,0,dense,all,1.002604,1,1,1,5,3,7,4,2,4,6,1,1,1,2,0,0,0,0,32,165,165,8,73,8,73,1,1,1,5
20,5,9,12,0.0,0.0,0.2,0,dense,all,0.349675,10,10,10,10,10,10,7,7,7,10,10,10,10,10,2,2,5,2,90,450,450,44,262,44,262,1,3,1,10
20,5,9,12,0.25,0.25,0.2,0,dense,all,0.628065,4,4,4,8,6,9,6,5,6,7,4,4,4,5,0,0,2,0,56,304,304,28,172,28,172,1,1,1,5
20,5,9,12,0.5,0.5,0.2,0,dense,all,1.356086,2,2,2,5,3,7,4,2,4,7,2,2,2,2,0,0,0,0,34,176,176,10,76,10,76,1,1,1,5
20,5,12,3,0.0,0.0,0.2,0,dense,all,0.106171,10,10,10,10,10,10,8,7,8,10,10,10,10,10,1,1,4,1,120,600,600,67,357,67,357,1,2,1,7
20,5,12,3,0.25,0.25,0.2,0,dense,all,0.185668,3,3,3,8,5,10,6,3,6,8,3,3,3,5,0,0,0,0,69,388,388,29,172,29,172,1,1,1,5
20,5,12,3,0.5,0.5,0.2,0,dense,all,0.160933,0,0,0,5,1,6,2,0,2,5,0,0,0,1,0,0,0,0,30,159,159,4,44,4,44,1,1,1,5
20,5,12,6,0.0,0.0,0.2,0,dense,all,0.210879,10,10,10,10,10,10,8,7,8,10,10,10,10,10,1,1,4,1,120,600,600,67,357,67,357,1,2,1,7
20,5,12,6,0.25,0.25,0.2,0,dense,all,0.399611,4,4,4,8,6,10,6,4,6,8,4,4,4,6,0,0,1,0,78,418,418,35,209,35,209,1,1,1,5
20,5,12,6,0.5,0.5,0.2,0,dense,all,1.240803,0,0,0,5,2,7,4,2,4,5,0,0,0,2,0,0,0,0,41,216,216,14,91,14,91,1,1,1,5
20,5,12,9,0.0,0.0,0.2,0,dense,all,0.319257,10,10,10,10,10,10,8,7,8,10,10,10,10,10,1,1,4,1,120,600,600,67,357,67,357,1,2,1,7
20,5,12,9,0.25,0.25,0.2,0,dense,all,0.608881,4,4,4,8,5,10,6,4,6,8,4,4,4,5,0,0,1,0,79,421,421,37,218,37,218,1,1,1,5
20,5,12,9,0.5,0.5,0.2,0,dense,all,5.323582,1,1,1,6,3,7,4,2,4,6,1,1,1,2,0,0,0,0,46,236,236,14,106,14,106,1,1,1,5
20,5,12,12,0.0,0.0,0.2,0,dense,all,0.429532,10,10,10,10,10,10,8,7,8,10,10,10,10,10,1,1,4,1,120,600,600,67,357,67,357,1,2,1,7
20,5,12,12,0.25,0.25,0.2,0,dense,all,0.865918,4,4,4,8,6,10,6,4,6,8,4,4,4,6,0,0,1,0,80,427,427,36,221,36,221,1,1,1,5
20,5,12,12,0.5,0.5,0.2,0,dense,all,1.294923,2,2,2,6,3,7,4,2,4,6,2,2,2,3,0,0,0,0,47,250,250,15,112,15,112,1,1,1,5
20,7,3,3,0.0,0.0,0.2,0,dense,all,0.038715,10,10,10,10,10,10,7,8,7,9,10,10,10,10,0,0,6,0,30,210,210,16,131,16,131,5,7,5,41
20,7,3,3,0.25,0.25,0.2,0,dense,all,0.074406,3,3,3,6,7,9,4,5,4,6,3,3,3,7,0,0,4,0,14,131,131,7,67,7,67,2,4,2,21
20,7,3,3,0.5,0.5,0.2,0,dense,all,0.050125,0,0,0,2,3,6,0,3,0,3,0,0,0,3,0,0,0,0,5,59,59,0,14,0,14,0,3,0,11
20,7,3,6,0.0,0.0,0.2,0,dense,all,0.074170,10,10,10,10,10,10,7,8,7,9,10,10,10,10,0,0,6,0,30,210,210,16,131,16,131,5,7,5,41
20,7,3,6,0.25,0.25,0.2,0,dense,all,0.134598,4,4,4,7,8,9,5,5,5,7,4,4,4,8,1,1,5,1,17,147,147,8,81,8,81,1,4,1,19
20,7,3,6,0.5,0.5,0.2,0,dense,all,0.250529,2,2,2,4,4,7,1,3,1,5,2,2,2,4,0,0,0,0,9,85,85,1,31,1,31,0,2,0,8
20,7,3,9,0.0,0.0,0.2,0,dense,all,0.111581,10,10,10,10,10,10,7,8,7,9,10,10,10,10,0,0,6,0,30,210,210,16,131,16,131,5,7,5,41
20,7,3,9,0.25,0.25,0.2,0,dense,all,0.197941,5,5,5,7,7,9,5,5,5,7,5,5,5,7,1,1,5,1,18,146,146,9,86,9,86,2,4,2,21
20,7,3,9,0.5,0.5,0.2,0,dense,all,0.494897,3,3,3,4,4,7,1,4,1,5,3,3,3,4,0,0,2,0,11,92,92,2,38,2,38,1,2,1,10
20,7,3,12,0.0,0.0,0.2,0,dense,all,0.148009,10,10,10,10,10,10,7,8,7,9,10,10,10,10,0,0,6,0,30,210,210,16,131,16,131,5,7,5,41
20,7,3,12,0.25,0.25,0.2,0,dense,all,0.253265,5,5,5,7,7,9,5,6,5,7,5,5,5,7,1,1,5,1,18,148,148,9,88,9,88,2,4,2,22
20,7,3,12,0.5,0.5,0.2,0,dense,all,0.579613,3,3,3,4,4,7,1,4,1,5,3,3,3,4,0,0,2,0,11,93,93,2,43,2,43,1,2,1,10
20,7,6,3,0.0,0.0,0.2,0,dense,all,0.068991,10,10,10,10,10,10,7,7,7,9,10,10,10,10,2,2,4,2,60,420,420,31,235,31,235,2,3,2,20
20,7,6,3,0.25,0.25,0.2,0,dense,all,0.139922,3,3,3,8,5,10,4,4,4,7,3,3,3,5,0,0,2,0,32,267,267,12,119,12,119,1,2,1,9
20,7,6,3,0.5,0.5,0.2,0,dense,all,0.108026,0,0,0,3,2,6,1,2,1,4,0,0,0,2,0,0,0,0,9,104,104,1,38,1,38,0,1,0,6
20,7,6,6,0.0,0.0,0.2,0,dense,all,0.143914,10,10,10,10,10,10,7,7,7,9,10,10,10,10,2,2,4,2,60,420,420,31,235,31,235,2,3,2,20
20,7,6,6,0.25,0.25,0.2,0,dense,all,0.282446,3,3,3,8,6,10,4,5,4,8,3,3,3,6,0,0,3,0,37,287,287,16,146,16,146,1,2,1,8
20,7,6,6,0.5,0.5,0.2,0,dense,all,0.292132,0,0,0,4,3,7,2,2,2,5,0,0,0,3,0,0,1,0,16,145,145,4,63,4,63,1,1,1,7
20,7,6,9,0.0,0.0,0.2,0,dense,all,0.220420,10,10,10,10,10,10,7,7,7,9,10,10,10,10,2,2,4,2,60,420,420,31,235,31,235,2,3,2,20
20,7,6,9,0.25,0.25,0.2,0,dense,all,0.420958,4,4,4,8,6,10,4,4,4,8,4,4,4,6,0,0,3,0,38,293,293,16,152,16,152,1,1,1,7
20,7,6,9,0.5,0.5,0.2,0,dense,all,0.441065,1,1,1,5,3,7,2,1,2,6,1,1,1,3,0,0,1,0,19,166,166,4,72,4,72,1,1,1,7
20,7,6,12,0.0,0.0,0.2,0,dense,all,0.296043,10,10,10,10,10,10,7,7,7,9,10,10,10,10,2,2,4,2,60,420,420,31,235,31,235,2,3,2,20
20,7,6,12,0.25,0.25,0.2,0,dense,all,0.679869,4,4,4,8,7,10,4,5,4,8,4,4,4,7,0,0,3,0,39,296,296,17,158,17,158,1,1,1,7
20,7,6,12,0.5,0.5,0.2,0,dense,all,0.582713,1,1,1,5,3,7,2,1,2,6,1,1,1,3,0,0,1,0,19,170,170,4,74,4,74,1,1,1,7
20,7,9,3,0.0,0.0,0.2,0,dense,all,0.101615,10,10,10,10,10,10,7,7,7,9,10,10,10,10,2,2,6,2,90,630,630,47,376,47,376,1,3,1,14
20,7,9,3,0.25,0.25,0.2,0,dense,all,0.201769,2,2,2,7,5,9,4,4,4,8,2,2,2,4,0,0,3,0,52,391,391,17,205,17,205,1,1,1,7
20,7,9,3,0.5,0.5,0.2,0,dense,all,0.185246,0,0,0,4,2,7,2,2,2,6,0,0,0,2,0,0,1,0,18,149,149,3,74,3,74,1,1,1,7
20,7,9,6,0.0,0.0,0.2,0,dense,all,0.215576,10,10,10,10,10,10,7,7,7,9,10,10,10,10,2,2,6,2,90,630,630,47,376,47,376,1,3,1,14
20,7,9,6,0.25,0.25,0.2,0,dense,all,0.431213,4,4,4,8,6,9,5,5,5,8,4,4,4,6,0,0,3,0,58,432,432,24,244,24,244,1,1,1,7
20,7,9,6,0.5,0.5,0.2,0,dense,all,0.826037,1,1,1,6,3,7,2,3,2,7,1,1,1,3,0,0,1,0,30,223,223,7,113,7,113,1,1,1,7
20,7,9,9,0.0,0.0,0.2,0,dense,all,0.324951,10,10,10,10,10,10,7,7,7,9,10,10,10,10,2,2,6,2,90,630,630,47,376,47,376,1,3,1,14
20,7,9,9,0.25,0.25,0.2,0,dense,all,0.632231,4,4,4,8,6,9,5,5,5,8,4,4,4,6,0,0,4,0,60,441,441,26,249,26,249,1,1,1,7
20,7,9,9,0.5,0.5,0.2,0,dense,all,1.408150,1,1,1,6,3,7,3,3,3,7,1,1,1,3,0,0,1,0,30,239,239,8,127,8,127,1,1,1,7
20,7,9,12,0.0,0.0,0.2,0,dense,all,0.444319,10,10,10,10,10,10,7,7,7,9,10,10,10,10,2,2,6,2,90,630,630,47,376,47,376,1,3,1,14
20,7,9,12,0.25,0.25,0.2,0,dense,all,0.905062,5,5,5,8,6,9,5,5,5,8,5,5,5,6,0,0,4,0,61,446,446,25,249,25,249,1,1,1,7
20,7,9,12,0.5,0.5,0.2,0,dense,all,1.333179,0,0,0,6,4,7,3,4,3,7,0,0,0,4,0,0,1,0,29,247,247,8,125,8,125,1,1,1,7
20,7,12,3,0.0,0.0,0.2,0,dense,all,0.142242,10,10,10,10,10,10,7,7,7,9,10,10,10,10,2,2,3,2,120,840,840,64,484,64,484,1,2,1,9
20,7,12,3,0.25,0.25,0.2,0,dense,all,0.290061,1,1,1,7,4,9,6,4,6,8,1,1,1,4,0,0,2,0,64,488,488,28,259,28,259,1,1,1,7
20,7,12,3,0.5,0.5,0.2,0,dense,all,0.183624,0,0,0,5,2,7,1,0,1,6,0,0,0,2,0,0,0,0,20,192,192,3,82,3,82,1,1,1,7
20,7,12,6,0.0,0.0,0.2,0,dense,all,0.291058,10,10,10,10,10,10,7,7,7,9,10,10,10,10,2,2,3,2,120,840,840,64,484,64,484,1,2,1,9
20,7,12,6,0.25,0.25,0.2,0,dense,all,0.700891,3,3,3,8,5,9,6,4,6,8,3,3,3,5,0,0,2,0,72,543,543,31,308,31,308,1,1,1,7
20,7,12,6,0.5,0.5,0.2,0,dense,all,0.463020,1,1,1,5,2,7,2,2,2,6,1,1,1,2,0,0,0,0,29,263,263,5,129,5,129,1,1,1,7
20,7,12,9,0.0,0.0,0.2,0,dense,all,0.448399,10,10,10,10,10,10,7,7,7,9,10,10,10,10,2,2,3,2,120,840,840,64,484,64,484,1,2,1,9
20,7,12,9,0.25,0.25,0.2,0,dense,all,0.978661,4,4,4,8,6,9,6,4,6,8,4,4,4,6,0,0,2,0,74,558,558,34,315,34,315,1,1,1,7
20,7,12,9,0.5,0.5,0.2,0,dense,all,0.807930,0,0,0,6,2,7,2,2,2,7,0,0,0,2,0,0,0,0,33,298,298,7,147,7,147,1,1,1,7
20,7,12,12,0.0,0.0,0.2,0,dense,all,0.604507,10,10,10,10,10,10,7,7,7,9,10,10,10,10,2,2,3,2,120,840,840,64,484,64,484,1,2,1,9
20,7,12,12,0.25,0.25,0.2,0,dense,all,1.348397,4,4,4,8,6,9,6,4,6,8,4,4,4,6,0,0,2,0,76,566,566,36,318,36,318,1,1,1,7
20,7,12,12,0.5,0.5,0.2,0,dense,all,1.180387,0,0,0,6,2,7,3,2,3,7,0,0,0,2,0,0,0,0,35,315,315,11,152,11,152,1,1,1,7
20,9,3,3,0.0,0.0,0.2,0,dense,all,0.049770,10,10,10,10,10,10,5,8,5,9,10,10,10,10,2,2,8,2,30,270,270,13,160,13,160,4,8,4,49
20,9,3,3,0.25,0.25,0.2,0,dense,all,0.112182,3,3,3,6,6,9,3,5,3,8,3,3,3,6,0,0,5,0,15,164,164,4,87,4,87,1,5,1,24
20,9,3,3,0.5,0.5,0.2,0,dense,all,0.078298,0,0,0,3,3,6,1,2,1,3,0,0,0,3,0,0,1,0,4,74,74,1,24,1,24,0,3,0,14
20,9,3,6,0.0,0.0,0.2,0,dense,all,0.096407,10,10,10,10,10,10,5,8,5,9,10,10,10,10,2,2,8,2,30,270,270,13,160,13,160,4,8,4,49
20,9,3,6,0.25,0.25,0.2,0,dense,all,0.196921,4,4,4,7,7,9,4,6,4,8,4,4,4,7,0,0,6,0,17,183,183,4,96,4,96,1,5,1,24
20,9,3,6,0.5,0.5,0.2,0,dense,all,0.224321,1,1,1,4,3,7,1,3,1,5,1,1,1,3,0,0,3,0,9,104,104,1,39,1,39,1,2,1,14
20,9,3,9,0.0,0.0,0.2,0,dense,all,0.142507,10,10,10,10,10,10,5,8,5,9,10,10,10,10,2,2,8,2,30,270,270,13,160,13,160,4,8,4,49
20,9,3,9,0.25,0.25,0.2,0,dense,all,0.307749,5,5,5,7,7,9,4,6,4,8,5,5,5,7,0,0,6,0,17,186,186,6,102,6,102,1,5,1,22
20,9,3,9,0.5,0.5,0.2,0,dense,all,0.395950,2,2,2,4,4,7,2,4,2,5,2,2,2,4,0,0,3,0,9,114,114,3,48,3,48,0,2,0,12
20,9,3,12,0.0,0.0,0.2,0,dense,all,0.192087,10,10,10,10,10,10,5,8,5,9,10,10,10,10,2,2,8,2,30,270,270,13,160,13,160,4,8,4,49
20,9,3,12,0.25,0.25,0.2,0,dense,all,0.399618,5,5,5,7,7,9,4,6,4,8,5,5,5,7,0,0,6,0,18,187,187,6,103,6,103,1,5,1,22
20,9,3,12,0.5,0.5,0.2,0,dense,all,0.501180,2,2,2,5,4,7,2,4,2,5,2,2,2,4,0,0,3,0,10,118,118,3,48,3,48,1,2,1,11
20,9,6,3,0.0,0.0,0.2,0,dense,all,0.092598,10,10,10,10,10,10,6,7,6,10,10,10,10,10,1,1,4,1,60,540,540,25,303,25,303,2,4,2,25
20,9,6,3,0.25,0.25,0.2,0,dense,all,0.140595,0,0,0,7,5,9,4,4,4,8,0,0,0,5,0,0,2,0,30,327,327,12,162,12,162,1,2,1,11
20,9,6,3,0.5,0.5,0.2,0,dense,all,0.122104,0,0,0,3,3,7,1,1,1,4,0,0,0,3,0,0,0,0,10,137,137,2,35,2,35,1,2,1,10
20,9,6,6,0.0,0.0,0.2,0,dense,all,0.183896,10,10,10,10,10,10,6,7,6,10,10,10,10,10,1,1,4,1,60,540,540,25,303,25,303,2,4,2,25
20,9,6,6,0.25,0.25,0.2,0,dense,all,0.407439,3,3,3,7,6,9,5,4,5,8,3,3,3,6,0,0,2,0,34,359,359,13,184,13,184,1,2,1,10
20,9,6,6,0.5,0.5,0.2,0,dense,all,0.331382,1,1,1,4,3,7,2,2,2,5,1,1,1,3,0,0,1,0,16,191,191,3,63,3,63,1,1,1,9
20,9,6,9,0.0,0.0,0.2,0,dense,all,0.279769,10,10,10,10,10,10,6,7,6,10,10,10,10,10,1,1,4,1,60,540,540,25,303,25,303,2,4,2,25
20,9,6,9,0.25,0.25,0.2,0,dense,all,0.813169,3,3,3,7,7,9,5,4,5,8,3,3,3,6,0,0,3,0,35,366,366,13,196,13,196,1,2,1,10
20,9,6,9,0.5,0.5,0.2,0,dense,all,0.623714,1,1,1,4,4,7,1,2,1,5,1,1,1,4,0,0,1,0,17,207,207,2,69,2,69,1,1,1,9
20,9,6,12,0.0,0.0,0.2,0,dense,all,0.484910,10,10,10,10,10,10,6,7,6,10,10,10,10,10,1,1,4,1,60,540,540,25,303,25,303,2,4,2,25
20,9,6,12,0.25,0.25,0.2,0,dense,all,1.025857,4,4,4,8,7,9,5,5,5,8,4,4,4,7,0,0,3,0,37,378,378,14,199,14,199,1,2,1,10
20,9,6,12,0.5,0.5,0.2,0,dense,all,0.858186,1,1,1,5,4,7,2,2,2,6,1,1,1,4,0,0,1,0,20,219,219,4,78,4,78,1,1,1,9
20,9,9,3,0.0,0.0,0.2,0,dense,all,0.132650,10,10,10,10,10,10,7,8,7,10,10,10,10,10,1,1,4,1,90,810,810,48,474,48,474,1,2,1,17
20,9,9,3,0.25,0.25,0.2,0,dense,all,0.354333,2,2,2,8,5,9,4,5,4,8,2,2,2,5,0,0,2,0,45,479,479,21,251,21,251,1,1,1,9
20,9,9,3,0.5,0.5,0.2,0,dense,all,0.187495,0,0,0,3,1,7,2,1,2,6,0,0,0,1,0,0,0,0,16,193,193,5,66,5,66,1,1,1,9
20,9,9,6,0.0,0.0,0.2,0,dense,all,0.281292,10,10,10,10,10,10,7,8,7,10,10,10,10,10,1,1,4,1,90,810,810,48,474,48,474,1,2,1,17
20,9,9,6,0.25,0.25,0.2,0,dense,all,0.824212,4,4,4,8,6,9,5,6,5,8,4,4,4,6,0,0,3,0,50,536,536,27,299,27,299,1,1,1,9
20,9,9,6,0.5,0.5,0.2,0,dense,all,0.638301,0,0,0,5,2,8,3,2,3,6,0,0,0,2,0,0,0,0,22,264,264,8,115,8,115,1,1,1,9
20,9,9,9,0.0,0.0,0.2,0,dense,all,0.488539,10,10,10,10,10,10,7,8,7,10,10,10,10,10,1,1,4,1,90,810,810,48,474,48,474,1,2,1,17
20,9,9,9,0.25,0.25,0.2,0,dense,all,0.942609,4,4,4,8,6,9,5,6,5,8,4,4,4,6,0,0,2,0,53,549,549,27,310,27,310,1,1,1,9
20,9,9,9,0.5,0.5,0.2,0,dense,all,1.081736,1,1,1,5,3,8,3,2,3,6,1,1,1,3,0,0,0,0,28,299,299,11,139,11,139,1,1,1,9
20,9,9,12,0.0,0.0,0.2,0,dense,all,0.572584,10,10,10,10,10,10,7,8,7,10,10,10,10,10,1,1,4,1,90,810,810,48,474,48,474,1,2,1,17
20,9,9,12,0.25,0.25,0.2,0,dense,all,1.318821,4,4,4,8,6,9,5,6,5,8,4,4,4,6,0,0,3,0,54,558,558,27,317,27,317,1,1,1,9
20,9,9,12,0.5,0.5,0.2,0,dense,all,1.351439,0,0,0,5,3,8,3,2,3,7,0,0,0,3,0,0,0,0,30,314,314,12,146,12,146,1,1,1,9
20,9,12,3,0.0,0.0,0.2,0,dense,all,0.195117,10,10,10,10,10,10,8,7,8,10,10,10,10,10,1,1,5,1,120,1080,1080,62,650,62,650,1,2,1,12
20,9,12,3,0.25,0.25,0.2,0,dense,all,0.338241,3,3,3,8,5,9,5,4,5,8,3,3,3,5,0,0,2,0,68,665,665,24,339,24,339,1,1,1,9
20,9,12,3,0.5,0.5,0.2,0,dense,all,0.270002,0,0,0,4,1,7,2,1,2,6,0,0,0,1,0,0,0,0,18,240,240,4,100,4,100,1,1,1,9
20,9,12,6,0.0,0.0,0.2,0,dense,all,0.387029,10,10,10,10,10,10,8,7,8,10,10,10,10,10,1,1,5,1,120,1080,1080,62,650,62,650,1,2,1,12
20,9,12,6,0.25,0.25,0.2,0,dense,all,0.769702,3,3,3,8,6,9,6,5,6,8,3,3,3,6,0,0,3,0,75,724,724,31,405,31,405,1,1,1,9
20,9,12,6,0.5,0.5,0.2,0,dense,all,0.588175,0,0,0,5,2,7,4,3,4,6,0,0,0,2,0,0,0,0,35,353,353,10,171,10,171,1,1,1,9
20,9,12,9,0.0,0.0,0.2,0,dense,all,0.596121,10,10,10,10,10,10,8,7,8,10,10,10,10,10,1,1,5,1,120,1080,1080,62,650,62,650,1,2,1,12
20,9,12,9,0.25,0.25,0.2,0,dense,all,1.260130,4,4,4,8,6,9,6,5,6,8,4,4,4,6,0,0,3,0,76,743,743,37,422,37,422,1,1,1,9
20,9,12,9,0.5,0.5,0.2,0,dense,all,1.496421,1,1,1,5,3,7,4,3,4,7,1,1,1,2,0,0,1,0,38,384,384,13,197,13,197,1,1,1,9
20,9,12,12,0.0,0.0,0.2,0,dense,all,0.791672,10,10,10,10,10,10,8,7,8,10,10,10,10,10,1,1,5,1,120,1080,1080,62,650,62,650,1,2,1,12
20,9,12,12,0.25,0.25,0.2,0,dense,all,1.855524,4,4,4,8,6,9,6,5,6,8,4,4,4,6,0,0,3,0,78,755,755,36,422,36,422,1,1,1,9
20,9,12,12,0.5,0.5,0.2,0,dense,all,2.424231,1,1,1,5,3,8,4,3,4,7,1,1,1,3,0,0,1,0,43,417,417,16,209,16,209,1,1,1,9
20,11,3,3,0.0,0.0,0.2,0,dense,all,0.058047,10,10,10,10,10,10,6,8,6,10,10,10,10,10,2,2,7,2,30,330,330,14,189,14,189,4,9,4,58
20,11,3,3,0.25,0.25,0.2,0,dense,all,0.137604,4,4,4,6,7,9,2,5,2,9,4,4,4,7,0,0,3,0,17,210,210,3,103,3,103,1,4,1,27
20,11,3,3,0.5,0.5,0.2,0,dense,all,0.133637,0,0,0,3,4,6,0,2,0,4,0,0,0,4,0,0,1,0,6,98,98,0,22,0,22,0,2,0,15
20,11,3,6,0.0,0.0,0.2,0,dense,all,0.114625,10,10,10,10,10,10,6,8,6,10,10,10,10,10,2,2,7,2,30,330,330,14,189,14,189,4,9,4,58
20,11,3,6,0.25,0.25,0.2,0,dense,all,0.377971,5,5,5,7,8,9,3,6,3,9,5,5,5,8,0,0,4,0,19,226,226,6,121,6,121,1,4,1,30
20,11,3,6,0.5,0.5,0.2,0,dense,all,0.242630,1,1,1,4,5,7,0,3,0,5,1,1,1,5,0,0,2,0,8,128,128,0,42,0,42,0,2,0,18
20,11,3,9,0.0,0.0,0.2,0,dense,all,0.173502,10,10,10,10,10,10,6,8,6,10,10,10,10,10,2,2,7,2,30,330,330,14,189,14,189,4,9,4,58
20,11,3,9,0.25,0.25,0.2,0,dense,all,0.520879,5,5,5,7,8,9,4,6,4,9,5,5,5,8,0,0,5,0,20,233,233,6,126,6,126,1,4,1,31
20,11,3,9,0.5,0.5,0.2,0,dense,all,0.413953,1,1,1,4,5,7,0,4,0,6,1,1,1,5,0,0,3,0,10,140,140,0,47,0,47,0,2,0,17
20,11,3,12,0.0,0.0,0.2,0,dense,all,0.233326,10,10,10,10,10,10,6,8,6,10,10,10,10,10,2,2,7,2,30,330,330,14,189,14,189,4,9,4,58
20,11,3,12,0.25,0.25,0.2,0,dense,all,0.647610,5,5,5,7,8,9,4,6,4,9,5,5,5,8,0,0,5,0,20,232,232,6,128,6,128,1,4,1,30
20,11,3,12,0.5,0.5,0.2,0,dense,all,0.567860,2,2,2,4,5,7,0,4,0,6,2,2,2,5,0,0,2,0,10,144,144,0,54,0,54,0,2,0,16
20,11,6,3,0.0,0.0,0.2,0,dense,all,0.125354,10,10,10,10,10,10,7,8,7,9,10,10,10,10,1,1,5,1,60,660,660,29,390,29,390,2,4,2,31
20,11,6,3,0.25,0.25,0.2,0,dense,all,0.221044,2,2,2,7,6,9,4,5,4,8,2,2,2,6,0,0,2,0,29,398,398,13,209,13,209,1,2,1,17
20,11,6,3,0.5,0.5,0.2,0,dense,all,0.130457,0,0,0,3,2,6,0,2,0,6,0,0,0,2,0,0,0,0,9,155,155,0,72,0,72,0,1,0,10
20,11,6,6,0.0,0.0,0.2,0,dense,all,0.241351,10,10,10,10,10,10,7,8,7,9,10,10,10,10,1,1,5,1,60,660,660,29,390,29,390,2,4,2,31
20,11,6,6,0.25,0.25,0.2,0,dense,all,0.555553,3,3,3,7,7,9,5,6,5,8,3,3,3,6,0,0,3,0,33,435,435,20,256,20,256,1,2,1,12
20,11,6,6,0.5,0.5,0.2,0,dense,all,0.437398,0,0,0,4,3,7,2,3,2,6,0,0,0,3,0,0,0,0,15,223,223,4,123,4,123,1,1,1,11
20,11,6,9,0.0,0.0,0.2,0,dense,all,0.362844,10,10,10,10,10,10,7,8,7,9,10,10,10,10,1,1,5,1,60,660,660,29,390,29,390,2,4,2,31
20,11,6,9,0.25,0.25,0.2,0,dense,all,0.737436,3,3,3,7,7,9,5,6,5,8,3,3,3,7,0,0,3,0,35,447,447,20,261,20,261,1,2,1,12
20,11,6,9,0.5,0.5,0.2,0,dense,all,1.067694,1,1,1,5,3,7,3,4,3,6,1,1,1,3,0,0,0,0,19,252,252,6,137,6,137,1,1,1,11
20,11,6,12,0.0,0.0,0.2,0,dense,all,0.480029,10,10,10,10,10,10,7,8,7,9,10,10,10,10,1,1,5,1,60,660,660,29,390,29,390,2,4,2,31
20,11,6,12,0.25,0.25,0.2,0,dense,all,1.274471,3,3,3,8,7,9,5,6,5,8,3,3,3,7,0,0,3,0,35,452,452,20,264,20,264,1,2,1,12
20,11,6,12,0.5,0.5,0.2,0,dense,all,0.996834,0,0,0,5,4,7,3,4,3,6,0,0,0,4,0,0,1,0,19,256,256,8,141,8,141,1,1,1,11
20,11,9,3,0.0,0.0,0.2,0,dense,all,0.155452,10,10,10,10,10,10,7,8,7,10,10,10,10,10,0,0,5,0,90,990,990,44,569,44,569,1,3,1,22
20,11,9,3,0.25,0.25,0.2,0,dense,all,0.340778,3,3,3,7,6,9,5,5,5,8,3,3,3,6,0,0,2,0,50,617,617,22,328,22,328,1,1,1,11
20,11,9,3,0.5,0.5,0.2,0,dense,all,0.258840,0,0,0,3,1,8,2,2,2,6,0,0,0,1,0,0,0,0,18,240,240,3,107,3,107,1,1,1,11
20,11,9,6,0.0,0.0,0.2,0,dense,all,0.335878,10,10,10,10,10,10,7,8,7,10,10,10,10,10,0,0,5,0,90,990,990,44,569,44,569,1,3,1,22
20,11,9,6,0.25,0.25,0.2,0,dense,all,0.909741,4,4,4,8,6,9,6,5,6,8,4,4,4,6,0,0,3,0,54,663,663,29,385,29,385,1,1,1,11
20,11,9,6,0.5,0.5,0.2,0,dense,all,0.847643,0,0,0,4,2,8,3,3,3,6,0,0,0,2,0,0,1,0,22,341,341,10,176,10,176,1,1,1,11
20,11,9,9,0.0,0.0,0.2,0,dense,all,0.560236,10,10,10,10,10,10,7,8,7,10,10,10,10,10,0,0,5,0,90,990,990,44,569,44,569,1,3,1,22
20,11,9,9,0.25,0.25,0.2,0,dense,all,1.651925,5,5,5,8,7,9,6,5,6,8,5,5,5,7,0,0,3,0,59,688,688,27,388,27,388,1,1,1,11
20,11,9,9,0.5,0.5,0.2,0,dense,all,1.903553,0,0,0,5,3,8,4,3,4,6,0,0,0,2,0,0,1,0,29,373,373,11,187,11,187,1,1,1,11
20,11,9,12,0.0,0.0,0.2,0,dense,all,0.730196,10,10,10,10,10,10,7,8,7,10,10,10,10,10,0,0,5,0,90,990,990,44,569,44,569,1,3,1,22
20,11,9,12,0.25,0.25,0.2,0,dense,all,1.625730,5,5,5,8,7,9,6,5,6,8,5,5,5,7,0,0,3,0,57,692,692,30,396,30,396,1,1,1,11
20,11,9,12,0.5,0.5,0.2,0,dense,all,2.077071,0,0,0,5,3,8,4,3,4,7,0,0,0,3,0,0,1,0,32,391,391,11,199,11,199,1,1,1,11
20,11,12,3,0.0,0.0,0.2,0,dense,all,0.256067,10,10,10,10,10,10,7,8,7,10,10,10,10,10,2,2,4,2,120,1320,1320,66,801,66,801,1,2,1,19
20,11,12,3,0.25,0.25,0.2,0,dense,all,0.421869,2,2,2,8,5,9,5,4,5,8,2,2,2,5,0,0,3,0,65,800,800,25,426,25,426,1,1,1,11
20,11,12,3,0.5,0.5,0.2,0,dense,all,0.318490,0,0,0,3,1,7,2,2,2,5,0,0,0,1,0,0,0,0,18,297,297,5,122,5,122,1,1,1,11
20,11,12,6,0.0,0.0,0.2,0,dense,all,0.531911,10,10,10,10,10,10,7,8,7,10,10,10,10,10,2,2,4,2,120,1320,1320,66,801,66,801,1,2,1,19
20,11,12,6,0.25,0.25,0.2,0,dense,all,1.336820,3,3,3,8,6,9,5,5,5,8,3,3,3,6,0,0,3,0,73,880,880,35,504,35,504,1,1,1,11
20,11,12,6,0.5,0.5,0.2,0,dense,all,0.958308,0,0,0,5,2,8,4,3,4,6,0,0,0,2,0,0,1,0,34,436,436,15,224,15,224,1,1,1,11
20,11,12,9,0.0,0.0,0.2,0,dense,all,0.736639,10,10,10,10,10,10,7,8,7,10,10,10,10,10,2,2,4,2,120,1320,1320,66,801,66,801,1,2,1,19
20,11,12,9,0.25,0.25,0.2,0,dense,all,1.889369,4,4,4,8,6,9,5,5,5,9,4,4,4,6,0,0,3,0,75,899,899,37,524,37,524,1,1,1,11
20,11,12,9,0.5,0.5,0.2,0,dense,all,1.913111,0,0,0,5,3,8,4,4,4,7,0,0,0,3,0,0,1,0,36,480,480,17,256,17,256,1,1,1,11
20,11,12,12,0.0,0.0,0.2,0,dense,all,0.985157,10,10,10,10,10,10,7,8,7,10,10,10,10,10,2,2,4,2,120,1320,1320,66,801,66,801,1,2,1,19
20,11,12,12,0.25,0.25,0.2,0,dense,all,3.254490,4,4,4,8,6,9,5,6,5,9,4,4,4,6,0,0,3,0,75,906,906,36,527,36,527,1,1,1,11
20,11,12,12,0.5,0.5,0.2,0,dense,all,2.655389,1,1,1,5,3,8,4,4,4,7,1,1,1,3,0,0,1,0,39,507,507,16,264,16,264,1,1,1,11
25,3,3,3,0.0,0.0,0.2,0,dense,all,0.023756,13,13,13,13,13,13,10,10,10,10,13,13,13,13,6,6,10,6,39,117,117,23,78,23,78,6,9,6,22
25,3,3,3,0.25,0.25,0.2,0,dense,all,0.035222,5,5,5,8,7,13,3,3,3,7,5,5,5,7,0,0,3,0,23,75,75,8,32,8,32,3,4,3,11
25,3,3,3,0.5,0.5,0.2,0,dense,all,0.028580,1,1,1,3,2,6,0,2,0,3,1,1,1,2,0,0,2,0,6,28,28,0,9,0,9,0,1,0,2
25,3,3,6,0.0,0.0,0.2,0,dense,all,0.041896,13,13,13,13,13,13,10,10,10,10,13,13,13,13,6,6,10,6,39,117,117,23,78,23,78,6,9,6,22
25,3,3,6,0.25,0.25,0.2,0,dense,all,0.060731,6,6,6,9,7,13,5,3,5,8,6,6,6,7,2,2,3,2,24,79,79,10,39,10,39,2,4,2,9
25,3,3,6,0.5,0.5,0.2,0,dense,all,0.066409,2,2,2,4,4,7,3,2,3,5,2,2,2,4,0,0,2,0,11,40,40,4,21,4,21,1,2,1,4
25,3,3,9,0.0,0.0,0.2,0,dense,all,0.060796,13,13,13,13,13,13,10,10,10,10,13,13,13,13,6,6,10,6,39,117,117,23,78,23,78,6,9,6,22
25,3,3,9,0.25,0.25,0.2,0,dense,all,0.093258,6,6,6,10,8,13,5,4,5,8,6,6,6,8,2,2,3,2,26,82,82,11,40,11,40,3,4,3,10
25,3,3,9,0.5,0.5,0.2,0,dense,all,0.125612,3,3,3,5,4,7,4,3,4,5,3,3,3,4,1,1,3,1,13,44,44,7,26,7,26,1,2,1,4
25,3,3,12,0.0,0.0,0.2,0,dense,all,0.109462,13,13,13,13,13,13,10,10,10,10,13,13,13,13,6,6,10,6,39,117,117,23,78,23,78,6,9,6,22
25,3,3,12,0.25,0.25,0.2,0,dense,all,0.144463,6,6,6,9,8,13,5,4,5,8,6,6,6,8,2,2,3,2,26,82,82,11,41,11,41,3,4,3,10
25,3,3,12,0.5,0.5,0.2,0,dense,all,0.200292,3,3,3,6,4,8,4,3,4,5,3,3,3,4,1,1,3,1,14,47,47,7,29,7,29,1,2,1,5
25,3,6,3,0.0,0.0,0.2,0,dense,all,0.039295,13,13,13,13,13,13,9,9,9,11,13,13,13,13,1,1,7,1,78,234,234,37,132,37,132,3,5,3,11
25,3,6,3,0.25,0.25,0.2,0,dense,all,0.085218,6,6,6,9,7,11,4,4,4,8,6,6,6,7,0,0,4,0,45,139,139,16,77,16,77,2,2,2,6
25,3,6,3,0.5,0.5,0.2,0,dense,all,0.054506,1,1,1,4,1,6,2,0,2,5,1,1,1,1,0,0,0,0,16,56,56,4,15,4,15,0,1,0,2
25,3,6,6,0.0,0.0,0.2,0,dense,all,0.074789,13,13,13,13,13,13,9,9,9,11,13,13,13,13,1,1,7,1,78,234,234,37,132,37,132,3,5,3,11
25,3,6,6,0.25,0.25,0.2,0,dense,all,0.158282,6,6,6,9,8,11,6,6,6,8,6,6,6,8,0,0,4,0,49,151,151,22,89,22,89,1,1,1,3
25,3,6,6,0.5,0.5,0.2,0,dense,all,0.229454,1,1,1,6,3,8,3,3,3,6,1,1,1,3,0,0,0,0,24,80,80,9,33,9,33,1,1,1,3
25,3,6,9,0.0,0.0,0.2,0,dense,all,0.111879,13,13,13,13,13,13,9,9,9,11,13,13,13,13,1,1,7,1,78,234,234,37,132,37,132,3,5,3,11
25,3,6,9,0.25,0.25,0.2,0,dense,all,0.195996,6,6,6,9,7,11,6,6,6,8,6,6,6,7,0,0,4,0,49,151,151,22,88,22,88,1,1,1,3
25,3,6,9,0.5,0.5,0.2,0,dense,all,0.229003,1,1,1,6,4,8,4,2,4,6,1,1,1,4,0,0,1,0,27,91,91,11,37,11,37,1,1,1,3
25,3,6,12,0.0,0.0,0.2,0,dense,all,0.151599,13,13,13,13,13,13,9,9,9,11,13,13,13,13,1,1,7,1,78,234,234,37,132,37,132,3,5,3,11
25,3,6,12,0.25,0.25,0.2,0,dense,all,0.258674,6,6,6,9,8,11,5,5,5,8,6,6,6,8,0,0,4,0,49,153,153,22,89,22,89,1,1,1,3
25,3,6,12,0.5,0.5,0.2,0,dense,all,0.417321,1,1,1,7,4,8,4,2,4,6,1,1,1,4,0,0,1,0,27,90,90,12,39,12,39,1,1,1,3
25,3,9,3,0.0,0.0,0.2,0,dense,all,0.054667,13,13,13,13,13,13,10,7,10,12,13,13,13,13,3,3,5,3,117,351,351,65,208,65,208,2,2,2,6
25,3,9,3,0.25,0.25,0.2,0,dense,all,0.187497,5,5,5,9,7,11,7,4,7,10,5,5,5,7,0,0,1,0,64,209,209,32,100,32,100,1,1,1,3
25,3,9,3,0.5,0.5,0.2,0,dense,all,0.084220,0,0,0,6,1,7,3,0,3,4,0,0,0,1,0,0,0,0,28,88,88,4,24,4,24,1,1,1,3
25,3,9,6,0.0,0.0,0.2,0,dense,all,0.121201,13,13,13,13,13,13,10,7,10,12,13,13,13,13,3,3,5,3,117,351,351,65,208,65,208,2,2,2,6
25,3,9,6,0.25,0.25,0.2,0,dense,all,0.343220,6,6,6,9,8,11,7,4,7,10,6,6,6,8,0,0,2,0,71,229,229,35,119,35,119,1,1,1,3
25,3,9,6,0.5,0.5,0.2,0,dense,all,0.368974,2,2,2,7,3,8,3,0,3,5,2,2,2,3,0,0,0,0,42,129,129,9,47,9,47,1,1,1,3
25,3,9,9,0.0,0.0,0.2,0,dense,all,0.179286,13,13,13,13,13,13,10,7,10,12,13,13,13,13,3,3,5,3,117,351,351,65,208,65,208,2,2,2,6
25,3,9,9,0.25,0.25,0.2,0,dense,all,0.344130,6,6,6,10,8,11,7,4,7,10,6,6,6,8,0,0,1,0,74,236,236,38,123,38,123,1,1,1,3
25,3,9,9,0.5,0.5,0.2,0,dense,all,0.493907,3,3,3,7,4,8,4,0,4,6,3,3,3,3,0,0,0,0,46,139,139,12,53,12,53,1,1,1,3
25,3,9,12,0.0,0.0,0.2,0,dense,all,0.227227,13,13,13,13,13,13,10,7,10,12,13,13,13,13,3,3,5,3,117,351,351,65,208,65,208,2,2,2,6
25,3,9,12,0.25,0.25,0.2,0,dense,all,0.445218,7,7,7,10,8,11,7,4,7,10,7,7,7,8,0,0,2,0,76,240,240,38,124,38,124,1,1,1,3
25,3,9,12,0.5,0.5,0.2,0,dense,all,0.488099,3,3,3,7,4,9,4,0,4,6,3,3,3,4,0,0,0,0,48,149,149,13,57,13,57,1,1,1,3
25,3,12,3,0.0,0.0,0.2,0,dense,all,0.070781,13,13,13,13,13,13,11,7,11,12,13,13,13,13,4,4,6,4,156,468,468,77,285,77,285,1,2,1,5
25,3,12,3,0.25,0.25,0.2,0,dense,all,0.190976,4,4,4,9,5,11,6,4,6,10,4,4,4,5,0,0,0,0,83,267,267,32,138,32,138,1,1,1,3
25,3,12,3,0.5,0.5,0.2,0,dense,all,0.104959,0,0,0,5,1,8,3,0,3,5,0,0,0,1,0,0,0,0,34,108,108,5,33,5,33,1,1,1,3
25,3,12,6,0.0,0.0,0.2,0,dense,all,0.140585,13,13,13,13,13,13,11,7,11,12,13,13,13,13,4,4,6,4,156,468,468,77,285,77,285,1,2,1,5
25,3,12,6,0.25,0.25,0.2,0,dense,all,0.256158,6,6,6,10,7,11,7,4,7,10,6,6,6,7,0,0,2,0,94,298,298,41,166,41,166,1,1,1,3
25,3,12,6,0.5,0.5,0.2,0,dense,all,0.280817,0,0,0,7,3,9,4,1,4,6,0,0,0,3,0,0,0,0,48,156,156,12,66,12,66,1,1,1,3
25,3,12,9,0.0,0.0,0.2,0,dense,all,0.217178,13,13,13,13,13,13,11,7,11,12,13,13,13,13,4,4,6,4,156,468,468,77,285,77,285,1,2,1,5
25,3,12,9,0.25,0.25,0.2,0,dense,all,0.432313,6,6,6,10,7,11,7,5,7,10,6,6,6,7,1,1,2,1,94,302,302,43,177,43,177,1,1,1,3
25,3,12,9,0.5,0.5,0.2,0,dense,all,0.681377,2,2,2,7,3,9,4,2,4,7,2,2,2,3,0,0,0,0,55,173,173,12,71,12,71,1,1,1,3
25,3,12,12,0.0,0.0,0.2,0,dense,all,0.289974,13,13,13,13,13,13,11,7,11,12,13,13,13,13,4,4,6,4,156,468,468,77,285,77,285,1,2,1,5
25,3,12,12,0.25,0.25,0.2,0,dense,all,0.503043,6,6,6,10,7,11,7,5,7,10,6,6,6,7,1,1,2,1,95,306,306,43,177,43,177,1,1,1,3
25,3,12,12,0.5,0.5,0.2,0,dense,all,0.804561,2,2,2,7,3,9,4,2,4,7,2,2,2,3,0,0,0,0,58,181,181,14,75,14,75,1,1,1,3
25,5,3,3,0.0,0.0,0.2,0,dense,all,0.033855,13,13,13,13,13,13,7,9,7,10,13,13,13,13,5,5,8,5,39,195,195,19,120,19,120,5,7,5,33
25,5,3,3,0.25,0.25,0.2,0,dense,all,0.047576,4,4,4,9,8,10,4,5,4,8,4,4,4,8,0,0,2,0,21,116,116,6,51,6,51,2,4,2,16
25,5,3,3,0.5,0.5,0.2,0,dense,all,0.041404,1,1,1,3,2,7,0,2,0,5,1,1,1,2,0,0,0,0,7,52,52,0,16,0,16,0,2,0,5
25,5,3,6,0.0,0.0,0.2,0,dense,all,0.061338,13,13,13,13,13,13,7,9,7,10,13,13,13,13,5,5,8,5,39,195,195,19,120,19,120,5,7,5,33
25,5,3,6,0.25,0.25,0.2,0,dense,all,0.096006,5,5,5,9,9,11,5,6,5,8,5,5,5,9,0,0,3,0,24,129,129,10,60,10,60,2,4,2,15
25,5,3,6,0.5,0.5,0.2,0,dense,all,0.135575,2,2,2,5,4,8,1,3,1,5,2,2,2,4,0,0,2,0,11,72,72,1,29,1,29,1,2,1,7
25,5,3,9,0.0,0.0,0.2,0,dense,all,0.092183,13,13,13,13,13,13,7,9,7,10,13,13,13,13,5,5,8,5,39,195,195,19,120,19,120,5,7,5,33
25,5,3,9,0.25,0.25,0.2,0,dense,all,0.146449,5,5,5,10,9,11,6,6,6,8,5,5,5,9,0,0,3,0,24,132,132,11,64,11,64,2,4,2,15
25,5,3,9,0.5,0.5,0.2,0,dense,all,0.209894,2,2,2,6,5,8,1,3,1,5,2,2,2,5,0,0,2,0,14,78,78,2,33,2,33,1,2,1,8
25,5,3,12,0.0,0.0,0.2,0,dense,all,0.128424,13,13,13,13,13,13,7,9,7,10,13,13,13,13,5,5,8,5,39,195,195,19,120,19,120,5,7,5,33
25,5,3,12,0.25,0.25,0.2,0,dense,all,0.206120,6,6,6,10,9,11,5,6,5,9,6,6,6,9,0,0,3,0,25,135,135,10,63,10,63,2,4,2,15
25,5,3,12,0.5,0.5,0.2,0,dense,all,0.379230,2,2,2,5,5,8,1,3,1,5,2,2,2,5,0,0,2,0,13,81,81,2,38,2,38,0,2,0,6
25,5,6,3,0.0,0.0,0.2,0,dense,all,0.062943,13,13,13,13,13,13,10,9,10,12,13,13,13,13,1,1,8,1,78,390,390,37,228,37,228,3,4,3,17
25,5,6,3,0.25,0.25,0.2,0,dense,all,0.096178,1,1,1,9,8,11,7,3,7,8,1,1,1,8,0,0,0,0,35,233,233,18,104,18,104,1,2,1,7
25,5,6,3,0.5,0.5,0.2,0,dense,all,0.073920,1,1,1,4,2,6,2,0,2,5,1,1,1,2,0,0,0,0,14,92,92,3,22,3,22,1,2,1,6
25,5,6,6,0.0,0.0,0.2,0,dense,all,0.117686,13,13,13,13,13,13,10,9,10,12,13,13,13,13,1,1,8,1,78,390,390,37,228,37,228,3,4,3,17
25,5,6,6,0.25,0.25,0.2,0,dense,all,0.245720,2,2,2,9,9,11,7,4,7,9,2,2,2,9,0,0,3,0,40,256,256,20,128,20,128,1,1,1,5
25,5,6,6,0.5,0.5,0.2,0,dense,all,0.614903,1,1,1,6,4,8,3,2,3,5,1,1,1,4,0,0,0,0,25,137,137,7,48,7,48,1,1,1,5
25,5,6,9,0.0,0.0,0.2,0,dense,all,0.180850,13,13,13,13,13,13,10,9,10,12,13,13,13,13,1,1,8,1,78,390,390,37,228,37,228,3,4,3,17
25,5,6,9,0.25,0.25,0.2,0,dense,all,0.423258,3,3,3,10,9,11,7,4,7,9,3,3,3,9,0,0,3,0,43,260,260,22,131,22,131,1,1,1,5
25,5,6,9,0.5,0.5,0.2,0,dense,all,1.002837,2,2,2,6,5,8,4,2,4,6,2,2,2,4,0,0,0,0,25,146,146,9,54,9,54,1,1,1,5
25,5,6,12,0.0,0.0,0.2,0,dense,all,0.248630,13,13,13,13,13,13,10,9,10,12,13,13,13,13,1,1,8,1,78,390,390,37,228,37,228,3,4,3,17
25,5,6,12,0.25,0.25,0.2,0,dense,all,0.464193,4,4,4,10,9,11,7,4,7,9,4,4,4,9,1,1,3,1,43,263,263,23,136,23,136,1,1,1,5
25,5,6,12,0.5,0.5,0.2,0,dense,all,0.844759,2,2,2,6,5,8,4,3,4,7,2,2,2,5,0,0,0,0,27,155,155,11,64,11,64,1,1,1,5
25,5,9,3,0.0,0.0,0.2,0,dense,all,0.085950,13,13,13,13,13,13,9,8,9,12,13,13,13,13,2,2,6,2,117,585,585,64,345,64,345,2,4,2,12
25,5,9,3,0.25,0.25,0.2,0,dense,all,0.148269,3,3,3,10,6,11,6,2,6,8,3,3,3,6,0,0,2,0,61,337,337,22,166,22,166,1,1,1,5
25,5,9,3,0.5,0.5,0.2,0,dense,all,0.112296,0,0,0,5,1,7,2,1,2,5,0,0,0,1,0,0,0,0,23,132,132,4,47,4,47,1,1,1,5
25,5,9,6,0.0,0.0,0.2,0,dense,all,0.180717,13,13,13,13,13,13,9,8,9,12,13,13,13,13,2,2,6,2,117,585,585,64,345,64,345,2,4,2,12
25,5,9,6,0.25,0.25,0.2,0,dense,all,0.346728,4,4,4,10,7,11,6,5,6,8,4,4,4,7,0,0,3,0,70,372,372,30,200,30,200,1,1,1,5
25,5,9,6,0.5,0.5,0.2,0,dense,all,1.135903,1,1,1,7,3,8,3,2,3,6,1,1,1,3,0,0,0,0,37,196,196,9,83,9,83,1,1,1,5
25,5,9,9,0.0,0.0,0.2,0,dense,all,0.289383,13,13,13,13,13,13,9,8,9,12,13,13,13,13,2,2,6,2,117,585,585,64,345,64,345,2,4,2,12
25,5,9,9,0.25,0.25,0.2,0,dense,all,0.508132,5,5,5,10,8,11,6,5,6,9,5,5,5,8,0,0,4,0,73,384,384,31,206,31,206,1,1,1,5
25,5,9,9,0.5,0.5,0.2,0,dense,all,1.325837,3,3,3,7,3,8,4,2,4,6,3,3,3,3,0,0,0,0,42,217,217,13,94,13,94,1,1,1,5
25,5,9,12,0.0,0.0,0.2,0,dense,all,0.376212,13,13,13,13,13,13,9,8,9,12,13,13,13,13,2,2,6,2,117,585,585,64,345,64,345,2,4,2,12
25,5,9,12,0.25,0.25,0.2,0,dense,all,0.688288,5,5,5,10,8,11,7,5,7,9,5,5,5,8,0,0,4,0,75,391,391,32,210,32,210,1,1,1,5
25,5,9,12,0.5,0.5,0.2,0,dense,all,11.582451,2,2,2,7,4,9,4,3,4,6,2,2,2,4,0,0,1,0,45,231,231,14,101,14,101,1,1,1,5
25,5,12,3,0.0,0.0,0.2,0,dense,all,0.124603,13,13,13,13,13,13,10,8,10,12,13,13,13,13,2,2,6,2,156,780,780,90,480,90,480,1,3,1,9
25,5,12,3,0.25,0.25,0.2,0,dense,all,0.234809,2,2,2,9,6,12,7,4,7,9,2,2,2,6,0,0,2,0,86,473,473,41,224,41,224,1,1,1,5
25,5,12,3,0.5,0.5,0.2,0,dense,all,0.286022,0,0,0,5,1,7,3,0,3,5,0,0,0,1,0,0,0,0,31,167,167,7,53,7,53,1,1,1,5
25,5,12,6,0.0,0.0,0.2,0,dense,all,0.249062,13,13,13,13,13,13,10,8,10,12,13,13,13,13,2,2,6,2,156,780,780,90,480,90,480,1,3,1,9
25,5,12,6,0.25,0.25,0.2,0,dense,all,0.714187,4,4,4,10,7,12,7,5,7,9,4,4,4,7,0,0,3,0,96,509,509,50,268,50,268,1,1,1,5
25,5,12,6,0.5,0.5,0.2,0,dense,all,0.741375,0,0,0,6,3,8,4,3,4,6,0,0,0,3,0,0,0,0,47,247,247,19,109,19,109,1,1,1,5
25,5,12,9,0.0,0.0,0.2,0,dense,all,0.375379,13,13,13,13,13,13,10,8,10,12,13,13,13,13,2,2,6,2,156,780,780,90,480,90,480,1,3,1,9
25,5,12,9,0.25,0.25,0.2,0,dense,all,0.749795,5,5,5,10,7,12,7,5,7,9,5,5,5,7,0,0,3,0,99,518,518,54,283,54,283,1,1,1,5
25,5,12,9,0.5,0.5,0.2,0,dense,all,2.038170,1,1,1,7,3,8,4,3,4,7,1,1,1,3,0,0,0,0,55,281,281,23,126,23,126,1,1,1,5
25,5,12,12,0.0,0.0,0.2,0,dense,all,0.523885,13,13,13,13,13,13,10,8,10,12,13,13,13,13,2,2,6,2,156,780,780,90,480,90,480,1,3,1,9
25,5,12,12,0.25,0.25,0.2,0,dense,all,1.037743,5,5,5,10,7,12,8,6,8,9,5,5,5,7,1,1,2,1,102,529,529,54,290,54,290,1,1,1,5
25,5,12,12,0.5,0.5,0.2,0,dense,all,122.475426,2,2,2,7,4,8,5,3,5,7,2,2,2,4,0,0,0,0,56,296,296,25,138,25,138,1,1,1,5
25,7,3,3,0.0,0.0,0.2,0,dense,all,0.045726,13,13,13,13,13,13,9,10,9,11,13,13,13,13,4,4,7,4,39,273,273,21,169,21,169,6,8,6,47
25,7,3,3,0.25,0.25,0.2,0,dense,all,0.074650,4,4,4,8,9,10,3,5,3,6,4,4,4,9,0,0,4,0,19,158,158,7,74,7,74,2,4,2,21
25,7,3,3,0.5,0.5,0.2,0,dense,all,0.093578,1,1,1,3,4,7,0,2,0,4,1,1,1,4,0,0,0,0,7,70,70,0,15,0,15,1,3,1,10
25,7,3,6,0.0,0.0,0.2,0,dense,all,0.087677,13,13,13,13,13,13,9,10,9,11,13,13,13,13,4,4,7,4,39,273,273,21,169,21,169,6,8,6,47
25,7,3,6,0.25,0.25,0.2,0,dense,all,0.159291,5,5,5,8,9,11,4,6,4,7,5,5,5,9,1,1,5,1,22,173,173,8,92,8,92,1,4,1,21
25,7,3,6,0.5,0.5,0.2,0,dense,all,0.165486,2,2,2,4,5,8,0,4,0,5,2,2,2,5,0,0,1,0,11,102,102,0,28,0,28,0,2,0,9
25,7,3,9,0.0,0.0,0.2,0,dense,all,0.132768,13,13,13,13,13,13,9,10,9,11,13,13,13,13,4,4,7,4,39,273,273,21,169,21,169,6,8,6,47
25,7,3,9,0.25,0.25,0.2,0,dense,all,0.223624,6,6,6,9,9,11,4,7,4,7,6,6,6,9,2,2,5,2,23,179,179,9,96,9,96,2,5,2,23
25,7,3,9,0.5,0.5,0.2,0,dense,all,0.358365,3,3,3,5,5,8,0,4,0,6,3,3,3,5,0,0,1,0,12,109,109,0,34,0,34,1,2,1,13
25,7,3,12,0.0,0.0,0.2,0,dense,all,0.173421,13,13,13,13,13,13,9,10,9,11,13,13,13,13,4,4,7,4,39,273,273,21,169,21,169,6,8,6,47
25,7,3,12,0.25,0.25,0.2,0,dense,all,0.393761,6,6,6,9,9,10,5,6,5,7,6,6,6,9,2,2,5,2,23,179,179,10,100,10,100,2,5,2,23
25,7,3,12,0.5,0.5,0.2,0,dense,all,1.045643,3,3,3,5,5,8,1,5,1,6,3,3,3,5,0,0,1,0,13,111,111,1,41,1,41,1,2,1,12
25,7,6,3,0.0,0.0,0.2,0,dense,all,0.086062,13,13,13,13,13,13,9,9,9,11,13,13,13,13,3,3,6,3,78,546,546,40,318,40,318,3,4,3,23
25,7,6,3,0.25,0.25,0.2,0,dense,all,0.159738,3,3,3,9,7,11,4,4,4,8,3,3,3,7,0,0,2,0,38,322,322,15,152,15,152,1,2,1,11
25,7,6,3,0.5,0.5,0.2,0,dense,all,0.097185,0,0,0,4,2,8,1,2,1,4,0,0,0,2,0,0,0,0,14,126,126,1,39,1,39,1,1,1,7
25,7,6,6,0.0,0.0,0.2,0,dense,all,0.167469,13,13,13,13,13,13,9,9,9,11,13,13,13,13,3,3,6,3,78,546,546,40,318,40,318,3,4,3,23
25,7,6,6,0.25,0.25,0.2,0,dense,all,0.321859,5,5,5,9,7,11,5,6,5,9,5,5,5,7,0,0,3,0,46,356,356,19,189,19,189,1,2,1,8
25,7,6,6,0.5,0.5,0.2,0,dense,all,0.343975,1,1,1,5,4,8,2,4,2,6,1,1,1,4,0,0,0,0,23,184,184,3,75,3,75,0,1,0,6
25,7,6,9,0.0,0.0,0.2,0,dense,all,0.259441,13,13,13,13,13,13,9,9,9,11,13,13,13,13,3,3,6,3,78,546,546,40,318,40,318,3,4,3,23
25,7,6,9,0.25,0.25,0.2,0,dense,all,0.505180,5,5,5,10,8,11,5,6,5,9,5,5,5,8,0,0,4,0,46,363,363,20,195,20,195,1,2,1,9
25,7,6,9,0.5,0.5,0.2,0,dense,all,0.769030,2,2,2,6,4,9,2,4,2,6,2,2,2,4,0,0,1,0,27,205,205,4,91,4,91,1,1,1,7
25,7,6,12,0.0,0.0,0.2,0,dense,all,0.353380,13,13,13,13,13,13,9,9,9,11,13,13,13,13,3,3,6,3,78,546,546,40,318,40,318,3,4,3,23
25,7,6,12,0.25,0.25,0.2,0,dense,all,0.713371,6,6,6,10,8,11,6,6,6,9,6,6,6,8,0,0,4,0,48,368,368,21,200,21,200,1,2,1,9
25,7,6,12,0.5,0.5,0.2,0,dense,all,1.052796,3,3,3,6,4,8,2,4,2,6,3,3,3,4,0,0,1,0,28,212,212,6,98,6,98,1,1,1,7
25,7,9,3,0.0,0.0,0.2,0,dense,all,0.118899,13,13,13,13,13,13,10,10,10,12,13,13,13,13,3,3,7,3,117,819,819,64,501,64,501,2,3,2,15
25,7,9,3,0.25,0.25,0.2,0,dense,all,0.277690,2,2,2,8,7,11,4,4,4,9,2,2,2,7,0,0,3,0,63,480,480,21,255,21,255,1,1,1,7
25,7,9,3,0.5,0.5,0.2,0,dense,all,0.563280,0,0,0,5,2,7,1,1,1,7,0,0,0,2,0,0,0,0,23,183,183,2,76,2,76,1,1,1,7
25,7,9,6,0.0,0.0,0.2,0,dense,all,0.256961,13,13,13,13,13,13,10,10,10,12,13,13,13,13,3,3,7,3,117,819,819,64,501,64,501,2,3,2,15
25,7,9,6,0.25,0.25,0.2,0,dense,all,0.476408,5,5,5,9,7,11,5,5,5,10,5,5,5,7,0,0,4,0,72,528,528,30,307,30,307,1,1,1,7
25,7,9,6,0.5,0.5,0.2,0,dense,all,1.175155,1,1,1,6,3,8,3,2,3,8,1,1,1,3,0,0,1,0,34,268,268,8,138,8,138,1,1,1,7
25,7,9,9,0.0,0.0,0.2,0,dense,all,0.397524,13,13,13,13,13,13,10,10,10,12,13,13,13,13,3,3,7,3,117,819,819,64,501,64,501,2,3,2,15
25,7,9,9,0.25,0.25,0.2,0,dense,all,0.728362,5,5,5,9,8,11,5,5,5,10,5,5,5,8,0,0,5,0,75,545,545,33,319,33,319,1,1,1,7
25,7,9,9,0.5,0.5,0.2,0,dense,all,1.767399,1,1,1,6,4,8,3,2,3,8,1,1,1,4,0,0,2,0,38,301,301,14,158,14,158,1,1,1,7
25,7,9,12,0.0,0.0,0.2,0,dense,all,0.532191,13,13,13,13,13,13,10,10,10,12,13,13,13,13,3,3,7,3,117,819,819,64,501,64,501,2,3,2,15
25,7,9,12,0.25,0.25,0.2,0,dense,all,1.133782,5,5,5,9,8,11,5,5,5,10,5,5,5,7,0,0,4,0,74,544,544,33,323,33,323,1,1,1,7
25,7,9,12,0.5,0.5,0.2,0,dense,all,255.709646,0,0,0,7,4,9,3,3,3,8,0,0,0,4,0,0,2,0,38,306,306,13,165,13,165,1,1,1,7
25,7,12,3,0.0,0.0,0.2,0,dense,all,0.207655,13,13,13,13,13,13,9,9,9,12,13,13,13,13,3,3,6,3,156,1092,1092,84,658,84,658,1,2,1,10
25,7,12,3,0.25,0.25,0.2,0,dense,all,0.427704,3,3,3,9,6,11,7,5,7,9,3,3,3,6,0,0,1,0,82,615,615,33,317,33,317,1,1,1,7
25,7,12,3,0.5,0.5,0.2,0,dense,all,0.315844,0,0,0,5,1,7,3,2,3,6,0,0,0,1,0,0,0,0,24,229,229,4,92,4,92,1,1,1,7
25,7,12,6,0.0,0.0,0.2,0,dense,all,0.372802,13,13,13,13,13,13,9,9,9,12,13,13,13,13,3,3,6,3,156,1092,1092,84,658,84,658,1,2,1,10
25,7,12,6,0.25,0.25,0.2,0,dense,all,0.705647,4,4,4,10,7,11,7,6,7,10,4,4,4,7,0,0,2,0,92,691,691,42,371,42,371,1,1,1,7
25,7,12,6,0.5,0.5,0.2,0,dense,all,0.684776,0,0,0,6,2,8,4,3,4,8,0,0,0,2,0,0,0,0,40,337,337,11,164,11,164,1,1,1,7
25,7,12,9,0.0,0.0,0.2,0,dense,all,0.593567,13,13,13,13,13,13,9,9,9,12,13,13,13,13,3,3,6,3,156,1092,1092,84,658,84,658,1,2,1,10
25,7,12,9,0.25,0.25,0.2,0,dense,all,1.085987,5,5,5,10,7,11,7,7,7,10,5,5,5,7,0,0,3,0,94,705,705,48,395,48,395,1,1,1,7
25,7,12,9,0.5,0.5,0.2,0,dense,all,7254.039016,1,1,1,7,3,9,4,3,4,8,1,1,1,3,0,0,1,0,47,380,380,16,191,16,191,1,1,1,7
25,7,12,12,0.0,0.0,0.2,0,dense,all,0.755823,13,13,13,13,13,13,9,9,9,12,13,13,13,13,3,3,6,3,156,1092,1092,84,658,84,658,1,2,1,10
25,7,12,12,0.25,0.25,0.2,0,dense,all,1.721400,5,5,5,10,8,11,7,7,7,10,5,5,5,8,0,0,3,0,97,717,717,49,400,49,400,1,1,1,7
25,7,12,12,0.5,0.5,0.2,0,dense,all,118.837079,1,1,1,7,3,9,4,3,4,8,1,1,1,3,0,0,0,0,50,404,404,18,204,18,204,1,1,1,7
25,9,3,3,0.0,0.0,0.2,0,dense,all,0.057117,13,13,13,13,13,13,8,10,8,12,13,13,13,13,3,3,9,3,39,351,351,20,208,20,208,5,9,5,56
25,9,3,3,0.25,0.25,0.2,0,dense,all,0.125425,5,5,5,8,9,11,2,7,2,10,5,5,5,9,0,0,4,0,19,209,209,4,100,4,100,1,6,1,27
25,9,3,3,0.5,0.5,0.2,0,dense,all,0.076858,0,0,0,3,3,7,0,3,0,4,0,0,0,3,0,0,3,0,6,88,88,0,24,0,24,0,4,0,10
25,9,3,6,0.0,0.0,0.2,0,dense,all,0.111034,13,13,13,13,13,13,8,10,8,12,13,13,13,13,3,3,9,3,39,351,351,20,208,20,208,5,9,5,56
25,9,3,6,0.25,0.25,0.2,0,dense,all,0.261813,6,6,6,8,9,11,3,7,3,10,6,6,6,9,0,0,6,0,22,229,229,5,119,5,119,1,5,1,27
25,9,3,6,0.5,0.5,0.2,0,dense,all,0.276446,2,2,2,5,5,8,0,4,0,5,2,2,2,4,0,0,4,0,12,129,129,0,47,0,47,0,3,0,14
25,9,3,9,0.0,0.0,0.2,0,dense,all,0.165717,13,13,13,13,13,13,8,10,8,12,13,13,13,13,3,3,9,3,39,351,351,20,208,20,208,5,9,5,56
25,9,3,9,0.25,0.25,0.2,0,dense,all,0.340700,6,6,6,8,9,11,4,7,4,10,6,6,6,9,0,0,6,0,23,236,236,7,123,7,123,0,5,0,25
25,9,3,9,0.5,0.5,0.2,0,dense,all,0.371312,3,3,3,5,5,8,1,4,1,6,3,3,3,5,0,0,4,0,13,139,139,1,53,1,53,0,3,0,12
25,9,3,12,0.0,0.0,0.2,0,dense,all,0.222711,13,13,13,13,13,13,8,10,8,12,13,13,13,13,3,3,9,3,39,351,351,20,208,20,208,5,9,5,56
25,9,3,12,0.25,0.25,0.2,0,dense,all,0.570545,7,7,7,9,10,11,4,7,4,10,7,7,7,10,0,0,6,0,24,240,240,7,124,7,124,1,5,1,26
25,9,3,12,0.5,0.5,0.2,0,dense,all,0.609093,3,3,3,6,6,9,1,4,1,6,3,3,3,5,0,0,4,0,14,149,149,1,57,1,57,1,3,1,13
25,9,6,3,0.0,0.0,0.2,0,dense,all,0.111031,13,13,13,13,13,13,8,9,8,11,13,13,13,13,2,2,6,2,78,702,702,36,404,36,404,3,4,3,30
25,9,6,3,0.25,0.25,0.2,0,dense,all,0.282559,2,2,2,8,7,11,5,6,5,9,2,2,2,7,0,0,3,0,40,408,408,17,198,17,198,1,2,1,14
25,9,6,3,0.5,0.5,0.2,0,dense,all,0.159316,1,1,1,4,2,8,2,2,2,5,1,1,1,1,0,0,0,0,13,161,161,3,49,3,49,1,2,1,11
25,9,6,6,0.0,0.0,0.2,0,dense,all,0.223617,13,13,13,13,13,13,8,9,8,11,13,13,13,13,2,2,6,2,78,702,702,36,404,36,404,3,4,3,30
25,9,6,6,0.25,0.25,0.2,0,dense,all,0.422391,5,5,5,9,8,11,5,6,5,9,5,5,5,8,0,0,3,0,45,444,444,21,232,21,232,1,2,1,12
25,9,6,6,0.5,0.5,0.2,0,dense,all,0.964911,0,0,0,5,3,9,3,3,3,6,0,0,0,3,0,0,1,0,19,223,223,6,91,6,91,1,1,1,9
25,9,6,9,0.0,0.0,0.2,0,dense,all,0.338383,13,13,13,13,13,13,8,9,8,11,13,13,13,13,2,2,6,2,78,702,702,36,404,36,404,3,4,3,30
25,9,6,9,0.25,0.25,0.2,0,dense,all,0.660718,5,5,5,9,8,11,5,6,5,9,5,5,5,8,0,0,4,0,46,457,457,21,242,21,242,1,2,1,11
25,9,6,9,0.5,0.5,0.2,0,dense,all,1.644479,1,1,1,5,3,9,3,3,3,7,1,1,1,3,0,0,1,0,21,244,244,7,106,7,106,1,1,1,9
25,9,6,12,0.0,0.0,0.2,0,dense,all,0.455464,13,13,13,13,13,13,8,9,8,11,13,13,13,13,2,2,6,2,78,702,702,36,404,36,404,3,4,3,30
25,9,6,12,0.25,0.25,0.2,0,dense,all,0.968832,5,5,5,9,8,11,6,6,6,9,5,5,5,8,0,0,4,0,48,467,467,22,246,22,246,1,2,1,11
25,9,6,12,0.5,0.5,0.2,0,dense,all,1.701019,1,1,1,6,4,9,3,3,3,6,1,1,1,4,0,0,1,0,25,266,266,9,113,9,113,1,1,1,9
25,9,9,3,0.0,0.0,0.2,0,dense,all,0.149119,13,13,13,13,13,13,9,10,9,12,13,13,13,13,2,2,7,2,117,1053,1053,66,631,66,631,2,3,2,20
25,9,9,3,0.25,0.25,0.2,0,dense,all,0.347945,4,4,4,9,6,11,4,5,4,10,4,4,4,6,0,0,3,0,54,609,609,21,310,21,310,1,1,1,9
25,9,9,3,0.5,0.5,0.2,0,dense,all,0.240262,0,0,0,4,2,8,1,1,1,6,0,0,0,2,0,0,0,0,16,227,227,1,74,1,74,1,1,1,9
25,9,9,6,0.0,0.0,0.2,0,dense,all,0.319542,13,13,13,13,13,13,9,10,9,12,13,13,13,13,2,2,7,2,117,1053,1053,66,631,66,631,2,3,2,20
25,9,9,6,0.25,0.25,0.2,0,dense,all,0.687433,5,5,5,9,7,11,6,6,6,10,5,5,5,7,0,0,5,0,63,672,672,30,370,30,370,1,1,1,9
25,9,9,6,0.5,0.5,0.2,0,dense,all,0.543311,1,1,1,5,3,9,3,2,3,7,1,1,1,3,0,0,1,0,28,337,337,8,148,8,148,1,1,1,9
25,9,9,9,0.0,0.0,0.2,0,dense,all,0.498931,13,13,13,13,13,13,9,10,9,12,13,13,13,13,2,2,7,2,117,1053,1053,66,631,66,631,2,3,2,20
25,9,9,9,0.25,0.25,0.2,0,dense,all,1.292744,6,6,6,9,8,11,6,6,6,10,6,6,6,7,1,1,5,1,66,686,686,33,383,33,383,1,1,1,9
25,9,9,9,0.5,0.5,0.2,0,dense,all,1.219705,0,0,0,6,4,9,2,2,2,7,0,0,0,3,0,0,2,0,34,371,371,10,167,10,167,1,1,1,9
25,9,9,12,0.0,0.0,0.2,0,dense,all,0.698367,13,13,13,13,13,13,9,10,9,12,13,13,13,13,2,2,7,2,117,1053,1053,66,631,66,631,2,3,2,20
25,9,9,12,0.25,0.25,0.2,0,dense,all,2.213385,6,6,6,9,8,11,6,6,6,10,6,6,6,8,1,1,5,1,68,700,700,33,387,33,387,1,1,1,9
25,9,9,12,0.5,0.5,0.2,0,dense,all,1.962985,1,1,1,6,4,9,2,3,2,7,1,1,1,4,0,0,2,0,36,397,397,11,170,11,170,1,1,1,9
25,9,12,3,0.0,0.0,0.2,0,dense,all,0.215578,13,13,13,13,13,13,10,9,10,12,13,13,13,13,3,3,6,3,156,1404,1404,86,861,86,861,1,2,1,14
25,9,12,3,0.25,0.25,0.2,0,dense,all,0.431446,3,3,3,9,7,12,6,5,6,9,3,3,3,7,0,0,3,0,83,824,824,37,442,37,442,1,1,1,9
25,9,12,3,0.5,0.5,0.2,0,dense,all,0.360994,0,0,0,4,1,9,2,2,2,7,0,0,0,1,0,0,0,0,28,309,309,5,111,5,111,1,1,1,9
25,9,12,6,0.0,0.0,0.2,0,dense,all,0.438684,13,13,13,13,13,13,10,9,10,12,13,13,13,13,3,3,6,3,156,1404,1404,86,861,86,861,1,2,1,14
25,9,12,6,0.25,0.25,0.2,0,dense,all,3.599401,4,4,4,10,7,12,7,6,7,10,4,4,4,7,1,1,4,1,91,906,906,45,523,45,523,1,1,1,9
25,9,12,6,0.5,0.5,0.2,0,dense,all,1.066668,1,1,1,6,3,9,4,3,4,8,1,1,1,3,0,0,0,0,45,448,448,13,224,13,224,1,1,1,9
25,9,12,9,0.0,0.0,0.2,0,dense,all,0.660142,13,13,13,13,13,13,10,9,10,12,13,13,13,13,3,3,6,3,156,1404,1404,86,861,86,861,1,2,1,14
25,9,12,9,0.25,0.25,0.2,0,dense,all,12.679796,5,5,5,10,8,12,7,7,7,10,5,5,5,8,1,1,3,1,96,934,934,49,547,49,547,1,1,1,9
25,9,12,9,0.5,0.5,0.2,0,dense,all,2.110575,2,2,2,6,4,9,4,3,4,8,2,2,2,4,0,0,1,0,50,498,498,20,255,20,255,1,1,1,9
25,9,12,12,0.0,0.0,0.2,0,dense,all,0.940838,13,13,13,13,13,13,10,9,10,12,13,13,13,13,3,3,6,3,156,1404,1404,86,861,86,861,1,2,1,14
25,9,12,12,0.25,0.25,0.2,0,dense,all,14.560594,6,6,6,10,8,12,7,7,7,10,6,6,6,7,1,1,4,1,98,941,941,51,555,51,555,1,1,1,9
25,9,12,12,0.5,0.5,0.2,0,dense,all,2.981871,2,2,2,7,4,10,4,4,4,8,2,2,2,3,0,0,1,0,53,527,527,21,274,21,274,1,1,1,9
25,11,3,3,0.0,0.0,0.2,0,dense,all,0.072558,13,13,13,13,13,13,7,10,7,12,13,13,13,13,4,4,9,4,39,429,429,18,260,18,260,5,10,5,71
25,11,3,3,0.25,0.25,0.2,0,dense,all,0.157892,4,4,4,7,9,11,3,8,3,9,4,4,4,9,1,1,4,1,19,265,265,8,136,8,136,2,5,2,33
25,11,3,3,0.5,0.5,0.2,0,dense,all,0.098090,1,1,1,2,5,6,0,2,0,5,1,1,1,5,0,0,1,0,5,109,109,0,28,0,28,0,3,0,16
25,11,3,6,0.0,0.0,0.2,0,dense,all,0.151555,13,13,13,13,13,13,7,10,7,12,13,13,13,13,4,4,9,4,39,429,429,18,260,18,260,5,10,5,71
25,11,3,6,0.25,0.25,0.2,0,dense,all,0.347152,5,5,5,8,9,11,4,8,4,9,5,5,5,9,2,2,5,2,22,283,283,11,161,11,161,2,4,2,34
25,11,3,6,0.5,0.5,0.2,0,dense,all,0.298653,2,2,2,4,6,8,1,3,1,6,2,2,2,6,0,0,2,0,9,155,155,1,54,1,54,1,2,1,18
25,11,3,9,0.0,0.0,0.2,0,dense,all,0.206850,13,13,13,13,13,13,7,10,7,12,13,13,13,13,4,4,9,4,39,429,429,18,260,18,260,5,10,5,71
25,11,3,9,0.25,0.25,0.2,0,dense,all,0.451929,5,5,5,8,10,11,4,8,4,9,5,5,5,10,2,2,5,2,22,288,288,11,162,11,162,2,4,2,35
25,11,3,9,0.5,0.5,0.2,0,dense,all,0.743858,3,3,3,5,6,8,2,3,2,6,3,3,3,6,0,0,2,0,11,165,165,2,62,2,62,1,2,1,19
25,11,3,12,0.0,0.0,0.2,0,dense,all,0.263697,13,13,13,13,13,13,7,10,7,12,13,13,13,13,4,4,9,4,39,429,429,18,260,18,260,5,10,5,71
25,11,3,12,0.25,0.25,0.2,0,dense,all,0.611400,6,6,6,8,10,11,4,8,4,9,6,6,6,10,2,2,5,2,23,293,293,11,163,11,163,2,4,2,35
25,11,3,12,0.5,0.5,0.2,0,dense,all,0.535034,3,3,3,5,7,8,2,3,2,6,3,3,3,7,0,0,2,0,12,176,176,2,63,2,63,1,2,1,19
25,11,6,3,0.0,0.0,0.2,0,dense,all,0.123097,13,13,13,13,13,13,9,10,9,11,13,13,13,13,4,4,7,4,78,858,858,42,522,42,522,3,4,3,38
25,11,6,3,0.25,0.25,0.2,0,dense,all,0.274411,4,4,4,8,7,11,4,6,4,9,4,4,4,7,0,0,3,0,39,490,490,13,252,13,252,1,2,1,19
25,11,6,3,0.5,0.5,0.2,0,dense,all,0.165527,0,0,0,3,3,7,1,2,1,5,0,0,0,3,0,0,0,0,8,177,177,1,75,1,75,1,2,1,13
25,11,6,6,0.0,0.0,0.2,0,dense,all,0.260977,13,13,13,13,13,13,9,10,9,11,13,13,13,13,4,4,7,4,78,858,858,42,522,42,522,3,4,3,38
25,11,6,6,0.25,0.25,0.2,0,dense,all,0.588412,5,5,5,9,8,11,6,7,6,9,5,5,5,8,0,0,3,0,43,541,541,20,299,20,299,1,2,1,15
25,11,6,6,0.5,0.5,0.2,0,dense,all,0.919955,0,0,0,5,4,8,3,4,3,7,0,0,0,4,0,0,1,0,18,268,268,8,135,8,135,1,1,1,11
25,11,6,9,0.0,0.0,0.2,0,dense,all,0.398723,13,13,13,13,13,13,9,10,9,11,13,13,13,13,4,4,7,4,78,858,858,42,522,42,522,3,4,3,38
25,11,6,9,0.25,0.25,0.2,0,dense,all,1.039173,6,6,6,9,8,11,6,7,6,10,6,6,6,8,0,0,3,0,46,559,559,20,307,20,307,1,2,1,14
25,11,6,9,0.5,0.5,0.2,0,dense,all,1.128733,1,1,1,5,5,8,4,4,4,7,1,1,1,5,0,0,1,0,22,304,304,9,151,9,151,1,1,1,11
25,11,6,12,0.0,0.0,0.2,0,dense,all,0.546823,13,13,13,13,13,13,9,10,9,11,13,13,13,13,4,4,7,4,78,858,858,42,522,42,522,3,4,3,38
25,11,6,12,0.25,0.25,0.2,0,dense,all,1.182377,6,6,6,9,8,11,6,7,6,9,6,6,6,8,0,0,3,0,45,566,566,21,312,21,312,1,2,1,16
25,11,6,12,0.5,0.5,0.2,0,dense,all,3.875434,1,1,1,6,5,8,4,4,4,7,1,1,1,5,0,0,1,0,23,322,322,10,156,10,156,1,1,1,11
25,11,9,3,0.0,0.0,0.2,0,dense,all,0.174582,13,13,13,13,13,13,10,10,10,12,13,13,13,13,2,2,7,2,117,1287,1287,63,787,63,787,2,3,2,24
25,11,9,3,0.25,0.25,0.2,0,dense,all,0.389297,5,5,5,9,7,11,6,7,6,9,5,5,5,7,0,0,5,0,64,768,768,30,419,30,419,1,1,1,11
25,11,9,3,0.5,0.5,0.2,0,dense,all,0.354988,0,0,0,4,1,8,3,3,3,6,0,0,0,1,0,0,0,0,16,282,282,5,126,5,126,1,1,1,11
25,11,9,6,0.0,0.0,0.2,0,dense,all,0.383309,13,13,13,13,13,13,10,10,10,12,13,13,13,13,2,2,7,2,117,1287,1287,63,787,63,787,2,3,2,24
25,11,9,6,0.25,0.25,0.2,0,dense,all,1.362341,6,6,6,9,8,11,7,7,7,10,6,6,6,8,0,0,5,0,70,837,837,36,487,36,487,1,1,1,11
25,11,9,6,0.5,0.5,0.2,0,dense,all,1.616311,0,0,0,5,3,9,4,4,4,8,0,0,0,3,0,0,1,0,29,415,415,13,206,13,206,1,1,1,11
25,11,9,9,0.0,0.0,0.2,0,dense,all,0.604132,13,13,13,13,13,13,10,10,10,12,13,13,13,13,2,2,7,2,117,1287,1287,63,787,63,787,2,3,2,24
25,11,9,9,0.25,0.25,0.2,0,dense,all,1.503363,6,6,6,10,8,11,7,7,7,10,6,6,6,8,0,0,5,0,74,861,861,36,496,36,496,1,1,1,11
25,11,9,9,0.5,0.5,0.2,0,dense,all,2.779812,1,1,1,6,4,9,4,5,4,8,1,1,1,3,0,0,2,0,36,460,460,12,236,12,236,1,1,1,11
25,11,9,12,0.0,0.0,0.2,0,dense,all,1.534138,13,13,13,13,13,13,10,10,10,12,13,13,13,13,2,2,7,2,117,1287,1287,63,787,63,787,2,3,2,24
25,11,9,12,0.25,0.25,0.2,0,dense,all,2.756022,6,6,6,10,8,11,7,7,7,10,6,6,6,8,0,0,5,0,74,868,868,36,506,36,506,1,1,1,11
25,11,9,12,0.5,0.5,0.2,0,dense,all,5.678924,1,1,1,6,4,9,4,5,4,8,1,1,1,3,0,0,2,0,35,477,477,15,247,15,247,1,1,1,11
25,11,12,3,0.0,0.0,0.2,0,dense,all,0.254679,13,13,13,13,13,13,10,10,10,12,13,13,13,13,1,1,6,1,156,1716,1716,86,1048,86,1048,1,2,1,16
25,11,12,3,0.25,0.25,0.2,0,dense,all,0.837690,3,3,3,9,6,12,6,6,6,10,3,3,3,6,0,0,3,0,82,1002,1002,32,543,32,543,1,1,1,11
25,11,12,3,0.5,0.5,0.2,0,dense,all,0.410933,0,0,0,4,1,9,2,1,2,7,0,0,0,1,0,0,0,0,26,386,386,6,128,6,128,1,1,1,11
25,11,12,6,0.0,0.0,0.2,0,dense,all,0.522179,13,13,13,13,13,13,10,10,10,12,13,13,13,13,1,1,6,1,156,1716,1716,86,1048,86,1048,1,2,1,16
25,11,12,6,0.25,0.25,0.2,0,dense,all,1.129914,4,4,4,10,7,12,7,7,7,10,4,4,4,7,0,0,4,0,91,1095,1095,42,631,42,631,1,1,1,11
25,11,12,6,0.5,0.5,0.2,0,dense,all,2.213713,1,1,1,6,3,10,4,4,4,8,1,1,1,3,0,0,0,0,46,581,581,15,262,15,262,1,1,1,11
25,11,12,9,0.0,0.0,0.2,0,dense,all,0.833403,13,13,13,13,13,13,10,10,10,12,13,13,13,13,1,1,6,1,156,1716,1716,86,1048,86,1048,1,2,1,16
25,11,12,9,0.25,0.25,0.2,0,dense,all,2.197234,4,4,4,10,8,12,7,7,7,10,4,4,4,7,0,0,4,0,96,1123,1123,45,661,45,661,1,1,1,11
25,11,12,9,0.5,0.5,0.2,0,dense,all,4.306745,0,0,0,6,4,10,4,4,4,8,0,0,0,4,0,0,0,0,49,630,630,19,303,19,303,1,1,1,11
25,11,12,12,0.0,0.0,0.2,0,dense,all,1.194518,13,13,13,13,13,13,10,10,10,12,13,13,13,13,1,1,6,1,156,1716,1716,86,1048,86,1048,1,2,1,16
25,11,12,12,0.25,0.25,0.2,0,dense,all,3.819995,5,5,5,10,8,12,7,7,7,10,5,5,5,8,1,1,4,1,97,1139,1139,46,673,46,673,1,1,1,11
25,11,12,12,0.5,0.5,0.2,0,dense,all,4.090718,2,2,2,7,4,10,4,4,4,8,2,2,2,4,0,0,1,0,52,667,667,18,309,18,309,1,1,1,11
